tf_locus,tf_name,target_locus,target_name,label,sample_type,regulation_role,is_activation,is_repression,is_sigma_factor,has_binding_site,binding_site_length,binding_site_gc_fraction,evidence_text,evidence_score,has_experimental_evidence,has_pmid,pmid_count,source,has_database_source,source_coryneregnet,target_operon,target_in_operon,target_operon_size,tf_target_same_operon,target_has_srna_prediction,target_best_srna_rank,target_best_srna_copra_fdr,target_best_srna_energy,target_srna_count_rank_le_10,target_mapped_reaction_count,target_mapped_pathway_count,target_enzyme_constrained_reaction_count,target_has_enzyme_constraint,target_ec_number_count,target_uniprot_count,target_kcat_median,target_molecular_weight_median,target_kcat_mw_median,tf_mapped_reaction_count,tf_target_share_metabolic_pathway,tf_target_shared_pathway_count,expression_feature_available,expression_correlation,expression_pvalue,expression_abs_correlation,expression_sample_count,expression_source,feature_missing_count,target_imodulon_count,tf_imodulon_count,imodulon_coactivation_score,tf_is_tcs_regulator,tf_sigma_class,has_chipseq_evidence,chipseq_source,chipseq_strain_note,chipseq_strain_group,has_regprecise_evidence
cg0012,cg0012,cg1147,cg1147,1,curated_positive,A,1,0,0,1,21,0.2381,experimental,0.8,1,1,1,CoryneRegNet,1,1,,0,0,0,0,,,,0,2,1,0,0,0,0,,,,0,0,0,0,,,,,,7,0,1,,0,Group_1_sigma,0,,,,1
cg0012,cg0012,cg1151,ssiE,1,curated_positive,A,1,0,0,1,21,0.381,experimental,0.8,1,1,1,CoryneRegNet,1,1,OP_cg1151,1,0,0,0,,,,0,1,1,0,0,0,0,,,,0,0,0,0,,,,,,7,0,1,,0,Group_1_sigma,0,,,,1
cg0012,cg0012,cg1152,ssiF,1,curated_positive,A,1,0,0,0,0,,experimental,0.75,1,1,1,CoryneRegNet,1,1,OP_cg1151,1,0,0,0,,,,0,1,1,0,0,0,0,,,,0,0,0,0,,,,,,8,1,1,,0,Group_1_sigma,0,,,,1
cg0012,cg0012,cg1153,ssiG,1,curated_positive,A,1,0,0,0,0,,experimental,0.75,1,1,1,CoryneRegNet,1,1,OP_cg1151,1,0,0,0,,,,0,1,1,0,0,0,0,,,,0,0,0,0,,,,,,8,1,1,,0,Group_1_sigma,0,,,,1
cg0012,cg0012,cg1156,ssuD2,1,curated_positive,A,1,0,0,1,21,0.4762,experimental,0.8,1,1,1,CoryneRegNet,1,1,,0,0,0,0,,,,0,0,0,0,0,0,0,,,,0,0,0,0,,,,,,7,1,1,,0,Group_1_sigma,0,,,,1
cg0012,cg0012,cg1376,ssuD1,1,curated_positive,A,1,0,0,1,21,0.381,experimental,0.8,1,1,1,CoryneRegNet,1,1,OP_cg1376,1,0,0,0,,,,0,0,0,0,0,0,0,,,,0,0,0,0,,,,,,7,0,1,,0,Group_1_sigma,0,,,,1
cg0012,cg0012,cg1377,ssuC,1,curated_positive,A,1,0,0,0,0,,experimental,0.75,1,1,1,CoryneRegNet,1,1,OP_cg1376,1,0,0,0,,,,0,92,7,0,0,0,0,,,,0,0,0,0,,,,,,8,0,1,,0,Group_1_sigma,0,,,,1
cg0012,cg0012,cg1379,ssuB,1,curated_positive,A,1,0,0,0,0,,experimental,0.75,1,1,1,CoryneRegNet,1,1,OP_cg1376,1,0,0,0,,,,0,90,6,0,0,0,0,,,,0,0,0,0,,,,,,8,2,1,0.008388,0,Group_1_sigma,0,,,,1
cg0012,cg0012,cg1380,ssuA,1,curated_positive,A,1,0,0,0,0,,experimental,0.75,1,1,1,CoryneRegNet,1,1,OP_cg1376,1,0,0,0,,,,0,91,7,0,0,0,0,,,,0,0,0,0,,,,,,8,2,1,0.008468,0,Group_1_sigma,0,,,,1
cg0019,cg0019,cg0018,cg0018,1,curated_positive,A,1,0,0,0,0,,predicted,0.05,0,0,0,CoryneRegNet,1,1,,0,0,0,0,,,,0,0,0,0,0,0,0,,,,0,0,0,1,0.584272,2.06063e-31,0.584272,328,Kranz2022_expression_compendium_Zenodo6842664,7,0,0,,0,,0,,,,0
cg0051,cg0051,cg0052,cg0052,1,curated_positive,A,1,0,0,0,0,,predicted,0.05,0,0,0,CoryneRegNet,1,1,OP_cg0052,1,0,0,0,,,,0,6,6,0,0,0,0,,,,3,0,0,0,,,,,,8,0,0,,0,,0,,,,0
cg0051,cg0051,cg0053,cg0053,1,curated_positive,A,1,0,0,0,0,,predicted,0.05,0,0,0,CoryneRegNet,1,1,OP_cg0052,1,0,0,0,,,,0,7,7,0,0,0,0,,,,3,0,0,0,,,,,,8,0,0,,0,,0,,,,0
cg0051,cg0051,cg0054,cg0054,1,curated_positive,A,1,0,0,0,0,,predicted,0.05,0,0,0,CoryneRegNet,1,1,OP_cg0052,1,0,0,0,,,,0,6,6,0,0,0,0,,,,3,0,0,0,,,,,,8,0,0,,0,,0,,,,0
cg0090,citB,cg0088,citP,1,curated_positive,A,1,0,0,0,0,,experimental,0.75,1,1,1,CoryneRegNet,1,1,,0,0,0,0,,,,0,7,7,0,0,0,0,,,,1,1,1,0,,,,,,8,0,0,,1,,0,,,,1
cg0090,citB,cg3125,cg3125,1,curated_positive,A,1,0,0,0,0,,experimental,0.75,1,1,1,CoryneRegNet,1,1,OP_cg3127,1,0,0,0,,,,0,0,0,0,0,0,0,,,,1,0,0,0,,,,,,8,1,0,,1,,0,,,,1
cg0090,citB,cg3126,cg3126,1,curated_positive,A,1,0,0,0,0,,experimental,0.75,1,1,1,CoryneRegNet,1,1,OP_cg3127,1,0,0,0,,,,0,0,0,0,0,0,0,,,,1,0,0,0,,,,,,8,1,0,,1,,0,,,,1
cg0090,citB,cg3127,cg3127,1,curated_positive,A,1,0,0,0,0,,experimental,0.75,1,1,1,CoryneRegNet,1,1,OP_cg3127,1,0,0,0,,,,0,0,0,0,0,0,0,,,,1,0,0,0,,,,,,8,1,0,,1,,0,,,,1
cg0112,ureR,cg0113,ureA,1,curated_positive,R,0,1,0,0,0,,predicted,0.2,0,1,1,CoryneRegNet,1,1,OP_cg0113,1,0,0,0,,,,0,7,7,0,0,0,0,,,,1,0,0,0,,,,,,8,0,0,,0,,0,,,,0
cg0112,ureR,cg0114,ureB,1,curated_positive,R,0,1,0,0,0,,predicted,0.2,0,1,1,CoryneRegNet,1,1,OP_cg0113,1,0,0,0,,,,0,7,7,0,0,0,0,,,,1,0,0,0,,,,,,8,0,0,,0,,0,,,,0
cg0112,ureR,cg0115,ureC,1,curated_positive,R,0,1,0,0,0,,predicted,0.2,0,1,1,CoryneRegNet,1,1,OP_cg0113,1,0,0,0,,,,0,7,7,0,0,0,0,,,,1,0,0,0,,,,,,8,1,0,,0,,0,,,,0
cg0112,ureR,cg0116,ureE,1,curated_positive,R,0,1,0,0,0,,predicted,0.2,0,1,1,CoryneRegNet,1,1,OP_cg0113,1,0,0,0,,,,0,11,6,0,0,0,0,,,,1,1,1,0,,,,,,8,1,0,,0,,0,,,,0
cg0112,ureR,cg0117,ureF,1,curated_positive,R,0,1,0,0,0,,predicted,0.2,0,1,1,CoryneRegNet,1,1,OP_cg0113,1,0,0,0,,,,0,11,6,0,0,0,0,,,,1,1,1,0,,,,,,8,1,0,,0,,0,,,,0
cg0112,ureR,cg0118,ureG,1,curated_positive,R,0,1,0,0,0,,predicted,0.2,0,1,1,CoryneRegNet,1,1,OP_cg0113,1,0,0,0,,,,0,11,6,0,0,0,0,,,,1,1,1,0,,,,,,8,1,0,,0,,0,,,,0
cg0112,ureR,cg0119,ureD,1,curated_positive,R,0,1,0,0,0,,predicted,0.2,0,1,1,CoryneRegNet,1,1,OP_cg0113,1,0,0,0,,,,0,12,7,0,0,0,0,,,,1,1,1,0,,,,,,8,1,0,,0,,0,,,,0
cg0146,cg0146,cg0142,sixA,1,curated_positive,R,0,1,0,0,0,,experimental,0.75,1,1,1,CoryneRegNet,1,1,OP_cg0144,1,0,0,0,,,,0,0,0,0,0,0,0,,,,0,0,0,0,,,,,,8,1,0,,1,,0,,,,0
cg0146,cg0146,cg0143,mtlD,1,curated_positive,R,0,1,0,0,0,,experimental,0.75,1,1,1,CoryneRegNet,1,1,OP_cg0144,1,0,0,0,,,,0,12,6,0,0,0,0,,,,0,0,0,1,0.594895,1.29787e-60,0.594895,620,Kranz2022_expression_compendium_Zenodo6842664,7,0,0,,1,,0,,,,0
cg0146,cg0146,cg0144,rbtT,1,curated_positive,R,0,1,0,0,0,,experimental,0.75,1,1,1,CoryneRegNet,1,1,OP_cg0144,1,0,0,0,,,,0,0,0,0,0,0,0,,,,0,0,0,1,0.849921,1.91351e-172,0.849921,614,Kranz2022_expression_compendium_Zenodo6842664,7,0,0,,1,,0,,,,0
cg0146,cg0146,cg0146,cg0146,1,curated_positive,R,0,1,0,1,40,0.25,experimental,0.8,1,1,2,CoryneRegNet,1,1,OP_cg0146,1,0,0,0,,,,0,0,0,0,0,0,0,,,,0,0,0,0,,,,,,7,0,0,,1,,0,,,,0
cg0146,cg0146,cg0147,xylB,1,curated_positive,R,0,1,0,0,0,,experimental,0.75,1,1,2,CoryneRegNet,1,1,OP_cg0146,1,0,0,0,,,,0,12,7,0,0,0,0,,,,0,0,0,1,0.904914,1.86004e-231,0.904914,620,Kranz2022_expression_compendium_Zenodo6842664,7,0,0,,1,,0,,,,0
cg0146,cg0146,cg0350,cg0350,1,curated_positive,A,1,0,0,1,30,0.5333,experimental,0.8,1,1,1,CoryneRegNet,1,1,,0,0,0,0,,,,0,0,0,0,0,0,0,,,,0,0,0,1,0.516288,3.2635e-44,0.516288,630,Kranz2022_expression_compendium_Zenodo6842664,6,0,0,,1,,0,,,,0
cg0146,cg0146,cg3107,adhA,1,curated_positive,R,0,1,0,1,10,0.5,experimental,0.8,1,1,2,CoryneRegNet,1,1,,0,0,0,0,,,,0,11,6,0,0,0,0,,,,0,0,0,1,0.385376,1.58563e-23,0.385376,624,Kranz2022_expression_compendium_Zenodo6842664,6,1,0,,1,,0,,,,0
cg0156,cg0156,cg0012,cg0012,1,curated_positive,A,1,0,0,0,0,,predicted,0.2,0,1,1,CoryneRegNet,1,1,,0,0,0,0,,,,0,0,0,0,0,0,0,,,,1,0,0,0,,,,,,8,1,0,,0,,0,,,,0
cg0156,cg0156,cg1514,cg1514,1,curated_positive,A,1,0,0,0,0,,predicted,0.2,0,1,1,CoryneRegNet,1,1,OP_cg1514,1,0,0,0,,,,0,0,0,0,0,0,0,,,,1,0,0,1,0.499841,1.1225e-55,0.499841,862,Kranz2022_expression_compendium_Zenodo6842664,7,2,0,,0,,0,,,,0
cg0156,cg0156,cg2810,cg2810,1,curated_positive,R,0,1,0,0,0,,predicted,0.2,0,1,1,CoryneRegNet,1,1,,0,0,0,0,,,,0,0,0,0,0,0,0,,,,1,0,0,0,,,,,,8,0,0,,0,,0,,,,0
cg0156,cg0156,cg3112,cg3112,1,curated_positive,A,1,0,0,0,0,,predicted,0.2,0,1,1,CoryneRegNet,1,1,OP_cg3118,1,0,0,0,,,,0,0,0,0,0,0,0,,,,1,0,0,1,0.815773,3.52429e-217,0.815773,906,Kranz2022_expression_compendium_Zenodo6842664,7,2,0,,0,,0,,,,0
cg0156,cg0156,cg3113,cg3113,1,curated_positive,A,1,0,0,0,0,,predicted,0.2,0,1,1,CoryneRegNet,1,1,OP_cg3118,1,0,0,0,,,,0,0,0,0,0,0,0,,,,1,0,0,1,0.803154,3.08041e-208,0.803154,918,Kranz2022_expression_compendium_Zenodo6842664,7,2,0,,0,,0,,,,0
cg0156,cg0156,cg3114,cysN,1,curated_positive,A,1,0,0,0,0,,predicted,0.2,0,1,1,CoryneRegNet,1,1,OP_cg3118,1,0,0,0,,,,0,6,6,0,0,0,0,,,,1,0,0,1,0.725155,3.21213e-152,0.725155,928,Kranz2022_expression_compendium_Zenodo6842664,7,1,0,,0,,0,,,,0
cg0156,cg0156,cg3115,cysD,1,curated_positive,A,1,0,0,0,0,,predicted,0.2,0,1,1,CoryneRegNet,1,1,OP_cg3118,1,0,0,0,,,,0,6,6,0,0,0,0,,,,1,0,0,1,0.754558,2.53359e-172,0.754558,932,Kranz2022_expression_compendium_Zenodo6842664,7,2,0,,0,,0,,,,0
cg0156,cg0156,cg3116,cysH,1,curated_positive,A,1,0,0,0,0,,predicted,0.2,0,1,1,CoryneRegNet,1,1,OP_cg3118,1,0,0,0,,,,0,12,6,0,0,0,0,,,,1,0,0,1,0.705322,8.03424e-141,0.705322,930,Kranz2022_expression_compendium_Zenodo6842664,7,2,0,,0,,0,,,,0
cg0156,cg0156,cg3117,cg3117,1,curated_positive,A,1,0,0,0,0,,predicted,0.2,0,1,1,CoryneRegNet,1,1,OP_cg3118,1,0,0,0,,,,0,0,0,0,0,0,0,,,,1,0,0,1,0.721916,2.8032e-149,0.721916,922,Kranz2022_expression_compendium_Zenodo6842664,7,0,0,,0,,0,,,,0
cg0156,cg0156,cg3118,cysI,1,curated_positive,A,1,0,0,0,0,,experimental,0.75,1,1,1,CoryneRegNet,1,1,OP_cg3118,1,0,0,0,,,,0,12,7,0,0,0,0,,,,1,0,0,1,0.75598,2.1932e-170,0.75598,916,Kranz2022_expression_compendium_Zenodo6842664,7,2,0,,0,,0,,,,0
cg0156,cg0156,cg3119,cysJ,1,curated_positive,A,1,0,0,0,0,,predicted,0.2,0,1,1,CoryneRegNet,1,1,,0,0,0,0,,,,0,6,6,0,0,0,0,,,,1,0,0,1,0.779735,1.67757e-190,0.779735,928,Kranz2022_expression_compendium_Zenodo6842664,7,1,0,,0,,0,,,,0
cg0156,cg0156,cg3138,cg3138,1,curated_positive,R,0,1,0,0,0,,predicted,0.2,0,1,1,CoryneRegNet,1,1,OP_cg3138,1,0,0,0,,,,0,0,0,0,0,0,0,,,,1,0,0,1,0.615325,6.02718e-97,0.615325,920,Kranz2022_expression_compendium_Zenodo6842664,7,1,0,,0,,0,,,,0
cg0156,cg0156,cg3139,cg3139,1,curated_positive,R,0,1,0,0,0,,predicted,0.2,0,1,1,CoryneRegNet,1,1,OP_cg3138,1,0,0,0,,,,0,0,0,0,0,0,0,,,,1,0,0,1,0.589473,7.83468e-84,0.589473,884,Kranz2022_expression_compendium_Zenodo6842664,7,1,0,,0,,0,,,,0
cg0156,cg0156,cg3372,cg3372,1,curated_positive,A,1,0,0,0,0,,predicted,0.2,0,1,1,CoryneRegNet,1,1,OP_cg3372,1,0,0,0,,,,0,0,0,0,0,0,0,,,,1,0,0,1,0.716088,7.23691e-140,0.716088,884,Kranz2022_expression_compendium_Zenodo6842664,7,0,0,,0,,0,,,,0
cg0156,cg0156,cg3373,cg3373,1,curated_positive,A,1,0,0,0,0,,predicted,0.2,0,1,1,CoryneRegNet,1,1,OP_cg3372,1,0,0,0,,,,0,0,0,0,0,0,0,,,,1,0,0,1,0.57877,5.98127e-71,0.57877,780,Kranz2022_expression_compendium_Zenodo6842664,7,0,0,,0,,0,,,,0
cg0156,cg0156,cg3374,cg3374,1,curated_positive,A,1,0,0,0,0,,predicted,0.2,0,1,1,CoryneRegNet,1,1,OP_cg3372,1,0,0,0,,,,0,0,0,0,0,0,0,,,,1,0,0,1,0.626352,1.57075e-82,0.626352,746,Kranz2022_expression_compendium_Zenodo6842664,7,0,0,,0,,0,,,,0
cg0156,cg0156,cg3375,cg3375,1,curated_positive,A,1,0,0,0,0,,predicted,0.2,0,1,1,CoryneRegNet,1,1,OP_cg3372,1,0,0,0,,,,0,0,0,0,0,0,0,,,,1,0,0,1,0.464153,7.5365e-26,0.464153,458,Kranz2022_expression_compendium_Zenodo6842664,7,0,0,,0,,0,,,,0
cg0156,cg0156,cg4005,cg4005,1,curated_positive,A,1,0,0,0,0,,predicted,0.2,0,1,1,CoryneRegNet,1,1,OP_cg1514,1,0,0,0,,,,0,0,0,0,0,0,0,,,,1,0,0,1,0.578566,2.40131e-78,0.578566,864,Kranz2022_expression_compendium_Zenodo6842664,7,0,0,,0,,0,,,,0
cg0196,cg0196,cg0196,cg0196,1,curated_positive,R,0,1,0,1,40,0.45,experimental,0.8,1,1,1,CoryneRegNet,1,1,,0,0,0,0,,,,0,0,0,0,0,0,0,,,,0,0,0,0,,,,,,7,0,0,,0,,0,,,,1
cg0196,cg0196,cg0197,iolC,1,curated_positive,R,0,1,0,1,20,0.45,experimental,0.8,1,1,1,CoryneRegNet,1,1,OP_cg0197,1,0,0,0,,,,0,6,6,0,0,0,0,,,,0,0,0,0,,,,,,7,0,0,,0,,0,,,,1
cg0196,cg0196,cg0198,cg0198,1,curated_positive,R,0,1,0,0,0,,experimental,0.75,1,1,1,CoryneRegNet,1,1,OP_cg0197,1,0,0,0,,,,0,0,0,0,0,0,0,,,,0,0,0,0,,,,,,8,0,0,,0,,0,,,,1
cg0196,cg0196,cg0199,msmA,1,curated_positive,R,0,1,0,0,0,,experimental,0.75,1,1,1,CoryneRegNet,1,1,OP_cg0197,1,0,0,0,,,,0,13,8,0,0,0,0,,,,0,0,0,0,,,,,,8,1,0,,0,,0,,,,1
cg0196,cg0196,cg0201,iolB,1,curated_positive,R,0,1,0,0,0,,experimental,0.75,1,1,1,CoryneRegNet,1,1,OP_cg0197,1,0,0,0,,,,0,11,6,0,0,0,0,,,,0,0,0,0,,,,,,8,1,0,,0,,0,,,,1
cg0196,cg0196,cg0202,iolD,1,curated_positive,R,0,1,0,0,0,,experimental,0.75,1,1,1,CoryneRegNet,1,1,OP_cg0197,1,0,0,0,,,,0,7,7,0,0,0,0,,,,0,0,0,0,,,,,,8,1,0,,0,,0,,,,1
cg0196,cg0196,cg0203,iolE,1,curated_positive,R,0,1,0,0,0,,experimental,0.75,1,1,1,CoryneRegNet,1,1,OP_cg0197,1,0,0,0,,,,0,11,6,0,0,0,0,,,,0,0,0,0,,,,,,8,1,0,,0,,0,,,,1
cg0196,cg0196,cg0204,iolG,1,curated_positive,R,0,1,0,0,0,,experimental,0.75,1,1,1,CoryneRegNet,1,1,OP_cg0197,1,0,0,0,,,,0,11,6,0,0,0,0,,,,0,0,0,0,,,,,,8,1,0,,0,,0,,,,1
cg0196,cg0196,cg0205,iolH,1,curated_positive,R,0,1,0,0,0,,experimental,0.75,1,1,1,CoryneRegNet,1,1,OP_cg0197,1,0,0,0,,,,0,2,1,0,0,0,0,,,,0,0,0,0,,,,,,8,1,0,,0,,0,,,,1
cg0196,cg0196,cg0206,cg0206,1,curated_positive,R,0,1,0,0,0,,experimental,0.75,1,1,1,CoryneRegNet,1,1,,0,0,0,0,,,,0,0,0,0,0,0,0,,,,0,0,0,0,,,,,,8,1,0,,0,,0,,,,1
cg0196,cg0196,cg0207,cg0207,1,curated_positive,R,0,1,0,0,0,,experimental,0.75,1,1,1,CoryneRegNet,1,1,,0,0,0,0,,,,0,0,0,0,0,0,0,,,,0,0,0,0,,,,,,8,0,0,,0,,0,,,,1
cg0196,cg0196,cg0210,cg0210,1,curated_positive,R,0,1,0,0,0,,predicted,0.05,0,0,0,CoryneRegNet,1,1,,0,0,0,0,,,,0,0,0,0,0,0,0,,,,0,0,0,0,,,,,,8,0,0,,0,,0,,,,1
cg0196,cg0196,cg0223,cg0223,1,curated_positive,R,0,1,0,1,20,0.45,experimental,0.8,1,1,1,CoryneRegNet,1,1,,0,0,0,0,,,,0,0,0,0,0,0,0,,,,0,0,0,0,,,,,,7,0,0,,0,,0,,,,1
cg0196,cg0196,cg3169,pck,1,curated_positive,R,0,1,0,1,10,0.3,experimental,0.8,1,1,2,CoryneRegNet,1,1,,0,0,0,0,,,,0,0,0,0,0,0,0,,,,0,0,0,0,,,,,,7,0,0,,0,,0,,,,0
cg0215,cspA,cg2559,aceB,1,curated_positive,R,0,1,0,0,0,,experimental,0.75,1,1,1,CoryneRegNet,1,1,,0,0,0,0,,,,0,1,1,0,0,0,0,,,,0,0,0,1,0.478718,1.81259e-50,0.478718,860,Kranz2022_expression_compendium_Zenodo6842664,7,0,0,,0,,0,,,,0
cg0309,sigC,cg1298,cydC,1,curated_positive,A,1,0,0,0,0,,experimental,0.75,1,1,1,CoryneRegNet,1,1,OP_cg1301,1,0,0,0,,,,0,1,1,0,0,0,0,,,,0,0,0,1,0.637418,4.03365e-83,0.637418,718,Kranz2022_expression_compendium_Zenodo6842664,7,1,0,,0,,0,,,,0
cg0309,sigC,cg1299,cydD,1,curated_positive,A,1,0,0,0,0,,experimental,0.75,1,1,1,CoryneRegNet,1,1,OP_cg1301,1,0,0,0,,,,0,1,1,0,0,0,0,,,,0,0,0,0,,,,,,8,1,0,,0,,0,,,,0
cg0309,sigC,cg1300,cydB,1,curated_positive,A,1,0,0,0,0,,experimental,0.75,1,1,1,CoryneRegNet,1,1,OP_cg1301,1,0,0,0,,,,0,0,0,0,0,0,0,,,,0,0,0,1,0.594661,1.74308e-73,0.594661,756,Kranz2022_expression_compendium_Zenodo6842664,7,1,0,,0,,0,,,,0
cg0309,sigC,cg1301,cydA,1,curated_positive,A,1,0,0,0,0,,experimental,0.75,1,1,1,CoryneRegNet,1,1,OP_cg1301,1,0,0,0,,,,0,0,0,0,0,0,0,,,,0,0,0,1,0.684489,1.28223e-108,0.684489,778,Kranz2022_expression_compendium_Zenodo6842664,7,1,0,,0,,0,,,,0
cg0309,sigC,cg1769,ctaA,1,curated_positive,A,1,0,0,0,0,,experimental,0.75,1,1,1,CoryneRegNet,1,1,OP_cg1766,1,0,0,0,,,,0,0,0,0,0,0,0,,,,0,0,0,0,,,,,,8,0,0,,0,,0,,,,0
cg0309,sigC,cg1773,ctaB,1,curated_positive,A,1,0,0,0,0,,experimental,0.75,1,1,1,CoryneRegNet,1,1,,0,0,0,0,,,,0,0,0,0,0,0,0,,,,0,0,0,1,0.770855,1.29782e-170,0.770855,862,Kranz2022_expression_compendium_Zenodo6842664,7,0,0,,0,,0,,,,0
cg0309,sigC,cg2403,qcrB,1,curated_positive,A,1,0,0,0,0,,experimental,0.75,1,1,1,CoryneRegNet,1,1,OP_cg2406,1,0,0,0,,,,0,1,1,0,0,0,0,,,,0,0,0,1,0.577014,1.17441e-86,0.577014,964,Kranz2022_expression_compendium_Zenodo6842664,7,0,0,,0,,0,,,,0
cg0309,sigC,cg2404,qcrA1,1,curated_positive,A,1,0,0,0,0,,experimental,0.75,1,1,1,CoryneRegNet,1,1,OP_cg2406,1,0,0,0,,,,0,6,1,0,0,0,0,,,,0,0,0,1,0.508058,2.90343e-64,0.508058,962,Kranz2022_expression_compendium_Zenodo6842664,7,0,0,,0,,0,,,,0
cg0309,sigC,cg2405,qcrC,1,curated_positive,A,1,0,0,0,0,,experimental,0.75,1,1,1,CoryneRegNet,1,1,OP_cg2406,1,0,0,0,,,,0,0,0,0,0,0,0,,,,0,0,0,1,0.514153,1.98685e-66,0.514153,968,Kranz2022_expression_compendium_Zenodo6842664,7,0,0,,0,,0,,,,0
cg0309,sigC,cg2406,ctaE,1,curated_positive,A,1,0,0,0,0,,experimental,0.75,1,1,1,CoryneRegNet,1,1,OP_cg2406,1,0,0,0,,,,0,18,6,0,0,0,0,,,,0,0,0,0,,,,,,8,1,0,,0,,0,,,,0
cg0309,sigC,cgr2879,cgr2879,1,curated_positive,A,1,0,1,0,0,,ChIP-chip,0.4,0,1,1,GEO_GSE72452_SigC,1,0,,0,0,0,0,,,,0,0,0,0,0,0,0,,,,0,0,0,0,,,,,,8,0,0,,0,,1,GEO_GSE72452_SigC,ATCC13032,Strain_R,0
cg0309,sigC,cgrfwd05512,cgrfwd05512,1,curated_positive,A,1,0,1,0,0,,ChIP-chip,0.4,0,1,1,GEO_GSE72452_SigC,1,0,,0,0,0,0,,,,0,0,0,0,0,0,0,,,,0,0,0,0,,,,,,8,0,0,,0,,1,GEO_GSE72452_SigC,ATCC13032,Strain_R,0
cg0309,sigC,cgrfwd09387,cgrfwd09387,1,curated_positive,A,1,0,1,0,0,,ChIP-chip,0.4,0,1,1,GEO_GSE72452_SigC,1,0,,0,0,0,0,,,,0,0,0,0,0,0,0,,,,0,0,0,0,,,,,,8,0,0,,0,,1,GEO_GSE72452_SigC,ATCC13032,Strain_R,0
cg0309,sigC,cgrfwd13767,cgrfwd13767,1,curated_positive,A,1,0,1,0,0,,ChIP-chip,0.4,0,1,1,GEO_GSE72452_SigC,1,0,,0,0,0,0,,,,0,0,0,0,0,0,0,,,,0,0,0,0,,,,,,8,0,0,,0,,1,GEO_GSE72452_SigC,ATCC13032,Strain_R,0
cg0309,sigC,cgrrev00718,cgrrev00718,1,curated_positive,A,1,0,1,0,0,,ChIP-chip,0.4,0,1,1,GEO_GSE72452_SigC,1,0,,0,0,0,0,,,,0,0,0,0,0,0,0,,,,0,0,0,0,,,,,,8,0,0,,0,,1,GEO_GSE72452_SigC,ATCC13032,Strain_R,0
cg0309,sigC,cgrrev01465,cgrrev01465,1,curated_positive,A,1,0,1,0,0,,ChIP-chip,0.4,0,1,1,GEO_GSE72452_SigC,1,0,,0,0,0,0,,,,0,0,0,0,0,0,0,,,,0,0,0,0,,,,,,8,0,0,,0,,1,GEO_GSE72452_SigC,ATCC13032,Strain_R,0
cg0309,sigC,cgrrev16452,cgrrev16452,1,curated_positive,A,1,0,1,0,0,,ChIP-chip,0.4,0,1,1,GEO_GSE72452_SigC,1,0,,0,0,0,0,,,,0,0,0,0,0,0,0,,,,0,0,0,0,,,,,,8,0,0,,0,,1,GEO_GSE72452_SigC,ATCC13032,Strain_R,0
cg0313,lrp,cg0313,lrp,1,curated_positive,A,1,0,0,0,0,,experimental,0.6,1,0,0,CoryneRegNet,1,1,,0,0,0,0,,,,0,0,0,0,0,0,0,,,,0,0,0,0,,,,,,8,0,0,,0,,0,,,,0
cg0313,lrp,cg0314,brnF,1,curated_positive,A,1,0,0,0,0,,experimental,0.75,1,1,1,CoryneRegNet,1,1,OP_cg0314,1,0,0,0,,,,0,12,7,0,0,0,0,,,,0,0,0,1,0.793789,1.91329e-52,0.793789,236,Kranz2022_expression_compendium_Zenodo6842664,7,1,0,,0,,0,,,,0
cg0313,lrp,cg0315,brnE,1,curated_positive,A,1,0,0,0,0,,experimental,0.75,1,1,1,CoryneRegNet,1,1,OP_cg0314,1,0,0,0,,,,0,12,7,0,0,0,0,,,,0,0,0,1,0.77436,1.70238e-89,0.77436,442,Kranz2022_expression_compendium_Zenodo6842664,7,1,0,,0,,0,,,,0
cg0317,cg0317,cg0318,arsC1,1,curated_positive,R,0,1,0,1,28,0.3571,experimental,0.8,1,1,3,CoryneRegNet,1,1,OP_cg0318,1,0,0,0,,,,0,0,0,0,0,0,0,,,,2,0,0,1,0.717051,6.40255e-105,0.717051,658,Kranz2022_expression_compendium_Zenodo6842664,6,0,0,,0,,0,,,,0
cg0317,cg0317,cg0319,arsX,1,curated_positive,R,0,1,0,0,0,,experimental,0.75,1,1,3,CoryneRegNet,1,1,OP_cg0318,1,0,0,0,,,,0,2,1,0,0,0,0,,,,2,1,1,1,0.657827,8.79034e-65,0.657827,512,Kranz2022_expression_compendium_Zenodo6842664,7,0,0,,0,,0,,,,0
cg0317,cg0317,cg1705,arsC2,1,curated_positive,R,0,1,0,1,32,0.2812,experimental,0.8,1,1,1,CoryneRegNet,1,1,OP_cg1705,1,0,0,0,,,,0,0,0,0,0,0,0,,,,2,0,0,1,0.794991,2.07978e-175,0.794991,800,Kranz2022_expression_compendium_Zenodo6842664,6,0,0,,0,,0,,,,0
cg0317,cg0317,cg1706,cg1706,1,curated_positive,R,0,1,0,0,0,,experimental,0.75,1,1,1,CoryneRegNet,1,1,OP_cg1705,1,0,0,0,,,,0,0,0,0,0,0,0,,,,2,0,0,0,,,,,,8,0,0,,0,,0,,,,0
cg0317,cg0317,cg1707,cg1707,1,curated_positive,R,0,1,0,0,0,,experimental,0.75,1,1,1,CoryneRegNet,1,1,OP_cg1705,1,0,0,0,,,,0,6,6,0,0,0,0,,,,2,0,0,1,0.797314,3.18642e-144,0.797314,650,Kranz2022_expression_compendium_Zenodo6842664,7,0,0,,0,,0,,,,0
cg0337,whiB4,cg0404,cg0404,1,curated_positive,R,0,1,0,0,0,,experimental,0.75,1,1,2,CoryneRegNet,1,1,,0,0,0,0,,,,0,6,6,0,0,0,0,,,,0,0,0,1,0.670189,1.14077e-125,0.670189,956,Kranz2022_expression_compendium_Zenodo6842664,7,0,0,,0,,0,,,,0
cg0337,whiB4,cg1214,cg1214,1,curated_positive,R,0,1,0,0,0,,predicted,0.2,0,1,1,CoryneRegNet,1,1,OP_cg1218,1,0,0,0,,,,0,1,1,0,0,0,0,,,,0,0,0,1,0.708121,4.02155e-132,0.708121,862,Kranz2022_expression_compendium_Zenodo6842664,7,1,0,,0,,0,,,,0
cg0337,whiB4,cg1215,nadC,1,curated_positive,R,0,1,0,0,0,,predicted,0.2,0,1,1,CoryneRegNet,1,1,OP_cg1218,1,0,0,0,,,,0,9,7,0,0,0,0,,,,0,0,0,1,0.638381,1.06941e-111,0.638381,966,Kranz2022_expression_compendium_Zenodo6842664,7,1,0,,0,,0,,,,0
cg0337,whiB4,cg1216,nadA,1,curated_positive,R,0,1,0,0,0,,predicted,0.2,0,1,1,CoryneRegNet,1,1,OP_cg1218,1,0,0,0,,,,0,9,7,0,0,0,0,,,,0,0,0,0,,,,,,8,1,0,,0,,0,,,,0
cg0337,whiB4,cg1218,cg1218,1,curated_positive,R,0,1,0,0,0,,predicted,0.2,0,1,1,CoryneRegNet,1,1,OP_cg1218,1,0,0,0,,,,0,2,1,0,0,0,0,,,,0,0,0,0,,,,,,8,1,0,,0,,0,,,,0
cg0337,whiB4,cg2342,cg2342,1,curated_positive,R,0,1,0,0,0,,predicted,0.2,0,1,1,CoryneRegNet,1,1,,0,0,0,0,,,,0,0,0,0,0,0,0,,,,0,0,0,1,0.743732,6.6129e-173,0.743732,978,Kranz2022_expression_compendium_Zenodo6842664,7,0,0,,0,,0,,,,0
cg0337,whiB4,cg3405,cg3405,1,curated_positive,R,0,1,0,0,0,,predicted,0.2,0,1,1,CoryneRegNet,1,1,,0,0,0,0,,,,0,0,0,0,0,0,0,,,,0,0,0,1,0.595675,5.9314e-83,0.595675,852,Kranz2022_expression_compendium_Zenodo6842664,7,1,0,,0,,0,,,,0
cg0337,whiB4,cg3422,trxB,1,curated_positive,R,0,1,0,0,0,,predicted,0.2,0,1,1,CoryneRegNet,1,1,,0,0,0,0,,,,0,6,6,0,0,0,0,,,,0,0,0,1,0.777165,1.04259e-195,0.777165,964,Kranz2022_expression_compendium_Zenodo6842664,7,0,0,,0,,0,,,,0
cg0337,whiB4,cg3423,trxC,1,curated_positive,R,0,1,0,0,0,,predicted,0.2,0,1,1,CoryneRegNet,1,1,OP_cg3423,1,0,0,0,,,,0,6,6,0,0,0,0,,,,0,0,0,1,0.769788,3.68741e-190,0.769788,966,Kranz2022_expression_compendium_Zenodo6842664,7,0,0,,0,,0,,,,0
cg0337,whiB4,cg3424,cwlM,1,curated_positive,R,0,1,0,0,0,,predicted,0.2,0,1,1,CoryneRegNet,1,1,OP_cg3423,1,0,0,0,,,,0,0,0,0,0,0,0,,,,0,0,0,1,0.780721,4.61875e-199,0.780721,966,Kranz2022_expression_compendium_Zenodo6842664,7,0,0,,0,,0,,,,0
cg0343,cg0343,cg0340,cg0340,1,curated_positive,R,0,1,0,0,0,,experimental,0.75,1,1,1,CoryneRegNet,1,1,,0,0,0,0,,,,0,1,1,0,0,0,0,,,,0,0,0,0,,,,,,8,0,0,,0,,0,,,,0
cg0343,cg0343,cg0341,fadD1,1,curated_positive,R,0,1,0,0,0,,experimental,0.75,1,1,1,CoryneRegNet,1,1,,0,0,0,0,,,,0,0,0,0,0,0,0,,,,0,0,0,1,0.549611,2.24076e-31,0.549611,380,Kranz2022_expression_compendium_Zenodo6842664,7,0,0,,0,,0,,,,0
cg0343,cg0343,cg0344,fabG1,1,curated_positive,R,0,1,0,0,0,,experimental,0.75,1,1,1,CoryneRegNet,1,1,OP_cg0344,1,0,0,0,,,,0,112,6,0,0,0,0,,,,0,0,0,0,,,,,,8,0,0,,0,,0,,,,0
cg0343,cg0343,cg0345,cg0345,1,curated_positive,R,0,1,0,0,0,,experimental,0.75,1,1,1,CoryneRegNet,1,1,OP_cg0344,1,0,0,0,,,,0,0,0,0,0,0,0,,,,0,0,0,1,0.583259,5.22911e-40,0.583259,424,Kranz2022_expression_compendium_Zenodo6842664,7,0,0,,0,,0,,,,0
cg0343,cg0343,cg0346,fadE,1,curated_positive,R,0,1,0,0,0,,experimental,0.75,1,1,1,CoryneRegNet,1,1,OP_cg0344,1,0,0,0,,,,0,94,7,0,0,0,0,,,,0,0,0,1,0.5116,3.49267e-43,0.5116,628,Kranz2022_expression_compendium_Zenodo6842664,7,0,0,,0,,0,,,,0
cg0343,cg0343,cg0347,cg0347,1,curated_positive,R,0,1,0,0,0,,experimental,0.75,1,1,1,CoryneRegNet,1,1,OP_cg0344,1,0,0,0,,,,0,73,7,0,0,0,0,,,,0,0,0,1,0.562584,1.3906e-40,0.562584,470,Kranz2022_expression_compendium_Zenodo6842664,7,0,0,,0,,0,,,,0
cg0350,cg0350,cg0088,citP,1,curated_positive,R,0,1,0,1,16,0.75,experimental,0.8,1,1,1,CoryneRegNet,1,1,,0,0,0,0,,,,0,7,7,0,0,0,0,,,,0,0,0,1,0.286767,2.90833e-11,0.286767,518,Kranz2022_expression_compendium_Zenodo6842664,6,0,0,,0,,0,,,,1
cg0350,cg0350,cg0197,iolC,1,curated_positive,R,0,1,0,1,16,0.6875,experimental,0.8,1,1,1,CoryneRegNet,1,1,OP_cg0197,1,0,0,0,,,,0,6,6,0,0,0,0,,,,0,0,0,1,0.589275,4.04053e-79,0.589275,834,Kranz2022_expression_compendium_Zenodo6842664,6,0,0,,0,,0,,,,1
cg0350,cg0350,cg0198,cg0198,1,curated_positive,R,0,1,0,0,0,,experimental,0.75,1,1,1,CoryneRegNet,1,1,OP_cg0197,1,0,0,0,,,,0,0,0,0,0,0,0,,,,0,0,0,0,,,,,,8,0,0,,0,,0,,,,1
cg0350,cg0350,cg0199,msmA,1,curated_positive,R,0,1,0,0,0,,experimental,0.75,1,1,1,CoryneRegNet,1,1,OP_cg0197,1,0,0,0,,,,0,13,8,0,0,0,0,,,,0,0,0,1,0.569917,1.32622e-70,0.569917,806,Kranz2022_expression_compendium_Zenodo6842664,7,1,0,,0,,0,,,,1
cg0350,cg0350,cg0201,iolB,1,curated_positive,R,0,1,0,0,0,,experimental,0.75,1,1,1,CoryneRegNet,1,1,OP_cg0197,1,0,0,0,,,,0,11,6,0,0,0,0,,,,0,0,0,0,,,,,,8,1,0,,0,,0,,,,1
cg0350,cg0350,cg0202,iolD,1,curated_positive,R,0,1,0,0,0,,experimental,0.75,1,1,1,CoryneRegNet,1,1,OP_cg0197,1,0,0,0,,,,0,7,7,0,0,0,0,,,,0,0,0,0,,,,,,8,1,0,,0,,0,,,,1
cg0350,cg0350,cg0203,iolE,1,curated_positive,R,0,1,0,0,0,,experimental,0.75,1,1,1,CoryneRegNet,1,1,OP_cg0197,1,0,0,0,,,,0,11,6,0,0,0,0,,,,0,0,0,0,,,,,,8,1,0,,0,,0,,,,1
cg0350,cg0350,cg0204,iolG,1,curated_positive,R,0,1,0,0,0,,experimental,0.75,1,1,1,CoryneRegNet,1,1,OP_cg0197,1,0,0,0,,,,0,11,6,0,0,0,0,,,,0,0,0,1,0.660863,8.3842e-115,0.660863,906,Kranz2022_expression_compendium_Zenodo6842664,7,1,0,,0,,0,,,,1
cg0350,cg0350,cg0205,iolH,1,curated_positive,R,0,1,0,0,0,,experimental,0.75,1,1,1,CoryneRegNet,1,1,OP_cg0197,1,0,0,0,,,,0,2,1,0,0,0,0,,,,0,0,0,0,,,,,,8,1,0,,0,,0,,,,1
cg0350,cg0350,cg0229,gltB,1,curated_positive,A,1,0,0,1,16,0.375,predicted,0.25,0,1,1,CoryneRegNet,1,1,OP_cg0229,1,0,0,0,,,,0,6,6,0,0,0,0,,,,0,0,0,1,0.312926,5.84445e-14,0.312926,550,Kranz2022_expression_compendium_Zenodo6842664,6,1,0,,0,,1,Literature_ChIP_GlxR,ATCC13032,ATCC13032,1
cg0350,cg0350,cg0230,gltD,1,curated_positive,R,0,1,0,0,0,,predicted,0.2,0,1,1,CoryneRegNet,1,1,OP_cg0229,1,0,0,0,,,,0,6,6,0,0,0,0,,,,0,0,0,1,0.366393,1.40164e-27,0.366393,824,Kranz2022_expression_compendium_Zenodo6842664,7,1,0,,0,,1,Literature_ChIP_GlxR,ATCC13032,ATCC13032,1
cg0350,cg0350,cg0246,cg0246,1,curated_positive,R,0,1,0,0,0,,predicted,0.2,0,1,1,CoryneRegNet,1,1,OP_cg0247,1,0,0,0,,,,0,1,1,0,0,0,0,,,,0,0,0,1,0.635478,1.18126e-87,0.635478,764,Kranz2022_expression_compendium_Zenodo6842664,7,0,0,,0,,0,,,,1
cg0350,cg0350,cg0247,cg0247,1,curated_positive,R,0,1,0,1,16,0.75,predicted,0.25,0,1,1,CoryneRegNet,1,1,OP_cg0247,1,0,0,0,,,,0,0,0,0,0,0,0,,,,0,0,0,0,,,,,,7,0,0,,0,,0,,,,1
cg0350,glxR,cg0310,katA,1,curated_positive,A,1,0,0,1,17,0.4545,ChIP-seq,0.45,0,1,1,Literature_ChIP_GlxR,1,0,,0,0,0,0,,,,0,6,6,0,0,0,0,,,,0,0,0,0,,,,,,7,0,0,,0,,1,Literature_ChIP_GlxR,ATCC13032,ATCC13032,0
cg0350,cg0350,cg0337,whiB4,1,curated_positive,R,0,1,0,1,16,0.4375,predicted,0.25,0,1,2,CoryneRegNet,1,1,,0,0,0,0,,,,0,0,0,0,0,0,0,,,,0,0,0,1,0.795218,3.59681e-215,0.795218,982,Kranz2022_expression_compendium_Zenodo6842664,6,0,0,,0,,0,,,,1
cg0350,cg0350,cg0344,fabG1,1,curated_positive,R,0,1,0,1,16,0.5,predicted,0.25,0,1,1,CoryneRegNet,1,1,OP_cg0344,1,0,0,0,,,,0,112,6,0,0,0,0,,,,0,0,0,0,,,,,,7,0,0,,0,,0,,,,1
cg0350,cg0350,cg0345,cg0345,1,curated_positive,R,0,1,0,0,0,,predicted,0.2,0,1,1,CoryneRegNet,1,1,OP_cg0344,1,0,0,0,,,,0,0,0,0,0,0,0,,,,0,0,0,1,0.338472,7.05225e-13,0.338472,426,Kranz2022_expression_compendium_Zenodo6842664,7,0,0,,0,,0,,,,1
cg0350,cg0350,cg0346,fadE,1,curated_positive,R,0,1,0,0,0,,predicted,0.2,0,1,1,CoryneRegNet,1,1,OP_cg0344,1,0,0,0,,,,0,94,7,0,0,0,0,,,,0,0,0,1,0.294977,3.40225e-14,0.294977,634,Kranz2022_expression_compendium_Zenodo6842664,7,0,0,,0,,0,,,,1
cg0350,cg0350,cg0347,cg0347,1,curated_positive,R,0,1,0,0,0,,predicted,0.2,0,1,1,CoryneRegNet,1,1,OP_cg0344,1,0,0,0,,,,0,73,7,0,0,0,0,,,,0,0,0,1,0.284693,2.98521e-10,0.284693,472,Kranz2022_expression_compendium_Zenodo6842664,7,0,0,,0,,0,,,,1
cg0350,cg0350,cg0350,cg0350,1,curated_positive,R,0,1,0,1,16,0.5,experimental,0.8,1,1,2,CoryneRegNet,1,1,,0,0,0,0,,,,0,0,0,0,0,0,0,,,,0,0,0,0,,,,,,7,0,0,,0,,1,Literature_ChIP_GlxR,ATCC13032,ATCC13032,1
cg0350,cg0350,cg0444,cg0444,1,curated_positive,R,0,1,0,1,16,0.5625,experimental,0.8,1,1,1,CoryneRegNet,1,1,,0,0,0,0,,,,0,0,0,0,0,0,0,,,,0,0,0,1,0.678392,1.24163e-133,0.678392,984,Kranz2022_expression_compendium_Zenodo6842664,6,1,0,,0,,0,,,,1
cg0350,cg0350,cg0445,sdhCD,1,curated_positive,A,1,0,0,1,16,0.5625,experimental,0.8,1,1,2,CoryneRegNet,1,1,OP_cg0445,1,0,0,0,,,,0,12,6,0,0,0,0,,,,0,0,0,0,,,,,,7,0,0,,0,,0,,,,1
cg0350,cg0350,cg0446,sdhA,1,curated_positive,A,1,0,0,0,0,,predicted,0.2,0,1,1,CoryneRegNet,1,1,OP_cg0445,1,0,0,0,,,,0,12,6,0,0,0,0,,,,0,0,0,1,0.726562,3.63701e-165,0.726562,1002,Kranz2022_expression_compendium_Zenodo6842664,7,1,0,,0,,1,Literature_ChIP_GlxR,ATCC13032,ATCC13032,1
cg0350,cg0350,cg0447,sdhB,1,curated_positive,A,1,0,0,0,0,,predicted,0.2,0,1,1,CoryneRegNet,1,1,OP_cg0445,1,0,0,0,,,,0,10,5,0,0,0,0,,,,0,0,0,0,,,,,,8,1,0,,0,,0,,,,1
cg0350,cg0350,cg0448,cg0448,1,curated_positive,R,0,1,0,0,0,,predicted,0.2,0,1,1,CoryneRegNet,1,1,OP_cg0445,1,0,0,0,,,,0,6,6,0,0,0,0,,,,0,0,0,1,0.614539,1.36782e-101,0.614539,968,Kranz2022_expression_compendium_Zenodo6842664,7,1,0,,0,,0,,,,1
cg0350,cg0350,cg0566,gabT,1,curated_positive,R,0,1,0,1,16,0.4375,experimental,0.8,1,1,1,CoryneRegNet,1,1,OP_cg0566,1,0,0,0,,,,0,6,6,0,0,0,0,,,,0,0,0,1,0.0851379,0.0731066,0.0851379,444,Kranz2022_expression_compendium_Zenodo6842664,6,0,0,,0,,0,,,,1
cg0350,cg0350,cg0567,gabD2,1,curated_positive,R,0,1,0,0,0,,experimental,0.75,1,1,1,CoryneRegNet,1,1,OP_cg0566,1,0,0,0,,,,0,7,7,0,0,0,0,,,,0,0,0,1,0.132779,0.00236706,0.132779,522,Kranz2022_expression_compendium_Zenodo6842664,7,1,0,,0,,0,,,,1
cg0350,cg0350,cg0568,cg0568,1,curated_positive,R,0,1,0,0,0,,experimental,0.75,1,1,1,CoryneRegNet,1,1,,0,0,0,0,,,,0,0,0,0,0,0,0,,,,0,0,0,1,0.244092,0.000173495,0.244092,232,Kranz2022_expression_compendium_Zenodo6842664,7,1,0,,0,,0,,,,1
cg0350,cg0350,cg0759,prpD2,1,curated_positive,R,0,1,0,1,16,0.4375,experimental,0.8,1,1,1,CoryneRegNet,1,1,OP_cg0759,1,0,0,0,,,,0,11,6,0,0,0,0,,,,0,0,0,1,0.533524,1.27623e-66,0.533524,890,Kranz2022_expression_compendium_Zenodo6842664,6,0,0,,0,,0,,,,1
cg0350,cg0350,cg0760,prpB2,1,curated_positive,R,0,1,0,0,0,,experimental,0.75,1,1,1,CoryneRegNet,1,1,OP_cg0759,1,0,0,0,,,,0,11,6,0,0,0,0,,,,0,0,0,0,,,,,,8,1,0,,0,,0,,,,1
cg0350,cg0350,cg0762,prpC2,1,curated_positive,R,0,1,0,0,0,,experimental,0.75,1,1,1,CoryneRegNet,1,1,OP_cg0759,1,0,0,0,,,,0,11,6,0,0,0,0,,,,0,0,0,1,0.50731,9.04937e-60,0.50731,896,Kranz2022_expression_compendium_Zenodo6842664,7,1,0,,0,,0,,,,1
cg0350,cg0350,cg0791,pyc,1,curated_positive,R,0,1,0,1,16,0.5,predicted,0.25,0,1,1,CoryneRegNet,1,1,,0,0,0,0,,,,0,12,7,0,0,0,0,,,,0,0,0,1,0.723079,3.28529e-162,0.723079,998,Kranz2022_expression_compendium_Zenodo6842664,6,0,0,,0,,0,,,,1
cg0350,cg0350,cg0796,prpD1,1,curated_positive,R,0,1,0,1,16,0.5625,predicted,0.25,0,1,2,CoryneRegNet,1,1,OP_cg0796,1,0,0,0,,,,0,11,6,0,0,0,0,,,,0,0,0,1,0.582599,7.03639e-76,0.582599,822,Kranz2022_expression_compendium_Zenodo6842664,6,1,0,,0,,0,,,,1
cg0350,cg0350,cg0797,prpB1,1,curated_positive,R,0,1,0,0,0,,predicted,0.2,0,1,2,CoryneRegNet,1,1,OP_cg0796,1,0,0,0,,,,0,11,6,0,0,0,0,,,,0,0,0,1,0.567157,3.23452e-76,0.567157,882,Kranz2022_expression_compendium_Zenodo6842664,7,0,0,,0,,0,,,,1
cg0350,cg0350,cg0798,prpC1,1,curated_positive,R,0,1,0,0,0,,predicted,0.2,0,1,2,CoryneRegNet,1,1,OP_cg0796,1,0,0,0,,,,0,6,6,0,0,0,0,,,,0,0,0,1,0.378735,6.85984e-29,0.378735,806,Kranz2022_expression_compendium_Zenodo6842664,7,0,0,,0,,0,,,,1
cg0350,cg0350,cg0812,dtsR1,1,curated_positive,R,0,1,0,1,16,0.375,predicted,0.25,0,1,2,CoryneRegNet,1,1,,0,0,0,0,,,,0,0,0,0,0,0,0,,,,0,0,0,1,0.748404,1.86765e-179,0.748404,996,Kranz2022_expression_compendium_Zenodo6842664,6,0,0,,0,,0,,,,1
cg0350,cg0350,cg0814,birA,1,curated_positive,R,0,1,0,1,16,0.375,predicted,0.25,0,1,1,CoryneRegNet,1,1,,0,0,0,0,,,,0,0,0,0,0,0,0,,,,0,0,0,1,0.653132,4.58545e-118,0.653132,962,Kranz2022_expression_compendium_Zenodo6842664,6,1,0,,0,,0,,,,1
cg0350,cg0350,cg0836,cg0836,1,curated_positive,R,0,1,0,1,16,0.5625,experimental,0.8,1,1,1,CoryneRegNet,1,1,,0,0,0,0,,,,0,1,1,0,0,0,0,,,,0,0,0,0,,,,,,7,2,0,,0,,0,,,,1
cg0350,glxR,cg0862,mtrA,1,curated_positive,A,1,0,0,1,17,0.4545,ChIP-seq,0.45,0,1,1,Literature_ChIP_GlxR,1,0,,0,0,0,0,,,,0,0,0,0,0,0,0,,,,0,0,0,0,,,,,,7,0,0,,0,,1,Literature_ChIP_GlxR,ATCC13032,ATCC13032,0
cg0350,cg0350,cg0875,cg0875,1,curated_positive,R,0,1,0,1,16,0.5,experimental,0.8,1,1,1,CoryneRegNet,1,1,,0,0,0,0,,,,0,0,0,0,0,0,0,,,,0,0,0,0,,,,,,7,0,0,,0,,0,,,,1
cg0350,glxR,cg0876,sigH,1,curated_positive,A,1,0,0,1,17,0.4545,ChIP-seq,0.45,0,1,1,Literature_ChIP_GlxR,1,0,,0,0,0,0,,,,0,2,1,0,0,0,0,,,,0,0,0,0,,,,,,7,0,0,,0,,1,Literature_ChIP_GlxR,ATCC13032,ATCC13032,0
cg0350,cg0350,cg0878,whiB1,1,curated_positive,A,1,0,0,1,16,0.375,predicted,0.25,0,1,1,CoryneRegNet,1,1,,0,0,0,0,,,,0,0,0,0,0,0,0,,,,0,0,0,1,0.759247,1.1999e-184,0.759247,980,Kranz2022_expression_compendium_Zenodo6842664,6,0,0,,0,,0,,,,1
cg0350,cg0350,cg0879,cg0879,1,curated_positive,A,1,0,0,1,16,0.5625,predicted,0.25,0,1,1,CoryneRegNet,1,1,,0,0,0,0,,,,0,0,0,0,0,0,0,,,,0,0,0,1,0.480267,1.02019e-35,0.480267,596,Kranz2022_expression_compendium_Zenodo6842664,6,0,0,,0,,0,,,,1
cg0350,cg0350,cg0936,cg0936,1,curated_positive,A,1,0,0,1,16,0.25,predicted,0.25,0,1,1,CoryneRegNet,1,1,,0,0,0,0,,,,0,0,0,0,0,0,0,,,,0,0,0,0,,,,,,7,0,0,,0,,0,,,,1
cg0350,cg0350,cg0948,serC,1,curated_positive,A,1,0,0,1,16,0.5625,predicted,0.25,0,1,2,CoryneRegNet,1,1,,0,0,0,0,,,,0,17,7,0,0,0,0,,,,0,0,0,1,0.803285,2.53379e-222,0.803285,980,Kranz2022_expression_compendium_Zenodo6842664,6,0,0,,0,,0,,,,1
cg0350,cg0350,cg0949,gltA,1,curated_positive,R,0,1,0,1,16,0.5,experimental,0.8,1,1,2,CoryneRegNet,1,1,OP_cg0949,1,0,0,0,,,,0,6,6,0,0,0,0,,,,0,0,0,1,0.813296,1.17194e-233,0.813296,986,Kranz2022_expression_compendium_Zenodo6842664,6,0,0,,0,,0,,,,1
cg0350,cg0350,cg0951,accDA,1,curated_positive,R,0,1,0,1,16,0.4375,predicted,0.25,0,1,1,CoryneRegNet,1,1,,0,0,0,0,,,,0,8,7,0,0,0,0,,,,0,0,0,1,0.835808,6.20557e-245,0.835808,934,Kranz2022_expression_compendium_Zenodo6842664,6,0,0,,0,,0,,,,1
cg0350,cg0350,cg0957,fas-IB,1,curated_positive,R,0,1,0,1,16,0.5,predicted,0.25,0,1,1,CoryneRegNet,1,1,,0,0,0,0,,,,0,0,0,0,0,0,0,,,,0,0,0,1,0.724675,1.38563e-163,0.724675,1000,Kranz2022_expression_compendium_Zenodo6842664,6,1,0,,0,,0,,,,1
cg0350,cg0350,cg0961,cg0961,1,curated_positive,R,0,1,0,1,16,0.5625,predicted,0.25,0,1,1,CoryneRegNet,1,1,,0,0,0,0,,,,0,6,6,0,0,0,0,,,,0,0,0,1,0.698216,2.69237e-129,0.698216,878,Kranz2022_expression_compendium_Zenodo6842664,6,1,0,,0,,0,,,,1
cg0350,cg0350,cg0968,cg0968,1,curated_positive,R,0,1,0,1,16,0.4375,experimental,0.8,1,1,1,CoryneRegNet,1,1,OP_cg0968,1,0,0,0,,,,0,0,0,0,0,0,0,,,,0,0,0,1,0.522157,1.59829e-49,0.522157,690,Kranz2022_expression_compendium_Zenodo6842664,6,0,0,,0,,0,,,,0
cg0350,cg0350,cg1037,cg1037,1,curated_positive,A,1,0,0,1,16,0.5625,experimental,0.8,1,1,1,CoryneRegNet,1,1,OP_cg1037,1,0,0,0,,,,0,1,1,0,0,0,0,,,,0,0,0,1,0.793869,4.56032e-213,0.793869,978,Kranz2022_expression_compendium_Zenodo6842664,6,0,0,,0,,0,,,,1
cg0350,cg0350,cg1038,ksgA,1,curated_positive,A,1,0,0,0,0,,predicted,0.2,0,1,1,CoryneRegNet,1,1,OP_cg1037,1,0,0,0,,,,0,0,0,0,0,0,0,,,,0,0,0,0,,,,,,8,1,0,,0,,0,,,,1
cg0350,cg0350,cg1039,cg1039,1,curated_positive,A,1,0,0,0,0,,predicted,0.2,0,1,1,CoryneRegNet,1,1,OP_cg1037,1,0,0,0,,,,0,6,6,0,0,0,0,,,,0,0,0,1,0.523767,2.73208e-50,0.523767,696,Kranz2022_expression_compendium_Zenodo6842664,7,1,0,,0,,0,,,,1
cg0350,cg0350,cg1040,cg1040,1,curated_positive,A,1,0,0,0,0,,predicted,0.2,0,1,1,CoryneRegNet,1,1,OP_cg1037,1,0,0,0,,,,0,0,0,0,0,0,0,,,,0,0,0,0,,,,,,8,0,0,,0,,0,,,,1
cg0350,cg0350,cg1041,pdxK,1,curated_positive,A,1,0,0,0,0,,predicted,0.2,0,1,1,CoryneRegNet,1,1,OP_cg1037,1,0,0,0,,,,0,19,7,0,0,0,0,,,,0,0,0,1,0.590697,5.39152e-88,0.590697,924,Kranz2022_expression_compendium_Zenodo6842664,7,0,0,,0,,0,,,,1
cg0350,cg0350,cg1061,cg1061,1,curated_positive,R,0,1,0,1,16,0.4375,predicted,0.25,0,1,2,CoryneRegNet,1,1,OP_cg1061,1,0,0,0,,,,0,1,1,0,0,0,0,,,,0,0,0,0,,,,,,7,0,0,,0,,0,,,,1
cg0350,cg0350,cg1062,cg1062,1,curated_positive,R,0,1,0,0,0,,predicted,0.2,0,1,2,CoryneRegNet,1,1,OP_cg1061,1,0,0,0,,,,0,1,1,0,0,0,0,,,,0,0,0,1,0.283361,2.62018e-09,0.283361,426,Kranz2022_expression_compendium_Zenodo6842664,7,1,0,,0,,0,,,,1
cg0350,cg0350,cg1064,cg1064,1,curated_positive,R,0,1,0,0,0,,predicted,0.2,0,1,2,CoryneRegNet,1,1,OP_cg1061,1,0,0,0,,,,0,1,1,0,0,0,0,,,,0,0,0,0,,,,,,8,1,0,,0,,0,,,,1
cg0350,cg0350,cg1065,cg1065,1,curated_positive,R,0,1,0,0,0,,predicted,0.2,0,1,2,CoryneRegNet,1,1,OP_cg1061,1,0,0,0,,,,0,2,1,0,0,0,0,,,,0,0,0,0,,,,,,8,1,0,,0,,0,,,,1
cg0350,cg0350,cg1066,cg1066,1,curated_positive,R,0,1,0,0,0,,predicted,0.2,0,1,2,CoryneRegNet,1,1,OP_cg1061,1,0,0,0,,,,0,1,1,0,0,0,0,,,,0,0,0,1,0.198548,2.18809e-06,0.198548,560,Kranz2022_expression_compendium_Zenodo6842664,7,1,0,,0,,0,,,,1
cg0350,cg0350,cg1086,cg1086,1,curated_positive,R,0,1,0,1,16,0.4375,predicted,0.25,0,1,1,CoryneRegNet,1,1,,0,0,0,0,,,,0,0,0,0,0,0,0,,,,0,0,0,1,0.684037,5.43464e-112,0.684037,804,Kranz2022_expression_compendium_Zenodo6842664,6,1,0,,0,,0,,,,1
cg0350,glxR,cg1120,ripA,1,curated_positive,R,0,1,0,1,17,0.4545,ChIP-seq,0.45,0,1,1,Literature_ChIP_GlxR,1,0,,0,0,0,0,,,,0,1,1,0,0,0,0,,,,0,0,0,0,,,,,,7,1,0,,0,,1,Literature_ChIP_GlxR,ATCC13032,ATCC13032,0
cg0350,cg0350,cg1132,coaA,1,curated_positive,R,0,1,0,1,16,0.4375,predicted,0.25,0,1,2,CoryneRegNet,1,1,,0,0,0,0,,,,0,6,6,0,0,0,0,,,,0,0,0,1,0.60898,7.49574e-93,0.60898,904,Kranz2022_expression_compendium_Zenodo6842664,6,0,0,,0,,0,,,,0
cg0350,cg0350,cg1139,cg1139,1,curated_positive,R,0,1,0,0,0,,predicted,0.2,0,1,1,CoryneRegNet,1,1,OP_cg1142,1,0,0,0,,,,0,6,6,0,0,0,0,,,,0,0,0,0,,,,,,8,0,0,,0,,0,,,,1
cg0350,cg0350,cg1140,cg1140,1,curated_positive,R,0,1,0,0,0,,predicted,0.2,0,1,1,CoryneRegNet,1,1,OP_cg1142,1,0,0,0,,,,0,8,7,0,0,0,0,,,,0,0,0,1,0.607653,9.90044e-87,0.607653,848,Kranz2022_expression_compendium_Zenodo6842664,7,0,0,,0,,0,,,,1
cg0350,cg0350,cg1141,cg1141,1,curated_positive,R,0,1,0,0,0,,predicted,0.2,0,1,1,CoryneRegNet,1,1,OP_cg1142,1,0,0,0,,,,0,1,1,0,0,0,0,,,,0,0,0,0,,,,,,8,0,0,,0,,0,,,,1
cg0350,cg0350,cg1142,cg1142,1,curated_positive,R,0,1,0,1,16,0.4375,predicted,0.25,0,1,1,CoryneRegNet,1,1,OP_cg1142,1,0,0,0,,,,0,1,1,0,0,0,0,,,,0,0,0,0,,,,,,7,0,0,,0,,0,,,,1
cg0350,cg0350,cg1143,cg1143,1,curated_positive,R,0,1,0,1,16,0.4375,predicted,0.25,0,1,1,CoryneRegNet,1,1,OP_cg1143,1,0,0,0,,,,0,0,0,0,0,0,0,,,,0,0,0,0,,,,,,7,0,0,,0,,0,,,,1
cg0350,cg0350,cg1144,cg1144,1,curated_positive,R,0,1,0,0,0,,predicted,0.2,0,1,1,CoryneRegNet,1,1,OP_cg1143,1,0,0,0,,,,0,0,0,0,0,0,0,,,,0,0,0,1,0.64744,6.06091e-97,0.64744,806,Kranz2022_expression_compendium_Zenodo6842664,7,0,0,,0,,0,,,,1
cg0350,cg0350,cg1145,fum,1,curated_positive,R,0,1,0,1,64,0.3906,experimental,0.8,1,1,1,CoryneRegNet,1,1,,0,0,0,0,,,,0,12,7,0,0,0,0,,,,0,0,0,0,,,,,,7,0,0,,0,,1,Literature_ChIP_GlxR,ATCC13032,ATCC13032,1
cg0350,cg0350,cg1225,benK3,1,curated_positive,R,0,1,0,0,0,,predicted,0.2,0,1,1,CoryneRegNet,1,1,OP_cg1226,1,0,0,0,,,,0,1,1,0,0,0,0,,,,0,0,0,0,,,,,,8,0,0,,0,,0,,,,1
cg0350,cg0350,cg1226,pobB,1,curated_positive,R,0,1,0,1,32,0.4375,predicted,0.25,0,1,1,CoryneRegNet,1,1,OP_cg1226,1,0,0,0,,,,0,2,1,0,0,0,0,,,,0,0,0,1,0.592214,3.65431e-85,0.592214,888,Kranz2022_expression_compendium_Zenodo6842664,6,0,0,,0,,0,,,,1
cg0350,glxR,cg1274,mrp,1,curated_positive,A,1,0,0,1,17,0.4545,ChIP-seq,0.45,0,1,1,Literature_ChIP_GlxR,1,0,,0,0,0,0,,,,0,2,1,0,0,0,0,,,,0,0,0,0,,,,,,7,0,0,,0,,1,Literature_ChIP_GlxR,ATCC13032,ATCC13032,0
cg0350,cg0350,cg1307,cg1307,1,curated_positive,R,0,1,0,1,16,0.5,experimental,0.8,1,1,1,CoryneRegNet,1,1,,0,0,0,0,,,,0,0,0,0,0,0,0,,,,0,0,0,1,0.707728,1.81513e-152,0.707728,998,Kranz2022_expression_compendium_Zenodo6842664,6,0,0,,0,,0,,,,1
cg0350,cg0350,cg1309,cg1309,1,curated_positive,R,0,1,0,1,16,0.375,predicted,0.25,0,1,1,CoryneRegNet,1,1,OP_cg1309,1,0,0,0,,,,0,0,0,0,0,0,0,,,,0,0,0,0,,,,,,7,0,0,,0,,0,,,,1
cg0350,cg0350,cg1310,tfdF,1,curated_positive,R,0,1,0,0,0,,predicted,0.2,0,1,1,CoryneRegNet,1,1,OP_cg1309,1,0,0,0,,,,0,0,0,0,0,0,0,,,,0,0,0,1,0.361699,3.52425e-14,0.361699,412,Kranz2022_expression_compendium_Zenodo6842664,7,0,0,,0,,0,,,,1
cg0350,cg0350,cg1311,catA2,1,curated_positive,R,0,1,0,0,0,,predicted,0.2,0,1,1,CoryneRegNet,1,1,OP_cg1309,1,0,0,0,,,,0,0,0,0,0,0,0,,,,0,0,0,1,0.365536,2.7508e-21,0.365536,628,Kranz2022_expression_compendium_Zenodo6842664,7,0,0,,0,,0,,,,1
cg0350,cg0350,cg1314,putP,1,curated_positive,R,0,1,0,1,16,0.375,predicted,0.25,0,1,2,CoryneRegNet,1,1,,0,0,0,0,,,,0,6,6,0,0,0,0,,,,0,0,0,1,0.845357,1.51166e-274,0.845357,1002,Kranz2022_expression_compendium_Zenodo6842664,6,0,0,,0,,0,,,,1
cg0350,cg0350,cg1340,cg1340,1,curated_positive,R,0,1,0,0,0,,experimental,0.75,1,1,2,CoryneRegNet,1,1,,0,0,0,0,,,,0,0,0,0,0,0,0,,,,0,0,0,0,,,,,,8,0,0,,0,,0,,,,0
cg0350,cg0350,cg1341,narI,1,curated_positive,A,1,0,0,0,0,,experimental + predicted,0.75,1,1,3,CoryneRegNet,1,1,OP_cg1345,1,0,0,0,,,,0,18,7,0,0,0,0,,,,0,0,0,0,,,,,,8,0,0,,0,,0,,,,1
cg0350,cg0350,cg1342,narJ,1,curated_positive,A,1,0,0,0,0,,experimental + predicted,0.75,1,1,3,CoryneRegNet,1,1,OP_cg1345,1,0,0,0,,,,0,18,7,0,0,0,0,,,,0,0,0,0,,,,,,8,0,0,,0,,0,,,,1
cg0350,cg0350,cg1343,narH,1,curated_positive,A,1,0,0,0,0,,experimental + predicted,0.75,1,1,3,CoryneRegNet,1,1,OP_cg1345,1,0,0,0,,,,0,18,7,0,0,0,0,,,,0,0,0,0,,,,,,8,0,0,,0,,0,,,,1
cg0350,cg0350,cg1344,narG,1,curated_positive,A,1,0,0,0,0,,experimental + predicted,0.75,1,1,3,CoryneRegNet,1,1,OP_cg1345,1,0,0,0,,,,0,19,8,0,0,0,0,,,,0,0,0,0,,,,,,8,0,0,,0,,0,,,,1
cg0350,cg0350,cg1345,narK,1,curated_positive,A,1,0,0,1,16,0.375,experimental + predicted,0.8,1,1,3,CoryneRegNet,1,1,OP_cg1345,1,0,0,0,,,,0,17,7,0,0,0,0,,,,0,0,0,0,,,,,,7,1,0,,0,,0,,,,1
cg0350,cg0350,cg1409,pfkA,1,curated_positive,A,1,0,0,1,16,0.5625,predicted,0.25,0,1,2,CoryneRegNet,1,1,,0,0,0,0,,,,0,12,7,0,0,0,0,,,,0,0,0,0,,,,,,7,0,0,,0,,0,,,,1
cg0350,cg0350,cg1435,ilvB,1,curated_positive,R,0,1,0,1,16,0.4375,predicted,0.25,0,1,2,CoryneRegNet,1,1,OP_cg1435,1,0,0,0,,,,0,12,6,0,0,0,0,,,,0,0,0,1,0.799233,1.44311e-221,0.799233,994,Kranz2022_expression_compendium_Zenodo6842664,6,0,0,,0,,0,,,,1
cg0350,cg0350,cg1436,ilvN,1,curated_positive,R,0,1,0,0,0,,predicted,0.2,0,1,2,CoryneRegNet,1,1,OP_cg1435,1,0,0,0,,,,0,12,6,0,0,0,0,,,,0,0,0,0,,,,,,8,0,0,,0,,0,,,,1
cg0350,cg0350,cg1437,ilvC,1,curated_positive,R,0,1,0,0,0,,predicted,0.2,0,1,2,CoryneRegNet,1,1,OP_cg1435,1,0,0,0,,,,0,22,6,0,0,0,0,,,,0,0,0,1,0.734749,4.53965e-170,0.734749,998,Kranz2022_expression_compendium_Zenodo6842664,7,0,0,,0,,0,,,,1
cg0350,cg0350,cg1537,ptsG,1,curated_positive,R,0,1,0,1,16,0.4375,predicted,0.25,0,1,2,CoryneRegNet,1,1,,0,0,0,0,,,,0,7,7,0,0,0,0,,,,0,0,0,1,0.764628,7.77778e-184,0.764628,954,Kranz2022_expression_compendium_Zenodo6842664,6,0,0,,0,,0,,,,1
cg0350,cg0350,cg1568,ugpA,1,curated_positive,R,0,1,0,1,16,0.4375,predicted,0.25,0,1,2,CoryneRegNet,1,1,OP_cg1568,1,0,0,0,,,,0,43,7,0,0,0,0,,,,0,0,0,1,0.55298,1.07186e-59,0.55298,730,Kranz2022_expression_compendium_Zenodo6842664,6,0,0,,0,,0,,,,1
cg0350,cg0350,cg1569,ugpE,1,curated_positive,R,0,1,0,0,0,,predicted,0.2,0,1,2,CoryneRegNet,1,1,OP_cg1568,1,0,0,0,,,,0,42,6,0,0,0,0,,,,0,0,0,0,,,,,,8,0,0,,0,,0,,,,1
cg0350,cg0350,cg1570,ugpB,1,curated_positive,R,0,1,0,0,0,,predicted,0.2,0,1,2,CoryneRegNet,1,1,OP_cg1568,1,0,0,0,,,,0,42,6,0,0,0,0,,,,0,0,0,1,0.235179,0.000362382,0.235179,226,Kranz2022_expression_compendium_Zenodo6842664,7,0,0,,0,,0,,,,1
cg0350,cg0350,cg1571,ugpC,1,curated_positive,R,0,1,0,0,0,,predicted,0.2,0,1,2,CoryneRegNet,1,1,OP_cg1568,1,0,0,0,,,,0,42,6,0,0,0,0,,,,0,0,0,0,,,,,,8,0,0,,0,,0,,,,1
cg0350,cg0350,cg1595,uspA2,1,curated_positive,R,0,1,0,1,16,0.4375,predicted,0.25,0,1,1,CoryneRegNet,1,1,,0,0,0,0,,,,0,0,0,0,0,0,0,,,,0,0,0,0,,,,,,7,0,0,,0,,0,,,,1
cg0350,cg0350,cg1656,ndh,1,curated_positive,A,1,0,0,1,16,0.4375,predicted,0.25,0,1,1,CoryneRegNet,1,1,,0,0,0,0,,,,0,6,6,0,0,0,0,,,,0,0,0,0,,,,,,7,1,0,,0,,0,,,,1
cg0350,cg0350,cg1735,cg1735,1,curated_positive,A,1,0,0,1,16,0.3125,predicted,0.25,0,1,2,CoryneRegNet,1,1,,0,0,0,0,,,,0,0,0,0,0,0,0,,,,0,0,0,0,,,,,,7,0,0,,0,,0,,,,1
cg0350,cg0350,cg1737,acn,1,curated_positive,R,0,1,0,1,16,0.5,experimental,0.8,1,1,2,CoryneRegNet,1,1,OP_cg1737,1,0,0,0,,,,0,22,6,0,0,0,0,,,,0,0,0,0,,,,,,7,0,0,,0,,1,Literature_ChIP_GlxR,ATCC13032,ATCC13032,1
cg0350,cg0350,cg1738,cg1738,1,curated_positive,R,0,1,0,0,0,,experimental + predicted,0.75,1,1,2,CoryneRegNet,1,1,OP_cg1737,1,0,0,0,,,,0,0,0,0,0,0,0,,,,0,0,0,0,,,,,,8,0,0,,0,,1,Literature_ChIP_GlxR,ATCC13032,ATCC13032,1
cg0350,cg0350,cg1739,cg1739,1,curated_positive,R,0,1,0,0,0,,experimental,0.75,1,1,2,CoryneRegNet,1,1,,0,0,0,0,,,,0,0,0,0,0,0,0,,,,0,0,0,0,,,,,,8,0,0,,0,,0,,,,1
cg0350,cg0350,cg1753,cg1753,1,curated_positive,R,0,1,0,1,16,0.375,predicted,0.25,0,1,2,CoryneRegNet,1,1,,0,0,0,0,,,,0,0,0,0,0,0,0,,,,0,0,0,1,0.728892,3.55275e-157,0.728892,944,Kranz2022_expression_compendium_Zenodo6842664,6,1,0,,0,,0,,,,0
cg0350,cg0350,cg1766,cg1766,1,curated_positive,A,1,0,0,1,16,0.375,predicted,0.25,0,1,1,CoryneRegNet,1,1,OP_cg1766,1,0,0,0,,,,0,0,0,0,0,0,0,,,,0,0,0,1,0.401656,1.1482e-24,0.401656,600,Kranz2022_expression_compendium_Zenodo6842664,6,1,0,,0,,0,,,,1
cg0350,cg0350,cg1767,cg1767,1,curated_positive,A,1,0,0,0,0,,predicted,0.2,0,1,1,CoryneRegNet,1,1,OP_cg1766,1,0,0,0,,,,0,0,0,0,0,0,0,,,,0,0,0,1,0.753623,2.23452e-168,0.753623,914,Kranz2022_expression_compendium_Zenodo6842664,7,0,0,,0,,0,,,,1
cg0350,cg0350,cg1768,cg1768,1,curated_positive,A,1,0,0,0,0,,predicted,0.2,0,1,1,CoryneRegNet,1,1,OP_cg1766,1,0,0,0,,,,0,0,0,0,0,0,0,,,,0,0,0,1,0.342189,3.17786e-16,0.342189,538,Kranz2022_expression_compendium_Zenodo6842664,7,0,0,,0,,0,,,,1
cg0350,cg0350,cg1769,ctaA,1,curated_positive,A,1,0,0,0,0,,predicted,0.2,0,1,1,CoryneRegNet,1,1,OP_cg1766,1,0,0,0,,,,0,0,0,0,0,0,0,,,,0,0,0,1,0.368811,5.40147e-06,0.368811,144,Kranz2022_expression_compendium_Zenodo6842664,7,0,0,,0,,0,,,,1
cg0350,glxR,cg1785,amt,1,curated_positive,R,0,1,0,1,17,0.4545,ChIP-seq,0.45,0,1,1,Literature_ChIP_GlxR,1,0,,0,0,0,0,,,,0,11,6,0,0,0,0,,,,0,0,0,0,,,,,,7,1,0,,0,,1,Literature_ChIP_GlxR,ATCC13032,ATCC13032,0
cg0350,cg0350,cg1787,ppc,1,curated_positive,R,0,1,0,0,0,,predicted,0.2,0,1,1,CoryneRegNet,1,1,OP_cg1790,1,0,0,0,,,,0,6,6,0,0,0,0,,,,0,0,0,1,0.754472,4.0292e-178,0.754472,964,Kranz2022_expression_compendium_Zenodo6842664,7,0,0,,0,,0,,,,1
cg0350,cg0350,cg1789,tpi,1,curated_positive,R,0,1,0,0,0,,predicted,0.2,0,1,2,CoryneRegNet,1,1,OP_cg1790,1,0,0,0,,,,0,11,6,0,0,0,0,,,,0,0,0,0,,,,,,8,0,0,,0,,0,,,,1
cg0350,cg0350,cg1790,pgk,1,curated_positive,R,0,1,0,1,16,0.25,predicted,0.25,0,1,2,CoryneRegNet,1,1,OP_cg1790,1,0,0,0,,,,0,11,6,0,0,0,0,,,,0,0,0,0,,,,,,7,0,0,,0,,0,,,,1
cg0350,cg0350,cg1791,gap,1,curated_positive,R,0,1,0,1,32,0.3438,experimental,0.8,1,1,3,CoryneRegNet,1,1,,0,0,0,0,,,,0,11,6,0,0,0,0,,,,0,0,0,1,0.672349,2.92696e-132,0.672349,998,Kranz2022_expression_compendium_Zenodo6842664,6,0,0,,0,,0,,,,1
cg0350,cg0350,cg1840,cg1840,1,curated_positive,R,0,1,0,1,16,0.375,predicted,0.25,0,1,1,CoryneRegNet,1,1,,0,0,0,0,,,,0,0,0,0,0,0,0,,,,0,0,0,0,,,,,,7,0,0,,0,,0,,,,1
cg0350,cg0350,cg1956,recJ,1,curated_positive,R,0,1,0,1,16,0.4375,predicted,0.25,0,1,1,CoryneRegNet,1,1,,0,0,0,0,,,,0,1,1,0,0,0,0,,,,0,0,0,1,0.737273,3.45207e-173,0.737273,1006,Kranz2022_expression_compendium_Zenodo6842664,6,0,0,,0,,0,,,,1
cg0350,glxR,cg2092,sigA,1,curated_positive,A,1,0,0,1,17,0.4545,ChIP-seq,0.45,0,1,1,Literature_ChIP_GlxR,1,0,,0,0,0,0,,,,0,0,0,0,0,0,0,,,,0,0,0,0,,,,,,7,1,0,,0,,1,Literature_ChIP_GlxR,ATCC13032,ATCC13032,0
cg0350,glxR,cg2102,sigB,1,curated_positive,A,1,0,0,1,17,0.4545,ChIP-seq,0.45,0,1,1,Literature_ChIP_GlxR,1,0,,0,0,0,0,,,,0,0,0,0,0,0,0,,,,0,0,0,0,,,,,,7,0,0,,0,,1,Literature_ChIP_GlxR,ATCC13032,ATCC13032,0
cg0350,glxR,cg2103,dtxR,1,curated_positive,R,0,1,0,1,17,0.4545,ChIP-seq,0.45,0,1,1,Literature_ChIP_GlxR,1,0,,0,0,0,0,,,,0,0,0,0,0,0,0,,,,0,0,0,0,,,,,,7,0,0,,0,,1,Literature_ChIP_GlxR,ATCC13032,ATCC13032,0
cg0350,cg0350,cg2117,ptsI,1,curated_positive,R,0,1,0,1,16,0.5,predicted,0.25,0,1,1,CoryneRegNet,1,1,,0,0,0,0,,,,0,55,7,0,0,0,0,,,,0,0,0,0,,,,,,7,1,0,,0,,0,,,,1
cg0350,cg0350,cg2118,cg2118,1,curated_positive,R,0,1,0,1,16,0.5,predicted,0.25,0,1,1,CoryneRegNet,1,1,OP_cg2118,1,0,0,0,,,,0,0,0,0,0,0,0,,,,0,0,0,1,0.672237,2.12405e-125,0.672237,946,Kranz2022_expression_compendium_Zenodo6842664,6,0,0,,0,,0,,,,1
cg0350,cg0350,cg2119,pfkB,1,curated_positive,R,0,1,0,0,0,,predicted,0.2,0,1,1,CoryneRegNet,1,1,OP_cg2118,1,0,0,0,,,,0,6,6,0,0,0,0,,,,0,0,0,1,0.752088,7.98689e-182,0.752088,994,Kranz2022_expression_compendium_Zenodo6842664,7,0,0,,0,,0,,,,1
cg0350,cg0350,cg2120,ptsF,1,curated_positive,R,0,1,0,0,0,,predicted,0.2,0,1,1,CoryneRegNet,1,1,OP_cg2118,1,0,0,0,,,,0,2,2,0,0,0,0,,,,0,0,0,1,0.717634,7.56637e-156,0.717634,980,Kranz2022_expression_compendium_Zenodo6842664,7,1,0,,0,,0,,,,1
cg0350,cg0350,cg2136,gluA,1,curated_positive,R,0,1,0,1,16,0.5,predicted,0.25,0,1,1,CoryneRegNet,1,1,OP_cg2136,1,0,0,0,,,,0,6,6,0,0,0,0,,,,0,0,0,1,0.787894,2.3647e-212,0.787894,1000,Kranz2022_expression_compendium_Zenodo6842664,6,0,0,,0,,1,Literature_ChIP_GlxR,ATCC13032,ATCC13032,1
cg0350,cg0350,cg2137,gluB,1,curated_positive,R,0,1,0,0,0,,predicted,0.2,0,1,1,CoryneRegNet,1,1,OP_cg2136,1,0,0,0,,,,0,6,6,0,0,0,0,,,,0,0,0,1,0.711482,2.09885e-155,0.711482,1002,Kranz2022_expression_compendium_Zenodo6842664,7,0,0,,0,,1,Literature_ChIP_GlxR,ATCC13032,ATCC13032,1
cg0350,cg0350,cg2138,gluC,1,curated_positive,R,0,1,0,0,0,,predicted,0.2,0,1,1,CoryneRegNet,1,1,OP_cg2136,1,0,0,0,,,,0,27,7,0,0,0,0,,,,0,0,0,0,,,,,,8,0,0,,0,,1,Literature_ChIP_GlxR,ATCC13032,ATCC13032,1
cg0350,cg0350,cg2139,gluD,1,curated_positive,R,0,1,0,0,0,,predicted,0.2,0,1,1,CoryneRegNet,1,1,OP_cg2136,1,0,0,0,,,,0,9,7,0,0,0,0,,,,0,0,0,1,0.752356,1.57288e-151,0.752356,826,Kranz2022_expression_compendium_Zenodo6842664,7,0,0,,0,,1,Literature_ChIP_GlxR,ATCC13032,ATCC13032,1
cg0350,cg0350,cg2258,glnD,1,curated_positive,R,0,1,0,0,0,,predicted,0.2,0,1,2,CoryneRegNet,1,1,OP_cg2261,1,0,0,0,,,,0,1,1,0,0,0,0,,,,0,0,0,1,0.546883,4.1031e-50,0.546883,626,Kranz2022_expression_compendium_Zenodo6842664,7,0,0,,0,,0,,,,1
cg0350,cg0350,cg2260,glnK,1,curated_positive,R,0,1,0,0,0,,predicted,0.2,0,1,2,CoryneRegNet,1,1,OP_cg2261,1,0,0,0,,,,0,0,0,0,0,0,0,,,,0,0,0,1,0.707271,9.49289e-128,0.707271,836,Kranz2022_expression_compendium_Zenodo6842664,7,0,0,,0,,0,,,,1
cg0350,cg0350,cg2261,amtB,1,curated_positive,R,0,1,0,1,16,0.375,predicted,0.25,0,1,2,CoryneRegNet,1,1,OP_cg2261,1,0,0,0,,,,0,11,6,0,0,0,0,,,,0,0,0,1,0.407145,3.34021e-30,0.407145,722,Kranz2022_expression_compendium_Zenodo6842664,6,0,0,,0,,1,Literature_ChIP_GlxR,ATCC13032,ATCC13032,1
cg0350,cg0350,cg2280,gdh,1,curated_positive,R,0,1,0,1,16,0.375,predicted,0.25,0,1,1,CoryneRegNet,1,1,,0,0,0,0,,,,0,7,7,0,0,0,0,,,,0,0,0,1,0.868975,3.75519e-274,0.868975,892,Kranz2022_expression_compendium_Zenodo6842664,6,0,0,,0,,0,,,,1
cg0350,cg0350,cg2361,cg2361,1,curated_positive,A,1,0,0,1,16,0.375,predicted,0.25,0,1,2,CoryneRegNet,1,1,,0,0,0,0,,,,0,0,0,0,0,0,0,,,,0,0,0,1,0.882696,9.88131e-324,0.882696,982,Kranz2022_expression_compendium_Zenodo6842664,6,0,0,,0,,0,,,,1
cg0350,cg0350,cg2402,cg2402,1,curated_positive,A,1,0,0,1,16,0.375,predicted,0.25,0,1,1,CoryneRegNet,1,1,,0,0,0,0,,,,0,1,1,0,0,0,0,,,,0,0,0,0,,,,,,7,0,0,,0,,0,,,,1
cg0350,cg0350,cg2403,qcrB,1,curated_positive,A,1,0,0,0,0,,predicted,0.2,0,1,1,CoryneRegNet,1,1,OP_cg2406,1,0,0,0,,,,0,1,1,0,0,0,0,,,,0,0,0,1,0.737685,1.98166e-171,0.737685,994,Kranz2022_expression_compendium_Zenodo6842664,7,0,0,,0,,0,,,,1
cg0350,cg0350,cg2404,qcrA1,1,curated_positive,A,1,0,0,0,0,,predicted,0.2,0,1,1,CoryneRegNet,1,1,OP_cg2406,1,0,0,0,,,,0,6,1,0,0,0,0,,,,0,0,0,1,0.65738,2.75187e-124,0.65738,996,Kranz2022_expression_compendium_Zenodo6842664,7,0,0,,0,,0,,,,1
cg0350,cg0350,cg2405,qcrC,1,curated_positive,A,1,0,0,0,0,,predicted,0.2,0,1,1,CoryneRegNet,1,1,OP_cg2406,1,0,0,0,,,,0,0,0,0,0,0,0,,,,0,0,0,1,0.779628,4.56156e-205,0.779628,1000,Kranz2022_expression_compendium_Zenodo6842664,7,0,0,,0,,0,,,,1
cg0350,cg0350,cg2406,ctaE,1,curated_positive,A,1,0,0,1,16,0.5,predicted,0.25,0,1,1,CoryneRegNet,1,1,OP_cg2406,1,0,0,0,,,,0,18,6,0,0,0,0,,,,0,0,0,0,,,,,,7,1,0,,0,,0,,,,1
cg0350,cg0350,cg2408,cg2408,1,curated_positive,A,1,0,0,0,0,,predicted,0.2,0,1,1,CoryneRegNet,1,1,OP_cg2409,1,0,0,0,,,,0,15,5,0,0,0,0,,,,0,0,0,0,,,,,,8,1,0,,0,,0,,,,1
cg0350,cg0350,cg2409,ctaC,1,curated_positive,A,1,0,0,1,16,0.5,predicted,0.25,0,1,1,CoryneRegNet,1,1,OP_cg2409,1,0,0,0,,,,0,24,7,0,0,0,0,,,,0,0,0,0,,,,,,7,0,0,,0,,0,,,,1
cg0350,cg0350,cg2410,ltsA,1,curated_positive,A,1,0,0,1,16,0.5,predicted,0.25,0,1,1,CoryneRegNet,1,1,,0,0,0,0,,,,0,12,6,0,0,0,0,,,,0,0,0,1,0.741218,8.81079e-162,0.741218,924,Kranz2022_expression_compendium_Zenodo6842664,6,0,0,,0,,0,,,,1
cg0350,cg0350,cg2429,glnA,1,curated_positive,R,0,1,0,1,16,0.375,predicted,0.25,0,1,1,CoryneRegNet,1,1,,0,0,0,0,,,,0,6,6,0,0,0,0,,,,0,0,0,1,0.710145,1.18124e-153,0.710145,996,Kranz2022_expression_compendium_Zenodo6842664,6,0,0,,0,,1,Literature_ChIP_GlxR,ATCC13032,ATCC13032,1
cg0350,cg0350,cg2559,aceB,1,curated_positive,R,0,1,0,1,32,0.4375,experimental,0.8,1,1,5,CoryneRegNet,1,1,,0,0,0,0,,,,0,1,1,0,0,0,0,,,,0,0,0,1,0.698544,3.98749e-134,0.698544,910,Kranz2022_expression_compendium_Zenodo6842664,6,0,0,,0,,1,Literature_ChIP_GlxR,ATCC13032,ATCC13032,1
cg0350,cg0350,cg2560,aceA,1,curated_positive,R,0,1,0,1,16,0.625,experimental,0.8,1,1,3,CoryneRegNet,1,1,,0,0,0,0,,,,0,6,6,0,0,0,0,,,,0,0,0,1,0.589874,1.93221e-88,0.589874,932,Kranz2022_expression_compendium_Zenodo6842664,6,1,0,,0,,1,Literature_ChIP_GlxR,ATCC13032,ATCC13032,1
cg0350,cg0350,cg2610,cg2610,1,curated_positive,R,0,1,0,1,16,0.5625,experimental,0.8,1,1,1,CoryneRegNet,1,1,,0,0,0,0,,,,0,0,0,0,0,0,0,,,,0,0,0,0,,,,,,7,0,0,,0,,0,,,,1
cg0350,cg0350,cg2616,vanA,1,curated_positive,R,0,1,0,1,16,0.375,predicted,0.25,0,1,1,CoryneRegNet,1,1,OP_cg2616,1,0,0,0,,,,0,0,0,0,0,0,0,,,,0,0,0,0,,,,,,7,0,0,,0,,0,,,,1
cg0350,cg0350,cg2617,vanB,1,curated_positive,R,0,1,0,0,0,,predicted,0.2,0,1,1,CoryneRegNet,1,1,OP_cg2616,1,0,0,0,,,,0,6,1,0,0,0,0,,,,0,0,0,1,0.69402,3.80613e-143,0.69402,990,Kranz2022_expression_compendium_Zenodo6842664,7,0,0,,0,,0,,,,1
cg0350,cg0350,cg2618,vanK,1,curated_positive,R,0,1,0,0,0,,predicted,0.2,0,1,1,CoryneRegNet,1,1,OP_cg2616,1,0,0,0,,,,0,0,0,0,0,0,0,,,,0,0,0,1,0.697183,7.25522e-126,0.697183,858,Kranz2022_expression_compendium_Zenodo6842664,7,0,0,,0,,0,,,,1
cg0350,cg0350,cg2628,pcaI,1,curated_positive,R,0,1,0,0,0,,predicted,0.2,0,1,1,CoryneRegNet,1,1,OP_cg2631,1,0,0,0,,,,0,2,1,0,0,0,0,,,,0,0,0,1,0.419479,2.42379e-24,0.419479,538,Kranz2022_expression_compendium_Zenodo6842664,7,1,0,,0,,0,,,,1
cg0350,cg0350,cg2629,pcaB1,1,curated_positive,R,0,1,0,0,0,,predicted,0.2,0,1,1,CoryneRegNet,1,1,OP_cg2631,1,0,0,0,,,,0,0,0,0,0,0,0,,,,0,0,0,1,0.70051,3.8196e-128,0.70051,862,Kranz2022_expression_compendium_Zenodo6842664,7,1,0,,0,,0,,,,1
cg0350,cg0350,cg2630,pcaG,1,curated_positive,R,0,1,0,0,0,,predicted,0.2,0,1,1,CoryneRegNet,1,1,OP_cg2631,1,0,0,0,,,,0,0,0,0,0,0,0,,,,0,0,0,1,0.665647,8.36998e-105,0.665647,810,Kranz2022_expression_compendium_Zenodo6842664,7,1,0,,0,,0,,,,1
cg0350,cg0350,cg2631,pcaH,1,curated_positive,R,0,1,0,1,16,0.3125,predicted,0.25,0,1,1,CoryneRegNet,1,1,OP_cg2631,1,0,0,0,,,,0,0,0,0,0,0,0,,,,0,0,0,1,0.640659,4.29331e-97,0.640659,830,Kranz2022_expression_compendium_Zenodo6842664,6,1,0,,0,,0,,,,1
cg0350,cg0350,cg2636,catA1,1,curated_positive,R,0,1,0,1,16,0.5,predicted,0.25,0,1,1,CoryneRegNet,1,1,,0,0,0,0,,,,0,0,0,0,0,0,0,,,,0,0,0,1,0.686467,5.35183e-130,0.686467,926,Kranz2022_expression_compendium_Zenodo6842664,6,2,0,,0,,0,,,,1
cg0350,cg0350,cg2637,benA,1,curated_positive,R,0,1,0,1,16,0.3125,predicted,0.25,0,1,1,CoryneRegNet,1,1,OP_cg2637,1,0,0,0,,,,0,0,0,0,0,0,0,,,,0,0,0,1,0.319574,3.90576e-10,0.319574,366,Kranz2022_expression_compendium_Zenodo6842664,6,2,0,,0,,0,,,,1
cg0350,cg0350,cg2638,benB,1,curated_positive,R,0,1,0,0,0,,predicted,0.2,0,1,1,CoryneRegNet,1,1,OP_cg2637,1,0,0,0,,,,0,0,0,0,0,0,0,,,,0,0,0,1,0.310963,3.43779e-10,0.310963,390,Kranz2022_expression_compendium_Zenodo6842664,7,0,0,,0,,0,,,,1
cg0350,cg0350,cg2639,benC,1,curated_positive,R,0,1,0,0,0,,predicted,0.2,0,1,1,CoryneRegNet,1,1,OP_cg2637,1,0,0,0,,,,0,0,0,0,0,0,0,,,,0,0,0,1,0.387057,3.05841e-07,0.387057,164,Kranz2022_expression_compendium_Zenodo6842664,7,1,0,,0,,0,,,,1
cg0350,cg0350,cg2640,benD,1,curated_positive,R,0,1,0,0,0,,predicted,0.2,0,1,1,CoryneRegNet,1,1,OP_cg2637,1,0,0,0,,,,0,1,1,0,0,0,0,,,,0,0,0,0,,,,,,8,1,0,,0,,0,,,,1
cg0350,cg0350,cg2642,benK1,1,curated_positive,R,0,1,0,1,16,0.4375,predicted,0.25,0,1,1,CoryneRegNet,1,1,OP_cg2642,1,0,0,0,,,,0,0,0,0,0,0,0,,,,0,0,0,1,0.786098,1.73579e-209,0.786098,994,Kranz2022_expression_compendium_Zenodo6842664,6,0,0,,0,,0,,,,1
cg0350,cg0350,cg2643,benE,1,curated_positive,R,0,1,0,0,0,,predicted,0.2,0,1,1,CoryneRegNet,1,1,OP_cg2642,1,0,0,0,,,,0,0,0,0,0,0,0,,,,0,0,0,0,,,,,,8,0,0,,0,,0,,,,1
cg0350,cg0350,cg2708,msiK1,1,curated_positive,R,0,1,0,1,16,0.4375,predicted,0.25,0,1,1,CoryneRegNet,1,1,OP_cg2708,1,0,0,0,,,,0,5,5,0,0,0,0,,,,0,0,0,1,0.845841,1.56754e-273,0.845841,996,Kranz2022_expression_compendium_Zenodo6842664,6,1,0,,0,,0,,,,1
cg0350,cg0350,cg2732,gntV,1,curated_positive,R,0,1,0,1,32,0.5,experimental,0.8,1,1,2,CoryneRegNet,1,1,,0,0,0,0,,,,0,6,6,0,0,0,0,,,,0,0,0,1,0.185241,1.27531e-05,0.185241,548,Kranz2022_expression_compendium_Zenodo6842664,6,0,0,,0,,0,,,,1
cg0350,cg0350,cg2743,fas-IA,1,curated_positive,A,1,0,0,1,16,0.5625,predicted,0.25,0,1,1,CoryneRegNet,1,1,,0,0,0,0,,,,0,0,0,0,0,0,0,,,,0,0,0,1,0.75997,1.86824e-178,0.75997,944,Kranz2022_expression_compendium_Zenodo6842664,6,2,0,,0,,0,,,,1
cg0350,cg0350,cg2780,ctaD,1,curated_positive,A,1,0,0,1,16,0.5,predicted,0.25,0,1,1,CoryneRegNet,1,1,,0,0,0,0,,,,0,19,7,0,0,0,0,,,,0,0,0,0,,,,,,7,0,0,,0,,0,,,,1
cg0350,cg0350,cg2781,nrdF,1,curated_positive,R,0,1,0,1,16,0.4375,predicted,0.25,0,1,1,CoryneRegNet,1,1,,0,0,0,0,,,,0,24,6,0,0,0,0,,,,0,0,0,0,,,,,,7,0,0,,0,,0,,,,1
cg0350,glxR,cg2782,ftn,1,curated_positive,R,0,1,0,1,17,0.4545,ChIP-seq,0.45,0,1,1,Literature_ChIP_GlxR,1,0,,0,0,0,0,,,,0,9,7,0,0,0,0,,,,0,0,0,0,,,,,,7,0,0,,0,,1,Literature_ChIP_GlxR,ATCC13032,ATCC13032,1
cg0350,cg0350,cg2824,cg2824,1,curated_positive,A,1,0,0,1,16,0.4375,experimental,0.8,1,1,1,CoryneRegNet,1,1,,0,0,0,0,,,,0,0,0,0,0,0,0,,,,0,0,0,0,,,,,,7,2,0,,0,,0,,,,1
cg0350,cg0350,cg2831,cg2831,1,curated_positive,A,1,0,0,1,16,0.375,experimental,0.8,1,1,1,CoryneRegNet,1,1,,0,0,0,0,,,,0,0,0,0,0,0,0,,,,0,0,0,0,,,,,,7,2,0,,0,,0,,,,1
cg0350,cg0350,cg2836,sucD,1,curated_positive,R,0,1,0,0,0,,predicted,0.2,0,1,2,CoryneRegNet,1,1,OP_cg2837,1,0,0,0,,,,0,6,6,0,0,0,0,,,,0,0,0,0,,,,,,8,2,0,,0,,0,,,,1
cg0350,cg0350,cg2837,sucC,1,curated_positive,R,0,1,0,1,32,0.4062,experimental,0.8,1,1,3,CoryneRegNet,1,1,OP_cg2837,1,0,0,0,,,,0,6,6,0,0,0,0,,,,0,0,0,1,0.675564,1.16442e-119,0.675564,890,Kranz2022_expression_compendium_Zenodo6842664,6,0,0,,0,,0,,,,1
cg0350,cg0350,cg2840,actA,1,curated_positive,A,1,0,0,1,16,0.4375,predicted,0.25,0,1,2,CoryneRegNet,1,1,,0,0,0,0,,,,0,7,7,0,0,0,0,,,,0,0,0,1,0.777507,1.92743e-202,0.777507,996,Kranz2022_expression_compendium_Zenodo6842664,6,1,0,,0,,0,,,,1
cg0350,cg0350,cg2843,pstB,1,curated_positive,A,1,0,0,0,0,,experimental + predicted,0.75,1,1,3,CoryneRegNet,1,1,OP_cg2846,1,0,0,0,,,,0,7,7,0,0,0,0,,,,0,0,0,0,,,,,,8,1,0,,0,,0,,,,1
cg0350,cg0350,cg2844,pstA,1,curated_positive,A,1,0,0,0,0,,experimental + predicted,0.75,1,1,3,CoryneRegNet,1,1,OP_cg2846,1,0,0,0,,,,0,15,9,0,0,0,0,,,,0,0,0,1,0.369137,1.4896e-18,0.369137,530,Kranz2022_expression_compendium_Zenodo6842664,7,1,0,,0,,0,,,,1
cg0350,cg0350,cg2845,pstC,1,curated_positive,A,1,0,0,0,0,,experimental + predicted,0.75,1,1,3,CoryneRegNet,1,1,OP_cg2846,1,0,0,0,,,,0,6,6,0,0,0,0,,,,0,0,0,0,,,,,,8,0,0,,0,,0,,,,1
cg0350,cg0350,cg2846,pstS,1,curated_positive,A,1,0,0,1,16,0.4375,experimental + predicted,0.8,1,1,3,CoryneRegNet,1,1,OP_cg2846,1,0,0,0,,,,0,6,6,0,0,0,0,,,,0,0,0,0,,,,,,7,0,0,,0,,0,,,,1
cg0350,cg0350,cg2953,xylC,1,curated_positive,R,0,1,0,1,16,0.375,predicted,0.25,0,1,1,CoryneRegNet,1,1,,0,0,0,0,,,,0,7,7,0,0,0,0,,,,0,0,0,1,0.720436,4.52084e-148,0.720436,920,Kranz2022_expression_compendium_Zenodo6842664,6,0,0,,0,,0,,,,1
cg0350,cg0350,cg2965,cg2965,1,curated_positive,R,0,1,0,1,16,0.375,predicted,0.25,0,1,1,CoryneRegNet,1,1,,0,0,0,0,,,,0,0,0,0,0,0,0,,,,0,0,0,1,0.592462,2.83318e-62,0.592462,644,Kranz2022_expression_compendium_Zenodo6842664,6,0,0,,0,,0,,,,1
cg0350,cg0350,cg2966,cg2966,1,curated_positive,R,0,1,0,1,16,0.375,predicted,0.25,0,1,1,CoryneRegNet,1,1,,0,0,0,0,,,,0,0,0,0,0,0,0,,,,0,0,0,1,0.535446,3.56353e-48,0.535446,632,Kranz2022_expression_compendium_Zenodo6842664,6,0,0,,0,,0,,,,0
cg0350,cg0350,cg3047,ackA,1,curated_positive,R,0,1,0,0,0,,predicted,0.2,0,1,1,CoryneRegNet,1,1,OP_cg3048,1,0,0,0,,,,0,11,6,0,0,0,0,,,,0,0,0,0,,,,,,8,0,0,,0,,0,,,,1
cg0350,cg0350,cg3048,pta,1,curated_positive,R,0,1,0,1,16,0.25,predicted,0.25,0,1,1,CoryneRegNet,1,1,OP_cg3048,1,0,0,0,,,,0,11,6,0,0,0,0,,,,0,0,0,0,,,,,,7,0,0,,0,,1,Literature_ChIP_GlxR,ATCC13032,ATCC13032,1
cg0350,cg0350,cg3096,cg3096,1,curated_positive,R,0,1,0,1,16,0.5625,predicted,0.25,0,1,2,CoryneRegNet,1,1,,0,0,0,0,,,,0,6,6,0,0,0,0,,,,0,0,0,1,0.721825,1.3772e-156,0.721825,968,Kranz2022_expression_compendium_Zenodo6842664,6,1,0,,0,,0,,,,1
cg0350,cg0350,cg3107,adhA,1,curated_positive,R,0,1,0,1,32,0.2812,predicted,0.25,0,1,1,CoryneRegNet,1,1,,0,0,0,0,,,,0,11,6,0,0,0,0,,,,0,0,0,1,0.652196,1.17545e-116,0.652196,954,Kranz2022_expression_compendium_Zenodo6842664,6,1,0,,0,,0,,,,1
cg0350,cg0350,cg3125,cg3125,1,curated_positive,R,0,1,0,0,0,,predicted,0.2,0,1,2,CoryneRegNet,1,1,OP_cg3127,1,0,0,0,,,,0,0,0,0,0,0,0,,,,0,0,0,1,0.483891,3.34153e-41,0.483891,680,Kranz2022_expression_compendium_Zenodo6842664,7,1,0,,0,,0,,,,1
cg0350,cg0350,cg3126,cg3126,1,curated_positive,R,0,1,0,0,0,,predicted,0.2,0,1,2,CoryneRegNet,1,1,OP_cg3127,1,0,0,0,,,,0,0,0,0,0,0,0,,,,0,0,0,1,0.449604,4.83995e-27,0.449604,516,Kranz2022_expression_compendium_Zenodo6842664,7,1,0,,0,,0,,,,1
cg0350,cg0350,cg3127,cg3127,1,curated_positive,R,0,1,0,1,32,0.5312,predicted,0.25,0,1,2,CoryneRegNet,1,1,OP_cg3127,1,0,0,0,,,,0,0,0,0,0,0,0,,,,0,0,0,1,0.530795,1.52297e-50,0.530795,678,Kranz2022_expression_compendium_Zenodo6842664,6,1,0,,0,,0,,,,1
cg0350,cg0350,cg3169,pck,1,curated_positive,R,0,1,0,1,16,0.5,experimental,0.8,1,1,2,CoryneRegNet,1,1,,0,0,0,0,,,,0,0,0,0,0,0,0,,,,0,0,0,1,0.675358,1.88731e-126,0.675358,942,Kranz2022_expression_compendium_Zenodo6842664,6,0,0,,0,,1,Literature_ChIP_GlxR,ATCC13032,ATCC13032,1
cg0350,cg0350,cg3170,cg3170,1,curated_positive,R,0,1,0,1,16,0.5625,predicted,0.25,0,1,1,CoryneRegNet,1,1,,0,0,0,0,,,,0,6,6,0,0,0,0,,,,0,0,0,1,0.412766,2.05375e-26,0.412766,608,Kranz2022_expression_compendium_Zenodo6842664,6,0,0,,0,,0,,,,1
cg0350,cg0350,cg3195,cg3195,1,curated_positive,R,0,1,0,1,16,0.5,experimental,0.8,1,1,1,CoryneRegNet,1,1,,0,0,0,0,,,,0,6,6,0,0,0,0,,,,0,0,0,1,0.728193,1.0208e-157,0.728193,950,Kranz2022_expression_compendium_Zenodo6842664,6,0,0,,0,,0,,,,1
cg0350,cg0350,cg3216,gntP,1,curated_positive,R,0,1,0,1,16,0.4375,experimental,0.8,1,1,2,CoryneRegNet,1,1,,0,0,0,0,,,,0,11,6,0,0,0,0,,,,0,0,0,1,0.678393,6.6514e-123,0.678393,904,Kranz2022_expression_compendium_Zenodo6842664,6,0,0,,0,,0,,,,1
cg0350,cg0350,cg3219,ldh,1,curated_positive,A,1,0,0,1,16,0.25,predicted,0.25,0,1,1,CoryneRegNet,1,1,,0,0,0,0,,,,0,6,6,0,0,0,0,,,,0,0,0,1,0.567352,4.32395e-86,0.567352,998,Kranz2022_expression_compendium_Zenodo6842664,6,0,0,,0,,0,,,,1
cg0350,cg0350,cg3220,cg3220,1,curated_positive,R,0,1,0,1,16,0.25,predicted,0.25,0,1,1,CoryneRegNet,1,1,OP_cg3220,1,0,0,0,,,,0,0,0,0,0,0,0,,,,0,0,0,1,0.277612,6.60039e-10,0.277612,478,Kranz2022_expression_compendium_Zenodo6842664,6,0,0,,0,,0,,,,1
cg0350,cg0350,cg3221,cg3221,1,curated_positive,R,0,1,0,0,0,,predicted,0.2,0,1,1,CoryneRegNet,1,1,OP_cg3220,1,0,0,0,,,,0,0,0,0,0,0,0,,,,0,0,0,1,0.704707,8.70415e-138,0.704707,912,Kranz2022_expression_compendium_Zenodo6842664,7,1,0,,0,,0,,,,1
cg0350,cg0350,cg3226,cg3226,1,curated_positive,R,0,1,0,1,16,0.5625,predicted,0.25,0,1,1,CoryneRegNet,1,1,OP_cg3226,1,0,0,0,,,,0,0,0,0,0,0,0,,,,0,0,0,1,0.463783,2.04851e-51,0.463783,942,Kranz2022_expression_compendium_Zenodo6842664,6,1,0,,0,,0,,,,1
cg0350,cg0350,cg3227,lldA,1,curated_positive,R,0,1,0,0,0,,predicted,0.2,0,1,1,CoryneRegNet,1,1,OP_cg3226,1,0,0,0,,,,0,12,6,0,0,0,0,,,,0,0,0,1,0.573587,1.10999e-87,0.573587,990,Kranz2022_expression_compendium_Zenodo6842664,7,1,0,,0,,0,,,,1
cg0350,cg0350,cg3250,cg3250,1,curated_positive,R,0,1,0,0,0,,predicted,0.2,0,1,1,CoryneRegNet,1,1,OP_cg3251,1,0,0,0,,,,0,0,0,0,0,0,0,,,,0,0,0,1,0.351684,5.03625e-19,0.351684,604,Kranz2022_expression_compendium_Zenodo6842664,7,2,0,,0,,0,,,,1
cg0350,cg0350,cg3251,cg3251,1,curated_positive,R,0,1,0,1,16,0.625,predicted,0.25,0,1,1,CoryneRegNet,1,1,OP_cg3251,1,0,0,0,,,,0,0,0,0,0,0,0,,,,0,0,0,1,0.764578,3.7056e-176,0.764578,914,Kranz2022_expression_compendium_Zenodo6842664,6,0,0,,0,,0,,,,1
cg0350,glxR,cg3335,mez,1,curated_positive,A,1,0,0,1,17,0.4545,ChIP-seq,0.45,0,1,1,Literature_ChIP_GlxR,1,0,,0,0,0,0,,,,0,12,6,0,0,0,0,,,,0,0,0,0,,,,,,7,1,0,,0,,1,Literature_ChIP_GlxR,ATCC13032,ATCC13032,0
cg0350,cg0350,cg3349,cg3349,1,curated_positive,R,0,1,0,0,0,,experimental + predicted,0.75,1,1,2,CoryneRegNet,1,1,OP_cg3351,1,0,0,0,,,,0,0,0,0,0,0,0,,,,0,0,0,1,0.457036,1.2305e-29,0.457036,548,Kranz2022_expression_compendium_Zenodo6842664,7,1,0,,0,,0,,,,1
cg0350,cg0350,cg3350,hpaG,1,curated_positive,R,0,1,0,0,0,,experimental + predicted,0.75,1,1,2,CoryneRegNet,1,1,OP_cg3351,1,0,0,0,,,,0,0,0,0,0,0,0,,,,0,0,0,1,0.680921,1.54076e-135,0.680921,988,Kranz2022_expression_compendium_Zenodo6842664,7,1,0,,0,,0,,,,1
cg0350,cg0350,cg3351,nagI,1,curated_positive,R,0,1,0,1,16,0.375,experimental + predicted,0.8,1,1,2,CoryneRegNet,1,1,OP_cg3351,1,0,0,0,,,,0,0,0,0,0,0,0,,,,0,0,0,1,0.450548,5.18649e-34,0.450548,654,Kranz2022_expression_compendium_Zenodo6842664,6,0,0,,0,,0,,,,1
cg0350,cg0350,cg3352,cg3352,1,curated_positive,R,0,1,0,1,16,0.5,experimental + predicted,0.8,1,1,2,CoryneRegNet,1,1,,0,0,0,0,,,,0,0,0,0,0,0,0,,,,0,0,0,1,0.413691,4.4249e-23,0.413691,524,Kranz2022_expression_compendium_Zenodo6842664,6,0,0,,0,,0,,,,1
cg0350,cg0350,cg3353,benK2,1,curated_positive,R,0,1,0,1,32,0.4688,experimental + predicted,0.8,1,1,2,CoryneRegNet,1,1,OP_cg3353,1,0,0,0,,,,0,0,0,0,0,0,0,,,,0,0,0,1,0.276688,3.54967e-07,0.276688,328,Kranz2022_expression_compendium_Zenodo6842664,6,0,0,,0,,0,,,,1
cg0350,cg0350,cg3354,cg3354,1,curated_positive,R,0,1,0,0,0,,experimental + predicted,0.75,1,1,2,CoryneRegNet,1,1,OP_cg3353,1,0,0,0,,,,0,0,0,0,0,0,0,,,,0,0,0,1,0.325957,6.12003e-14,0.325957,504,Kranz2022_expression_compendium_Zenodo6842664,7,0,0,,0,,0,,,,1
cg0350,cg0350,cg3382,cg3382,1,curated_positive,A,1,0,0,1,16,0.1875,predicted,0.25,0,1,1,CoryneRegNet,1,1,,0,0,0,0,,,,0,0,0,0,0,0,0,,,,0,0,0,1,0.654491,3.19257e-109,0.654491,884,Kranz2022_expression_compendium_Zenodo6842664,6,0,0,,0,,0,,,,1
cg0350,cg0350,cg3388,cg3388,1,curated_positive,R,0,1,0,1,16,0.4375,predicted,0.25,0,1,1,CoryneRegNet,1,1,,0,0,0,0,,,,0,0,0,0,0,0,0,,,,0,0,0,1,0.642014,4.56399e-89,0.642014,756,Kranz2022_expression_compendium_Zenodo6842664,6,0,0,,0,,0,,,,1
cg0350,cg0350,cg3389,cg3389,1,curated_positive,R,0,1,0,1,16,0.5,experimental,0.8,1,1,1,CoryneRegNet,1,1,OP_cg3389,1,0,0,0,,,,0,0,0,0,0,0,0,,,,0,0,0,1,0.277984,3.63846e-15,0.277984,772,Kranz2022_expression_compendium_Zenodo6842664,6,0,0,,0,,0,,,,1
cg0350,cg0350,cg3390,cg3390,1,curated_positive,R,0,1,0,0,0,,experimental,0.75,1,1,1,CoryneRegNet,1,1,OP_cg3389,1,0,0,0,,,,0,0,0,0,0,0,0,,,,0,0,0,1,0.422282,6.58879e-35,0.422282,776,Kranz2022_expression_compendium_Zenodo6842664,7,0,0,,0,,0,,,,1
cg0350,glxR,cg3422,trxB,1,curated_positive,A,1,0,0,1,17,0.4545,ChIP-seq,0.45,0,1,1,Literature_ChIP_GlxR,1,0,,0,0,0,0,,,,0,6,6,0,0,0,0,,,,0,0,0,0,,,,,,7,0,0,,0,,1,Literature_ChIP_GlxR,ATCC13032,ATCC13032,0
cg0350,cg0350,cg4001,cg4001,1,curated_positive,A,1,0,0,0,0,,predicted,0.2,0,1,1,CoryneRegNet,1,1,OP_cg0445,1,0,0,0,,,,0,0,0,0,0,0,0,,,,0,0,0,1,0.262728,1.88889e-07,0.262728,382,Kranz2022_expression_compendium_Zenodo6842664,7,1,0,,0,,0,,,,0
cg0371,cspA2,cg2559,aceB,1,curated_positive,unknown,0,0,1,0,0,,experimental,0.75,1,1,1,CoryneRegNet,1,1,,0,0,0,0,,,,0,1,1,0,0,0,0,,,,0,0,0,0,,,,,,8,0,0,,0,,0,,,,0
cg0444,cg0444,cg0052,cg0052,1,curated_positive,R,0,1,0,1,13,0.3846,predicted,0.25,0,1,1,CoryneRegNet,1,1,OP_cg0052,1,0,0,0,,,,0,6,6,0,0,0,0,,,,0,0,0,0,,,,,,7,0,1,,1,,0,,,,0
cg0444,cg0444,cg0053,cg0053,1,curated_positive,R,0,1,0,0,0,,predicted,0.2,0,1,1,CoryneRegNet,1,1,OP_cg0052,1,0,0,0,,,,0,7,7,0,0,0,0,,,,0,0,0,0,,,,,,8,0,1,,1,,0,,,,0
cg0444,cg0444,cg0054,cg0054,1,curated_positive,R,0,1,0,0,0,,predicted,0.2,0,1,1,CoryneRegNet,1,1,OP_cg0052,1,0,0,0,,,,0,6,6,0,0,0,0,,,,0,0,0,0,,,,,,8,0,1,,1,,0,,,,0
cg0444,cg0444,cg0350,cg0350,1,curated_positive,R,0,1,0,1,13,0.2308,experimental,0.8,1,1,1,CoryneRegNet,1,1,,0,0,0,0,,,,0,0,0,0,0,0,0,,,,0,0,0,1,0.678392,1.24163e-133,0.678392,984,Kranz2022_expression_compendium_Zenodo6842664,6,0,1,,1,,0,,,,0
cg0444,cg0444,cg0378,cg0378,1,curated_positive,R,0,1,0,1,13,0.3077,predicted,0.25,0,1,1,CoryneRegNet,1,1,,0,0,0,0,,,,0,0,0,0,0,0,0,,,,0,0,0,0,,,,,,7,0,1,,1,,0,,,,0
cg0444,cg0444,cg0444,cg0444,1,curated_positive,R,0,1,0,1,13,0.3846,experimental,0.8,1,1,2,CoryneRegNet,1,1,,0,0,0,0,,,,0,0,0,0,0,0,0,,,,0,0,0,0,,,,,,7,1,1,0.006935,1,,0,,,,0
cg0444,cg0444,cg0445,sdhCD,1,curated_positive,R,0,1,0,1,13,0.3846,predicted,0.25,0,1,2,CoryneRegNet,1,1,OP_cg0445,1,0,0,0,,,,0,12,6,0,0,0,0,,,,0,0,0,0,,,,,,7,0,1,,1,,0,,,,0
cg0444,cg0444,cg0446,sdhA,1,curated_positive,R,0,1,0,0,0,,predicted,0.2,0,1,2,CoryneRegNet,1,1,OP_cg0445,1,0,0,0,,,,0,12,6,0,0,0,0,,,,0,0,0,1,0.481437,1.83973e-58,0.481437,988,Kranz2022_expression_compendium_Zenodo6842664,7,1,1,,1,,0,,,,0
cg0444,cg0444,cg0447,sdhB,1,curated_positive,R,0,1,0,0,0,,predicted,0.2,0,1,2,CoryneRegNet,1,1,OP_cg0445,1,0,0,0,,,,0,10,5,0,0,0,0,,,,0,0,0,0,,,,,,8,1,1,,1,,0,,,,0
cg0444,cg0444,cg0448,cg0448,1,curated_positive,R,0,1,0,0,0,,predicted,0.05,0,0,0,CoryneRegNet,1,1,OP_cg0445,1,0,0,0,,,,0,6,6,0,0,0,0,,,,0,0,0,1,0.306842,2.47065e-22,0.306842,958,Kranz2022_expression_compendium_Zenodo6842664,7,1,1,,1,,0,,,,0
cg0444,cg0444,cg0735,cg0735,1,curated_positive,R,0,1,0,0,0,,predicted,0.05,0,0,0,CoryneRegNet,1,1,OP_cg0737,1,0,0,0,,,,0,6,6,0,0,0,0,,,,0,0,0,0,,,,,,8,1,1,,1,,0,,,,0
cg0444,cg0444,cg0736,cg0736,1,curated_positive,R,0,1,0,0,0,,predicted,0.05,0,0,0,CoryneRegNet,1,1,OP_cg0737,1,0,0,0,,,,0,6,6,0,0,0,0,,,,0,0,0,1,0.66322,6.01203e-122,0.66322,954,Kranz2022_expression_compendium_Zenodo6842664,7,1,1,,1,,0,,,,0
cg0444,cg0444,cg0737,cg0737,1,curated_positive,R,0,1,0,1,13,0.3077,predicted,0.25,0,1,1,CoryneRegNet,1,1,OP_cg0737,1,0,0,0,,,,0,6,6,0,0,0,0,,,,0,0,0,0,,,,,,7,1,1,,1,,0,,,,0
cg0444,cg0444,cg0763,mdh2,1,curated_positive,R,0,1,0,1,13,0.3846,predicted,0.25,0,1,1,CoryneRegNet,1,1,,0,0,0,0,,,,0,0,0,0,0,0,0,,,,0,0,0,1,0.361395,4.19209e-18,0.361395,540,Kranz2022_expression_compendium_Zenodo6842664,6,1,1,,1,,0,,,,0
cg0444,cg0444,cg0767,cg0767,1,curated_positive,R,0,1,0,0,0,,predicted,0.05,0,0,0,CoryneRegNet,1,1,OP_cg0771,1,0,0,0,,,,0,0,0,0,0,0,0,,,,0,0,0,1,0.576249,1.10726e-69,0.576249,774,Kranz2022_expression_compendium_Zenodo6842664,7,0,1,,1,,0,,,,0
cg0444,cg0444,cg0768,cg0768,1,curated_positive,R,0,1,0,0,0,,predicted,0.05,0,0,0,CoryneRegNet,1,1,OP_cg0771,1,0,0,0,,,,0,1,1,0,0,0,0,,,,0,0,0,0,,,,,,8,0,1,,1,,0,,,,0
cg0444,cg0444,cg0769,cg0769,1,curated_positive,R,0,1,0,0,0,,predicted,0.05,0,0,0,CoryneRegNet,1,1,OP_cg0771,1,0,0,0,,,,0,1,1,0,0,0,0,,,,0,0,0,1,0.568436,9.11774e-67,0.568436,766,Kranz2022_expression_compendium_Zenodo6842664,7,1,1,,1,,0,,,,0
cg0444,cg0444,cg0770,cg0770,1,curated_positive,R,0,1,0,1,13,0.2308,predicted,0.25,0,1,1,CoryneRegNet,1,1,OP_cg0771,1,0,0,0,,,,0,1,1,0,0,0,0,,,,0,0,0,0,,,,,,7,1,1,,1,,0,,,,0
cg0444,cg0444,cg0791,pyc,1,curated_positive,R,0,1,0,1,26,0.2692,experimental + predicted,0.8,1,1,2,CoryneRegNet,1,1,,0,0,0,0,,,,0,12,7,0,0,0,0,,,,0,0,0,1,0.624533,9.48021e-108,0.624533,986,Kranz2022_expression_compendium_Zenodo6842664,6,0,1,,1,,0,,,,0
cg0444,cg0444,cg0948,serC,1,curated_positive,R,0,1,0,1,11,0.2727,predicted,0.25,0,1,1,CoryneRegNet,1,1,,0,0,0,0,,,,0,17,7,0,0,0,0,,,,0,0,0,1,0.599519,1.02499e-95,0.599519,970,Kranz2022_expression_compendium_Zenodo6842664,6,0,1,,1,,0,,,,0
cg0444,cg0444,cg0949,gltA,1,curated_positive,R,0,1,0,1,26,0.2692,experimental + predicted,0.8,1,1,3,CoryneRegNet,1,1,OP_cg0949,1,0,0,0,,,,0,6,6,0,0,0,0,,,,0,0,0,1,0.656791,8.79538e-122,0.656791,978,Kranz2022_expression_compendium_Zenodo6842664,6,0,1,,1,,0,,,,0
cg0444,cg0444,cg0950,fkpA,1,curated_positive,R,0,1,0,0,0,,predicted,0.2,0,1,1,CoryneRegNet,1,1,OP_cg0949,1,0,0,0,,,,0,2,1,0,0,0,0,,,,0,0,0,0,,,,,,8,0,1,,1,,0,,,,0
cg0444,cg0444,cg0951,accDA,1,curated_positive,R,0,1,0,1,13,0.3077,predicted,0.25,0,1,1,CoryneRegNet,1,1,,0,0,0,0,,,,0,8,7,0,0,0,0,,,,0,0,0,1,0.699616,2.45526e-137,0.699616,928,Kranz2022_expression_compendium_Zenodo6842664,6,0,1,,1,,0,,,,0
cg0444,cg0444,cg0952,cg0952,1,curated_positive,R,0,1,0,1,13,0.3077,experimental,0.8,1,1,1,CoryneRegNet,1,1,OP_cg0952,1,0,0,0,,,,0,0,0,0,0,0,0,,,,0,0,0,1,0.527488,1.8943e-68,0.527488,940,Kranz2022_expression_compendium_Zenodo6842664,6,0,1,,1,,0,,,,0
cg0444,cg0444,cg0953,cg0953,1,curated_positive,R,0,1,0,0,0,,experimental,0.75,1,1,1,CoryneRegNet,1,1,OP_cg0952,1,0,0,0,,,,0,12,7,0,0,0,0,,,,0,0,0,0,,,,,,8,1,1,,1,,0,,,,0
cg0444,cg0444,cg1037,cg1037,1,curated_positive,R,0,1,0,1,13,0.2308,experimental,0.8,1,1,1,CoryneRegNet,1,1,OP_cg1037,1,0,0,0,,,,0,1,1,0,0,0,0,,,,0,0,0,1,0.55983,8.89564e-81,0.55983,966,Kranz2022_expression_compendium_Zenodo6842664,6,0,1,,1,,0,,,,0
cg0444,cg0444,cg1038,ksgA,1,curated_positive,R,0,1,0,0,0,,predicted,0.2,0,1,1,CoryneRegNet,1,1,OP_cg1037,1,0,0,0,,,,0,0,0,0,0,0,0,,,,0,0,0,0,,,,,,8,1,1,,1,,0,,,,0
cg0444,cg0444,cg1039,cg1039,1,curated_positive,R,0,1,0,0,0,,predicted,0.2,0,1,1,CoryneRegNet,1,1,OP_cg1037,1,0,0,0,,,,0,6,6,0,0,0,0,,,,0,0,0,1,0.401428,2.47571e-28,0.401428,696,Kranz2022_expression_compendium_Zenodo6842664,7,1,1,,1,,0,,,,0
cg0444,cg0444,cg1040,cg1040,1,curated_positive,R,0,1,0,0,0,,predicted,0.2,0,1,1,CoryneRegNet,1,1,OP_cg1037,1,0,0,0,,,,0,0,0,0,0,0,0,,,,0,0,0,0,,,,,,8,0,1,,1,,0,,,,0
cg0444,cg0444,cg1041,pdxK,1,curated_positive,R,0,1,0,0,0,,predicted,0.2,0,1,1,CoryneRegNet,1,1,OP_cg1037,1,0,0,0,,,,0,19,7,0,0,0,0,,,,0,0,0,1,0.466649,1.01538e-50,0.466649,916,Kranz2022_expression_compendium_Zenodo6842664,7,0,1,,1,,0,,,,0
cg0444,cg0444,cg1268,glgA,1,curated_positive,R,0,1,0,1,13,0.1538,experimental,0.8,1,1,1,CoryneRegNet,1,1,,0,0,0,0,,,,0,11,7,0,0,0,0,,,,0,0,0,0,,,,,,7,0,1,,1,,0,,,,0
cg0444,cg0444,cg1537,ptsG,1,curated_positive,R,0,1,0,1,26,0.2692,experimental + predicted,0.8,1,1,2,CoryneRegNet,1,1,,0,0,0,0,,,,0,7,7,0,0,0,0,,,,0,0,0,1,0.473152,6.11068e-54,0.473152,946,Kranz2022_expression_compendium_Zenodo6842664,6,0,1,,1,,0,,,,0
cg0444,cg0444,cg1737,acn,1,curated_positive,R,0,1,0,1,26,0.4231,predicted,0.25,0,1,1,CoryneRegNet,1,1,OP_cg1737,1,0,0,0,,,,0,22,6,0,0,0,0,,,,0,0,0,0,,,,,,7,0,1,,1,,0,,,,0
cg0444,cg0444,cg1738,cg1738,1,curated_positive,R,0,1,0,0,0,,predicted,0.05,0,0,0,CoryneRegNet,1,1,OP_cg1737,1,0,0,0,,,,0,0,0,0,0,0,0,,,,0,0,0,0,,,,,,8,0,1,,1,,0,,,,0
cg0444,cg0444,cg1815,pyrC,1,curated_positive,R,0,1,0,0,0,,predicted,0.2,0,1,1,CoryneRegNet,1,1,OP_cg1817,1,0,0,0,,,,0,0,0,0,0,0,0,,,,0,0,0,0,,,,,,8,1,1,,1,,0,,,,0
cg0444,cg0444,cg1816,pyrB,1,curated_positive,R,0,1,0,0,0,,predicted,0.2,0,1,1,CoryneRegNet,1,1,OP_cg1817,1,0,0,0,,,,0,17,6,0,0,0,0,,,,0,0,0,1,0.773486,1.77992e-197,0.773486,988,Kranz2022_expression_compendium_Zenodo6842664,7,0,1,,1,,0,,,,0
cg0444,cg0444,cg1817,pyrR,1,curated_positive,R,0,1,0,1,13,0.3846,predicted,0.25,0,1,1,CoryneRegNet,1,1,OP_cg1817,1,0,0,0,,,,0,6,6,0,0,0,0,,,,0,0,0,0,,,,,,7,0,1,,1,,0,,,,0
cg0444,cg0444,cg2079,cg2079,1,curated_positive,R,0,1,0,1,13,0.2308,predicted,0.25,0,1,1,CoryneRegNet,1,1,,0,0,0,0,,,,0,0,0,0,0,0,0,,,,0,0,0,0,,,,,,7,0,1,,1,,0,,,,0
cg0444,cg0444,cg2080,cg2080,1,curated_positive,R,0,1,0,1,13,0.2308,predicted,0.25,0,1,1,CoryneRegNet,1,1,,0,0,0,0,,,,0,0,0,0,0,0,0,,,,0,0,0,0,,,,,,7,0,1,,1,,0,,,,0
cg0444,cg0444,cg2234,cg2234,1,curated_positive,R,0,1,0,1,13,0.1538,predicted,0.25,0,1,1,CoryneRegNet,1,1,,0,0,0,0,,,,0,0,0,0,0,0,0,,,,0,0,0,0,,,,,,7,1,1,,1,,0,,,,0
cg0444,cg0444,cg2406,ctaE,1,curated_positive,R,0,1,0,1,13,0.3077,predicted,0.25,0,1,1,CoryneRegNet,1,1,OP_cg2406,1,0,0,0,,,,0,18,6,0,0,0,0,,,,0,0,0,0,,,,,,7,1,1,,1,,0,,,,0
cg0444,cg0444,cg2466,aceE,1,curated_positive,A,1,0,0,1,13,0.2308,experimental,0.8,1,1,1,CoryneRegNet,1,1,,0,0,0,0,,,,0,14,7,0,0,0,0,,,,0,0,0,1,0.492622,3.3854e-60,0.492622,966,Kranz2022_expression_compendium_Zenodo6842664,6,0,1,,1,,0,,,,0
cg0444,cg0444,cg2559,aceB,1,curated_positive,R,0,1,0,1,13,0.3077,experimental,0.8,1,1,2,CoryneRegNet,1,1,,0,0,0,0,,,,0,1,1,0,0,0,0,,,,0,0,0,1,0.633835,3.54333e-103,0.633835,908,Kranz2022_expression_compendium_Zenodo6842664,6,0,1,,1,,0,,,,0
cg0444,cg0444,cg2560,aceA,1,curated_positive,R,0,1,0,1,13,0.3077,experimental,0.8,1,1,2,CoryneRegNet,1,1,,0,0,0,0,,,,0,6,6,0,0,0,0,,,,0,0,0,1,0.459503,3.00988e-49,0.459503,920,Kranz2022_expression_compendium_Zenodo6842664,6,1,1,,1,,0,,,,0
cg0444,cg0444,cg2766,cg2766,1,curated_positive,R,0,1,0,1,13,0.3077,predicted,0.25,0,1,1,CoryneRegNet,1,1,,0,0,0,0,,,,0,0,0,0,0,0,0,,,,0,0,0,0,,,,,,7,0,1,,1,,0,,,,0
cg0444,cg0444,cg2833,cysK,1,curated_positive,R,0,1,0,1,13,0.2308,predicted,0.25,0,1,1,CoryneRegNet,1,1,,0,0,0,0,,,,0,6,6,0,0,0,0,,,,0,0,0,0,,,,,,7,2,1,,1,,0,,,,0
cg0444,cg0444,cg2836,sucD,1,curated_positive,R,0,1,0,0,0,,predicted,0.2,0,1,1,CoryneRegNet,1,1,OP_cg2837,1,0,0,0,,,,0,6,6,0,0,0,0,,,,0,0,0,0,,,,,,8,2,1,,1,,0,,,,0
cg0444,cg0444,cg2837,sucC,1,curated_positive,R,0,1,0,1,13,0.2308,predicted,0.25,0,1,1,CoryneRegNet,1,1,OP_cg2837,1,0,0,0,,,,0,6,6,0,0,0,0,,,,0,0,0,1,0.681684,2.31794e-122,0.681684,888,Kranz2022_expression_compendium_Zenodo6842664,6,0,1,,1,,0,,,,0
cg0444,cg0444,cg2840,actA,1,curated_positive,R,0,1,0,1,13,0.07692,predicted,0.25,0,1,1,CoryneRegNet,1,1,,0,0,0,0,,,,0,7,7,0,0,0,0,,,,0,0,0,1,0.695405,6.05082e-144,0.695405,990,Kranz2022_expression_compendium_Zenodo6842664,6,1,1,,1,,0,,,,0
cg0444,cg0444,cg2925,ptsS,1,curated_positive,R,0,1,0,1,13,0.3077,experimental + predicted,0.8,1,1,2,CoryneRegNet,1,1,,0,0,0,0,,,,0,2,1,0,0,0,0,,,,0,0,0,1,0.603946,1.64007e-94,0.603946,940,Kranz2022_expression_compendium_Zenodo6842664,6,0,1,,1,,0,,,,0
cg0444,cg0444,cg3047,ackA,1,curated_positive,R,0,1,0,0,0,,experimental,0.75,1,1,2,CoryneRegNet,1,1,OP_cg3048,1,0,0,0,,,,0,11,6,0,0,0,0,,,,0,0,0,0,,,,,,8,0,1,,1,,0,,,,0
cg0444,cg0444,cg3048,pta,1,curated_positive,R,0,1,0,1,26,0.2308,experimental,0.8,1,1,2,CoryneRegNet,1,1,OP_cg3048,1,0,0,0,,,,0,11,6,0,0,0,0,,,,0,0,0,0,,,,,,7,0,1,,1,,0,,,,0
cg0444,cg0444,cg3068,fda,1,curated_positive,R,0,1,0,1,13,0.3077,predicted,0.25,0,1,1,CoryneRegNet,1,1,,0,0,0,0,,,,0,11,6,0,0,0,0,,,,0,0,0,1,0.162326,2.22701e-05,0.162326,676,Kranz2022_expression_compendium_Zenodo6842664,6,1,1,0.005341,1,,0,,,,0
cg0444,cg0444,cg3096,cg3096,1,curated_positive,R,0,1,0,1,13,0.1538,experimental,0.8,1,1,2,CoryneRegNet,1,1,,0,0,0,0,,,,0,6,6,0,0,0,0,,,,0,0,0,1,0.688144,8.77836e-135,0.688144,954,Kranz2022_expression_compendium_Zenodo6842664,6,1,1,,1,,0,,,,0
cg0444,cg0444,cg3107,adhA,1,curated_positive,R,0,1,0,1,26,0.2692,experimental,0.8,1,1,2,CoryneRegNet,1,1,,0,0,0,0,,,,0,11,6,0,0,0,0,,,,0,0,0,1,0.608686,1.41643e-97,0.608686,952,Kranz2022_expression_compendium_Zenodo6842664,6,1,1,,1,,0,,,,0
cg0444,cg0444,cg3169,pck,1,curated_positive,R,0,1,0,1,26,0.2308,predicted,0.25,0,1,1,CoryneRegNet,1,1,,0,0,0,0,,,,0,0,0,0,0,0,0,,,,0,0,0,1,0.280005,4.53209e-18,0.280005,922,Kranz2022_expression_compendium_Zenodo6842664,6,0,1,,1,,0,,,,0
cg0444,cg0444,cg3335,mez,1,curated_positive,R,0,1,0,1,39,0.359,experimental + predicted,0.8,1,1,2,CoryneRegNet,1,1,,0,0,0,0,,,,0,12,6,0,0,0,0,,,,0,0,0,1,0.749203,5.94035e-174,0.749203,962,Kranz2022_expression_compendium_Zenodo6842664,6,1,1,,1,,0,,,,0
cg0444,cg0444,cg4001,cg4001,1,curated_positive,R,0,1,0,0,0,,predicted,0.05,0,0,0,CoryneRegNet,1,1,OP_cg0445,1,0,0,0,,,,0,0,0,0,0,0,0,,,,0,0,0,1,0.24811,9.71063e-07,0.24811,380,Kranz2022_expression_compendium_Zenodo6842664,7,1,1,,1,,0,,,,0
cg0454,cg0454,cg0454,cg0454,1,curated_positive,R,0,1,0,1,45,0.4444,predicted,0.1,0,0,0,CoryneRegNet,1,1,OP_cg0454,1,0,0,0,,,,0,1,1,0,0,0,0,,,,1,1,1,0,,,,,,7,0,0,,0,,0,,,,1
cg0454,cg0454,cg0455,cg0455,1,curated_positive,R,0,1,0,0,0,,predicted,0.05,0,0,0,CoryneRegNet,1,1,OP_cg0454,1,0,0,0,,,,0,3,1,0,0,0,0,,,,1,1,1,0,,,,,,8,0,0,,0,,0,,,,1
cg0454,cg0454,cg0456,cg0456,1,curated_positive,R,0,1,0,0,0,,predicted,0.05,0,0,0,CoryneRegNet,1,1,OP_cg0454,1,0,0,0,,,,0,0,0,0,0,0,0,,,,1,0,0,0,,,,,,8,0,0,,0,,0,,,,1
cg0463,cg0463,cg0463,cg0463,1,curated_positive,R,0,1,0,0,0,,experimental,0.75,1,1,3,CoryneRegNet,1,1,OP_cg0464,1,0,0,0,,,,0,0,0,0,0,0,0,,,,0,0,0,0,,,,,,8,0,0,,0,,0,,,,1
cg0463,cg0463,cg0464,ctpA,1,curated_positive,R,0,1,0,1,17,0.5294,experimental,0.8,1,1,3,CoryneRegNet,1,1,OP_cg0464,1,0,0,0,,,,0,6,6,0,0,0,0,,,,0,0,0,0,,,,,,7,1,0,,0,,0,,,,1
cg0463,cg0463,cg3280,cg3280,1,curated_positive,R,0,1,0,0,0,,experimental,0.75,1,1,2,CoryneRegNet,1,1,,0,0,0,0,,,,0,0,0,0,0,0,0,,,,0,0,0,1,0.700719,1.29833e-120,0.700719,810,Kranz2022_expression_compendium_Zenodo6842664,7,0,0,,0,,0,,,,0
cg0463,cg0463,cg3281,cg3281,1,curated_positive,R,0,1,0,0,0,,experimental,0.75,1,1,2,CoryneRegNet,1,1,,0,0,0,0,,,,0,6,6,0,0,0,0,,,,0,0,0,1,0.744934,1.1225e-159,0.744934,898,Kranz2022_expression_compendium_Zenodo6842664,7,1,0,,0,,0,,,,1
cg0463,cg0463,cg3282,cg3282,1,curated_positive,R,0,1,0,1,17,0.4706,experimental,0.8,1,1,2,CoryneRegNet,1,1,,0,0,0,0,,,,0,0,0,0,0,0,0,,,,0,0,0,1,0.708742,5.46851e-127,0.708742,826,Kranz2022_expression_compendium_Zenodo6842664,6,0,0,,0,,0,,,,1
cg0463,cg0463,cg3411,cg3411,1,curated_positive,R,0,1,0,1,17,0.5294,experimental,0.8,1,1,1,CoryneRegNet,1,1,,0,0,0,0,,,,0,0,0,0,0,0,0,,,,0,0,0,1,0.600897,3.22724e-82,0.600897,826,Kranz2022_expression_compendium_Zenodo6842664,6,2,0,,0,,0,,,,0
cg0500,cg0500,cg0500,cg0500,1,curated_positive,A,1,0,0,0,0,,predicted,0.05,0,0,0,CoryneRegNet,1,1,,0,0,0,0,,,,0,0,0,0,0,0,0,,,,0,0,0,0,,,,,,8,0,0,,0,,0,,,,1
cg0500,cg0500,cg0501,cg0501,1,curated_positive,A,1,0,0,1,34,0.2941,experimental + predicted,0.8,1,1,2,CoryneRegNet,1,1,,0,0,0,0,,,,0,0,0,0,0,0,0,,,,0,0,0,0,,,,,,7,0,0,,0,,0,,,,1
cg0500,cg0500,cg0502,cg0502,1,curated_positive,A,1,0,0,0,0,,experimental,0.75,1,1,2,CoryneRegNet,1,1,OP_cg0502,1,0,0,0,,,,0,6,6,0,0,0,0,,,,0,0,0,0,,,,,,8,0,0,,0,,0,,,,1
cg0500,cg0500,cg0503,aroD,1,curated_positive,A,1,0,0,0,0,,experimental,0.75,1,1,2,CoryneRegNet,1,1,OP_cg0502,1,0,0,0,,,,0,6,6,0,0,0,0,,,,0,0,0,0,,,,,,8,0,0,,0,,0,,,,1
cg0500,cg0500,cg0504,aroE,1,curated_positive,A,1,0,0,0,0,,experimental,0.75,1,1,2,CoryneRegNet,1,1,OP_cg0502,1,0,0,0,,,,0,1,1,0,0,0,0,,,,0,0,0,0,,,,,,8,0,0,,0,,0,,,,1
cg0527,cg0527,cg1133,glyA,1,curated_positive,A,1,0,0,1,10,0.4,experimental,0.8,1,1,1,CoryneRegNet,1,1,,0,0,0,0,,,,0,23,7,0,0,0,0,,,,15,0,0,0,,,,,,7,0,1,,0,,0,,,,0
cg0565,cg0565,cg0566,gabT,1,curated_positive,R,0,1,0,0,0,,predicted,0.05,0,0,0,CoryneRegNet,1,1,OP_cg0566,1,0,0,0,,,,0,6,6,0,0,0,0,,,,0,0,0,1,0.314977,1.88639e-11,0.314977,434,Kranz2022_expression_compendium_Zenodo6842664,7,0,1,,0,,0,,,,1
cg0565,cg0565,cg0567,gabD2,1,curated_positive,R,0,1,0,0,0,,predicted,0.05,0,0,0,CoryneRegNet,1,1,OP_cg0566,1,0,0,0,,,,0,7,7,0,0,0,0,,,,0,0,0,1,0.339017,3.09291e-15,0.339017,512,Kranz2022_expression_compendium_Zenodo6842664,7,1,1,,0,,0,,,,1
cg0565,cg0565,cg0568,cg0568,1,curated_positive,R,0,1,0,0,0,,predicted,0.05,0,0,0,CoryneRegNet,1,1,,0,0,0,0,,,,0,0,0,0,0,0,0,,,,0,0,0,1,0.472126,1.67806e-13,0.472126,218,Kranz2022_expression_compendium_Zenodo6842664,7,1,1,,0,,0,,,,1
cg0646,cg0646,cg0635,cg0635,1,curated_positive,R,0,1,0,0,0,,predicted,0.2,0,1,1,CoryneRegNet,1,1,,0,0,0,0,,,,0,1,1,0,0,0,0,,,,0,0,0,0,,,,,,8,1,1,,0,,0,,,,0
cg0646,cg0646,cg0636,cg0636,1,curated_positive,R,0,1,0,0,0,,predicted,0.2,0,1,1,CoryneRegNet,1,1,,0,0,0,0,,,,0,0,0,0,0,0,0,,,,0,0,0,0,,,,,,8,1,1,,0,,0,,,,0
cg0646,cg0646,cg0637,betB,1,curated_positive,R,0,1,0,0,0,,predicted,0.2,0,1,1,CoryneRegNet,1,1,OP_cg0640,1,0,0,0,,,,0,12,6,0,0,0,0,,,,0,0,0,0,,,,,,8,1,1,,0,,0,,,,1
cg0646,cg0646,cg0638,cg0638,1,curated_positive,R,0,1,0,0,0,,predicted,0.2,0,1,1,CoryneRegNet,1,1,OP_cg0640,1,0,0,0,,,,0,1,1,0,0,0,0,,,,0,0,0,0,,,,,,8,1,1,0.02448,0,,0,,,,1
cg0646,cg0646,cg0639,cg0639,1,curated_positive,R,0,1,0,0,0,,predicted,0.2,0,1,1,CoryneRegNet,1,1,OP_cg0640,1,0,0,0,,,,0,0,0,0,0,0,0,,,,0,0,0,0,,,,,,8,1,1,0.02972,0,,0,,,,1
cg0646,cg0646,cg0640,fdxB,1,curated_positive,R,0,1,0,0,0,,predicted,0.2,0,1,1,CoryneRegNet,1,1,OP_cg0640,1,0,0,0,,,,0,0,0,0,0,0,0,,,,0,0,0,0,,,,,,8,1,1,0.03454,0,,0,,,,1
cg0646,cg0646,cg0641,fabG2,1,curated_positive,R,0,1,0,0,0,,predicted,0.2,0,1,1,CoryneRegNet,1,1,OP_cg0645,1,0,0,0,,,,0,1,1,0,0,0,0,,,,0,0,0,0,,,,,,8,1,1,0.04176,0,,0,,,,1
cg0646,cg0646,cg0642,cg0642,1,curated_positive,R,0,1,0,0,0,,predicted,0.2,0,1,1,CoryneRegNet,1,1,OP_cg0645,1,0,0,0,,,,0,6,6,0,0,0,0,,,,0,0,0,0,,,,,,8,1,1,0.0344,0,,0,,,,1
cg0646,cg0646,cg0644,cg0644,1,curated_positive,R,0,1,0,0,0,,predicted,0.2,0,1,1,CoryneRegNet,1,1,OP_cg0645,1,0,0,0,,,,0,1,1,0,0,0,0,,,,0,0,0,0,,,,,,8,1,1,0.04364,0,,0,,,,1
cg0646,cg0646,cg0645,cytP,1,curated_positive,R,0,1,0,0,0,,predicted,0.2,0,1,1,CoryneRegNet,1,1,OP_cg0645,1,0,0,0,,,,0,7,7,0,0,0,0,,,,0,0,0,0,,,,,,8,1,1,0.04163,0,,0,,,,1
cg0695,whiB3,cg0878,whiB1,1,curated_positive,A,1,0,0,0,0,,predicted,0.2,0,1,1,CoryneRegNet,1,1,,0,0,0,0,,,,0,0,0,0,0,0,0,,,,0,0,0,1,0.502453,2.01708e-18,0.502453,266,Kranz2022_expression_compendium_Zenodo6842664,7,0,1,,0,,0,,,,0
cg0695,whiB3,cg3422,trxB,1,curated_positive,R,0,1,0,0,0,,predicted,0.2,0,1,1,CoryneRegNet,1,1,,0,0,0,0,,,,0,6,6,0,0,0,0,,,,0,0,0,1,0.434082,1.19567e-13,0.434082,266,Kranz2022_expression_compendium_Zenodo6842664,7,0,1,,0,,0,,,,0
cg0696,sigD,(+)e1a_r60_a22,(+)e1a_r60_a22,1,curated_positive,A,1,0,1,0,0,,ChIP-chip,0.4,0,1,1,GEO_GSE102323_SigD,1,0,,0,0,0,0,,,,0,0,0,0,0,0,0,,,,0,0,0,0,,,,,,8,0,1,,0,,1,GEO_GSE102323_SigD,ATCC13032,Strain_R,0
cg0696,sigD,cg0136,cg0136,1,curated_positive,A,1,0,0,0,0,,experimental,0.75,1,1,1,CoryneRegNet,1,1,,0,0,0,0,,,,0,0,0,0,0,0,0,,,,0,0,0,0,,,,,,8,1,1,,0,,0,,,,0
cg0696,sigD,cg0413,cmt1,1,curated_positive,A,1,0,0,0,0,,experimental,0.75,1,1,1,CoryneRegNet,1,1,,0,0,0,0,,,,0,0,0,0,0,0,0,,,,0,0,0,0,,,,,,8,0,1,,0,,0,,,,0
cg0696,sigD,cg0486,cg0486,1,curated_positive,A,1,0,0,0,0,,experimental,0.75,1,1,1,CoryneRegNet,1,1,,0,0,0,0,,,,0,2,1,0,0,0,0,,,,0,0,0,0,,,,,,8,0,1,,0,,0,,,,0
cg0696,sigD,cg0532,cg0532,1,curated_positive,A,1,0,0,0,0,,experimental,0.75,1,1,1,CoryneRegNet,1,1,,0,0,0,0,,,,0,1,1,0,0,0,0,,,,0,0,0,0,,,,,,8,0,1,,0,,0,,,,0
cg0696,sigD,cg0607,cg0607,1,curated_positive,A,1,0,0,0,0,,experimental,0.75,1,1,1,CoryneRegNet,1,1,,0,0,0,0,,,,0,0,0,0,0,0,0,,,,0,0,0,0,,,,,,8,1,1,,0,,0,,,,0
cg0696,sigD,cg0697,cg0697,1,curated_positive,A,1,0,0,0,0,,experimental,0.75,1,1,1,CoryneRegNet,1,1,OP_cg0696,1,0,0,0,,,,0,0,0,0,0,0,0,,,,0,0,0,0,,,,,,8,1,1,0.0915,0,,0,,,,0
cg0696,sigD,cg0809,cg0809,1,curated_positive,A,1,0,0,0,0,,predicted,0.2,0,1,1,CoryneRegNet,1,1,OP_cg0811,1,0,0,0,,,,0,0,0,0,0,0,0,,,,0,0,0,0,,,,,,8,0,1,,0,,0,,,,0
cg0696,sigD,cg0810,cg0810,1,curated_positive,A,1,0,0,0,0,,predicted,0.2,0,1,1,CoryneRegNet,1,1,OP_cg0811,1,0,0,0,,,,0,13,2,0,0,0,0,,,,0,0,0,0,,,,,,8,0,1,,0,,0,,,,0
cg0696,sigD,cg0811,dtsR2,1,curated_positive,A,1,0,0,0,0,,experimental,0.75,1,1,1,CoryneRegNet,1,1,OP_cg0811,1,0,0,0,,,,0,11,6,0,0,0,0,,,,0,0,0,0,,,,,,8,0,1,,0,,0,,,,0
cg0696,sigD,cg1052,cmt3,1,curated_positive,A,1,0,0,0,0,,experimental,0.75,1,1,1,CoryneRegNet,1,1,,0,0,0,0,,,,0,1,1,0,0,0,0,,,,0,0,0,0,,,,,,8,0,1,,0,,0,,,,0
cg0696,sigD,cg1056,cg1056,1,curated_positive,A,1,0,0,0,0,,experimental,0.75,1,1,1,CoryneRegNet,1,1,,0,0,0,0,,,,0,1,1,0,0,0,0,,,,0,0,0,0,,,,,,8,0,1,,0,,0,,,,0
cg0696,sigD,cg1246,cg1246,1,curated_positive,A,1,0,0,0,0,,predicted,0.2,0,1,1,CoryneRegNet,1,1,OP_cg1247,1,0,0,0,,,,0,1,1,0,0,0,0,,,,0,0,0,0,,,,,,8,0,1,,0,,0,,,,0
cg0696,sigD,cg1247,cg1247,1,curated_positive,A,1,0,0,0,0,,experimental,0.75,1,1,1,CoryneRegNet,1,1,OP_cg1247,1,0,0,0,,,,0,0,0,0,0,0,0,,,,0,0,0,0,,,,,,8,0,1,,0,,0,,,,0
cg0696,sigD,cg1386,fixA,1,curated_positive,A,1,0,0,0,0,,experimental,0.75,1,1,1,CoryneRegNet,1,1,OP_cg1386,1,0,0,0,,,,0,0,0,0,0,0,0,,,,0,0,0,0,,,,,,8,0,1,,0,,0,,,,0
cg0696,sigD,cg2320,cg2320,1,curated_positive,A,1,0,0,0,0,,experimental,0.75,1,1,1,CoryneRegNet,1,1,,0,0,0,0,,,,0,0,0,0,0,0,0,,,,0,0,0,0,,,,,,8,1,1,,0,,0,,,,0
cg0696,sigD,cg2572,cg2572,1,curated_positive,A,1,0,0,0,0,,experimental,0.75,1,1,1,CoryneRegNet,1,1,,0,0,0,0,,,,0,1,1,0,0,0,0,,,,0,0,0,0,,,,,,8,0,1,,0,,0,,,,0
cg0696,sigD,cg2720,lppS,1,curated_positive,A,1,0,0,0,0,,experimental,0.75,1,1,1,CoryneRegNet,1,1,,0,0,0,0,,,,0,1,1,0,0,0,0,,,,0,0,0,0,,,,,,8,0,1,,0,,0,,,,0
cg0696,sigD,cg2876,purB,1,curated_positive,A,1,0,0,0,0,,experimental,0.75,1,1,1,CoryneRegNet,1,1,OP_cg2878,1,0,0,0,,,,0,23,7,0,0,0,0,,,,0,0,0,0,,,,,,8,0,1,,0,,0,,,,0
cg0696,sigD,cg3009,cg3009,1,curated_positive,A,1,0,0,0,0,,experimental,0.75,1,1,1,CoryneRegNet,1,1,,0,0,0,0,,,,0,0,0,0,0,0,0,,,,0,0,0,0,,,,,,8,0,1,,0,,0,,,,0
cg0696,sigD,cg3177,pccB,1,curated_positive,A,1,0,0,0,0,,predicted,0.2,0,1,1,CoryneRegNet,1,1,OP_cg3178,1,0,0,0,,,,0,5,5,0,0,0,0,,,,0,0,0,0,,,,,,8,0,1,,0,,0,,,,0
cg0696,sigD,cg3178,pks,1,curated_positive,A,1,0,0,0,0,,experimental,0.75,1,1,1,CoryneRegNet,1,1,OP_cg3178,1,0,0,0,,,,0,0,0,0,0,0,0,,,,0,0,0,0,,,,,,8,0,1,,0,,0,,,,0
cg0696,sigD,cg3179,fadD2,1,curated_positive,A,1,0,0,0,0,,experimental,0.75,1,1,1,CoryneRegNet,1,1,,0,0,0,0,,,,0,138,8,0,0,0,0,,,,0,0,0,0,,,,,,8,0,1,,0,,0,,,,0
cg0696,sigD,cg3180,cg3180,1,curated_positive,A,1,0,0,0,0,,predicted,0.2,0,1,1,CoryneRegNet,1,1,,0,0,0,0,,,,0,0,0,0,0,0,0,,,,0,0,0,0,,,,,,8,0,1,,0,,0,,,,0
cg0696,sigD,cg3181,cg3181,1,curated_positive,A,1,0,0,0,0,,predicted,0.2,0,1,1,CoryneRegNet,1,1,,0,0,0,0,,,,0,0,0,0,0,0,0,,,,0,0,0,0,,,,,,8,1,1,,0,,0,,,,0
cg0696,sigD,cg3182,cop1,1,curated_positive,A,1,0,0,0,0,,experimental,0.75,1,1,1,CoryneRegNet,1,1,,0,0,0,0,,,,0,12,6,0,0,0,0,,,,0,0,0,0,,,,,,8,1,1,,0,,0,,,,0
cg0696,sigD,darkcorner,darkcorner,1,curated_positive,A,1,0,1,0,0,,ChIP-chip,0.4,0,1,1,GEO_GSE102323_SigD,1,0,,0,0,0,0,,,,0,0,0,0,0,0,0,,,,0,0,0,0,,,,,,8,0,1,,0,,1,GEO_GSE102323_SigD,ATCC13032,Strain_R,0
cg0702,cg0702,cg0701,cg0701,1,curated_positive,A,1,0,0,0,0,,predicted,0.05,0,0,0,CoryneRegNet,1,1,,0,0,0,0,,,,0,6,1,0,0,0,0,,,,6,1,1,1,0.333762,8.0918e-17,0.333762,590,Kranz2022_expression_compendium_Zenodo6842664,7,0,0,,0,,0,,,,0
cg0709,cgtR7,cg0451,cg0451,1,curated_positive,A,1,0,0,0,0,,experimental,0.75,1,1,1,CoryneRegNet,1,1,OP_cg0451,1,0,0,0,,,,0,1,1,0,0,0,0,,,,0,0,0,0,,,,,,8,0,2,,0,,0,,,,0
cg0709,cgtR7,cg0452,cg0452,1,curated_positive,A,1,0,0,0,0,,experimental,0.75,1,1,1,CoryneRegNet,1,1,OP_cg0451,1,0,0,0,,,,0,2,1,0,0,0,0,,,,0,0,0,0,,,,,,8,0,2,,0,,0,,,,0
cg0709,cgtR7,cg0706,cg0706,1,curated_positive,A,1,0,0,0,0,,experimental,0.75,1,1,1,CoryneRegNet,1,1,,0,0,0,0,,,,0,0,0,0,0,0,0,,,,0,0,0,0,,,,,,8,0,2,,0,,0,,,,0
cg0709,cgtR7,cg0707,cgtS7,1,curated_positive,A,1,0,0,0,0,,experimental,0.75,1,1,1,CoryneRegNet,1,1,OP_cg0707,1,0,0,0,,,,0,0,0,0,0,0,0,,,,0,0,0,0,,,,,,8,2,2,0.05491,0,,0,,,,0
cg0709,cgtR7,cg0709,cgtR7,1,curated_positive,A,1,0,0,0,0,,experimental,0.75,1,1,1,CoryneRegNet,1,1,OP_cg0707,1,0,0,0,,,,0,0,0,0,0,0,0,,,,0,0,0,0,,,,,,8,2,2,0.06604,0,,0,,,,0
cg0709,cgtR7,cg0710,cg0710,1,curated_positive,A,1,0,0,0,0,,experimental,0.75,1,1,1,CoryneRegNet,1,1,OP_cg0707,1,0,0,0,,,,0,0,0,0,0,0,0,,,,0,0,0,0,,,,,,8,1,2,0.05449,0,,0,,,,0
cg0709,cgtR7,cg0781,cg0781,1,curated_positive,A,1,0,0,0,0,,experimental,0.75,1,1,1,CoryneRegNet,1,1,,0,0,0,0,,,,0,0,0,0,0,0,0,,,,0,0,0,0,,,,,,8,0,2,,0,,0,,,,0
cg0709,cgtR7,cg1324,cg1324,1,curated_positive,A,1,0,0,0,0,,experimental,0.75,1,1,1,CoryneRegNet,1,1,,0,0,0,0,,,,0,2,1,0,0,0,0,,,,0,0,0,0,,,,,,8,0,2,,0,,0,,,,0
cg0709,cgtR7,cg1325,cg1325,1,curated_positive,A,1,0,0,0,0,,experimental,0.75,1,1,1,CoryneRegNet,1,1,,0,0,0,0,,,,0,0,0,0,0,0,0,,,,0,0,0,0,,,,,,8,1,2,,0,,0,,,,0
cg0709,cgtR7,cg2402,cg2402,1,curated_positive,R,0,1,0,0,0,,experimental,0.75,1,1,1,CoryneRegNet,1,1,,0,0,0,0,,,,0,1,1,0,0,0,0,,,,0,0,0,0,,,,,,8,0,2,,0,,0,,,,0
cg0709,cgtR7,cg2444,cg2444,1,curated_positive,A,1,0,0,0,0,,experimental,0.75,1,1,1,CoryneRegNet,1,1,,0,0,0,0,,,,0,1,1,0,0,0,0,,,,0,0,0,0,,,,,,8,0,2,,0,,0,,,,0
cg0709,cgtR7,cg2684,cg2684,1,curated_positive,A,1,0,0,0,0,,experimental,0.75,1,1,1,CoryneRegNet,1,1,,0,0,0,0,,,,0,0,0,0,0,0,0,,,,0,0,0,0,,,,,,8,2,2,0.003137,0,,0,,,,0
cg0709,cgtR7,cg2811,cg2811,1,curated_positive,A,1,0,0,0,0,,experimental,0.75,1,1,1,CoryneRegNet,1,1,OP_cg2812,1,0,0,0,,,,0,0,0,0,0,0,0,,,,0,0,0,0,,,,,,8,1,2,,0,,0,,,,0
cg0709,cgtR7,cg2812,cg2812,1,curated_positive,A,1,0,0,0,0,,experimental,0.75,1,1,1,CoryneRegNet,1,1,OP_cg2812,1,0,0,0,,,,0,0,0,0,0,0,0,,,,0,0,0,0,,,,,,8,1,2,,0,,0,,,,0
cg0709,cgtR7,cg3077,cg3077,1,curated_positive,A,1,0,0,0,0,,experimental,0.75,1,1,1,CoryneRegNet,1,1,,0,0,0,0,,,,0,0,0,0,0,0,0,,,,0,0,0,0,,,,,,8,0,2,,0,,0,,,,0
cg0709,cgtR7,cg3078,cg3078,1,curated_positive,A,1,0,0,0,0,,experimental,0.75,1,1,1,CoryneRegNet,1,1,,0,0,0,0,,,,0,0,0,0,0,0,0,,,,0,0,0,0,,,,,,8,0,2,,0,,0,,,,0
cg0709,cgtR7,cg3079,clpB,1,curated_positive,A,1,0,0,0,0,,experimental,0.75,1,1,1,CoryneRegNet,1,1,,0,0,0,0,,,,0,0,0,0,0,0,0,,,,0,0,0,0,,,,,,8,0,2,,0,,0,,,,0
cg0709,cgtR7,cg3097,hspR,1,curated_positive,A,1,0,0,0,0,,experimental,0.75,1,1,1,CoryneRegNet,1,1,OP_cg3100,1,0,0,0,,,,0,0,0,0,0,0,0,,,,0,0,0,0,,,,,,8,1,2,,0,,0,,,,0
cg0709,cgtR7,cg3098,dnaJ,1,curated_positive,A,1,0,0,0,0,,experimental,0.75,1,1,1,CoryneRegNet,1,1,OP_cg3100,1,0,0,0,,,,0,0,0,0,0,0,0,,,,0,0,0,0,,,,,,8,1,2,,0,,0,,,,0
cg0709,cgtR7,cg3099,grpE,1,curated_positive,A,1,0,0,0,0,,experimental,0.75,1,1,1,CoryneRegNet,1,1,OP_cg3100,1,0,0,0,,,,0,0,0,0,0,0,0,,,,0,0,0,0,,,,,,8,1,2,,0,,0,,,,0
cg0709,cgtR7,cg3100,dnaK,1,curated_positive,A,1,0,0,0,0,,experimental,0.75,1,1,1,CoryneRegNet,1,1,OP_cg3100,1,0,0,0,,,,0,0,0,0,0,0,0,,,,0,0,0,0,,,,,,8,0,2,,0,,0,,,,0
cg0709,cgtR7,cg3142,cg3142,1,curated_positive,A,1,0,0,0,0,,experimental,0.75,1,1,1,CoryneRegNet,1,1,,0,0,0,0,,,,0,0,0,0,0,0,0,,,,0,0,0,0,,,,,,8,0,2,,0,,0,,,,0
cg0709,cgtR7,cg3143,cg3143,1,curated_positive,A,1,0,0,0,0,,experimental,0.75,1,1,1,CoryneRegNet,1,1,,0,0,0,0,,,,0,0,0,0,0,0,0,,,,0,0,0,0,,,,,,8,0,2,,0,,0,,,,0
cg0709,cgtR7,cg3264,cg3264,1,curated_positive,A,1,0,0,0,0,,experimental,0.75,1,1,1,CoryneRegNet,1,1,,0,0,0,0,,,,0,0,0,0,0,0,0,,,,0,0,0,0,,,,,,8,2,2,,0,,0,,,,0
cg0709,cgtR7,cg3320,cg3320,1,curated_positive,A,1,0,0,0,0,,experimental,0.75,1,1,1,CoryneRegNet,1,1,OP_cg3322,1,0,0,0,,,,0,0,0,0,0,0,0,,,,0,0,0,0,,,,,,8,0,2,,0,,0,,,,0
cg0709,cgtR7,cg3321,cg3321,1,curated_positive,A,1,0,0,0,0,,experimental,0.75,1,1,1,CoryneRegNet,1,1,OP_cg3322,1,0,0,0,,,,0,0,0,0,0,0,0,,,,0,0,0,0,,,,,,8,0,2,,0,,0,,,,0
cg0709,cgtR7,cg3322,cg3322,1,curated_positive,A,1,0,0,0,0,,experimental,0.75,1,1,1,CoryneRegNet,1,1,OP_cg3322,1,0,0,0,,,,0,0,0,0,0,0,0,,,,0,0,0,0,,,,,,8,0,2,,0,,0,,,,0
cg0725,cg0725,cg0717,crtEb,1,curated_positive,R,0,1,0,0,0,,experimental,0.75,1,1,1,CoryneRegNet,1,1,OP_cg0722,1,0,0,0,,,,0,2,1,0,0,0,0,,,,0,0,0,0,,,,,,8,2,1,0.007602,0,,0,,,,0
cg0725,cg0725,cg0718,crtYf,1,curated_positive,R,0,1,0,0,0,,experimental,0.75,1,1,1,CoryneRegNet,1,1,OP_cg0722,1,0,0,0,,,,0,0,0,0,0,0,0,,,,0,0,0,1,0.700997,1.87514e-120,0.700997,808,Kranz2022_expression_compendium_Zenodo6842664,7,1,1,0.00787,0,,0,,,,0
cg0725,cg0725,cg0719,crtYe,1,curated_positive,R,0,1,0,0,0,,experimental,0.75,1,1,1,CoryneRegNet,1,1,OP_cg0722,1,0,0,0,,,,0,0,0,0,0,0,0,,,,0,0,0,0,,,,,,8,1,1,0.007047,0,,0,,,,0
cg0725,cg0725,cg0720,crtI2,1,curated_positive,R,0,1,0,0,0,,experimental,0.75,1,1,1,CoryneRegNet,1,1,OP_cg0722,1,0,0,0,,,,0,0,0,0,0,0,0,,,,0,0,0,0,,,,,,8,1,1,0.007636,0,,0,,,,0
cg0725,cg0725,cg0721,crtB2,1,curated_positive,R,0,1,0,0,0,,experimental,0.75,1,1,1,CoryneRegNet,1,1,OP_cg0722,1,0,0,0,,,,0,2,1,0,0,0,0,,,,0,0,0,1,0.702444,6.7107e-118,0.702444,786,Kranz2022_expression_compendium_Zenodo6842664,7,1,1,0.00828,0,,0,,,,0
cg0725,cg0725,cg0722,cg0722,1,curated_positive,R,0,1,0,0,0,,experimental,0.75,1,1,1,CoryneRegNet,1,1,OP_cg0722,1,0,0,0,,,,0,0,0,0,0,0,0,,,,0,0,0,1,0.687921,4.296e-117,0.687921,828,Kranz2022_expression_compendium_Zenodo6842664,7,1,1,0.009049,0,,0,,,,0
cg0725,cg0725,cg0723,crtE,1,curated_positive,R,0,1,0,1,4,0,experimental,0.8,1,1,1,CoryneRegNet,1,1,,0,0,0,0,,,,0,13,7,0,0,0,0,,,,0,0,0,0,,,,,,7,1,1,0.008642,0,,0,,,,0
cg0725,cg0725,cg0725,cg0725,1,curated_positive,R,0,1,0,1,4,0,experimental,0.8,1,1,1,CoryneRegNet,1,1,,0,0,0,0,,,,0,0,0,0,0,0,0,,,,0,0,0,0,,,,,,7,1,1,0.009295,0,,0,,,,0
cg0741,sirR,cg0740,cg0740,1,curated_positive,R,0,1,0,0,0,,predicted,0.05,0,0,0,CoryneRegNet,1,1,OP_cg0739,1,0,0,0,,,,0,0,0,0,0,0,0,,,,0,0,0,0,,,,,,8,1,1,0.00417,0,,0,,,,0
cg0741,sirR,cg0741,sirR,1,curated_positive,R,0,1,0,0,0,,predicted,0.05,0,0,0,CoryneRegNet,1,1,OP_cg0739,1,0,0,0,,,,0,0,0,0,0,0,0,,,,0,0,0,0,,,,,,8,1,1,0.006811,0,,0,,,,0
cg0741,sirR,cg1623,cg1623,1,curated_positive,R,0,1,0,1,18,0.3889,experimental,0.8,1,1,1,CoryneRegNet,1,1,,0,0,0,0,,,,0,30,6,0,0,0,0,,,,0,0,0,0,,,,,,7,0,1,,0,,0,,,,1
cg0800,cg0800,cg0759,prpD2,1,curated_positive,A,1,0,0,0,0,,experimental,0.75,1,1,2,CoryneRegNet,1,1,OP_cg0759,1,0,0,0,,,,0,11,6,0,0,0,0,,,,0,0,0,1,0.553666,1.74447e-68,0.553666,838,Kranz2022_expression_compendium_Zenodo6842664,7,0,0,,0,,0,,,,0
cg0800,cg0800,cg0760,prpB2,1,curated_positive,A,1,0,0,0,0,,experimental,0.75,1,1,2,CoryneRegNet,1,1,OP_cg0759,1,0,0,0,,,,0,11,6,0,0,0,0,,,,0,0,0,0,,,,,,8,1,0,,0,,0,,,,0
cg0800,cg0800,cg0762,prpC2,1,curated_positive,A,1,0,0,0,0,,experimental,0.75,1,1,2,CoryneRegNet,1,1,OP_cg0759,1,0,0,0,,,,0,11,6,0,0,0,0,,,,0,0,0,1,0.537229,4.67751e-62,0.537229,814,Kranz2022_expression_compendium_Zenodo6842664,7,1,0,,0,,0,,,,0
cg0862,mtrA,cg0133,cg0133,1,curated_positive,A,1,0,0,1,19,0.3158,experimental,0.8,1,1,1,CoryneRegNet,1,1,OP_cg0133,1,0,0,0,,,,0,0,0,0,0,0,0,,,,0,0,0,0,,,,,,7,0,0,,0,,0,,,,0
cg0862,mtrA,cg0134,cg0134,1,curated_positive,A,1,0,0,0,0,,experimental,0.75,1,1,1,CoryneRegNet,1,1,OP_cg0133,1,0,0,0,,,,0,6,6,0,0,0,0,,,,0,0,0,0,,,,,,8,1,0,,0,,0,,,,0
cg0862,mtrA,cg0282,cg0282,1,curated_positive,A,1,0,0,1,19,0.2632,experimental,0.8,1,1,1,CoryneRegNet,1,1,,0,0,0,0,,,,0,0,0,0,0,0,0,,,,0,0,0,0,,,,,,7,0,0,,0,,0,,,,0
cg0862,mtrA,cg0715,cg0715,1,curated_positive,A,1,0,0,1,19,0.3684,experimental,0.8,1,1,1,CoryneRegNet,1,1,,0,0,0,0,,,,0,0,0,0,0,0,0,,,,0,0,0,0,,,,,,7,2,0,,0,,0,,,,0
cg0862,mtrA,cg0858,cg0858,1,curated_positive,R,0,1,0,1,19,0.2105,experimental,0.8,1,1,1,CoryneRegNet,1,1,,0,0,0,0,,,,0,0,0,0,0,0,0,,,,0,0,0,0,,,,,,7,0,0,,0,,0,,,,0
cg0862,mtrA,cg0859,cg0859,1,curated_positive,A,1,0,0,1,19,0.2105,experimental,0.8,1,1,1,CoryneRegNet,1,1,,0,0,0,0,,,,0,0,0,0,0,0,0,,,,0,0,0,0,,,,,,7,0,0,,0,,0,,,,0
cg0862,mtrA,cg0896,cg0896,1,curated_positive,A,1,0,0,1,19,0.3158,experimental,0.8,1,1,1,CoryneRegNet,1,1,,0,0,0,0,,,,0,0,0,0,0,0,0,,,,0,0,0,0,,,,,,7,0,0,,0,,0,,,,0
cg0862,mtrA,cg0980,cg0980,1,curated_positive,A,1,0,0,1,19,0.3158,experimental,0.8,1,1,1,CoryneRegNet,1,1,,0,0,0,0,,,,0,0,0,0,0,0,0,,,,0,0,0,0,,,,,,7,0,0,,0,,0,,,,0
cg0862,mtrA,cg1016,betP,1,curated_positive,A,1,0,0,1,19,0.3158,experimental,0.8,1,1,2,CoryneRegNet,1,1,,0,0,0,0,,,,0,6,6,0,0,0,0,,,,0,0,0,0,,,,,,7,0,0,,0,,0,,,,0
cg0862,mtrA,cg1037,cg1037,1,curated_positive,R,0,1,0,1,19,0.3684,experimental,0.8,1,1,1,CoryneRegNet,1,1,OP_cg1037,1,0,0,0,,,,0,1,1,0,0,0,0,,,,0,0,0,0,,,,,,7,0,0,,0,,0,,,,0
cg0862,mtrA,cg1038,ksgA,1,curated_positive,R,0,1,0,0,0,,experimental,0.75,1,1,1,CoryneRegNet,1,1,OP_cg1037,1,0,0,0,,,,0,0,0,0,0,0,0,,,,0,0,0,0,,,,,,8,1,0,,0,,0,,,,0
cg0862,mtrA,cg1039,cg1039,1,curated_positive,R,0,1,0,0,0,,experimental,0.75,1,1,1,CoryneRegNet,1,1,OP_cg1037,1,0,0,0,,,,0,6,6,0,0,0,0,,,,0,0,0,0,,,,,,8,1,0,,0,,0,,,,0
cg0862,mtrA,cg1040,cg1040,1,curated_positive,R,0,1,0,0,0,,experimental,0.75,1,1,1,CoryneRegNet,1,1,OP_cg1037,1,0,0,0,,,,0,0,0,0,0,0,0,,,,0,0,0,0,,,,,,8,0,0,,0,,0,,,,0
cg0862,mtrA,cg1041,pdxK,1,curated_positive,R,0,1,0,0,0,,experimental,0.75,1,1,1,CoryneRegNet,1,1,OP_cg1037,1,0,0,0,,,,0,19,7,0,0,0,0,,,,0,0,0,0,,,,,,8,0,0,,0,,0,,,,0
cg0862,mtrA,cg1517,cg1517,1,curated_positive,A,1,0,0,1,19,0.2105,experimental,0.8,1,1,1,CoryneRegNet,1,1,OP_cg1517,1,0,0,0,,,,0,0,0,0,0,0,0,,,,0,0,0,0,,,,,,7,0,0,,0,,0,,,,0
cg0862,mtrA,cg1612,cg1612,1,curated_positive,A,1,0,0,1,19,0.3158,experimental,0.8,1,1,1,CoryneRegNet,1,1,,0,0,0,0,,,,0,0,0,0,0,0,0,,,,0,0,0,0,,,,,,7,0,0,,0,,0,,,,0
cg0862,mtrA,cg1665,cg1665,1,curated_positive,A,1,0,0,1,19,0.3158,experimental,0.8,1,1,1,CoryneRegNet,1,1,,0,0,0,0,,,,0,0,0,0,0,0,0,,,,0,0,0,0,,,,,,7,0,0,,0,,0,,,,0
cg0862,mtrA,cg1942,cg1942,1,curated_positive,A,1,0,0,1,19,0.2105,experimental,0.8,1,1,1,CoryneRegNet,1,1,,0,0,0,0,,,,0,1,1,0,0,0,0,,,,0,0,0,0,,,,,,7,0,0,,0,,0,,,,0
cg0862,mtrA,cg1943,cg1943,1,curated_positive,A,1,0,0,1,19,0.4737,experimental,0.8,1,1,1,CoryneRegNet,1,1,,0,0,0,0,,,,0,0,0,0,0,0,0,,,,0,0,0,0,,,,,,7,0,0,,0,,0,,,,0
cg0862,mtrA,cg2052,cg2052,1,curated_positive,A,1,0,0,1,19,0.2632,experimental,0.8,1,1,1,CoryneRegNet,1,1,,0,0,0,0,,,,0,0,0,0,0,0,0,,,,0,0,0,0,,,,,,7,0,0,,0,,0,,,,0
cg0862,mtrA,cg2096,cg2096,1,curated_positive,A,1,0,0,1,19,0.2105,experimental,0.8,1,1,1,CoryneRegNet,1,1,,0,0,0,0,,,,0,2,2,0,0,0,0,,,,0,0,0,0,,,,,,7,1,0,,0,,0,,,,0
cg0862,mtrA,cg2402,cg2402,1,curated_positive,R,0,1,0,1,38,0.4211,experimental,0.8,1,1,2,CoryneRegNet,1,1,,0,0,0,0,,,,0,1,1,0,0,0,0,,,,0,0,0,0,,,,,,7,0,0,,0,,0,,,,0
cg0862,mtrA,cg2747,cg2747,1,curated_positive,R,0,1,0,1,19,0.4211,experimental,0.8,1,1,2,CoryneRegNet,1,1,,0,0,0,0,,,,0,0,0,0,0,0,0,,,,0,0,0,0,,,,,,7,1,0,,0,,0,,,,0
cg0862,mtrA,cg2777,cg2777,1,curated_positive,A,1,0,0,1,19,0.3684,experimental,0.8,1,1,1,CoryneRegNet,1,1,,0,0,0,0,,,,0,1,1,0,0,0,0,,,,0,0,0,0,,,,,,7,0,0,,0,,0,,,,0
cg0862,mtrA,cg2786,nrdE,1,curated_positive,A,1,0,0,0,0,,experimental,0.75,1,1,1,CoryneRegNet,1,1,OP_cg2789,1,0,0,0,,,,0,49,7,0,0,0,0,,,,0,0,0,0,,,,,,8,0,0,,0,,0,,,,0
cg0862,mtrA,cg2787,nrdI,1,curated_positive,A,1,0,0,0,0,,experimental,0.75,1,1,1,CoryneRegNet,1,1,OP_cg2789,1,0,0,0,,,,0,1,1,0,0,0,0,,,,0,0,0,0,,,,,,8,0,0,,0,,0,,,,0
cg0862,mtrA,cg2789,nrdH,1,curated_positive,A,1,0,0,1,19,0.4211,experimental,0.8,1,1,1,CoryneRegNet,1,1,OP_cg2789,1,0,0,0,,,,0,0,0,0,0,0,0,,,,0,0,0,0,,,,,,7,0,0,,0,,0,,,,0
cg0862,mtrA,cg3138,cg3138,1,curated_positive,R,0,1,0,1,18,0.4444,experimental,0.8,1,1,1,CoryneRegNet,1,1,OP_cg3138,1,0,0,0,,,,0,0,0,0,0,0,0,,,,0,0,0,0,,,,,,7,1,0,,0,,0,,,,0
cg0862,mtrA,cg3139,cg3139,1,curated_positive,R,0,1,0,0,0,,experimental,0.75,1,1,1,CoryneRegNet,1,1,OP_cg3138,1,0,0,0,,,,0,0,0,0,0,0,0,,,,0,0,0,0,,,,,,8,1,0,,0,,0,,,,0
cg0862,mtrA,cg3254,cg3254,1,curated_positive,A,1,0,0,1,19,0.2105,experimental,0.8,1,1,1,CoryneRegNet,1,1,,0,0,0,0,,,,0,0,0,0,0,0,0,,,,0,0,0,0,,,,,,7,0,0,,0,,0,,,,0
cg0862,mtrA,cg3395,proP,1,curated_positive,A,1,0,0,1,19,0.3158,experimental,0.8,1,1,2,CoryneRegNet,1,1,,0,0,0,0,,,,0,11,6,0,0,0,0,,,,0,0,0,0,,,,,,7,1,0,,0,,0,,,,0
cg0876,sigH,cg0018,cg0018,1,curated_positive,unknown,0,0,1,0,0,,experimental,0.75,1,1,1,CoryneRegNet,1,1,,0,0,0,0,,,,0,0,0,0,0,0,0,,,,2,0,0,0,,,,,,8,0,0,,0,ECF_sigma,0,,,,0
cg0876,sigH,cg0184,cg0184,1,curated_positive,unknown,0,0,1,0,0,,predicted,0.2,0,1,2,CoryneRegNet,1,1,OP_cg0182,1,0,0,0,,,,0,1,1,0,0,0,0,,,,2,0,0,0,,,,,,8,0,0,,0,ECF_sigma,0,,,,0
cg0876,sigH,cg0310,katA,1,curated_positive,A,1,0,1,0,0,,ChIP-seq,0.4,0,1,1,Literature_ChIP_OsnR_sigH,1,0,,0,0,0,0,,,,0,6,6,0,0,0,0,,,,2,0,0,0,,,,,,8,0,0,,0,ECF_sigma,1,Literature_ChIP_OsnR_sigH,ATCC13032,ATCC13032,0
cg0876,sigH,cg0378,cg0378,1,curated_positive,unknown,0,0,1,0,0,,predicted,0.2,0,1,1,CoryneRegNet,1,1,,0,0,0,0,,,,0,0,0,0,0,0,0,,,,2,0,0,0,,,,,,8,0,0,,0,ECF_sigma,0,,,,0
cg0876,sigH,cg0404,cg0404,1,curated_positive,unknown,0,0,1,0,0,,predicted,0.2,0,1,1,CoryneRegNet,1,1,,0,0,0,0,,,,0,6,6,0,0,0,0,,,,2,0,0,0,,,,,,8,0,0,,0,ECF_sigma,0,,,,0
cg0876,sigH,cg0497,hemA,1,curated_positive,unknown,0,0,1,0,0,,experimental,0.75,1,1,2,CoryneRegNet,1,1,OP_cg0497,1,0,0,0,,,,0,0,0,0,0,0,0,,,,2,0,0,0,,,,,,8,0,0,,0,ECF_sigma,0,,,,0
cg0876,sigH,cg0498,hemC,1,curated_positive,unknown,0,0,1,0,0,,predicted,0.05,0,0,0,CoryneRegNet,1,1,OP_cg0497,1,0,0,0,,,,0,6,6,0,0,0,0,,,,2,0,0,0,,,,,,8,1,0,,0,ECF_sigma,0,,,,0
cg0876,sigH,cg0561,secE,1,curated_positive,unknown,0,0,1,0,0,,experimental,0.75,1,1,1,CoryneRegNet,1,1,,0,0,0,0,,,,0,0,0,0,0,0,0,,,,2,0,0,0,,,,,,8,1,0,,0,ECF_sigma,0,,,,0
cg0876,sigH,cg0612,dkg,1,curated_positive,unknown,0,0,1,0,0,,predicted,0.05,0,0,0,CoryneRegNet,1,1,OP_cg0617,1,0,0,0,,,,0,0,0,0,0,0,0,,,,2,0,0,0,,,,,,8,1,0,,0,ECF_sigma,0,,,,0
cg0876,sigH,cg0614,cg0614,1,curated_positive,unknown,0,0,1,0,0,,predicted,0.05,0,0,0,CoryneRegNet,1,1,OP_cg0617,1,0,0,0,,,,0,1,1,0,0,0,0,,,,2,0,0,0,,,,,,8,0,0,,0,ECF_sigma,0,,,,0
cg0876,sigH,cg0616,fdhD,1,curated_positive,unknown,0,0,1,0,0,,predicted,0.05,0,0,0,CoryneRegNet,1,1,OP_cg0617,1,0,0,0,,,,0,13,7,0,0,0,0,,,,2,0,0,0,,,,,,8,0,0,,0,ECF_sigma,0,,,,0
cg0876,sigH,cg0617,cg0617,1,curated_positive,unknown,0,0,1,0,0,,experimental,0.75,1,1,2,CoryneRegNet,1,1,OP_cg0617,1,0,0,0,,,,0,0,0,0,0,0,0,,,,2,0,0,0,,,,,,8,0,0,,0,ECF_sigma,0,,,,0
cg0876,sigH,cg0699,guaB2,1,curated_positive,unknown,0,0,1,0,0,,experimental,0.75,1,1,2,CoryneRegNet,1,1,OP_cg0699,1,0,0,0,,,,0,6,6,0,0,0,0,,,,2,0,0,0,,,,,,8,1,0,,0,ECF_sigma,0,,,,0
cg0876,sigH,cg0876,sigH,1,curated_positive,unknown,0,0,1,0,0,,experimental,0.75,1,1,1,CoryneRegNet,1,1,OP_cg0876,1,0,0,0,,,,0,2,1,0,0,0,0,,,,2,1,1,0,,,,,,8,0,0,,0,ECF_sigma,0,,,,0
cg0876,sigH,cg0877,cg0877,1,curated_positive,unknown,0,0,1,0,0,,experimental + predicted,0.75,1,1,3,CoryneRegNet,1,1,OP_cg0876,1,0,0,0,,,,0,0,0,0,0,0,0,,,,2,0,0,0,,,,,,8,0,0,,0,ECF_sigma,0,,,,0
cg0876,sigH,cg0878,whiB1,1,curated_positive,unknown,0,0,1,0,0,,experimental,0.75,1,1,1,CoryneRegNet,1,1,,0,0,0,0,,,,0,0,0,0,0,0,0,,,,2,0,0,0,,,,,,8,0,0,,0,ECF_sigma,0,,,,0
cg0876,sigH,cg0928,cg0928,1,curated_positive,unknown,0,0,1,0,0,,experimental,0.75,1,1,1,CoryneRegNet,1,1,OP_cg0926,1,0,0,0,,,,0,0,0,0,0,0,0,,,,2,0,0,0,,,,,,8,1,0,,0,ECF_sigma,0,,,,0
cg0876,sigH,cg1096,cg1096,1,curated_positive,unknown,0,0,1,0,0,,experimental,0.75,1,1,1,CoryneRegNet,1,1,OP_cg1095,1,0,0,0,,,,0,1,1,0,0,0,0,,,,2,0,0,0,,,,,,8,1,0,,0,ECF_sigma,0,,,,0
cg0876,sigH,cg1127,cg1127,1,curated_positive,unknown,0,0,1,0,0,,experimental,0.75,1,1,3,CoryneRegNet,1,1,OP_cg1127,1,0,0,0,,,,0,0,0,0,0,0,0,,,,2,0,0,0,,,,,,8,0,0,,0,ECF_sigma,0,,,,0
cg0876,sigH,cg1179,cg1179,1,curated_positive,unknown,0,0,1,0,0,,experimental,0.75,1,1,1,CoryneRegNet,1,1,OP_cg1179,1,0,0,0,,,,0,0,0,0,0,0,0,,,,2,0,0,0,,,,,,8,2,0,,0,ECF_sigma,0,,,,0
cg0876,sigH,cg1181,cg1181,1,curated_positive,unknown,0,0,1,0,0,,predicted,0.05,0,0,0,CoryneRegNet,1,1,OP_cg1179,1,0,0,0,,,,0,1,1,0,0,0,0,,,,2,0,0,0,,,,,,8,0,0,,0,ECF_sigma,0,,,,0
cg0876,sigH,cg1182,cg1182,1,curated_positive,unknown,0,0,1,0,0,,predicted,0.05,0,0,0,CoryneRegNet,1,1,OP_cg1179,1,0,0,0,,,,0,0,0,0,0,0,0,,,,2,0,0,0,,,,,,8,3,0,,0,ECF_sigma,0,,,,0
cg0876,sigH,cg1214,cg1214,1,curated_positive,unknown,0,0,1,0,0,,predicted,0.2,0,1,1,CoryneRegNet,1,1,OP_cg1218,1,0,0,0,,,,0,1,1,0,0,0,0,,,,2,0,0,0,,,,,,8,1,0,,0,ECF_sigma,0,,,,0
cg0876,sigH,cg1215,nadC,1,curated_positive,unknown,0,0,1,0,0,,predicted,0.2,0,1,1,CoryneRegNet,1,1,OP_cg1218,1,0,0,0,,,,0,9,7,0,0,0,0,,,,2,0,0,0,,,,,,8,1,0,,0,ECF_sigma,0,,,,0
cg0876,sigH,cg1216,nadA,1,curated_positive,unknown,0,0,1,0,0,,predicted,0.2,0,1,1,CoryneRegNet,1,1,OP_cg1218,1,0,0,0,,,,0,9,7,0,0,0,0,,,,2,0,0,0,,,,,,8,1,0,,0,ECF_sigma,0,,,,0
cg0876,sigH,cg1218,cg1218,1,curated_positive,unknown,0,0,1,0,0,,predicted,0.2,0,1,1,CoryneRegNet,1,1,OP_cg1218,1,0,0,0,,,,0,2,1,0,0,0,0,,,,2,0,0,0,,,,,,8,1,0,,0,ECF_sigma,0,,,,0
cg0876,sigH,cg1236,tpx,1,curated_positive,A,1,0,1,0,0,,ChIP-seq,0.4,0,1,1,Literature_ChIP_OsnR_sigH,1,0,,0,0,0,0,,,,0,2,1,0,0,0,0,,,,2,0,0,0,,,,,,8,0,0,,0,ECF_sigma,1,Literature_ChIP_OsnR_sigH,ATCC13032,ATCC13032,0
cg0876,sigH,cg1245,cg1245,1,curated_positive,unknown,0,0,1,0,0,,experimental,0.75,1,1,1,CoryneRegNet,1,1,,0,0,0,0,,,,0,0,0,0,0,0,0,,,,2,0,0,0,,,,,,8,0,0,,0,ECF_sigma,0,,,,0
cg0876,sigH,cg1271,sigE,1,curated_positive,unknown,0,0,1,0,0,,predicted,0.2,0,1,1,CoryneRegNet,1,1,,0,0,0,0,,,,0,0,0,0,0,0,0,,,,2,0,0,0,,,,,,8,0,0,,0,ECF_sigma,0,,,,0
cg0876,sigH,cg1272,cg1272,1,curated_positive,unknown,0,0,1,0,0,,predicted,0.2,0,1,1,CoryneRegNet,1,1,,0,0,0,0,,,,0,3,1,0,0,0,0,,,,2,0,0,0,,,,,,8,0,0,,0,ECF_sigma,0,,,,0
cg0876,sigH,cg1282,cg1282,1,curated_positive,unknown,0,0,1,0,0,,experimental,0.75,1,1,1,CoryneRegNet,1,1,,0,0,0,0,,,,0,0,0,0,0,0,0,,,,2,0,0,0,,,,,,8,0,0,,0,ECF_sigma,0,,,,0
cg0876,sigH,cg1288,cg1288,1,curated_positive,unknown,0,0,1,0,0,,experimental,0.75,1,1,1,CoryneRegNet,1,1,OP_cg1288,1,0,0,0,,,,0,10,2,0,0,0,0,,,,2,0,0,0,,,,,,8,0,0,,0,ECF_sigma,0,,,,0
cg0876,sigH,cg1289,cg1289,1,curated_positive,unknown,0,0,1,0,0,,predicted,0.05,0,0,0,CoryneRegNet,1,1,OP_cg1288,1,0,0,0,,,,0,5,2,0,0,0,0,,,,2,0,0,0,,,,,,8,0,0,,0,ECF_sigma,0,,,,0
cg0876,sigH,cg1338,thrB,1,curated_positive,unknown,0,0,1,0,0,,experimental,0.75,1,1,1,CoryneRegNet,1,1,OP_cg1337,1,0,0,0,,,,0,6,6,0,0,0,0,,,,2,0,0,0,,,,,,8,0,0,,0,ECF_sigma,0,,,,0
cg0876,sigH,cg1353,fadD4,1,curated_positive,unknown,0,0,1,0,0,,experimental,0.75,1,1,1,CoryneRegNet,1,1,,0,0,0,0,,,,0,18,6,0,0,0,0,,,,2,0,0,0,,,,,,8,0,0,,0,ECF_sigma,0,,,,0
cg0876,sigH,cg1354,rho,1,curated_positive,unknown,0,0,1,0,0,,experimental,0.75,1,1,1,CoryneRegNet,1,1,OP_cg1354,1,0,0,0,,,,0,0,0,0,0,0,0,,,,2,0,0,0,,,,,,8,0,0,,0,ECF_sigma,0,,,,0
cg0876,sigH,cg1355,prfA,1,curated_positive,unknown,0,0,1,0,0,,predicted,0.05,0,0,0,CoryneRegNet,1,1,OP_cg1354,1,0,0,0,,,,0,1,1,0,0,0,0,,,,2,0,0,0,,,,,,8,0,0,,0,ECF_sigma,0,,,,0
cg0876,sigH,cg1356,cg1356,1,curated_positive,unknown,0,0,1,0,0,,predicted,0.05,0,0,0,CoryneRegNet,1,1,OP_cg1354,1,0,0,0,,,,0,2,1,0,0,0,0,,,,2,0,0,0,,,,,,8,0,0,,0,ECF_sigma,0,,,,0
cg0876,sigH,cg1358,cg1358,1,curated_positive,unknown,0,0,1,0,0,,predicted,0.05,0,0,0,CoryneRegNet,1,1,OP_cg1354,1,0,0,0,,,,0,1,1,0,0,0,0,,,,2,0,0,0,,,,,,8,0,0,,0,ECF_sigma,0,,,,0
cg0876,sigH,cg1359,cg1359,1,curated_positive,unknown,0,0,1,0,0,,predicted,0.05,0,0,0,CoryneRegNet,1,1,OP_cg1354,1,0,0,0,,,,0,1,1,0,0,0,0,,,,2,0,0,0,,,,,,8,0,0,,0,ECF_sigma,0,,,,0
cg0876,sigH,cg1360,cg1360,1,curated_positive,unknown,0,0,1,0,0,,predicted,0.05,0,0,0,CoryneRegNet,1,1,OP_cg1354,1,0,0,0,,,,0,0,0,0,0,0,0,,,,2,0,0,0,,,,,,8,0,0,,0,ECF_sigma,0,,,,0
cg0876,sigH,cg1362,atpB,1,curated_positive,unknown,0,0,1,0,0,,experimental + predicted,0.75,1,1,3,CoryneRegNet,1,1,OP_cg1362,1,0,0,0,,,,0,12,7,0,0,0,0,,,,2,0,0,0,,,,,,8,0,0,,0,ECF_sigma,0,,,,0
cg0876,sigH,cg1363,atpE,1,curated_positive,unknown,0,0,1,0,0,,experimental + predicted,0.75,1,1,2,CoryneRegNet,1,1,OP_cg1362,1,0,0,0,,,,0,10,5,0,0,0,0,,,,2,0,0,0,,,,,,8,0,0,,0,ECF_sigma,0,,,,0
cg0876,sigH,cg1364,atpF,1,curated_positive,unknown,0,0,1,0,0,,experimental + predicted,0.75,1,1,2,CoryneRegNet,1,1,OP_cg1362,1,0,0,0,,,,0,11,6,0,0,0,0,,,,2,0,0,0,,,,,,8,1,0,,0,ECF_sigma,0,,,,0
cg0876,sigH,cg1365,atpH,1,curated_positive,unknown,0,0,1,0,0,,experimental + predicted,0.75,1,1,2,CoryneRegNet,1,1,OP_cg1362,1,0,0,0,,,,0,11,6,0,0,0,0,,,,2,0,0,0,,,,,,8,0,0,,0,ECF_sigma,0,,,,0
cg0876,sigH,cg1366,atpA,1,curated_positive,unknown,0,0,1,0,0,,experimental + predicted,0.75,1,1,2,CoryneRegNet,1,1,OP_cg1362,1,0,0,0,,,,0,11,6,0,0,0,0,,,,2,0,0,0,,,,,,8,0,0,,0,ECF_sigma,0,,,,0
cg0876,sigH,cg1367,atpG,1,curated_positive,unknown,0,0,1,0,0,,experimental + predicted,0.75,1,1,2,CoryneRegNet,1,1,OP_cg1362,1,0,0,0,,,,0,11,6,0,0,0,0,,,,2,0,0,0,,,,,,8,0,0,,0,ECF_sigma,0,,,,0
cg0876,sigH,cg1368,atpD,1,curated_positive,unknown,0,0,1,0,0,,experimental + predicted,0.75,1,1,2,CoryneRegNet,1,1,OP_cg1362,1,0,0,0,,,,0,11,6,0,0,0,0,,,,2,0,0,0,,,,,,8,0,0,,0,ECF_sigma,0,,,,0
cg0876,sigH,cg1369,atpC,1,curated_positive,unknown,0,0,1,0,0,,experimental + predicted,0.75,1,1,2,CoryneRegNet,1,1,OP_cg1362,1,0,0,0,,,,0,11,6,0,0,0,0,,,,2,0,0,0,,,,,,8,1,0,,0,ECF_sigma,0,,,,0
cg0876,sigH,cg1375,cg1375,1,curated_positive,unknown,0,0,1,0,0,,experimental,0.75,1,1,2,CoryneRegNet,1,1,,0,0,0,0,,,,0,0,0,0,0,0,0,,,,2,0,0,0,,,,,,8,0,0,,0,ECF_sigma,0,,,,0
cg0876,sigH,cg1397,cg1397,1,curated_positive,unknown,0,0,1,0,0,,experimental,0.75,1,1,2,CoryneRegNet,1,1,OP_cg1397,1,0,0,0,,,,0,0,0,0,0,0,0,,,,2,0,0,0,,,,,,8,0,0,,0,ECF_sigma,0,,,,0
cg0876,sigH,cg1398,cg1398,1,curated_positive,unknown,0,0,1,0,0,,predicted,0.05,0,0,0,CoryneRegNet,1,1,OP_cg1397,1,0,0,0,,,,0,0,0,0,0,0,0,,,,2,0,0,0,,,,,,8,1,0,,0,ECF_sigma,0,,,,0
cg0876,sigH,cg1432,ilvD,1,curated_positive,unknown,0,0,1,0,0,,experimental,0.75,1,1,1,CoryneRegNet,1,1,,0,0,0,0,,,,0,13,7,0,0,0,0,,,,2,0,0,0,,,,,,8,0,0,,0,ECF_sigma,0,,,,0
cg0876,sigH,cg1435,ilvB,1,curated_positive,unknown,0,0,1,0,0,,experimental,0.75,1,1,1,CoryneRegNet,1,1,OP_cg1435,1,0,0,0,,,,0,12,6,0,0,0,0,,,,2,0,0,0,,,,,,8,0,0,,0,ECF_sigma,0,,,,0
cg0876,sigH,cg1436,ilvN,1,curated_positive,unknown,0,0,1,0,0,,predicted,0.05,0,0,0,CoryneRegNet,1,1,OP_cg1435,1,0,0,0,,,,0,12,6,0,0,0,0,,,,2,0,0,0,,,,,,8,0,0,,0,ECF_sigma,0,,,,0
cg0876,sigH,cg1437,ilvC,1,curated_positive,unknown,0,0,1,0,0,,predicted,0.05,0,0,0,CoryneRegNet,1,1,OP_cg1435,1,0,0,0,,,,0,22,6,0,0,0,0,,,,2,0,0,0,,,,,,8,0,0,,0,ECF_sigma,0,,,,0
cg0876,sigH,cg1555,cg1555,1,curated_positive,unknown,0,0,1,0,0,,experimental,0.75,1,1,2,CoryneRegNet,1,1,,0,0,0,0,,,,0,0,0,0,0,0,0,,,,2,0,0,0,,,,,,8,0,0,,0,ECF_sigma,0,,,,0
cg0876,sigH,cg1560,uvrA,1,curated_positive,unknown,0,0,1,0,0,,experimental,0.75,1,1,2,CoryneRegNet,1,1,,0,0,0,0,,,,0,0,0,0,0,0,0,,,,2,0,0,0,,,,,,8,0,0,,0,ECF_sigma,0,,,,0
cg0876,sigH,cg1569,ugpE,1,curated_positive,unknown,0,0,1,0,0,,experimental,0.75,1,1,1,CoryneRegNet,1,1,OP_cg1568,1,0,0,0,,,,0,42,6,0,0,0,0,,,,2,0,0,0,,,,,,8,0,0,,0,ECF_sigma,0,,,,0
cg0876,sigH,cg1640,cg1640,1,curated_positive,unknown,0,0,1,0,0,,experimental,0.75,1,1,1,CoryneRegNet,1,1,OP_cg1640,1,0,0,0,,,,0,0,0,0,0,0,0,,,,2,0,0,0,,,,,,8,0,0,,0,ECF_sigma,0,,,,0
cg0876,sigH,cg1671,cg1671,1,curated_positive,unknown,0,0,1,0,0,,experimental,0.75,1,1,1,CoryneRegNet,1,1,,0,0,0,0,,,,0,0,0,0,0,0,0,,,,2,0,0,0,,,,,,8,0,0,,0,ECF_sigma,0,,,,0
cg0876,sigH,cg1686,cg1686,1,curated_positive,unknown,0,0,1,0,0,,predicted,0.05,0,0,0,CoryneRegNet,1,1,OP_cg1689,1,0,0,0,,,,0,0,0,0,0,0,0,,,,2,0,0,0,,,,,,8,0,0,,0,ECF_sigma,0,,,,0
cg0876,sigH,cg1687,cg1687,1,curated_positive,unknown,0,0,1,0,0,,predicted,0.05,0,0,0,CoryneRegNet,1,1,OP_cg1689,1,0,0,0,,,,0,0,0,0,0,0,0,,,,2,0,0,0,,,,,,8,0,0,,0,ECF_sigma,0,,,,0
cg0876,sigH,cg1688,cg1688,1,curated_positive,unknown,0,0,1,0,0,,experimental,0.75,1,1,1,CoryneRegNet,1,1,OP_cg1689,1,0,0,0,,,,0,0,0,0,0,0,0,,,,2,0,0,0,,,,,,8,0,0,,0,ECF_sigma,0,,,,0
cg0876,sigH,cg1689,cg1689,1,curated_positive,unknown,0,0,1,0,0,,experimental,0.75,1,1,2,CoryneRegNet,1,1,OP_cg1689,1,0,0,0,,,,0,0,0,0,0,0,0,,,,2,0,0,0,,,,,,8,0,0,,0,ECF_sigma,0,,,,0
cg0876,sigH,cg1708,cg1708,1,curated_positive,unknown,0,0,1,0,0,,predicted,0.05,0,0,0,CoryneRegNet,1,1,,0,0,0,0,,,,0,0,0,0,0,0,0,,,,2,0,0,0,,,,,,8,0,0,,0,ECF_sigma,0,,,,0
cg0876,sigH,cg1709,cysS2,1,curated_positive,unknown,0,0,1,0,0,,experimental,0.75,1,1,2,CoryneRegNet,1,1,,0,0,0,0,,,,0,0,0,0,0,0,0,,,,2,0,0,0,,,,,,8,0,0,,0,ECF_sigma,0,,,,0
cg0876,sigH,cg1726,mcmA,1,curated_positive,unknown,0,0,1,0,0,,experimental,0.75,1,1,1,CoryneRegNet,1,1,OP_cg1726,1,0,0,0,,,,0,6,6,0,0,0,0,,,,2,0,0,0,,,,,,8,0,0,,0,ECF_sigma,0,,,,0
cg0876,sigH,cg1730,cg1730,1,curated_positive,unknown,0,0,1,0,0,,experimental,0.75,1,1,1,CoryneRegNet,1,1,OP_cg1731,1,0,0,0,,,,0,0,0,0,0,0,0,,,,2,0,0,0,,,,,,8,0,0,,0,ECF_sigma,0,,,,0
cg0876,sigH,cg1759,cg1759,1,curated_positive,unknown,0,0,1,0,0,,predicted,0.05,0,0,0,CoryneRegNet,1,1,OP_cg1765,1,0,0,0,,,,0,0,0,0,0,0,0,,,,2,0,0,0,,,,,,8,0,0,,0,ECF_sigma,0,,,,0
cg0876,sigH,cg1760,cg1760,1,curated_positive,unknown,0,0,1,0,0,,predicted,0.05,0,0,0,CoryneRegNet,1,1,OP_cg1765,1,0,0,0,,,,0,0,0,0,0,0,0,,,,2,0,0,0,,,,,,8,1,0,,0,ECF_sigma,0,,,,0
cg0876,sigH,cg1761,nifS2,1,curated_positive,unknown,0,0,1,0,0,,predicted,0.05,0,0,0,CoryneRegNet,1,1,OP_cg1765,1,0,0,0,,,,0,0,0,0,0,0,0,,,,2,0,0,0,,,,,,8,1,0,,0,ECF_sigma,0,,,,0
cg0876,sigH,cg1762,sufC,1,curated_positive,unknown,0,0,1,0,0,,predicted,0.05,0,0,0,CoryneRegNet,1,1,OP_cg1765,1,0,0,0,,,,0,0,0,0,0,0,0,,,,2,0,0,0,,,,,,8,1,0,,0,ECF_sigma,0,,,,0
cg0876,sigH,cg1763,sufD,1,curated_positive,unknown,0,0,1,0,0,,predicted,0.05,0,0,0,CoryneRegNet,1,1,OP_cg1765,1,0,0,0,,,,0,0,0,0,0,0,0,,,,2,0,0,0,,,,,,8,1,0,,0,ECF_sigma,0,,,,0
cg0876,sigH,cg1764,sufB,1,curated_positive,unknown,0,0,1,0,0,,predicted,0.05,0,0,0,CoryneRegNet,1,1,OP_cg1765,1,0,0,0,,,,0,0,0,0,0,0,0,,,,2,0,0,0,,,,,,8,1,0,,0,ECF_sigma,0,,,,0
cg0876,sigH,cg1765,cg1765,1,curated_positive,unknown,0,0,1,0,0,,experimental,0.75,1,1,2,CoryneRegNet,1,1,OP_cg1765,1,0,0,0,,,,0,0,0,0,0,0,0,,,,2,0,0,0,,,,,,8,1,0,,0,ECF_sigma,0,,,,0
cg0876,sigH,cg1776,tal,1,curated_positive,unknown,0,0,1,0,0,,experimental,0.75,1,1,1,CoryneRegNet,1,1,OP_cg1774,1,0,0,0,,,,0,22,6,0,0,0,0,,,,2,0,0,0,,,,,,8,0,0,,0,ECF_sigma,0,,,,0
cg0876,sigH,cg1778,zwf,1,curated_positive,unknown,0,0,1,0,0,,predicted,0.2,0,1,1,CoryneRegNet,1,1,OP_cg1774,1,0,0,0,,,,0,11,6,0,0,0,0,,,,2,0,0,0,,,,,,8,0,0,,0,ECF_sigma,0,,,,0
cg0876,sigH,cg1799,ribC,1,curated_positive,unknown,0,0,1,0,0,,experimental,0.75,1,1,1,CoryneRegNet,1,1,OP_cg1804,1,0,0,0,,,,0,6,6,0,0,0,0,,,,2,0,0,0,,,,,,8,0,0,,0,ECF_sigma,0,,,,0
cg0876,sigH,cg2076,ribD,1,curated_positive,unknown,0,0,1,0,0,,experimental,0.75,1,1,1,CoryneRegNet,1,1,,0,0,0,0,,,,0,6,6,0,0,0,0,,,,2,0,0,0,,,,,,8,2,0,,0,ECF_sigma,0,,,,0
cg0876,sigH,cg2078,cg2078,1,curated_positive,unknown,0,0,1,0,0,,experimental,0.75,1,1,2,CoryneRegNet,1,1,OP_cg2077,1,0,0,0,,,,0,1,1,0,0,0,0,,,,2,0,0,0,,,,,,8,1,0,,0,ECF_sigma,0,,,,0
cg0876,sigH,cg2092,sigA,1,curated_positive,unknown,0,0,1,0,0,,experimental,0.75,1,1,1,CoryneRegNet,1,1,,0,0,0,0,,,,0,0,0,0,0,0,0,,,,2,0,0,0,,,,,,8,1,0,,0,ECF_sigma,0,,,,0
cg0876,sigH,cg2102,sigB,1,curated_positive,unknown,0,0,1,0,0,,experimental + predicted,0.75,1,1,3,CoryneRegNet,1,1,,0,0,0,0,,,,0,0,0,0,0,0,0,,,,2,0,0,0,,,,,,8,0,0,,0,ECF_sigma,0,,,,0
cg0876,sigH,cg2106,cg2106,1,curated_positive,unknown,0,0,1,0,0,,experimental,0.75,1,1,2,CoryneRegNet,1,1,,0,0,0,0,,,,0,0,0,0,0,0,0,,,,2,0,0,0,,,,,,8,0,0,,0,ECF_sigma,0,,,,0
cg0876,sigH,cg2126,cg2126,1,curated_positive,unknown,0,0,1,0,0,,experimental,0.75,1,1,1,CoryneRegNet,1,1,,0,0,0,0,,,,0,1,1,0,0,0,0,,,,2,0,0,0,,,,,,8,1,0,,0,ECF_sigma,0,,,,0
cg0876,sigH,cg2152,cg2152,1,curated_positive,unknown,0,0,1,0,0,,experimental,0.75,1,1,4,CoryneRegNet,1,1,,0,0,0,0,,,,0,0,0,0,0,0,0,,,,2,0,0,0,,,,,,8,0,0,,0,ECF_sigma,0,,,,0
cg0876,sigH,cg2177,cg2177,1,curated_positive,unknown,0,0,1,0,0,,experimental,0.75,1,1,1,CoryneRegNet,1,1,OP_cg2179,1,0,0,0,,,,0,0,0,0,0,0,0,,,,2,0,0,0,,,,,,8,0,0,,0,ECF_sigma,0,,,,0
cg0876,sigH,cg2194,gor,1,curated_positive,unknown,0,0,1,0,0,,experimental,0.75,1,1,2,CoryneRegNet,1,1,,0,0,0,0,,,,0,11,6,0,0,0,0,,,,2,0,0,0,,,,,,8,0,0,,0,ECF_sigma,0,,,,0
cg0876,sigH,cg2206,ispG,1,curated_positive,unknown,0,0,1,0,0,,experimental,0.75,1,1,2,CoryneRegNet,1,1,OP_cg2208,1,0,0,0,,,,0,6,6,0,0,0,0,,,,2,0,0,0,,,,,,8,0,0,,0,ECF_sigma,0,,,,0
cg0876,sigH,cg2214,cg2214,1,curated_positive,unknown,0,0,1,0,0,,experimental,0.75,1,1,2,CoryneRegNet,1,1,,0,0,0,0,,,,0,0,0,0,0,0,0,,,,2,0,0,0,,,,,,8,0,0,,0,ECF_sigma,0,,,,0
cg0876,sigH,cg2247,cg2247,1,curated_positive,unknown,0,0,1,0,0,,experimental,0.75,1,1,1,CoryneRegNet,1,1,,0,0,0,0,,,,0,0,0,0,0,0,0,,,,2,0,0,0,,,,,,8,0,0,,0,ECF_sigma,0,,,,0
cg0876,sigH,cg2263,cg2263,1,curated_positive,unknown,0,0,1,0,0,,experimental,0.75,1,1,1,CoryneRegNet,1,1,,0,0,0,0,,,,0,1,1,0,0,0,0,,,,2,1,1,0,,,,,,8,2,0,,0,ECF_sigma,0,,,,0
cg0876,sigH,cg2267,cg2267,1,curated_positive,unknown,0,0,1,0,0,,experimental,0.75,1,1,1,CoryneRegNet,1,1,OP_cg2267,1,0,0,0,,,,0,1,1,0,0,0,0,,,,2,0,0,0,,,,,,8,0,0,,0,ECF_sigma,0,,,,0
cg0876,sigH,cg2301,cg2301,1,curated_positive,unknown,0,0,1,0,0,,experimental,0.75,1,1,1,CoryneRegNet,1,1,OP_cg2305,1,0,0,0,,,,0,0,0,0,0,0,0,,,,2,0,0,0,,,,,,8,0,0,,0,ECF_sigma,0,,,,0
cg0876,sigH,cg2329,cg2329,1,curated_positive,unknown,0,0,1,0,0,,experimental,0.75,1,1,1,CoryneRegNet,1,1,,0,0,0,0,,,,0,0,0,0,0,0,0,,,,2,0,0,0,,,,,,8,0,0,,0,ECF_sigma,0,,,,0
cg0876,sigH,cg2330,cg2330,1,curated_positive,unknown,0,0,1,0,0,,predicted,0.05,0,0,0,CoryneRegNet,1,1,OP_cg2332,1,0,0,0,,,,0,0,0,0,0,0,0,,,,2,0,0,0,,,,,,8,0,0,,0,ECF_sigma,0,,,,0
cg0876,sigH,cg2331,cg2331,1,curated_positive,unknown,0,0,1,0,0,,predicted,0.05,0,0,0,CoryneRegNet,1,1,OP_cg2332,1,0,0,0,,,,0,10,2,0,0,0,0,,,,2,0,0,0,,,,,,8,0,0,,0,ECF_sigma,0,,,,0
cg0876,sigH,cg2332,cg2332,1,curated_positive,unknown,0,0,1,0,0,,experimental,0.75,1,1,1,CoryneRegNet,1,1,OP_cg2332,1,0,0,0,,,,0,0,0,0,0,0,0,,,,2,0,0,0,,,,,,8,0,0,,0,ECF_sigma,0,,,,0
cg0876,sigH,cg2342,cg2342,1,curated_positive,unknown,0,0,1,0,0,,predicted,0.2,0,1,1,CoryneRegNet,1,1,,0,0,0,0,,,,0,0,0,0,0,0,0,,,,2,0,0,0,,,,,,8,0,0,,0,ECF_sigma,0,,,,0
cg0876,sigH,cg2380,cg2380,1,curated_positive,unknown,0,0,1,0,0,,experimental,0.75,1,1,1,CoryneRegNet,1,1,,0,0,0,0,,,,0,2,1,0,0,0,0,,,,2,0,0,0,,,,,,8,0,0,,0,ECF_sigma,0,,,,0
cg0876,sigH,cg2397,cg2397,1,curated_positive,unknown,0,0,1,0,0,,experimental,0.75,1,1,1,CoryneRegNet,1,1,,0,0,0,0,,,,0,0,0,0,0,0,0,,,,2,0,0,0,,,,,,8,0,0,,0,ECF_sigma,0,,,,0
cg0876,sigH,cg2408,cg2408,1,curated_positive,unknown,0,0,1,0,0,,predicted,0.05,0,0,0,CoryneRegNet,1,1,OP_cg2409,1,0,0,0,,,,0,15,5,0,0,0,0,,,,2,0,0,0,,,,,,8,1,0,,0,ECF_sigma,0,,,,0
cg0876,sigH,cg2409,ctaC,1,curated_positive,unknown,0,0,1,0,0,,experimental,0.75,1,1,1,CoryneRegNet,1,1,OP_cg2409,1,0,0,0,,,,0,24,7,0,0,0,0,,,,2,0,0,0,,,,,,8,0,0,,0,ECF_sigma,0,,,,0
cg0876,sigH,cg2411,cg2411,1,curated_positive,unknown,0,0,1,0,0,,experimental,0.75,1,1,2,CoryneRegNet,1,1,,0,0,0,0,,,,0,1,1,0,0,0,0,,,,2,0,0,0,,,,,,8,0,0,,0,ECF_sigma,0,,,,0
cg0876,sigH,cg2423,lipA,1,curated_positive,unknown,0,0,1,0,0,,experimental,0.75,1,1,2,CoryneRegNet,1,1,OP_cg2422,1,0,0,0,,,,0,6,6,0,0,0,0,,,,2,0,0,0,,,,,,8,0,0,,0,ECF_sigma,0,,,,0
cg0876,sigH,cg2434,cg2434,1,curated_positive,unknown,0,0,1,0,0,,predicted,0.2,0,1,1,CoryneRegNet,1,1,OP_cg2434,1,0,0,0,,,,0,0,0,0,0,0,0,,,,2,0,0,0,,,,,,8,0,0,,0,ECF_sigma,0,,,,0
cg0876,sigH,cg2487,cg2487,1,curated_positive,unknown,0,0,1,0,0,,experimental,0.75,1,1,1,CoryneRegNet,1,1,,0,0,0,0,,,,0,0,0,0,0,0,0,,,,2,0,0,0,,,,,,8,0,0,,0,ECF_sigma,0,,,,0
cg0876,sigH,cg2489,dnaG,1,curated_positive,unknown,0,0,1,0,0,,experimental,0.75,1,1,1,CoryneRegNet,1,1,,0,0,0,0,,,,0,1,1,0,0,0,0,,,,2,1,1,0,,,,,,8,0,0,,0,ECF_sigma,0,,,,0
cg0876,sigH,cg2514,cg2514,1,curated_positive,unknown,0,0,1,0,0,,predicted,0.05,0,0,0,CoryneRegNet,1,1,OP_cg2517,1,0,0,0,,,,0,0,0,0,0,0,0,,,,2,0,0,0,,,,,,8,0,0,,0,ECF_sigma,0,,,,0
cg0876,sigH,cg2515,dnaJ2,1,curated_positive,unknown,0,0,1,0,0,,experimental,0.75,1,1,3,CoryneRegNet,1,1,OP_cg2517,1,0,0,0,,,,0,0,0,0,0,0,0,,,,2,0,0,0,,,,,,8,0,0,,0,ECF_sigma,0,,,,0
cg0876,sigH,cg2538,cg2538,1,curated_positive,unknown,0,0,1,0,0,,experimental,0.75,1,1,2,CoryneRegNet,1,1,,0,0,0,0,,,,0,0,0,0,0,0,0,,,,2,0,0,0,,,,,,8,0,0,,0,ECF_sigma,0,,,,0
cg0876,sigH,cg2619,cg2619,1,curated_positive,unknown,0,0,1,0,0,,predicted,0.05,0,0,0,CoryneRegNet,1,1,OP_cg2620,1,0,0,0,,,,0,0,0,0,0,0,0,,,,2,0,0,0,,,,,,8,0,0,,0,ECF_sigma,0,,,,0
cg0876,sigH,cg2620,clpX,1,curated_positive,unknown,0,0,1,0,0,,experimental,0.75,1,1,1,CoryneRegNet,1,1,OP_cg2620,1,0,0,0,,,,0,0,0,0,0,0,0,,,,2,0,0,0,,,,,,8,0,0,,0,ECF_sigma,0,,,,0
cg0876,sigH,cg2644,clpP2,1,curated_positive,unknown,0,0,1,0,0,,experimental,0.75,1,1,1,CoryneRegNet,1,1,OP_cg2645,1,0,0,0,,,,0,1,1,0,0,0,0,,,,2,0,0,0,,,,,,8,1,0,,0,ECF_sigma,0,,,,0
cg0876,sigH,cg2645,clpP1,1,curated_positive,unknown,0,0,1,0,0,,experimental,0.75,1,1,2,CoryneRegNet,1,1,OP_cg2645,1,0,0,0,,,,0,0,0,0,0,0,0,,,,2,0,0,0,,,,,,8,1,0,,0,ECF_sigma,0,,,,0
cg0876,sigH,cg2661,cg2661,1,curated_positive,unknown,0,0,1,0,0,,experimental,0.75,1,1,2,CoryneRegNet,1,1,,0,0,0,0,,,,0,0,0,0,0,0,0,,,,2,0,0,0,,,,,,8,0,0,,0,ECF_sigma,0,,,,0
cg0876,sigH,cg2720,lppS,1,curated_positive,unknown,0,0,1,0,0,,experimental,0.75,1,1,1,CoryneRegNet,1,1,,0,0,0,0,,,,0,1,1,0,0,0,0,,,,2,0,0,0,,,,,,8,0,0,,0,ECF_sigma,0,,,,0
cg0876,sigH,cg2736,bcp,1,curated_positive,A,1,0,1,0,0,,ChIP-seq,0.4,0,1,1,Literature_ChIP_OsnR_sigH,1,0,,0,0,0,0,,,,0,0,0,0,0,0,0,,,,2,0,0,0,,,,,,8,0,0,,0,ECF_sigma,1,Literature_ChIP_OsnR_sigH,ATCC13032,ATCC13032,0
cg0876,sigH,cg2762,murI,1,curated_positive,unknown,0,0,1,0,0,,experimental,0.75,1,1,2,CoryneRegNet,1,1,OP_cg2762,1,0,0,0,,,,0,11,6,0,0,0,0,,,,2,0,0,0,,,,,,8,0,0,,0,ECF_sigma,0,,,,0
cg0876,sigH,cg2810,cg2810,1,curated_positive,unknown,0,0,1,0,0,,experimental,0.75,1,1,2,CoryneRegNet,1,1,,0,0,0,0,,,,0,0,0,0,0,0,0,,,,2,0,0,0,,,,,,8,0,0,,0,ECF_sigma,0,,,,0
cg0876,sigH,cg2835,cg2835,1,curated_positive,unknown,0,0,1,0,0,,experimental,0.75,1,1,2,CoryneRegNet,1,1,,0,0,0,0,,,,0,0,0,0,0,0,0,,,,2,0,0,0,,,,,,8,1,0,,0,ECF_sigma,0,,,,0
cg0876,sigH,cg2838,cg2838,1,curated_positive,unknown,0,0,1,0,0,,experimental,0.75,1,1,2,CoryneRegNet,1,1,,0,0,0,0,,,,0,0,0,0,0,0,0,,,,2,0,0,0,,,,,,8,0,0,,0,ECF_sigma,0,,,,0
cg0876,sigH,cg2867,gpx,1,curated_positive,unknown,0,0,1,0,0,,experimental,0.75,1,1,2,CoryneRegNet,1,1,,0,0,0,0,,,,0,0,0,0,0,0,0,,,,2,0,0,0,,,,,,8,0,0,,0,ECF_sigma,0,,,,0
cg0876,sigH,cg2912,cg2912,1,curated_positive,unknown,0,0,1,0,0,,experimental,0.75,1,1,1,CoryneRegNet,1,1,OP_cg2911,1,0,0,0,,,,0,6,6,0,0,0,0,,,,2,0,0,0,,,,,,8,0,0,,0,ECF_sigma,0,,,,0
cg0876,sigH,cg2949,cg2949,1,curated_positive,unknown,0,0,1,0,0,,experimental,0.75,1,1,1,CoryneRegNet,1,1,,0,0,0,0,,,,0,2,1,0,0,0,0,,,,2,0,0,0,,,,,,8,0,0,,0,ECF_sigma,0,,,,0
cg0876,sigH,cg2963,clpC,1,curated_positive,unknown,0,0,1,0,0,,experimental,0.75,1,1,2,CoryneRegNet,1,1,,0,0,0,0,,,,0,0,0,0,0,0,0,,,,2,0,0,0,,,,,,8,0,0,,0,ECF_sigma,0,,,,0
cg0876,sigH,cg2984,ftsH,1,curated_positive,unknown,0,0,1,0,0,,experimental,0.75,1,1,1,CoryneRegNet,1,1,OP_cg2987,1,0,0,0,,,,0,0,0,0,0,0,0,,,,2,0,0,0,,,,,,8,0,0,,0,ECF_sigma,0,,,,0
cg0876,sigH,cg3078,cg3078,1,curated_positive,unknown,0,0,1,0,0,,experimental,0.75,1,1,1,CoryneRegNet,1,1,,0,0,0,0,,,,0,0,0,0,0,0,0,,,,2,0,0,0,,,,,,8,0,0,,0,ECF_sigma,0,,,,0
cg0876,sigH,cg3079,clpB,1,curated_positive,unknown,0,0,1,0,0,,experimental,0.75,1,1,2,CoryneRegNet,1,1,,0,0,0,0,,,,0,0,0,0,0,0,0,,,,2,0,0,0,,,,,,8,0,0,,0,ECF_sigma,0,,,,0
cg0876,sigH,cg3097,hspR,1,curated_positive,unknown,0,0,1,0,0,,predicted,0.2,0,1,1,CoryneRegNet,1,1,OP_cg3100,1,0,0,0,,,,0,0,0,0,0,0,0,,,,2,0,0,0,,,,,,8,1,0,,0,ECF_sigma,0,,,,0
cg0876,sigH,cg3098,dnaJ,1,curated_positive,unknown,0,0,1,0,0,,predicted,0.2,0,1,1,CoryneRegNet,1,1,OP_cg3100,1,0,0,0,,,,0,0,0,0,0,0,0,,,,2,0,0,0,,,,,,8,1,0,,0,ECF_sigma,0,,,,0
cg0876,sigH,cg3099,grpE,1,curated_positive,unknown,0,0,1,0,0,,predicted,0.2,0,1,1,CoryneRegNet,1,1,OP_cg3100,1,0,0,0,,,,0,0,0,0,0,0,0,,,,2,0,0,0,,,,,,8,1,0,,0,ECF_sigma,0,,,,0
cg0876,sigH,cg3100,dnaK,1,curated_positive,unknown,0,0,1,0,0,,experimental + predicted,0.75,1,1,4,CoryneRegNet,1,1,OP_cg3100,1,0,0,0,,,,0,0,0,0,0,0,0,,,,2,0,0,0,,,,,,8,0,0,,0,ECF_sigma,0,,,,0
cg0876,sigH,cg3107,adhA,1,curated_positive,unknown,0,0,1,0,0,,experimental,0.75,1,1,1,CoryneRegNet,1,1,,0,0,0,0,,,,0,11,6,0,0,0,0,,,,2,0,0,0,,,,,,8,1,0,,0,ECF_sigma,0,,,,0
cg0876,sigH,cg3143,cg3143,1,curated_positive,unknown,0,0,1,0,0,,experimental,0.75,1,1,1,CoryneRegNet,1,1,,0,0,0,0,,,,0,0,0,0,0,0,0,,,,2,0,0,0,,,,,,8,0,0,,0,ECF_sigma,0,,,,0
cg0876,sigH,cg3236,msrA,1,curated_positive,unknown,0,0,1,0,0,,experimental,0.75,1,1,3,CoryneRegNet,1,1,,0,0,0,0,,,,0,6,6,0,0,0,0,,,,2,0,0,0,,,,,,8,1,0,,0,ECF_sigma,0,,,,0
cg0876,sigH,cg3299,trxB1,1,curated_positive,unknown,0,0,1,0,0,,experimental,0.75,1,1,1,CoryneRegNet,1,1,,0,0,0,0,,,,0,6,6,0,0,0,0,,,,2,0,0,0,,,,,,8,0,0,,0,ECF_sigma,0,,,,0
cg0876,sigH,cg3344,cg3344,1,curated_positive,unknown,0,0,1,0,0,,experimental,0.75,1,1,3,CoryneRegNet,1,1,,0,0,0,0,,,,0,0,0,0,0,0,0,,,,2,0,0,0,,,,,,8,0,0,,0,ECF_sigma,0,,,,0
cg0876,sigH,cg3357,trpP,1,curated_positive,unknown,0,0,1,0,0,,experimental,0.75,1,1,1,CoryneRegNet,1,1,,0,0,0,0,,,,0,0,0,0,0,0,0,,,,2,0,0,0,,,,,,8,0,0,,0,ECF_sigma,0,,,,0
cg0876,sigH,cg3378,cg3378,1,curated_positive,unknown,0,0,1,0,0,,experimental,0.75,1,1,1,CoryneRegNet,1,1,,0,0,0,0,,,,0,0,0,0,0,0,0,,,,2,0,0,0,,,,,,8,0,0,,0,ECF_sigma,0,,,,0
cg0876,sigH,cg3405,cg3405,1,curated_positive,unknown,0,0,1,0,0,,experimental + predicted,0.75,1,1,3,CoryneRegNet,1,1,,0,0,0,0,,,,0,0,0,0,0,0,0,,,,2,0,0,0,,,,,,8,1,0,,0,ECF_sigma,0,,,,0
cg0876,sigH,cg3420,sigM,1,curated_positive,unknown,0,0,1,0,0,,experimental,0.75,1,1,1,CoryneRegNet,1,1,,0,0,0,0,,,,0,0,0,0,0,0,0,,,,2,0,0,0,,,,,,8,0,0,,0,ECF_sigma,0,,,,0
cg0876,sigH,cg3422,trxB,1,curated_positive,unknown,0,0,1,0,0,,experimental,0.75,1,1,2,CoryneRegNet,1,1,,0,0,0,0,,,,0,6,6,0,0,0,0,,,,2,0,0,0,,,,,,8,0,0,,0,ECF_sigma,1,Literature_ChIP_OsnR_sigH,ATCC13032,ATCC13032,0
cg0876,sigH,cg3423,trxC,1,curated_positive,unknown,0,0,1,0,0,,experimental,0.75,1,1,1,CoryneRegNet,1,1,OP_cg3423,1,0,0,0,,,,0,6,6,0,0,0,0,,,,2,0,0,0,,,,,,8,0,0,,0,ECF_sigma,1,Literature_ChIP_OsnR_sigH,ATCC13032,ATCC13032,0
cg0876,sigH,cg3429,cg3429,1,curated_positive,unknown,0,0,1,0,0,,experimental,0.75,1,1,1,CoryneRegNet,1,1,,0,0,0,0,,,,0,0,0,0,0,0,0,,,,2,0,0,0,,,,,,8,0,0,,0,ECF_sigma,0,,,,0
cg0876,sigH,cgr0950,cgr0950,1,curated_positive,A,1,0,1,0,0,,ChIP-chip,0.4,0,1,1,GEO_GSE52040_SigH_Toyoda2015,1,0,,0,0,0,0,,,,0,0,0,0,0,0,0,,,,2,0,0,0,,,,,,8,0,0,,0,ECF_sigma,1,GEO_GSE52040_SigH_Toyoda2015,ATCC13032,Strain_R,0
cg0876,sigH,cgr1449,cgr1449,1,curated_positive,A,1,0,1,0,0,,ChIP-chip,0.4,0,1,1,GEO_GSE52040_SigH_Toyoda2015,1,0,,0,0,0,0,,,,0,0,0,0,0,0,0,,,,2,0,0,0,,,,,,8,0,0,,0,ECF_sigma,1,GEO_GSE52040_SigH_Toyoda2015,ATCC13032,Strain_R,0
cg0876,sigH,cgr1670,cgr1670,1,curated_positive,A,1,0,1,0,0,,ChIP-chip,0.4,0,1,1,GEO_GSE52040_SigH_Toyoda2015,1,0,,0,0,0,0,,,,0,0,0,0,0,0,0,,,,2,0,0,0,,,,,,8,0,0,,0,ECF_sigma,1,GEO_GSE52040_SigH_Toyoda2015,ATCC13032,Strain_R,0
cg0876,sigH,cgr1709,cgr1709,1,curated_positive,A,1,0,1,0,0,,ChIP-chip,0.4,0,1,1,GEO_GSE52040_SigH_Toyoda2015,1,0,,0,0,0,0,,,,0,0,0,0,0,0,0,,,,2,0,0,0,,,,,,8,0,0,,0,ECF_sigma,1,GEO_GSE52040_SigH_Toyoda2015,ATCC13032,Strain_R,0
cg0876,sigH,cgr1866,cgr1866,1,curated_positive,A,1,0,1,0,0,,ChIP-chip,0.4,0,1,1,GEO_GSE52040_SigH_Toyoda2015,1,0,,0,0,0,0,,,,0,0,0,0,0,0,0,,,,2,0,0,0,,,,,,8,0,0,,0,ECF_sigma,1,GEO_GSE52040_SigH_Toyoda2015,ATCC13032,Strain_R,0
cg0876,sigH,cgr1932,cgr1932,1,curated_positive,A,1,0,1,0,0,,ChIP-chip,0.4,0,1,1,GEO_GSE52040_SigH_Toyoda2015,1,0,,0,0,0,0,,,,0,0,0,0,0,0,0,,,,2,0,0,0,,,,,,8,0,0,,0,ECF_sigma,1,GEO_GSE52040_SigH_Toyoda2015,ATCC13032,Strain_R,0
cg0876,sigH,cgr1933,cgr1933,1,curated_positive,A,1,0,1,0,0,,ChIP-chip,0.4,0,1,1,GEO_GSE52040_SigH_Toyoda2015,1,0,,0,0,0,0,,,,0,0,0,0,0,0,0,,,,2,0,0,0,,,,,,8,0,0,,0,ECF_sigma,1,GEO_GSE52040_SigH_Toyoda2015,ATCC13032,Strain_R,0
cg0876,sigH,cgr1972,cgr1972,1,curated_positive,A,1,0,1,0,0,,ChIP-chip,0.4,0,1,1,GEO_GSE52040_SigH_Toyoda2015,1,0,,0,0,0,0,,,,0,0,0,0,0,0,0,,,,2,0,0,0,,,,,,8,0,0,,0,ECF_sigma,1,GEO_GSE52040_SigH_Toyoda2015,ATCC13032,Strain_R,0
cg0876,sigH,cgr1989,cgr1989,1,curated_positive,A,1,0,1,0,0,,ChIP-chip,0.4,0,1,1,GEO_GSE52040_SigH_Toyoda2015,1,0,,0,0,0,0,,,,0,0,0,0,0,0,0,,,,2,0,0,0,,,,,,8,0,0,,0,ECF_sigma,1,GEO_GSE52040_SigH_Toyoda2015,ATCC13032,Strain_R,0
cg0876,sigH,cgr2084,cgr2084,1,curated_positive,A,1,0,1,0,0,,ChIP-chip,0.4,0,1,1,GEO_GSE52040_SigH_Toyoda2015,1,0,,0,0,0,0,,,,0,0,0,0,0,0,0,,,,2,0,0,0,,,,,,8,0,0,,0,ECF_sigma,1,GEO_GSE52040_SigH_Toyoda2015,ATCC13032,Strain_R,0
cg0876,sigH,cgr2085,cgr2085,1,curated_positive,A,1,0,1,0,0,,ChIP-chip,0.4,0,1,1,GEO_GSE52040_SigH_Toyoda2015,1,0,,0,0,0,0,,,,0,0,0,0,0,0,0,,,,2,0,0,0,,,,,,8,0,0,,0,ECF_sigma,1,GEO_GSE52040_SigH_Toyoda2015,ATCC13032,Strain_R,0
cg0876,sigH,cgr2237,cgr2237,1,curated_positive,A,1,0,1,0,0,,ChIP-chip,0.4,0,1,1,GEO_GSE52040_SigH_Toyoda2015,1,0,,0,0,0,0,,,,0,0,0,0,0,0,0,,,,2,0,0,0,,,,,,8,0,0,,0,ECF_sigma,1,GEO_GSE52040_SigH_Toyoda2015,ATCC13032,Strain_R,0
cg0876,sigH,cgr2652,cgr2652,1,curated_positive,A,1,0,1,0,0,,ChIP-chip,0.4,0,1,1,GEO_GSE52040_SigH_Toyoda2015,1,0,,0,0,0,0,,,,0,0,0,0,0,0,0,,,,2,0,0,0,,,,,,8,0,0,,0,ECF_sigma,1,GEO_GSE52040_SigH_Toyoda2015,ATCC13032,Strain_R,0
cg0876,sigH,cgr3032,cgr3032,1,curated_positive,A,1,0,1,0,0,,ChIP-chip,0.4,0,1,1,GEO_GSE52040_SigH_Toyoda2015,1,0,,0,0,0,0,,,,0,0,0,0,0,0,0,,,,2,0,0,0,,,,,,8,0,0,,0,ECF_sigma,1,GEO_GSE52040_SigH_Toyoda2015,ATCC13032,Strain_R,0
cg0876,sigH,cgr3068,cgr3068,1,curated_positive,A,1,0,1,0,0,,ChIP-chip,0.4,0,1,1,GEO_GSE52040_SigH_Toyoda2015,1,0,,0,0,0,0,,,,0,0,0,0,0,0,0,,,,2,0,0,0,,,,,,8,0,0,,0,ECF_sigma,1,GEO_GSE52040_SigH_Toyoda2015,ATCC13032,Strain_R,0
cg0876,sigH,cgr3069,cgr3069,1,curated_positive,A,1,0,1,0,0,,ChIP-chip,0.4,0,1,1,GEO_GSE52040_SigH_Toyoda2015,1,0,,0,0,0,0,,,,0,0,0,0,0,0,0,,,,2,0,0,0,,,,,,8,0,0,,0,ECF_sigma,1,GEO_GSE52040_SigH_Toyoda2015,ATCC13032,Strain_R,0
cg0876,sigH,cgr3176,cgr3176,1,curated_positive,A,1,0,1,0,0,,ChIP-chip,0.4,0,1,1,GEO_GSE52040_SigH_Toyoda2015,1,0,,0,0,0,0,,,,0,0,0,0,0,0,0,,,,2,0,0,0,,,,,,8,0,0,,0,ECF_sigma,1,GEO_GSE52040_SigH_Toyoda2015,ATCC13032,Strain_R,0
cg0876,sigH,cgrfwd02694,cgrfwd02694,1,curated_positive,A,1,0,1,0,0,,ChIP-chip,0.4,0,1,1,GEO_GSE52040_SigH_Toyoda2015,1,0,,0,0,0,0,,,,0,0,0,0,0,0,0,,,,2,0,0,0,,,,,,8,0,0,,0,ECF_sigma,1,GEO_GSE52040_SigH_Toyoda2015,ATCC13032,Strain_R,0
cg0876,sigH,cgrfwd05403,cgrfwd05403,1,curated_positive,A,1,0,1,0,0,,ChIP-chip,0.4,0,1,1,GEO_GSE52040_SigH_Toyoda2015,1,0,,0,0,0,0,,,,0,0,0,0,0,0,0,,,,2,0,0,0,,,,,,8,0,0,,0,ECF_sigma,1,GEO_GSE52040_SigH_Toyoda2015,ATCC13032,Strain_R,0
cg0876,sigH,cgrfwd05404,cgrfwd05404,1,curated_positive,A,1,0,1,0,0,,ChIP-chip,0.4,0,1,1,GEO_GSE52040_SigH_Toyoda2015,1,0,,0,0,0,0,,,,0,0,0,0,0,0,0,,,,2,0,0,0,,,,,,8,0,0,,0,ECF_sigma,1,GEO_GSE52040_SigH_Toyoda2015,ATCC13032,Strain_R,0
cg0876,sigH,cgrfwd07384,cgrfwd07384,1,curated_positive,A,1,0,1,0,0,,ChIP-chip,0.4,0,1,1,GEO_GSE52040_SigH_Toyoda2015,1,0,,0,0,0,0,,,,0,0,0,0,0,0,0,,,,2,0,0,0,,,,,,8,0,0,,0,ECF_sigma,1,GEO_GSE52040_SigH_Toyoda2015,ATCC13032,Strain_R,0
cg0876,sigH,cgrfwd07385,cgrfwd07385,1,curated_positive,A,1,0,1,0,0,,ChIP-chip,0.4,0,1,1,GEO_GSE52040_SigH_Toyoda2015,1,0,,0,0,0,0,,,,0,0,0,0,0,0,0,,,,2,0,0,0,,,,,,8,0,0,,0,ECF_sigma,1,GEO_GSE52040_SigH_Toyoda2015,ATCC13032,Strain_R,0
cg0876,sigH,cgrfwd07386,cgrfwd07386,1,curated_positive,A,1,0,1,0,0,,ChIP-chip,0.4,0,1,1,GEO_GSE52040_SigH_Toyoda2015,1,0,,0,0,0,0,,,,0,0,0,0,0,0,0,,,,2,0,0,0,,,,,,8,0,0,,0,ECF_sigma,1,GEO_GSE52040_SigH_Toyoda2015,ATCC13032,Strain_R,0
cg0876,sigH,cgrfwd07387,cgrfwd07387,1,curated_positive,A,1,0,1,0,0,,ChIP-chip,0.4,0,1,1,GEO_GSE52040_SigH_Toyoda2015,1,0,,0,0,0,0,,,,0,0,0,0,0,0,0,,,,2,0,0,0,,,,,,8,0,0,,0,ECF_sigma,1,GEO_GSE52040_SigH_Toyoda2015,ATCC13032,Strain_R,0
cg0876,sigH,cgrfwd07957,cgrfwd07957,1,curated_positive,A,1,0,1,0,0,,ChIP-chip,0.4,0,1,1,GEO_GSE52040_SigH_Toyoda2015,1,0,,0,0,0,0,,,,0,0,0,0,0,0,0,,,,2,0,0,0,,,,,,8,0,0,,0,ECF_sigma,1,GEO_GSE52040_SigH_Toyoda2015,ATCC13032,Strain_R,0
cg0876,sigH,cgrfwd08079,cgrfwd08079,1,curated_positive,A,1,0,1,0,0,,ChIP-chip,0.4,0,1,1,GEO_GSE52040_SigH_Toyoda2015,1,0,,0,0,0,0,,,,0,0,0,0,0,0,0,,,,2,0,0,0,,,,,,8,0,0,,0,ECF_sigma,1,GEO_GSE52040_SigH_Toyoda2015,ATCC13032,Strain_R,0
cg0876,sigH,cgrfwd08257,cgrfwd08257,1,curated_positive,A,1,0,1,0,0,,ChIP-chip,0.4,0,1,1,GEO_GSE52040_SigH_Toyoda2015,1,0,,0,0,0,0,,,,0,0,0,0,0,0,0,,,,2,0,0,0,,,,,,8,0,0,,0,ECF_sigma,1,GEO_GSE52040_SigH_Toyoda2015,ATCC13032,Strain_R,0
cg0876,sigH,cgrfwd08258,cgrfwd08258,1,curated_positive,A,1,0,1,0,0,,ChIP-chip,0.4,0,1,1,GEO_GSE52040_SigH_Toyoda2015,1,0,,0,0,0,0,,,,0,0,0,0,0,0,0,,,,2,0,0,0,,,,,,8,0,0,,0,ECF_sigma,1,GEO_GSE52040_SigH_Toyoda2015,ATCC13032,Strain_R,0
cg0876,sigH,cgrfwd08259,cgrfwd08259,1,curated_positive,A,1,0,1,0,0,,ChIP-chip,0.4,0,1,1,GEO_GSE52040_SigH_Toyoda2015,1,0,,0,0,0,0,,,,0,0,0,0,0,0,0,,,,2,0,0,0,,,,,,8,0,0,,0,ECF_sigma,1,GEO_GSE52040_SigH_Toyoda2015,ATCC13032,Strain_R,0
cg0876,sigH,cgrfwd08260,cgrfwd08260,1,curated_positive,A,1,0,1,0,0,,ChIP-chip,0.4,0,1,1,GEO_GSE52040_SigH_Toyoda2015,1,0,,0,0,0,0,,,,0,0,0,0,0,0,0,,,,2,0,0,0,,,,,,8,0,0,,0,ECF_sigma,1,GEO_GSE52040_SigH_Toyoda2015,ATCC13032,Strain_R,0
cg0876,sigH,cgrfwd08868,cgrfwd08868,1,curated_positive,A,1,0,1,0,0,,ChIP-chip,0.4,0,1,1,GEO_GSE52040_SigH_Toyoda2015,1,0,,0,0,0,0,,,,0,0,0,0,0,0,0,,,,2,0,0,0,,,,,,8,0,0,,0,ECF_sigma,1,GEO_GSE52040_SigH_Toyoda2015,ATCC13032,Strain_R,0
cg0876,sigH,cgrfwd08869,cgrfwd08869,1,curated_positive,A,1,0,1,0,0,,ChIP-chip,0.4,0,1,1,GEO_GSE52040_SigH_Toyoda2015,1,0,,0,0,0,0,,,,0,0,0,0,0,0,0,,,,2,0,0,0,,,,,,8,0,0,,0,ECF_sigma,1,GEO_GSE52040_SigH_Toyoda2015,ATCC13032,Strain_R,0
cg0876,sigH,cgrfwd08870,cgrfwd08870,1,curated_positive,A,1,0,1,0,0,,ChIP-chip,0.4,0,1,1,GEO_GSE52040_SigH_Toyoda2015,1,0,,0,0,0,0,,,,0,0,0,0,0,0,0,,,,2,0,0,0,,,,,,8,0,0,,0,ECF_sigma,1,GEO_GSE52040_SigH_Toyoda2015,ATCC13032,Strain_R,0
cg0876,sigH,cgrfwd09472,cgrfwd09472,1,curated_positive,A,1,0,1,0,0,,ChIP-chip,0.4,0,1,1,GEO_GSE52040_SigH_Toyoda2015,1,0,,0,0,0,0,,,,0,0,0,0,0,0,0,,,,2,0,0,0,,,,,,8,0,0,,0,ECF_sigma,1,GEO_GSE52040_SigH_Toyoda2015,ATCC13032,Strain_R,0
cg0876,sigH,cgrfwd09473,cgrfwd09473,1,curated_positive,A,1,0,1,0,0,,ChIP-chip,0.4,0,1,1,GEO_GSE52040_SigH_Toyoda2015,1,0,,0,0,0,0,,,,0,0,0,0,0,0,0,,,,2,0,0,0,,,,,,8,0,0,,0,ECF_sigma,1,GEO_GSE52040_SigH_Toyoda2015,ATCC13032,Strain_R,0
cg0876,sigH,cgrfwd09474,cgrfwd09474,1,curated_positive,A,1,0,1,0,0,,ChIP-chip,0.4,0,1,1,GEO_GSE52040_SigH_Toyoda2015,1,0,,0,0,0,0,,,,0,0,0,0,0,0,0,,,,2,0,0,0,,,,,,8,0,0,,0,ECF_sigma,1,GEO_GSE52040_SigH_Toyoda2015,ATCC13032,Strain_R,0
cg0876,sigH,cgrfwd09708,cgrfwd09708,1,curated_positive,A,1,0,1,0,0,,ChIP-chip,0.4,0,1,1,GEO_GSE52040_SigH_Toyoda2015,1,0,,0,0,0,0,,,,0,0,0,0,0,0,0,,,,2,0,0,0,,,,,,8,0,0,,0,ECF_sigma,1,GEO_GSE52040_SigH_Toyoda2015,ATCC13032,Strain_R,0
cg0876,sigH,cgrfwd09709,cgrfwd09709,1,curated_positive,A,1,0,1,0,0,,ChIP-chip,0.4,0,1,1,GEO_GSE52040_SigH_Toyoda2015,1,0,,0,0,0,0,,,,0,0,0,0,0,0,0,,,,2,0,0,0,,,,,,8,0,0,,0,ECF_sigma,1,GEO_GSE52040_SigH_Toyoda2015,ATCC13032,Strain_R,0
cg0876,sigH,cgrfwd09710,cgrfwd09710,1,curated_positive,A,1,0,1,0,0,,ChIP-chip,0.4,0,1,1,GEO_GSE52040_SigH_Toyoda2015,1,0,,0,0,0,0,,,,0,0,0,0,0,0,0,,,,2,0,0,0,,,,,,8,0,0,,0,ECF_sigma,1,GEO_GSE52040_SigH_Toyoda2015,ATCC13032,Strain_R,0
cg0876,sigH,cgrfwd09997,cgrfwd09997,1,curated_positive,A,1,0,1,0,0,,ChIP-chip,0.4,0,1,1,GEO_GSE52040_SigH_Toyoda2015,1,0,,0,0,0,0,,,,0,0,0,0,0,0,0,,,,2,0,0,0,,,,,,8,0,0,,0,ECF_sigma,1,GEO_GSE52040_SigH_Toyoda2015,ATCC13032,Strain_R,0
cg0876,sigH,cgrfwd09998,cgrfwd09998,1,curated_positive,A,1,0,1,0,0,,ChIP-chip,0.4,0,1,1,GEO_GSE52040_SigH_Toyoda2015,1,0,,0,0,0,0,,,,0,0,0,0,0,0,0,,,,2,0,0,0,,,,,,8,0,0,,0,ECF_sigma,1,GEO_GSE52040_SigH_Toyoda2015,ATCC13032,Strain_R,0
cg0876,sigH,cgrfwd10699,cgrfwd10699,1,curated_positive,A,1,0,1,0,0,,ChIP-chip,0.4,0,1,1,GEO_GSE52040_SigH_Toyoda2015,1,0,,0,0,0,0,,,,0,0,0,0,0,0,0,,,,2,0,0,0,,,,,,8,0,0,,0,ECF_sigma,1,GEO_GSE52040_SigH_Toyoda2015,ATCC13032,Strain_R,0
cg0876,sigH,cgrfwd10700,cgrfwd10700,1,curated_positive,A,1,0,1,0,0,,ChIP-chip,0.4,0,1,1,GEO_GSE52040_SigH_Toyoda2015,1,0,,0,0,0,0,,,,0,0,0,0,0,0,0,,,,2,0,0,0,,,,,,8,0,0,,0,ECF_sigma,1,GEO_GSE52040_SigH_Toyoda2015,ATCC13032,Strain_R,0
cg0876,sigH,cgrfwd10767,cgrfwd10767,1,curated_positive,A,1,0,1,0,0,,ChIP-chip,0.4,0,1,1,GEO_GSE52040_SigH_Toyoda2015,1,0,,0,0,0,0,,,,0,0,0,0,0,0,0,,,,2,0,0,0,,,,,,8,0,0,,0,ECF_sigma,1,GEO_GSE52040_SigH_Toyoda2015,ATCC13032,Strain_R,0
cg0876,sigH,cgrfwd10768,cgrfwd10768,1,curated_positive,A,1,0,1,0,0,,ChIP-chip,0.4,0,1,1,GEO_GSE52040_SigH_Toyoda2015,1,0,,0,0,0,0,,,,0,0,0,0,0,0,0,,,,2,0,0,0,,,,,,8,0,0,,0,ECF_sigma,1,GEO_GSE52040_SigH_Toyoda2015,ATCC13032,Strain_R,0
cg0876,sigH,cgrfwd10769,cgrfwd10769,1,curated_positive,A,1,0,1,0,0,,ChIP-chip,0.4,0,1,1,GEO_GSE52040_SigH_Toyoda2015,1,0,,0,0,0,0,,,,0,0,0,0,0,0,0,,,,2,0,0,0,,,,,,8,0,0,,0,ECF_sigma,1,GEO_GSE52040_SigH_Toyoda2015,ATCC13032,Strain_R,0
cg0876,sigH,cgrfwd10770,cgrfwd10770,1,curated_positive,A,1,0,1,0,0,,ChIP-chip,0.4,0,1,1,GEO_GSE52040_SigH_Toyoda2015,1,0,,0,0,0,0,,,,0,0,0,0,0,0,0,,,,2,0,0,0,,,,,,8,0,0,,0,ECF_sigma,1,GEO_GSE52040_SigH_Toyoda2015,ATCC13032,Strain_R,0
cg0876,sigH,cgrfwd10846,cgrfwd10846,1,curated_positive,A,1,0,1,0,0,,ChIP-chip,0.4,0,1,1,GEO_GSE52040_SigH_Toyoda2015,1,0,,0,0,0,0,,,,0,0,0,0,0,0,0,,,,2,0,0,0,,,,,,8,0,0,,0,ECF_sigma,1,GEO_GSE52040_SigH_Toyoda2015,ATCC13032,Strain_R,0
cg0876,sigH,cgrfwd11096,cgrfwd11096,1,curated_positive,A,1,0,1,0,0,,ChIP-chip,0.4,0,1,1,GEO_GSE52040_SigH_Toyoda2015,1,0,,0,0,0,0,,,,0,0,0,0,0,0,0,,,,2,0,0,0,,,,,,8,0,0,,0,ECF_sigma,1,GEO_GSE52040_SigH_Toyoda2015,ATCC13032,Strain_R,0
cg0876,sigH,cgrfwd11097,cgrfwd11097,1,curated_positive,A,1,0,1,0,0,,ChIP-chip,0.4,0,1,1,GEO_GSE52040_SigH_Toyoda2015,1,0,,0,0,0,0,,,,0,0,0,0,0,0,0,,,,2,0,0,0,,,,,,8,0,0,,0,ECF_sigma,1,GEO_GSE52040_SigH_Toyoda2015,ATCC13032,Strain_R,0
cg0876,sigH,cgrfwd11098,cgrfwd11098,1,curated_positive,A,1,0,1,0,0,,ChIP-chip,0.4,0,1,1,GEO_GSE52040_SigH_Toyoda2015,1,0,,0,0,0,0,,,,0,0,0,0,0,0,0,,,,2,0,0,0,,,,,,8,0,0,,0,ECF_sigma,1,GEO_GSE52040_SigH_Toyoda2015,ATCC13032,Strain_R,0
cg0876,sigH,cgrfwd11099,cgrfwd11099,1,curated_positive,A,1,0,1,0,0,,ChIP-chip,0.4,0,1,1,GEO_GSE52040_SigH_Toyoda2015,1,0,,0,0,0,0,,,,0,0,0,0,0,0,0,,,,2,0,0,0,,,,,,8,0,0,,0,ECF_sigma,1,GEO_GSE52040_SigH_Toyoda2015,ATCC13032,Strain_R,0
cg0876,sigH,cgrfwd11100,cgrfwd11100,1,curated_positive,A,1,0,1,0,0,,ChIP-chip,0.4,0,1,1,GEO_GSE52040_SigH_Toyoda2015,1,0,,0,0,0,0,,,,0,0,0,0,0,0,0,,,,2,0,0,0,,,,,,8,0,0,,0,ECF_sigma,1,GEO_GSE52040_SigH_Toyoda2015,ATCC13032,Strain_R,0
cg0876,sigH,cgrfwd11101,cgrfwd11101,1,curated_positive,A,1,0,1,0,0,,ChIP-chip,0.4,0,1,1,GEO_GSE52040_SigH_Toyoda2015,1,0,,0,0,0,0,,,,0,0,0,0,0,0,0,,,,2,0,0,0,,,,,,8,0,0,,0,ECF_sigma,1,GEO_GSE52040_SigH_Toyoda2015,ATCC13032,Strain_R,0
cg0876,sigH,cgrfwd11361,cgrfwd11361,1,curated_positive,A,1,0,1,0,0,,ChIP-chip,0.4,0,1,1,GEO_GSE52040_SigH_Toyoda2015,1,0,,0,0,0,0,,,,0,0,0,0,0,0,0,,,,2,0,0,0,,,,,,8,0,0,,0,ECF_sigma,1,GEO_GSE52040_SigH_Toyoda2015,ATCC13032,Strain_R,0
cg0876,sigH,cgrfwd11362,cgrfwd11362,1,curated_positive,A,1,0,1,0,0,,ChIP-chip,0.4,0,1,1,GEO_GSE52040_SigH_Toyoda2015,1,0,,0,0,0,0,,,,0,0,0,0,0,0,0,,,,2,0,0,0,,,,,,8,0,0,,0,ECF_sigma,1,GEO_GSE52040_SigH_Toyoda2015,ATCC13032,Strain_R,0
cg0876,sigH,cgrfwd11467,cgrfwd11467,1,curated_positive,A,1,0,1,0,0,,ChIP-chip,0.4,0,1,1,GEO_GSE52040_SigH_Toyoda2015,1,0,,0,0,0,0,,,,0,0,0,0,0,0,0,,,,2,0,0,0,,,,,,8,0,0,,0,ECF_sigma,1,GEO_GSE52040_SigH_Toyoda2015,ATCC13032,Strain_R,0
cg0876,sigH,cgrfwd11468,cgrfwd11468,1,curated_positive,A,1,0,1,0,0,,ChIP-chip,0.4,0,1,1,GEO_GSE52040_SigH_Toyoda2015,1,0,,0,0,0,0,,,,0,0,0,0,0,0,0,,,,2,0,0,0,,,,,,8,0,0,,0,ECF_sigma,1,GEO_GSE52040_SigH_Toyoda2015,ATCC13032,Strain_R,0
cg0876,sigH,cgrfwd11469,cgrfwd11469,1,curated_positive,A,1,0,1,0,0,,ChIP-chip,0.4,0,1,1,GEO_GSE52040_SigH_Toyoda2015,1,0,,0,0,0,0,,,,0,0,0,0,0,0,0,,,,2,0,0,0,,,,,,8,0,0,,0,ECF_sigma,1,GEO_GSE52040_SigH_Toyoda2015,ATCC13032,Strain_R,0
cg0876,sigH,cgrfwd11470,cgrfwd11470,1,curated_positive,A,1,0,1,0,0,,ChIP-chip,0.4,0,1,1,GEO_GSE52040_SigH_Toyoda2015,1,0,,0,0,0,0,,,,0,0,0,0,0,0,0,,,,2,0,0,0,,,,,,8,0,0,,0,ECF_sigma,1,GEO_GSE52040_SigH_Toyoda2015,ATCC13032,Strain_R,0
cg0876,sigH,cgrfwd11868,cgrfwd11868,1,curated_positive,A,1,0,1,0,0,,ChIP-chip,0.4,0,1,1,GEO_GSE52040_SigH_Toyoda2015,1,0,,0,0,0,0,,,,0,0,0,0,0,0,0,,,,2,0,0,0,,,,,,8,0,0,,0,ECF_sigma,1,GEO_GSE52040_SigH_Toyoda2015,ATCC13032,Strain_R,0
cg0876,sigH,cgrfwd12177,cgrfwd12177,1,curated_positive,A,1,0,1,0,0,,ChIP-chip,0.4,0,1,1,GEO_GSE52040_SigH_Toyoda2015,1,0,,0,0,0,0,,,,0,0,0,0,0,0,0,,,,2,0,0,0,,,,,,8,0,0,,0,ECF_sigma,1,GEO_GSE52040_SigH_Toyoda2015,ATCC13032,Strain_R,0
cg0876,sigH,cgrfwd12178,cgrfwd12178,1,curated_positive,A,1,0,1,0,0,,ChIP-chip,0.4,0,1,1,GEO_GSE52040_SigH_Toyoda2015,1,0,,0,0,0,0,,,,0,0,0,0,0,0,0,,,,2,0,0,0,,,,,,8,0,0,,0,ECF_sigma,1,GEO_GSE52040_SigH_Toyoda2015,ATCC13032,Strain_R,0
cg0876,sigH,cgrfwd12633,cgrfwd12633,1,curated_positive,A,1,0,1,0,0,,ChIP-chip,0.4,0,1,1,GEO_GSE52040_SigH_Toyoda2015,1,0,,0,0,0,0,,,,0,0,0,0,0,0,0,,,,2,0,0,0,,,,,,8,0,0,,0,ECF_sigma,1,GEO_GSE52040_SigH_Toyoda2015,ATCC13032,Strain_R,0
cg0876,sigH,cgrfwd12634,cgrfwd12634,1,curated_positive,A,1,0,1,0,0,,ChIP-chip,0.4,0,1,1,GEO_GSE52040_SigH_Toyoda2015,1,0,,0,0,0,0,,,,0,0,0,0,0,0,0,,,,2,0,0,0,,,,,,8,0,0,,0,ECF_sigma,1,GEO_GSE52040_SigH_Toyoda2015,ATCC13032,Strain_R,0
cg0876,sigH,cgrfwd12810,cgrfwd12810,1,curated_positive,A,1,0,1,0,0,,ChIP-chip,0.4,0,1,1,GEO_GSE52040_SigH_Toyoda2015,1,0,,0,0,0,0,,,,0,0,0,0,0,0,0,,,,2,0,0,0,,,,,,8,0,0,,0,ECF_sigma,1,GEO_GSE52040_SigH_Toyoda2015,ATCC13032,Strain_R,0
cg0876,sigH,cgrfwd12811,cgrfwd12811,1,curated_positive,A,1,0,1,0,0,,ChIP-chip,0.4,0,1,1,GEO_GSE52040_SigH_Toyoda2015,1,0,,0,0,0,0,,,,0,0,0,0,0,0,0,,,,2,0,0,0,,,,,,8,0,0,,0,ECF_sigma,1,GEO_GSE52040_SigH_Toyoda2015,ATCC13032,Strain_R,0
cg0876,sigH,cgrfwd12812,cgrfwd12812,1,curated_positive,A,1,0,1,0,0,,ChIP-chip,0.4,0,1,1,GEO_GSE52040_SigH_Toyoda2015,1,0,,0,0,0,0,,,,0,0,0,0,0,0,0,,,,2,0,0,0,,,,,,8,0,0,,0,ECF_sigma,1,GEO_GSE52040_SigH_Toyoda2015,ATCC13032,Strain_R,0
cg0876,sigH,cgrfwd12825,cgrfwd12825,1,curated_positive,A,1,0,1,0,0,,ChIP-chip,0.4,0,1,1,GEO_GSE52040_SigH_Toyoda2015,1,0,,0,0,0,0,,,,0,0,0,0,0,0,0,,,,2,0,0,0,,,,,,8,0,0,,0,ECF_sigma,1,GEO_GSE52040_SigH_Toyoda2015,ATCC13032,Strain_R,0
cg0876,sigH,cgrfwd12826,cgrfwd12826,1,curated_positive,A,1,0,1,0,0,,ChIP-chip,0.4,0,1,1,GEO_GSE52040_SigH_Toyoda2015,1,0,,0,0,0,0,,,,0,0,0,0,0,0,0,,,,2,0,0,0,,,,,,8,0,0,,0,ECF_sigma,1,GEO_GSE52040_SigH_Toyoda2015,ATCC13032,Strain_R,0
cg0876,sigH,cgrfwd12827,cgrfwd12827,1,curated_positive,A,1,0,1,0,0,,ChIP-chip,0.4,0,1,1,GEO_GSE52040_SigH_Toyoda2015,1,0,,0,0,0,0,,,,0,0,0,0,0,0,0,,,,2,0,0,0,,,,,,8,0,0,,0,ECF_sigma,1,GEO_GSE52040_SigH_Toyoda2015,ATCC13032,Strain_R,0
cg0876,sigH,cgrfwd12828,cgrfwd12828,1,curated_positive,A,1,0,1,0,0,,ChIP-chip,0.4,0,1,1,GEO_GSE52040_SigH_Toyoda2015,1,0,,0,0,0,0,,,,0,0,0,0,0,0,0,,,,2,0,0,0,,,,,,8,0,0,,0,ECF_sigma,1,GEO_GSE52040_SigH_Toyoda2015,ATCC13032,Strain_R,0
cg0876,sigH,cgrfwd12829,cgrfwd12829,1,curated_positive,A,1,0,1,0,0,,ChIP-chip,0.4,0,1,1,GEO_GSE52040_SigH_Toyoda2015,1,0,,0,0,0,0,,,,0,0,0,0,0,0,0,,,,2,0,0,0,,,,,,8,0,0,,0,ECF_sigma,1,GEO_GSE52040_SigH_Toyoda2015,ATCC13032,Strain_R,0
cg0876,sigH,cgrfwd12888,cgrfwd12888,1,curated_positive,A,1,0,1,0,0,,ChIP-chip,0.4,0,1,1,GEO_GSE52040_SigH_Toyoda2015,1,0,,0,0,0,0,,,,0,0,0,0,0,0,0,,,,2,0,0,0,,,,,,8,0,0,,0,ECF_sigma,1,GEO_GSE52040_SigH_Toyoda2015,ATCC13032,Strain_R,0
cg0876,sigH,cgrfwd12889,cgrfwd12889,1,curated_positive,A,1,0,1,0,0,,ChIP-chip,0.4,0,1,1,GEO_GSE52040_SigH_Toyoda2015,1,0,,0,0,0,0,,,,0,0,0,0,0,0,0,,,,2,0,0,0,,,,,,8,0,0,,0,ECF_sigma,1,GEO_GSE52040_SigH_Toyoda2015,ATCC13032,Strain_R,0
cg0876,sigH,cgrfwd14668,cgrfwd14668,1,curated_positive,A,1,0,1,0,0,,ChIP-chip,0.4,0,1,1,GEO_GSE52040_SigH_Toyoda2015,1,0,,0,0,0,0,,,,0,0,0,0,0,0,0,,,,2,0,0,0,,,,,,8,0,0,,0,ECF_sigma,1,GEO_GSE52040_SigH_Toyoda2015,ATCC13032,Strain_R,0
cg0876,sigH,cgrfwd14669,cgrfwd14669,1,curated_positive,A,1,0,1,0,0,,ChIP-chip,0.4,0,1,1,GEO_GSE52040_SigH_Toyoda2015,1,0,,0,0,0,0,,,,0,0,0,0,0,0,0,,,,2,0,0,0,,,,,,8,0,0,,0,ECF_sigma,1,GEO_GSE52040_SigH_Toyoda2015,ATCC13032,Strain_R,0
cg0876,sigH,cgrfwd14670,cgrfwd14670,1,curated_positive,A,1,0,1,0,0,,ChIP-chip,0.4,0,1,1,GEO_GSE52040_SigH_Toyoda2015,1,0,,0,0,0,0,,,,0,0,0,0,0,0,0,,,,2,0,0,0,,,,,,8,0,0,,0,ECF_sigma,1,GEO_GSE52040_SigH_Toyoda2015,ATCC13032,Strain_R,0
cg0876,sigH,cgrfwd15163,cgrfwd15163,1,curated_positive,A,1,0,1,0,0,,ChIP-chip,0.4,0,1,1,GEO_GSE52040_SigH_Toyoda2015,1,0,,0,0,0,0,,,,0,0,0,0,0,0,0,,,,2,0,0,0,,,,,,8,0,0,,0,ECF_sigma,1,GEO_GSE52040_SigH_Toyoda2015,ATCC13032,Strain_R,0
cg0876,sigH,cgrfwd16516,cgrfwd16516,1,curated_positive,A,1,0,1,0,0,,ChIP-chip,0.4,0,1,1,GEO_GSE52040_SigH_Toyoda2015,1,0,,0,0,0,0,,,,0,0,0,0,0,0,0,,,,2,0,0,0,,,,,,8,0,0,,0,ECF_sigma,1,GEO_GSE52040_SigH_Toyoda2015,ATCC13032,Strain_R,0
cg0876,sigH,cgrfwd17537,cgrfwd17537,1,curated_positive,A,1,0,1,0,0,,ChIP-chip,0.4,0,1,1,GEO_GSE52040_SigH_Toyoda2015,1,0,,0,0,0,0,,,,0,0,0,0,0,0,0,,,,2,0,0,0,,,,,,8,0,0,,0,ECF_sigma,1,GEO_GSE52040_SigH_Toyoda2015,ATCC13032,Strain_R,0
cg0876,sigH,cgrfwd17538,cgrfwd17538,1,curated_positive,A,1,0,1,0,0,,ChIP-chip,0.4,0,1,1,GEO_GSE52040_SigH_Toyoda2015,1,0,,0,0,0,0,,,,0,0,0,0,0,0,0,,,,2,0,0,0,,,,,,8,0,0,,0,ECF_sigma,1,GEO_GSE52040_SigH_Toyoda2015,ATCC13032,Strain_R,0
cg0876,sigH,cgrfwd17539,cgrfwd17539,1,curated_positive,A,1,0,1,0,0,,ChIP-chip,0.4,0,1,1,GEO_GSE52040_SigH_Toyoda2015,1,0,,0,0,0,0,,,,0,0,0,0,0,0,0,,,,2,0,0,0,,,,,,8,0,0,,0,ECF_sigma,1,GEO_GSE52040_SigH_Toyoda2015,ATCC13032,Strain_R,0
cg0876,sigH,cgrfwd17540,cgrfwd17540,1,curated_positive,A,1,0,1,0,0,,ChIP-chip,0.4,0,1,1,GEO_GSE52040_SigH_Toyoda2015,1,0,,0,0,0,0,,,,0,0,0,0,0,0,0,,,,2,0,0,0,,,,,,8,0,0,,0,ECF_sigma,1,GEO_GSE52040_SigH_Toyoda2015,ATCC13032,Strain_R,0
cg0876,sigH,cgrfwd17714,cgrfwd17714,1,curated_positive,A,1,0,1,0,0,,ChIP-chip,0.4,0,1,1,GEO_GSE52040_SigH_Toyoda2015,1,0,,0,0,0,0,,,,0,0,0,0,0,0,0,,,,2,0,0,0,,,,,,8,0,0,,0,ECF_sigma,1,GEO_GSE52040_SigH_Toyoda2015,ATCC13032,Strain_R,0
cg0876,sigH,cgrfwd17715,cgrfwd17715,1,curated_positive,A,1,0,1,0,0,,ChIP-chip,0.4,0,1,1,GEO_GSE52040_SigH_Toyoda2015,1,0,,0,0,0,0,,,,0,0,0,0,0,0,0,,,,2,0,0,0,,,,,,8,0,0,,0,ECF_sigma,1,GEO_GSE52040_SigH_Toyoda2015,ATCC13032,Strain_R,0
cg0876,sigH,cgrfwd17716,cgrfwd17716,1,curated_positive,A,1,0,1,0,0,,ChIP-chip,0.4,0,1,1,GEO_GSE52040_SigH_Toyoda2015,1,0,,0,0,0,0,,,,0,0,0,0,0,0,0,,,,2,0,0,0,,,,,,8,0,0,,0,ECF_sigma,1,GEO_GSE52040_SigH_Toyoda2015,ATCC13032,Strain_R,0
cg0876,sigH,cgrfwd17717,cgrfwd17717,1,curated_positive,A,1,0,1,0,0,,ChIP-chip,0.4,0,1,1,GEO_GSE52040_SigH_Toyoda2015,1,0,,0,0,0,0,,,,0,0,0,0,0,0,0,,,,2,0,0,0,,,,,,8,0,0,,0,ECF_sigma,1,GEO_GSE52040_SigH_Toyoda2015,ATCC13032,Strain_R,0
cg0876,sigH,cgrfwd18016,cgrfwd18016,1,curated_positive,A,1,0,1,0,0,,ChIP-chip,0.4,0,1,1,GEO_GSE52040_SigH_Toyoda2015,1,0,,0,0,0,0,,,,0,0,0,0,0,0,0,,,,2,0,0,0,,,,,,8,0,0,,0,ECF_sigma,1,GEO_GSE52040_SigH_Toyoda2015,ATCC13032,Strain_R,0
cg0876,sigH,cgrfwd18017,cgrfwd18017,1,curated_positive,A,1,0,1,0,0,,ChIP-chip,0.4,0,1,1,GEO_GSE52040_SigH_Toyoda2015,1,0,,0,0,0,0,,,,0,0,0,0,0,0,0,,,,2,0,0,0,,,,,,8,0,0,,0,ECF_sigma,1,GEO_GSE52040_SigH_Toyoda2015,ATCC13032,Strain_R,0
cg0876,sigH,cgrfwd18018,cgrfwd18018,1,curated_positive,A,1,0,1,0,0,,ChIP-chip,0.4,0,1,1,GEO_GSE52040_SigH_Toyoda2015,1,0,,0,0,0,0,,,,0,0,0,0,0,0,0,,,,2,0,0,0,,,,,,8,0,0,,0,ECF_sigma,1,GEO_GSE52040_SigH_Toyoda2015,ATCC13032,Strain_R,0
cg0876,sigH,cgrfwd18019,cgrfwd18019,1,curated_positive,A,1,0,1,0,0,,ChIP-chip,0.4,0,1,1,GEO_GSE52040_SigH_Toyoda2015,1,0,,0,0,0,0,,,,0,0,0,0,0,0,0,,,,2,0,0,0,,,,,,8,0,0,,0,ECF_sigma,1,GEO_GSE52040_SigH_Toyoda2015,ATCC13032,Strain_R,0
cg0876,sigH,cgrfwd18020,cgrfwd18020,1,curated_positive,A,1,0,1,0,0,,ChIP-chip,0.4,0,1,1,GEO_GSE52040_SigH_Toyoda2015,1,0,,0,0,0,0,,,,0,0,0,0,0,0,0,,,,2,0,0,0,,,,,,8,0,0,,0,ECF_sigma,1,GEO_GSE52040_SigH_Toyoda2015,ATCC13032,Strain_R,0
cg0876,sigH,cgrfwd18337,cgrfwd18337,1,curated_positive,A,1,0,1,0,0,,ChIP-chip,0.4,0,1,1,GEO_GSE52040_SigH_Toyoda2015,1,0,,0,0,0,0,,,,0,0,0,0,0,0,0,,,,2,0,0,0,,,,,,8,0,0,,0,ECF_sigma,1,GEO_GSE52040_SigH_Toyoda2015,ATCC13032,Strain_R,0
cg0876,sigH,cgrfwd18338,cgrfwd18338,1,curated_positive,A,1,0,1,0,0,,ChIP-chip,0.4,0,1,1,GEO_GSE52040_SigH_Toyoda2015,1,0,,0,0,0,0,,,,0,0,0,0,0,0,0,,,,2,0,0,0,,,,,,8,0,0,,0,ECF_sigma,1,GEO_GSE52040_SigH_Toyoda2015,ATCC13032,Strain_R,0
cg0876,sigH,cgric15,cgric15,1,curated_positive,A,1,0,1,0,0,,ChIP-chip,0.4,0,1,1,GEO_GSE52040_SigH_Toyoda2015,1,0,,0,0,0,0,,,,0,0,0,0,0,0,0,,,,2,0,0,0,,,,,,8,0,0,,0,ECF_sigma,1,GEO_GSE52040_SigH_Toyoda2015,ATCC13032,Strain_R,0
cg0876,sigH,cgrrev00125,cgrrev00125,1,curated_positive,A,1,0,1,0,0,,ChIP-chip,0.4,0,1,1,GEO_GSE52040_SigH_Toyoda2015,1,0,,0,0,0,0,,,,0,0,0,0,0,0,0,,,,2,0,0,0,,,,,,8,0,0,,0,ECF_sigma,1,GEO_GSE52040_SigH_Toyoda2015,ATCC13032,Strain_R,0
cg0876,sigH,cgrrev00126,cgrrev00126,1,curated_positive,A,1,0,1,0,0,,ChIP-chip,0.4,0,1,1,GEO_GSE52040_SigH_Toyoda2015,1,0,,0,0,0,0,,,,0,0,0,0,0,0,0,,,,2,0,0,0,,,,,,8,0,0,,0,ECF_sigma,1,GEO_GSE52040_SigH_Toyoda2015,ATCC13032,Strain_R,0
cg0876,sigH,cgrrev00127,cgrrev00127,1,curated_positive,A,1,0,1,0,0,,ChIP-chip,0.4,0,1,1,GEO_GSE52040_SigH_Toyoda2015,1,0,,0,0,0,0,,,,0,0,0,0,0,0,0,,,,2,0,0,0,,,,,,8,0,0,,0,ECF_sigma,1,GEO_GSE52040_SigH_Toyoda2015,ATCC13032,Strain_R,0
cg0876,sigH,cgrrev00443,cgrrev00443,1,curated_positive,A,1,0,1,0,0,,ChIP-chip,0.4,0,1,1,GEO_GSE52040_SigH_Toyoda2015,1,0,,0,0,0,0,,,,0,0,0,0,0,0,0,,,,2,0,0,0,,,,,,8,0,0,,0,ECF_sigma,1,GEO_GSE52040_SigH_Toyoda2015,ATCC13032,Strain_R,0
cg0876,sigH,cgrrev00444,cgrrev00444,1,curated_positive,A,1,0,1,0,0,,ChIP-chip,0.4,0,1,1,GEO_GSE52040_SigH_Toyoda2015,1,0,,0,0,0,0,,,,0,0,0,0,0,0,0,,,,2,0,0,0,,,,,,8,0,0,,0,ECF_sigma,1,GEO_GSE52040_SigH_Toyoda2015,ATCC13032,Strain_R,0
cg0876,sigH,cgrrev00445,cgrrev00445,1,curated_positive,A,1,0,1,0,0,,ChIP-chip,0.4,0,1,1,GEO_GSE52040_SigH_Toyoda2015,1,0,,0,0,0,0,,,,0,0,0,0,0,0,0,,,,2,0,0,0,,,,,,8,0,0,,0,ECF_sigma,1,GEO_GSE52040_SigH_Toyoda2015,ATCC13032,Strain_R,0
cg0876,sigH,cgrrev00446,cgrrev00446,1,curated_positive,A,1,0,1,0,0,,ChIP-chip,0.4,0,1,1,GEO_GSE52040_SigH_Toyoda2015,1,0,,0,0,0,0,,,,0,0,0,0,0,0,0,,,,2,0,0,0,,,,,,8,0,0,,0,ECF_sigma,1,GEO_GSE52040_SigH_Toyoda2015,ATCC13032,Strain_R,0
cg0876,sigH,cgrrev00447,cgrrev00447,1,curated_positive,A,1,0,1,0,0,,ChIP-chip,0.4,0,1,1,GEO_GSE52040_SigH_Toyoda2015,1,0,,0,0,0,0,,,,0,0,0,0,0,0,0,,,,2,0,0,0,,,,,,8,0,0,,0,ECF_sigma,1,GEO_GSE52040_SigH_Toyoda2015,ATCC13032,Strain_R,0
cg0876,sigH,cgrrev00747,cgrrev00747,1,curated_positive,A,1,0,1,0,0,,ChIP-chip,0.4,0,1,1,GEO_GSE52040_SigH_Toyoda2015,1,0,,0,0,0,0,,,,0,0,0,0,0,0,0,,,,2,0,0,0,,,,,,8,0,0,,0,ECF_sigma,1,GEO_GSE52040_SigH_Toyoda2015,ATCC13032,Strain_R,0
cg0876,sigH,cgrrev00748,cgrrev00748,1,curated_positive,A,1,0,1,0,0,,ChIP-chip,0.4,0,1,1,GEO_GSE52040_SigH_Toyoda2015,1,0,,0,0,0,0,,,,0,0,0,0,0,0,0,,,,2,0,0,0,,,,,,8,0,0,,0,ECF_sigma,1,GEO_GSE52040_SigH_Toyoda2015,ATCC13032,Strain_R,0
cg0876,sigH,cgrrev00749,cgrrev00749,1,curated_positive,A,1,0,1,0,0,,ChIP-chip,0.4,0,1,1,GEO_GSE52040_SigH_Toyoda2015,1,0,,0,0,0,0,,,,0,0,0,0,0,0,0,,,,2,0,0,0,,,,,,8,0,0,,0,ECF_sigma,1,GEO_GSE52040_SigH_Toyoda2015,ATCC13032,Strain_R,0
cg0876,sigH,cgrrev00750,cgrrev00750,1,curated_positive,A,1,0,1,0,0,,ChIP-chip,0.4,0,1,1,GEO_GSE52040_SigH_Toyoda2015,1,0,,0,0,0,0,,,,0,0,0,0,0,0,0,,,,2,0,0,0,,,,,,8,0,0,,0,ECF_sigma,1,GEO_GSE52040_SigH_Toyoda2015,ATCC13032,Strain_R,0
cg0876,sigH,cgrrev00921,cgrrev00921,1,curated_positive,A,1,0,1,0,0,,ChIP-chip,0.4,0,1,1,GEO_GSE52040_SigH_Toyoda2015,1,0,,0,0,0,0,,,,0,0,0,0,0,0,0,,,,2,0,0,0,,,,,,8,0,0,,0,ECF_sigma,1,GEO_GSE52040_SigH_Toyoda2015,ATCC13032,Strain_R,0
cg0876,sigH,cgrrev00922,cgrrev00922,1,curated_positive,A,1,0,1,0,0,,ChIP-chip,0.4,0,1,1,GEO_GSE52040_SigH_Toyoda2015,1,0,,0,0,0,0,,,,0,0,0,0,0,0,0,,,,2,0,0,0,,,,,,8,0,0,,0,ECF_sigma,1,GEO_GSE52040_SigH_Toyoda2015,ATCC13032,Strain_R,0
cg0876,sigH,cgrrev00923,cgrrev00923,1,curated_positive,A,1,0,1,0,0,,ChIP-chip,0.4,0,1,1,GEO_GSE52040_SigH_Toyoda2015,1,0,,0,0,0,0,,,,0,0,0,0,0,0,0,,,,2,0,0,0,,,,,,8,0,0,,0,ECF_sigma,1,GEO_GSE52040_SigH_Toyoda2015,ATCC13032,Strain_R,0
cg0876,sigH,cgrrev00924,cgrrev00924,1,curated_positive,A,1,0,1,0,0,,ChIP-chip,0.4,0,1,1,GEO_GSE52040_SigH_Toyoda2015,1,0,,0,0,0,0,,,,0,0,0,0,0,0,0,,,,2,0,0,0,,,,,,8,0,0,,0,ECF_sigma,1,GEO_GSE52040_SigH_Toyoda2015,ATCC13032,Strain_R,0
cg0876,sigH,cgrrev00925,cgrrev00925,1,curated_positive,A,1,0,1,0,0,,ChIP-chip,0.4,0,1,1,GEO_GSE52040_SigH_Toyoda2015,1,0,,0,0,0,0,,,,0,0,0,0,0,0,0,,,,2,0,0,0,,,,,,8,0,0,,0,ECF_sigma,1,GEO_GSE52040_SigH_Toyoda2015,ATCC13032,Strain_R,0
cg0876,sigH,cgrrev01858,cgrrev01858,1,curated_positive,A,1,0,1,0,0,,ChIP-chip,0.4,0,1,1,GEO_GSE52040_SigH_Toyoda2015,1,0,,0,0,0,0,,,,0,0,0,0,0,0,0,,,,2,0,0,0,,,,,,8,0,0,,0,ECF_sigma,1,GEO_GSE52040_SigH_Toyoda2015,ATCC13032,Strain_R,0
cg0876,sigH,cgrrev03299,cgrrev03299,1,curated_positive,A,1,0,1,0,0,,ChIP-chip,0.4,0,1,1,GEO_GSE52040_SigH_Toyoda2015,1,0,,0,0,0,0,,,,0,0,0,0,0,0,0,,,,2,0,0,0,,,,,,8,0,0,,0,ECF_sigma,1,GEO_GSE52040_SigH_Toyoda2015,ATCC13032,Strain_R,0
cg0876,sigH,cgrrev03789,cgrrev03789,1,curated_positive,A,1,0,1,0,0,,ChIP-chip,0.4,0,1,1,GEO_GSE52040_SigH_Toyoda2015,1,0,,0,0,0,0,,,,0,0,0,0,0,0,0,,,,2,0,0,0,,,,,,8,0,0,,0,ECF_sigma,1,GEO_GSE52040_SigH_Toyoda2015,ATCC13032,Strain_R,0
cg0876,sigH,cgrrev03790,cgrrev03790,1,curated_positive,A,1,0,1,0,0,,ChIP-chip,0.4,0,1,1,GEO_GSE52040_SigH_Toyoda2015,1,0,,0,0,0,0,,,,0,0,0,0,0,0,0,,,,2,0,0,0,,,,,,8,0,0,,0,ECF_sigma,1,GEO_GSE52040_SigH_Toyoda2015,ATCC13032,Strain_R,0
cg0876,sigH,cgrrev03791,cgrrev03791,1,curated_positive,A,1,0,1,0,0,,ChIP-chip,0.4,0,1,1,GEO_GSE52040_SigH_Toyoda2015,1,0,,0,0,0,0,,,,0,0,0,0,0,0,0,,,,2,0,0,0,,,,,,8,0,0,,0,ECF_sigma,1,GEO_GSE52040_SigH_Toyoda2015,ATCC13032,Strain_R,0
cg0876,sigH,cgrrev05568,cgrrev05568,1,curated_positive,A,1,0,1,0,0,,ChIP-chip,0.4,0,1,1,GEO_GSE52040_SigH_Toyoda2015,1,0,,0,0,0,0,,,,0,0,0,0,0,0,0,,,,2,0,0,0,,,,,,8,0,0,,0,ECF_sigma,1,GEO_GSE52040_SigH_Toyoda2015,ATCC13032,Strain_R,0
cg0876,sigH,cgrrev05569,cgrrev05569,1,curated_positive,A,1,0,1,0,0,,ChIP-chip,0.4,0,1,1,GEO_GSE52040_SigH_Toyoda2015,1,0,,0,0,0,0,,,,0,0,0,0,0,0,0,,,,2,0,0,0,,,,,,8,0,0,,0,ECF_sigma,1,GEO_GSE52040_SigH_Toyoda2015,ATCC13032,Strain_R,0
cg0876,sigH,cgrrev05629,cgrrev05629,1,curated_positive,A,1,0,1,0,0,,ChIP-chip,0.4,0,1,1,GEO_GSE52040_SigH_Toyoda2015,1,0,,0,0,0,0,,,,0,0,0,0,0,0,0,,,,2,0,0,0,,,,,,8,0,0,,0,ECF_sigma,1,GEO_GSE52040_SigH_Toyoda2015,ATCC13032,Strain_R,0
cg0876,sigH,cgrrev05630,cgrrev05630,1,curated_positive,A,1,0,1,0,0,,ChIP-chip,0.4,0,1,1,GEO_GSE52040_SigH_Toyoda2015,1,0,,0,0,0,0,,,,0,0,0,0,0,0,0,,,,2,0,0,0,,,,,,8,0,0,,0,ECF_sigma,1,GEO_GSE52040_SigH_Toyoda2015,ATCC13032,Strain_R,0
cg0876,sigH,cgrrev05631,cgrrev05631,1,curated_positive,A,1,0,1,0,0,,ChIP-chip,0.4,0,1,1,GEO_GSE52040_SigH_Toyoda2015,1,0,,0,0,0,0,,,,0,0,0,0,0,0,0,,,,2,0,0,0,,,,,,8,0,0,,0,ECF_sigma,1,GEO_GSE52040_SigH_Toyoda2015,ATCC13032,Strain_R,0
cg0876,sigH,cgrrev05632,cgrrev05632,1,curated_positive,A,1,0,1,0,0,,ChIP-chip,0.4,0,1,1,GEO_GSE52040_SigH_Toyoda2015,1,0,,0,0,0,0,,,,0,0,0,0,0,0,0,,,,2,0,0,0,,,,,,8,0,0,,0,ECF_sigma,1,GEO_GSE52040_SigH_Toyoda2015,ATCC13032,Strain_R,0
cg0876,sigH,cgrrev05646,cgrrev05646,1,curated_positive,A,1,0,1,0,0,,ChIP-chip,0.4,0,1,1,GEO_GSE52040_SigH_Toyoda2015,1,0,,0,0,0,0,,,,0,0,0,0,0,0,0,,,,2,0,0,0,,,,,,8,0,0,,0,ECF_sigma,1,GEO_GSE52040_SigH_Toyoda2015,ATCC13032,Strain_R,0
cg0876,sigH,cgrrev05647,cgrrev05647,1,curated_positive,A,1,0,1,0,0,,ChIP-chip,0.4,0,1,1,GEO_GSE52040_SigH_Toyoda2015,1,0,,0,0,0,0,,,,0,0,0,0,0,0,0,,,,2,0,0,0,,,,,,8,0,0,,0,ECF_sigma,1,GEO_GSE52040_SigH_Toyoda2015,ATCC13032,Strain_R,0
cg0876,sigH,cgrrev05824,cgrrev05824,1,curated_positive,A,1,0,1,0,0,,ChIP-chip,0.4,0,1,1,GEO_GSE52040_SigH_Toyoda2015,1,0,,0,0,0,0,,,,0,0,0,0,0,0,0,,,,2,0,0,0,,,,,,8,0,0,,0,ECF_sigma,1,GEO_GSE52040_SigH_Toyoda2015,ATCC13032,Strain_R,0
cg0876,sigH,cgrrev06279,cgrrev06279,1,curated_positive,A,1,0,1,0,0,,ChIP-chip,0.4,0,1,1,GEO_GSE52040_SigH_Toyoda2015,1,0,,0,0,0,0,,,,0,0,0,0,0,0,0,,,,2,0,0,0,,,,,,8,0,0,,0,ECF_sigma,1,GEO_GSE52040_SigH_Toyoda2015,ATCC13032,Strain_R,0
cg0876,sigH,cgrrev06280,cgrrev06280,1,curated_positive,A,1,0,1,0,0,,ChIP-chip,0.4,0,1,1,GEO_GSE52040_SigH_Toyoda2015,1,0,,0,0,0,0,,,,0,0,0,0,0,0,0,,,,2,0,0,0,,,,,,8,0,0,,0,ECF_sigma,1,GEO_GSE52040_SigH_Toyoda2015,ATCC13032,Strain_R,0
cg0876,sigH,cgrrev06281,cgrrev06281,1,curated_positive,A,1,0,1,0,0,,ChIP-chip,0.4,0,1,1,GEO_GSE52040_SigH_Toyoda2015,1,0,,0,0,0,0,,,,0,0,0,0,0,0,0,,,,2,0,0,0,,,,,,8,0,0,,0,ECF_sigma,1,GEO_GSE52040_SigH_Toyoda2015,ATCC13032,Strain_R,0
cg0876,sigH,cgrrev06590,cgrrev06590,1,curated_positive,A,1,0,1,0,0,,ChIP-chip,0.4,0,1,1,GEO_GSE52040_SigH_Toyoda2015,1,0,,0,0,0,0,,,,0,0,0,0,0,0,0,,,,2,0,0,0,,,,,,8,0,0,,0,ECF_sigma,1,GEO_GSE52040_SigH_Toyoda2015,ATCC13032,Strain_R,0
cg0876,sigH,cgrrev06591,cgrrev06591,1,curated_positive,A,1,0,1,0,0,,ChIP-chip,0.4,0,1,1,GEO_GSE52040_SigH_Toyoda2015,1,0,,0,0,0,0,,,,0,0,0,0,0,0,0,,,,2,0,0,0,,,,,,8,0,0,,0,ECF_sigma,1,GEO_GSE52040_SigH_Toyoda2015,ATCC13032,Strain_R,0
cg0876,sigH,cgrrev06989,cgrrev06989,1,curated_positive,A,1,0,1,0,0,,ChIP-chip,0.4,0,1,1,GEO_GSE52040_SigH_Toyoda2015,1,0,,0,0,0,0,,,,0,0,0,0,0,0,0,,,,2,0,0,0,,,,,,8,0,0,,0,ECF_sigma,1,GEO_GSE52040_SigH_Toyoda2015,ATCC13032,Strain_R,0
cg0876,sigH,cgrrev06990,cgrrev06990,1,curated_positive,A,1,0,1,0,0,,ChIP-chip,0.4,0,1,1,GEO_GSE52040_SigH_Toyoda2015,1,0,,0,0,0,0,,,,0,0,0,0,0,0,0,,,,2,0,0,0,,,,,,8,0,0,,0,ECF_sigma,1,GEO_GSE52040_SigH_Toyoda2015,ATCC13032,Strain_R,0
cg0876,sigH,cgrrev07095,cgrrev07095,1,curated_positive,A,1,0,1,0,0,,ChIP-chip,0.4,0,1,1,GEO_GSE52040_SigH_Toyoda2015,1,0,,0,0,0,0,,,,0,0,0,0,0,0,0,,,,2,0,0,0,,,,,,8,0,0,,0,ECF_sigma,1,GEO_GSE52040_SigH_Toyoda2015,ATCC13032,Strain_R,0
cg0876,sigH,cgrrev07096,cgrrev07096,1,curated_positive,A,1,0,1,0,0,,ChIP-chip,0.4,0,1,1,GEO_GSE52040_SigH_Toyoda2015,1,0,,0,0,0,0,,,,0,0,0,0,0,0,0,,,,2,0,0,0,,,,,,8,0,0,,0,ECF_sigma,1,GEO_GSE52040_SigH_Toyoda2015,ATCC13032,Strain_R,0
cg0876,sigH,cgrrev07357,cgrrev07357,1,curated_positive,A,1,0,1,0,0,,ChIP-chip,0.4,0,1,1,GEO_GSE52040_SigH_Toyoda2015,1,0,,0,0,0,0,,,,0,0,0,0,0,0,0,,,,2,0,0,0,,,,,,8,0,0,,0,ECF_sigma,1,GEO_GSE52040_SigH_Toyoda2015,ATCC13032,Strain_R,0
cg0876,sigH,cgrrev07358,cgrrev07358,1,curated_positive,A,1,0,1,0,0,,ChIP-chip,0.4,0,1,1,GEO_GSE52040_SigH_Toyoda2015,1,0,,0,0,0,0,,,,0,0,0,0,0,0,0,,,,2,0,0,0,,,,,,8,0,0,,0,ECF_sigma,1,GEO_GSE52040_SigH_Toyoda2015,ATCC13032,Strain_R,0
cg0876,sigH,cgrrev07359,cgrrev07359,1,curated_positive,A,1,0,1,0,0,,ChIP-chip,0.4,0,1,1,GEO_GSE52040_SigH_Toyoda2015,1,0,,0,0,0,0,,,,0,0,0,0,0,0,0,,,,2,0,0,0,,,,,,8,0,0,,0,ECF_sigma,1,GEO_GSE52040_SigH_Toyoda2015,ATCC13032,Strain_R,0
cg0876,sigH,cgrrev07360,cgrrev07360,1,curated_positive,A,1,0,1,0,0,,ChIP-chip,0.4,0,1,1,GEO_GSE52040_SigH_Toyoda2015,1,0,,0,0,0,0,,,,0,0,0,0,0,0,0,,,,2,0,0,0,,,,,,8,0,0,,0,ECF_sigma,1,GEO_GSE52040_SigH_Toyoda2015,ATCC13032,Strain_R,0
cg0876,sigH,cgrrev07361,cgrrev07361,1,curated_positive,A,1,0,1,0,0,,ChIP-chip,0.4,0,1,1,GEO_GSE52040_SigH_Toyoda2015,1,0,,0,0,0,0,,,,0,0,0,0,0,0,0,,,,2,0,0,0,,,,,,8,0,0,,0,ECF_sigma,1,GEO_GSE52040_SigH_Toyoda2015,ATCC13032,Strain_R,0
cg0876,sigH,cgrrev07612,cgrrev07612,1,curated_positive,A,1,0,1,0,0,,ChIP-chip,0.4,0,1,1,GEO_GSE52040_SigH_Toyoda2015,1,0,,0,0,0,0,,,,0,0,0,0,0,0,0,,,,2,0,0,0,,,,,,8,0,0,,0,ECF_sigma,1,GEO_GSE52040_SigH_Toyoda2015,ATCC13032,Strain_R,0
cg0876,sigH,cgrrev07687,cgrrev07687,1,curated_positive,A,1,0,1,0,0,,ChIP-chip,0.4,0,1,1,GEO_GSE52040_SigH_Toyoda2015,1,0,,0,0,0,0,,,,0,0,0,0,0,0,0,,,,2,0,0,0,,,,,,8,0,0,,0,ECF_sigma,1,GEO_GSE52040_SigH_Toyoda2015,ATCC13032,Strain_R,0
cg0876,sigH,cgrrev07688,cgrrev07688,1,curated_positive,A,1,0,1,0,0,,ChIP-chip,0.4,0,1,1,GEO_GSE52040_SigH_Toyoda2015,1,0,,0,0,0,0,,,,0,0,0,0,0,0,0,,,,2,0,0,0,,,,,,8,0,0,,0,ECF_sigma,1,GEO_GSE52040_SigH_Toyoda2015,ATCC13032,Strain_R,0
cg0876,sigH,cgrrev07689,cgrrev07689,1,curated_positive,A,1,0,1,0,0,,ChIP-chip,0.4,0,1,1,GEO_GSE52040_SigH_Toyoda2015,1,0,,0,0,0,0,,,,0,0,0,0,0,0,0,,,,2,0,0,0,,,,,,8,0,0,,0,ECF_sigma,1,GEO_GSE52040_SigH_Toyoda2015,ATCC13032,Strain_R,0
cg0876,sigH,cgrrev07690,cgrrev07690,1,curated_positive,A,1,0,1,0,0,,ChIP-chip,0.4,0,1,1,GEO_GSE52040_SigH_Toyoda2015,1,0,,0,0,0,0,,,,0,0,0,0,0,0,0,,,,2,0,0,0,,,,,,8,0,0,,0,ECF_sigma,1,GEO_GSE52040_SigH_Toyoda2015,ATCC13032,Strain_R,0
cg0876,sigH,cgrrev07757,cgrrev07757,1,curated_positive,A,1,0,1,0,0,,ChIP-chip,0.4,0,1,1,GEO_GSE52040_SigH_Toyoda2015,1,0,,0,0,0,0,,,,0,0,0,0,0,0,0,,,,2,0,0,0,,,,,,8,0,0,,0,ECF_sigma,1,GEO_GSE52040_SigH_Toyoda2015,ATCC13032,Strain_R,0
cg0876,sigH,cgrrev07758,cgrrev07758,1,curated_positive,A,1,0,1,0,0,,ChIP-chip,0.4,0,1,1,GEO_GSE52040_SigH_Toyoda2015,1,0,,0,0,0,0,,,,0,0,0,0,0,0,0,,,,2,0,0,0,,,,,,8,0,0,,0,ECF_sigma,1,GEO_GSE52040_SigH_Toyoda2015,ATCC13032,Strain_R,0
cg0876,sigH,cgrrev07759,cgrrev07759,1,curated_positive,A,1,0,1,0,0,,ChIP-chip,0.4,0,1,1,GEO_GSE52040_SigH_Toyoda2015,1,0,,0,0,0,0,,,,0,0,0,0,0,0,0,,,,2,0,0,0,,,,,,8,0,0,,0,ECF_sigma,1,GEO_GSE52040_SigH_Toyoda2015,ATCC13032,Strain_R,0
cg0876,sigH,cgrrev08460,cgrrev08460,1,curated_positive,A,1,0,1,0,0,,ChIP-chip,0.4,0,1,1,GEO_GSE52040_SigH_Toyoda2015,1,0,,0,0,0,0,,,,0,0,0,0,0,0,0,,,,2,0,0,0,,,,,,8,0,0,,0,ECF_sigma,1,GEO_GSE52040_SigH_Toyoda2015,ATCC13032,Strain_R,0
cg0876,sigH,cgrrev08747,cgrrev08747,1,curated_positive,A,1,0,1,0,0,,ChIP-chip,0.4,0,1,1,GEO_GSE52040_SigH_Toyoda2015,1,0,,0,0,0,0,,,,0,0,0,0,0,0,0,,,,2,0,0,0,,,,,,8,0,0,,0,ECF_sigma,1,GEO_GSE52040_SigH_Toyoda2015,ATCC13032,Strain_R,0
cg0876,sigH,cgrrev08748,cgrrev08748,1,curated_positive,A,1,0,1,0,0,,ChIP-chip,0.4,0,1,1,GEO_GSE52040_SigH_Toyoda2015,1,0,,0,0,0,0,,,,0,0,0,0,0,0,0,,,,2,0,0,0,,,,,,8,0,0,,0,ECF_sigma,1,GEO_GSE52040_SigH_Toyoda2015,ATCC13032,Strain_R,0
cg0876,sigH,cgrrev08749,cgrrev08749,1,curated_positive,A,1,0,1,0,0,,ChIP-chip,0.4,0,1,1,GEO_GSE52040_SigH_Toyoda2015,1,0,,0,0,0,0,,,,0,0,0,0,0,0,0,,,,2,0,0,0,,,,,,8,0,0,,0,ECF_sigma,1,GEO_GSE52040_SigH_Toyoda2015,ATCC13032,Strain_R,0
cg0876,sigH,cgrrev08983,cgrrev08983,1,curated_positive,A,1,0,1,0,0,,ChIP-chip,0.4,0,1,1,GEO_GSE52040_SigH_Toyoda2015,1,0,,0,0,0,0,,,,0,0,0,0,0,0,0,,,,2,0,0,0,,,,,,8,0,0,,0,ECF_sigma,1,GEO_GSE52040_SigH_Toyoda2015,ATCC13032,Strain_R,0
cg0876,sigH,cgrrev08984,cgrrev08984,1,curated_positive,A,1,0,1,0,0,,ChIP-chip,0.4,0,1,1,GEO_GSE52040_SigH_Toyoda2015,1,0,,0,0,0,0,,,,0,0,0,0,0,0,0,,,,2,0,0,0,,,,,,8,0,0,,0,ECF_sigma,1,GEO_GSE52040_SigH_Toyoda2015,ATCC13032,Strain_R,0
cg0876,sigH,cgrrev08985,cgrrev08985,1,curated_positive,A,1,0,1,0,0,,ChIP-chip,0.4,0,1,1,GEO_GSE52040_SigH_Toyoda2015,1,0,,0,0,0,0,,,,0,0,0,0,0,0,0,,,,2,0,0,0,,,,,,8,0,0,,0,ECF_sigma,1,GEO_GSE52040_SigH_Toyoda2015,ATCC13032,Strain_R,0
cg0876,sigH,cgrrev08986,cgrrev08986,1,curated_positive,A,1,0,1,0,0,,ChIP-chip,0.4,0,1,1,GEO_GSE52040_SigH_Toyoda2015,1,0,,0,0,0,0,,,,0,0,0,0,0,0,0,,,,2,0,0,0,,,,,,8,0,0,,0,ECF_sigma,1,GEO_GSE52040_SigH_Toyoda2015,ATCC13032,Strain_R,0
cg0876,sigH,cgrrev09585,cgrrev09585,1,curated_positive,A,1,0,1,0,0,,ChIP-chip,0.4,0,1,1,GEO_GSE52040_SigH_Toyoda2015,1,0,,0,0,0,0,,,,0,0,0,0,0,0,0,,,,2,0,0,0,,,,,,8,0,0,,0,ECF_sigma,1,GEO_GSE52040_SigH_Toyoda2015,ATCC13032,Strain_R,0
cg0876,sigH,cgrrev09586,cgrrev09586,1,curated_positive,A,1,0,1,0,0,,ChIP-chip,0.4,0,1,1,GEO_GSE52040_SigH_Toyoda2015,1,0,,0,0,0,0,,,,0,0,0,0,0,0,0,,,,2,0,0,0,,,,,,8,0,0,,0,ECF_sigma,1,GEO_GSE52040_SigH_Toyoda2015,ATCC13032,Strain_R,0
cg0876,sigH,cgrrev09587,cgrrev09587,1,curated_positive,A,1,0,1,0,0,,ChIP-chip,0.4,0,1,1,GEO_GSE52040_SigH_Toyoda2015,1,0,,0,0,0,0,,,,0,0,0,0,0,0,0,,,,2,0,0,0,,,,,,8,0,0,,0,ECF_sigma,1,GEO_GSE52040_SigH_Toyoda2015,ATCC13032,Strain_R,0
cg0876,sigH,cgrrev09588,cgrrev09588,1,curated_positive,A,1,0,1,0,0,,ChIP-chip,0.4,0,1,1,GEO_GSE52040_SigH_Toyoda2015,1,0,,0,0,0,0,,,,0,0,0,0,0,0,0,,,,2,0,0,0,,,,,,8,0,0,,0,ECF_sigma,1,GEO_GSE52040_SigH_Toyoda2015,ATCC13032,Strain_R,0
cg0876,sigH,cgrrev10196,cgrrev10196,1,curated_positive,A,1,0,1,0,0,,ChIP-chip,0.4,0,1,1,GEO_GSE52040_SigH_Toyoda2015,1,0,,0,0,0,0,,,,0,0,0,0,0,0,0,,,,2,0,0,0,,,,,,8,0,0,,0,ECF_sigma,1,GEO_GSE52040_SigH_Toyoda2015,ATCC13032,Strain_R,0
cg0876,sigH,cgrrev10197,cgrrev10197,1,curated_positive,A,1,0,1,0,0,,ChIP-chip,0.4,0,1,1,GEO_GSE52040_SigH_Toyoda2015,1,0,,0,0,0,0,,,,0,0,0,0,0,0,0,,,,2,0,0,0,,,,,,8,0,0,,0,ECF_sigma,1,GEO_GSE52040_SigH_Toyoda2015,ATCC13032,Strain_R,0
cg0876,sigH,cgrrev10198,cgrrev10198,1,curated_positive,A,1,0,1,0,0,,ChIP-chip,0.4,0,1,1,GEO_GSE52040_SigH_Toyoda2015,1,0,,0,0,0,0,,,,0,0,0,0,0,0,0,,,,2,0,0,0,,,,,,8,0,0,,0,ECF_sigma,1,GEO_GSE52040_SigH_Toyoda2015,ATCC13032,Strain_R,0
cg0876,sigH,cgrrev10199,cgrrev10199,1,curated_positive,A,1,0,1,0,0,,ChIP-chip,0.4,0,1,1,GEO_GSE52040_SigH_Toyoda2015,1,0,,0,0,0,0,,,,0,0,0,0,0,0,0,,,,2,0,0,0,,,,,,8,0,0,,0,ECF_sigma,1,GEO_GSE52040_SigH_Toyoda2015,ATCC13032,Strain_R,0
cg0876,sigH,cgrrev10376,cgrrev10376,1,curated_positive,A,1,0,1,0,0,,ChIP-chip,0.4,0,1,1,GEO_GSE52040_SigH_Toyoda2015,1,0,,0,0,0,0,,,,0,0,0,0,0,0,0,,,,2,0,0,0,,,,,,8,0,0,,0,ECF_sigma,1,GEO_GSE52040_SigH_Toyoda2015,ATCC13032,Strain_R,0
cg0876,sigH,cgrrev10377,cgrrev10377,1,curated_positive,A,1,0,1,0,0,,ChIP-chip,0.4,0,1,1,GEO_GSE52040_SigH_Toyoda2015,1,0,,0,0,0,0,,,,0,0,0,0,0,0,0,,,,2,0,0,0,,,,,,8,0,0,,0,ECF_sigma,1,GEO_GSE52040_SigH_Toyoda2015,ATCC13032,Strain_R,0
cg0876,sigH,cgrrev11067,cgrrev11067,1,curated_positive,A,1,0,1,0,0,,ChIP-chip,0.4,0,1,1,GEO_GSE52040_SigH_Toyoda2015,1,0,,0,0,0,0,,,,0,0,0,0,0,0,0,,,,2,0,0,0,,,,,,8,0,0,,0,ECF_sigma,1,GEO_GSE52040_SigH_Toyoda2015,ATCC13032,Strain_R,0
cg0876,sigH,cgrrev11068,cgrrev11068,1,curated_positive,A,1,0,1,0,0,,ChIP-chip,0.4,0,1,1,GEO_GSE52040_SigH_Toyoda2015,1,0,,0,0,0,0,,,,0,0,0,0,0,0,0,,,,2,0,0,0,,,,,,8,0,0,,0,ECF_sigma,1,GEO_GSE52040_SigH_Toyoda2015,ATCC13032,Strain_R,0
cg0876,sigH,cgrrev11069,cgrrev11069,1,curated_positive,A,1,0,1,0,0,,ChIP-chip,0.4,0,1,1,GEO_GSE52040_SigH_Toyoda2015,1,0,,0,0,0,0,,,,0,0,0,0,0,0,0,,,,2,0,0,0,,,,,,8,0,0,,0,ECF_sigma,1,GEO_GSE52040_SigH_Toyoda2015,ATCC13032,Strain_R,0
cg0876,sigH,cgrrev11070,cgrrev11070,1,curated_positive,A,1,0,1,0,0,,ChIP-chip,0.4,0,1,1,GEO_GSE52040_SigH_Toyoda2015,1,0,,0,0,0,0,,,,0,0,0,0,0,0,0,,,,2,0,0,0,,,,,,8,0,0,,0,ECF_sigma,1,GEO_GSE52040_SigH_Toyoda2015,ATCC13032,Strain_R,0
cg0876,sigH,cgrrev13050,cgrrev13050,1,curated_positive,A,1,0,1,0,0,,ChIP-chip,0.4,0,1,1,GEO_GSE52040_SigH_Toyoda2015,1,0,,0,0,0,0,,,,0,0,0,0,0,0,0,,,,2,0,0,0,,,,,,8,0,0,,0,ECF_sigma,1,GEO_GSE52040_SigH_Toyoda2015,ATCC13032,Strain_R,0
cg0876,sigH,cgrrev13051,cgrrev13051,1,curated_positive,A,1,0,1,0,0,,ChIP-chip,0.4,0,1,1,GEO_GSE52040_SigH_Toyoda2015,1,0,,0,0,0,0,,,,0,0,0,0,0,0,0,,,,2,0,0,0,,,,,,8,0,0,,0,ECF_sigma,1,GEO_GSE52040_SigH_Toyoda2015,ATCC13032,Strain_R,0
cg0876,sigH,cgrrev13052,cgrrev13052,1,curated_positive,A,1,0,1,0,0,,ChIP-chip,0.4,0,1,1,GEO_GSE52040_SigH_Toyoda2015,1,0,,0,0,0,0,,,,0,0,0,0,0,0,0,,,,2,0,0,0,,,,,,8,0,0,,0,ECF_sigma,1,GEO_GSE52040_SigH_Toyoda2015,ATCC13032,Strain_R,0
cg0876,sigH,cgrrev15759,cgrrev15759,1,curated_positive,A,1,0,1,0,0,,ChIP-chip,0.4,0,1,1,GEO_GSE52040_SigH_Toyoda2015,1,0,,0,0,0,0,,,,0,0,0,0,0,0,0,,,,2,0,0,0,,,,,,8,0,0,,0,ECF_sigma,1,GEO_GSE52040_SigH_Toyoda2015,ATCC13032,Strain_R,0
cg0878,whiB1,cg0337,whiB4,1,curated_positive,A,1,0,0,0,0,,predicted,0.2,0,1,1,CoryneRegNet,1,1,,0,0,0,0,,,,0,0,0,0,0,0,0,,,,0,0,0,1,0.745915,2.14472e-173,0.745915,972,Kranz2022_expression_compendium_Zenodo6842664,7,0,0,,0,,0,,,,0
cg0878,whiB1,cg0695,whiB3,1,curated_positive,A,1,0,0,0,0,,predicted,0.2,0,1,1,CoryneRegNet,1,1,,0,0,0,0,,,,0,0,0,0,0,0,0,,,,0,0,0,1,0.502453,2.01708e-18,0.502453,266,Kranz2022_expression_compendium_Zenodo6842664,7,1,0,,0,,0,,,,0
cg0878,whiB1,cg3422,trxB,1,curated_positive,A,1,0,0,0,0,,predicted,0.2,0,1,1,CoryneRegNet,1,1,,0,0,0,0,,,,0,6,6,0,0,0,0,,,,0,0,0,1,0.707492,6.89854e-147,0.707492,962,Kranz2022_expression_compendium_Zenodo6842664,7,0,0,,0,,0,,,,0
cg0878,whiB1,cg3423,trxC,1,curated_positive,A,1,0,0,0,0,,predicted,0.2,0,1,1,CoryneRegNet,1,1,OP_cg3423,1,0,0,0,,,,0,6,6,0,0,0,0,,,,0,0,0,1,0.70796,1.81771e-147,0.70796,964,Kranz2022_expression_compendium_Zenodo6842664,7,0,0,,0,,0,,,,0
cg0878,whiB1,cg3424,cwlM,1,curated_positive,A,1,0,0,0,0,,predicted,0.05,0,0,0,CoryneRegNet,1,1,OP_cg3423,1,0,0,0,,,,0,0,0,0,0,0,0,,,,0,0,0,1,0.728688,1.14297e-160,0.728688,966,Kranz2022_expression_compendium_Zenodo6842664,7,0,0,,0,,0,,,,0
cg0897,pdxR,cg0897,pdxR,1,curated_positive,R,0,1,0,1,11,0.3636,predicted,0.25,0,1,1,CoryneRegNet,1,1,,0,0,0,0,,,,0,0,0,0,0,0,0,,,,0,0,0,0,,,,,,7,1,1,0.03478,0,,0,,,,0
cg0897,pdxR,cg0898,cg0898,1,curated_positive,A,1,0,0,1,11,0.3636,experimental,0.8,1,1,2,CoryneRegNet,1,1,OP_cg0898,1,0,0,0,,,,0,12,7,0,0,0,0,,,,0,0,0,1,0.104044,0.00885651,0.104044,632,Kranz2022_expression_compendium_Zenodo6842664,6,0,1,,0,,0,,,,1
cg0897,pdxR,cg0899,cg0899,1,curated_positive,A,1,0,0,0,0,,experimental,0.75,1,1,2,CoryneRegNet,1,1,OP_cg0898,1,0,0,0,,,,0,11,6,0,0,0,0,,,,0,0,0,1,0.0622267,0.11928,0.0622267,628,Kranz2022_expression_compendium_Zenodo6842664,7,0,1,,0,,0,,,,1
cg0979,cg0979,cg0977,cg0977,1,curated_positive,R,0,1,0,0,0,,experimental,0.6,1,0,0,CoryneRegNet,1,1,OP_cg0979,1,0,0,0,,,,0,0,0,0,0,0,0,,,,0,0,0,0,,,,,,8,0,1,,0,,0,,,,1
cg0979,cg0979,cg0978,cg0978,1,curated_positive,R,0,1,0,0,0,,experimental,0.6,1,0,0,CoryneRegNet,1,1,OP_cg0979,1,0,0,0,,,,0,1,1,0,0,0,0,,,,0,0,0,0,,,,,,8,1,1,0.004078,0,,0,,,,1
cg0979,cg0979,cg0979,cg0979,1,curated_positive,R,0,1,0,1,13,0.4615,experimental,0.65,1,0,0,CoryneRegNet,1,1,OP_cg0979,1,0,0,0,,,,0,0,0,0,0,0,0,,,,0,0,0,0,,,,,,7,1,1,0.003429,0,,0,,,,1
cg0986,amtR,cg0103,cg0103,1,curated_positive,R,0,1,0,1,98,0.2857,experimental,0.8,1,1,4,CoryneRegNet,1,1,,0,0,0,0,,,,0,0,0,0,0,0,0,,,,0,0,0,0,,,,,,7,2,0,,0,,0,,,,1
cg0986,amtR,cg0104,codA,1,curated_positive,R,0,1,0,1,42,0.3571,experimental,0.8,1,1,4,CoryneRegNet,1,1,,0,0,0,0,,,,0,6,6,0,0,0,0,,,,0,0,0,0,,,,,,7,1,0,,0,,0,,,,1
cg0986,amtR,cg0113,ureA,1,curated_positive,R,0,1,0,1,42,0.4524,experimental,0.8,1,1,4,CoryneRegNet,1,1,OP_cg0113,1,0,0,0,,,,0,7,7,0,0,0,0,,,,0,0,0,1,0.800321,4.91606e-199,0.800321,888,Kranz2022_expression_compendium_Zenodo6842664,6,0,0,,0,,0,,,,1
cg0986,amtR,cg0114,ureB,1,curated_positive,R,0,1,0,0,0,,experimental,0.75,1,1,4,CoryneRegNet,1,1,OP_cg0113,1,0,0,0,,,,0,7,7,0,0,0,0,,,,0,0,0,0,,,,,,8,0,0,,0,,0,,,,1
cg0986,amtR,cg0115,ureC,1,curated_positive,R,0,1,0,0,0,,experimental,0.75,1,1,4,CoryneRegNet,1,1,OP_cg0113,1,0,0,0,,,,0,7,7,0,0,0,0,,,,0,0,0,1,0.744112,4.00344e-152,0.744112,858,Kranz2022_expression_compendium_Zenodo6842664,7,1,0,,0,,0,,,,1
cg0986,amtR,cg0116,ureE,1,curated_positive,R,0,1,0,0,0,,experimental,0.75,1,1,4,CoryneRegNet,1,1,OP_cg0113,1,0,0,0,,,,0,11,6,0,0,0,0,,,,0,0,0,0,,,,,,8,1,0,,0,,0,,,,1
cg0986,amtR,cg0117,ureF,1,curated_positive,R,0,1,0,0,0,,experimental,0.75,1,1,4,CoryneRegNet,1,1,OP_cg0113,1,0,0,0,,,,0,11,6,0,0,0,0,,,,0,0,0,1,0.704814,9.19756e-110,0.704814,724,Kranz2022_expression_compendium_Zenodo6842664,7,1,0,,0,,0,,,,1
cg0986,amtR,cg0118,ureG,1,curated_positive,R,0,1,0,0,0,,experimental,0.75,1,1,4,CoryneRegNet,1,1,OP_cg0113,1,0,0,0,,,,0,11,6,0,0,0,0,,,,0,0,0,0,,,,,,8,1,0,,0,,0,,,,1
cg0986,amtR,cg0119,ureD,1,curated_positive,R,0,1,0,0,0,,experimental,0.75,1,1,4,CoryneRegNet,1,1,OP_cg0113,1,0,0,0,,,,0,12,7,0,0,0,0,,,,0,0,0,1,0.698829,4.8796e-108,0.698829,730,Kranz2022_expression_compendium_Zenodo6842664,7,1,0,,0,,0,,,,1
cg0986,amtR,cg0228,cg0228,1,curated_positive,R,0,1,0,1,84,0.369,predicted,0.25,0,1,3,CoryneRegNet,1,1,,0,0,0,0,,,,0,1,1,0,0,0,0,,,,0,0,0,0,,,,,,7,0,0,,0,,0,,,,1
cg0986,amtR,cg0229,gltB,1,curated_positive,R,0,1,0,1,84,0.369,experimental,0.8,1,1,4,CoryneRegNet,1,1,OP_cg0229,1,0,0,0,,,,0,6,6,0,0,0,0,,,,0,0,0,1,0.327573,5.67396e-15,0.327573,540,Kranz2022_expression_compendium_Zenodo6842664,6,1,0,,0,,1,Literature_ChIP_AmtR,cross-strain_ATCC14067,Strain_ATCC14067,1
cg0986,amtR,cg0230,gltD,1,curated_positive,R,0,1,0,0,0,,experimental,0.75,1,1,4,CoryneRegNet,1,1,OP_cg0229,1,0,0,0,,,,0,6,6,0,0,0,0,,,,0,0,0,1,0.481677,1.26226e-48,0.481677,816,Kranz2022_expression_compendium_Zenodo6842664,7,1,0,,0,,1,Literature_ChIP_AmtR,cross-strain_ATCC14067,Strain_ATCC14067,1
cg0986,amtR,cg0986,amtR,1,curated_positive,R,0,1,0,1,16,0.5,ChIP-seq,0.45,0,1,1,Literature_ChIP_AmtR,1,0,,0,0,0,0,,,,0,0,0,0,0,0,0,,,,0,0,0,0,,,,,,7,0,0,,0,,1,Literature_ChIP_AmtR,cross-strain_ATCC14067,Strain_ATCC14067,0
cg0986,amtR,cg1061,cg1061,1,curated_positive,R,0,1,0,1,84,0.369,experimental,0.8,1,1,4,CoryneRegNet,1,1,OP_cg1061,1,0,0,0,,,,0,1,1,0,0,0,0,,,,0,0,0,0,,,,,,7,0,0,,0,,0,,,,1
cg0986,amtR,cg1062,cg1062,1,curated_positive,R,0,1,0,0,0,,experimental,0.75,1,1,4,CoryneRegNet,1,1,OP_cg1061,1,0,0,0,,,,0,1,1,0,0,0,0,,,,0,0,0,1,0.366235,7.67665e-15,0.366235,422,Kranz2022_expression_compendium_Zenodo6842664,7,1,0,,0,,0,,,,1
cg0986,amtR,cg1064,cg1064,1,curated_positive,R,0,1,0,0,0,,experimental,0.75,1,1,4,CoryneRegNet,1,1,OP_cg1061,1,0,0,0,,,,0,1,1,0,0,0,0,,,,0,0,0,0,,,,,,8,1,0,,0,,0,,,,1
cg0986,amtR,cg1065,cg1065,1,curated_positive,R,0,1,0,0,0,,experimental,0.75,1,1,4,CoryneRegNet,1,1,OP_cg1061,1,0,0,0,,,,0,2,1,0,0,0,0,,,,0,0,0,0,,,,,,8,1,0,,0,,0,,,,1
cg0986,amtR,cg1066,cg1066,1,curated_positive,R,0,1,0,0,0,,experimental,0.75,1,1,4,CoryneRegNet,1,1,OP_cg1061,1,0,0,0,,,,0,1,1,0,0,0,0,,,,0,0,0,1,0.421179,2.57319e-25,0.421179,556,Kranz2022_expression_compendium_Zenodo6842664,7,1,0,,0,,0,,,,1
cg0986,amtR,cg1256,dapD,1,curated_positive,R,0,1,0,1,14,0.5,experimental,0.8,1,1,2,CoryneRegNet,1,1,OP_cg1259,1,0,0,0,,,,0,6,6,0,0,0,0,,,,0,0,0,1,0.827559,1.87282e-244,0.827559,968,Kranz2022_expression_compendium_Zenodo6842664,6,0,0,,0,,0,,,,0
cg0986,amtR,cg1295,cg1295,1,curated_positive,R,0,1,0,1,42,0.2381,experimental,0.8,1,1,3,CoryneRegNet,1,1,,0,0,0,0,,,,0,6,6,0,0,0,0,,,,0,0,0,1,0.34835,8.47436e-22,0.34835,714,Kranz2022_expression_compendium_Zenodo6842664,6,2,0,,0,,0,,,,1
cg0986,amtR,cg1296,cg1296,1,curated_positive,R,0,1,0,1,42,0.2381,experimental,0.8,1,1,3,CoryneRegNet,1,1,,0,0,0,0,,,,0,0,0,0,0,0,0,,,,0,0,0,1,0.421967,6.54708e-11,0.421967,220,Kranz2022_expression_compendium_Zenodo6842664,6,1,0,,0,,0,,,,1
cg0986,amtR,cg1463,gltS,1,curated_positive,R,0,1,0,1,16,0.5,ChIP-seq,0.45,0,1,1,Literature_ChIP_AmtR,1,0,,0,0,0,0,,,,0,7,7,0,0,0,0,,,,0,0,0,0,,,,,,7,0,0,,0,,1,Literature_ChIP_AmtR,cross-strain_ATCC14067,Strain_ATCC14067,0
cg0986,amtR,cg1646,cg1646,1,curated_positive,R,0,1,0,0,0,,predicted,0.2,0,1,1,CoryneRegNet,1,1,OP_cg1646,1,0,0,0,,,,0,0,0,0,0,0,0,,,,0,0,0,1,0.668579,3.14059e-112,0.668579,858,Kranz2022_expression_compendium_Zenodo6842664,7,0,0,,0,,0,,,,0
cg0986,amtR,cg1647,cg1647,1,curated_positive,R,0,1,0,0,0,,predicted,0.05,0,0,0,CoryneRegNet,1,1,OP_cg1646,1,0,0,0,,,,0,0,0,0,0,0,0,,,,0,0,0,0,,,,,,8,0,0,,0,,0,,,,0
cg0986,amtR,cg1783,soxA,1,curated_positive,R,0,1,0,0,0,,experimental,0.75,1,1,4,CoryneRegNet,1,1,OP_cg1785,1,0,0,0,,,,0,6,6,0,0,0,0,,,,0,0,0,0,,,,,,8,0,0,,0,,0,,,,1
cg0986,amtR,cg1784,ocd,1,curated_positive,R,0,1,0,0,0,,experimental,0.75,1,1,4,CoryneRegNet,1,1,OP_cg1785,1,0,0,0,,,,0,6,6,0,0,0,0,,,,0,0,0,1,0.392825,1.54201e-17,0.392825,436,Kranz2022_expression_compendium_Zenodo6842664,7,1,0,,0,,0,,,,1
cg0986,amtR,cg1785,amt,1,curated_positive,R,0,1,0,1,83,0.3373,experimental,0.8,1,1,4,CoryneRegNet,1,1,OP_cg1785,1,0,0,0,,,,0,11,6,0,0,0,0,,,,0,0,0,1,0.463176,5.08624e-31,0.463176,558,Kranz2022_expression_compendium_Zenodo6842664,6,1,0,,0,,1,Literature_ChIP_AmtR,cross-strain_ATCC14067,Strain_ATCC14067,1
cg0986,amtR,cg2136,gluA,1,curated_positive,R,0,1,0,1,42,0.3095,experimental,0.8,1,1,4,CoryneRegNet,1,1,OP_cg2136,1,0,0,0,,,,0,6,6,0,0,0,0,,,,0,0,0,1,0.659561,1.19105e-122,0.659561,974,Kranz2022_expression_compendium_Zenodo6842664,6,0,0,,0,,0,,,,1
cg0986,amtR,cg2137,gluB,1,curated_positive,R,0,1,0,0,0,,experimental,0.75,1,1,4,CoryneRegNet,1,1,OP_cg2136,1,0,0,0,,,,0,6,6,0,0,0,0,,,,0,0,0,1,0.644009,3.36577e-115,0.644009,974,Kranz2022_expression_compendium_Zenodo6842664,7,0,0,,0,,0,,,,1
cg0986,amtR,cg2138,gluC,1,curated_positive,R,0,1,0,0,0,,experimental,0.75,1,1,4,CoryneRegNet,1,1,OP_cg2136,1,0,0,0,,,,0,27,7,0,0,0,0,,,,0,0,0,0,,,,,,8,0,0,,0,,0,,,,1
cg0986,amtR,cg2139,gluD,1,curated_positive,R,0,1,0,0,0,,experimental,0.75,1,1,4,CoryneRegNet,1,1,OP_cg2136,1,0,0,0,,,,0,9,7,0,0,0,0,,,,0,0,0,1,0.698177,5.68604e-120,0.698177,814,Kranz2022_expression_compendium_Zenodo6842664,7,0,0,,0,,0,,,,1
cg0986,amtR,cg2181,cg2181,1,curated_positive,R,0,1,0,1,42,0.2381,experimental,0.8,1,1,3,CoryneRegNet,1,1,OP_cg2181,1,0,0,0,,,,0,4,1,0,0,0,0,,,,0,0,0,0,,,,,,7,0,0,,0,,0,,,,1
cg0986,amtR,cg2182,cg2182,1,curated_positive,R,0,1,0,0,0,,experimental,0.75,1,1,3,CoryneRegNet,1,1,OP_cg2181,1,0,0,0,,,,0,23,1,0,0,0,0,,,,0,0,0,0,,,,,,8,0,0,,0,,0,,,,1
cg0986,amtR,cg2183,cg2183,1,curated_positive,R,0,1,0,0,0,,experimental,0.75,1,1,3,CoryneRegNet,1,1,OP_cg2181,1,0,0,0,,,,0,0,0,0,0,0,0,,,,0,0,0,0,,,,,,8,0,0,,0,,0,,,,1
cg0986,amtR,cg2184,cg2184,1,curated_positive,R,0,1,0,0,0,,experimental,0.75,1,1,3,CoryneRegNet,1,1,OP_cg2181,1,0,0,0,,,,0,5,5,0,0,0,0,,,,0,0,0,1,0.420909,1.38719e-34,0.420909,774,Kranz2022_expression_compendium_Zenodo6842664,7,0,0,,0,,0,,,,1
cg0986,amtR,cg2258,glnD,1,curated_positive,R,0,1,0,0,0,,experimental,0.75,1,1,4,CoryneRegNet,1,1,OP_cg2261,1,0,0,0,,,,0,1,1,0,0,0,0,,,,0,0,0,1,0.662591,4.01408e-80,0.662591,624,Kranz2022_expression_compendium_Zenodo6842664,7,0,0,,0,,0,,,,1
cg0986,amtR,cg2260,glnK,1,curated_positive,R,0,1,0,0,0,,experimental,0.75,1,1,4,CoryneRegNet,1,1,OP_cg2261,1,0,0,0,,,,0,0,0,0,0,0,0,,,,0,0,0,1,0.819571,1.72079e-201,0.819571,826,Kranz2022_expression_compendium_Zenodo6842664,7,0,0,,0,,0,,,,1
cg0986,amtR,cg2261,amtB,1,curated_positive,R,0,1,0,1,98,0.2959,experimental,0.8,1,1,4,CoryneRegNet,1,1,OP_cg2261,1,0,0,0,,,,0,11,6,0,0,0,0,,,,0,0,0,1,0.499756,1.666e-46,0.499756,716,Kranz2022_expression_compendium_Zenodo6842664,6,0,0,,0,,1,Literature_ChIP_AmtR,cross-strain_ATCC14067,Strain_ATCC14067,1
cg0986,amtR,cg2280,gdh,1,curated_positive,R,0,1,0,1,70,0.2429,experimental + predicted,0.8,1,1,3,CoryneRegNet,1,1,,0,0,0,0,,,,0,7,7,0,0,0,0,,,,0,0,0,1,0.772608,3.28684e-176,0.772608,884,Kranz2022_expression_compendium_Zenodo6842664,6,0,0,,0,,0,,,,1
cg0986,amtR,cg2429,glnA,1,curated_positive,R,0,1,0,1,56,0.3393,experimental,0.8,1,1,4,CoryneRegNet,1,1,,0,0,0,0,,,,0,6,6,0,0,0,0,,,,0,0,0,1,0.774095,5.42629e-196,0.774095,978,Kranz2022_expression_compendium_Zenodo6842664,6,0,0,,0,,1,Literature_ChIP_AmtR,cross-strain_ATCC14067,Strain_ATCC14067,1
cg0986,amtR,cg3335,mez,1,curated_positive,R,0,1,0,1,14,0.3571,experimental,0.8,1,1,3,CoryneRegNet,1,1,,0,0,0,0,,,,0,12,6,0,0,0,0,,,,0,0,0,1,0.730922,1.7987e-159,0.730922,950,Kranz2022_expression_compendium_Zenodo6842664,6,1,0,,0,,0,,,,0
cg0993,cg0993,cg0992,cg0992,1,curated_positive,R,0,1,0,0,0,,predicted,0.05,0,0,0,CoryneRegNet,1,1,OP_cg0993,1,0,0,0,,,,0,0,0,0,0,0,0,,,,0,0,0,1,0.832438,7.34493e-190,0.832438,734,Kranz2022_expression_compendium_Zenodo6842664,7,1,2,,0,,0,,,,1
cg0993,cg0993,cg0993,cg0993,1,curated_positive,R,0,1,0,1,16,0.4375,predicted,0.1,0,0,0,CoryneRegNet,1,1,OP_cg0993,1,0,0,0,,,,0,0,0,0,0,0,0,,,,0,0,0,0,,,,,,7,2,2,0.1999,0,,0,,,,1
cg1032,cg1032,cg1032,cg1032,1,curated_positive,R,0,1,0,1,32,0.5,experimental,0.65,1,0,0,CoryneRegNet,1,1,OP_cg1032,1,0,0,0,,,,0,0,0,0,0,0,0,,,,0,0,0,0,,,,,,7,2,2,0.01583,0,,0,,,,1
cg1032,cg1032,cg1033,cg1033,1,curated_positive,R,0,1,0,0,0,,experimental,0.6,1,0,0,CoryneRegNet,1,1,OP_cg1032,1,0,0,0,,,,0,0,0,0,0,0,0,,,,0,0,0,0,,,,,,8,2,2,0.01433,0,,0,,,,1
cg1053,cg1053,cg1053,cg1053,1,curated_positive,R,0,1,0,0,0,,experimental,0.6,1,0,0,CoryneRegNet,1,1,OP_cg1054,1,0,0,0,,,,0,0,0,0,0,0,0,,,,0,0,0,0,,,,,,8,0,0,,0,,0,,,,1
cg1053,cg1053,cg1054,mmpL2,1,curated_positive,R,0,1,0,1,17,0.5294,experimental,0.65,1,0,0,CoryneRegNet,1,1,OP_cg1054,1,0,0,0,,,,0,0,0,0,0,0,0,,,,0,0,0,0,,,,,,7,0,0,,0,,0,,,,1
cg1084,cgtR10,cg1081,cg1081,1,curated_positive,A,1,0,0,0,0,,experimental,0.75,1,1,1,CoryneRegNet,1,1,OP_cg1081,1,0,0,0,,,,0,0,0,0,0,0,0,,,,0,0,0,1,0.845431,2.21922e-247,0.845431,902,Kranz2022_expression_compendium_Zenodo6842664,7,1,1,,0,,0,,,,0
cg1084,cgtR10,cg1082,cg1082,1,curated_positive,A,1,0,0,0,0,,experimental,0.75,1,1,1,CoryneRegNet,1,1,OP_cg1081,1,0,0,0,,,,0,0,0,0,0,0,0,,,,0,0,0,0,,,,,,8,1,1,,0,,0,,,,0
cg1084,cgtR10,cg1083,cgtS10,1,curated_positive,A,1,0,0,0,0,,experimental,0.75,1,1,1,CoryneRegNet,1,1,OP_cg1083,1,0,0,0,,,,0,3,1,0,0,0,0,,,,0,0,0,1,0.86885,5.59832e-252,0.86885,820,Kranz2022_expression_compendium_Zenodo6842664,7,1,1,0.2752,0,,0,,,,0
cg1084,cgtR10,cg1084,cgtR10,1,curated_positive,A,1,0,0,0,0,,experimental,0.75,1,1,1,CoryneRegNet,1,1,OP_cg1083,1,0,0,0,,,,0,0,0,0,0,0,0,,,,0,0,0,0,,,,,,8,1,1,0.2669,0,,0,,,,0
cg1120,cg1120,cg0310,katA,1,curated_positive,R,0,1,0,1,54,0.6852,experimental,0.8,1,1,1,CoryneRegNet,1,1,,0,0,0,0,,,,0,6,6,0,0,0,0,,,,1,0,0,0,,,,,,7,0,1,,0,,0,,,,0
cg1120,cg1120,cg0445,sdhCD,1,curated_positive,R,0,1,0,1,36,0.6111,experimental,0.8,1,1,1,CoryneRegNet,1,1,OP_cg0445,1,0,0,0,,,,0,12,6,0,0,0,0,,,,1,0,0,0,,,,,,7,0,1,,0,,0,,,,0
cg1120,cg1120,cg0446,sdhA,1,curated_positive,R,0,1,0,0,0,,experimental,0.75,1,1,1,CoryneRegNet,1,1,OP_cg0445,1,0,0,0,,,,0,12,6,0,0,0,0,,,,1,0,0,0,,,,,,8,1,1,,0,,0,,,,0
cg1120,cg1120,cg0447,sdhB,1,curated_positive,R,0,1,0,0,0,,experimental,0.75,1,1,1,CoryneRegNet,1,1,OP_cg0445,1,0,0,0,,,,0,10,5,0,0,0,0,,,,1,0,0,0,,,,,,8,1,1,,0,,0,,,,0
cg1120,cg1120,cg0448,cg0448,1,curated_positive,R,0,1,0,0,0,,predicted,0.05,0,0,0,CoryneRegNet,1,1,OP_cg0445,1,0,0,0,,,,0,6,6,0,0,0,0,,,,1,0,0,0,,,,,,8,1,1,,0,,0,,,,0
cg1120,cg1120,cg1340,cg1340,1,curated_positive,R,0,1,0,0,0,,predicted,0.2,0,1,2,CoryneRegNet,1,1,,0,0,0,0,,,,0,0,0,0,0,0,0,,,,1,0,0,0,,,,,,8,0,1,,0,,0,,,,0
cg1120,cg1120,cg1341,narI,1,curated_positive,R,0,1,0,0,0,,experimental,0.75,1,1,1,CoryneRegNet,1,1,OP_cg1345,1,0,0,0,,,,0,18,7,0,0,0,0,,,,1,0,0,0,,,,,,8,0,1,,0,,0,,,,0
cg1120,cg1120,cg1342,narJ,1,curated_positive,R,0,1,0,0,0,,experimental,0.75,1,1,1,CoryneRegNet,1,1,OP_cg1345,1,0,0,0,,,,0,18,7,0,0,0,0,,,,1,0,0,0,,,,,,8,0,1,,0,,0,,,,0
cg1120,cg1120,cg1343,narH,1,curated_positive,R,0,1,0,0,0,,experimental,0.75,1,1,1,CoryneRegNet,1,1,OP_cg1345,1,0,0,0,,,,0,18,7,0,0,0,0,,,,1,0,0,0,,,,,,8,0,1,,0,,0,,,,0
cg1120,cg1120,cg1344,narG,1,curated_positive,R,0,1,0,0,0,,experimental,0.75,1,1,1,CoryneRegNet,1,1,OP_cg1345,1,0,0,0,,,,0,19,8,0,0,0,0,,,,1,0,0,0,,,,,,8,0,1,,0,,0,,,,0
cg1120,cg1120,cg1345,narK,1,curated_positive,R,0,1,0,1,36,0.4444,experimental,0.8,1,1,1,CoryneRegNet,1,1,OP_cg1345,1,0,0,0,,,,0,17,7,0,0,0,0,,,,1,0,0,0,,,,,,7,1,1,,0,,0,,,,0
cg1120,cg1120,cg1487,leuC,1,curated_positive,R,0,1,0,1,18,0.6111,experimental,0.8,1,1,1,CoryneRegNet,1,1,OP_cg1487,1,0,0,0,,,,0,22,6,0,0,0,0,,,,1,0,0,0,,,,,,7,0,1,,0,,0,,,,0
cg1120,cg1120,cg1488,leuD,1,curated_positive,R,0,1,0,0,0,,experimental,0.75,1,1,1,CoryneRegNet,1,1,OP_cg1487,1,0,0,0,,,,0,23,7,0,0,0,0,,,,1,0,0,0,,,,,,8,1,1,,0,,0,,,,0
cg1120,cg1120,cg1737,acn,1,curated_positive,R,0,1,0,1,36,0.5278,experimental,0.8,1,1,2,CoryneRegNet,1,1,OP_cg1737,1,0,0,0,,,,0,22,6,0,0,0,0,,,,1,0,0,0,,,,,,7,0,1,,0,,0,,,,0
cg1120,cg1120,cg1738,cg1738,1,curated_positive,R,0,1,0,0,0,,predicted,0.2,0,1,2,CoryneRegNet,1,1,OP_cg1737,1,0,0,0,,,,0,0,0,0,0,0,0,,,,1,0,0,0,,,,,,8,0,1,,0,,0,,,,0
cg1120,cg1120,cg1739,cg1739,1,curated_positive,R,0,1,0,0,0,,predicted,0.2,0,1,2,CoryneRegNet,1,1,,0,0,0,0,,,,0,0,0,0,0,0,0,,,,1,0,0,0,,,,,,8,0,1,,0,,0,,,,0
cg1120,cg1120,cg2636,catA1,1,curated_positive,R,0,1,0,1,18,0.5,experimental,0.8,1,1,1,CoryneRegNet,1,1,,0,0,0,0,,,,0,0,0,0,0,0,0,,,,1,0,0,0,,,,,,7,2,1,,0,,0,,,,0
cg1120,cg1120,cg3047,ackA,1,curated_positive,R,0,1,0,0,0,,experimental,0.75,1,1,1,CoryneRegNet,1,1,OP_cg3048,1,0,0,0,,,,0,11,6,0,0,0,0,,,,1,0,0,0,,,,,,8,0,1,,0,,0,,,,0
cg1120,cg1120,cg3048,pta,1,curated_positive,R,0,1,0,1,36,0.5278,experimental,0.8,1,1,1,CoryneRegNet,1,1,OP_cg3048,1,0,0,0,,,,0,11,6,0,0,0,0,,,,1,0,0,0,,,,,,7,0,1,,0,,0,,,,0
cg1120,cg1120,cg4001,cg4001,1,curated_positive,R,0,1,0,0,0,,predicted,0.05,0,0,0,CoryneRegNet,1,1,OP_cg0445,1,0,0,0,,,,0,0,0,0,0,0,0,,,,1,0,0,0,,,,,,8,1,1,,0,,0,,,,0
cg1211,cg1211,cg1211,cg1211,1,curated_positive,R,0,1,0,1,34,0.3235,predicted,0.1,0,0,0,CoryneRegNet,1,1,,0,0,0,0,,,,0,0,0,0,0,0,0,,,,0,0,0,0,,,,,,7,1,1,0.004831,0,,0,,,,1
cg1211,cg1211,cg1212,cg1212,1,curated_positive,R,0,1,0,1,34,0.3235,predicted,0.1,0,0,0,CoryneRegNet,1,1,,0,0,0,0,,,,0,0,0,0,0,0,0,,,,0,0,0,0,,,,,,7,1,1,0.005939,0,,0,,,,1
cg1218,cg1218,cg1214,cg1214,1,curated_positive,R,0,1,0,0,0,,experimental + predicted,0.75,1,1,3,CoryneRegNet,1,1,OP_cg1218,1,0,0,0,,,,0,1,1,0,0,0,0,,,,2,0,0,0,,,,,,8,1,1,,0,,0,,,,1
cg1218,cg1218,cg1215,nadC,1,curated_positive,R,0,1,0,0,0,,experimental + predicted,0.75,1,1,3,CoryneRegNet,1,1,OP_cg1218,1,0,0,0,,,,0,9,7,0,0,0,0,,,,2,1,1,0,,,,,,8,1,1,0.05158,0,,0,,,,1
cg1218,cg1218,cg1216,nadA,1,curated_positive,R,0,1,0,0,0,,experimental + predicted,0.75,1,1,3,CoryneRegNet,1,1,OP_cg1218,1,0,0,0,,,,0,9,7,0,0,0,0,,,,2,1,1,0,,,,,,8,1,1,0.07731,0,,0,,,,1
cg1218,cg1218,cg1218,cg1218,1,curated_positive,R,0,1,0,1,42,0.3333,experimental + predicted,0.8,1,1,3,CoryneRegNet,1,1,OP_cg1218,1,0,0,0,,,,0,2,1,0,0,0,0,,,,2,1,1,0,,,,,,7,1,1,0.08222,0,,0,,,,1
cg1271,sigE,cg1266,rrmA,1,curated_positive,unknown,0,0,1,0,0,,predicted,0.2,0,1,1,CoryneRegNet,1,1,,0,0,0,0,,,,0,0,0,0,0,0,0,,,,0,0,0,0,,,,,,8,0,0,,0,ECF_sigma,0,,,,0
cg1308,cg1308,cg1308,cg1308,1,curated_positive,R,0,1,0,1,29,0.2759,experimental,0.8,1,1,1,CoryneRegNet,1,1,,0,0,0,0,,,,0,0,0,0,0,0,0,,,,0,0,0,0,,,,,,7,0,0,,0,,0,,,,0
cg1308,cg1308,cg1309,cg1309,1,curated_positive,R,0,1,0,1,49,0.2653,experimental,0.8,1,1,4,CoryneRegNet,1,1,OP_cg1309,1,0,0,0,,,,0,0,0,0,0,0,0,,,,0,0,0,0,,,,,,7,0,0,,0,,0,,,,0
cg1308,cg1308,cg1310,tfdF,1,curated_positive,R,0,1,0,0,0,,experimental,0.75,1,1,4,CoryneRegNet,1,1,OP_cg1309,1,0,0,0,,,,0,0,0,0,0,0,0,,,,0,0,0,0,,,,,,8,0,0,,0,,0,,,,0
cg1308,cg1308,cg1311,catA2,1,curated_positive,R,0,1,0,0,0,,experimental,0.75,1,1,4,CoryneRegNet,1,1,OP_cg1309,1,0,0,0,,,,0,0,0,0,0,0,0,,,,0,0,0,0,,,,,,8,0,0,,0,,0,,,,0
cg1324,cg1324,cg1150,cg1150,1,curated_positive,R,0,1,0,1,18,0.2778,experimental,0.8,1,1,1,CoryneRegNet,1,1,,0,0,0,0,,,,0,1,1,0,0,0,0,,,,2,1,1,0,,,,,,7,1,0,,0,,0,,,,1
cg1324,cg1324,cg1322,cg1322,1,curated_positive,R,0,1,0,1,18,0.3333,experimental,0.8,1,1,1,CoryneRegNet,1,1,,0,0,0,0,,,,0,0,0,0,0,0,0,,,,2,0,0,0,,,,,,7,0,0,,0,,0,,,,1
cg1324,cg1324,cg1324,cg1324,1,curated_positive,R,0,1,0,1,36,0.3611,experimental,0.8,1,1,1,CoryneRegNet,1,1,,0,0,0,0,,,,0,2,1,0,0,0,0,,,,2,1,1,0,,,,,,7,0,0,,0,,0,,,,1
cg1324,cg1324,cg1341,narI,1,curated_positive,A,1,0,0,0,0,,experimental,0.75,1,1,1,CoryneRegNet,1,1,OP_cg1345,1,0,0,0,,,,0,18,7,0,0,0,0,,,,2,0,0,0,,,,,,8,0,0,,0,,0,,,,1
cg1324,cg1324,cg1342,narJ,1,curated_positive,A,1,0,0,0,0,,experimental,0.75,1,1,1,CoryneRegNet,1,1,OP_cg1345,1,0,0,0,,,,0,18,7,0,0,0,0,,,,2,0,0,0,,,,,,8,0,0,,0,,0,,,,1
cg1324,cg1324,cg1343,narH,1,curated_positive,A,1,0,0,0,0,,experimental,0.75,1,1,1,CoryneRegNet,1,1,OP_cg1345,1,0,0,0,,,,0,18,7,0,0,0,0,,,,2,0,0,0,,,,,,8,0,0,,0,,0,,,,1
cg1324,cg1324,cg1344,narG,1,curated_positive,A,1,0,0,0,0,,experimental,0.75,1,1,1,CoryneRegNet,1,1,OP_cg1345,1,0,0,0,,,,0,19,8,0,0,0,0,,,,2,0,0,0,,,,,,8,0,0,,0,,0,,,,1
cg1324,cg1324,cg1345,narK,1,curated_positive,A,1,0,0,1,18,0.2778,experimental,0.8,1,1,1,CoryneRegNet,1,1,OP_cg1345,1,0,0,0,,,,0,17,7,0,0,0,0,,,,2,0,0,0,,,,,,7,1,0,,0,,0,,,,1
cg1324,cg1324,cg1426,cg1426,1,curated_positive,R,0,1,0,1,18,0.2778,experimental,0.8,1,1,1,CoryneRegNet,1,1,,0,0,0,0,,,,0,1,1,0,0,0,0,,,,2,0,0,1,0.818607,1.72577e-204,0.818607,842,Kranz2022_expression_compendium_Zenodo6842664,6,0,0,,0,,0,,,,1
cg1324,cg1324,cg1848,cg1848,1,curated_positive,R,0,1,0,1,36,0.3611,experimental,0.8,1,1,1,CoryneRegNet,1,1,,0,0,0,0,,,,0,0,0,0,0,0,0,,,,2,0,0,1,0.634614,1.38013e-100,0.634614,882,Kranz2022_expression_compendium_Zenodo6842664,6,0,0,,0,,0,,,,1
cg1324,cg1324,cg1849,cg1849,1,curated_positive,R,0,1,0,0,0,,experimental,0.75,1,1,1,CoryneRegNet,1,1,,0,0,0,0,,,,0,13,2,0,0,0,0,,,,2,0,0,1,0.696708,3.5939e-87,0.696708,592,Kranz2022_expression_compendium_Zenodo6842664,7,0,0,,0,,0,,,,1
cg1324,cg1324,cg1850,cg1850,1,curated_positive,R,0,1,0,0,0,,experimental,0.75,1,1,1,CoryneRegNet,1,1,,0,0,0,0,,,,0,1,1,0,0,0,0,,,,2,0,0,1,0.609946,1.3676e-46,0.609946,444,Kranz2022_expression_compendium_Zenodo6842664,7,0,0,,0,,0,,,,1
cg1324,cg1324,cg2329,cg2329,1,curated_positive,R,0,1,0,1,18,0.2222,experimental,0.8,1,1,1,CoryneRegNet,1,1,,0,0,0,0,,,,0,0,0,0,0,0,0,,,,2,0,0,0,,,,,,7,0,0,,0,,0,,,,1
cg1324,cg1324,cg3084,cg3084,1,curated_positive,R,0,1,0,1,18,0.2778,experimental,0.8,1,1,1,CoryneRegNet,1,1,OP_cg3082,1,0,0,0,,,,0,6,6,0,0,0,0,,,,2,0,0,1,0.673919,5.84905e-72,0.673919,534,Kranz2022_expression_compendium_Zenodo6842664,6,3,0,,0,,0,,,,1
cg1324,cg1324,cg3085,cg3085,1,curated_positive,R,0,1,0,0,0,,experimental,0.75,1,1,1,CoryneRegNet,1,1,OP_cg3082,1,0,0,0,,,,0,0,0,0,0,0,0,,,,2,0,0,1,0.740371,1.37953e-152,0.740371,874,Kranz2022_expression_compendium_Zenodo6842664,7,2,0,,0,,0,,,,1
cg1324,cg1324,cg3236,msrA,1,curated_positive,R,0,1,0,1,18,0.3333,predicted,0.1,0,0,0,CoryneRegNet,1,1,,0,0,0,0,,,,0,6,6,0,0,0,0,,,,2,0,0,1,0.810345,6.56144e-201,0.810345,858,Kranz2022_expression_compendium_Zenodo6842664,6,1,0,,0,,0,,,,1
cg1324,cg1324,cg3237,sod,1,curated_positive,R,0,1,0,1,18,0.3333,predicted,0.25,0,1,1,CoryneRegNet,1,1,,0,0,0,0,,,,0,6,6,0,0,0,0,,,,2,0,0,1,0.652425,9.84426e-104,0.652425,846,Kranz2022_expression_compendium_Zenodo6842664,6,1,0,,0,,0,,,,1
cg1340,cg1340,cg1340,cg1340,1,curated_positive,A,1,0,0,1,10,0,experimental,0.8,1,1,2,CoryneRegNet,1,1,,0,0,0,0,,,,0,0,0,0,0,0,0,,,,0,0,0,0,,,,,,7,0,0,,0,,0,,,,0
cg1340,cg1340,cg1341,narI,1,curated_positive,R,0,1,0,0,0,,experimental,0.75,1,1,2,CoryneRegNet,1,1,OP_cg1345,1,0,0,0,,,,0,18,7,0,0,0,0,,,,0,0,0,0,,,,,,8,0,0,,0,,0,,,,0
cg1340,cg1340,cg1342,narJ,1,curated_positive,R,0,1,0,0,0,,experimental,0.75,1,1,2,CoryneRegNet,1,1,OP_cg1345,1,0,0,0,,,,0,18,7,0,0,0,0,,,,0,0,0,0,,,,,,8,0,0,,0,,0,,,,0
cg1340,cg1340,cg1343,narH,1,curated_positive,R,0,1,0,0,0,,experimental,0.75,1,1,2,CoryneRegNet,1,1,OP_cg1345,1,0,0,0,,,,0,18,7,0,0,0,0,,,,0,0,0,0,,,,,,8,0,0,,0,,0,,,,0
cg1340,cg1340,cg1344,narG,1,curated_positive,R,0,1,0,0,0,,experimental,0.75,1,1,2,CoryneRegNet,1,1,OP_cg1345,1,0,0,0,,,,0,19,8,0,0,0,0,,,,0,0,0,0,,,,,,8,0,0,,0,,0,,,,0
cg1340,cg1340,cg1345,narK,1,curated_positive,R,0,1,0,1,10,0,experimental,0.8,1,1,2,CoryneRegNet,1,1,OP_cg1345,1,0,0,0,,,,0,17,7,0,0,0,0,,,,0,0,0,0,,,,,,7,1,0,,0,,0,,,,0
cg1340,cg1340,cg3141,hmp,1,curated_positive,R,0,1,0,1,10,0,experimental,0.8,1,1,2,CoryneRegNet,1,1,,0,0,0,0,,,,0,6,6,0,0,0,0,,,,0,0,0,0,,,,,,7,0,0,,0,,0,,,,0
cg1410,cg1410,cg1410,cg1410,1,curated_positive,R,0,1,0,1,14,0.4286,experimental,0.8,1,1,1,CoryneRegNet,1,1,OP_cg1410,1,0,0,0,,,,0,2,2,0,0,0,0,,,,2,1,2,0,,,,,,7,0,0,,0,,0,,,,1
cg1410,cg1410,cg1411,cg1411,1,curated_positive,R,0,1,0,0,0,,experimental,0.75,1,1,1,CoryneRegNet,1,1,OP_cg1410,1,0,0,0,,,,0,6,6,0,0,0,0,,,,2,0,0,1,0.926152,2.69212e-228,0.926152,536,Kranz2022_expression_compendium_Zenodo6842664,7,0,0,,0,,0,,,,1
cg1410,cg1410,cg1412,cg1412,1,curated_positive,R,0,1,0,0,0,,experimental,0.75,1,1,1,CoryneRegNet,1,1,OP_cg1410,1,0,0,0,,,,0,14,6,0,0,0,0,,,,2,0,0,0,,,,,,8,1,0,,0,,0,,,,1
cg1410,cg1410,cg1413,cg1413,1,curated_positive,R,0,1,0,0,0,,experimental,0.75,1,1,1,CoryneRegNet,1,1,OP_cg1410,1,0,0,0,,,,0,6,6,0,0,0,0,,,,2,0,0,1,0.812049,9.56782e-131,0.812049,552,Kranz2022_expression_compendium_Zenodo6842664,7,1,0,,0,,0,,,,1
cg1410,cg1410,cg1414,cg1414,1,curated_positive,R,0,1,0,0,0,,experimental,0.75,1,1,1,CoryneRegNet,1,1,OP_cg1410,1,0,0,0,,,,0,0,0,0,0,0,0,,,,2,0,0,1,0.889009,5.69644e-184,0.889009,538,Kranz2022_expression_compendium_Zenodo6842664,7,1,0,,0,,0,,,,1
cg1410,cg1410,cg1543,iunH3,1,curated_positive,R,0,1,0,0,0,,experimental,0.75,1,1,1,CoryneRegNet,1,1,OP_cg1547,1,0,0,0,,,,0,1,1,0,0,0,0,,,,2,0,0,1,0.579844,2.92427e-51,0.579844,556,Kranz2022_expression_compendium_Zenodo6842664,7,1,0,,0,,0,,,,1
cg1410,cg1410,cg1545,cg1545,1,curated_positive,R,0,1,0,0,0,,experimental,0.75,1,1,1,CoryneRegNet,1,1,OP_cg1547,1,0,0,0,,,,0,0,0,0,0,0,0,,,,2,0,0,1,0.712012,4.83121e-84,0.712012,536,Kranz2022_expression_compendium_Zenodo6842664,7,0,0,,0,,0,,,,1
cg1410,cg1410,cg1546,rbsK1,1,curated_positive,R,0,1,0,0,0,,experimental,0.75,1,1,1,CoryneRegNet,1,1,OP_cg1547,1,0,0,0,,,,0,6,6,0,0,0,0,,,,2,0,0,0,,,,,,8,0,0,,0,,0,,,,1
cg1410,cg1410,cg1547,ccpA1,1,curated_positive,R,0,1,0,1,28,0.3571,experimental,0.8,1,1,1,CoryneRegNet,1,1,OP_cg1547,1,0,0,0,,,,0,0,0,0,0,0,0,,,,2,0,0,1,0.803449,3.6754e-124,0.803449,544,Kranz2022_expression_compendium_Zenodo6842664,6,0,0,,0,,0,,,,1
cg1410,cg1410,cg2554,rbsK2,1,curated_positive,R,0,1,0,1,14,0.3571,experimental,0.8,1,1,1,CoryneRegNet,1,1,,0,0,0,0,,,,0,7,7,0,0,0,0,,,,2,0,0,1,0.692098,2.44925e-79,0.692098,548,Kranz2022_expression_compendium_Zenodo6842664,6,0,0,,0,,0,,,,1
cg1425,lysG,cg1424,lysE,1,curated_positive,A,1,0,0,1,13,0.4615,experimental,0.8,1,1,2,CoryneRegNet,1,1,,0,0,0,0,,,,0,6,6,0,0,0,0,,,,0,0,0,0,,,,,,7,0,0,,0,,0,,,,1
cg1425,lysG,cg1425,lysG,1,curated_positive,R,0,1,0,1,13,0.4615,predicted,0.1,0,0,0,CoryneRegNet,1,1,,0,0,0,0,,,,0,0,0,0,0,0,0,,,,0,0,0,0,,,,,,7,0,0,,0,,0,,,,1
cg1486,cg1486,cg1453,leuB,1,curated_positive,R,0,1,0,1,12,0.3333,experimental,0.8,1,1,1,CoryneRegNet,1,1,,0,0,0,0,,,,0,6,6,0,0,0,0,,,,0,0,0,0,,,,,,7,0,0,,0,,0,,,,1
cg1486,cg1486,cg1487,leuC,1,curated_positive,R,0,1,0,1,12,0.3333,experimental,0.8,1,1,1,CoryneRegNet,1,1,OP_cg1487,1,0,0,0,,,,0,22,6,0,0,0,0,,,,0,0,0,0,,,,,,7,0,0,,0,,0,,,,1
cg1486,cg1486,cg1488,leuD,1,curated_positive,R,0,1,0,0,0,,experimental,0.75,1,1,1,CoryneRegNet,1,1,OP_cg1487,1,0,0,0,,,,0,23,7,0,0,0,0,,,,0,0,0,0,,,,,,8,1,0,,0,,0,,,,1
cg1486,cg1486,cg3359,trpE,1,curated_positive,R,0,1,0,1,12,0.5,experimental,0.8,1,1,1,CoryneRegNet,1,1,OP_cg3359,1,0,0,0,,,,0,6,6,0,0,0,0,,,,0,0,0,0,,,,,,7,0,0,,0,,0,,,,1
cg1486,cg1486,cg3360,trpG,1,curated_positive,R,0,1,0,0,0,,experimental,0.75,1,1,1,CoryneRegNet,1,1,OP_cg3359,1,0,0,0,,,,0,6,6,0,0,0,0,,,,0,0,0,0,,,,,,8,0,0,,0,,0,,,,0
cg1486,cg1486,cg3361,trpD,1,curated_positive,R,0,1,0,0,0,,experimental,0.75,1,1,1,CoryneRegNet,1,1,OP_cg3359,1,0,0,0,,,,0,6,6,0,0,0,0,,,,0,0,0,0,,,,,,8,0,0,,0,,0,,,,0
cg1486,cg1486,cg3362,trpCF,1,curated_positive,R,0,1,0,0,0,,experimental,0.75,1,1,1,CoryneRegNet,1,1,OP_cg3359,1,0,0,0,,,,0,18,6,0,0,0,0,,,,0,0,0,0,,,,,,8,0,0,,0,,0,,,,0
cg1486,cg1486,cg3363,trpB,1,curated_positive,R,0,1,0,0,0,,experimental,0.75,1,1,1,CoryneRegNet,1,1,OP_cg3359,1,0,0,0,,,,0,18,6,0,0,0,0,,,,0,0,0,0,,,,,,8,0,0,,0,,0,,,,0
cg1486,cg1486,cg3364,trpA,1,curated_positive,R,0,1,0,0,0,,experimental,0.75,1,1,1,CoryneRegNet,1,1,OP_cg3359,1,0,0,0,,,,0,18,6,0,0,0,0,,,,0,0,0,0,,,,,,8,0,0,,0,,0,,,,0
cg1547,ccpA1,cg1410,cg1410,1,curated_positive,R,0,1,0,1,14,0.4286,experimental,0.8,1,1,1,CoryneRegNet,1,1,OP_cg1410,1,0,0,0,,,,0,2,2,0,0,0,0,,,,0,0,0,1,0.803449,3.6754e-124,0.803449,544,Kranz2022_expression_compendium_Zenodo6842664,6,0,0,,0,,0,,,,0
cg1547,ccpA1,cg1411,cg1411,1,curated_positive,R,0,1,0,0,0,,experimental,0.75,1,1,1,CoryneRegNet,1,1,OP_cg1410,1,0,0,0,,,,0,6,6,0,0,0,0,,,,0,0,0,1,0.764913,1.87451e-122,0.764913,632,Kranz2022_expression_compendium_Zenodo6842664,7,0,0,,0,,0,,,,0
cg1547,ccpA1,cg1412,cg1412,1,curated_positive,R,0,1,0,0,0,,experimental,0.75,1,1,1,CoryneRegNet,1,1,OP_cg1410,1,0,0,0,,,,0,14,6,0,0,0,0,,,,0,0,0,0,,,,,,8,1,0,,0,,0,,,,0
cg1547,ccpA1,cg1413,cg1413,1,curated_positive,R,0,1,0,0,0,,experimental,0.75,1,1,1,CoryneRegNet,1,1,OP_cg1410,1,0,0,0,,,,0,6,6,0,0,0,0,,,,0,0,0,1,0.681734,7.97135e-94,0.681734,678,Kranz2022_expression_compendium_Zenodo6842664,7,1,0,,0,,0,,,,0
cg1547,ccpA1,cg1414,cg1414,1,curated_positive,R,0,1,0,0,0,,experimental,0.75,1,1,1,CoryneRegNet,1,1,OP_cg1410,1,0,0,0,,,,0,0,0,0,0,0,0,,,,0,0,0,1,0.745141,3.12982e-112,0.745141,628,Kranz2022_expression_compendium_Zenodo6842664,7,1,0,,0,,0,,,,0
cg1547,ccpA1,cg1543,iunH3,1,curated_positive,R,0,1,0,0,0,,experimental,0.75,1,1,1,CoryneRegNet,1,1,OP_cg1547,1,0,0,0,,,,0,1,1,0,0,0,0,,,,0,0,0,1,0.701081,8.78684e-111,0.701081,742,Kranz2022_expression_compendium_Zenodo6842664,7,1,0,,0,,0,,,,1
cg1547,ccpA1,cg1545,cg1545,1,curated_positive,R,0,1,0,0,0,,experimental,0.75,1,1,1,CoryneRegNet,1,1,OP_cg1547,1,0,0,0,,,,0,0,0,0,0,0,0,,,,0,0,0,1,0.823101,2.75646e-167,0.823101,674,Kranz2022_expression_compendium_Zenodo6842664,7,0,0,,0,,0,,,,1
cg1547,ccpA1,cg1546,rbsK1,1,curated_positive,R,0,1,0,0,0,,experimental,0.75,1,1,1,CoryneRegNet,1,1,OP_cg1547,1,0,0,0,,,,0,6,6,0,0,0,0,,,,0,0,0,0,,,,,,8,0,0,,0,,0,,,,1
cg1547,ccpA1,cg1547,ccpA1,1,curated_positive,R,0,1,0,1,28,0.3571,experimental,0.8,1,1,1,CoryneRegNet,1,1,OP_cg1547,1,0,0,0,,,,0,0,0,0,0,0,0,,,,0,0,0,0,,,,,,7,0,0,,0,,0,,,,1
cg1547,ccpA1,cg2554,rbsK2,1,curated_positive,R,0,1,0,1,14,0.3571,experimental + predicted,0.8,1,1,1,CoryneRegNet,1,1,,0,0,0,0,,,,0,7,7,0,0,0,0,,,,0,0,0,1,0.727729,2.12426e-117,0.727729,706,Kranz2022_expression_compendium_Zenodo6842664,6,0,0,,0,,0,,,,1
cg1552,cg1552,cg1552,cg1552,1,curated_positive,R,0,1,0,1,50,0.26,experimental,0.8,1,1,1,CoryneRegNet,1,1,,0,0,0,0,,,,0,2,1,0,0,0,0,,,,2,1,1,0,,,,,,7,0,0,,0,,0,,,,1
cg1552,cg1552,cg1553,cg1553,1,curated_positive,R,0,1,0,1,50,0.26,experimental,0.8,1,1,1,CoryneRegNet,1,1,,0,0,0,0,,,,0,1,1,0,0,0,0,,,,2,1,1,0,,,,,,7,0,0,,0,,0,,,,1
cg1585,argR,cg0229,gltB,1,curated_positive,R,0,1,0,0,0,,predicted,0.2,0,1,1,CoryneRegNet,1,1,OP_cg0229,1,0,0,0,,,,0,6,6,0,0,0,0,,,,0,0,0,0,,,,,,8,1,1,,0,,0,,,,0
cg1585,argR,cg0230,gltD,1,curated_positive,R,0,1,0,0,0,,predicted,0.2,0,1,1,CoryneRegNet,1,1,OP_cg0229,1,0,0,0,,,,0,6,6,0,0,0,0,,,,0,0,0,0,,,,,,8,1,1,,0,,0,,,,0
cg1585,argR,cg1580,argC,1,curated_positive,R,0,1,0,1,26,0.3077,experimental,0.8,1,1,1,CoryneRegNet,1,1,OP_cg1580,1,0,0,0,,,,0,11,6,0,0,0,0,,,,0,0,0,0,,,,,,7,0,1,,0,,0,,,,1
cg1585,argR,cg1581,argJ,1,curated_positive,R,0,1,0,0,0,,experimental,0.75,1,1,1,CoryneRegNet,1,1,OP_cg1580,1,0,0,0,,,,0,18,7,0,0,0,0,,,,0,0,0,0,,,,,,8,1,1,0.04603,0,,0,,,,1
cg1585,argR,cg1582,argB,1,curated_positive,R,0,1,0,0,0,,experimental,0.75,1,1,2,CoryneRegNet,1,1,OP_cg1580,1,0,0,0,,,,0,6,6,0,0,0,0,,,,0,0,0,0,,,,,,8,1,1,0.09676,0,,0,,,,1
cg1585,argR,cg1583,argD,1,curated_positive,R,0,1,0,0,0,,experimental,0.75,1,1,1,CoryneRegNet,1,1,OP_cg1580,1,0,0,0,,,,0,11,6,0,0,0,0,,,,0,0,0,0,,,,,,8,1,1,0.09437,0,,0,,,,1
cg1585,argR,cg1584,argF,1,curated_positive,R,0,1,0,0,0,,experimental,0.75,1,1,1,CoryneRegNet,1,1,OP_cg1580,1,0,0,0,,,,0,12,7,0,0,0,0,,,,0,0,0,0,,,,,,8,1,1,0.09425,0,,0,,,,1
cg1585,argR,cg1585,argR,1,curated_positive,R,0,1,0,0,0,,experimental,0.75,1,1,1,CoryneRegNet,1,1,OP_cg1580,1,0,0,0,,,,0,0,0,0,0,0,0,,,,0,0,0,0,,,,,,8,1,1,0.09408,0,,0,,,,1
cg1585,argR,cg1812,pyrF,1,curated_positive,R,0,1,0,0,0,,predicted,0.05,0,0,0,CoryneRegNet,1,1,,0,0,0,0,,,,0,6,6,0,0,0,0,,,,0,0,0,0,,,,,,8,0,1,,0,,0,,,,1
cg1585,argR,cg1813,carB,1,curated_positive,R,0,1,0,0,0,,predicted,0.05,0,0,0,CoryneRegNet,1,1,OP_cg1814,1,0,0,0,,,,0,6,6,0,0,0,0,,,,0,0,0,0,,,,,,8,0,1,,0,,0,,,,1
cg1585,argR,cg1814,carA,1,curated_positive,R,0,1,0,1,39,0.3077,predicted,0.1,0,0,0,CoryneRegNet,1,1,OP_cg1814,1,0,0,0,,,,0,6,6,0,0,0,0,,,,0,0,0,0,,,,,,7,1,1,0.04774,0,,0,,,,1
cg1585,argR,cg2280,gdh,1,curated_positive,R,0,1,0,0,0,,predicted,0.2,0,1,1,CoryneRegNet,1,1,,0,0,0,0,,,,0,7,7,0,0,0,0,,,,0,0,0,0,,,,,,8,0,1,,0,,0,,,,0
cg1648,cg1648,cg1648,cg1648,1,curated_positive,R,0,1,0,0,0,,predicted,0.05,0,0,0,CoryneRegNet,1,1,OP_cg1653,1,0,0,0,,,,0,0,0,0,0,0,0,,,,0,0,0,0,,,,,,8,0,0,,0,,0,,,,1
cg1648,cg1648,cg1649,pctD,1,curated_positive,R,0,1,0,0,0,,predicted,0.05,0,0,0,CoryneRegNet,1,1,OP_cg1653,1,0,0,0,,,,0,90,6,0,0,0,0,,,,0,0,0,0,,,,,,8,0,0,,0,,0,,,,1
cg1648,cg1648,cg1650,pctC,1,curated_positive,R,0,1,0,0,0,,predicted,0.05,0,0,0,CoryneRegNet,1,1,OP_cg1653,1,0,0,0,,,,0,90,6,0,0,0,0,,,,0,0,0,1,0.893694,9.23158e-99,0.893694,280,Kranz2022_expression_compendium_Zenodo6842664,7,0,0,,0,,0,,,,1
cg1648,cg1648,cg1651,pctB,1,curated_positive,R,0,1,0,0,0,,predicted,0.05,0,0,0,CoryneRegNet,1,1,OP_cg1653,1,0,0,0,,,,0,90,6,0,0,0,0,,,,0,0,0,0,,,,,,8,0,0,,0,,0,,,,1
cg1648,cg1648,cg1652,pctA,1,curated_positive,R,0,1,0,0,0,,predicted,0.05,0,0,0,CoryneRegNet,1,1,OP_cg1653,1,0,0,0,,,,0,75,5,0,0,0,0,,,,0,0,0,0,,,,,,8,0,0,,0,,0,,,,1
cg1648,cg1648,cg1653,pgp1,1,curated_positive,R,0,1,0,0,0,,predicted,0.05,0,0,0,CoryneRegNet,1,1,OP_cg1653,1,0,0,0,,,,0,6,6,0,0,0,0,,,,0,0,0,0,,,,,,8,0,0,,0,,0,,,,1
cg1704,cg1704,cg0318,arsC1,1,curated_positive,R,0,1,0,1,28,0.3571,experimental,0.65,1,0,0,CoryneRegNet,1,1,OP_cg0318,1,0,0,0,,,,0,0,0,0,0,0,0,,,,0,0,0,0,,,,,,7,0,0,,0,,0,,,,0
cg1704,cg1704,cg0319,arsX,1,curated_positive,R,0,1,0,0,0,,experimental,0.6,1,0,0,CoryneRegNet,1,1,OP_cg0318,1,0,0,0,,,,0,2,1,0,0,0,0,,,,0,0,0,0,,,,,,8,0,0,,0,,0,,,,0
cg1704,cg1704,cg1705,arsC2,1,curated_positive,R,0,1,0,1,32,0.2812,experimental,0.8,1,1,3,CoryneRegNet,1,1,OP_cg1705,1,0,0,0,,,,0,0,0,0,0,0,0,,,,0,0,0,0,,,,,,7,0,0,,0,,0,,,,0
cg1704,cg1704,cg1706,cg1706,1,curated_positive,R,0,1,0,0,0,,experimental,0.75,1,1,3,CoryneRegNet,1,1,OP_cg1705,1,0,0,0,,,,0,0,0,0,0,0,0,,,,0,0,0,0,,,,,,8,0,0,,0,,0,,,,0
cg1704,cg1704,cg1707,cg1707,1,curated_positive,R,0,1,0,0,0,,experimental,0.75,1,1,3,CoryneRegNet,1,1,OP_cg1705,1,0,0,0,,,,0,6,6,0,0,0,0,,,,0,0,0,0,,,,,,8,0,0,,0,,0,,,,0
cg1738,cg1738,cg1737,acn,1,curated_positive,R,0,1,0,1,16,0.5,experimental,0.8,1,1,2,CoryneRegNet,1,1,OP_cg1737,1,0,0,0,,,,0,22,6,0,0,0,0,,,,0,0,0,0,,,,,,7,0,0,,0,,0,,,,1
cg1738,cg1738,cg1738,cg1738,1,curated_positive,R,0,1,0,0,0,,experimental,0.75,1,1,2,CoryneRegNet,1,1,OP_cg1737,1,0,0,0,,,,0,0,0,0,0,0,0,,,,0,0,0,0,,,,,,8,0,0,,0,,0,,,,1
cg1738,cg1738,cg1739,cg1739,1,curated_positive,R,0,1,0,0,0,,predicted,0.2,0,1,2,CoryneRegNet,1,1,,0,0,0,0,,,,0,0,0,0,0,0,0,,,,0,0,0,0,,,,,,8,0,0,,0,,0,,,,0
cg1765,cg1765,cg1759,cg1759,1,curated_positive,R,0,1,0,0,0,,experimental,0.75,1,1,1,CoryneRegNet,1,1,OP_cg1765,1,0,0,0,,,,0,0,0,0,0,0,0,,,,0,0,0,0,,,,,,8,0,1,,0,,0,,,,1
cg1765,cg1765,cg1760,cg1760,1,curated_positive,R,0,1,0,0,0,,experimental,0.75,1,1,1,CoryneRegNet,1,1,OP_cg1765,1,0,0,0,,,,0,0,0,0,0,0,0,,,,0,0,0,0,,,,,,8,1,1,,0,,0,,,,1
cg1765,cg1765,cg1761,nifS2,1,curated_positive,R,0,1,0,0,0,,experimental,0.75,1,1,1,CoryneRegNet,1,1,OP_cg1765,1,0,0,0,,,,0,0,0,0,0,0,0,,,,0,0,0,1,0.781429,1.99781e-198,0.781429,960,Kranz2022_expression_compendium_Zenodo6842664,7,1,1,0.05038,0,,0,,,,1
cg1765,cg1765,cg1762,sufC,1,curated_positive,R,0,1,0,0,0,,experimental,0.75,1,1,1,CoryneRegNet,1,1,OP_cg1765,1,0,0,0,,,,0,0,0,0,0,0,0,,,,0,0,0,0,,,,,,8,1,1,0.06046,0,,0,,,,1
cg1765,cg1765,cg1763,sufD,1,curated_positive,R,0,1,0,0,0,,experimental,0.75,1,1,1,CoryneRegNet,1,1,OP_cg1765,1,0,0,0,,,,0,0,0,0,0,0,0,,,,0,0,0,1,0.904385,0,0.904385,1012,Kranz2022_expression_compendium_Zenodo6842664,7,1,1,0.07354,0,,0,,,,1
cg1765,cg1765,cg1764,sufB,1,curated_positive,R,0,1,0,0,0,,experimental,0.75,1,1,1,CoryneRegNet,1,1,OP_cg1765,1,0,0,0,,,,0,0,0,0,0,0,0,,,,0,0,0,1,0.879131,3.35965e-322,0.879131,996,Kranz2022_expression_compendium_Zenodo6842664,7,1,1,0.07368,0,,0,,,,1
cg1765,cg1765,cg1765,cg1765,1,curated_positive,R,0,1,0,1,24,0.375,experimental,0.8,1,1,1,CoryneRegNet,1,1,OP_cg1765,1,0,0,0,,,,0,0,0,0,0,0,0,,,,0,0,0,0,,,,,,7,1,1,0.06997,0,,0,,,,1
cg1792,cg1792,cg0812,dtsR1,1,curated_positive,A,1,0,0,0,0,,experimental,0.75,1,1,1,CoryneRegNet,1,1,,0,0,0,0,,,,0,0,0,0,0,0,0,,,,1,0,0,0,,,,,,8,0,0,,0,,0,,,,0
cg1792,cg1792,cg2363,cg2363,1,curated_positive,A,1,0,0,0,0,,experimental,0.75,1,1,1,CoryneRegNet,1,1,OP_cg2366,1,0,0,0,,,,0,2,1,0,0,0,0,,,,1,0,0,0,,,,,,8,0,0,,0,,0,,,,0
cg1792,cg1792,cg2366,ftsZ,1,curated_positive,A,1,0,0,0,0,,experimental,0.75,1,1,1,CoryneRegNet,1,1,OP_cg2366,1,0,0,0,,,,0,1,1,0,0,0,0,,,,1,0,0,0,,,,,,8,1,0,,0,,0,,,,0
cg1817,pyrR,cg1815,pyrC,1,curated_positive,R,0,1,0,0,0,,experimental + predicted,0.75,1,1,1,CoryneRegNet,1,1,OP_cg1817,1,0,0,0,,,,0,0,0,0,0,0,0,,,,6,0,0,0,,,,,,8,1,0,,0,,0,,,,0
cg1817,pyrR,cg1816,pyrB,1,curated_positive,R,0,1,0,0,0,,experimental + predicted,0.75,1,1,1,CoryneRegNet,1,1,OP_cg1817,1,0,0,0,,,,0,17,6,0,0,0,0,,,,6,1,5,0,,,,,,8,0,0,,0,,0,,,,0
cg1817,pyrR,cg1817,pyrR,1,curated_positive,R,0,1,0,1,24,0.7083,experimental,0.8,1,1,1,CoryneRegNet,1,1,OP_cg1817,1,0,0,0,,,,0,6,6,0,0,0,0,,,,6,1,6,0,,,,,,7,0,0,,0,,0,,,,0
cg1817,pyrR,cg2218,pyrH,1,curated_positive,R,0,1,0,0,0,,experimental,0.6,1,0,0,CoryneRegNet,1,1,,0,0,0,0,,,,0,11,6,0,0,0,0,,,,6,1,6,0,,,,,,8,0,0,,0,,0,,,,0
cg1831,cg1831,cg1831,cg1831,1,curated_positive,R,0,1,0,1,20,0.3,predicted,0.1,0,0,0,CoryneRegNet,1,1,,0,0,0,0,,,,0,0,0,0,0,0,0,,,,0,0,0,0,,,,,,7,0,0,,0,,0,,,,1
cg1831,cg1831,cg1832,cg1832,1,curated_positive,R,0,1,0,1,20,0.3,predicted,0.1,0,0,0,CoryneRegNet,1,1,OP_cg1832,1,0,0,0,,,,0,7,2,0,0,0,0,,,,0,0,0,1,0.7573,2.13489e-99,0.7573,528,Kranz2022_expression_compendium_Zenodo6842664,6,0,0,,0,,0,,,,1
cg1831,cg1831,cg1833,cg1833,1,curated_positive,R,0,1,0,0,0,,predicted,0.05,0,0,0,CoryneRegNet,1,1,OP_cg1832,1,0,0,0,,,,0,0,0,0,0,0,0,,,,0,0,0,0,,,,,,8,0,0,,0,,0,,,,1
cg1831,cg1831,cg1834,cg1834,1,curated_positive,R,0,1,0,0,0,,predicted,0.05,0,0,0,CoryneRegNet,1,1,OP_cg1832,1,0,0,0,,,,0,2,1,0,0,0,0,,,,0,0,0,0,,,,,,8,1,0,,0,,0,,,,1
cg1846,cg1846,cg1844,cg1844,1,curated_positive,R,0,1,0,0,0,,experimental,0.6,1,0,0,CoryneRegNet,1,1,OP_cg1845,1,0,0,0,,,,0,0,0,0,0,0,0,,,,0,0,0,0,,,,,,8,0,0,,0,,0,,,,0
cg1846,cg1846,cg1845,cg1845,1,curated_positive,R,0,1,0,1,20,0.5,experimental,0.65,1,0,0,CoryneRegNet,1,1,OP_cg1845,1,0,0,0,,,,0,0,0,0,0,0,0,,,,0,0,0,1,0.771073,1.52155e-182,0.771073,922,Kranz2022_expression_compendium_Zenodo6842664,6,0,0,,0,,0,,,,0
cg1846,cg1846,cg1846,cg1846,1,curated_positive,R,0,1,0,1,20,0.5,experimental,0.65,1,0,0,CoryneRegNet,1,1,OP_cg1846,1,0,0,0,,,,0,0,0,0,0,0,0,,,,0,0,0,0,,,,,,7,0,0,,0,,0,,,,0
cg1846,cg1846,cg1847,cg1847,1,curated_positive,R,0,1,0,0,0,,experimental,0.6,1,0,0,CoryneRegNet,1,1,OP_cg1846,1,0,0,0,,,,0,0,0,0,0,0,0,,,,0,0,0,1,0.820423,3.4912e-222,0.820423,908,Kranz2022_expression_compendium_Zenodo6842664,7,0,0,,0,,0,,,,0
cg1861,rel,cg0876,sigH,1,curated_positive,A,1,0,0,0,0,,predicted,0.05,0,0,0,CoryneRegNet,1,1,OP_cg0876,1,0,0,0,,,,0,2,1,0,0,0,0,,,,12,0,0,0,,,,,,8,0,0,,0,,0,,,,0
cg1861,rel,cg0877,cg0877,1,curated_positive,A,1,0,0,0,0,,predicted,0.05,0,0,0,CoryneRegNet,1,1,OP_cg0876,1,0,0,0,,,,0,0,0,0,0,0,0,,,,12,0,0,0,,,,,,8,0,0,,0,,0,,,,0
cg1861,rel,cg1271,sigE,1,curated_positive,A,1,0,0,0,0,,predicted,0.05,0,0,0,CoryneRegNet,1,1,,0,0,0,0,,,,0,0,0,0,0,0,0,,,,12,0,0,1,0.751722,8.24808e-164,0.751722,896,Kranz2022_expression_compendium_Zenodo6842664,7,0,0,,0,,0,,,,0
cg1861,rel,cg1272,cg1272,1,curated_positive,A,1,0,0,0,0,,predicted,0.05,0,0,0,CoryneRegNet,1,1,,0,0,0,0,,,,0,3,1,0,0,0,0,,,,12,0,0,0,,,,,,8,0,0,,0,,0,,,,0
cg1861,rel,cg2102,sigB,1,curated_positive,A,1,0,0,0,0,,predicted,0.2,0,1,1,CoryneRegNet,1,1,,0,0,0,0,,,,0,0,0,0,0,0,0,,,,12,0,0,0,,,,,,8,0,0,,0,,0,,,,0
cg1861,rel,cg2114,lexA,1,curated_positive,A,1,0,0,0,0,,predicted,0.2,0,1,1,CoryneRegNet,1,1,,0,0,0,0,,,,0,0,0,0,0,0,0,,,,12,0,0,0,,,,,,8,0,0,,0,,0,,,,0
cg1861,rel,cg2942,cg2942,1,curated_positive,R,0,1,0,0,0,,predicted,0.2,0,1,1,CoryneRegNet,1,1,,0,0,0,0,,,,0,0,0,0,0,0,0,,,,12,0,0,0,,,,,,8,0,0,,0,,0,,,,0
cg1861,rel,cg3420,sigM,1,curated_positive,A,1,0,0,0,0,,predicted,0.05,0,0,0,CoryneRegNet,1,1,,0,0,0,0,,,,0,0,0,0,0,0,0,,,,12,0,0,1,0.553379,4.39223e-46,0.553379,558,Kranz2022_expression_compendium_Zenodo6842664,7,0,0,,0,,0,,,,0
cg1935,cg1935,cg1537,ptsG,1,curated_positive,A,1,0,0,1,15,0.2,experimental,0.8,1,1,1,CoryneRegNet,1,1,,0,0,0,0,,,,0,7,7,0,0,0,0,,,,1,1,1,1,0.553752,7.34842e-72,0.553752,880,Kranz2022_expression_compendium_Zenodo6842664,6,0,1,,1,,0,,,,0
cg1935,cg1935,cg1643,gnd,1,curated_positive,R,0,1,0,1,15,0.3333,experimental,0.8,1,1,1,CoryneRegNet,1,1,,0,0,0,0,,,,0,8,7,0,0,0,0,,,,1,1,1,1,0.686545,1.71317e-124,0.686545,886,Kranz2022_expression_compendium_Zenodo6842664,6,0,1,,1,,0,,,,0
cg1935,cg1935,cg1774,tkt,1,curated_positive,R,0,1,0,0,0,,experimental,0.75,1,1,1,CoryneRegNet,1,1,OP_cg1774,1,0,0,0,,,,0,11,6,0,0,0,0,,,,1,0,0,0,,,,,,8,0,1,,1,,0,,,,0
cg1935,cg1935,cg1776,tal,1,curated_positive,R,0,1,0,0,0,,experimental,0.75,1,1,1,CoryneRegNet,1,1,OP_cg1774,1,0,0,0,,,,0,22,6,0,0,0,0,,,,1,0,0,1,0.538175,1.30373e-69,0.538175,912,Kranz2022_expression_compendium_Zenodo6842664,7,0,1,,1,,0,,,,0
cg1935,cg1935,cg1778,zwf,1,curated_positive,R,0,1,0,0,0,,experimental,0.75,1,1,1,CoryneRegNet,1,1,OP_cg1774,1,0,0,0,,,,0,11,6,0,0,0,0,,,,1,0,0,1,0.545625,2.05102e-71,0.545625,906,Kranz2022_expression_compendium_Zenodo6842664,7,0,1,,1,,0,,,,0
cg1935,cg1935,cg1779,opcA,1,curated_positive,R,0,1,0,0,0,,experimental,0.75,1,1,1,CoryneRegNet,1,1,OP_cg1774,1,0,0,0,,,,0,0,0,0,0,0,0,,,,1,0,0,0,,,,,,8,0,1,,1,,0,,,,0
cg1935,cg1935,cg1780,devB,1,curated_positive,R,0,1,0,0,0,,experimental,0.75,1,1,1,CoryneRegNet,1,1,OP_cg1774,1,0,0,0,,,,0,6,6,0,0,0,0,,,,1,0,0,0,,,,,,8,0,1,,1,,0,,,,0
cg1935,cg1935,cg2732,gntV,1,curated_positive,R,0,1,0,1,15,0.2667,experimental,0.8,1,1,1,CoryneRegNet,1,1,,0,0,0,0,,,,0,6,6,0,0,0,0,,,,1,0,0,1,0.536266,1.68815e-40,0.536266,526,Kranz2022_expression_compendium_Zenodo6842664,6,0,1,,1,,0,,,,0
cg1935,cg1935,cg2925,ptsS,1,curated_positive,A,1,0,0,0,0,,experimental,0.75,1,1,1,CoryneRegNet,1,1,,0,0,0,0,,,,0,2,1,0,0,0,0,,,,1,1,1,1,0.509283,1.00101e-58,0.509283,872,Kranz2022_expression_compendium_Zenodo6842664,7,0,1,,1,,0,,,,0
cg1935,cg1935,cg3169,pck,1,curated_positive,A,1,0,0,0,0,,experimental,0.75,1,1,1,CoryneRegNet,1,1,,0,0,0,0,,,,0,0,0,0,0,0,0,,,,1,0,0,1,0.627481,2.74867e-97,0.627481,878,Kranz2022_expression_compendium_Zenodo6842664,7,0,1,,1,,0,,,,0
cg1935,cg1935,cg3216,gntP,1,curated_positive,R,0,1,0,1,15,0.2,experimental,0.8,1,1,1,CoryneRegNet,1,1,,0,0,0,0,,,,0,11,6,0,0,0,0,,,,1,0,0,1,0.59334,6.47729e-83,0.59334,860,Kranz2022_expression_compendium_Zenodo6842664,6,0,1,,1,,0,,,,0
cg2092,sigA,cg0012,cg0012,1,curated_positive,A,1,0,0,0,0,,experimental,0.75,1,1,1,CoryneRegNet,1,1,,0,0,0,0,,,,0,0,0,0,0,0,0,,,,0,0,0,0,,,,,,8,1,1,,0,,0,,,,0
cg2092,sigA,cg0041,cg0041,1,curated_positive,A,1,0,0,0,0,,experimental,0.75,1,1,1,CoryneRegNet,1,1,OP_cg0042,1,0,0,0,,,,0,6,6,0,0,0,0,,,,0,0,0,0,,,,,,8,1,1,,0,,0,,,,0
cg2092,sigA,cg0042,cg0042,1,curated_positive,A,1,0,0,0,0,,experimental,0.75,1,1,1,CoryneRegNet,1,1,OP_cg0042,1,0,0,0,,,,0,6,6,0,0,0,0,,,,0,0,0,0,,,,,,8,2,1,,0,,0,,,,0
cg2092,sigA,cg0043,cg0043,1,curated_positive,A,1,0,0,0,0,,experimental,0.75,1,1,1,CoryneRegNet,1,1,,0,0,0,0,,,,0,6,6,0,0,0,0,,,,0,0,0,0,,,,,,8,1,1,,0,,0,,,,0
cg2092,sigA,cg0088,citP,1,curated_positive,A,1,0,0,0,0,,experimental,0.75,1,1,1,CoryneRegNet,1,1,,0,0,0,0,,,,0,7,7,0,0,0,0,,,,0,0,0,1,0.125902,0.0041777,0.125902,516,Kranz2022_expression_compendium_Zenodo6842664,7,0,1,,0,,0,,,,0
cg2092,sigA,cg0095,bioB,1,curated_positive,A,1,0,0,1,26,0.3846,experimental,0.8,1,1,1,CoryneRegNet,1,1,,0,0,0,0,,,,0,6,6,0,0,0,0,,,,0,0,0,0,,,,,,7,0,1,,0,,0,,,,0
cg2092,sigA,cg0096,cg0096,1,curated_positive,A,1,0,0,0,0,,experimental,0.75,1,1,1,CoryneRegNet,1,1,OP_cg0096,1,0,0,0,,,,0,1,1,0,0,0,0,,,,0,0,0,1,0.229215,8.03263e-10,0.229215,702,Kranz2022_expression_compendium_Zenodo6842664,7,0,1,,0,,0,,,,0
cg2092,sigA,cg0142,sixA,1,curated_positive,A,1,0,0,0,0,,experimental,0.75,1,1,1,CoryneRegNet,1,1,OP_cg0144,1,0,0,0,,,,0,0,0,0,0,0,0,,,,0,0,0,0,,,,,,8,1,1,,0,,0,,,,0
cg2092,sigA,cg0143,mtlD,1,curated_positive,A,1,0,0,0,0,,experimental,0.75,1,1,1,CoryneRegNet,1,1,OP_cg0144,1,0,0,0,,,,0,12,6,0,0,0,0,,,,0,0,0,1,0.175757,5.84983e-07,0.175757,798,Kranz2022_expression_compendium_Zenodo6842664,7,0,1,,0,,0,,,,0
cg2092,sigA,cg0144,rbtT,1,curated_positive,A,1,0,0,0,0,,experimental,0.75,1,1,1,CoryneRegNet,1,1,OP_cg0144,1,0,0,0,,,,0,0,0,0,0,0,0,,,,0,0,0,1,0.307563,4.52737e-18,0.307563,758,Kranz2022_expression_compendium_Zenodo6842664,7,0,1,,0,,0,,,,0
cg2092,sigA,cg0146,cg0146,1,curated_positive,A,1,0,0,1,40,0.25,experimental,0.8,1,1,1,CoryneRegNet,1,1,OP_cg0146,1,0,0,0,,,,0,0,0,0,0,0,0,,,,0,0,0,1,0.45333,3.73677e-33,0.45333,628,Kranz2022_expression_compendium_Zenodo6842664,6,0,1,,0,,0,,,,0
cg2092,sigA,cg0147,xylB,1,curated_positive,A,1,0,0,0,0,,experimental,0.75,1,1,1,CoryneRegNet,1,1,OP_cg0146,1,0,0,0,,,,0,12,7,0,0,0,0,,,,0,0,0,1,0.55459,1.14573e-62,0.55459,762,Kranz2022_expression_compendium_Zenodo6842664,7,0,1,,0,,0,,,,0
cg2092,sigA,cg0156,cg0156,1,curated_positive,A,1,0,0,0,0,,experimental,0.75,1,1,1,CoryneRegNet,1,1,,0,0,0,0,,,,0,1,1,0,0,0,0,,,,0,0,0,1,0.690279,3.96536e-133,0.690279,934,Kranz2022_expression_compendium_Zenodo6842664,7,0,1,,0,,0,,,,0
cg2092,sigA,cg0229,gltB,1,curated_positive,A,1,0,0,0,0,,experimental,0.75,1,1,1,CoryneRegNet,1,1,OP_cg0229,1,0,0,0,,,,0,6,6,0,0,0,0,,,,0,0,0,1,0.205007,1.30082e-06,0.205007,548,Kranz2022_expression_compendium_Zenodo6842664,7,1,1,,0,,0,,,,0
cg2092,sigA,cg0303,leuA,1,curated_positive,A,1,0,0,0,0,,experimental,0.75,1,1,1,CoryneRegNet,1,1,,0,0,0,0,,,,0,6,6,0,0,0,0,,,,0,0,0,1,0.855303,1.55632e-289,0.855303,1008,Kranz2022_expression_compendium_Zenodo6842664,7,0,1,,0,,0,,,,0
cg2092,sigA,cg0304,cg0304,1,curated_positive,A,1,0,0,0,0,,experimental,0.75,1,1,1,CoryneRegNet,1,1,,0,0,0,0,,,,0,0,0,0,0,0,0,,,,0,0,0,0,,,,,,8,0,1,,0,,0,,,,0
cg2092,sigA,cg0306,lysC,1,curated_positive,A,1,0,0,0,0,,experimental,0.75,1,1,1,CoryneRegNet,1,1,OP_cg0306,1,0,0,0,,,,0,11,6,0,0,0,0,,,,0,0,0,0,,,,,,8,0,1,,0,,0,,,,0
cg2092,sigA,cg0307,asd,1,curated_positive,A,1,0,0,0,0,,experimental,0.75,1,1,1,CoryneRegNet,1,1,OP_cg0306,1,0,0,0,,,,0,11,6,0,0,0,0,,,,0,0,0,0,,,,,,8,0,1,,0,,0,,,,0
cg2092,sigA,cg0313,lrp,1,curated_positive,A,1,0,0,0,0,,experimental,0.75,1,1,1,CoryneRegNet,1,1,,0,0,0,0,,,,0,0,0,0,0,0,0,,,,0,0,0,1,0.16738,1.90119e-05,0.16738,646,Kranz2022_expression_compendium_Zenodo6842664,7,0,1,,0,,0,,,,0
cg2092,sigA,cg0314,brnF,1,curated_positive,A,1,0,0,0,0,,experimental,0.75,1,1,1,CoryneRegNet,1,1,OP_cg0314,1,0,0,0,,,,0,12,7,0,0,0,0,,,,0,0,0,1,0.201818,0.00139775,0.201818,248,Kranz2022_expression_compendium_Zenodo6842664,7,1,1,,0,,0,,,,0
cg2092,sigA,cg0315,brnE,1,curated_positive,A,1,0,0,0,0,,experimental,0.75,1,1,1,CoryneRegNet,1,1,OP_cg0314,1,0,0,0,,,,0,12,7,0,0,0,0,,,,0,0,0,1,0.111751,0.0135082,0.111751,488,Kranz2022_expression_compendium_Zenodo6842664,7,1,1,,0,,0,,,,0
cg2092,sigA,cg0350,cg0350,1,curated_positive,A,1,0,0,0,0,,experimental,0.75,1,1,1,CoryneRegNet,1,1,,0,0,0,0,,,,0,0,0,0,0,0,0,,,,0,0,0,1,0.806025,1.254e-228,0.806025,996,Kranz2022_expression_compendium_Zenodo6842664,7,0,1,,0,,0,,,,0
cg2092,sigA,cg0397,cg0397,1,curated_positive,A,1,0,0,0,0,,experimental,0.75,1,1,1,CoryneRegNet,1,1,,0,0,0,0,,,,0,84,6,0,0,0,0,,,,0,0,0,1,0.207661,8.53414e-06,0.207661,452,Kranz2022_expression_compendium_Zenodo6842664,7,0,1,,0,,0,,,,0
cg2092,sigA,cg0444,cg0444,1,curated_positive,A,1,0,0,0,0,,experimental,0.75,1,1,1,CoryneRegNet,1,1,,0,0,0,0,,,,0,0,0,0,0,0,0,,,,0,0,0,1,0.706858,9.92852e-151,0.706858,990,Kranz2022_expression_compendium_Zenodo6842664,7,1,1,,0,,0,,,,0
cg2092,sigA,cg0445,sdhCD,1,curated_positive,A,1,0,0,0,0,,experimental,0.75,1,1,1,CoryneRegNet,1,1,OP_cg0445,1,0,0,0,,,,0,12,6,0,0,0,0,,,,0,0,0,0,,,,,,8,0,1,,0,,0,,,,0
cg2092,sigA,cg0446,sdhA,1,curated_positive,A,1,0,0,0,0,,experimental,0.75,1,1,1,CoryneRegNet,1,1,OP_cg0445,1,0,0,0,,,,0,12,6,0,0,0,0,,,,0,0,0,1,0.765401,7.38958e-193,0.765401,998,Kranz2022_expression_compendium_Zenodo6842664,7,1,1,,0,,0,,,,0
cg2092,sigA,cg0447,sdhB,1,curated_positive,A,1,0,0,0,0,,experimental,0.75,1,1,1,CoryneRegNet,1,1,OP_cg0445,1,0,0,0,,,,0,10,5,0,0,0,0,,,,0,0,0,0,,,,,,8,1,1,,0,,0,,,,0
cg2092,sigA,cg0448,cg0448,1,curated_positive,A,1,0,0,0,0,,experimental,0.75,1,1,1,CoryneRegNet,1,1,OP_cg0445,1,0,0,0,,,,0,6,6,0,0,0,0,,,,0,0,0,1,0.489781,4.57953e-59,0.489781,960,Kranz2022_expression_compendium_Zenodo6842664,7,1,1,,0,,0,,,,0
cg2092,sigA,cg0527,cg0527,1,curated_positive,A,1,0,0,0,0,,experimental,0.75,1,1,1,CoryneRegNet,1,1,,0,0,0,0,,,,0,15,1,0,0,0,0,,,,0,0,0,1,0.152057,0.000679521,0.152057,496,Kranz2022_expression_compendium_Zenodo6842664,7,1,1,,0,,0,,,,0
cg2092,sigA,cg0561,secE,1,curated_positive,A,1,0,0,0,0,,experimental,0.75,1,1,1,CoryneRegNet,1,1,,0,0,0,0,,,,0,0,0,0,0,0,0,,,,0,0,0,0,,,,,,8,1,1,,0,,0,,,,0
cg2092,sigA,cg0676,cg0676,1,curated_positive,A,1,0,0,0,0,,experimental,0.75,1,1,1,CoryneRegNet,1,1,OP_cg0676,1,0,0,0,,,,0,0,0,0,0,0,0,,,,0,0,0,1,0.113736,0.0222308,0.113736,404,Kranz2022_expression_compendium_Zenodo6842664,7,0,1,,0,,0,,,,0
cg2092,sigA,cg0678,cg0678,1,curated_positive,A,1,0,0,0,0,,experimental,0.75,1,1,1,CoryneRegNet,1,1,OP_cg0676,1,0,0,0,,,,0,0,0,0,0,0,0,,,,0,0,0,1,0.00851448,0.845537,0.00851448,526,Kranz2022_expression_compendium_Zenodo6842664,7,0,1,,0,,0,,,,0
cg2092,sigA,cg0679,cg0679,1,curated_positive,A,1,0,0,0,0,,experimental,0.75,1,1,1,CoryneRegNet,1,1,OP_cg0676,1,0,0,0,,,,0,0,0,0,0,0,0,,,,0,0,0,1,0.0504663,0.276955,0.0504663,466,Kranz2022_expression_compendium_Zenodo6842664,7,0,1,,0,,0,,,,0
cg2092,sigA,cg0690,groES,1,curated_positive,A,1,0,0,0,0,,experimental,0.75,1,1,1,CoryneRegNet,1,1,OP_cg0690,1,0,0,0,,,,0,0,0,0,0,0,0,,,,0,0,0,1,0.650091,6.2767e-121,0.650091,998,Kranz2022_expression_compendium_Zenodo6842664,7,0,1,,0,,0,,,,0
cg2092,sigA,cg0691,groEL,1,curated_positive,A,1,0,0,0,0,,experimental,0.75,1,1,1,CoryneRegNet,1,1,OP_cg0690,1,0,0,0,,,,0,1,1,0,0,0,0,,,,0,0,0,1,0.764616,6.98348e-187,0.764616,970,Kranz2022_expression_compendium_Zenodo6842664,7,0,1,,0,,0,,,,0
cg2092,sigA,cg0754,metX,1,curated_positive,A,1,0,0,0,0,,experimental,0.75,1,1,1,CoryneRegNet,1,1,,0,0,0,0,,,,0,7,7,0,0,0,0,,,,0,0,0,0,,,,,,8,0,1,,0,,0,,,,0
cg2092,sigA,cg0755,metY,1,curated_positive,A,1,0,0,0,0,,experimental,0.75,1,1,1,CoryneRegNet,1,1,,0,0,0,0,,,,0,6,6,0,0,0,0,,,,0,0,0,0,,,,,,8,0,1,,0,,0,,,,0
cg2092,sigA,cg0759,prpD2,1,curated_positive,A,1,0,0,0,0,,experimental,0.75,1,1,1,CoryneRegNet,1,1,OP_cg0759,1,0,0,0,,,,0,11,6,0,0,0,0,,,,0,0,0,1,0.560893,1.50798e-75,0.560893,898,Kranz2022_expression_compendium_Zenodo6842664,7,0,1,,0,,0,,,,0
cg2092,sigA,cg0760,prpB2,1,curated_positive,A,1,0,0,0,0,,experimental,0.75,1,1,1,CoryneRegNet,1,1,OP_cg0759,1,0,0,0,,,,0,11,6,0,0,0,0,,,,0,0,0,0,,,,,,8,1,1,,0,,0,,,,0
cg2092,sigA,cg0762,prpC2,1,curated_positive,A,1,0,0,0,0,,experimental,0.75,1,1,1,CoryneRegNet,1,1,OP_cg0759,1,0,0,0,,,,0,11,6,0,0,0,0,,,,0,0,0,1,0.53514,3.10322e-67,0.53514,892,Kranz2022_expression_compendium_Zenodo6842664,7,1,1,,0,,0,,,,0
cg2092,sigA,cg0766,icd,1,curated_positive,A,1,0,0,0,0,,experimental,0.75,1,1,1,CoryneRegNet,1,1,,0,0,0,0,,,,0,6,6,0,0,0,0,,,,0,0,0,1,0.900041,0,0.900041,996,Kranz2022_expression_compendium_Zenodo6842664,7,0,1,,0,,0,,,,0
cg2092,sigA,cg0767,cg0767,1,curated_positive,A,1,0,0,0,0,,experimental,0.75,1,1,1,CoryneRegNet,1,1,OP_cg0771,1,0,0,0,,,,0,0,0,0,0,0,0,,,,0,0,0,1,0.535149,1.04301e-58,0.535149,776,Kranz2022_expression_compendium_Zenodo6842664,7,0,1,,0,,0,,,,0
cg2092,sigA,cg0768,cg0768,1,curated_positive,A,1,0,0,0,0,,experimental,0.75,1,1,1,CoryneRegNet,1,1,OP_cg0771,1,0,0,0,,,,0,1,1,0,0,0,0,,,,0,0,0,0,,,,,,8,0,1,,0,,0,,,,0
cg2092,sigA,cg0769,cg0769,1,curated_positive,A,1,0,0,0,0,,experimental,0.75,1,1,1,CoryneRegNet,1,1,OP_cg0771,1,0,0,0,,,,0,1,1,0,0,0,0,,,,0,0,0,1,0.456071,8.09597e-41,0.456071,770,Kranz2022_expression_compendium_Zenodo6842664,7,1,1,,0,,0,,,,0
cg2092,sigA,cg0770,cg0770,1,curated_positive,A,1,0,0,0,0,,experimental,0.75,1,1,1,CoryneRegNet,1,1,OP_cg0771,1,0,0,0,,,,0,1,1,0,0,0,0,,,,0,0,0,0,,,,,,8,1,1,,0,,0,,,,0
cg2092,sigA,cg0771,irp1,1,curated_positive,A,1,0,0,0,0,,experimental,0.75,1,1,1,CoryneRegNet,1,1,OP_cg0771,1,0,0,0,,,,0,1,1,0,0,0,0,,,,0,0,0,1,0.512414,1.48515e-57,0.512414,842,Kranz2022_expression_compendium_Zenodo6842664,7,1,1,,0,,0,,,,0
cg2092,sigA,cg0790,lpdA,1,curated_positive,A,1,0,0,0,0,,experimental,0.75,1,1,1,CoryneRegNet,1,1,,0,0,0,0,,,,0,0,0,0,0,0,0,,,,0,0,0,0,,,,,,8,0,1,,0,,0,,,,0
cg2092,sigA,cg0791,pyc,1,curated_positive,A,1,0,0,0,0,,experimental,0.75,1,1,1,CoryneRegNet,1,1,,0,0,0,0,,,,0,12,7,0,0,0,0,,,,0,0,0,1,0.811632,3.14965e-235,0.811632,1000,Kranz2022_expression_compendium_Zenodo6842664,7,0,1,,0,,0,,,,0
cg2092,sigA,cg0794,cg0794,1,curated_positive,A,1,0,0,0,0,,experimental,0.75,1,1,1,CoryneRegNet,1,1,,0,0,0,0,,,,0,0,0,0,0,0,0,,,,0,0,0,0,,,,,,8,0,1,,0,,0,,,,0
cg2092,sigA,cg0795,cg0795,1,curated_positive,A,1,0,0,0,0,,experimental,0.75,1,1,1,CoryneRegNet,1,1,,0,0,0,0,,,,0,0,0,0,0,0,0,,,,0,0,0,1,0.117314,0.0174835,0.117314,410,Kranz2022_expression_compendium_Zenodo6842664,7,0,1,,0,,0,,,,0
cg2092,sigA,cg0800,cg0800,1,curated_positive,A,1,0,0,0,0,,experimental,0.75,1,1,1,CoryneRegNet,1,1,OP_cg0800,1,0,0,0,,,,0,0,0,0,0,0,0,,,,0,0,0,1,0.643896,9.2966e-107,0.643896,902,Kranz2022_expression_compendium_Zenodo6842664,7,0,1,,0,,0,,,,0
cg2092,sigA,cg0897,pdxR,1,curated_positive,A,1,0,0,1,11,0.3636,experimental,0.8,1,1,1,CoryneRegNet,1,1,,0,0,0,0,,,,0,0,0,0,0,0,0,,,,0,0,0,1,0.0927901,0.0196416,0.0927901,632,Kranz2022_expression_compendium_Zenodo6842664,6,1,1,,0,,0,,,,0
cg2092,sigA,cg0898,cg0898,1,curated_positive,A,1,0,0,1,11,0.3636,experimental,0.8,1,1,1,CoryneRegNet,1,1,OP_cg0898,1,0,0,0,,,,0,12,7,0,0,0,0,,,,0,0,0,1,0.734951,3.39457e-169,0.734951,992,Kranz2022_expression_compendium_Zenodo6842664,6,0,1,,0,,0,,,,0
cg2092,sigA,cg0899,cg0899,1,curated_positive,A,1,0,0,0,0,,experimental,0.75,1,1,1,CoryneRegNet,1,1,OP_cg0898,1,0,0,0,,,,0,11,6,0,0,0,0,,,,0,0,0,1,0.716758,6.33494e-156,0.716758,984,Kranz2022_expression_compendium_Zenodo6842664,7,0,1,,0,,0,,,,0
cg2092,sigA,cg0921,cg0921,1,curated_positive,A,1,0,0,0,0,,experimental,0.75,1,1,1,CoryneRegNet,1,1,OP_cg0922,1,0,0,0,,,,0,0,0,0,0,0,0,,,,0,0,0,0,,,,,,8,1,1,,0,,0,,,,0
cg2092,sigA,cg0922,cg0922,1,curated_positive,A,1,0,0,0,0,,experimental,0.75,1,1,1,CoryneRegNet,1,1,OP_cg0922,1,0,0,0,,,,0,0,0,0,0,0,0,,,,0,0,0,1,0.410953,1.72055e-32,0.410953,764,Kranz2022_expression_compendium_Zenodo6842664,7,0,1,,0,,0,,,,0
cg2092,sigA,cg0938,cg0938,1,curated_positive,A,1,0,0,0,0,,experimental,0.75,1,1,1,CoryneRegNet,1,1,,0,0,0,0,,,,0,0,0,0,0,0,0,,,,0,0,0,0,,,,,,8,0,1,,0,,0,,,,0
cg2092,sigA,cg0949,gltA,1,curated_positive,A,1,0,0,0,0,,experimental,0.75,1,1,1,CoryneRegNet,1,1,OP_cg0949,1,0,0,0,,,,0,6,6,0,0,0,0,,,,0,0,0,1,0.842191,2.6957e-267,0.842191,990,Kranz2022_expression_compendium_Zenodo6842664,7,0,1,,0,,0,,,,0
cg2092,sigA,cg1010,cg1010,1,curated_positive,A,1,0,0,0,0,,experimental,0.75,1,1,1,CoryneRegNet,1,1,OP_cg1010,1,0,0,0,,,,0,0,0,0,0,0,0,,,,0,0,0,1,0.674762,2.9705e-114,0.674762,852,Kranz2022_expression_compendium_Zenodo6842664,7,0,1,,0,,0,,,,0
cg2092,sigA,cg1011,cg1011,1,curated_positive,A,1,0,0,0,0,,experimental,0.75,1,1,1,CoryneRegNet,1,1,OP_cg1010,1,0,0,0,,,,0,0,0,0,0,0,0,,,,0,0,0,1,0.54644,9.40301e-58,0.54644,726,Kranz2022_expression_compendium_Zenodo6842664,7,0,1,,0,,0,,,,0
cg2092,sigA,cg1012,cg1012,1,curated_positive,A,1,0,0,0,0,,experimental,0.75,1,1,1,CoryneRegNet,1,1,OP_cg1010,1,0,0,0,,,,0,0,0,0,0,0,0,,,,0,0,0,0,,,,,,8,0,1,,0,,0,,,,0
cg2092,sigA,cg1016,betP,1,curated_positive,A,1,0,0,0,0,,experimental,0.75,1,1,1,CoryneRegNet,1,1,,0,0,0,0,,,,0,6,6,0,0,0,0,,,,0,0,0,1,0.785596,1.07723e-200,0.785596,954,Kranz2022_expression_compendium_Zenodo6842664,7,0,1,,0,,0,,,,0
cg2092,sigA,cg1037,cg1037,1,curated_positive,A,1,0,0,0,0,,experimental,0.75,1,1,1,CoryneRegNet,1,1,OP_cg1037,1,0,0,0,,,,0,1,1,0,0,0,0,,,,0,0,0,1,0.800264,5.37439e-219,0.800264,978,Kranz2022_expression_compendium_Zenodo6842664,7,0,1,,0,,0,,,,0
cg2092,sigA,cg1038,ksgA,1,curated_positive,A,1,0,0,0,0,,experimental,0.75,1,1,1,CoryneRegNet,1,1,OP_cg1037,1,0,0,0,,,,0,0,0,0,0,0,0,,,,0,0,0,0,,,,,,8,1,1,,0,,0,,,,0
cg2092,sigA,cg1039,cg1039,1,curated_positive,A,1,0,0,0,0,,experimental,0.75,1,1,1,CoryneRegNet,1,1,OP_cg1037,1,0,0,0,,,,0,6,6,0,0,0,0,,,,0,0,0,1,0.541449,4.07613e-54,0.541449,694,Kranz2022_expression_compendium_Zenodo6842664,7,1,1,,0,,0,,,,0
cg2092,sigA,cg1040,cg1040,1,curated_positive,A,1,0,0,0,0,,experimental,0.75,1,1,1,CoryneRegNet,1,1,OP_cg1037,1,0,0,0,,,,0,0,0,0,0,0,0,,,,0,0,0,0,,,,,,8,0,1,,0,,0,,,,0
cg2092,sigA,cg1041,pdxK,1,curated_positive,A,1,0,0,0,0,,experimental,0.75,1,1,1,CoryneRegNet,1,1,OP_cg1037,1,0,0,0,,,,0,19,7,0,0,0,0,,,,0,0,0,1,0.606123,5.78342e-94,0.606123,926,Kranz2022_expression_compendium_Zenodo6842664,7,0,1,,0,,0,,,,0
cg2092,sigA,cg1069,gapX,1,curated_positive,A,1,0,0,0,0,,experimental,0.75,1,1,1,CoryneRegNet,1,1,,0,0,0,0,,,,0,11,6,0,0,0,0,,,,0,0,0,0,,,,,,8,0,1,,0,,0,,,,0
cg2092,sigA,cg1111,eno,1,curated_positive,A,1,0,0,0,0,,experimental,0.75,1,1,1,CoryneRegNet,1,1,,0,0,0,0,,,,0,11,6,0,0,0,0,,,,0,0,0,1,0.713399,1.10762e-155,0.713399,996,Kranz2022_expression_compendium_Zenodo6842664,7,1,1,,0,,0,,,,0
cg2092,sigA,cg1133,glyA,1,curated_positive,A,1,0,0,0,0,,experimental,0.75,1,1,1,CoryneRegNet,1,1,,0,0,0,0,,,,0,23,7,0,0,0,0,,,,0,0,0,0,,,,,,8,0,1,,0,,0,,,,0
cg2092,sigA,cg1145,fum,1,curated_positive,A,1,0,0,0,0,,experimental,0.75,1,1,1,CoryneRegNet,1,1,,0,0,0,0,,,,0,12,7,0,0,0,0,,,,0,0,0,0,,,,,,8,0,1,,0,,0,,,,0
cg2092,sigA,cg1147,cg1147,1,curated_positive,A,1,0,0,0,0,,experimental,0.75,1,1,1,CoryneRegNet,1,1,,0,0,0,0,,,,0,2,1,0,0,0,0,,,,0,0,0,0,,,,,,8,0,1,,0,,0,,,,0
cg2092,sigA,cg1151,ssiE,1,curated_positive,A,1,0,0,0,0,,experimental,0.75,1,1,1,CoryneRegNet,1,1,OP_cg1151,1,0,0,0,,,,0,1,1,0,0,0,0,,,,0,0,0,1,0.11434,0.0199613,0.11434,414,Kranz2022_expression_compendium_Zenodo6842664,7,0,1,,0,,0,,,,0
cg2092,sigA,cg1152,ssiF,1,curated_positive,A,1,0,0,0,0,,experimental,0.75,1,1,1,CoryneRegNet,1,1,OP_cg1151,1,0,0,0,,,,0,1,1,0,0,0,0,,,,0,0,0,1,0.171555,0.00016926,0.171555,476,Kranz2022_expression_compendium_Zenodo6842664,7,1,1,,0,,0,,,,0
cg2092,sigA,cg1153,ssiG,1,curated_positive,A,1,0,0,0,0,,experimental,0.75,1,1,1,CoryneRegNet,1,1,OP_cg1151,1,0,0,0,,,,0,1,1,0,0,0,0,,,,0,0,0,0,,,,,,8,1,1,,0,,0,,,,0
cg2092,sigA,cg1156,ssuD2,1,curated_positive,A,1,0,0,0,0,,experimental,0.75,1,1,1,CoryneRegNet,1,1,,0,0,0,0,,,,0,0,0,0,0,0,0,,,,0,0,0,0,,,,,,8,1,1,,0,,0,,,,0
cg2092,sigA,cg1256,dapD,1,curated_positive,A,1,0,0,0,0,,experimental,0.75,1,1,1,CoryneRegNet,1,1,OP_cg1259,1,0,0,0,,,,0,6,6,0,0,0,0,,,,0,0,0,1,0.771656,9.23994e-197,0.771656,992,Kranz2022_expression_compendium_Zenodo6842664,7,0,1,,0,,0,,,,0
cg2092,sigA,cg1268,glgA,1,curated_positive,A,1,0,0,0,0,,experimental,0.75,1,1,1,CoryneRegNet,1,1,,0,0,0,0,,,,0,11,7,0,0,0,0,,,,0,0,0,0,,,,,,8,0,1,,0,,0,,,,0
cg2092,sigA,cg1269,glgC,1,curated_positive,A,1,0,0,0,0,,experimental,0.75,1,1,1,CoryneRegNet,1,1,,0,0,0,0,,,,0,6,6,0,0,0,0,,,,0,0,0,1,0.681442,4.41045e-117,0.681442,850,Kranz2022_expression_compendium_Zenodo6842664,7,0,1,,0,,0,,,,0
cg2092,sigA,cg1279,cg1279,1,curated_positive,A,1,0,0,0,0,,experimental,0.75,1,1,1,CoryneRegNet,1,1,,0,0,0,0,,,,0,0,0,0,0,0,0,,,,0,0,0,0,,,,,,8,0,1,,0,,0,,,,0
cg2092,sigA,cg1280,odhA,1,curated_positive,A,1,0,0,0,0,,experimental,0.75,1,1,1,CoryneRegNet,1,1,,0,0,0,0,,,,0,12,7,0,0,0,0,,,,0,0,0,1,0.789033,7.09733e-208,0.789033,974,Kranz2022_expression_compendium_Zenodo6842664,7,0,1,,0,,0,,,,0
cg2092,sigA,cg1290,metE,1,curated_positive,A,1,0,0,0,0,,experimental,0.75,1,1,1,CoryneRegNet,1,1,,0,0,0,0,,,,0,6,6,0,0,0,0,,,,0,0,0,0,,,,,,8,1,1,,0,,0,,,,0
cg2092,sigA,cg1333,argS,1,curated_positive,A,1,0,0,0,0,,experimental,0.75,1,1,1,CoryneRegNet,1,1,OP_cg1333,1,0,0,0,,,,0,6,6,0,0,0,0,,,,0,0,0,1,0.859424,7.24713e-285,0.859424,972,Kranz2022_expression_compendium_Zenodo6842664,7,0,1,,0,,0,,,,0
cg2092,sigA,cg1334,lysA,1,curated_positive,A,1,0,0,0,0,,experimental,0.75,1,1,1,CoryneRegNet,1,1,OP_cg1333,1,0,0,0,,,,0,6,6,0,0,0,0,,,,0,0,0,1,0.853942,2.23103e-285,0.853942,1000,Kranz2022_expression_compendium_Zenodo6842664,7,0,1,,0,,0,,,,0
cg2092,sigA,cg1337,hom,1,curated_positive,A,1,0,0,0,0,,experimental,0.75,1,1,1,CoryneRegNet,1,1,OP_cg1337,1,0,0,0,,,,0,19,8,0,0,0,0,,,,0,0,0,0,,,,,,8,0,1,,0,,0,,,,0
cg2092,sigA,cg1338,thrB,1,curated_positive,A,1,0,0,0,0,,experimental,0.75,1,1,1,CoryneRegNet,1,1,OP_cg1337,1,0,0,0,,,,0,6,6,0,0,0,0,,,,0,0,0,1,0.72476,1.1111e-150,0.72476,920,Kranz2022_expression_compendium_Zenodo6842664,7,0,1,,0,,0,,,,0
cg2092,sigA,cg1340,cg1340,1,curated_positive,A,1,0,0,0,0,,experimental,0.75,1,1,1,CoryneRegNet,1,1,,0,0,0,0,,,,0,0,0,0,0,0,0,,,,0,0,0,0,,,,,,8,0,1,,0,,0,,,,0
cg2092,sigA,cg1341,narI,1,curated_positive,A,1,0,0,0,0,,experimental,0.75,1,1,1,CoryneRegNet,1,1,OP_cg1345,1,0,0,0,,,,0,18,7,0,0,0,0,,,,0,0,0,0,,,,,,8,0,1,,0,,0,,,,0
cg2092,sigA,cg1342,narJ,1,curated_positive,A,1,0,0,0,0,,experimental,0.75,1,1,1,CoryneRegNet,1,1,OP_cg1345,1,0,0,0,,,,0,18,7,0,0,0,0,,,,0,0,0,0,,,,,,8,0,1,,0,,0,,,,0
cg2092,sigA,cg1343,narH,1,curated_positive,A,1,0,0,0,0,,experimental,0.75,1,1,1,CoryneRegNet,1,1,OP_cg1345,1,0,0,0,,,,0,18,7,0,0,0,0,,,,0,0,0,0,,,,,,8,0,1,,0,,0,,,,0
cg2092,sigA,cg1344,narG,1,curated_positive,A,1,0,0,0,0,,experimental,0.75,1,1,1,CoryneRegNet,1,1,OP_cg1345,1,0,0,0,,,,0,19,8,0,0,0,0,,,,0,0,0,0,,,,,,8,0,1,,0,,0,,,,0
cg2092,sigA,cg1345,narK,1,curated_positive,A,1,0,0,0,0,,experimental,0.75,1,1,1,CoryneRegNet,1,1,OP_cg1345,1,0,0,0,,,,0,17,7,0,0,0,0,,,,0,0,0,0,,,,,,8,1,1,,0,,0,,,,0
cg2092,sigA,cg1376,ssuD1,1,curated_positive,A,1,0,0,0,0,,experimental,0.75,1,1,1,CoryneRegNet,1,1,OP_cg1376,1,0,0,0,,,,0,0,0,0,0,0,0,,,,0,0,0,0,,,,,,8,0,1,,0,,0,,,,0
cg2092,sigA,cg1377,ssuC,1,curated_positive,A,1,0,0,0,0,,experimental,0.75,1,1,1,CoryneRegNet,1,1,OP_cg1376,1,0,0,0,,,,0,92,7,0,0,0,0,,,,0,0,0,0,,,,,,8,0,1,,0,,0,,,,0
cg2092,sigA,cg1379,ssuB,1,curated_positive,A,1,0,0,0,0,,experimental,0.75,1,1,1,CoryneRegNet,1,1,OP_cg1376,1,0,0,0,,,,0,90,6,0,0,0,0,,,,0,0,0,0,,,,,,8,2,1,,0,,0,,,,0
cg2092,sigA,cg1380,ssuA,1,curated_positive,A,1,0,0,0,0,,experimental,0.75,1,1,1,CoryneRegNet,1,1,OP_cg1376,1,0,0,0,,,,0,91,7,0,0,0,0,,,,0,0,0,1,0.226145,3.02173e-10,0.226145,758,Kranz2022_expression_compendium_Zenodo6842664,7,2,1,,0,,0,,,,0
cg2092,sigA,cg1409,pfkA,1,curated_positive,A,1,0,0,0,0,,experimental,0.75,1,1,1,CoryneRegNet,1,1,,0,0,0,0,,,,0,12,7,0,0,0,0,,,,0,0,0,0,,,,,,8,0,1,,0,,0,,,,0
cg2092,sigA,cg1410,cg1410,1,curated_positive,A,1,0,0,0,0,,experimental,0.75,1,1,1,CoryneRegNet,1,1,OP_cg1410,1,0,0,0,,,,0,2,2,0,0,0,0,,,,0,0,0,1,0.38321,5.84061e-21,0.38321,558,Kranz2022_expression_compendium_Zenodo6842664,7,0,1,,0,,0,,,,0
cg2092,sigA,cg1411,cg1411,1,curated_positive,A,1,0,0,0,0,,experimental,0.75,1,1,1,CoryneRegNet,1,1,OP_cg1410,1,0,0,0,,,,0,6,6,0,0,0,0,,,,0,0,0,1,0.468086,1.97069e-38,0.468086,682,Kranz2022_expression_compendium_Zenodo6842664,7,0,1,,0,,0,,,,0
cg2092,sigA,cg1412,cg1412,1,curated_positive,A,1,0,0,0,0,,experimental,0.75,1,1,1,CoryneRegNet,1,1,OP_cg1410,1,0,0,0,,,,0,14,6,0,0,0,0,,,,0,0,0,0,,,,,,8,1,1,,0,,0,,,,0
cg2092,sigA,cg1413,cg1413,1,curated_positive,A,1,0,0,0,0,,experimental,0.75,1,1,1,CoryneRegNet,1,1,OP_cg1410,1,0,0,0,,,,0,6,6,0,0,0,0,,,,0,0,0,1,0.529281,5.94774e-57,0.529281,772,Kranz2022_expression_compendium_Zenodo6842664,7,1,1,,0,,0,,,,0
cg2092,sigA,cg1414,cg1414,1,curated_positive,A,1,0,0,0,0,,experimental,0.75,1,1,1,CoryneRegNet,1,1,OP_cg1410,1,0,0,0,,,,0,0,0,0,0,0,0,,,,0,0,0,1,0.421562,1.9086e-31,0.421562,698,Kranz2022_expression_compendium_Zenodo6842664,7,1,1,,0,,0,,,,0
cg2092,sigA,cg1424,lysE,1,curated_positive,A,1,0,0,0,0,,experimental,0.75,1,1,1,CoryneRegNet,1,1,,0,0,0,0,,,,0,6,6,0,0,0,0,,,,0,0,0,0,,,,,,8,0,1,,0,,0,,,,0
cg2092,sigA,cg1425,lysG,1,curated_positive,A,1,0,0,0,0,,experimental,0.75,1,1,1,CoryneRegNet,1,1,,0,0,0,0,,,,0,0,0,0,0,0,0,,,,0,0,0,1,0.13584,0.011427,0.13584,346,Kranz2022_expression_compendium_Zenodo6842664,7,0,1,,0,,0,,,,0
cg2092,sigA,cg1432,ilvD,1,curated_positive,A,1,0,0,0,0,,experimental,0.75,1,1,1,CoryneRegNet,1,1,,0,0,0,0,,,,0,13,7,0,0,0,0,,,,0,0,0,1,0.847411,7.45878e-268,0.847411,968,Kranz2022_expression_compendium_Zenodo6842664,7,0,1,,0,,0,,,,0
cg2092,sigA,cg1435,ilvB,1,curated_positive,A,1,0,0,0,0,,experimental,0.75,1,1,1,CoryneRegNet,1,1,OP_cg1435,1,0,0,0,,,,0,12,6,0,0,0,0,,,,0,0,0,1,0.827151,1.61488e-250,0.827151,994,Kranz2022_expression_compendium_Zenodo6842664,7,0,1,,0,,0,,,,0
cg2092,sigA,cg1436,ilvN,1,curated_positive,A,1,0,0,0,0,,experimental,0.75,1,1,1,CoryneRegNet,1,1,OP_cg1435,1,0,0,0,,,,0,12,6,0,0,0,0,,,,0,0,0,0,,,,,,8,0,1,,0,,0,,,,0
cg2092,sigA,cg1437,ilvC,1,curated_positive,A,1,0,0,0,0,,experimental,0.75,1,1,1,CoryneRegNet,1,1,OP_cg1435,1,0,0,0,,,,0,22,6,0,0,0,0,,,,0,0,0,1,0.717784,1.84101e-158,0.717784,996,Kranz2022_expression_compendium_Zenodo6842664,7,0,1,,0,,0,,,,0
cg2092,sigA,cg1453,leuB,1,curated_positive,A,1,0,0,0,0,,experimental,0.75,1,1,1,CoryneRegNet,1,1,,0,0,0,0,,,,0,6,6,0,0,0,0,,,,0,0,0,1,0.810269,1.11522e-222,0.810269,952,Kranz2022_expression_compendium_Zenodo6842664,7,0,1,,0,,0,,,,0
cg2092,sigA,cg1458,cg1458,1,curated_positive,A,1,0,0,0,0,,experimental,0.75,1,1,1,CoryneRegNet,1,1,OP_cg1458,1,0,0,0,,,,0,0,0,0,0,0,0,,,,0,0,0,1,0.79891,1.31598e-218,0.79891,982,Kranz2022_expression_compendium_Zenodo6842664,7,0,1,,0,,0,,,,0
cg2092,sigA,cg1459,cg1459,1,curated_positive,A,1,0,0,0,0,,experimental,0.75,1,1,1,CoryneRegNet,1,1,OP_cg1458,1,0,0,0,,,,0,0,0,0,0,0,0,,,,0,0,0,0,,,,,,8,0,1,,0,,0,,,,0
cg2092,sigA,cg1486,cg1486,1,curated_positive,A,1,0,0,0,0,,experimental,0.75,1,1,1,CoryneRegNet,1,1,,0,0,0,0,,,,0,0,0,0,0,0,0,,,,0,0,0,0,,,,,,8,0,1,,0,,0,,,,0
cg2092,sigA,cg1487,leuC,1,curated_positive,A,1,0,0,0,0,,experimental,0.75,1,1,1,CoryneRegNet,1,1,OP_cg1487,1,0,0,0,,,,0,22,6,0,0,0,0,,,,0,0,0,0,,,,,,8,0,1,,0,,0,,,,0
cg2092,sigA,cg1488,leuD,1,curated_positive,A,1,0,0,0,0,,experimental,0.75,1,1,1,CoryneRegNet,1,1,OP_cg1487,1,0,0,0,,,,0,23,7,0,0,0,0,,,,0,0,0,0,,,,,,8,1,1,,0,,0,,,,0
cg2092,sigA,cg1537,ptsG,1,curated_positive,A,1,0,0,0,0,,experimental,0.75,1,1,1,CoryneRegNet,1,1,,0,0,0,0,,,,0,7,7,0,0,0,0,,,,0,0,0,1,0.705387,3.75381e-144,0.705387,952,Kranz2022_expression_compendium_Zenodo6842664,7,0,1,,0,,0,,,,0
cg2092,sigA,cg1543,iunH3,1,curated_positive,A,1,0,0,0,0,,experimental,0.75,1,1,1,CoryneRegNet,1,1,OP_cg1547,1,0,0,0,,,,0,1,1,0,0,0,0,,,,0,0,0,1,0.691987,1.03047e-139,0.691987,974,Kranz2022_expression_compendium_Zenodo6842664,7,1,1,,0,,0,,,,0
cg2092,sigA,cg1545,cg1545,1,curated_positive,A,1,0,0,0,0,,experimental,0.75,1,1,1,CoryneRegNet,1,1,OP_cg1547,1,0,0,0,,,,0,0,0,0,0,0,0,,,,0,0,0,1,0.563686,4.06698e-64,0.563686,750,Kranz2022_expression_compendium_Zenodo6842664,7,0,1,,0,,0,,,,0
cg2092,sigA,cg1546,rbsK1,1,curated_positive,A,1,0,0,0,0,,experimental,0.75,1,1,1,CoryneRegNet,1,1,OP_cg1547,1,0,0,0,,,,0,6,6,0,0,0,0,,,,0,0,0,0,,,,,,8,0,1,,0,,0,,,,0
cg2092,sigA,cg1547,ccpA1,1,curated_positive,A,1,0,0,0,0,,experimental,0.75,1,1,1,CoryneRegNet,1,1,OP_cg1547,1,0,0,0,,,,0,0,0,0,0,0,0,,,,0,0,0,1,0.368889,2.12802e-25,0.368889,744,Kranz2022_expression_compendium_Zenodo6842664,7,0,1,,0,,0,,,,0
cg2092,sigA,cg1568,ugpA,1,curated_positive,A,1,0,0,0,0,,experimental,0.75,1,1,1,CoryneRegNet,1,1,OP_cg1568,1,0,0,0,,,,0,43,7,0,0,0,0,,,,0,0,0,1,0.538782,4.80479e-56,0.538782,728,Kranz2022_expression_compendium_Zenodo6842664,7,0,1,,0,,0,,,,0
cg2092,sigA,cg1569,ugpE,1,curated_positive,A,1,0,0,0,0,,experimental,0.75,1,1,1,CoryneRegNet,1,1,OP_cg1568,1,0,0,0,,,,0,42,6,0,0,0,0,,,,0,0,0,0,,,,,,8,0,1,,0,,0,,,,0
cg2092,sigA,cg1570,ugpB,1,curated_positive,A,1,0,0,0,0,,experimental,0.75,1,1,1,CoryneRegNet,1,1,OP_cg1568,1,0,0,0,,,,0,42,6,0,0,0,0,,,,0,0,0,1,0.0370218,0.58151,0.0370218,224,Kranz2022_expression_compendium_Zenodo6842664,7,0,1,,0,,0,,,,0
cg2092,sigA,cg1571,ugpC,1,curated_positive,A,1,0,0,0,0,,experimental,0.75,1,1,1,CoryneRegNet,1,1,OP_cg1568,1,0,0,0,,,,0,42,6,0,0,0,0,,,,0,0,0,0,,,,,,8,0,1,,0,,0,,,,0
cg2092,sigA,cg1701,metH,1,curated_positive,A,1,0,0,0,0,,experimental,0.75,1,1,1,CoryneRegNet,1,1,,0,0,0,0,,,,0,6,6,0,0,0,0,,,,0,0,0,0,,,,,,8,0,1,,0,,0,,,,0
cg2092,sigA,cg1737,acn,1,curated_positive,A,1,0,0,0,0,,experimental,0.75,1,1,1,CoryneRegNet,1,1,OP_cg1737,1,0,0,0,,,,0,22,6,0,0,0,0,,,,0,0,0,0,,,,,,8,0,1,,0,,0,,,,0
cg2092,sigA,cg1738,cg1738,1,curated_positive,A,1,0,0,0,0,,experimental,0.75,1,1,1,CoryneRegNet,1,1,OP_cg1737,1,0,0,0,,,,0,0,0,0,0,0,0,,,,0,0,0,0,,,,,,8,0,1,,0,,0,,,,0
cg2092,sigA,cg1739,cg1739,1,curated_positive,A,1,0,0,0,0,,experimental,0.75,1,1,1,CoryneRegNet,1,1,,0,0,0,0,,,,0,0,0,0,0,0,0,,,,0,0,0,0,,,,,,8,0,1,,0,,0,,,,0
cg2092,sigA,cg1783,soxA,1,curated_positive,A,1,0,0,0,0,,experimental,0.75,1,1,1,CoryneRegNet,1,1,OP_cg1785,1,0,0,0,,,,0,6,6,0,0,0,0,,,,0,0,0,0,,,,,,8,0,1,,0,,0,,,,0
cg2092,sigA,cg1784,ocd,1,curated_positive,A,1,0,0,0,0,,experimental,0.75,1,1,1,CoryneRegNet,1,1,OP_cg1785,1,0,0,0,,,,0,6,6,0,0,0,0,,,,0,0,0,1,0.238398,4.46438e-07,0.238398,438,Kranz2022_expression_compendium_Zenodo6842664,7,1,1,,0,,0,,,,0
cg2092,sigA,cg1785,amt,1,curated_positive,A,1,0,0,0,0,,experimental,0.75,1,1,1,CoryneRegNet,1,1,OP_cg1785,1,0,0,0,,,,0,11,6,0,0,0,0,,,,0,0,0,1,0.28887,2.432e-12,0.28887,566,Kranz2022_expression_compendium_Zenodo6842664,7,1,1,,0,,0,,,,0
cg2092,sigA,cg1787,ppc,1,curated_positive,A,1,0,0,0,0,,experimental,0.75,1,1,1,CoryneRegNet,1,1,OP_cg1790,1,0,0,0,,,,0,6,6,0,0,0,0,,,,0,0,0,1,0.786254,9.14135e-204,0.786254,966,Kranz2022_expression_compendium_Zenodo6842664,7,0,1,,0,,0,,,,0
cg2092,sigA,cg1789,tpi,1,curated_positive,A,1,0,0,0,0,,experimental,0.75,1,1,1,CoryneRegNet,1,1,OP_cg1790,1,0,0,0,,,,0,11,6,0,0,0,0,,,,0,0,0,0,,,,,,8,0,1,,0,,0,,,,0
cg2092,sigA,cg1790,pgk,1,curated_positive,A,1,0,0,0,0,,experimental,0.75,1,1,1,CoryneRegNet,1,1,OP_cg1790,1,0,0,0,,,,0,11,6,0,0,0,0,,,,0,0,0,0,,,,,,8,0,1,,0,,0,,,,0
cg2092,sigA,cg1791,gap,1,curated_positive,A,1,0,0,0,0,,experimental,0.75,1,1,1,CoryneRegNet,1,1,,0,0,0,0,,,,0,11,6,0,0,0,0,,,,0,0,0,1,0.583332,7.23541e-92,0.583332,996,Kranz2022_expression_compendium_Zenodo6842664,7,0,1,,0,,0,,,,0
cg2092,sigA,cg1806,metK,1,curated_positive,A,1,0,0,0,0,,experimental,0.75,1,1,1,CoryneRegNet,1,1,OP_cg1807,1,0,0,0,,,,0,6,6,0,0,0,0,,,,0,0,0,0,,,,,,8,0,1,,0,,0,,,,0
cg2092,sigA,cg1935,cg1935,1,curated_positive,A,1,0,0,0,0,,experimental,0.75,1,1,1,CoryneRegNet,1,1,,0,0,0,0,,,,0,1,1,0,0,0,0,,,,0,0,0,1,0.550475,6.55798e-73,0.550475,906,Kranz2022_expression_compendium_Zenodo6842664,7,1,1,,0,,0,,,,0
cg2092,sigA,cg1992,cg1992,1,curated_positive,A,1,0,0,0,0,,experimental,0.75,1,1,1,CoryneRegNet,1,1,,0,0,0,0,,,,0,1,1,0,0,0,0,,,,0,0,0,1,0.602705,1.60137e-77,0.602705,772,Kranz2022_expression_compendium_Zenodo6842664,7,1,1,,0,,0,,,,0
cg2092,sigA,cg2092,sigA,1,curated_positive,A,1,0,0,0,0,,experimental,0.75,1,1,1,CoryneRegNet,1,1,,0,0,0,0,,,,0,0,0,0,0,0,0,,,,0,0,0,0,,,,,,8,1,1,0.04446,0,,0,,,,0
cg2092,sigA,cg2112,cg2112,1,curated_positive,A,1,0,0,0,0,,experimental,0.75,1,1,1,CoryneRegNet,1,1,OP_cg2113,1,0,0,0,,,,0,1,1,0,0,0,0,,,,0,0,0,1,0.446443,3.34995e-35,0.446443,692,Kranz2022_expression_compendium_Zenodo6842664,7,1,1,,0,,0,,,,0
cg2092,sigA,cg2113,cg2113,1,curated_positive,A,1,0,0,0,0,,experimental,0.75,1,1,1,CoryneRegNet,1,1,OP_cg2113,1,0,0,0,,,,0,0,0,0,0,0,0,,,,0,0,0,0,,,,,,8,0,1,,0,,0,,,,0
cg2092,sigA,cg2114,lexA,1,curated_positive,A,1,0,0,0,0,,experimental,0.75,1,1,1,CoryneRegNet,1,1,,0,0,0,0,,,,0,0,0,0,0,0,0,,,,0,0,0,0,,,,,,8,0,1,,0,,0,,,,0
cg2092,sigA,cg2115,cg2115,1,curated_positive,A,1,0,0,0,0,,experimental,0.75,1,1,1,CoryneRegNet,1,1,OP_cg2115,1,0,0,0,,,,0,0,0,0,0,0,0,,,,0,0,0,1,0.708473,3.41975e-140,0.708473,914,Kranz2022_expression_compendium_Zenodo6842664,7,0,1,,0,,0,,,,0
cg2092,sigA,cg2117,ptsI,1,curated_positive,A,1,0,0,0,0,,experimental,0.75,1,1,1,CoryneRegNet,1,1,,0,0,0,0,,,,0,55,7,0,0,0,0,,,,0,0,0,0,,,,,,8,1,1,,0,,0,,,,0
cg2092,sigA,cg2118,cg2118,1,curated_positive,A,1,0,0,0,0,,experimental,0.75,1,1,1,CoryneRegNet,1,1,OP_cg2118,1,0,0,0,,,,0,0,0,0,0,0,0,,,,0,0,0,1,0.743051,7.7447e-167,0.743051,946,Kranz2022_expression_compendium_Zenodo6842664,7,0,1,,0,,0,,,,0
cg2092,sigA,cg2119,pfkB,1,curated_positive,A,1,0,0,0,0,,experimental,0.75,1,1,1,CoryneRegNet,1,1,OP_cg2118,1,0,0,0,,,,0,6,6,0,0,0,0,,,,0,0,0,1,0.803885,5.74919e-227,0.803885,998,Kranz2022_expression_compendium_Zenodo6842664,7,0,1,,0,,0,,,,0
cg2092,sigA,cg2120,ptsF,1,curated_positive,A,1,0,0,0,0,,experimental,0.75,1,1,1,CoryneRegNet,1,1,OP_cg2118,1,0,0,0,,,,0,2,2,0,0,0,0,,,,0,0,0,1,0.779448,7.59572e-201,0.779448,980,Kranz2022_expression_compendium_Zenodo6842664,7,1,1,,0,,0,,,,0
cg2092,sigA,cg2121,ptsH,1,curated_positive,A,1,0,0,0,0,,experimental,0.75,1,1,1,CoryneRegNet,1,1,,0,0,0,0,,,,0,13,7,0,0,0,0,,,,0,0,0,1,0.758488,5.66204e-180,0.758488,958,Kranz2022_expression_compendium_Zenodo6842664,7,1,1,,0,,0,,,,0
cg2092,sigA,cg2147,cg2147,1,curated_positive,A,1,0,0,1,13,0.3846,experimental,0.8,1,1,1,CoryneRegNet,1,1,OP_cg2147,1,0,0,0,,,,0,0,0,0,0,0,0,,,,0,0,0,0,,,,,,7,0,1,,0,,0,,,,0
cg2092,sigA,cg2148,cg2148,1,curated_positive,A,1,0,0,0,0,,experimental,0.75,1,1,1,CoryneRegNet,1,1,OP_cg2147,1,0,0,0,,,,0,0,0,0,0,0,0,,,,0,0,0,0,,,,,,8,0,1,,0,,0,,,,0
cg2092,sigA,cg2149,cg2149,1,curated_positive,A,1,0,0,0,0,,experimental,0.75,1,1,1,CoryneRegNet,1,1,OP_cg2147,1,0,0,0,,,,0,0,0,0,0,0,0,,,,0,0,0,0,,,,,,8,0,1,,0,,0,,,,0
cg2092,sigA,cg2152,cg2152,1,curated_positive,A,1,0,0,0,0,,experimental,0.75,1,1,1,CoryneRegNet,1,1,,0,0,0,0,,,,0,0,0,0,0,0,0,,,,0,0,0,1,0.58716,3.45794e-88,0.58716,940,Kranz2022_expression_compendium_Zenodo6842664,7,0,1,,0,,0,,,,0
cg2092,sigA,cg2160,cg2160,1,curated_positive,A,1,0,0,0,0,,experimental,0.75,1,1,1,CoryneRegNet,1,1,OP_cg2161,1,0,0,0,,,,0,0,0,0,0,0,0,,,,0,0,0,1,0.830549,1.12438e-241,0.830549,944,Kranz2022_expression_compendium_Zenodo6842664,7,0,1,,0,,0,,,,0
cg2092,sigA,cg2161,dapA,1,curated_positive,A,1,0,0,0,0,,experimental,0.75,1,1,1,CoryneRegNet,1,1,OP_cg2161,1,0,0,0,,,,0,6,6,0,0,0,0,,,,0,0,0,0,,,,,,8,0,1,,0,,0,,,,0
cg2092,sigA,cg2162,cg2162,1,curated_positive,A,1,0,0,0,0,,predicted,0.2,0,1,1,CoryneRegNet,1,1,,0,0,0,0,,,,0,6,6,0,0,0,0,,,,0,0,0,1,0.781332,1.5487e-181,0.781332,878,Kranz2022_expression_compendium_Zenodo6842664,7,0,1,,0,,0,,,,0
cg2092,sigA,cg2163,dapB,1,curated_positive,A,1,0,0,0,0,,experimental,0.75,1,1,1,CoryneRegNet,1,1,,0,0,0,0,,,,0,6,6,0,0,0,0,,,,0,0,0,1,0.838462,5.73821e-258,0.838462,972,Kranz2022_expression_compendium_Zenodo6842664,7,0,1,,0,,0,,,,0
cg2092,sigA,cg2192,mqo,1,curated_positive,A,1,0,0,0,0,,experimental,0.75,1,1,1,CoryneRegNet,1,1,,0,0,0,0,,,,0,7,7,0,0,0,0,,,,0,0,0,1,0.877021,2.01137e-310,0.877021,970,Kranz2022_expression_compendium_Zenodo6842664,7,0,1,,0,,0,,,,0
cg2092,sigA,cg2280,gdh,1,curated_positive,A,1,0,0,0,0,,experimental,0.75,1,1,1,CoryneRegNet,1,1,,0,0,0,0,,,,0,7,7,0,0,0,0,,,,0,0,0,1,0.74366,1.90351e-157,0.74366,890,Kranz2022_expression_compendium_Zenodo6842664,7,0,1,,0,,0,,,,0
cg2092,sigA,cg2334,ilvA,1,curated_positive,A,1,0,0,0,0,,experimental,0.75,1,1,1,CoryneRegNet,1,1,,0,0,0,0,,,,0,8,7,0,0,0,0,,,,0,0,0,0,,,,,,8,0,1,,0,,0,,,,0
cg2092,sigA,cg2363,cg2363,1,curated_positive,A,1,0,0,0,0,,experimental,0.75,1,1,1,CoryneRegNet,1,1,OP_cg2366,1,0,0,0,,,,0,2,1,0,0,0,0,,,,0,0,0,0,,,,,,8,0,1,,0,,0,,,,0
cg2092,sigA,cg2364,cg2364,1,curated_positive,A,1,0,0,0,0,,experimental,0.75,1,1,1,CoryneRegNet,1,1,OP_cg2366,1,0,0,0,,,,0,1,1,0,0,0,0,,,,0,0,0,0,,,,,,8,0,1,,0,,0,,,,0
cg2092,sigA,cg2365,cg2365,1,curated_positive,A,1,0,0,0,0,,experimental,0.75,1,1,1,CoryneRegNet,1,1,OP_cg2366,1,0,0,0,,,,0,0,0,0,0,0,0,,,,0,0,0,0,,,,,,8,0,1,,0,,0,,,,0
cg2092,sigA,cg2366,ftsZ,1,curated_positive,A,1,0,0,0,0,,experimental,0.75,1,1,1,CoryneRegNet,1,1,OP_cg2366,1,0,0,0,,,,0,1,1,0,0,0,0,,,,0,0,0,0,,,,,,8,1,1,,0,,0,,,,0
cg2092,sigA,cg2383,metF,1,curated_positive,A,1,0,0,0,0,,experimental,0.75,1,1,1,CoryneRegNet,1,1,,0,0,0,0,,,,0,6,6,0,0,0,0,,,,0,0,0,0,,,,,,8,0,1,,0,,0,,,,0
cg2092,sigA,cg2418,ilvE,1,curated_positive,A,1,0,0,0,0,,experimental,0.75,1,1,1,CoryneRegNet,1,1,,0,0,0,0,,,,0,28,6,0,0,0,0,,,,0,0,0,0,,,,,,8,1,1,,0,,0,,,,0
cg2092,sigA,cg2421,sucB,1,curated_positive,A,1,0,0,0,0,,experimental,0.75,1,1,1,CoryneRegNet,1,1,,0,0,0,0,,,,0,10,5,0,0,0,0,,,,0,0,0,1,0.658822,1.52522e-121,0.658822,968,Kranz2022_expression_compendium_Zenodo6842664,7,0,1,,0,,0,,,,0
cg2092,sigA,cg2429,glnA,1,curated_positive,A,1,0,0,0,0,,experimental,0.75,1,1,1,CoryneRegNet,1,1,,0,0,0,0,,,,0,6,6,0,0,0,0,,,,0,0,0,1,0.828331,7.07146e-255,0.828331,1006,Kranz2022_expression_compendium_Zenodo6842664,7,0,1,,0,,0,,,,0
cg2092,sigA,cg2437,thrC,1,curated_positive,A,1,0,0,0,0,,experimental,0.75,1,1,1,CoryneRegNet,1,1,,0,0,0,0,,,,0,7,7,0,0,0,0,,,,0,0,0,1,0.658182,4.82137e-116,0.658182,926,Kranz2022_expression_compendium_Zenodo6842664,7,0,1,,0,,0,,,,0
cg2092,sigA,cg2466,aceE,1,curated_positive,A,1,0,0,0,0,,experimental,0.75,1,1,1,CoryneRegNet,1,1,,0,0,0,0,,,,0,14,7,0,0,0,0,,,,0,0,0,1,0.79193,6.97603e-211,0.79193,976,Kranz2022_expression_compendium_Zenodo6842664,7,0,1,,0,,0,,,,0
cg2092,sigA,cg2500,cg2500,1,curated_positive,A,1,0,0,0,0,,experimental,0.75,1,1,1,CoryneRegNet,1,1,OP_cg2500,1,0,0,0,,,,0,0,0,0,0,0,0,,,,0,0,0,1,0.61802,3.31183e-102,0.61802,960,Kranz2022_expression_compendium_Zenodo6842664,7,0,1,,0,,0,,,,0
cg2092,sigA,cg2502,fur,1,curated_positive,A,1,0,0,0,0,,experimental,0.75,1,1,1,CoryneRegNet,1,1,OP_cg2500,1,0,0,0,,,,0,0,0,0,0,0,0,,,,0,0,0,0,,,,,,8,0,1,,0,,0,,,,0
cg2092,sigA,cg2536,aecD,1,curated_positive,A,1,0,0,0,0,,experimental,0.75,1,1,1,CoryneRegNet,1,1,OP_cg2536,1,0,0,0,,,,0,7,7,0,0,0,0,,,,0,0,0,0,,,,,,8,0,1,,0,,0,,,,0
cg2092,sigA,cg2537,brnQ,1,curated_positive,A,1,0,0,0,0,,experimental,0.75,1,1,1,CoryneRegNet,1,1,OP_cg2536,1,0,0,0,,,,0,32,7,0,0,0,0,,,,0,0,0,1,0.650567,3.35619e-103,0.650567,848,Kranz2022_expression_compendium_Zenodo6842664,7,0,1,,0,,0,,,,0
cg2092,sigA,cg2554,rbsK2,1,curated_positive,A,1,0,0,0,0,,experimental,0.75,1,1,1,CoryneRegNet,1,1,,0,0,0,0,,,,0,7,7,0,0,0,0,,,,0,0,0,1,0.49116,8.31652e-50,0.49116,800,Kranz2022_expression_compendium_Zenodo6842664,7,0,1,,0,,0,,,,0
cg2092,sigA,cg2559,aceB,1,curated_positive,A,1,0,0,0,0,,experimental,0.75,1,1,1,CoryneRegNet,1,1,,0,0,0,0,,,,0,1,1,0,0,0,0,,,,0,0,0,1,0.684091,1.43894e-126,0.684091,910,Kranz2022_expression_compendium_Zenodo6842664,7,0,1,,0,,0,,,,0
cg2092,sigA,cg2560,aceA,1,curated_positive,A,1,0,0,0,0,,experimental,0.75,1,1,1,CoryneRegNet,1,1,,0,0,0,0,,,,0,6,6,0,0,0,0,,,,0,0,0,1,0.551367,3.06646e-75,0.551367,932,Kranz2022_expression_compendium_Zenodo6842664,7,1,1,,0,,0,,,,0
cg2092,sigA,cg2612,cg2612,1,curated_positive,A,1,0,0,0,0,,experimental,0.75,1,1,1,CoryneRegNet,1,1,,0,0,0,0,,,,0,0,0,0,0,0,0,,,,0,0,0,1,0.464553,5.21502e-43,0.464553,780,Kranz2022_expression_compendium_Zenodo6842664,7,0,1,,0,,0,,,,0
cg2092,sigA,cg2613,mdh,1,curated_positive,A,1,0,0,0,0,,experimental,0.75,1,1,1,CoryneRegNet,1,1,,0,0,0,0,,,,0,17,6,0,0,0,0,,,,0,0,0,0,,,,,,8,0,1,,0,,0,,,,0
cg2092,sigA,cg2616,vanA,1,curated_positive,A,1,0,0,0,0,,experimental,0.75,1,1,1,CoryneRegNet,1,1,OP_cg2616,1,0,0,0,,,,0,0,0,0,0,0,0,,,,0,0,0,1,0.723845,2.23838e-142,0.723845,872,Kranz2022_expression_compendium_Zenodo6842664,7,0,1,,0,,0,,,,0
cg2092,sigA,cg2617,vanB,1,curated_positive,A,1,0,0,0,0,,experimental,0.75,1,1,1,CoryneRegNet,1,1,OP_cg2616,1,0,0,0,,,,0,6,1,0,0,0,0,,,,0,0,0,1,0.73022,5.62751e-166,0.73022,992,Kranz2022_expression_compendium_Zenodo6842664,7,0,1,,0,,0,,,,0
cg2092,sigA,cg2618,vanK,1,curated_positive,A,1,0,0,0,0,,experimental,0.75,1,1,1,CoryneRegNet,1,1,OP_cg2616,1,0,0,0,,,,0,0,0,0,0,0,0,,,,0,0,0,1,0.737047,8.22277e-148,0.737047,858,Kranz2022_expression_compendium_Zenodo6842664,7,0,1,,0,,0,,,,0
cg2092,sigA,cg2644,clpP2,1,curated_positive,A,1,0,0,0,0,,experimental,0.75,1,1,1,CoryneRegNet,1,1,OP_cg2645,1,0,0,0,,,,0,1,1,0,0,0,0,,,,0,0,0,0,,,,,,8,1,1,,0,,0,,,,0
cg2092,sigA,cg2645,clpP1,1,curated_positive,A,1,0,0,0,0,,experimental,0.75,1,1,1,CoryneRegNet,1,1,OP_cg2645,1,0,0,0,,,,0,0,0,0,0,0,0,,,,0,0,0,0,,,,,,8,1,1,,0,,0,,,,0
cg2092,sigA,cg2687,metB,1,curated_positive,A,1,0,0,0,0,,experimental,0.75,1,1,1,CoryneRegNet,1,1,,0,0,0,0,,,,0,7,7,0,0,0,0,,,,0,0,0,0,,,,,,8,1,1,,0,,0,,,,0
cg2092,sigA,cg2701,cg2701,1,curated_positive,A,1,0,0,0,0,,experimental,0.75,1,1,1,CoryneRegNet,1,1,OP_cg2705,1,0,0,0,,,,0,1,1,0,0,0,0,,,,0,0,0,1,0.690245,3.7993e-140,0.690245,984,Kranz2022_expression_compendium_Zenodo6842664,7,0,1,,0,,0,,,,0
cg2092,sigA,cg2703,cg2703,1,curated_positive,A,1,0,0,0,0,,experimental,0.75,1,1,1,CoryneRegNet,1,1,OP_cg2705,1,0,0,0,,,,0,0,0,0,0,0,0,,,,0,0,0,1,0.613746,1.13004e-101,0.613746,972,Kranz2022_expression_compendium_Zenodo6842664,7,0,1,,0,,0,,,,0
cg2092,sigA,cg2704,cg2704,1,curated_positive,A,1,0,0,0,0,,experimental,0.75,1,1,1,CoryneRegNet,1,1,OP_cg2705,1,0,0,0,,,,0,6,6,0,0,0,0,,,,0,0,0,1,0.689038,1.98101e-141,0.689038,998,Kranz2022_expression_compendium_Zenodo6842664,7,0,1,,0,,0,,,,0
cg2092,sigA,cg2705,amyE,1,curated_positive,A,1,0,0,0,0,,experimental,0.75,1,1,1,CoryneRegNet,1,1,OP_cg2705,1,0,0,0,,,,0,6,6,0,0,0,0,,,,0,0,0,1,0.641241,1.30842e-114,0.641241,980,Kranz2022_expression_compendium_Zenodo6842664,7,0,1,,0,,0,,,,0
cg2092,sigA,cg2732,gntV,1,curated_positive,A,1,0,0,0,0,,experimental,0.75,1,1,1,CoryneRegNet,1,1,,0,0,0,0,,,,0,6,6,0,0,0,0,,,,0,0,0,1,0.0498092,0.245265,0.0498092,546,Kranz2022_expression_compendium_Zenodo6842664,7,0,1,,0,,0,,,,0
cg2092,sigA,cg2747,cg2747,1,curated_positive,A,1,0,0,0,0,,experimental,0.75,1,1,1,CoryneRegNet,1,1,,0,0,0,0,,,,0,0,0,0,0,0,0,,,,0,0,0,0,,,,,,8,1,1,,0,,0,,,,0
cg2092,sigA,cg2782,ftn,1,curated_positive,A,1,0,0,0,0,,experimental,0.75,1,1,1,CoryneRegNet,1,1,,0,0,0,0,,,,0,9,7,0,0,0,0,,,,0,0,0,1,0.51947,4.63035e-70,0.51947,998,Kranz2022_expression_compendium_Zenodo6842664,7,0,1,,0,,0,,,,0
cg2092,sigA,cg2800,pgm,1,curated_positive,A,1,0,0,0,0,,experimental,0.75,1,1,1,CoryneRegNet,1,1,,0,0,0,0,,,,0,11,6,0,0,0,0,,,,0,0,0,0,,,,,,8,0,1,,0,,0,,,,0
cg2092,sigA,cg2810,cg2810,1,curated_positive,A,1,0,0,0,0,,experimental,0.75,1,1,1,CoryneRegNet,1,1,,0,0,0,0,,,,0,0,0,0,0,0,0,,,,0,0,0,0,,,,,,8,0,1,,0,,0,,,,0
cg2092,sigA,cg2831,cg2831,1,curated_positive,A,1,0,0,0,0,,experimental,0.75,1,1,1,CoryneRegNet,1,1,,0,0,0,0,,,,0,0,0,0,0,0,0,,,,0,0,0,0,,,,,,8,2,1,,0,,0,,,,0
cg2092,sigA,cg2836,sucD,1,curated_positive,A,1,0,0,0,0,,experimental,0.75,1,1,1,CoryneRegNet,1,1,OP_cg2837,1,0,0,0,,,,0,6,6,0,0,0,0,,,,0,0,0,0,,,,,,8,2,1,,0,,0,,,,0
cg2092,sigA,cg2837,sucC,1,curated_positive,A,1,0,0,0,0,,experimental,0.75,1,1,1,CoryneRegNet,1,1,OP_cg2837,1,0,0,0,,,,0,6,6,0,0,0,0,,,,0,0,0,1,0.633986,2.48406e-100,0.633986,882,Kranz2022_expression_compendium_Zenodo6842664,7,0,1,,0,,0,,,,0
cg2092,sigA,cg2843,pstB,1,curated_positive,A,1,0,0,0,0,,experimental,0.75,1,1,1,CoryneRegNet,1,1,OP_cg2846,1,0,0,0,,,,0,7,7,0,0,0,0,,,,0,0,0,0,,,,,,8,1,1,,0,,0,,,,0
cg2092,sigA,cg2844,pstA,1,curated_positive,A,1,0,0,0,0,,experimental,0.75,1,1,1,CoryneRegNet,1,1,OP_cg2846,1,0,0,0,,,,0,15,9,0,0,0,0,,,,0,0,0,1,0.321603,2.31228e-14,0.321603,536,Kranz2022_expression_compendium_Zenodo6842664,7,1,1,,0,,0,,,,0
cg2092,sigA,cg2845,pstC,1,curated_positive,A,1,0,0,0,0,,experimental,0.75,1,1,1,CoryneRegNet,1,1,OP_cg2846,1,0,0,0,,,,0,6,6,0,0,0,0,,,,0,0,0,0,,,,,,8,0,1,,0,,0,,,,0
cg2092,sigA,cg2846,pstS,1,curated_positive,A,1,0,0,0,0,,experimental,0.75,1,1,1,CoryneRegNet,1,1,OP_cg2846,1,0,0,0,,,,0,6,6,0,0,0,0,,,,0,0,0,0,,,,,,8,0,1,,0,,0,,,,0
cg2092,sigA,cg2868,nuc,1,curated_positive,A,1,0,0,0,0,,experimental,0.75,1,1,1,CoryneRegNet,1,1,,0,0,0,0,,,,0,0,0,0,0,0,0,,,,0,0,0,1,0.395517,1.58945e-28,0.395517,724,Kranz2022_expression_compendium_Zenodo6842664,7,0,1,,0,,0,,,,0
cg2092,sigA,cg2883,cg2883,1,curated_positive,A,1,0,0,0,0,,experimental,0.75,1,1,1,CoryneRegNet,1,1,,0,0,0,0,,,,0,0,0,0,0,0,0,,,,0,0,0,0,,,,,,8,0,1,,0,,0,,,,0
cg2092,sigA,cg2884,cg2884,1,curated_positive,A,1,0,0,0,0,,experimental,0.75,1,1,1,CoryneRegNet,1,1,,0,0,0,0,,,,0,0,0,0,0,0,0,,,,0,0,0,1,0.124149,0.0131909,0.124149,398,Kranz2022_expression_compendium_Zenodo6842664,7,1,1,,0,,0,,,,0
cg2092,sigA,cg2885,bioA,1,curated_positive,A,1,0,0,1,13,0.3846,experimental,0.8,1,1,1,CoryneRegNet,1,1,OP_cg2885,1,0,0,0,,,,0,11,6,0,0,0,0,,,,0,0,0,1,0.207814,0.000403526,0.207814,286,Kranz2022_expression_compendium_Zenodo6842664,6,0,1,,0,,0,,,,0
cg2092,sigA,cg2886,bioD,1,curated_positive,A,1,0,0,0,0,,experimental,0.75,1,1,1,CoryneRegNet,1,1,OP_cg2885,1,0,0,0,,,,0,6,6,0,0,0,0,,,,0,0,0,1,0.179828,0.000778519,0.179828,346,Kranz2022_expression_compendium_Zenodo6842664,7,0,1,,0,,0,,,,0
cg2092,sigA,cg2887,cgtS3,1,curated_positive,A,1,0,0,0,0,,experimental,0.75,1,1,1,CoryneRegNet,1,1,OP_cg2888,1,0,0,0,,,,0,0,0,0,0,0,0,,,,0,0,0,1,0.693691,1.54791e-133,0.693691,924,Kranz2022_expression_compendium_Zenodo6842664,7,0,1,,0,,0,,,,0
cg2092,sigA,cg2888,cgtR3,1,curated_positive,A,1,0,0,0,0,,experimental,0.75,1,1,1,CoryneRegNet,1,1,OP_cg2888,1,0,0,0,,,,0,0,0,0,0,0,0,,,,0,0,0,0,,,,,,8,0,1,,0,,0,,,,0
cg2092,sigA,cg2891,poxB,1,curated_positive,A,1,0,0,0,0,,experimental,0.75,1,1,1,CoryneRegNet,1,1,,0,0,0,0,,,,0,6,6,0,0,0,0,,,,0,0,0,1,0.732461,8.53945e-158,0.732461,934,Kranz2022_expression_compendium_Zenodo6842664,7,1,1,,0,,0,,,,0
cg2092,sigA,cg2905,thrE,1,curated_positive,A,1,0,0,0,0,,experimental,0.75,1,1,1,CoryneRegNet,1,1,,0,0,0,0,,,,0,0,0,0,0,0,0,,,,0,0,0,1,0.686712,9.62187e-124,0.686712,880,Kranz2022_expression_compendium_Zenodo6842664,7,0,1,,0,,0,,,,0
cg2092,sigA,cg2911,cg2911,1,curated_positive,A,1,0,0,0,0,,experimental,0.75,1,1,1,CoryneRegNet,1,1,OP_cg2911,1,0,0,0,,,,0,6,6,0,0,0,0,,,,0,0,0,1,0.519741,2.76992e-63,0.519741,898,Kranz2022_expression_compendium_Zenodo6842664,7,0,1,,0,,0,,,,0
cg2092,sigA,cg2912,cg2912,1,curated_positive,A,1,0,0,0,0,,experimental,0.75,1,1,1,CoryneRegNet,1,1,OP_cg2911,1,0,0,0,,,,0,6,6,0,0,0,0,,,,0,0,0,0,,,,,,8,0,1,,0,,0,,,,0
cg2092,sigA,cg2913,cg2913,1,curated_positive,A,1,0,0,0,0,,experimental,0.75,1,1,1,CoryneRegNet,1,1,OP_cg2911,1,0,0,0,,,,0,7,7,0,0,0,0,,,,0,0,0,0,,,,,,8,0,1,,0,,0,,,,0
cg2092,sigA,cg2925,ptsS,1,curated_positive,A,1,0,0,0,0,,experimental,0.75,1,1,1,CoryneRegNet,1,1,,0,0,0,0,,,,0,2,1,0,0,0,0,,,,0,0,0,1,0.728023,2.69677e-156,0.728023,942,Kranz2022_expression_compendium_Zenodo6842664,7,0,1,,0,,0,,,,0
cg2092,sigA,cg2927,scrB,1,curated_positive,A,1,0,0,0,0,,experimental,0.75,1,1,1,CoryneRegNet,1,1,OP_cg2929,1,0,0,0,,,,0,6,6,0,0,0,0,,,,0,0,0,0,,,,,,8,0,1,,0,,0,,,,0
cg2092,sigA,cg2928,nagB,1,curated_positive,A,1,0,0,0,0,,experimental,0.75,1,1,1,CoryneRegNet,1,1,OP_cg2929,1,0,0,0,,,,0,6,6,0,0,0,0,,,,0,0,0,1,0.849161,1.27785e-280,0.849161,1006,Kranz2022_expression_compendium_Zenodo6842664,7,0,1,,0,,0,,,,0
cg2092,sigA,cg2929,nagA1,1,curated_positive,A,1,0,0,0,0,,experimental,0.75,1,1,1,CoryneRegNet,1,1,OP_cg2929,1,0,0,0,,,,0,12,7,0,0,0,0,,,,0,0,0,1,0.819565,4.28737e-244,0.819565,1002,Kranz2022_expression_compendium_Zenodo6842664,7,0,1,,0,,0,,,,0
cg2092,sigA,cg2963,clpC,1,curated_positive,A,1,0,0,0,0,,experimental,0.75,1,1,1,CoryneRegNet,1,1,,0,0,0,0,,,,0,0,0,0,0,0,0,,,,0,0,0,0,,,,,,8,0,1,,0,,0,,,,0
cg2092,sigA,cg3011,groEL,1,curated_positive,A,1,0,0,0,0,,experimental,0.75,1,1,1,CoryneRegNet,1,1,,0,0,0,0,,,,0,0,0,0,0,0,0,,,,0,0,0,1,0.714344,8.57846e-154,0.714344,980,Kranz2022_expression_compendium_Zenodo6842664,7,0,1,,0,,0,,,,0
cg2092,sigA,cg3047,ackA,1,curated_positive,A,1,0,0,0,0,,experimental,0.75,1,1,1,CoryneRegNet,1,1,OP_cg3048,1,0,0,0,,,,0,11,6,0,0,0,0,,,,0,0,0,0,,,,,,8,0,1,,0,,0,,,,0
cg2092,sigA,cg3048,pta,1,curated_positive,A,1,0,0,0,0,,experimental,0.75,1,1,1,CoryneRegNet,1,1,OP_cg3048,1,0,0,0,,,,0,11,6,0,0,0,0,,,,0,0,0,0,,,,,,8,0,1,,0,,0,,,,0
cg2092,sigA,cg3068,fda,1,curated_positive,A,1,0,0,0,0,,experimental,0.75,1,1,1,CoryneRegNet,1,1,,0,0,0,0,,,,0,11,6,0,0,0,0,,,,0,0,0,1,0.249666,4.01945e-11,0.249666,680,Kranz2022_expression_compendium_Zenodo6842664,7,1,1,,0,,0,,,,0
cg2092,sigA,cg3078,cg3078,1,curated_positive,A,1,0,0,0,0,,experimental,0.75,1,1,1,CoryneRegNet,1,1,,0,0,0,0,,,,0,0,0,0,0,0,0,,,,0,0,0,0,,,,,,8,0,1,,0,,0,,,,0
cg2092,sigA,cg3079,clpB,1,curated_positive,A,1,0,0,0,0,,experimental,0.75,1,1,1,CoryneRegNet,1,1,,0,0,0,0,,,,0,0,0,0,0,0,0,,,,0,0,0,1,0.727592,2.11809e-153,0.727592,926,Kranz2022_expression_compendium_Zenodo6842664,7,0,1,,0,,0,,,,0
cg2092,sigA,cg3096,cg3096,1,curated_positive,A,1,0,0,0,0,,experimental,0.75,1,1,1,CoryneRegNet,1,1,,0,0,0,0,,,,0,6,6,0,0,0,0,,,,0,0,0,1,0.615345,6.32621e-102,0.615345,968,Kranz2022_expression_compendium_Zenodo6842664,7,1,1,,0,,0,,,,0
cg2092,sigA,cg3097,hspR,1,curated_positive,A,1,0,0,0,0,,experimental,0.75,1,1,1,CoryneRegNet,1,1,OP_cg3100,1,0,0,0,,,,0,0,0,0,0,0,0,,,,0,0,0,0,,,,,,8,1,1,,0,,0,,,,0
cg2092,sigA,cg3098,dnaJ,1,curated_positive,A,1,0,0,0,0,,experimental,0.75,1,1,1,CoryneRegNet,1,1,OP_cg3100,1,0,0,0,,,,0,0,0,0,0,0,0,,,,0,0,0,1,0.669528,7.59276e-111,0.669528,844,Kranz2022_expression_compendium_Zenodo6842664,7,1,1,,0,,0,,,,0
cg2092,sigA,cg3099,grpE,1,curated_positive,A,1,0,0,0,0,,experimental,0.75,1,1,1,CoryneRegNet,1,1,OP_cg3100,1,0,0,0,,,,0,0,0,0,0,0,0,,,,0,0,0,0,,,,,,8,1,1,,0,,0,,,,0
cg2092,sigA,cg3100,dnaK,1,curated_positive,A,1,0,0,0,0,,experimental,0.75,1,1,1,CoryneRegNet,1,1,OP_cg3100,1,0,0,0,,,,0,0,0,0,0,0,0,,,,0,0,0,1,0.70475,2.22073e-144,0.70475,956,Kranz2022_expression_compendium_Zenodo6842664,7,0,1,,0,,0,,,,0
cg2092,sigA,cg3107,adhA,1,curated_positive,A,1,0,0,0,0,,experimental,0.75,1,1,1,CoryneRegNet,1,1,,0,0,0,0,,,,0,11,6,0,0,0,0,,,,0,0,0,1,0.583019,3.94278e-88,0.583019,956,Kranz2022_expression_compendium_Zenodo6842664,7,1,1,,0,,0,,,,0
cg2092,sigA,cg3112,cg3112,1,curated_positive,A,1,0,0,0,0,,experimental,0.75,1,1,1,CoryneRegNet,1,1,OP_cg3118,1,0,0,0,,,,0,0,0,0,0,0,0,,,,0,0,0,1,0.68213,1.4389e-131,0.68213,954,Kranz2022_expression_compendium_Zenodo6842664,7,2,1,,0,,0,,,,0
cg2092,sigA,cg3113,cg3113,1,curated_positive,A,1,0,0,0,0,,experimental,0.75,1,1,1,CoryneRegNet,1,1,OP_cg3118,1,0,0,0,,,,0,0,0,0,0,0,0,,,,0,0,0,1,0.764878,3.11267e-188,0.764878,976,Kranz2022_expression_compendium_Zenodo6842664,7,2,1,,0,,0,,,,0
cg2092,sigA,cg3114,cysN,1,curated_positive,A,1,0,0,0,0,,experimental,0.75,1,1,1,CoryneRegNet,1,1,OP_cg3118,1,0,0,0,,,,0,6,6,0,0,0,0,,,,0,0,0,1,0.719159,5.005e-159,0.719159,994,Kranz2022_expression_compendium_Zenodo6842664,7,1,1,,0,,0,,,,0
cg2092,sigA,cg3115,cysD,1,curated_positive,A,1,0,0,0,0,,experimental,0.75,1,1,1,CoryneRegNet,1,1,OP_cg3118,1,0,0,0,,,,0,6,6,0,0,0,0,,,,0,0,0,1,0.737535,1.08762e-172,0.737535,1002,Kranz2022_expression_compendium_Zenodo6842664,7,2,1,,0,,0,,,,0
cg2092,sigA,cg3116,cysH,1,curated_positive,A,1,0,0,0,0,,experimental,0.75,1,1,1,CoryneRegNet,1,1,OP_cg3118,1,0,0,0,,,,0,12,6,0,0,0,0,,,,0,0,0,1,0.757608,9.64795e-187,0.757608,998,Kranz2022_expression_compendium_Zenodo6842664,7,2,1,,0,,0,,,,0
cg2092,sigA,cg3117,cg3117,1,curated_positive,A,1,0,0,0,0,,experimental,0.75,1,1,1,CoryneRegNet,1,1,OP_cg3118,1,0,0,0,,,,0,0,0,0,0,0,0,,,,0,0,0,1,0.724063,6.8993e-162,0.724063,992,Kranz2022_expression_compendium_Zenodo6842664,7,0,1,,0,,0,,,,0
cg2092,sigA,cg3118,cysI,1,curated_positive,A,1,0,0,0,0,,experimental,0.75,1,1,1,CoryneRegNet,1,1,OP_cg3118,1,0,0,0,,,,0,12,7,0,0,0,0,,,,0,0,0,1,0.766894,9.6498e-192,0.766894,986,Kranz2022_expression_compendium_Zenodo6842664,7,2,1,,0,,0,,,,0
cg2092,sigA,cg3119,cysJ,1,curated_positive,A,1,0,0,0,0,,experimental,0.75,1,1,1,CoryneRegNet,1,1,,0,0,0,0,,,,0,6,6,0,0,0,0,,,,0,0,0,1,0.686543,9.64432e-140,0.686543,996,Kranz2022_expression_compendium_Zenodo6842664,7,1,1,,0,,0,,,,0
cg2092,sigA,cg3125,cg3125,1,curated_positive,A,1,0,0,0,0,,experimental,0.75,1,1,1,CoryneRegNet,1,1,OP_cg3127,1,0,0,0,,,,0,0,0,0,0,0,0,,,,0,0,0,1,0.386829,1.07405e-25,0.386829,680,Kranz2022_expression_compendium_Zenodo6842664,7,1,1,,0,,0,,,,0
cg2092,sigA,cg3126,cg3126,1,curated_positive,A,1,0,0,0,0,,experimental,0.75,1,1,1,CoryneRegNet,1,1,OP_cg3127,1,0,0,0,,,,0,0,0,0,0,0,0,,,,0,0,0,1,0.341697,1.59884e-15,0.341697,514,Kranz2022_expression_compendium_Zenodo6842664,7,1,1,,0,,0,,,,0
cg2092,sigA,cg3127,cg3127,1,curated_positive,A,1,0,0,0,0,,experimental,0.75,1,1,1,CoryneRegNet,1,1,OP_cg3127,1,0,0,0,,,,0,0,0,0,0,0,0,,,,0,0,0,1,0.445956,2.41171e-34,0.445956,676,Kranz2022_expression_compendium_Zenodo6842664,7,1,1,,0,,0,,,,0
cg2092,sigA,cg3138,cg3138,1,curated_positive,A,1,0,0,0,0,,experimental,0.75,1,1,1,CoryneRegNet,1,1,OP_cg3138,1,0,0,0,,,,0,0,0,0,0,0,0,,,,0,0,0,1,0.744003,2.71809e-170,0.744003,962,Kranz2022_expression_compendium_Zenodo6842664,7,1,1,,0,,0,,,,0
cg2092,sigA,cg3139,cg3139,1,curated_positive,A,1,0,0,0,0,,experimental,0.75,1,1,1,CoryneRegNet,1,1,OP_cg3138,1,0,0,0,,,,0,0,0,0,0,0,0,,,,0,0,0,1,0.667099,5.69699e-118,0.667099,908,Kranz2022_expression_compendium_Zenodo6842664,7,1,1,,0,,0,,,,0
cg2092,sigA,cg3169,pck,1,curated_positive,A,1,0,0,0,0,,experimental,0.75,1,1,1,CoryneRegNet,1,1,,0,0,0,0,,,,0,0,0,0,0,0,0,,,,0,0,0,1,0.679377,1.98172e-127,0.679377,934,Kranz2022_expression_compendium_Zenodo6842664,7,0,1,,0,,0,,,,0
cg2092,sigA,cg3216,gntP,1,curated_positive,A,1,0,0,0,0,,experimental,0.75,1,1,1,CoryneRegNet,1,1,,0,0,0,0,,,,0,11,6,0,0,0,0,,,,0,0,0,1,0.610953,3.25546e-94,0.610953,910,Kranz2022_expression_compendium_Zenodo6842664,7,0,1,,0,,0,,,,0
cg2092,sigA,cg3219,ldh,1,curated_positive,A,1,0,0,0,0,,experimental,0.75,1,1,1,CoryneRegNet,1,1,,0,0,0,0,,,,0,6,6,0,0,0,0,,,,0,0,0,1,0.583664,2.34243e-92,0.583664,1000,Kranz2022_expression_compendium_Zenodo6842664,7,0,1,,0,,0,,,,0
cg2092,sigA,cg3226,cg3226,1,curated_positive,A,1,0,0,0,0,,experimental,0.75,1,1,1,CoryneRegNet,1,1,OP_cg3226,1,0,0,0,,,,0,0,0,0,0,0,0,,,,0,0,0,1,0.47487,8.14686e-54,0.47487,936,Kranz2022_expression_compendium_Zenodo6842664,7,1,1,,0,,0,,,,0
cg2092,sigA,cg3227,lldA,1,curated_positive,A,1,0,0,0,0,,experimental,0.75,1,1,1,CoryneRegNet,1,1,OP_cg3226,1,0,0,0,,,,0,12,6,0,0,0,0,,,,0,0,0,1,0.610354,2.66338e-102,0.610354,992,Kranz2022_expression_compendium_Zenodo6842664,7,1,1,,0,,0,,,,0
cg2092,sigA,cg3335,mez,1,curated_positive,A,1,0,0,0,0,,experimental,0.75,1,1,1,CoryneRegNet,1,1,,0,0,0,0,,,,0,12,6,0,0,0,0,,,,0,0,0,1,0.755474,1.36123e-179,0.755474,968,Kranz2022_expression_compendium_Zenodo6842664,7,1,1,,0,,0,,,,0
cg2092,sigA,cg3372,cg3372,1,curated_positive,A,1,0,0,0,0,,experimental,0.75,1,1,1,CoryneRegNet,1,1,OP_cg3372,1,0,0,0,,,,0,0,0,0,0,0,0,,,,0,0,0,1,0.701527,5.51946e-139,0.701527,932,Kranz2022_expression_compendium_Zenodo6842664,7,0,1,,0,,0,,,,0
cg2092,sigA,cg3374,cg3374,1,curated_positive,A,1,0,0,0,0,,experimental,0.75,1,1,1,CoryneRegNet,1,1,OP_cg3372,1,0,0,0,,,,0,0,0,0,0,0,0,,,,0,0,0,1,0.486121,7.39146e-46,0.486121,752,Kranz2022_expression_compendium_Zenodo6842664,7,0,1,,0,,0,,,,0
cg2092,sigA,cg3375,cg3375,1,curated_positive,A,1,0,0,0,0,,experimental,0.75,1,1,1,CoryneRegNet,1,1,OP_cg3372,1,0,0,0,,,,0,0,0,0,0,0,0,,,,0,0,0,1,0.219105,1.88904e-06,0.219105,464,Kranz2022_expression_compendium_Zenodo6842664,7,0,1,,0,,0,,,,0
cg2092,sigA,cg3395,proP,1,curated_positive,A,1,0,0,0,0,,experimental,0.75,1,1,1,CoryneRegNet,1,1,,0,0,0,0,,,,0,11,6,0,0,0,0,,,,0,0,0,1,0.731355,2.02359e-158,0.731355,942,Kranz2022_expression_compendium_Zenodo6842664,7,1,1,,0,,0,,,,0
cg2102,sigB,cg0096,cg0096,1,curated_positive,unknown,0,0,1,0,0,,predicted,0.2,0,1,1,CoryneRegNet,1,1,OP_cg0096,1,0,0,0,,,,0,1,1,0,0,0,0,,,,0,0,0,0,,,,,,8,0,0,,0,Group_2_sigma,0,,,,0
cg2102,sigB,cg0097,cg0097,1,curated_positive,unknown,0,0,1,0,0,,predicted,0.2,0,1,1,CoryneRegNet,1,1,OP_cg0096,1,0,0,0,,,,0,0,0,0,0,0,0,,,,0,0,0,0,,,,,,8,0,0,,0,Group_2_sigma,0,,,,0
cg2102,sigB,cg1083,cgtS10,1,curated_positive,unknown,0,0,1,0,0,,predicted,0.2,0,1,1,CoryneRegNet,1,1,OP_cg1083,1,0,0,0,,,,0,3,1,0,0,0,0,,,,0,0,0,0,,,,,,8,1,0,,0,Group_2_sigma,0,,,,0
cg2102,sigB,cg1084,cgtR10,1,curated_positive,unknown,0,0,1,0,0,,predicted,0.2,0,1,1,CoryneRegNet,1,1,OP_cg1083,1,0,0,0,,,,0,0,0,0,0,0,0,,,,0,0,0,0,,,,,,8,1,0,,0,Group_2_sigma,0,,,,0
cg2102,sigB,cg1111,eno,1,curated_positive,unknown,0,0,1,0,0,,predicted,0.2,0,1,1,CoryneRegNet,1,1,,0,0,0,0,,,,0,11,6,0,0,0,0,,,,0,0,0,0,,,,,,8,1,0,,0,Group_2_sigma,0,,,,0
cg2102,sigB,cg1145,fum,1,curated_positive,unknown,0,0,1,0,0,,predicted,0.2,0,1,1,CoryneRegNet,1,1,,0,0,0,0,,,,0,12,7,0,0,0,0,,,,0,0,0,0,,,,,,8,0,0,,0,Group_2_sigma,0,,,,0
cg2102,sigB,cg1409,pfkA,1,curated_positive,unknown,0,0,1,0,0,,predicted,0.2,0,1,1,CoryneRegNet,1,1,,0,0,0,0,,,,0,12,7,0,0,0,0,,,,0,0,0,0,,,,,,8,0,0,,0,Group_2_sigma,0,,,,0
cg2102,sigB,cg1417,cg1417,1,curated_positive,unknown,0,0,1,0,0,,predicted,0.2,0,1,1,CoryneRegNet,1,1,,0,0,0,0,,,,0,2,1,0,0,0,0,,,,0,0,0,0,,,,,,8,1,0,,0,Group_2_sigma,0,,,,0
cg2102,sigB,cg1787,ppc,1,curated_positive,unknown,0,0,1,0,0,,predicted,0.2,0,1,1,CoryneRegNet,1,1,OP_cg1790,1,0,0,0,,,,0,6,6,0,0,0,0,,,,0,0,0,0,,,,,,8,0,0,,0,Group_2_sigma,0,,,,0
cg2102,sigB,cg1789,tpi,1,curated_positive,unknown,0,0,1,0,0,,predicted,0.2,0,1,1,CoryneRegNet,1,1,OP_cg1790,1,0,0,0,,,,0,11,6,0,0,0,0,,,,0,0,0,0,,,,,,8,0,0,,0,Group_2_sigma,0,,,,0
cg2102,sigB,cg1790,pgk,1,curated_positive,unknown,0,0,1,0,0,,predicted,0.2,0,1,1,CoryneRegNet,1,1,OP_cg1790,1,0,0,0,,,,0,11,6,0,0,0,0,,,,0,0,0,0,,,,,,8,0,0,,0,Group_2_sigma,0,,,,0
cg2102,sigB,cg1791,gap,1,curated_positive,unknown,0,0,1,0,0,,predicted,0.2,0,1,1,CoryneRegNet,1,1,,0,0,0,0,,,,0,11,6,0,0,0,0,,,,0,0,0,0,,,,,,8,0,0,,0,Group_2_sigma,0,,,,0
cg2102,sigB,cg2162,cg2162,1,curated_positive,unknown,0,0,1,0,0,,predicted,0.2,0,1,1,CoryneRegNet,1,1,,0,0,0,0,,,,0,6,6,0,0,0,0,,,,0,0,0,0,,,,,,8,0,0,,0,Group_2_sigma,0,,,,0
cg2102,sigB,cg2163,dapB,1,curated_positive,unknown,0,0,1,0,0,,predicted,0.2,0,1,1,CoryneRegNet,1,1,,0,0,0,0,,,,0,6,6,0,0,0,0,,,,0,0,0,0,,,,,,8,0,0,,0,Group_2_sigma,0,,,,0
cg2102,sigB,cg2418,ilvE,1,curated_positive,unknown,0,0,1,0,0,,predicted,0.2,0,1,1,CoryneRegNet,1,1,,0,0,0,0,,,,0,28,6,0,0,0,0,,,,0,0,0,0,,,,,,8,1,0,,0,Group_2_sigma,0,,,,0
cg2102,sigB,cg2891,poxB,1,curated_positive,unknown,0,0,1,0,0,,predicted,0.2,0,1,1,CoryneRegNet,1,1,,0,0,0,0,,,,0,6,6,0,0,0,0,,,,0,0,0,0,,,,,,8,1,0,,0,Group_2_sigma,0,,,,0
cg2102,sigB,cg3068,fda,1,curated_positive,unknown,0,0,1,0,0,,predicted,0.2,0,1,1,CoryneRegNet,1,1,,0,0,0,0,,,,0,11,6,0,0,0,0,,,,0,0,0,0,,,,,,8,1,0,,0,Group_2_sigma,0,,,,0
cg2102,sigB,cg3141,hmp,1,curated_positive,unknown,0,0,1,0,0,,predicted,0.2,0,1,2,CoryneRegNet,1,1,,0,0,0,0,,,,0,6,6,0,0,0,0,,,,0,0,0,0,,,,,,8,0,0,,0,Group_2_sigma,0,,,,0
cg2102,sigB,cg3330,cg3330,1,curated_positive,unknown,0,0,1,0,0,,predicted,0.2,0,1,1,CoryneRegNet,1,1,,0,0,0,0,,,,0,0,0,0,0,0,0,,,,0,0,0,0,,,,,,8,0,0,,0,Group_2_sigma,0,,,,0
cg2103,dtxR,cg0065,cg0065,1,curated_positive,R,0,1,0,0,0,,ChAP-seq,0.2,0,1,1,Literature_ChAP_DtxR,1,0,,0,0,0,0,,,,0,0,0,0,0,0,0,,,,0,0,0,0,,,,,,8,0,0,,0,,1,Literature_ChAP_DtxR,ATCC13032,ATCC13032,0
cg2103,dtxR,cg0159,cg0159,1,curated_positive,R,0,1,0,0,0,,experimental,0.75,1,1,1,CoryneRegNet,1,1,OP_cg0160,1,0,0,0,,,,0,2,1,0,0,0,0,,,,0,0,0,0,,,,,,8,1,0,,0,,0,,,,1
cg2103,dtxR,cg0160,cg0160,1,curated_positive,R,0,1,0,1,19,0.3684,experimental,0.8,1,1,1,CoryneRegNet,1,1,OP_cg0160,1,0,0,0,,,,0,1,1,0,0,0,0,,,,0,0,0,0,,,,,,7,0,0,,0,,0,,,,1
cg2103,dtxR,cg0310,katA,1,curated_positive,R,0,1,0,1,17,0.2941,ChAP-seq,0.25,0,1,1,Literature_ChAP_DtxR,1,0,,0,0,0,0,,,,0,6,6,0,0,0,0,,,,0,0,0,0,,,,,,7,0,0,,0,,1,Literature_ChAP_DtxR,ATCC13032,ATCC13032,0
cg2103,dtxR,cg0405,cg0405,1,curated_positive,R,0,1,0,1,19,0.3684,experimental,0.8,1,1,1,CoryneRegNet,1,1,,0,0,0,0,,,,0,6,6,0,0,0,0,,,,0,0,0,0,,,,,,7,0,0,,0,,0,,,,1
cg2103,dtxR,cg0445,sdhCD,1,curated_positive,A,1,0,0,1,19,0.3158,experimental,0.8,1,1,1,CoryneRegNet,1,1,OP_cg0445,1,0,0,0,,,,0,12,6,0,0,0,0,,,,0,0,0,0,,,,,,7,0,0,,0,,0,,,,1
cg2103,dtxR,cg0446,sdhA,1,curated_positive,A,1,0,0,0,0,,experimental,0.75,1,1,1,CoryneRegNet,1,1,OP_cg0445,1,0,0,0,,,,0,12,6,0,0,0,0,,,,0,0,0,0,,,,,,8,1,0,,0,,0,,,,1
cg2103,dtxR,cg0447,sdhB,1,curated_positive,A,1,0,0,0,0,,experimental,0.75,1,1,1,CoryneRegNet,1,1,OP_cg0445,1,0,0,0,,,,0,10,5,0,0,0,0,,,,0,0,0,0,,,,,,8,1,0,,0,,0,,,,1
cg2103,dtxR,cg0448,cg0448,1,curated_positive,A,1,0,0,0,0,,experimental,0.75,1,1,1,CoryneRegNet,1,1,OP_cg0445,1,0,0,0,,,,0,6,6,0,0,0,0,,,,0,0,0,0,,,,,,8,1,0,,0,,0,,,,1
cg2103,dtxR,cg0465,cg0465,1,curated_positive,R,0,1,0,1,19,0.3158,experimental,0.8,1,1,1,CoryneRegNet,1,1,,0,0,0,0,,,,0,0,0,0,0,0,0,,,,0,0,0,0,,,,,,7,1,0,,0,,0,,,,0
cg2103,dtxR,cg0466,cg0466,1,curated_positive,R,0,1,0,1,19,0.3158,experimental,0.8,1,1,1,CoryneRegNet,1,1,OP_cg0466,1,0,0,0,,,,0,0,0,0,0,0,0,,,,0,0,0,0,,,,,,7,1,0,,0,,0,,,,1
cg2103,dtxR,cg0467,cg0467,1,curated_positive,R,0,1,0,0,0,,experimental,0.75,1,1,1,CoryneRegNet,1,1,OP_cg0466,1,0,0,0,,,,0,7,7,0,0,0,0,,,,0,0,0,0,,,,,,8,1,0,,0,,0,,,,1
cg2103,dtxR,cg0468,cg0468,1,curated_positive,R,0,1,0,0,0,,experimental,0.75,1,1,1,CoryneRegNet,1,1,OP_cg0466,1,0,0,0,,,,0,6,6,0,0,0,0,,,,0,0,0,0,,,,,,8,1,0,,0,,0,,,,1
cg2103,dtxR,cg0469,cg0469,1,curated_positive,R,0,1,0,0,0,,experimental,0.75,1,1,1,CoryneRegNet,1,1,OP_cg0466,1,0,0,0,,,,0,7,7,0,0,0,0,,,,0,0,0,0,,,,,,8,0,0,,0,,0,,,,1
cg2103,dtxR,cg0470,cg0470,1,curated_positive,R,0,1,0,1,19,0.3158,experimental,0.8,1,1,1,CoryneRegNet,1,1,OP_cg0470,1,0,0,0,,,,0,0,0,0,0,0,0,,,,0,0,0,0,,,,,,7,2,0,,0,,0,,,,1
cg2103,dtxR,cg0471,cg0471,1,curated_positive,R,0,1,0,0,0,,experimental,0.75,1,1,1,CoryneRegNet,1,1,OP_cg0470,1,0,0,0,,,,0,1,1,0,0,0,0,,,,0,0,0,0,,,,,,8,2,0,,0,,0,,,,1
cg2103,dtxR,cg0527,cg0527,1,curated_positive,R,0,1,0,1,19,0.4211,experimental,0.8,1,1,1,CoryneRegNet,1,1,,0,0,0,0,,,,0,15,1,0,0,0,0,,,,0,0,0,0,,,,,,7,1,0,,0,,0,,,,1
cg2103,dtxR,cg0589,cg0589,1,curated_positive,R,0,1,0,0,0,,experimental,0.75,1,1,1,CoryneRegNet,1,1,OP_cg0591,1,0,0,0,,,,0,0,0,0,0,0,0,,,,0,0,0,0,,,,,,8,0,0,,0,,0,,,,1
cg2103,dtxR,cg0590,cg0590,1,curated_positive,R,0,1,0,0,0,,experimental,0.75,1,1,1,CoryneRegNet,1,1,OP_cg0591,1,0,0,0,,,,0,1,1,0,0,0,0,,,,0,0,0,0,,,,,,8,0,0,,0,,0,,,,1
cg2103,dtxR,cg0591,cg0591,1,curated_positive,R,0,1,0,1,19,0.3684,experimental,0.8,1,1,1,CoryneRegNet,1,1,OP_cg0591,1,0,0,0,,,,0,1,1,0,0,0,0,,,,0,0,0,0,,,,,,7,1,0,,0,,0,,,,1
cg2103,dtxR,cg0640,fdxB,1,curated_positive,R,0,1,0,1,17,0.2941,ChAP-seq,0.25,0,1,1,Literature_ChAP_DtxR,1,0,,0,0,0,0,,,,0,0,0,0,0,0,0,,,,0,0,0,0,,,,,,7,1,0,,0,,1,Literature_ChAP_DtxR,ATCC13032,ATCC13032,0
cg2103,dtxR,cg0748,cg0748,1,curated_positive,R,0,1,0,1,19,0.3684,experimental,0.8,1,1,1,CoryneRegNet,1,1,,0,0,0,0,,,,0,0,0,0,0,0,0,,,,0,0,0,0,,,,,,7,1,0,,0,,0,,,,1
cg2103,dtxR,cg0767,cg0767,1,curated_positive,R,0,1,0,0,0,,experimental,0.75,1,1,1,CoryneRegNet,1,1,OP_cg0771,1,0,0,0,,,,0,0,0,0,0,0,0,,,,0,0,0,0,,,,,,8,0,0,,0,,0,,,,1
cg2103,dtxR,cg0768,cg0768,1,curated_positive,R,0,1,0,0,0,,experimental,0.75,1,1,1,CoryneRegNet,1,1,OP_cg0771,1,0,0,0,,,,0,1,1,0,0,0,0,,,,0,0,0,0,,,,,,8,0,0,,0,,0,,,,1
cg2103,dtxR,cg0769,cg0769,1,curated_positive,R,0,1,0,0,0,,experimental,0.75,1,1,1,CoryneRegNet,1,1,OP_cg0771,1,0,0,0,,,,0,1,1,0,0,0,0,,,,0,0,0,0,,,,,,8,1,0,,0,,0,,,,1
cg2103,dtxR,cg0770,cg0770,1,curated_positive,R,0,1,0,0,0,,experimental,0.75,1,1,1,CoryneRegNet,1,1,OP_cg0771,1,0,0,0,,,,0,1,1,0,0,0,0,,,,0,0,0,0,,,,,,8,1,0,,0,,0,,,,1
cg2103,dtxR,cg0771,irp1,1,curated_positive,R,0,1,0,1,19,0.5789,experimental,0.8,1,1,1,CoryneRegNet,1,1,OP_cg0771,1,0,0,0,,,,0,1,1,0,0,0,0,,,,0,0,0,0,,,,,,7,1,0,,0,,0,,,,1
cg2103,dtxR,cg0921,cg0921,1,curated_positive,R,0,1,0,0,0,,experimental,0.75,1,1,1,CoryneRegNet,1,1,OP_cg0922,1,0,0,0,,,,0,0,0,0,0,0,0,,,,0,0,0,0,,,,,,8,1,0,,0,,0,,,,1
cg2103,dtxR,cg0922,cg0922,1,curated_positive,R,0,1,0,1,19,0.3158,experimental,0.8,1,1,1,CoryneRegNet,1,1,OP_cg0922,1,0,0,0,,,,0,0,0,0,0,0,0,,,,0,0,0,0,,,,,,7,0,0,,0,,0,,,,1
cg2103,dtxR,cg0924,cg0924,1,curated_positive,R,0,1,0,1,19,0.4211,experimental,0.8,1,1,1,CoryneRegNet,1,1,,0,0,0,0,,,,0,0,0,0,0,0,0,,,,0,0,0,0,,,,,,7,1,0,,0,,0,,,,1
cg2103,dtxR,cg0926,cg0926,1,curated_positive,R,0,1,0,1,19,0.3158,experimental,0.8,1,1,1,CoryneRegNet,1,1,OP_cg0926,1,0,0,0,,,,0,0,0,0,0,0,0,,,,0,0,0,0,,,,,,7,1,0,,0,,0,,,,1
cg2103,dtxR,cg0927,cg0927,1,curated_positive,R,0,1,0,0,0,,experimental,0.75,1,1,1,CoryneRegNet,1,1,OP_cg0926,1,0,0,0,,,,0,0,0,0,0,0,0,,,,0,0,0,0,,,,,,8,1,0,,0,,0,,,,1
cg2103,dtxR,cg0928,cg0928,1,curated_positive,R,0,1,0,0,0,,experimental,0.75,1,1,1,CoryneRegNet,1,1,OP_cg0926,1,0,0,0,,,,0,0,0,0,0,0,0,,,,0,0,0,0,,,,,,8,1,0,,0,,0,,,,1
cg2103,dtxR,cg0955,cg0955,1,curated_positive,R,0,1,0,1,19,0.5263,experimental,0.8,1,1,1,CoryneRegNet,1,1,,0,0,0,0,,,,0,0,0,0,0,0,0,,,,0,0,0,0,,,,,,7,1,0,,0,,0,,,,1
cg2103,dtxR,cg1120,cg1120,1,curated_positive,R,0,1,0,1,19,0.4737,experimental,0.8,1,1,2,CoryneRegNet,1,1,,0,0,0,0,,,,0,1,1,0,0,0,0,,,,0,0,0,0,,,,,,7,1,0,,0,,1,Literature_ChAP_DtxR,ATCC13032,ATCC13032,1
cg2103,dtxR,cg1285,cg1285,1,curated_positive,R,0,1,0,0,0,,ChAP-seq,0.2,0,1,1,Literature_ChAP_DtxR,1,0,,0,0,0,0,,,,0,0,0,0,0,0,0,,,,0,0,0,0,,,,,,8,0,0,,0,,1,Literature_ChAP_DtxR,ATCC13032,ATCC13032,0
cg2103,dtxR,cg1405,cg1405,1,curated_positive,R,0,1,0,1,19,0.4211,experimental,0.8,1,1,1,CoryneRegNet,1,1,,0,0,0,0,,,,0,0,0,0,0,0,0,,,,0,0,0,0,,,,,,7,0,0,,0,,0,,,,1
cg2103,dtxR,cg1418,cg1418,1,curated_positive,R,0,1,0,1,19,0.3684,experimental,0.8,1,1,1,CoryneRegNet,1,1,,0,0,0,0,,,,0,4,1,0,0,0,0,,,,0,0,0,0,,,,,,7,0,0,,0,,0,,,,1
cg2103,dtxR,cg1642,cg1642,1,curated_positive,R,0,1,0,1,19,0.4211,experimental,0.8,1,1,1,CoryneRegNet,1,1,,0,0,0,0,,,,0,0,0,0,0,0,0,,,,0,0,0,0,,,,,,7,0,0,,0,,0,,,,1
cg2103,dtxR,cg1734,hemH,1,curated_positive,R,0,1,0,1,17,0.2941,ChAP-seq,0.25,0,1,1,Literature_ChAP_DtxR,1,0,,0,0,0,0,,,,0,6,6,0,0,0,0,,,,0,0,0,0,,,,,,7,0,0,,0,,1,Literature_ChAP_DtxR,ATCC13032,ATCC13032,0
cg2103,dtxR,cg1737,acn,1,curated_positive,R,0,1,0,1,17,0.2941,ChAP-seq,0.25,0,1,1,Literature_ChAP_DtxR,1,0,,0,0,0,0,,,,0,22,6,0,0,0,0,,,,0,0,0,0,,,,,,7,0,0,,0,,1,Literature_ChAP_DtxR,ATCC13032,ATCC13032,0
cg2103,dtxR,cg1738,acnR,1,curated_positive,R,0,1,0,1,17,0.2941,ChAP-seq,0.25,0,1,1,Literature_ChAP_DtxR,1,0,,0,0,0,0,,,,0,0,0,0,0,0,0,,,,0,0,0,0,,,,,,7,0,0,,0,,1,Literature_ChAP_DtxR,ATCC13032,ATCC13032,0
cg2103,dtxR,cg1762,sufC,1,curated_positive,R,0,1,0,1,17,0.2941,ChAP-seq,0.25,0,1,1,Literature_ChAP_DtxR,1,0,,0,0,0,0,,,,0,0,0,0,0,0,0,,,,0,0,0,0,,,,,,7,1,0,,0,,1,Literature_ChAP_DtxR,ATCC13032,ATCC13032,1
cg2103,dtxR,cg1763,sufD,1,curated_positive,R,0,1,0,0,0,,ChAP-seq,0.2,0,1,1,Literature_ChAP_DtxR,1,0,OP_cg1762,1,0,0,0,,,,0,0,0,0,0,0,0,,,,0,0,0,0,,,,,,8,1,0,,0,,1,Literature_ChAP_DtxR,ATCC13032,ATCC13032,1
cg2103,dtxR,cg1764,sufB,1,curated_positive,R,0,1,0,0,0,,ChAP-seq,0.2,0,1,1,Literature_ChAP_DtxR,1,0,OP_cg1762,1,0,0,0,,,,0,0,0,0,0,0,0,,,,0,0,0,0,,,,,,8,1,0,,0,,1,Literature_ChAP_DtxR,ATCC13032,ATCC13032,1
cg2103,dtxR,cg1773,ctaB,1,curated_positive,R,0,1,0,1,17,0.2941,ChAP-seq,0.25,0,1,1,Literature_ChAP_DtxR,1,0,,0,0,0,0,,,,0,0,0,0,0,0,0,,,,0,0,0,0,,,,,,7,0,0,,0,,1,Literature_ChAP_DtxR,ATCC13032,ATCC13032,0
cg2103,dtxR,cg1881,cg1881,1,curated_positive,R,0,1,0,0,0,,ChAP-seq,0.2,0,1,1,Literature_ChAP_DtxR,1,0,,0,0,0,0,,,,0,6,1,0,0,0,0,,,,0,0,0,0,,,,,,8,0,0,,0,,1,Literature_ChAP_DtxR,ATCC13032,ATCC13032,0
cg2103,dtxR,cg1930,cg1930,1,curated_positive,R,0,1,0,1,19,0.3684,experimental,0.8,1,1,1,CoryneRegNet,1,1,OP_cg1930,1,0,0,0,,,,0,6,6,0,0,0,0,,,,0,0,0,0,,,,,,7,1,0,,0,,0,,,,1
cg2103,dtxR,cg1931,cg1931,1,curated_positive,R,0,1,0,0,0,,experimental,0.75,1,1,1,CoryneRegNet,1,1,OP_cg1930,1,0,0,0,,,,0,0,0,0,0,0,0,,,,0,0,0,0,,,,,,8,0,0,,0,,0,,,,1
cg2103,dtxR,cg1996,cglIM,1,curated_positive,R,0,1,0,1,19,0.3158,experimental,0.8,1,1,1,CoryneRegNet,1,1,OP_cg1996,1,0,0,0,,,,0,0,0,0,0,0,0,,,,0,0,0,0,,,,,,7,1,0,,0,,0,,,,1
cg2103,dtxR,cg1997,cglIR,1,curated_positive,R,0,1,0,0,0,,experimental,0.75,1,1,1,CoryneRegNet,1,1,OP_cg1996,1,0,0,0,,,,0,0,0,0,0,0,0,,,,0,0,0,0,,,,,,8,1,0,,0,,0,,,,1
cg2103,dtxR,cg1998,cglIIR,1,curated_positive,R,0,1,0,0,0,,experimental,0.75,1,1,1,CoryneRegNet,1,1,OP_cg1996,1,0,0,0,,,,0,0,0,0,0,0,0,,,,0,0,0,0,,,,,,8,2,0,,0,,0,,,,1
cg2103,dtxR,cg2079,cg2079,1,curated_positive,R,0,1,0,0,0,,ChAP-seq,0.2,0,1,1,Literature_ChAP_DtxR,1,0,,0,0,0,0,,,,0,0,0,0,0,0,0,,,,0,0,0,0,,,,,,8,0,0,,0,,1,Literature_ChAP_DtxR,ATCC13032,ATCC13032,0
cg2103,dtxR,cg2103,dtxR,1,curated_positive,R,0,1,0,1,17,0.2941,ChAP-seq,0.25,0,1,1,Literature_ChAP_DtxR,1,0,,0,0,0,0,,,,0,0,0,0,0,0,0,,,,0,0,0,0,,,,,,7,0,0,,0,,1,Literature_ChAP_DtxR,ATCC13032,ATCC13032,0
cg2103,dtxR,cg2234,cg2234,1,curated_positive,R,0,1,0,1,19,0.4211,experimental,0.8,1,1,1,CoryneRegNet,1,1,,0,0,0,0,,,,0,0,0,0,0,0,0,,,,0,0,0,0,,,,,,7,1,0,,0,,0,,,,1
cg2103,dtxR,cg2311,cg2311,1,curated_positive,R,0,1,0,1,19,0.3158,experimental,0.8,1,1,1,CoryneRegNet,1,1,,0,0,0,0,,,,0,0,0,0,0,0,0,,,,0,0,0,0,,,,,,7,0,0,,0,,0,,,,1
cg2103,dtxR,cg2445,hmuO,1,curated_positive,R,0,1,0,1,19,0.4737,experimental,0.8,1,1,1,CoryneRegNet,1,1,,0,0,0,0,,,,0,1,1,0,0,0,0,,,,0,0,0,0,,,,,,7,0,0,,0,,1,Literature_ChAP_DtxR,ATCC13032,ATCC13032,1
cg2103,dtxR,cg2517,hemN,1,curated_positive,R,0,1,0,1,17,0.2941,ChAP-seq,0.25,0,1,1,Literature_ChAP_DtxR,1,0,,0,0,0,0,,,,0,6,6,0,0,0,0,,,,0,0,0,0,,,,,,7,0,0,,0,,1,Literature_ChAP_DtxR,ATCC13032,ATCC13032,0
cg2103,dtxR,cg2556,cg2556,1,curated_positive,R,0,1,0,0,0,,ChAP-seq,0.2,0,1,1,Literature_ChAP_DtxR,1,0,,0,0,0,0,,,,0,0,0,0,0,0,0,,,,0,0,0,0,,,,,,8,0,0,,0,,1,Literature_ChAP_DtxR,ATCC13032,ATCC13032,0
cg2103,dtxR,cg2782,ftn,1,curated_positive,A,1,0,0,1,19,0.4211,experimental,0.8,1,1,1,CoryneRegNet,1,1,,0,0,0,0,,,,0,9,7,0,0,0,0,,,,0,0,0,0,,,,,,7,0,0,,0,,1,Literature_ChAP_DtxR,ATCC13032,ATCC13032,1
cg2103,dtxR,cg2796,cg2796,1,curated_positive,R,0,1,0,1,19,0.4211,experimental,0.8,1,1,1,CoryneRegNet,1,1,,0,0,0,0,,,,0,11,6,0,0,0,0,,,,0,0,0,0,,,,,,7,0,0,,0,,0,,,,1
cg2103,dtxR,cg2797,cg2797,1,curated_positive,R,0,1,0,0,0,,experimental,0.75,1,1,1,CoryneRegNet,1,1,,0,0,0,0,,,,0,0,0,0,0,0,0,,,,0,0,0,0,,,,,,8,0,0,,0,,0,,,,1
cg2103,dtxR,cg3049,fprA,1,curated_positive,R,0,1,0,1,17,0.2941,ChAP-seq,0.25,0,1,1,Literature_ChAP_DtxR,1,0,,0,0,0,0,,,,0,0,0,0,0,0,0,,,,0,0,0,0,,,,,,7,0,0,,0,,1,Literature_ChAP_DtxR,ATCC13032,ATCC13032,0
cg2103,dtxR,cg3082,cg3082,1,curated_positive,R,0,1,0,1,19,0.3158,experimental,0.8,1,1,1,CoryneRegNet,1,1,OP_cg3082,1,0,0,0,,,,0,0,0,0,0,0,0,,,,0,0,0,0,,,,,,7,1,0,,0,,0,,,,1
cg2103,dtxR,cg3083,cg3083,1,curated_positive,R,0,1,0,0,0,,experimental,0.75,1,1,1,CoryneRegNet,1,1,OP_cg3082,1,0,0,0,,,,0,0,0,0,0,0,0,,,,0,0,0,0,,,,,,8,1,0,,0,,0,,,,1
cg2103,dtxR,cg3084,cg3084,1,curated_positive,R,0,1,0,0,0,,experimental,0.75,1,1,1,CoryneRegNet,1,1,OP_cg3082,1,0,0,0,,,,0,6,6,0,0,0,0,,,,0,0,0,0,,,,,,8,3,0,,0,,0,,,,0
cg2103,dtxR,cg3085,cg3085,1,curated_positive,R,0,1,0,0,0,,experimental,0.75,1,1,1,CoryneRegNet,1,1,OP_cg3082,1,0,0,0,,,,0,0,0,0,0,0,0,,,,0,0,0,0,,,,,,8,2,0,,0,,0,,,,0
cg2103,dtxR,cg3112,cg3112,1,curated_positive,R,0,1,0,0,0,,experimental,0.75,1,1,1,CoryneRegNet,1,1,OP_cg3118,1,0,0,0,,,,0,0,0,0,0,0,0,,,,0,0,0,0,,,,,,8,2,0,,0,,0,,,,1
cg2103,dtxR,cg3113,cg3113,1,curated_positive,R,0,1,0,0,0,,experimental,0.75,1,1,1,CoryneRegNet,1,1,OP_cg3118,1,0,0,0,,,,0,0,0,0,0,0,0,,,,0,0,0,0,,,,,,8,2,0,,0,,0,,,,1
cg2103,dtxR,cg3114,cysN,1,curated_positive,R,0,1,0,0,0,,experimental,0.75,1,1,1,CoryneRegNet,1,1,OP_cg3118,1,0,0,0,,,,0,6,6,0,0,0,0,,,,0,0,0,0,,,,,,8,1,0,,0,,0,,,,1
cg2103,dtxR,cg3115,cysD,1,curated_positive,R,0,1,0,0,0,,experimental,0.75,1,1,1,CoryneRegNet,1,1,OP_cg3118,1,0,0,0,,,,0,6,6,0,0,0,0,,,,0,0,0,0,,,,,,8,2,0,,0,,0,,,,1
cg2103,dtxR,cg3116,cysH,1,curated_positive,R,0,1,0,0,0,,experimental,0.75,1,1,1,CoryneRegNet,1,1,OP_cg3118,1,0,0,0,,,,0,12,6,0,0,0,0,,,,0,0,0,0,,,,,,8,2,0,,0,,0,,,,1
cg2103,dtxR,cg3117,cg3117,1,curated_positive,R,0,1,0,0,0,,experimental,0.75,1,1,1,CoryneRegNet,1,1,OP_cg3118,1,0,0,0,,,,0,0,0,0,0,0,0,,,,0,0,0,0,,,,,,8,0,0,,0,,0,,,,1
cg2103,dtxR,cg3118,cysI,1,curated_positive,R,0,1,0,1,19,0.4737,experimental,0.8,1,1,1,CoryneRegNet,1,1,OP_cg3118,1,0,0,0,,,,0,12,7,0,0,0,0,,,,0,0,0,0,,,,,,7,2,0,,0,,0,,,,1
cg2103,dtxR,cg3119,cysJ,1,curated_positive,R,0,1,0,1,19,0.4737,experimental,0.8,1,1,1,CoryneRegNet,1,1,,0,0,0,0,,,,0,6,6,0,0,0,0,,,,0,0,0,0,,,,,,7,1,0,,0,,0,,,,1
cg2103,dtxR,cg3156,cg3156,1,curated_positive,R,0,1,0,1,19,0.3684,experimental,0.8,1,1,1,CoryneRegNet,1,1,,0,0,0,0,,,,0,0,0,0,0,0,0,,,,0,0,0,0,,,,,,7,0,0,,0,,0,,,,1
cg2103,dtxR,cg3247,cgtR11,1,curated_positive,R,0,1,0,1,19,0.3684,experimental,0.8,1,1,1,CoryneRegNet,1,1,,0,0,0,0,,,,0,0,0,0,0,0,0,,,,0,0,0,0,,,,,,7,0,0,,0,,0,,,,1
cg2103,dtxR,cg3275,fdxA,1,curated_positive,R,0,1,0,1,17,0.2941,ChAP-seq,0.25,0,1,1,Literature_ChAP_DtxR,1,0,,0,0,0,0,,,,0,0,0,0,0,0,0,,,,0,0,0,0,,,,,,7,0,0,,0,,1,Literature_ChAP_DtxR,ATCC13032,ATCC13032,0
cg2103,dtxR,cg3327,dps,1,curated_positive,A,1,0,0,1,19,0.4211,experimental,0.8,1,1,1,CoryneRegNet,1,1,,0,0,0,0,,,,0,0,0,0,0,0,0,,,,0,0,0,0,,,,,,7,1,0,,0,,0,,,,1
cg2103,dtxR,cg3394,cg3394,1,curated_positive,R,0,1,0,1,19,0.3158,experimental,0.8,1,1,1,CoryneRegNet,1,1,,0,0,0,0,,,,0,0,0,0,0,0,0,,,,0,0,0,0,,,,,,7,1,0,,0,,0,,,,1
cg2103,dtxR,cg3404,cg3404,1,curated_positive,R,0,1,0,1,19,0.4211,experimental,0.8,1,1,1,CoryneRegNet,1,1,,0,0,0,0,,,,0,0,0,0,0,0,0,,,,0,0,0,0,,,,,,7,1,0,,0,,0,,,,1
cg2103,dtxR,cg4001,cg4001,1,curated_positive,A,1,0,0,0,0,,experimental,0.75,1,1,1,CoryneRegNet,1,1,OP_cg0445,1,0,0,0,,,,0,0,0,0,0,0,0,,,,0,0,0,0,,,,,,8,1,0,,0,,0,,,,0
cg2103,dtxR,ncgl0005,gyrB,1,curated_positive,R,0,1,0,0,0,,ChAP-seq,0.2,0,1,1,Literature_ChAP_DtxR_2025,1,0,,0,0,0,0,,,,0,0,0,0,0,0,0,,,,0,0,0,0,,,,,,8,0,0,,0,,1,Literature_ChAP_DtxR_2025,ATCC13032;cond=iron_excess,ATCC13032,0
cg2103,dtxR,ncgl0027,znuB2,1,curated_positive,R,0,1,0,0,0,,ChAP-seq,0.2,0,1,1,Literature_ChAP_DtxR_2025,1,0,,0,0,0,0,,,,0,0,0,0,0,0,0,,,,0,0,0,0,,,,,,8,0,0,,0,,1,Literature_ChAP_DtxR_2025,ATCC13032;cond=iron_excess,ATCC13032,0
cg2103,dtxR,ncgl0097,ncgl0097,1,curated_positive,R,0,1,0,0,0,,ChAP-seq,0.2,0,1,1,Literature_ChAP_DtxR_2025,1,0,,0,0,0,0,,,,0,0,0,0,0,0,0,,,,0,0,0,0,,,,,,8,0,0,,0,,1,Literature_ChAP_DtxR_2025,ATCC13032;cond=heme,ATCC13032,0
cg2103,dtxR,ncgl0123,ncgl0123,1,curated_positive,R,0,1,0,0,0,,ChAP-seq,0.2,0,1,1,Literature_ChAP_DtxR_2025,1,0,,0,0,0,0,,,,0,0,0,0,0,0,0,,,,0,0,0,0,,,,,,8,0,0,,0,,1,Literature_ChAP_DtxR_2025,ATCC13032;cond=iron_excess,ATCC13032,0
cg2103,dtxR,ncgl0168,oxiB,1,curated_positive,R,0,1,0,0,0,,ChAP-seq,0.2,0,1,1,Literature_ChAP_DtxR_2025,1,0,,0,0,0,0,,,,0,0,0,0,0,0,0,,,,0,0,0,0,,,,,,8,0,0,,0,,1,Literature_ChAP_DtxR_2025,ATCC13032;cond=iron_excess,ATCC13032,0
cg2103,dtxR,ncgl0176,ncgl0176,1,curated_positive,R,0,1,0,0,0,,ChAP-seq,0.2,0,1,1,Literature_ChAP_DtxR_2025,1,0,,0,0,0,0,,,,0,0,0,0,0,0,0,,,,0,0,0,0,,,,,,8,0,0,,0,,1,Literature_ChAP_DtxR_2025,ATCC13032;cond=iron_excess,ATCC13032,0
cg2103,dtxR,ncgl0193,ncgl0193,1,curated_positive,R,0,1,0,0,0,,ChAP-seq,0.2,0,1,1,Literature_ChAP_DtxR_2025,1,0,,0,0,0,0,,,,0,0,0,0,0,0,0,,,,0,0,0,0,,,,,,8,0,0,,0,,1,Literature_ChAP_DtxR_2025,ATCC13032;cond=iron_excess+heme,ATCC13032,0
cg2103,dtxR,ncgl0325,rmlA1,1,curated_positive,R,0,1,0,0,0,,ChAP-seq,0.2,0,1,1,Literature_ChAP_DtxR_2025,1,0,,0,0,0,0,,,,0,0,0,0,0,0,0,,,,0,0,0,0,,,,,,8,0,0,,0,,1,Literature_ChAP_DtxR_2025,ATCC13032;cond=heme,ATCC13032,0
cg2103,dtxR,ncgl0329,ncgl0329,1,curated_positive,R,0,1,0,0,0,,ChAP-seq,0.2,0,1,1,Literature_ChAP_DtxR_2025,1,0,,0,0,0,0,,,,0,0,0,0,0,0,0,,,,0,0,0,0,,,,,,8,0,0,,0,,1,Literature_ChAP_DtxR_2025,ATCC13032;cond=iron_excess,ATCC13032,0
cg2103,dtxR,ncgl0352,wzy,1,curated_positive,R,0,1,0,0,0,,ChAP-seq,0.2,0,1,1,Literature_ChAP_DtxR_2025,1,0,,0,0,0,0,,,,0,0,0,0,0,0,0,,,,0,0,0,0,,,,,,8,0,0,,0,,1,Literature_ChAP_DtxR_2025,ATCC13032;cond=iron_excess,ATCC13032,0
cg2103,dtxR,ncgl0353,ncgl0353,1,curated_positive,R,0,1,0,0,0,,ChAP-seq,0.2,0,1,1,Literature_ChAP_DtxR_2025,1,0,,0,0,0,0,,,,0,0,0,0,0,0,0,,,,0,0,0,0,,,,,,8,0,0,,0,,1,Literature_ChAP_DtxR_2025,ATCC13032;cond=heme,ATCC13032,0
cg2103,dtxR,ncgl0359,sdhC sdhCD,1,curated_positive,R,0,1,0,0,0,,ChAP-seq,0.2,0,1,1,Literature_ChAP_DtxR_2025,1,0,,0,0,0,0,,,,0,0,0,0,0,0,0,,,,0,0,0,0,,,,,,8,0,0,,0,,1,Literature_ChAP_DtxR_2025,ATCC13032;cond=iron_excess+heme,ATCC13032,0
cg2103,dtxR,ncgl0381,htaB,1,curated_positive,R,0,1,0,0,0,,ChAP-seq,0.2,0,1,1,Literature_ChAP_DtxR_2025,1,0,,0,0,0,0,,,,0,0,0,0,0,0,0,,,,0,0,0,0,,,,,,8,0,0,,0,,1,Literature_ChAP_DtxR_2025,ATCC13032;cond=iron_excess+heme,ATCC13032,0
cg2103,dtxR,ncgl0430,glyR,1,curated_positive,R,0,1,0,0,0,,ChAP-seq,0.2,0,1,1,Literature_ChAP_DtxR_2025,1,0,,0,0,0,0,,,,0,0,0,0,0,0,0,,,,0,0,0,0,,,,,,8,0,0,,0,,1,Literature_ChAP_DtxR_2025,ATCC13032;cond=iron_excess,ATCC13032,0
cg2103,dtxR,ncgl0465,ncgl0465,1,curated_positive,R,0,1,0,0,0,,ChAP-seq,0.2,0,1,1,Literature_ChAP_DtxR_2025,1,0,,0,0,0,0,,,,0,0,0,0,0,0,0,,,,0,0,0,0,,,,,,8,0,0,,0,,1,Literature_ChAP_DtxR_2025,ATCC13032;cond=heme,ATCC13032,0
cg2103,dtxR,ncgl0484,ncgl0484,1,curated_positive,R,0,1,0,0,0,,ChAP-seq,0.2,0,1,1,Literature_ChAP_DtxR_2025,1,0,,0,0,0,0,,,,0,0,0,0,0,0,0,,,,0,0,0,0,,,,,,8,0,0,,0,,1,Literature_ChAP_DtxR_2025,ATCC13032;cond=iron_excess+heme,ATCC13032,0
cg2103,dtxR,ncgl0639,irp1,1,curated_positive,R,0,1,0,0,0,,ChAP-seq,0.2,0,1,1,Literature_ChAP_DtxR_2025,1,0,,0,0,0,0,,,,0,0,0,0,0,0,0,,,,0,0,0,0,,,,,,8,0,0,,0,,1,Literature_ChAP_DtxR_2025,ATCC13032;cond=iron_excess+heme,ATCC13032,0
cg2103,dtxR,ncgl0664,prpD1,1,curated_positive,R,0,1,0,0,0,,ChAP-seq,0.2,0,1,1,Literature_ChAP_DtxR_2025,1,0,,0,0,0,0,,,,0,0,0,0,0,0,0,,,,0,0,0,0,,,,,,8,0,0,,0,,1,Literature_ChAP_DtxR_2025,ATCC13032;cond=heme,ATCC13032,0
cg2103,dtxR,ncgl0777,ncgl0777,1,curated_positive,R,0,1,0,0,0,,ChAP-seq,0.2,0,1,1,Literature_ChAP_DtxR_2025,1,0,,0,0,0,0,,,,0,0,0,0,0,0,0,,,,0,0,0,0,,,,,,8,0,0,,0,,1,Literature_ChAP_DtxR_2025,ATCC13032;cond=iron_excess+heme,ATCC13032,0
cg2103,dtxR,ncgl0817,pgi,1,curated_positive,R,0,1,0,0,0,,ChAP-seq,0.2,0,1,1,Literature_ChAP_DtxR_2025,1,0,,0,0,0,0,,,,0,0,0,0,0,0,0,,,,0,0,0,0,,,,,,8,0,0,,0,,1,Literature_ChAP_DtxR_2025,ATCC13032;cond=heme,ATCC13032,0
cg2103,dtxR,ncgl0841,pepD,1,curated_positive,R,0,1,0,0,0,,ChAP-seq,0.2,0,1,1,Literature_ChAP_DtxR_2025,1,0,,0,0,0,0,,,,0,0,0,0,0,0,0,,,,0,0,0,0,,,,,,8,0,0,,0,,1,Literature_ChAP_DtxR_2025,ATCC13032;cond=heme,ATCC13032,0
cg2103,dtxR,ncgl0943,ripA,1,curated_positive,R,0,1,0,0,0,,ChAP-seq,0.2,0,1,1,Literature_ChAP_DtxR_2025,1,0,,0,0,0,0,,,,0,0,0,0,0,0,0,,,,0,0,0,0,,,,,,8,0,0,,0,,1,Literature_ChAP_DtxR_2025,ATCC13032;cond=iron_excess,ATCC13032,0
cg2103,dtxR,ncgl1173,ssuD1,1,curated_positive,R,0,1,0,0,0,,ChAP-seq,0.2,0,1,1,Literature_ChAP_DtxR_2025,1,0,,0,0,0,0,,,,0,0,0,0,0,0,0,,,,0,0,0,0,,,,,,8,0,0,,0,,1,Literature_ChAP_DtxR_2025,ATCC13032;cond=heme,ATCC13032,0
cg2103,dtxR,ncgl1200,ncgl1200,1,curated_positive,R,0,1,0,0,0,,ChAP-seq,0.2,0,1,1,Literature_ChAP_DtxR_2025,1,0,,0,0,0,0,,,,0,0,0,0,0,0,0,,,,0,0,0,0,,,,,,8,0,0,,0,,1,Literature_ChAP_DtxR_2025,ATCC13032;cond=iron_excess,ATCC13032,0
cg2103,dtxR,ncgl1376,ncgl1376,1,curated_positive,R,0,1,0,0,0,,ChAP-seq,0.2,0,1,1,Literature_ChAP_DtxR_2025,1,0,,0,0,0,0,,,,0,0,0,0,0,0,0,,,,0,0,0,0,,,,,,8,0,0,,0,,1,Literature_ChAP_DtxR_2025,ATCC13032;cond=iron_excess,ATCC13032,0
cg2103,dtxR,ncgl1395,ncgl1395,1,curated_positive,R,0,1,0,0,0,,ChAP-seq,0.2,0,1,1,Literature_ChAP_DtxR_2025,1,0,,0,0,0,0,,,,0,0,0,0,0,0,0,,,,0,0,0,0,,,,,,8,0,0,,0,,1,Literature_ChAP_DtxR_2025,ATCC13032;cond=iron_excess+heme,ATCC13032,0
cg2103,dtxR,ncgl1444,ncgl1444,1,curated_positive,R,0,1,0,0,0,,ChAP-seq,0.2,0,1,1,Literature_ChAP_DtxR_2025,1,0,,0,0,0,0,,,,0,0,0,0,0,0,0,,,,0,0,0,0,,,,,,8,0,0,,0,,1,Literature_ChAP_DtxR_2025,ATCC13032;cond=iron_excess,ATCC13032,0
cg2103,dtxR,ncgl1450,metH,1,curated_positive,R,0,1,0,0,0,,ChAP-seq,0.2,0,1,1,Literature_ChAP_DtxR_2025,1,0,,0,0,0,0,,,,0,0,0,0,0,0,0,,,,0,0,0,0,,,,,,8,0,0,,0,,1,Literature_ChAP_DtxR_2025,ATCC13032;cond=heme,ATCC13032,0
cg2103,dtxR,ncgl1646,ncgl1646,1,curated_positive,R,0,1,0,0,0,,ChAP-seq,0.2,0,1,1,Literature_ChAP_DtxR_2025,1,0,,0,0,0,0,,,,0,0,0,0,0,0,0,,,,0,0,0,0,,,,,,8,0,0,,0,,1,Literature_ChAP_DtxR_2025,ATCC13032;cond=iron_excess+heme,ATCC13032,0
cg2103,dtxR,ncgl1711,ncgl1711,1,curated_positive,R,0,1,0,0,0,,ChAP-seq,0.2,0,1,1,Literature_ChAP_DtxR_2025,1,0,,0,0,0,0,,,,0,0,0,0,0,0,0,,,,0,0,0,0,,,,,,8,0,0,,0,,1,Literature_ChAP_DtxR_2025,ATCC13032;cond=heme,ATCC13032,0
cg2103,dtxR,ncgl1781,ncgl1781,1,curated_positive,R,0,1,0,0,0,,ChAP-seq,0.2,0,1,1,Literature_ChAP_DtxR_2025,1,0,,0,0,0,0,,,,0,0,0,0,0,0,0,,,,0,0,0,0,,,,,,8,0,0,,0,,1,Literature_ChAP_DtxR_2025,ATCC13032;cond=iron_excess+heme,ATCC13032,0
cg2103,dtxR,ncgl1952,xerC,1,curated_positive,R,0,1,0,0,0,,ChAP-seq,0.2,0,1,1,Literature_ChAP_DtxR_2025,1,0,,0,0,0,0,,,,0,0,0,0,0,0,0,,,,0,0,0,0,,,,,,8,0,0,,0,,1,Literature_ChAP_DtxR_2025,ATCC13032;cond=heme,ATCC13032,0
cg2103,dtxR,ncgl1959,ncgl1959,1,curated_positive,R,0,1,0,0,0,,ChAP-seq,0.2,0,1,1,Literature_ChAP_DtxR_2025,1,0,,0,0,0,0,,,,0,0,0,0,0,0,0,,,,0,0,0,0,,,,,,8,0,0,,0,,1,Literature_ChAP_DtxR_2025,ATCC13032;cond=heme,ATCC13032,0
cg2103,dtxR,ncgl2146,hmuO,1,curated_positive,R,0,1,0,0,0,,ChAP-seq,0.2,0,1,1,Literature_ChAP_DtxR_2025,1,0,,0,0,0,0,,,,0,0,0,0,0,0,0,,,,0,0,0,0,,,,,,8,0,0,,0,,1,Literature_ChAP_DtxR_2025,ATCC13032;cond=iron_excess+heme,ATCC13032,0
cg2103,dtxR,ncgl2731,ncgl2731,1,curated_positive,R,0,1,0,0,0,,ChAP-seq,0.2,0,1,1,Literature_ChAP_DtxR_2025,1,0,,0,0,0,0,,,,0,0,0,0,0,0,0,,,,0,0,0,0,,,,,,8,0,0,,0,,1,Literature_ChAP_DtxR_2025,ATCC13032;cond=heme,ATCC13032,0
cg2103,dtxR,ncgl2766,ncgl2766,1,curated_positive,R,0,1,0,0,0,,ChAP-seq,0.2,0,1,1,Literature_ChAP_DtxR_2025,1,0,,0,0,0,0,,,,0,0,0,0,0,0,0,,,,0,0,0,0,,,,,,8,0,0,,0,,1,Literature_ChAP_DtxR_2025,ATCC13032;cond=iron_excess,ATCC13032,0
cg2103,dtxR,ncgl2769,mmpL1,1,curated_positive,R,0,1,0,0,0,,ChAP-seq,0.2,0,1,1,Literature_ChAP_DtxR_2025,1,0,,0,0,0,0,,,,0,0,0,0,0,0,0,,,,0,0,0,0,,,,,,8,0,0,,0,,1,Literature_ChAP_DtxR_2025,ATCC13032;cond=heme,ATCC13032,0
cg2103,dtxR,ncgl2776,ncgl2776,1,curated_positive,R,0,1,0,0,0,,ChAP-seq,0.2,0,1,1,Literature_ChAP_DtxR_2025,1,0,,0,0,0,0,,,,0,0,0,0,0,0,0,,,,0,0,0,0,,,,,,8,0,0,,0,,1,Literature_ChAP_DtxR_2025,ATCC13032;cond=heme,ATCC13032,0
cg2103,dtxR,ncgl2834,hrrA,1,curated_positive,R,0,1,0,0,0,,ChAP-seq,0.2,0,1,1,Literature_ChAP_DtxR_2025,1,0,,0,0,0,0,,,,0,0,0,0,0,0,0,,,,0,0,0,0,,,,,,8,0,0,,0,,1,Literature_ChAP_DtxR_2025,ATCC13032;cond=heme,ATCC13032,0
cg2103,dtxR,ncgl2842,uspA3,1,curated_positive,R,0,1,0,0,0,,ChAP-seq,0.2,0,1,1,Literature_ChAP_DtxR_2025,1,0,,0,0,0,0,,,,0,0,0,0,0,0,0,,,,0,0,0,0,,,,,,8,0,0,,0,,1,Literature_ChAP_DtxR_2025,ATCC13032;cond=heme,ATCC13032,0
cg2103,dtxR,ncgl2877,ncgl2877,1,curated_positive,R,0,1,0,0,0,,ChAP-seq,0.2,0,1,1,Literature_ChAP_DtxR_2025,1,0,,0,0,0,0,,,,0,0,0,0,0,0,0,,,,0,0,0,0,,,,,,8,0,0,,0,,1,Literature_ChAP_DtxR_2025,ATCC13032;cond=iron_excess+heme,ATCC13032,0
cg2103,dtxR,ncgl2902,qor3,1,curated_positive,R,0,1,0,0,0,,ChAP-seq,0.2,0,1,1,Literature_ChAP_DtxR_2025,1,0,,0,0,0,0,,,,0,0,0,0,0,0,0,,,,0,0,0,0,,,,,,8,0,0,,0,,1,Literature_ChAP_DtxR_2025,ATCC13032;cond=iron_excess,ATCC13032,0
cg2103,dtxR,ncgl2939,ncgl2939,1,curated_positive,R,0,1,0,0,0,,ChAP-seq,0.2,0,1,1,Literature_ChAP_DtxR_2025,1,0,,0,0,0,0,,,,0,0,0,0,0,0,0,,,,0,0,0,0,,,,,,8,0,0,,0,,1,Literature_ChAP_DtxR_2025,ATCC13032;cond=iron_excess,ATCC13032,0
cg2103,dtxR,ncgl2968,ncgl2968,1,curated_positive,R,0,1,0,0,0,,ChAP-seq,0.2,0,1,1,Literature_ChAP_DtxR_2025,1,0,,0,0,0,0,,,,0,0,0,0,0,0,0,,,,0,0,0,0,,,,,,8,0,0,,0,,1,Literature_ChAP_DtxR_2025,ATCC13032;cond=iron_excess,ATCC13032,0
cg2103,dtxR,ncgl2980,ncgl2980,1,curated_positive,R,0,1,0,0,0,,ChAP-seq,0.2,0,1,1,Literature_ChAP_DtxR_2025,1,0,,0,0,0,0,,,,0,0,0,0,0,0,0,,,,0,0,0,0,,,,,,8,0,0,,0,,1,Literature_ChAP_DtxR_2025,ATCC13032;cond=heme,ATCC13032,0
cg2109,oxyR,cg0310,katA,1,curated_positive,R,0,1,0,1,65,0.3385,experimental,0.8,1,1,2,CoryneRegNet,1,1,,0,0,0,0,,,,0,6,6,0,0,0,0,,,,0,0,0,1,0.737776,3.99134e-170,0.737776,986,Kranz2022_expression_compendium_Zenodo6842664,6,0,1,,0,,0,,,,0
cg2109,oxyR,cg0311,cg0311,1,curated_positive,R,0,1,0,0,0,,experimental,0.75,1,1,1,CoryneRegNet,1,1,,0,0,0,0,,,,0,0,0,0,0,0,0,,,,0,0,0,0,,,,,,8,0,1,,0,,0,,,,0
cg2109,oxyR,cg1292,cg1292,1,curated_positive,R,0,1,0,0,0,,experimental,0.75,1,1,1,CoryneRegNet,1,1,,0,0,0,0,,,,0,5,5,0,0,0,0,,,,0,0,0,1,0.649778,1.74019e-100,0.649778,828,Kranz2022_expression_compendium_Zenodo6842664,7,1,1,,0,,0,,,,0
cg2109,oxyR,cg1293,cg1293,1,curated_positive,R,0,1,0,0,0,,experimental,0.75,1,1,1,CoryneRegNet,1,1,,0,0,0,0,,,,0,0,0,0,0,0,0,,,,0,0,0,0,,,,,,8,2,1,,0,,0,,,,0
cg2109,oxyR,cg1294,cg1294,1,curated_positive,R,0,1,0,0,0,,experimental,0.75,1,1,1,CoryneRegNet,1,1,,0,0,0,0,,,,0,6,6,0,0,0,0,,,,0,0,0,0,,,,,,8,3,1,,0,,0,,,,0
cg2109,oxyR,cg1298,cydC,1,curated_positive,R,0,1,0,0,0,,experimental,0.75,1,1,1,CoryneRegNet,1,1,OP_cg1301,1,0,0,0,,,,0,1,1,0,0,0,0,,,,0,0,0,1,0.412919,3.51593e-31,0.412919,724,Kranz2022_expression_compendium_Zenodo6842664,7,1,1,,0,,0,,,,0
cg2109,oxyR,cg1299,cydD,1,curated_positive,R,0,1,0,0,0,,experimental,0.75,1,1,1,CoryneRegNet,1,1,OP_cg1301,1,0,0,0,,,,0,1,1,0,0,0,0,,,,0,0,0,0,,,,,,8,1,1,,0,,0,,,,0
cg2109,oxyR,cg1300,cydB,1,curated_positive,R,0,1,0,0,0,,experimental,0.75,1,1,1,CoryneRegNet,1,1,OP_cg1301,1,0,0,0,,,,0,0,0,0,0,0,0,,,,0,0,0,1,0.622458,7.01783e-82,0.622458,752,Kranz2022_expression_compendium_Zenodo6842664,7,1,1,,0,,0,,,,0
cg2109,oxyR,cg1301,cydA,1,curated_positive,R,0,1,0,1,82,0.2805,experimental,0.8,1,1,2,CoryneRegNet,1,1,OP_cg1301,1,0,0,0,,,,0,0,0,0,0,0,0,,,,0,0,0,1,0.71065,6.27626e-121,0.71065,780,Kranz2022_expression_compendium_Zenodo6842664,6,1,1,,0,,0,,,,0
cg2109,oxyR,cg1695,cg1695,1,curated_positive,R,0,1,0,0,0,,experimental,0.75,1,1,1,CoryneRegNet,1,1,,0,0,0,0,,,,0,0,0,0,0,0,0,,,,0,0,0,1,0.835738,3.40967e-253,0.835738,966,Kranz2022_expression_compendium_Zenodo6842664,7,0,1,,0,,0,,,,0
cg2109,oxyR,cg1734,hemH,1,curated_positive,R,0,1,0,0,0,,experimental,0.75,1,1,1,CoryneRegNet,1,1,,0,0,0,0,,,,0,6,6,0,0,0,0,,,,0,0,0,0,,,,,,8,0,1,,0,,0,,,,0
cg2109,oxyR,cg1746,cg1746,1,curated_positive,R,0,1,0,0,0,,experimental,0.75,1,1,1,CoryneRegNet,1,1,,0,0,0,0,,,,0,0,0,0,0,0,0,,,,0,0,0,1,0.697215,6.3708e-108,0.697215,734,Kranz2022_expression_compendium_Zenodo6842664,7,0,1,,0,,0,,,,0
cg2109,oxyR,cg1759,cg1759,1,curated_positive,R,0,1,0,0,0,,experimental,0.75,1,1,1,CoryneRegNet,1,1,OP_cg1765,1,0,0,0,,,,0,0,0,0,0,0,0,,,,0,0,0,0,,,,,,8,0,1,,0,,0,,,,0
cg2109,oxyR,cg1760,cg1760,1,curated_positive,R,0,1,0,0,0,,experimental,0.75,1,1,1,CoryneRegNet,1,1,OP_cg1765,1,0,0,0,,,,0,0,0,0,0,0,0,,,,0,0,0,0,,,,,,8,1,1,,0,,0,,,,0
cg2109,oxyR,cg1761,nifS2,1,curated_positive,R,0,1,0,0,0,,experimental,0.75,1,1,1,CoryneRegNet,1,1,OP_cg1765,1,0,0,0,,,,0,0,0,0,0,0,0,,,,0,0,0,1,0.678285,9.48798e-129,0.678285,948,Kranz2022_expression_compendium_Zenodo6842664,7,1,1,,0,,0,,,,0
cg2109,oxyR,cg1762,sufC,1,curated_positive,R,0,1,0,0,0,,experimental,0.75,1,1,1,CoryneRegNet,1,1,OP_cg1765,1,0,0,0,,,,0,0,0,0,0,0,0,,,,0,0,0,0,,,,,,8,1,1,,0,,0,,,,0
cg2109,oxyR,cg1763,sufD,1,curated_positive,R,0,1,0,0,0,,experimental,0.75,1,1,1,CoryneRegNet,1,1,OP_cg1765,1,0,0,0,,,,0,0,0,0,0,0,0,,,,0,0,0,1,0.736562,6.01372e-169,0.736562,984,Kranz2022_expression_compendium_Zenodo6842664,7,1,1,,0,,0,,,,0
cg2109,oxyR,cg1764,sufB,1,curated_positive,R,0,1,0,0,0,,experimental,0.75,1,1,1,CoryneRegNet,1,1,OP_cg1765,1,0,0,0,,,,0,0,0,0,0,0,0,,,,0,0,0,1,0.696537,7.21388e-143,0.696537,978,Kranz2022_expression_compendium_Zenodo6842664,7,1,1,,0,,0,,,,0
cg2109,oxyR,cg1765,cg1765,1,curated_positive,R,0,1,0,0,0,,experimental,0.75,1,1,1,CoryneRegNet,1,1,OP_cg1765,1,0,0,0,,,,0,0,0,0,0,0,0,,,,0,0,0,1,0.753019,1.06068e-180,0.753019,984,Kranz2022_expression_compendium_Zenodo6842664,7,1,1,,0,,0,,,,0
cg2109,oxyR,cg2109,oxyR,1,curated_positive,R,0,1,0,0,0,,experimental,0.75,1,1,1,CoryneRegNet,1,1,,0,0,0,0,,,,0,0,0,0,0,0,0,,,,0,0,0,0,,,,,,8,1,1,0.01799,0,,0,,,,0
cg2109,oxyR,cg2782,ftn,1,curated_positive,R,0,1,0,1,65,0.2923,experimental,0.8,1,1,2,CoryneRegNet,1,1,,0,0,0,0,,,,0,9,7,0,0,0,0,,,,0,0,0,1,0.530285,1.87964e-72,0.530285,984,Kranz2022_expression_compendium_Zenodo6842664,6,0,1,,0,,0,,,,0
cg2109,oxyR,cg3327,dps,1,curated_positive,R,0,1,0,1,52,0.3846,experimental,0.8,1,1,2,CoryneRegNet,1,1,,0,0,0,0,,,,0,0,0,0,0,0,0,,,,0,0,0,1,0.723217,2.27614e-160,0.723217,986,Kranz2022_expression_compendium_Zenodo6842664,6,1,1,,0,,0,,,,0
cg2109,oxyR,cg3395,proP,1,curated_positive,R,0,1,0,0,0,,experimental,0.75,1,1,1,CoryneRegNet,1,1,,0,0,0,0,,,,0,11,6,0,0,0,0,,,,0,0,0,1,0.73729,3.0766e-160,0.73729,930,Kranz2022_expression_compendium_Zenodo6842664,7,1,1,,0,,0,,,,0
cg2112,cg2112,cg2786,nrdE,1,curated_positive,R,0,1,0,0,0,,predicted,0.2,0,1,1,CoryneRegNet,1,1,OP_cg2789,1,0,0,0,,,,0,49,7,0,0,0,0,,,,1,1,1,1,0.493337,2.31777e-43,0.493337,686,Kranz2022_expression_compendium_Zenodo6842664,7,0,1,,0,,0,,,,1
cg2112,cg2112,cg2787,nrdI,1,curated_positive,R,0,1,0,0,0,,predicted,0.2,0,1,1,CoryneRegNet,1,1,OP_cg2789,1,0,0,0,,,,0,1,1,0,0,0,0,,,,1,0,0,0,,,,,,8,0,1,,0,,0,,,,1
cg2112,cg2112,cg2789,nrdH,1,curated_positive,R,0,1,0,1,48,0.4375,predicted,0.25,0,1,1,CoryneRegNet,1,1,OP_cg2789,1,0,0,0,,,,0,0,0,0,0,0,0,,,,1,0,0,1,0.519805,5.10729e-49,0.519805,690,Kranz2022_expression_compendium_Zenodo6842664,6,0,1,,0,,0,,,,1
cg2114,lexA,cg0470,cg0470,1,curated_positive,R,0,1,0,1,16,0.3125,experimental,0.8,1,1,1,CoryneRegNet,1,1,OP_cg0470,1,0,0,0,,,,0,0,0,0,0,0,0,,,,0,0,0,0,,,,,,7,2,0,,0,,0,,,,1
cg2114,lexA,cg0471,cg0471,1,curated_positive,R,0,1,0,0,0,,experimental,0.75,1,1,1,CoryneRegNet,1,1,OP_cg0470,1,0,0,0,,,,0,1,1,0,0,0,0,,,,0,0,0,0,,,,,,8,2,0,,0,,0,,,,1
cg2114,lexA,cg0713,cg0713,1,curated_positive,R,0,1,0,1,16,0.5,experimental,0.8,1,1,1,CoryneRegNet,1,1,OP_cg0713,1,0,0,0,,,,0,0,0,0,0,0,0,,,,0,0,0,0,,,,,,7,1,0,,0,,0,,,,1
cg2114,lexA,cg0714,cg0714,1,curated_positive,R,0,1,0,0,0,,experimental,0.75,1,1,1,CoryneRegNet,1,1,OP_cg0713,1,0,0,0,,,,0,0,0,0,0,0,0,,,,0,0,0,0,,,,,,8,1,0,,0,,0,,,,1
cg2114,lexA,cg0738,dnaE2,1,curated_positive,R,0,1,0,1,16,0.25,experimental,0.8,1,1,1,CoryneRegNet,1,1,,0,0,0,0,,,,0,4,1,0,0,0,0,,,,0,0,0,0,,,,,,7,2,0,,0,,0,,,,1
cg2114,lexA,cg0742,cg0742,1,curated_positive,R,0,1,0,1,16,0.4375,experimental,0.8,1,1,1,CoryneRegNet,1,1,,0,0,0,0,,,,0,0,0,0,0,0,0,,,,0,0,0,0,,,,,,7,1,0,,0,,0,,,,1
cg2114,lexA,cg0834,cg0834,1,curated_positive,A,1,0,0,1,16,0.4375,experimental,0.8,1,1,1,CoryneRegNet,1,1,,0,0,0,0,,,,0,1,1,0,0,0,0,,,,0,0,0,0,,,,,,7,1,0,,0,,0,,,,1
cg2114,lexA,cg0841,cg0841,1,curated_positive,R,0,1,0,1,16,0.375,experimental,0.8,1,1,1,CoryneRegNet,1,1,,0,0,0,0,,,,0,0,0,0,0,0,0,,,,0,0,0,0,,,,,,7,2,0,,0,,0,,,,1
cg2114,lexA,cg0875,cg0875,1,curated_positive,R,0,1,0,1,16,0.3125,experimental,0.8,1,1,1,CoryneRegNet,1,1,,0,0,0,0,,,,0,0,0,0,0,0,0,,,,0,0,0,0,,,,,,7,0,0,,0,,0,,,,1
cg2114,lexA,cg0898,cg0898,1,curated_positive,A,1,0,0,1,16,0.3125,experimental,0.8,1,1,1,CoryneRegNet,1,1,OP_cg0898,1,0,0,0,,,,0,12,7,0,0,0,0,,,,0,0,0,0,,,,,,7,0,0,,0,,0,,,,1
cg2114,lexA,cg0899,cg0899,1,curated_positive,A,1,0,0,0,0,,experimental,0.75,1,1,1,CoryneRegNet,1,1,OP_cg0898,1,0,0,0,,,,0,11,6,0,0,0,0,,,,0,0,0,0,,,,,,8,0,0,,0,,0,,,,1
cg2114,lexA,cg1059,cg1059,1,curated_positive,R,0,1,0,1,32,0.4062,experimental,0.8,1,1,1,CoryneRegNet,1,1,,0,0,0,0,,,,0,0,0,0,0,0,0,,,,0,0,0,0,,,,,,7,0,0,,0,,0,,,,1
cg2114,lexA,cg1080,cg1080,1,curated_positive,R,0,1,0,1,16,0.1875,experimental,0.8,1,1,1,CoryneRegNet,1,1,,0,0,0,0,,,,0,0,0,0,0,0,0,,,,0,0,0,0,,,,,,7,0,0,,0,,0,,,,1
cg2114,lexA,cg1255,cg1255,1,curated_positive,R,0,1,0,1,16,0.3125,experimental,0.8,1,1,1,CoryneRegNet,1,1,,0,0,0,0,,,,0,0,0,0,0,0,0,,,,0,0,0,0,,,,,,7,0,0,,0,,0,,,,1
cg2114,lexA,cg1288,cg1288,1,curated_positive,R,0,1,0,1,16,0.25,experimental,0.8,1,1,1,CoryneRegNet,1,1,OP_cg1288,1,0,0,0,,,,0,10,2,0,0,0,0,,,,0,0,0,0,,,,,,7,0,0,,0,,0,,,,1
cg2114,lexA,cg1289,cg1289,1,curated_positive,R,0,1,0,0,0,,experimental,0.75,1,1,1,CoryneRegNet,1,1,OP_cg1288,1,0,0,0,,,,0,5,2,0,0,0,0,,,,0,0,0,0,,,,,,8,0,0,,0,,0,,,,1
cg2114,lexA,cg1314,putP,1,curated_positive,A,1,0,0,1,16,0.5,experimental,0.8,1,1,1,CoryneRegNet,1,1,,0,0,0,0,,,,0,6,6,0,0,0,0,,,,0,0,0,0,,,,,,7,0,0,,0,,0,,,,1
cg2114,lexA,cg1318,cg1318,1,curated_positive,R,0,1,0,1,16,0.3125,experimental,0.8,1,1,1,CoryneRegNet,1,1,OP_cg1318,1,0,0,0,,,,0,2,1,0,0,0,0,,,,0,0,0,0,,,,,,7,0,0,,0,,0,,,,1
cg2114,lexA,cg1319,cg1319,1,curated_positive,R,0,1,0,0,0,,experimental,0.75,1,1,1,CoryneRegNet,1,1,OP_cg1318,1,0,0,0,,,,0,0,0,0,0,0,0,,,,0,0,0,0,,,,,,8,0,0,,0,,0,,,,1
cg2114,lexA,cg1408,cg1408,1,curated_positive,R,0,1,0,1,16,0.4375,experimental,0.8,1,1,1,CoryneRegNet,1,1,,0,0,0,0,,,,0,0,0,0,0,0,0,,,,0,0,0,0,,,,,,7,0,0,,0,,0,,,,0
cg2114,lexA,cg1427,cg1427,1,curated_positive,R,0,1,0,1,16,0.375,experimental,0.8,1,1,1,CoryneRegNet,1,1,,0,0,0,0,,,,0,3,2,0,0,0,0,,,,0,0,0,0,,,,,,7,0,0,,0,,0,,,,1
cg2114,lexA,cg1559,cg1559,1,curated_positive,R,0,1,0,1,16,0.4375,experimental,0.8,1,1,1,CoryneRegNet,1,1,,0,0,0,0,,,,0,4,1,0,0,0,0,,,,0,0,0,0,,,,,,7,0,0,,0,,0,,,,0
cg2114,lexA,cg1560,uvrA,1,curated_positive,R,0,1,0,1,16,0.4375,experimental,0.8,1,1,1,CoryneRegNet,1,1,,0,0,0,0,,,,0,0,0,0,0,0,0,,,,0,0,0,0,,,,,,7,0,0,,0,,0,,,,1
cg2114,lexA,cg1602,recN,1,curated_positive,R,0,1,0,1,16,0.375,experimental,0.8,1,1,1,CoryneRegNet,1,1,,0,0,0,0,,,,0,1,1,0,0,0,0,,,,0,0,0,0,,,,,,7,0,0,,0,,0,,,,1
cg2114,lexA,cg1869,ruvB,1,curated_positive,R,0,1,0,0,0,,experimental,0.75,1,1,1,CoryneRegNet,1,1,OP_cg1871,1,0,0,0,,,,0,1,1,0,0,0,0,,,,0,0,0,0,,,,,,8,0,0,,0,,0,,,,1
cg2114,lexA,cg1870,ruvA,1,curated_positive,R,0,1,0,0,0,,experimental,0.75,1,1,1,CoryneRegNet,1,1,OP_cg1871,1,0,0,0,,,,0,1,1,0,0,0,0,,,,0,0,0,0,,,,,,8,0,0,,0,,0,,,,1
cg2114,lexA,cg1871,ruvC,1,curated_positive,R,0,1,0,1,16,0.4375,experimental,0.8,1,1,1,CoryneRegNet,1,1,OP_cg1871,1,0,0,0,,,,0,1,1,0,0,0,0,,,,0,0,0,0,,,,,,7,0,0,,0,,0,,,,1
cg2114,lexA,cg1881,cg1881,1,curated_positive,R,0,1,0,0,0,,experimental,0.75,1,1,1,CoryneRegNet,1,1,OP_cg1884,1,0,0,0,,,,0,6,1,0,0,0,0,,,,0,0,0,0,,,,,,8,0,0,,0,,0,,,,0
cg2114,lexA,cg1883,cg1883,1,curated_positive,R,0,1,0,0,0,,experimental,0.75,1,1,1,CoryneRegNet,1,1,OP_cg1884,1,0,0,0,,,,0,0,0,0,0,0,0,,,,0,0,0,0,,,,,,8,0,0,,0,,0,,,,0
cg2114,lexA,cg1884,cg1884,1,curated_positive,R,0,1,0,1,32,0.4062,experimental,0.8,1,1,1,CoryneRegNet,1,1,OP_cg1884,1,0,0,0,,,,0,0,0,0,0,0,0,,,,0,0,0,0,,,,,,7,1,0,,0,,0,,,,1
cg2114,lexA,cg1977,cg1977,1,curated_positive,R,0,1,0,1,32,0.3125,experimental,0.8,1,1,1,CoryneRegNet,1,1,,0,0,0,0,,,,0,0,0,0,0,0,0,,,,0,0,0,0,,,,,,7,0,0,,0,,0,,,,0
cg2114,lexA,cg2026,cg2026,1,curated_positive,R,0,1,0,1,16,0.25,experimental,0.8,1,1,1,CoryneRegNet,1,1,,0,0,0,0,,,,0,0,0,0,0,0,0,,,,0,0,0,0,,,,,,7,1,0,,0,,0,,,,1
cg2114,lexA,cg2034,cg2034,1,curated_positive,R,0,1,0,1,16,0.375,experimental,0.8,1,1,1,CoryneRegNet,1,1,,0,0,0,0,,,,0,0,0,0,0,0,0,,,,0,0,0,0,,,,,,7,2,0,,0,,0,,,,1
cg2114,lexA,cg2112,cg2112,1,curated_positive,R,0,1,0,0,0,,experimental,0.75,1,1,1,CoryneRegNet,1,1,OP_cg2113,1,0,0,0,,,,0,1,1,0,0,0,0,,,,0,0,0,0,,,,,,8,1,0,,0,,0,,,,0
cg2114,lexA,cg2113,cg2113,1,curated_positive,R,0,1,0,1,16,0.5,experimental,0.8,1,1,1,CoryneRegNet,1,1,OP_cg2113,1,0,0,0,,,,0,0,0,0,0,0,0,,,,0,0,0,0,,,,,,7,0,0,,0,,0,,,,1
cg2114,lexA,cg2114,lexA,1,curated_positive,R,0,1,0,1,48,0.4583,experimental,0.8,1,1,1,CoryneRegNet,1,1,,0,0,0,0,,,,0,0,0,0,0,0,0,,,,0,0,0,0,,,,,,7,0,0,,0,,0,,,,1
cg2114,lexA,cg2140,recX,1,curated_positive,R,0,1,0,0,0,,experimental,0.75,1,1,1,CoryneRegNet,1,1,OP_cg2141,1,0,0,0,,,,0,0,0,0,0,0,0,,,,0,0,0,0,,,,,,8,0,0,,0,,0,,,,1
cg2114,lexA,cg2141,recA,1,curated_positive,R,0,1,0,1,16,0.5,experimental,0.8,1,1,1,CoryneRegNet,1,1,OP_cg2141,1,0,0,0,,,,0,0,0,0,0,0,0,,,,0,0,0,0,,,,,,7,1,0,,0,,0,,,,1
cg2114,lexA,cg2158,ftsK,1,curated_positive,R,0,1,0,1,16,0.375,experimental,0.8,1,1,1,CoryneRegNet,1,1,,0,0,0,0,,,,0,0,0,0,0,0,0,,,,0,0,0,0,,,,,,7,0,0,,0,,0,,,,1
cg2114,lexA,cg2277,cg2277,1,curated_positive,R,0,1,0,1,16,0.375,experimental,0.8,1,1,1,CoryneRegNet,1,1,OP_cg2277,1,0,0,0,,,,0,0,0,0,0,0,0,,,,0,0,0,0,,,,,,7,0,0,,0,,0,,,,0
cg2114,lexA,cg2279,cg2279,1,curated_positive,R,0,1,0,0,0,,experimental,0.75,1,1,1,CoryneRegNet,1,1,OP_cg2277,1,0,0,0,,,,0,0,0,0,0,0,0,,,,0,0,0,0,,,,,,8,0,0,,0,,0,,,,0
cg2114,lexA,cg2381,cg2381,1,curated_positive,R,0,1,0,1,16,0.3125,experimental,0.8,1,1,1,CoryneRegNet,1,1,,0,0,0,0,,,,0,0,0,0,0,0,0,,,,0,0,0,0,,,,,,7,0,0,,0,,0,,,,1
cg2114,lexA,cg2449,cg2449,1,curated_positive,R,0,1,0,1,16,0.4375,experimental,0.8,1,1,1,CoryneRegNet,1,1,,0,0,0,0,,,,0,0,0,0,0,0,0,,,,0,0,0,0,,,,,,7,1,0,,0,,0,,,,0
cg2114,lexA,cg2504,cg2504,1,curated_positive,R,0,1,0,1,16,0.375,experimental,0.8,1,1,1,CoryneRegNet,1,1,,0,0,0,0,,,,0,0,0,0,0,0,0,,,,0,0,0,0,,,,,,7,0,0,,0,,0,,,,1
cg2114,lexA,cg2683,cg2683,1,curated_positive,R,0,1,0,1,16,0.625,experimental,0.8,1,1,1,CoryneRegNet,1,1,,0,0,0,0,,,,0,0,0,0,0,0,0,,,,0,0,0,0,,,,,,7,2,0,,0,,0,,,,1
cg2114,lexA,cg2733,cg2733,1,curated_positive,R,0,1,0,1,16,0.375,experimental,0.8,1,1,1,CoryneRegNet,1,1,,0,0,0,0,,,,0,0,0,0,0,0,0,,,,0,0,0,0,,,,,,7,1,0,,0,,0,,,,1
cg2114,lexA,cg2950,radA,1,curated_positive,R,0,1,0,1,16,0.5,experimental,0.8,1,1,1,CoryneRegNet,1,1,OP_cg2950,1,0,0,0,,,,0,0,0,0,0,0,0,,,,0,0,0,0,,,,,,7,0,0,,0,,0,,,,1
cg2114,lexA,cg3345,cg3345,1,curated_positive,R,0,1,0,1,16,0.375,experimental,0.8,1,1,1,CoryneRegNet,1,1,,0,0,0,0,,,,0,0,0,0,0,0,0,,,,0,0,0,0,,,,,,7,1,0,,0,,0,,,,0
cg2115,cg2115,cg0441,lpd,1,curated_positive,R,0,1,0,0,0,,predicted,0.2,0,1,1,CoryneRegNet,1,1,,0,0,0,0,,,,0,11,6,0,0,0,0,,,,0,0,0,1,0.730667,2.41582e-150,0.730667,896,Kranz2022_expression_compendium_Zenodo6842664,7,1,0,,0,,0,,,,0
cg2115,cg2115,cg0637,betB,1,curated_positive,R,0,1,0,0,0,,predicted,0.05,0,0,0,CoryneRegNet,1,1,OP_cg0640,1,0,0,0,,,,0,12,6,0,0,0,0,,,,0,0,0,1,0.474737,2.87874e-33,0.474737,568,Kranz2022_expression_compendium_Zenodo6842664,7,1,0,,0,,0,,,,0
cg2115,cg2115,cg0638,cg0638,1,curated_positive,R,0,1,0,0,0,,predicted,0.05,0,0,0,CoryneRegNet,1,1,OP_cg0640,1,0,0,0,,,,0,1,1,0,0,0,0,,,,0,0,0,0,,,,,,8,1,0,,0,,0,,,,0
cg2115,cg2115,cg0639,cg0639,1,curated_positive,R,0,1,0,0,0,,predicted,0.05,0,0,0,CoryneRegNet,1,1,OP_cg0640,1,0,0,0,,,,0,0,0,0,0,0,0,,,,0,0,0,1,0.573376,1.3208e-54,0.573376,610,Kranz2022_expression_compendium_Zenodo6842664,7,1,0,,0,,0,,,,0
cg2115,cg2115,cg0641,fabG2,1,curated_positive,R,0,1,0,0,0,,predicted,0.05,0,0,0,CoryneRegNet,1,1,OP_cg0645,1,0,0,0,,,,0,1,1,0,0,0,0,,,,0,0,0,1,0.499998,1.00056e-31,0.499998,480,Kranz2022_expression_compendium_Zenodo6842664,7,1,0,,0,,0,,,,0
cg2115,cg2115,cg0642,cg0642,1,curated_positive,R,0,1,0,0,0,,predicted,0.05,0,0,0,CoryneRegNet,1,1,OP_cg0645,1,0,0,0,,,,0,6,6,0,0,0,0,,,,0,0,0,1,0.509883,4.26688e-30,0.509883,434,Kranz2022_expression_compendium_Zenodo6842664,7,1,0,,0,,0,,,,0
cg2115,cg2115,cg0644,cg0644,1,curated_positive,R,0,1,0,0,0,,predicted,0.05,0,0,0,CoryneRegNet,1,1,OP_cg0645,1,0,0,0,,,,0,1,1,0,0,0,0,,,,0,0,0,1,0.590363,1.35383e-49,0.590363,514,Kranz2022_expression_compendium_Zenodo6842664,7,1,0,,0,,0,,,,0
cg2115,cg2115,cg0645,cytP,1,curated_positive,R,0,1,0,0,0,,predicted,0.2,0,1,1,CoryneRegNet,1,1,OP_cg0645,1,0,0,0,,,,0,7,7,0,0,0,0,,,,0,0,0,1,0.61683,3.52108e-64,0.61683,600,Kranz2022_expression_compendium_Zenodo6842664,7,1,0,,0,,0,,,,0
cg2115,cg2115,cg0680,cg0680,1,curated_positive,R,0,1,0,0,0,,predicted,0.2,0,1,1,CoryneRegNet,1,1,,0,0,0,0,,,,0,0,0,0,0,0,0,,,,0,0,0,0,,,,,,8,0,0,,0,,0,,,,0
cg2115,cg2115,cg0681,alr,1,curated_positive,R,0,1,0,0,0,,predicted,0.2,0,1,1,CoryneRegNet,1,1,OP_cg0681,1,0,0,0,,,,0,11,6,0,0,0,0,,,,0,0,0,0,,,,,,8,0,0,,0,,0,,,,0
cg2115,cg2115,cg1111,eno,1,curated_positive,R,0,1,0,0,0,,experimental,0.75,1,1,1,CoryneRegNet,1,1,,0,0,0,0,,,,0,11,6,0,0,0,0,,,,0,0,0,1,0.579708,2.34276e-83,0.579708,916,Kranz2022_expression_compendium_Zenodo6842664,7,1,0,,0,,0,,,,0
cg2115,cg2115,cg1283,aroE2,1,curated_positive,R,0,1,0,0,0,,predicted,0.2,0,1,1,CoryneRegNet,1,1,,0,0,0,0,,,,0,11,6,0,0,0,0,,,,0,0,0,0,,,,,,8,0,0,,0,,0,,,,0
cg2115,cg2115,cg1284,lipT,1,curated_positive,R,0,1,0,0,0,,predicted,0.2,0,1,1,CoryneRegNet,1,1,OP_cg1284,1,0,0,0,,,,0,0,0,0,0,0,0,,,,0,0,0,1,0.713055,2.57715e-136,0.713055,872,Kranz2022_expression_compendium_Zenodo6842664,7,0,0,,0,,0,,,,0
cg2115,cg2115,cg1285,cg1285,1,curated_positive,R,0,1,0,0,0,,predicted,0.05,0,0,0,CoryneRegNet,1,1,OP_cg1284,1,0,0,0,,,,0,0,0,0,0,0,0,,,,0,0,0,0,,,,,,8,0,0,,0,,0,,,,0
cg2115,cg2115,cg1408,cg1408,1,curated_positive,R,0,1,0,0,0,,predicted,0.2,0,1,1,CoryneRegNet,1,1,,0,0,0,0,,,,0,0,0,0,0,0,0,,,,0,0,0,1,0.773744,6.69833e-170,0.773744,848,Kranz2022_expression_compendium_Zenodo6842664,7,0,0,,0,,0,,,,0
cg2115,cg2115,cg1409,pfkA,1,curated_positive,R,0,1,0,0,0,,experimental,0.75,1,1,1,CoryneRegNet,1,1,,0,0,0,0,,,,0,12,7,0,0,0,0,,,,0,0,0,0,,,,,,8,0,0,,0,,0,,,,0
cg2115,cg2115,cg1537,ptsG,1,curated_positive,R,0,1,0,1,9,0.4444,experimental,0.8,1,1,4,CoryneRegNet,1,1,,0,0,0,0,,,,0,7,7,0,0,0,0,,,,0,0,0,1,0.554664,4.22903e-73,0.554664,892,Kranz2022_expression_compendium_Zenodo6842664,6,0,0,,0,,0,,,,0
cg2115,cg2115,cg1773,ctaB,1,curated_positive,R,0,1,0,0,0,,predicted,0.2,0,1,1,CoryneRegNet,1,1,,0,0,0,0,,,,0,0,0,0,0,0,0,,,,0,0,0,1,0.7215,3.3838e-137,0.7215,848,Kranz2022_expression_compendium_Zenodo6842664,7,0,0,,0,,0,,,,0
cg2115,cg2115,cg1774,tkt,1,curated_positive,R,0,1,0,0,0,,predicted,0.2,0,1,1,CoryneRegNet,1,1,OP_cg1774,1,0,0,0,,,,0,11,6,0,0,0,0,,,,0,0,0,0,,,,,,8,0,0,,0,,0,,,,0
cg2115,cg2115,cg1776,tal,1,curated_positive,R,0,1,0,0,0,,predicted,0.05,0,0,0,CoryneRegNet,1,1,OP_cg1774,1,0,0,0,,,,0,22,6,0,0,0,0,,,,0,0,0,1,0.65853,1.01234e-114,0.65853,914,Kranz2022_expression_compendium_Zenodo6842664,7,0,0,,0,,0,,,,0
cg2115,cg2115,cg1778,zwf,1,curated_positive,R,0,1,0,0,0,,predicted,0.05,0,0,0,CoryneRegNet,1,1,OP_cg1774,1,0,0,0,,,,0,11,6,0,0,0,0,,,,0,0,0,1,0.684649,1.12033e-127,0.684649,916,Kranz2022_expression_compendium_Zenodo6842664,7,0,0,,0,,0,,,,0
cg2115,cg2115,cg1779,opcA,1,curated_positive,R,0,1,0,0,0,,predicted,0.05,0,0,0,CoryneRegNet,1,1,OP_cg1774,1,0,0,0,,,,0,0,0,0,0,0,0,,,,0,0,0,0,,,,,,8,0,0,,0,,0,,,,0
cg2115,cg2115,cg1780,devB,1,curated_positive,R,0,1,0,0,0,,predicted,0.05,0,0,0,CoryneRegNet,1,1,OP_cg1774,1,0,0,0,,,,0,6,6,0,0,0,0,,,,0,0,0,0,,,,,,8,0,0,,0,,0,,,,0
cg2115,cg2115,cg1791,gap,1,curated_positive,R,0,1,0,0,0,,experimental,0.75,1,1,1,CoryneRegNet,1,1,,0,0,0,0,,,,0,11,6,0,0,0,0,,,,0,0,0,1,0.548571,6.06474e-73,0.548571,914,Kranz2022_expression_compendium_Zenodo6842664,7,0,0,,0,,0,,,,0
cg2115,cg2115,cg2115,cg2115,1,curated_positive,R,0,1,0,1,9,0.4444,predicted,0.25,0,1,2,CoryneRegNet,1,1,OP_cg2115,1,0,0,0,,,,0,0,0,0,0,0,0,,,,0,0,0,0,,,,,,7,0,0,,0,,0,,,,0
cg2115,cg2115,cg2116,cg2116,1,curated_positive,R,0,1,0,0,0,,predicted,0.05,0,0,0,CoryneRegNet,1,1,OP_cg2115,1,0,0,0,,,,0,0,0,0,0,0,0,,,,0,0,0,0,,,,,,8,0,0,,0,,0,,,,0
cg2115,cg2115,cg2117,ptsI,1,curated_positive,R,0,1,0,0,0,,experimental,0.75,1,1,3,CoryneRegNet,1,1,,0,0,0,0,,,,0,55,7,0,0,0,0,,,,0,0,0,0,,,,,,8,1,0,,0,,0,,,,0
cg2115,cg2115,cg2118,cg2118,1,curated_positive,R,0,1,0,1,9,0.5556,experimental,0.8,1,1,4,CoryneRegNet,1,1,OP_cg2118,1,0,0,0,,,,0,0,0,0,0,0,0,,,,0,0,0,1,0.764711,8.1548e-173,0.764711,896,Kranz2022_expression_compendium_Zenodo6842664,6,0,0,,0,,0,,,,0
cg2115,cg2115,cg2119,pfkB,1,curated_positive,R,0,1,0,0,0,,experimental,0.75,1,1,2,CoryneRegNet,1,1,OP_cg2118,1,0,0,0,,,,0,6,6,0,0,0,0,,,,0,0,0,1,0.651982,2.94837e-111,0.651982,910,Kranz2022_expression_compendium_Zenodo6842664,7,0,0,,0,,0,,,,0
cg2115,cg2115,cg2120,ptsF,1,curated_positive,R,0,1,0,0,0,,experimental,0.75,1,1,2,CoryneRegNet,1,1,OP_cg2118,1,0,0,0,,,,0,2,2,0,0,0,0,,,,0,0,0,1,0.639942,1.30883e-104,0.639942,898,Kranz2022_expression_compendium_Zenodo6842664,7,1,0,,0,,0,,,,0
cg2115,cg2115,cg2121,ptsH,1,curated_positive,R,0,1,0,1,9,0.4444,experimental,0.8,1,1,4,CoryneRegNet,1,1,,0,0,0,0,,,,0,13,7,0,0,0,0,,,,0,0,0,1,0.753045,3.70075e-166,0.753045,904,Kranz2022_expression_compendium_Zenodo6842664,6,1,0,,0,,0,,,,0
cg2115,cg2115,cg2157,terC,1,curated_positive,R,0,1,0,0,0,,predicted,0.2,0,1,1,CoryneRegNet,1,1,,0,0,0,0,,,,0,2,1,0,0,0,0,,,,0,0,0,0,,,,,,8,0,0,,0,,0,,,,0
cg2115,cg2115,cg2262,ftsY,1,curated_positive,R,0,1,0,0,0,,predicted,0.2,0,1,1,CoryneRegNet,1,1,,0,0,0,0,,,,0,0,0,0,0,0,0,,,,0,0,0,1,0.739509,3.50878e-135,0.739509,776,Kranz2022_expression_compendium_Zenodo6842664,7,0,0,,0,,0,,,,0
cg2115,cg2115,cg2291,pyk,1,curated_positive,R,0,1,0,0,0,,experimental,0.75,1,1,1,CoryneRegNet,1,1,,0,0,0,0,,,,0,6,6,0,0,0,0,,,,0,0,0,1,0.578861,4.60539e-83,0.578861,916,Kranz2022_expression_compendium_Zenodo6842664,7,0,0,,0,,0,,,,0
cg2115,cg2115,cg2795,cg2795,1,curated_positive,R,0,1,0,0,0,,predicted,0.2,0,1,1,CoryneRegNet,1,1,,0,0,0,0,,,,0,18,6,0,0,0,0,,,,0,0,0,0,,,,,,8,0,0,,0,,0,,,,0
cg2115,cg2115,cg2796,cg2796,1,curated_positive,R,0,1,0,0,0,,predicted,0.2,0,1,1,CoryneRegNet,1,1,,0,0,0,0,,,,0,11,6,0,0,0,0,,,,0,0,0,1,0.614177,2.04472e-67,0.614177,638,Kranz2022_expression_compendium_Zenodo6842664,7,0,0,,0,,0,,,,0
cg2115,cg2115,cg2831,cg2831,1,curated_positive,R,0,1,0,1,18,0.5,experimental + predicted,0.8,1,1,2,CoryneRegNet,1,1,,0,0,0,0,,,,0,0,0,0,0,0,0,,,,0,0,0,0,,,,,,7,2,0,,0,,0,,,,0
cg2115,cg2115,cg2833,cysK,1,curated_positive,R,0,1,0,0,0,,predicted,0.2,0,1,1,CoryneRegNet,1,1,,0,0,0,0,,,,0,6,6,0,0,0,0,,,,0,0,0,0,,,,,,8,2,0,,0,,0,,,,0
cg2115,cg2115,cg2925,ptsS,1,curated_positive,R,0,1,0,1,9,0.5556,experimental,0.8,1,1,4,CoryneRegNet,1,1,,0,0,0,0,,,,0,2,1,0,0,0,0,,,,0,0,0,1,0.601845,3.23247e-88,0.601845,884,Kranz2022_expression_compendium_Zenodo6842664,6,0,0,,0,,0,,,,0
cg2115,cg2115,cg3068,fda,1,curated_positive,R,0,1,0,0,0,,experimental,0.75,1,1,1,CoryneRegNet,1,1,,0,0,0,0,,,,0,11,6,0,0,0,0,,,,0,0,0,1,0.406486,3.99198e-28,0.406486,672,Kranz2022_expression_compendium_Zenodo6842664,7,1,0,,0,,0,,,,0
cg2115,cg2115,cg3219,ldh,1,curated_positive,R,0,1,0,1,9,0.4444,experimental,0.8,1,1,3,CoryneRegNet,1,1,,0,0,0,0,,,,0,6,6,0,0,0,0,,,,0,0,0,1,0.559219,1.74278e-76,0.559219,916,Kranz2022_expression_compendium_Zenodo6842664,6,0,0,,0,,0,,,,0
cg2115,cg2115,cg3365,rmpC,1,curated_positive,R,0,1,0,0,0,,predicted,0.05,0,0,0,CoryneRegNet,1,1,OP_cg3366,1,0,0,0,,,,0,37,7,0,0,0,0,,,,0,0,0,1,0.759362,4.7726e-166,0.759362,880,Kranz2022_expression_compendium_Zenodo6842664,7,0,0,,0,,0,,,,0
cg2115,cg2115,cg3366,rmpA,1,curated_positive,R,0,1,0,0,0,,predicted,0.2,0,1,1,CoryneRegNet,1,1,OP_cg3366,1,0,0,0,,,,0,0,0,0,0,0,0,,,,0,0,0,1,0.763534,7.79991e-171,0.763534,890,Kranz2022_expression_compendium_Zenodo6842664,7,0,0,,0,,0,,,,0
cg2118,cg2118,cg2117,ptsI,1,curated_positive,R,0,1,0,0,0,,experimental,0.75,1,1,1,CoryneRegNet,1,1,,0,0,0,0,,,,0,55,7,0,0,0,0,,,,0,0,0,0,,,,,,8,1,0,,0,,0,,,,1
cg2118,cg2118,cg2118,cg2118,1,curated_positive,R,0,1,0,0,0,,experimental,0.75,1,1,1,CoryneRegNet,1,1,OP_cg2118,1,0,0,0,,,,0,0,0,0,0,0,0,,,,0,0,0,0,,,,,,8,0,0,,0,,0,,,,1
cg2118,cg2118,cg2119,pfkB,1,curated_positive,R,0,1,0,0,0,,experimental,0.75,1,1,1,CoryneRegNet,1,1,OP_cg2118,1,0,0,0,,,,0,6,6,0,0,0,0,,,,0,0,0,1,0.847393,7.05166e-263,0.847393,950,Kranz2022_expression_compendium_Zenodo6842664,7,0,0,,0,,0,,,,1
cg2118,cg2118,cg2120,ptsF,1,curated_positive,R,0,1,0,0,0,,experimental,0.75,1,1,1,CoryneRegNet,1,1,OP_cg2118,1,0,0,0,,,,0,2,2,0,0,0,0,,,,0,0,0,1,0.808082,1.67804e-215,0.808082,930,Kranz2022_expression_compendium_Zenodo6842664,7,1,0,,0,,0,,,,1
cg2118,cg2118,cg2121,ptsH,1,curated_positive,R,0,1,0,0,0,,experimental,0.75,1,1,1,CoryneRegNet,1,1,,0,0,0,0,,,,0,13,7,0,0,0,0,,,,0,0,0,1,0.653551,6.23902e-113,0.653551,918,Kranz2022_expression_compendium_Zenodo6842664,7,1,0,,0,,0,,,,1
cg2152,cg2152,cg0297,cg0297,1,curated_positive,A,1,0,0,1,18,0.5556,experimental,0.8,1,1,1,CoryneRegNet,1,1,OP_cg0297,1,0,0,0,,,,0,0,0,0,0,0,0,,,,0,0,0,1,0.766246,1.56279e-168,0.766246,868,Kranz2022_expression_compendium_Zenodo6842664,6,0,0,,0,,0,,,,1
cg2152,cg2152,cg0298,recR,1,curated_positive,A,1,0,0,0,0,,experimental,0.75,1,1,1,CoryneRegNet,1,1,OP_cg0297,1,0,0,0,,,,0,1,1,0,0,0,0,,,,0,0,0,1,0.606433,6.79286e-89,0.606433,874,Kranz2022_expression_compendium_Zenodo6842664,7,0,0,,0,,0,,,,1
cg2152,cg2152,cg0892,cg0892,1,curated_positive,A,1,0,0,1,18,0.5,experimental,0.8,1,1,1,CoryneRegNet,1,1,,0,0,0,0,,,,0,0,0,0,0,0,0,,,,0,0,0,0,,,,,,7,0,0,,0,,0,,,,1
cg2152,cg2152,cg2126,cg2126,1,curated_positive,A,1,0,0,1,18,0.6111,experimental,0.8,1,1,1,CoryneRegNet,1,1,,0,0,0,0,,,,0,1,1,0,0,0,0,,,,0,0,0,1,0.796672,2.98147e-197,0.796672,894,Kranz2022_expression_compendium_Zenodo6842664,6,1,0,,0,,0,,,,1
cg2152,cg2152,cg2644,clpP2,1,curated_positive,A,1,0,0,0,0,,experimental,0.75,1,1,2,CoryneRegNet,1,1,OP_cg2645,1,0,0,0,,,,0,1,1,0,0,0,0,,,,0,0,0,0,,,,,,8,1,0,,0,,0,,,,1
cg2152,cg2152,cg2645,clpP1,1,curated_positive,A,1,0,0,1,18,0.4444,experimental,0.8,1,1,2,CoryneRegNet,1,1,OP_cg2645,1,0,0,0,,,,0,0,0,0,0,0,0,,,,0,0,0,0,,,,,,7,1,0,,0,,0,,,,1
cg2152,cg2152,cg2873,ptrB,1,curated_positive,A,1,0,0,1,18,0.5556,experimental,0.8,1,1,1,CoryneRegNet,1,1,,0,0,0,0,,,,0,0,0,0,0,0,0,,,,0,0,0,0,,,,,,7,0,0,,0,,0,,,,1
cg2152,cg2152,cg2963,clpC,1,curated_positive,A,1,0,0,1,18,0.5556,experimental,0.8,1,1,2,CoryneRegNet,1,1,,0,0,0,0,,,,0,0,0,0,0,0,0,,,,0,0,0,0,,,,,,7,0,0,,0,,0,,,,1
cg2200,cg2200,cg2202,cg2202,1,curated_positive,A,1,0,0,1,25,0.56,experimental,0.8,1,1,1,CoryneRegNet,1,1,OP_cg2202,1,0,0,0,,,,0,0,0,0,0,0,0,,,,0,0,0,0,,,,,,7,0,1,,0,,0,,,,0
cg2200,cg2200,cg2204,cg2204,1,curated_positive,A,1,0,0,0,0,,experimental,0.75,1,1,1,CoryneRegNet,1,1,OP_cg2202,1,0,0,0,,,,0,1,1,0,0,0,0,,,,0,0,0,0,,,,,,8,0,1,,0,,0,,,,0
cg2200,cg2200,cg3247,cgtR11,1,curated_positive,R,0,1,0,1,25,0.36,experimental,0.8,1,1,1,CoryneRegNet,1,1,,0,0,0,0,,,,0,0,0,0,0,0,0,,,,0,0,0,0,,,,,,7,0,1,,0,,0,,,,0
cg2268,cg2268,cg2269,cg2269,1,curated_positive,A,1,0,0,0,0,,predicted,0.05,0,0,0,CoryneRegNet,1,1,,0,0,0,0,,,,0,0,0,0,0,0,0,,,,2,0,0,0,,,,,,8,0,0,,0,,0,,,,0
cg2309,cg2309,cg0095,bioB,1,curated_positive,R,0,1,0,1,60,0.3667,experimental + predicted,0.8,1,1,2,CoryneRegNet,1,1,,0,0,0,0,,,,0,6,6,0,0,0,0,,,,0,0,0,0,,,,,,7,0,0,,0,,0,,,,1
cg2309,cg2309,cg0096,cg0096,1,curated_positive,R,0,1,0,0,0,,experimental,0.75,1,1,1,CoryneRegNet,1,1,OP_cg0096,1,0,0,0,,,,0,1,1,0,0,0,0,,,,0,0,0,0,,,,,,8,0,0,,0,,0,,,,1
cg2309,cg2309,cg0097,cg0097,1,curated_positive,R,0,1,0,0,0,,experimental,0.75,1,1,1,CoryneRegNet,1,1,OP_cg0096,1,0,0,0,,,,0,0,0,0,0,0,0,,,,0,0,0,0,,,,,,8,0,0,,0,,0,,,,0
cg2309,cg2309,cg2147,cg2147,1,curated_positive,R,0,1,0,1,30,0.4333,experimental + predicted,0.8,1,1,2,CoryneRegNet,1,1,OP_cg2147,1,0,0,0,,,,0,0,0,0,0,0,0,,,,0,0,0,0,,,,,,7,0,0,,0,,0,,,,1
cg2309,cg2309,cg2148,cg2148,1,curated_positive,R,0,1,0,0,0,,experimental + predicted,0.75,1,1,2,CoryneRegNet,1,1,OP_cg2147,1,0,0,0,,,,0,0,0,0,0,0,0,,,,0,0,0,0,,,,,,8,0,0,,0,,0,,,,1
cg2309,cg2309,cg2149,cg2149,1,curated_positive,R,0,1,0,0,0,,experimental + predicted,0.75,1,1,2,CoryneRegNet,1,1,OP_cg2147,1,0,0,0,,,,0,0,0,0,0,0,0,,,,0,0,0,0,,,,,,8,0,0,,0,,0,,,,1
cg2309,cg2309,cg2883,cg2883,1,curated_positive,R,0,1,0,0,0,,experimental,0.75,1,1,1,CoryneRegNet,1,1,,0,0,0,0,,,,0,0,0,0,0,0,0,,,,0,0,0,0,,,,,,8,0,0,,0,,0,,,,0
cg2309,cg2309,cg2884,cg2884,1,curated_positive,R,0,1,0,0,0,,experimental,0.75,1,1,1,CoryneRegNet,1,1,,0,0,0,0,,,,0,0,0,0,0,0,0,,,,0,0,0,0,,,,,,8,1,0,,0,,0,,,,0
cg2309,cg2309,cg2885,bioA,1,curated_positive,R,0,1,0,1,30,0.3333,experimental + predicted,0.8,1,1,2,CoryneRegNet,1,1,OP_cg2885,1,0,0,0,,,,0,11,6,0,0,0,0,,,,0,0,0,0,,,,,,7,0,0,,0,,0,,,,1
cg2309,cg2309,cg2886,bioD,1,curated_positive,R,0,1,0,0,0,,experimental + predicted,0.75,1,1,2,CoryneRegNet,1,1,OP_cg2885,1,0,0,0,,,,0,6,6,0,0,0,0,,,,0,0,0,0,,,,,,8,0,0,,0,,0,,,,1
cg2500,cg2500,cg2500,cg2500,1,curated_positive,R,0,1,0,0,0,,predicted,0.2,0,1,1,CoryneRegNet,1,1,OP_cg2500,1,0,0,0,,,,0,0,0,0,0,0,0,,,,0,0,0,0,,,,,,8,0,0,,0,,0,,,,1
cg2500,cg2500,cg2502,fur,1,curated_positive,R,0,1,0,0,0,,predicted,0.2,0,1,1,CoryneRegNet,1,1,OP_cg2500,1,0,0,0,,,,0,0,0,0,0,0,0,,,,0,0,0,0,,,,,,8,0,0,,0,,0,,,,1
cg2502,fur,cg0040,cg0040,1,curated_positive,R,0,1,0,0,0,,experimental,0.75,1,1,1,CoryneRegNet,1,1,OP_cg0042,1,0,0,0,,,,0,0,0,0,0,0,0,,,,0,0,0,0,,,,,,8,1,0,,0,,0,,,,1
cg2502,fur,cg0041,cg0041,1,curated_positive,R,0,1,0,0,0,,experimental,0.75,1,1,1,CoryneRegNet,1,1,OP_cg0042,1,0,0,0,,,,0,6,6,0,0,0,0,,,,0,0,0,0,,,,,,8,1,0,,0,,0,,,,1
cg2502,fur,cg0042,cg0042,1,curated_positive,R,0,1,0,1,21,0.2381,experimental,0.8,1,1,1,CoryneRegNet,1,1,OP_cg0042,1,0,0,0,,,,0,6,6,0,0,0,0,,,,0,0,0,0,,,,,,7,2,0,,0,,0,,,,1
cg2502,fur,cg0043,cg0043,1,curated_positive,R,0,1,0,1,21,0.2381,experimental,0.8,1,1,1,CoryneRegNet,1,1,,0,0,0,0,,,,0,6,6,0,0,0,0,,,,0,0,0,0,,,,,,7,1,0,,0,,0,,,,1
cg2502,fur,cg0794,cg0794,1,curated_positive,R,0,1,0,1,42,0.2143,experimental,0.8,1,1,1,CoryneRegNet,1,1,,0,0,0,0,,,,0,0,0,0,0,0,0,,,,0,0,0,0,,,,,,7,0,0,,0,,0,,,,1
cg2502,fur,cg0795,cg0795,1,curated_positive,R,0,1,0,1,42,0.2143,experimental,0.8,1,1,1,CoryneRegNet,1,1,,0,0,0,0,,,,0,0,0,0,0,0,0,,,,0,0,0,0,,,,,,7,0,0,,0,,0,,,,1
cg2502,fur,cg1447,cg1447,1,curated_positive,R,0,1,0,1,21,0.2381,experimental,0.8,1,1,1,CoryneRegNet,1,1,OP_cg1447,1,0,0,0,,,,0,1,1,0,0,0,0,,,,0,0,0,0,,,,,,7,0,0,,0,,0,,,,0
cg2502,fur,cg2911,cg2911,1,curated_positive,R,0,1,0,1,21,0.2857,experimental,0.8,1,1,1,CoryneRegNet,1,1,OP_cg2911,1,0,0,0,,,,0,6,6,0,0,0,0,,,,0,0,0,0,,,,,,7,0,0,,0,,0,,,,1
cg2502,fur,cg2912,cg2912,1,curated_positive,R,0,1,0,0,0,,experimental,0.75,1,1,1,CoryneRegNet,1,1,OP_cg2911,1,0,0,0,,,,0,6,6,0,0,0,0,,,,0,0,0,0,,,,,,8,0,0,,0,,0,,,,1
cg2502,fur,cg2913,cg2913,1,curated_positive,R,0,1,0,0,0,,experimental,0.75,1,1,1,CoryneRegNet,1,1,OP_cg2911,1,0,0,0,,,,0,7,7,0,0,0,0,,,,0,0,0,0,,,,,,8,0,0,,0,,0,,,,1
cg2516,hrcA,cg0690,groES,1,curated_positive,R,0,1,0,1,54,0.5741,experimental + predicted,0.8,1,1,3,CoryneRegNet,1,1,OP_cg0690,1,0,0,0,,,,0,0,0,0,0,0,0,,,,0,0,0,1,0.687817,3.65338e-135,0.687817,958,Kranz2022_expression_compendium_Zenodo6842664,6,0,0,,0,,0,,,,1
cg2516,hrcA,cg0691,groEL,1,curated_positive,R,0,1,0,0,0,,experimental + predicted,0.75,1,1,3,CoryneRegNet,1,1,OP_cg0690,1,0,0,0,,,,0,1,1,0,0,0,0,,,,0,0,0,1,0.724324,2.69061e-154,0.724324,944,Kranz2022_expression_compendium_Zenodo6842664,7,0,0,,0,,0,,,,1
cg2516,hrcA,cg1553,cg1553,1,curated_positive,R,0,1,0,1,27,0.2963,experimental,0.8,1,1,1,CoryneRegNet,1,1,,0,0,0,0,,,,0,1,1,0,0,0,0,,,,0,0,0,0,,,,,,7,0,0,,0,,0,,,,0
cg2516,hrcA,cg3011,groEL,1,curated_positive,R,0,1,0,1,54,0.4815,experimental + predicted,0.8,1,1,3,CoryneRegNet,1,1,,0,0,0,0,,,,0,0,0,0,0,0,0,,,,0,0,0,1,0.705447,3.46647e-144,0.705447,952,Kranz2022_expression_compendium_Zenodo6842664,6,0,0,,0,,0,,,,1
cg2544,cg2544,cg0350,cg0350,1,curated_positive,A,1,0,0,1,15,0.2667,experimental,0.8,1,1,1,CoryneRegNet,1,1,,0,0,0,0,,,,0,0,0,0,0,0,0,,,,0,0,0,0,,,,,,7,0,0,,0,,0,,,,0
cg2544,cg2544,cg2540,cg2540,1,curated_positive,R,0,1,0,0,0,,experimental,0.75,1,1,1,CoryneRegNet,1,1,OP_cg2543,1,0,0,0,,,,0,0,0,0,0,0,0,,,,0,0,0,0,,,,,,8,0,0,,0,,0,,,,1
cg2544,cg2544,cg2542,cg2542,1,curated_positive,R,0,1,0,0,0,,experimental,0.75,1,1,1,CoryneRegNet,1,1,OP_cg2543,1,0,0,0,,,,0,0,0,0,0,0,0,,,,0,0,0,0,,,,,,8,0,0,,0,,0,,,,1
cg2544,cg2544,cg2543,glcD,1,curated_positive,R,0,1,0,0,0,,experimental,0.75,1,1,1,CoryneRegNet,1,1,OP_cg2543,1,0,0,0,,,,0,6,6,0,0,0,0,,,,0,0,0,0,,,,,,8,0,0,,0,,0,,,,1
cg2615,cg2615,cg2616,vanA,1,curated_positive,R,0,1,0,1,47,0.2553,experimental,0.8,1,1,3,CoryneRegNet,1,1,OP_cg2616,1,0,0,0,,,,0,0,0,0,0,0,0,,,,0,0,0,0,,,,,,7,0,1,,0,,0,,,,1
cg2615,cg2615,cg2617,vanB,1,curated_positive,R,0,1,0,0,0,,experimental,0.75,1,1,3,CoryneRegNet,1,1,OP_cg2616,1,0,0,0,,,,0,6,1,0,0,0,0,,,,0,0,0,0,,,,,,8,0,1,,0,,0,,,,1
cg2615,cg2615,cg2618,vanK,1,curated_positive,R,0,1,0,0,0,,experimental,0.75,1,1,3,CoryneRegNet,1,1,OP_cg2616,1,0,0,0,,,,0,0,0,0,0,0,0,,,,0,0,0,0,,,,,,8,0,1,,0,,0,,,,1
cg2624,pcaR,cg1225,benK3,1,curated_positive,R,0,1,0,0,0,,predicted,0.2,0,1,1,CoryneRegNet,1,1,OP_cg1226,1,0,0,0,,,,0,1,1,0,0,0,0,,,,0,0,0,0,,,,,,8,0,0,,0,,0,,,,1
cg2624,pcaR,cg1226,pobB,1,curated_positive,R,0,1,0,1,15,0.6,predicted,0.25,0,1,1,CoryneRegNet,1,1,OP_cg1226,1,0,0,0,,,,0,2,1,0,0,0,0,,,,0,0,0,0,,,,,,7,0,0,,0,,0,,,,1
cg2624,pcaR,cg2622,scoB,1,curated_positive,R,0,1,0,0,0,,experimental,0.75,1,1,1,CoryneRegNet,1,1,OP_cg2623,1,0,0,0,,,,0,0,0,0,0,0,0,,,,0,0,0,0,,,,,,8,0,0,,0,,0,,,,1
cg2624,pcaR,cg2623,scoA,1,curated_positive,R,0,1,0,1,15,0.5333,experimental,0.8,1,1,1,CoryneRegNet,1,1,OP_cg2623,1,0,0,0,,,,0,0,0,0,0,0,0,,,,0,0,0,0,,,,,,7,0,0,,0,,0,,,,1
cg2624,pcaR,cg2624,pcaR,1,curated_positive,R,0,1,0,1,15,0.5333,predicted,0.1,0,0,0,CoryneRegNet,1,1,OP_cg2624,1,0,0,0,,,,0,0,0,0,0,0,0,,,,0,0,0,0,,,,,,7,0,0,,0,,0,,,,1
cg2624,pcaR,cg2625,pcaF,1,curated_positive,R,0,1,0,0,0,,experimental,0.75,1,1,1,CoryneRegNet,1,1,OP_cg2624,1,0,0,0,,,,0,11,6,0,0,0,0,,,,0,0,0,0,,,,,,8,0,0,,0,,0,,,,1
cg2624,pcaR,cg2626,pcaL,1,curated_positive,R,0,1,0,0,0,,experimental,0.75,1,1,1,CoryneRegNet,1,1,OP_cg2624,1,0,0,0,,,,0,0,0,0,0,0,0,,,,0,0,0,0,,,,,,8,0,0,,0,,0,,,,1
cg2624,pcaR,cg2627,cg2627,1,curated_positive,R,0,1,0,0,0,,experimental,0.75,1,1,1,CoryneRegNet,1,1,OP_cg2624,1,0,0,0,,,,0,1,1,0,0,0,0,,,,0,0,0,0,,,,,,8,0,0,,0,,0,,,,1
cg2624,pcaR,cg2628,pcaI,1,curated_positive,R,0,1,0,0,0,,predicted,0.2,0,1,1,CoryneRegNet,1,1,OP_cg2631,1,0,0,0,,,,0,2,1,0,0,0,0,,,,0,0,0,0,,,,,,8,1,0,,0,,0,,,,1
cg2624,pcaR,cg2629,pcaB1,1,curated_positive,R,0,1,0,0,0,,predicted,0.2,0,1,1,CoryneRegNet,1,1,OP_cg2631,1,0,0,0,,,,0,0,0,0,0,0,0,,,,0,0,0,0,,,,,,8,1,0,,0,,0,,,,1
cg2624,pcaR,cg2630,pcaG,1,curated_positive,R,0,1,0,0,0,,predicted,0.2,0,1,1,CoryneRegNet,1,1,OP_cg2631,1,0,0,0,,,,0,0,0,0,0,0,0,,,,0,0,0,0,,,,,,8,1,0,,0,,0,,,,1
cg2624,pcaR,cg2631,pcaH,1,curated_positive,R,0,1,0,1,15,0.7333,predicted,0.25,0,1,1,CoryneRegNet,1,1,OP_cg2631,1,0,0,0,,,,0,0,0,0,0,0,0,,,,0,0,0,0,,,,,,7,1,0,,0,,0,,,,1
cg2627,cg2627,cg1225,benK3,1,curated_positive,A,1,0,0,0,0,,predicted,0.05,0,0,0,CoryneRegNet,1,1,OP_cg1226,1,0,0,0,,,,0,1,1,0,0,0,0,,,,1,0,0,0,,,,,,8,0,0,,0,,0,,,,0
cg2627,cg2627,cg1226,pobB,1,curated_positive,A,1,0,0,0,0,,predicted,0.05,0,0,0,CoryneRegNet,1,1,OP_cg1226,1,0,0,0,,,,0,2,1,0,0,0,0,,,,1,0,0,1,0.525427,5.14657e-45,0.525427,616,Kranz2022_expression_compendium_Zenodo6842664,7,0,0,,0,,0,,,,0
cg2627,cg2627,cg2628,pcaI,1,curated_positive,A,1,0,0,0,0,,experimental,0.75,1,1,1,CoryneRegNet,1,1,OP_cg2631,1,0,0,0,,,,0,2,1,0,0,0,0,,,,1,1,1,1,0.877497,9.07894e-160,0.877497,496,Kranz2022_expression_compendium_Zenodo6842664,7,1,0,,0,,0,,,,1
cg2627,cg2627,cg2629,pcaB1,1,curated_positive,A,1,0,0,0,0,,experimental,0.75,1,1,1,CoryneRegNet,1,1,OP_cg2631,1,0,0,0,,,,0,0,0,0,0,0,0,,,,1,0,0,1,0.642323,6.91141e-74,0.642323,624,Kranz2022_expression_compendium_Zenodo6842664,7,1,0,,0,,0,,,,1
cg2627,cg2627,cg2630,pcaG,1,curated_positive,A,1,0,0,0,0,,experimental,0.75,1,1,1,CoryneRegNet,1,1,OP_cg2631,1,0,0,0,,,,0,0,0,0,0,0,0,,,,1,0,0,1,0.63279,1.48675e-69,0.63279,610,Kranz2022_expression_compendium_Zenodo6842664,7,1,0,,0,,0,,,,1
cg2627,cg2627,cg2631,pcaH,1,curated_positive,A,1,0,0,1,20,0.6,experimental,0.8,1,1,1,CoryneRegNet,1,1,OP_cg2631,1,0,0,0,,,,0,0,0,0,0,0,0,,,,1,0,0,1,0.580417,3.21977e-56,0.580417,610,Kranz2022_expression_compendium_Zenodo6842664,6,1,0,,0,,0,,,,1
cg2641,cg2641,cg2634,catC,1,curated_positive,A,1,0,0,0,0,,predicted,0.05,0,0,0,CoryneRegNet,1,1,OP_cg2635,1,0,0,0,,,,0,2,2,0,0,0,0,,,,0,0,0,1,0.719685,3.94605e-104,0.719685,646,Kranz2022_expression_compendium_Zenodo6842664,7,0,1,,0,,0,,,,1
cg2641,cg2641,cg2635,catB,1,curated_positive,A,1,0,0,0,0,,predicted,0.05,0,0,0,CoryneRegNet,1,1,OP_cg2635,1,0,0,0,,,,0,0,0,0,0,0,0,,,,0,0,0,1,0.766583,1.07269e-128,0.766583,660,Kranz2022_expression_compendium_Zenodo6842664,7,2,1,0.003368,0,,0,,,,1
cg2641,cg2641,cg2636,catA1,1,curated_positive,A,1,0,0,0,0,,predicted,0.05,0,0,0,CoryneRegNet,1,1,,0,0,0,0,,,,0,0,0,0,0,0,0,,,,0,0,0,1,0.575317,6.48167e-73,0.575317,814,Kranz2022_expression_compendium_Zenodo6842664,7,2,1,0.003353,0,,0,,,,1
cg2641,cg2641,cg2637,benA,1,curated_positive,A,1,0,0,0,0,,predicted,0.05,0,0,0,CoryneRegNet,1,1,OP_cg2637,1,0,0,0,,,,0,0,0,0,0,0,0,,,,0,0,0,1,0.561771,3.63447e-31,0.561771,358,Kranz2022_expression_compendium_Zenodo6842664,7,2,1,0.00433,0,,0,,,,1
cg2641,cg2641,cg2638,benB,1,curated_positive,A,1,0,0,0,0,,predicted,0.05,0,0,0,CoryneRegNet,1,1,OP_cg2637,1,0,0,0,,,,0,0,0,0,0,0,0,,,,0,0,0,1,0.530747,1.45332e-28,0.530747,374,Kranz2022_expression_compendium_Zenodo6842664,7,0,1,,0,,0,,,,1
cg2641,cg2641,cg2639,benC,1,curated_positive,A,1,0,0,0,0,,predicted,0.05,0,0,0,CoryneRegNet,1,1,OP_cg2637,1,0,0,0,,,,0,0,0,0,0,0,0,,,,0,0,0,1,0.636672,2.98905e-20,0.636672,166,Kranz2022_expression_compendium_Zenodo6842664,7,1,1,0.005047,0,,0,,,,1
cg2641,cg2641,cg2640,benD,1,curated_positive,A,1,0,0,0,0,,predicted,0.05,0,0,0,CoryneRegNet,1,1,OP_cg2637,1,0,0,0,,,,0,1,1,0,0,0,0,,,,0,0,0,0,,,,,,8,1,1,0.005993,0,,0,,,,1
cg2641,cg2641,cg2642,benK1,1,curated_positive,A,1,0,0,0,0,,predicted,0.05,0,0,0,CoryneRegNet,1,1,OP_cg2642,1,0,0,0,,,,0,0,0,0,0,0,0,,,,0,0,0,0,,,,,,8,0,1,,0,,0,,,,1
cg2641,cg2641,cg2643,benE,1,curated_positive,A,1,0,0,0,0,,predicted,0.05,0,0,0,CoryneRegNet,1,1,OP_cg2642,1,0,0,0,,,,0,0,0,0,0,0,0,,,,0,0,0,0,,,,,,8,0,1,,0,,0,,,,1
cg2737,cg2737,cg0802,accBC,1,curated_positive,R,0,1,0,1,29,0.4138,experimental,0.8,1,1,1,CoryneRegNet,1,1,,0,0,0,0,,,,0,0,0,0,0,0,0,,,,0,0,0,0,,,,,,7,0,0,,0,,0,,,,1
cg2737,cg2737,cg0812,dtsR1,1,curated_positive,R,0,1,0,1,29,0.3448,experimental,0.8,1,1,2,CoryneRegNet,1,1,,0,0,0,0,,,,0,0,0,0,0,0,0,,,,0,0,0,0,,,,,,7,0,0,,0,,0,,,,1
cg2737,cg2737,cg0957,fas-IB,1,curated_positive,R,0,1,0,1,29,0.4138,experimental,0.8,1,1,1,CoryneRegNet,1,1,,0,0,0,0,,,,0,0,0,0,0,0,0,,,,0,0,0,0,,,,,,7,1,0,,0,,0,,,,1
cg2737,cg2737,cg2743,fas-IA,1,curated_positive,R,0,1,0,1,29,0.3793,experimental,0.8,1,1,2,CoryneRegNet,1,1,,0,0,0,0,,,,0,0,0,0,0,0,0,,,,0,0,0,0,,,,,,7,2,0,,0,,0,,,,1
cg2766,cg2766,cg0533,menE,1,curated_positive,R,0,1,0,0,0,,predicted,0.05,0,0,0,CoryneRegNet,1,1,,0,0,0,0,,,,0,7,7,0,0,0,0,,,,0,0,0,0,,,,,,8,0,0,,1,,0,,,,0
cg2766,cg2766,cg0534,cg0534,1,curated_positive,R,0,1,0,0,0,,predicted,0.05,0,0,0,CoryneRegNet,1,1,,0,0,0,0,,,,0,0,0,0,0,0,0,,,,0,0,0,0,,,,,,8,0,0,,1,,0,,,,0
cg2766,cg2766,cg1421,cg1421,1,curated_positive,R,0,1,0,0,0,,predicted,0.05,0,0,0,CoryneRegNet,1,1,,0,0,0,0,,,,0,0,0,0,0,0,0,,,,0,0,0,0,,,,,,8,0,0,,1,,0,,,,0
cg2766,cg2766,cg2290,cg2290,1,curated_positive,R,0,1,0,0,0,,predicted,0.05,0,0,0,CoryneRegNet,1,1,,0,0,0,0,,,,0,0,0,0,0,0,0,,,,0,0,0,0,,,,,,8,0,0,,1,,0,,,,0
cg2766,cg2766,cg2674,cg2674,1,curated_positive,R,0,1,0,0,0,,predicted,0.05,0,0,0,CoryneRegNet,1,1,OP_cg2678,1,0,0,0,,,,0,0,0,0,0,0,0,,,,0,0,0,0,,,,,,8,0,0,,1,,0,,,,0
cg2766,cg2766,cg2675,cg2675,1,curated_positive,R,0,1,0,0,0,,predicted,0.05,0,0,0,CoryneRegNet,1,1,OP_cg2678,1,0,0,0,,,,0,2,1,0,0,0,0,,,,0,0,0,0,,,,,,8,1,0,,1,,0,,,,0
cg2766,cg2766,cg2676,cg2676,1,curated_positive,R,0,1,0,0,0,,predicted,0.05,0,0,0,CoryneRegNet,1,1,OP_cg2678,1,0,0,0,,,,0,0,0,0,0,0,0,,,,0,0,0,0,,,,,,8,1,0,,1,,0,,,,0
cg2766,cg2766,cg2677,cg2677,1,curated_positive,R,0,1,0,0,0,,predicted,0.05,0,0,0,CoryneRegNet,1,1,OP_cg2678,1,0,0,0,,,,0,0,0,0,0,0,0,,,,0,0,0,0,,,,,,8,0,0,,1,,0,,,,0
cg2766,cg2766,cg2678,cg2678,1,curated_positive,R,0,1,0,0,0,,predicted,0.05,0,0,0,CoryneRegNet,1,1,OP_cg2678,1,0,0,0,,,,0,0,0,0,0,0,0,,,,0,0,0,0,,,,,,8,1,0,,1,,0,,,,0
cg2766,cg2766,cg3344,cg3344,1,curated_positive,R,0,1,0,0,0,,predicted,0.05,0,0,0,CoryneRegNet,1,1,,0,0,0,0,,,,0,0,0,0,0,0,0,,,,0,0,0,0,,,,,,8,0,0,,1,,0,,,,0
cg2783,cg2783,cg0766,icd,1,curated_positive,A,1,0,0,1,15,0.4,experimental,0.8,1,1,1,CoryneRegNet,1,1,,0,0,0,0,,,,0,6,6,0,0,0,0,,,,2,0,0,0,,,,,,7,0,0,,0,,0,,,,0
cg2783,cg2783,cg1069,gapX,1,curated_positive,A,1,0,0,1,15,0.2667,experimental,0.8,1,1,1,CoryneRegNet,1,1,,0,0,0,0,,,,0,11,6,0,0,0,0,,,,2,0,0,0,,,,,,7,0,0,,0,,0,,,,0
cg2783,cg2783,cg1537,ptsG,1,curated_positive,A,1,0,0,1,15,0.2,experimental,0.8,1,1,1,CoryneRegNet,1,1,,0,0,0,0,,,,0,7,7,0,0,0,0,,,,2,0,0,0,,,,,,7,0,0,,0,,0,,,,0
cg2783,cg2783,cg1643,gnd,1,curated_positive,R,0,1,0,1,30,0.3667,experimental,0.8,1,1,2,CoryneRegNet,1,1,,0,0,0,0,,,,0,8,7,0,0,0,0,,,,2,0,0,0,,,,,,7,0,0,,0,,0,,,,0
cg2783,cg2783,cg1774,tkt,1,curated_positive,R,0,1,0,0,0,,experimental,0.75,1,1,1,CoryneRegNet,1,1,OP_cg1774,1,0,0,0,,,,0,11,6,0,0,0,0,,,,2,0,0,0,,,,,,8,0,0,,0,,0,,,,0
cg2783,cg2783,cg1776,tal,1,curated_positive,R,0,1,0,0,0,,experimental,0.75,1,1,1,CoryneRegNet,1,1,OP_cg1774,1,0,0,0,,,,0,22,6,0,0,0,0,,,,2,0,0,0,,,,,,8,0,0,,0,,0,,,,0
cg2783,cg2783,cg1778,zwf,1,curated_positive,R,0,1,0,0,0,,experimental,0.75,1,1,1,CoryneRegNet,1,1,OP_cg1774,1,0,0,0,,,,0,11,6,0,0,0,0,,,,2,0,0,0,,,,,,8,0,0,,0,,0,,,,0
cg2783,cg2783,cg1779,opcA,1,curated_positive,R,0,1,0,0,0,,experimental,0.75,1,1,1,CoryneRegNet,1,1,OP_cg1774,1,0,0,0,,,,0,0,0,0,0,0,0,,,,2,0,0,0,,,,,,8,0,0,,0,,0,,,,0
cg2783,cg2783,cg1780,devB,1,curated_positive,R,0,1,0,0,0,,experimental,0.75,1,1,1,CoryneRegNet,1,1,OP_cg1774,1,0,0,0,,,,0,6,6,0,0,0,0,,,,2,0,0,0,,,,,,8,0,0,,0,,0,,,,0
cg2783,cg2783,cg2291,pyk,1,curated_positive,R,0,1,0,1,15,0.4,experimental,0.8,1,1,1,CoryneRegNet,1,1,,0,0,0,0,,,,0,6,6,0,0,0,0,,,,2,0,0,0,,,,,,7,0,0,,0,,0,,,,0
cg2783,cg2783,cg2732,gntV,1,curated_positive,R,0,1,0,1,15,0.2667,experimental,0.8,1,1,1,CoryneRegNet,1,1,,0,0,0,0,,,,0,6,6,0,0,0,0,,,,2,0,0,0,,,,,,7,0,0,,0,,0,,,,0
cg2783,cg2783,cg2925,ptsS,1,curated_positive,A,1,0,0,0,0,,experimental,0.75,1,1,1,CoryneRegNet,1,1,,0,0,0,0,,,,0,2,1,0,0,0,0,,,,2,0,0,0,,,,,,8,0,0,,0,,0,,,,0
cg2783,cg2783,cg3169,pck,1,curated_positive,A,1,0,0,0,0,,experimental,0.75,1,1,1,CoryneRegNet,1,1,,0,0,0,0,,,,0,0,0,0,0,0,0,,,,2,0,0,0,,,,,,8,0,0,,0,,0,,,,0
cg2783,cg2783,cg3216,gntP,1,curated_positive,R,0,1,0,1,15,0.2,experimental,0.8,1,1,1,CoryneRegNet,1,1,,0,0,0,0,,,,0,11,6,0,0,0,0,,,,2,0,0,0,,,,,,7,0,0,,0,,0,,,,0
cg2783,cg2783,cg3335,mez,1,curated_positive,A,1,0,0,1,15,0.3333,experimental,0.8,1,1,1,CoryneRegNet,1,1,,0,0,0,0,,,,0,12,6,0,0,0,0,,,,2,0,0,0,,,,,,7,1,0,,0,,0,,,,0
cg2831,cg2831,cg0444,cg0444,1,curated_positive,A,1,0,0,0,0,,experimental,0.75,1,1,1,CoryneRegNet,1,1,,0,0,0,0,,,,0,0,0,0,0,0,0,,,,0,0,0,0,,,,,,8,1,2,,0,,0,,,,0
cg2831,cg2831,cg0445,sdhCD,1,curated_positive,A,1,0,0,1,16,0.6875,experimental + predicted,0.8,1,1,3,CoryneRegNet,1,1,OP_cg0445,1,0,0,0,,,,0,12,6,0,0,0,0,,,,0,0,0,0,,,,,,7,0,2,,0,,0,,,,0
cg2831,cg2831,cg0446,sdhA,1,curated_positive,A,1,0,0,0,0,,experimental + predicted,0.75,1,1,3,CoryneRegNet,1,1,OP_cg0445,1,0,0,0,,,,0,12,6,0,0,0,0,,,,0,0,0,0,,,,,,8,1,2,,0,,0,,,,0
cg2831,cg2831,cg0447,sdhB,1,curated_positive,A,1,0,0,0,0,,experimental + predicted,0.75,1,1,3,CoryneRegNet,1,1,OP_cg0445,1,0,0,0,,,,0,10,5,0,0,0,0,,,,0,0,0,0,,,,,,8,1,2,,0,,0,,,,0
cg2831,cg2831,cg0448,cg0448,1,curated_positive,A,1,0,0,0,0,,predicted,0.05,0,0,0,CoryneRegNet,1,1,OP_cg0445,1,0,0,0,,,,0,6,6,0,0,0,0,,,,0,0,0,0,,,,,,8,1,2,,0,,0,,,,0
cg2831,cg2831,cg0759,prpD2,1,curated_positive,A,1,0,0,0,0,,experimental,0.75,1,1,1,CoryneRegNet,1,1,OP_cg0759,1,0,0,0,,,,0,11,6,0,0,0,0,,,,0,0,0,0,,,,,,8,0,2,,0,,0,,,,0
cg2831,cg2831,cg0760,prpB2,1,curated_positive,A,1,0,0,0,0,,experimental,0.75,1,1,1,CoryneRegNet,1,1,OP_cg0759,1,0,0,0,,,,0,11,6,0,0,0,0,,,,0,0,0,0,,,,,,8,1,2,,0,,0,,,,0
cg2831,cg2831,cg0762,prpC2,1,curated_positive,A,1,0,0,0,0,,experimental,0.75,1,1,1,CoryneRegNet,1,1,OP_cg0759,1,0,0,0,,,,0,11,6,0,0,0,0,,,,0,0,0,0,,,,,,8,1,2,,0,,0,,,,0
cg2831,cg2831,cg0949,gltA,1,curated_positive,A,1,0,0,0,0,,experimental,0.75,1,1,2,CoryneRegNet,1,1,OP_cg0949,1,0,0,0,,,,0,6,6,0,0,0,0,,,,0,0,0,0,,,,,,8,0,2,,0,,0,,,,0
cg2831,cg2831,cg0952,cg0952,1,curated_positive,A,1,0,0,1,33,0.6061,experimental,0.8,1,1,1,CoryneRegNet,1,1,OP_cg0952,1,0,0,0,,,,0,0,0,0,0,0,0,,,,0,0,0,0,,,,,,7,0,2,,0,,0,,,,0
cg2831,cg2831,cg0953,cg0953,1,curated_positive,A,1,0,0,0,0,,experimental,0.75,1,1,1,CoryneRegNet,1,1,OP_cg0952,1,0,0,0,,,,0,12,7,0,0,0,0,,,,0,0,0,0,,,,,,8,1,2,,0,,0,,,,0
cg2831,cg2831,cg1037,cg1037,1,curated_positive,A,1,0,0,1,17,0.6471,experimental,0.8,1,1,1,CoryneRegNet,1,1,OP_cg1037,1,0,0,0,,,,0,1,1,0,0,0,0,,,,0,0,0,0,,,,,,7,0,2,,0,,0,,,,0
cg2831,cg2831,cg1038,ksgA,1,curated_positive,A,1,0,0,0,0,,predicted,0.2,0,1,1,CoryneRegNet,1,1,OP_cg1037,1,0,0,0,,,,0,0,0,0,0,0,0,,,,0,0,0,0,,,,,,8,1,2,,0,,0,,,,0
cg2831,cg2831,cg1039,cg1039,1,curated_positive,A,1,0,0,0,0,,predicted,0.2,0,1,1,CoryneRegNet,1,1,OP_cg1037,1,0,0,0,,,,0,6,6,0,0,0,0,,,,0,0,0,0,,,,,,8,1,2,,0,,0,,,,0
cg2831,cg2831,cg1040,cg1040,1,curated_positive,A,1,0,0,0,0,,predicted,0.2,0,1,1,CoryneRegNet,1,1,OP_cg1037,1,0,0,0,,,,0,0,0,0,0,0,0,,,,0,0,0,0,,,,,,8,0,2,,0,,0,,,,0
cg2831,cg2831,cg1041,pdxK,1,curated_positive,A,1,0,0,0,0,,predicted,0.2,0,1,1,CoryneRegNet,1,1,OP_cg1037,1,0,0,0,,,,0,19,7,0,0,0,0,,,,0,0,0,0,,,,,,8,0,2,,0,,0,,,,0
cg2831,cg2831,cg1069,gapX,1,curated_positive,A,1,0,0,0,0,,experimental,0.75,1,1,1,CoryneRegNet,1,1,,0,0,0,0,,,,0,11,6,0,0,0,0,,,,0,0,0,0,,,,,,8,0,2,,0,,0,,,,0
cg2831,cg2831,cg1145,fum,1,curated_positive,A,1,0,0,0,0,,experimental,0.75,1,1,1,CoryneRegNet,1,1,,0,0,0,0,,,,0,12,7,0,0,0,0,,,,0,0,0,0,,,,,,8,0,2,,0,,0,,,,0
cg2831,cg2831,cg1157,glpX,1,curated_positive,A,1,0,0,0,0,,experimental,0.75,1,1,1,CoryneRegNet,1,1,,0,0,0,0,,,,0,6,6,0,0,0,0,,,,0,0,0,0,,,,,,8,1,2,,0,,0,,,,0
cg2831,cg2831,cg1268,glgA,1,curated_positive,A,1,0,0,0,0,,experimental,0.75,1,1,1,CoryneRegNet,1,1,,0,0,0,0,,,,0,11,7,0,0,0,0,,,,0,0,0,0,,,,,,8,0,2,,0,,0,,,,0
cg2831,cg2831,cg1269,glgC,1,curated_positive,A,1,0,0,0,0,,experimental,0.75,1,1,1,CoryneRegNet,1,1,,0,0,0,0,,,,0,6,6,0,0,0,0,,,,0,0,0,0,,,,,,8,0,2,,0,,0,,,,0
cg2831,cg2831,cg1409,pfkA,1,curated_positive,R,0,1,0,0,0,,experimental,0.75,1,1,1,CoryneRegNet,1,1,,0,0,0,0,,,,0,12,7,0,0,0,0,,,,0,0,0,0,,,,,,8,0,2,,0,,0,,,,0
cg2831,cg2831,cg1537,ptsG,1,curated_positive,R,0,1,0,0,0,,experimental,0.75,1,1,1,CoryneRegNet,1,1,,0,0,0,0,,,,0,7,7,0,0,0,0,,,,0,0,0,0,,,,,,8,0,2,,0,,0,,,,0
cg2831,cg2831,cg1643,gnd,1,curated_positive,A,1,0,0,0,0,,experimental,0.75,1,1,1,CoryneRegNet,1,1,,0,0,0,0,,,,0,8,7,0,0,0,0,,,,0,0,0,0,,,,,,8,0,2,,0,,0,,,,0
cg2831,cg2831,cg1737,acn,1,curated_positive,A,1,0,0,1,19,0.6316,experimental + predicted,0.8,1,1,3,CoryneRegNet,1,1,OP_cg1737,1,0,0,0,,,,0,22,6,0,0,0,0,,,,0,0,0,0,,,,,,7,0,2,,0,,0,,,,0
cg2831,cg2831,cg1738,cg1738,1,curated_positive,A,1,0,0,0,0,,predicted,0.05,0,0,0,CoryneRegNet,1,1,OP_cg1737,1,0,0,0,,,,0,0,0,0,0,0,0,,,,0,0,0,0,,,,,,8,0,2,,0,,0,,,,0
cg2831,cg2831,cg1739,cg1739,1,curated_positive,A,1,0,0,0,0,,predicted,0.05,0,0,0,CoryneRegNet,1,1,,0,0,0,0,,,,0,0,0,0,0,0,0,,,,0,0,0,0,,,,,,8,0,2,,0,,0,,,,0
cg2831,cg2831,cg1774,tkt,1,curated_positive,R,0,1,0,0,0,,experimental,0.75,1,1,1,CoryneRegNet,1,1,OP_cg1774,1,0,0,0,,,,0,11,6,0,0,0,0,,,,0,0,0,0,,,,,,8,0,2,,0,,0,,,,0
cg2831,cg2831,cg1776,tal,1,curated_positive,R,0,1,0,0,0,,experimental,0.75,1,1,1,CoryneRegNet,1,1,OP_cg1774,1,0,0,0,,,,0,22,6,0,0,0,0,,,,0,0,0,0,,,,,,8,0,2,,0,,0,,,,0
cg2831,cg2831,cg1778,zwf,1,curated_positive,R,0,1,0,0,0,,experimental,0.75,1,1,1,CoryneRegNet,1,1,OP_cg1774,1,0,0,0,,,,0,11,6,0,0,0,0,,,,0,0,0,0,,,,,,8,0,2,,0,,0,,,,0
cg2831,cg2831,cg1779,opcA,1,curated_positive,R,0,1,0,0,0,,experimental,0.75,1,1,1,CoryneRegNet,1,1,OP_cg1774,1,0,0,0,,,,0,0,0,0,0,0,0,,,,0,0,0,0,,,,,,8,0,2,,0,,0,,,,0
cg2831,cg2831,cg1780,devB,1,curated_positive,R,0,1,0,0,0,,experimental,0.75,1,1,1,CoryneRegNet,1,1,OP_cg1774,1,0,0,0,,,,0,6,6,0,0,0,0,,,,0,0,0,0,,,,,,8,0,2,,0,,0,,,,0
cg2831,cg2831,cg1791,gap,1,curated_positive,A,1,0,0,1,37,0.7568,experimental,0.8,1,1,2,CoryneRegNet,1,1,,0,0,0,0,,,,0,11,6,0,0,0,0,,,,0,0,0,0,,,,,,7,0,2,,0,,0,,,,0
cg2831,cg2831,cg2115,cg2115,1,curated_positive,A,1,0,0,1,32,0.6875,experimental,0.8,1,1,1,CoryneRegNet,1,1,OP_cg2115,1,0,0,0,,,,0,0,0,0,0,0,0,,,,0,0,0,0,,,,,,7,0,2,,0,,0,,,,0
cg2831,cg2831,cg2116,cg2116,1,curated_positive,A,1,0,0,0,0,,predicted,0.05,0,0,0,CoryneRegNet,1,1,OP_cg2115,1,0,0,0,,,,0,0,0,0,0,0,0,,,,0,0,0,0,,,,,,8,0,2,,0,,0,,,,0
cg2831,cg2831,cg2121,ptsH,1,curated_positive,R,0,1,0,0,0,,experimental,0.75,1,1,1,CoryneRegNet,1,1,,0,0,0,0,,,,0,13,7,0,0,0,0,,,,0,0,0,0,,,,,,8,1,2,,0,,0,,,,0
cg2831,cg2831,cg2192,mqo,1,curated_positive,A,1,0,0,0,0,,experimental,0.75,1,1,1,CoryneRegNet,1,1,,0,0,0,0,,,,0,7,7,0,0,0,0,,,,0,0,0,0,,,,,,8,0,2,,0,,0,,,,0
cg2831,cg2831,cg2291,pyk,1,curated_positive,R,0,1,0,0,0,,experimental,0.75,1,1,1,CoryneRegNet,1,1,,0,0,0,0,,,,0,6,6,0,0,0,0,,,,0,0,0,0,,,,,,8,0,2,,0,,0,,,,0
cg2831,cg2831,cg2421,sucB,1,curated_positive,A,1,0,0,0,0,,experimental,0.75,1,1,1,CoryneRegNet,1,1,,0,0,0,0,,,,0,10,5,0,0,0,0,,,,0,0,0,0,,,,,,8,0,2,,0,,0,,,,0
cg2831,cg2831,cg2559,aceB,1,curated_positive,A,1,0,0,1,34,0.7647,experimental,0.8,1,1,1,CoryneRegNet,1,1,,0,0,0,0,,,,0,1,1,0,0,0,0,,,,0,0,0,0,,,,,,7,0,2,,0,,0,,,,0
cg2831,cg2831,cg2560,aceA,1,curated_positive,A,1,0,0,1,34,0.7647,experimental,0.8,1,1,1,CoryneRegNet,1,1,,0,0,0,0,,,,0,6,6,0,0,0,0,,,,0,0,0,0,,,,,,7,1,2,,0,,0,,,,0
cg2831,cg2831,cg2612,cg2612,1,curated_positive,R,0,1,0,0,0,,predicted,0.05,0,0,0,CoryneRegNet,1,1,,0,0,0,0,,,,0,0,0,0,0,0,0,,,,0,0,0,0,,,,,,8,0,2,,0,,0,,,,0
cg2831,cg2831,cg2613,mdh,1,curated_positive,R,0,1,0,0,0,,experimental,0.75,1,1,1,CoryneRegNet,1,1,,0,0,0,0,,,,0,17,6,0,0,0,0,,,,0,0,0,0,,,,,,8,0,2,,0,,0,,,,0
cg2831,cg2831,cg2831,cg2831,1,curated_positive,R,0,1,0,0,0,,experimental + predicted,0.75,1,1,1,CoryneRegNet,1,1,,0,0,0,0,,,,0,0,0,0,0,0,0,,,,0,0,0,0,,,,,,8,2,2,0.1679,0,,0,,,,0
cg2831,cg2831,cg2836,sucD,1,curated_positive,A,1,0,0,0,0,,experimental,0.75,1,1,1,CoryneRegNet,1,1,OP_cg2837,1,0,0,0,,,,0,6,6,0,0,0,0,,,,0,0,0,0,,,,,,8,2,2,-0.007402,0,,0,,,,0
cg2831,cg2831,cg2837,sucC,1,curated_positive,A,1,0,0,0,0,,experimental,0.75,1,1,1,CoryneRegNet,1,1,OP_cg2837,1,0,0,0,,,,0,6,6,0,0,0,0,,,,0,0,0,0,,,,,,8,0,2,,0,,0,,,,0
cg2831,cg2831,cg2954,cynT,1,curated_positive,R,0,1,0,0,0,,experimental,0.75,1,1,1,CoryneRegNet,1,1,,0,0,0,0,,,,0,11,6,0,0,0,0,,,,0,0,0,0,,,,,,8,0,2,,0,,0,,,,0
cg2831,cg2831,cg3047,ackA,1,curated_positive,A,1,0,0,0,0,,experimental,0.75,1,1,1,CoryneRegNet,1,1,OP_cg3048,1,0,0,0,,,,0,11,6,0,0,0,0,,,,0,0,0,0,,,,,,8,0,2,,0,,0,,,,0
cg2831,cg2831,cg3048,pta,1,curated_positive,A,1,0,0,1,35,0.6286,experimental,0.8,1,1,1,CoryneRegNet,1,1,OP_cg3048,1,0,0,0,,,,0,11,6,0,0,0,0,,,,0,0,0,0,,,,,,7,0,2,,0,,0,,,,0
cg2831,cg2831,cg3096,cg3096,1,curated_positive,A,1,0,0,0,0,,experimental,0.75,1,1,2,CoryneRegNet,1,1,,0,0,0,0,,,,0,6,6,0,0,0,0,,,,0,0,0,0,,,,,,8,1,2,,0,,0,,,,0
cg2831,cg2831,cg3107,adhA,1,curated_positive,A,1,0,0,0,0,,experimental,0.75,1,1,2,CoryneRegNet,1,1,,0,0,0,0,,,,0,11,6,0,0,0,0,,,,0,0,0,0,,,,,,8,1,2,,0,,0,,,,0
cg2831,cg2831,cg3169,pck,1,curated_positive,A,1,0,0,1,16,0.625,experimental + predicted,0.8,1,1,3,CoryneRegNet,1,1,,0,0,0,0,,,,0,0,0,0,0,0,0,,,,0,0,0,0,,,,,,7,0,2,,0,,0,,,,0
cg2831,cg2831,cg3219,ldh,1,curated_positive,R,0,1,0,0,0,,experimental,0.75,1,1,1,CoryneRegNet,1,1,,0,0,0,0,,,,0,6,6,0,0,0,0,,,,0,0,0,0,,,,,,8,0,2,,0,,0,,,,0
cg2831,cg2831,cg3226,cg3226,1,curated_positive,R,0,1,0,0,0,,experimental,0.75,1,1,1,CoryneRegNet,1,1,OP_cg3226,1,0,0,0,,,,0,0,0,0,0,0,0,,,,0,0,0,0,,,,,,8,1,2,,0,,0,,,,0
cg2831,cg2831,cg3227,lldA,1,curated_positive,R,0,1,0,0,0,,experimental,0.75,1,1,1,CoryneRegNet,1,1,OP_cg3226,1,0,0,0,,,,0,12,6,0,0,0,0,,,,0,0,0,0,,,,,,8,1,2,,0,,0,,,,0
cg2831,cg2831,cg3335,mez,1,curated_positive,A,1,0,0,0,0,,experimental,0.75,1,1,2,CoryneRegNet,1,1,,0,0,0,0,,,,0,12,6,0,0,0,0,,,,0,0,0,0,,,,,,8,1,2,,0,,0,,,,0
cg2888,cgtR3,cg0085,phoH1,1,curated_positive,A,1,0,0,1,38,0.4474,experimental,0.8,1,1,1,CoryneRegNet,1,1,,0,0,0,0,,,,0,1,1,0,0,0,0,,,,0,0,0,0,,,,,,7,0,0,,0,,0,,,,0
cg2888,cgtR3,cg0397,cg0397,1,curated_positive,A,1,0,0,1,19,0.3684,experimental,0.8,1,1,1,CoryneRegNet,1,1,,0,0,0,0,,,,0,84,6,0,0,0,0,,,,0,0,0,0,,,,,,7,0,0,,0,,0,,,,0
cg2888,cgtR3,cg0544,cg0544,1,curated_positive,A,1,0,0,0,0,,predicted,0.05,0,0,0,CoryneRegNet,1,1,OP_cg0545,1,0,0,0,,,,0,0,0,0,0,0,0,,,,0,0,0,0,,,,,,8,0,0,,0,,0,,,,0
cg2888,cgtR3,cg0545,pitA,1,curated_positive,A,1,0,0,1,19,0.3684,experimental,0.8,1,1,1,CoryneRegNet,1,1,OP_cg0545,1,0,0,0,,,,0,11,6,0,0,0,0,,,,0,0,0,0,,,,,,7,0,0,,0,,0,,,,0
cg2888,cgtR3,cg1109,porB,1,curated_positive,A,1,0,0,1,19,0.3158,experimental,0.8,1,1,1,CoryneRegNet,1,1,,0,0,0,0,,,,0,0,0,0,0,0,0,,,,0,0,0,0,,,,,,7,0,0,,0,,0,,,,0
cg2888,cgtR3,cg1568,ugpA,1,curated_positive,A,1,0,0,1,19,0.5789,experimental,0.8,1,1,1,CoryneRegNet,1,1,OP_cg1568,1,0,0,0,,,,0,43,7,0,0,0,0,,,,0,0,0,0,,,,,,7,0,0,,0,,0,,,,0
cg2888,cgtR3,cg1569,ugpE,1,curated_positive,A,1,0,0,0,0,,experimental,0.75,1,1,1,CoryneRegNet,1,1,OP_cg1568,1,0,0,0,,,,0,42,6,0,0,0,0,,,,0,0,0,0,,,,,,8,0,0,,0,,0,,,,0
cg2888,cgtR3,cg1570,ugpB,1,curated_positive,A,1,0,0,0,0,,experimental,0.75,1,1,1,CoryneRegNet,1,1,OP_cg1568,1,0,0,0,,,,0,42,6,0,0,0,0,,,,0,0,0,0,,,,,,8,0,0,,0,,0,,,,0
cg2888,cgtR3,cg1571,ugpC,1,curated_positive,A,1,0,0,0,0,,experimental,0.75,1,1,1,CoryneRegNet,1,1,OP_cg1568,1,0,0,0,,,,0,42,6,0,0,0,0,,,,0,0,0,0,,,,,,8,0,0,,0,,0,,,,0
cg2888,cgtR3,cg1572,glpQ2,1,curated_positive,A,1,0,0,1,38,0.6053,experimental,0.8,1,1,1,CoryneRegNet,1,1,,0,0,0,0,,,,0,24,6,0,0,0,0,,,,0,0,0,0,,,,,,7,0,0,,0,,0,,,,0
cg2888,cgtR3,cg2843,pstB,1,curated_positive,A,1,0,0,0,0,,experimental,0.75,1,1,1,CoryneRegNet,1,1,OP_cg2846,1,0,0,0,,,,0,7,7,0,0,0,0,,,,0,0,0,0,,,,,,8,1,0,,0,,0,,,,0
cg2888,cgtR3,cg2844,pstA,1,curated_positive,A,1,0,0,0,0,,experimental,0.75,1,1,1,CoryneRegNet,1,1,OP_cg2846,1,0,0,0,,,,0,15,9,0,0,0,0,,,,0,0,0,0,,,,,,8,1,0,,0,,0,,,,0
cg2888,cgtR3,cg2845,pstC,1,curated_positive,A,1,0,0,0,0,,experimental,0.75,1,1,1,CoryneRegNet,1,1,OP_cg2846,1,0,0,0,,,,0,6,6,0,0,0,0,,,,0,0,0,0,,,,,,8,0,0,,0,,0,,,,0
cg2888,cgtR3,cg2846,pstS,1,curated_positive,A,1,0,0,1,38,0.3684,experimental,0.8,1,1,1,CoryneRegNet,1,1,OP_cg2846,1,0,0,0,,,,0,6,6,0,0,0,0,,,,0,0,0,0,,,,,,7,0,0,,0,,0,,,,0
cg2888,cgtR3,cg2868,nuc,1,curated_positive,A,1,0,0,1,19,0.3684,experimental,0.8,1,1,1,CoryneRegNet,1,1,,0,0,0,0,,,,0,0,0,0,0,0,0,,,,0,0,0,0,,,,,,7,0,0,,0,,0,,,,0
cg2888,cgtR3,cg2887,cgtS3,1,curated_positive,A,1,0,0,0,0,,experimental,0.75,1,1,2,CoryneRegNet,1,1,OP_cg2888,1,0,0,0,,,,0,0,0,0,0,0,0,,,,0,0,0,0,,,,,,8,0,0,,0,,0,,,,0
cg2888,cgtR3,cg2888,cgtR3,1,curated_positive,A,1,0,0,1,19,0.3158,experimental,0.8,1,1,2,CoryneRegNet,1,1,OP_cg2888,1,0,0,0,,,,0,0,0,0,0,0,0,,,,0,0,0,0,,,,,,7,0,0,,0,,0,,,,0
cg2888,cgtR3,cg3393,cg3393,1,curated_positive,A,1,0,0,1,19,0.3684,experimental,0.8,1,1,1,CoryneRegNet,1,1,,0,0,0,0,,,,0,0,0,0,0,0,0,,,,0,0,0,0,,,,,,7,0,0,,0,,0,,,,0
cg2894,cg2894,cg2893,cg2893,1,curated_positive,R,0,1,0,1,30,0.4333,experimental,0.8,1,1,2,CoryneRegNet,1,1,OP_cg2893,1,0,0,0,,,,0,0,0,0,0,0,0,,,,0,0,0,0,,,,,,7,1,1,0.02191,0,,0,,,,1
cg2894,cg2894,cg2894,cg2894,1,curated_positive,R,0,1,0,0,0,,experimental,0.75,1,1,2,CoryneRegNet,1,1,OP_cg2893,1,0,0,0,,,,0,0,0,0,0,0,0,,,,0,0,0,0,,,,,,8,1,1,0.02532,0,,0,,,,1
cg2894,cg2894,cg2895,cg2895,1,curated_positive,R,0,1,0,0,0,,predicted,0.05,0,0,0,CoryneRegNet,1,1,,0,0,0,0,,,,0,0,0,0,0,0,0,,,,0,0,0,0,,,,,,8,1,1,0.0236,0,,0,,,,1
cg2910,cg2910,cg0044,cg0044,1,curated_positive,A,1,0,0,0,0,,experimental,0.75,1,1,1,CoryneRegNet,1,1,OP_cg0044,1,0,0,0,,,,0,8,6,0,0,0,0,,,,0,0,0,0,,,,,,8,0,0,,0,,0,,,,0
cg2910,cg2910,cg0045,cg0045,1,curated_positive,A,1,0,0,0,0,,experimental,0.75,1,1,1,CoryneRegNet,1,1,OP_cg0044,1,0,0,0,,,,0,7,7,0,0,0,0,,,,0,0,0,0,,,,,,8,0,0,,0,,0,,,,0
cg2910,cg2910,cg0046,cg0046,1,curated_positive,A,1,0,0,1,16,0.25,experimental,0.8,1,1,1,CoryneRegNet,1,1,OP_cg0044,1,0,0,0,,,,0,7,7,0,0,0,0,,,,0,0,0,0,,,,,,7,0,0,,0,,0,,,,0
cg2910,cg2910,cg0533,menE,1,curated_positive,R,0,1,0,0,0,,experimental,0.75,1,1,1,CoryneRegNet,1,1,,0,0,0,0,,,,0,7,7,0,0,0,0,,,,0,0,0,0,,,,,,8,0,0,,0,,0,,,,0
cg2910,cg2910,cg0534,cg0534,1,curated_positive,R,0,1,0,1,32,0.4375,experimental,0.8,1,1,1,CoryneRegNet,1,1,,0,0,0,0,,,,0,0,0,0,0,0,0,,,,0,0,0,0,,,,,,7,0,0,,0,,0,,,,0
cg2910,cg2910,cg1421,cg1421,1,curated_positive,R,0,1,0,1,16,0.4375,experimental,0.8,1,1,1,CoryneRegNet,1,1,,0,0,0,0,,,,0,0,0,0,0,0,0,,,,0,0,0,0,,,,,,7,0,0,,0,,0,,,,0
cg2910,cg2910,cg3195,cg3195,1,curated_positive,A,1,0,0,1,16,0.5,experimental,0.8,1,1,1,CoryneRegNet,1,1,,0,0,0,0,,,,0,6,6,0,0,0,0,,,,0,0,0,0,,,,,,7,0,0,,0,,0,,,,0
cg2910,cg2910,cg3210,cg3210,1,curated_positive,A,1,0,0,1,16,0.4375,experimental,0.8,1,1,1,CoryneRegNet,1,1,,0,0,0,0,,,,0,0,0,0,0,0,0,,,,0,0,0,0,,,,,,7,0,0,,0,,0,,,,0
cg2910,cg2910,cg3323,cg3323,1,curated_positive,A,1,0,0,1,32,0.4375,experimental,0.8,1,1,1,CoryneRegNet,1,1,,0,0,0,0,,,,0,12,7,0,0,0,0,,,,0,0,0,0,,,,,,7,1,0,,0,,0,,,,0
cg2936,cg2936,cg1756,nanH,1,curated_positive,R,0,1,0,0,0,,experimental,0.75,1,1,1,CoryneRegNet,1,1,,0,0,0,0,,,,0,0,0,0,0,0,0,,,,2,0,0,0,,,,,,8,0,0,,0,,0,,,,0
cg2936,cg2936,cg2928,nagB,1,curated_positive,R,0,1,0,0,0,,experimental,0.75,1,1,1,CoryneRegNet,1,1,OP_cg2929,1,0,0,0,,,,0,6,6,0,0,0,0,,,,2,0,0,0,,,,,,8,0,0,,0,,0,,,,1
cg2936,cg2936,cg2929,nagA1,1,curated_positive,R,0,1,0,0,0,,experimental,0.75,1,1,1,CoryneRegNet,1,1,OP_cg2929,1,0,0,0,,,,0,12,7,0,0,0,0,,,,2,1,1,0,,,,,,8,0,0,,0,,0,,,,1
cg2936,cg2936,cg2931,nanA,1,curated_positive,R,0,1,0,0,0,,experimental,0.75,1,1,1,CoryneRegNet,1,1,,0,0,0,0,,,,0,6,6,0,0,0,0,,,,2,0,0,0,,,,,,8,0,0,,0,,0,,,,1
cg2936,cg2936,cg2932,cg2932,1,curated_positive,R,0,1,0,0,0,,experimental,0.75,1,1,1,CoryneRegNet,1,1,OP_cg2932,1,0,0,0,,,,0,0,0,0,0,0,0,,,,2,0,0,0,,,,,,8,1,0,,0,,0,,,,1
cg2936,cg2936,cg2933,nanE,1,curated_positive,R,0,1,0,0,0,,experimental,0.75,1,1,1,CoryneRegNet,1,1,OP_cg2932,1,0,0,0,,,,0,11,6,0,0,0,0,,,,2,0,0,0,,,,,,8,1,0,,0,,0,,,,1
cg2936,cg2936,cg2935,nanP,1,curated_positive,R,0,1,0,0,0,,experimental,0.75,1,1,1,CoryneRegNet,1,1,OP_cg2936,1,0,0,0,,,,0,0,0,0,0,0,0,,,,2,0,0,0,,,,,,8,1,0,,0,,0,,,,1
cg2936,cg2936,cg2936,cg2936,1,curated_positive,R,0,1,0,0,0,,experimental,0.75,1,1,1,CoryneRegNet,1,1,OP_cg2936,1,0,0,0,,,,0,2,1,0,0,0,0,,,,2,1,1,0,,,,,,8,0,0,,0,,0,,,,1
cg2936,cg2936,cg2937,cg2937,1,curated_positive,R,0,1,0,0,0,,experimental,0.75,1,1,1,CoryneRegNet,1,1,OP_cg2937,1,0,0,0,,,,0,0,0,0,0,0,0,,,,2,0,0,1,0.574742,3.47594e-75,0.574742,842,Kranz2022_expression_compendium_Zenodo6842664,7,0,0,,0,,0,,,,0
cg2936,cg2936,cg2938,cg2938,1,curated_positive,R,0,1,0,0,0,,experimental,0.75,1,1,1,CoryneRegNet,1,1,OP_cg2937,1,0,0,0,,,,0,0,0,0,0,0,0,,,,2,0,0,0,,,,,,8,0,0,,0,,0,,,,0
cg2936,cg2936,cg2939,cg2939,1,curated_positive,R,0,1,0,0,0,,experimental,0.75,1,1,1,CoryneRegNet,1,1,OP_cg2939,1,0,0,0,,,,0,0,0,0,0,0,0,,,,2,0,0,0,,,,,,8,0,0,,0,,0,,,,0
cg2936,cg2936,cg2940,cg2940,1,curated_positive,R,0,1,0,0,0,,experimental,0.75,1,1,1,CoryneRegNet,1,1,OP_cg2939,1,0,0,0,,,,0,0,0,0,0,0,0,,,,2,0,0,0,,,,,,8,0,0,,0,,0,,,,0
cg2942,cg2942,cg2941,cg2941,1,curated_positive,A,1,0,0,0,0,,predicted,0.05,0,0,0,CoryneRegNet,1,1,,0,0,0,0,,,,0,2,1,0,0,0,0,,,,0,0,0,0,,,,,,8,0,0,,0,,0,,,,0
cg2965,cg2965,cg2966,cg2966,1,curated_positive,A,1,0,0,0,0,,experimental + predicted,0.75,1,1,2,CoryneRegNet,1,1,,0,0,0,0,,,,0,0,0,0,0,0,0,,,,0,0,0,1,0.841775,3.9156e-153,0.841775,566,Kranz2022_expression_compendium_Zenodo6842664,7,0,0,,0,,0,,,,0
cg3082,cg3082,cg3082,cg3082,1,curated_positive,R,0,1,0,0,0,,experimental,0.6,1,0,0,CoryneRegNet,1,1,OP_cg3082,1,0,0,0,,,,0,0,0,0,0,0,0,,,,0,0,0,0,,,,,,8,1,1,0.01612,0,,0,,,,0
cg3082,cg3082,cg3083,cg3083,1,curated_positive,R,0,1,0,0,0,,experimental,0.6,1,0,0,CoryneRegNet,1,1,OP_cg3082,1,0,0,0,,,,0,0,0,0,0,0,0,,,,0,0,0,0,,,,,,8,1,1,0.01646,0,,0,,,,0
cg3082,cg3082,cg3084,cg3084,1,curated_positive,R,0,1,0,0,0,,experimental,0.6,1,0,0,CoryneRegNet,1,1,OP_cg3082,1,0,0,0,,,,0,6,6,0,0,0,0,,,,0,0,0,0,,,,,,8,3,1,0.01401,0,,0,,,,0
cg3082,cg3082,cg3085,cg3085,1,curated_positive,R,0,1,0,0,0,,experimental,0.6,1,0,0,CoryneRegNet,1,1,OP_cg3082,1,0,0,0,,,,0,0,0,0,0,0,0,,,,0,0,0,0,,,,,,8,2,1,,0,,0,,,,0
cg3097,hspR,cg2152,cg2152,1,curated_positive,R,0,1,0,1,21,0.4762,experimental,0.8,1,1,2,CoryneRegNet,1,1,,0,0,0,0,,,,0,0,0,0,0,0,0,,,,0,0,0,0,,,,,,7,0,1,,0,,0,,,,0
cg3097,hspR,cg3011,groEL,1,curated_positive,R,0,1,0,0,0,,predicted,0.2,0,1,1,CoryneRegNet,1,1,,0,0,0,0,,,,0,0,0,0,0,0,0,,,,0,0,0,0,,,,,,8,0,1,,0,,0,,,,0
cg3097,hspR,cg3078,cg3078,1,curated_positive,R,0,1,0,0,0,,experimental,0.75,1,1,4,CoryneRegNet,1,1,,0,0,0,0,,,,0,0,0,0,0,0,0,,,,0,0,0,0,,,,,,8,0,1,,0,,0,,,,0
cg3097,hspR,cg3079,clpB,1,curated_positive,R,0,1,0,1,42,0.4524,experimental + predicted,0.8,1,1,4,CoryneRegNet,1,1,,0,0,0,0,,,,0,0,0,0,0,0,0,,,,0,0,0,0,,,,,,7,0,1,,0,,0,,,,1
cg3097,hspR,cg3097,hspR,1,curated_positive,R,0,1,0,0,0,,experimental + predicted,0.75,1,1,3,CoryneRegNet,1,1,OP_cg3100,1,0,0,0,,,,0,0,0,0,0,0,0,,,,0,0,0,0,,,,,,8,1,1,0.00951,0,,0,,,,1
cg3097,hspR,cg3098,dnaJ,1,curated_positive,R,0,1,0,0,0,,experimental + predicted,0.75,1,1,3,CoryneRegNet,1,1,OP_cg3100,1,0,0,0,,,,0,0,0,0,0,0,0,,,,0,0,0,0,,,,,,8,1,1,0.01008,0,,0,,,,1
cg3097,hspR,cg3099,grpE,1,curated_positive,R,0,1,0,0,0,,experimental + predicted,0.75,1,1,3,CoryneRegNet,1,1,OP_cg3100,1,0,0,0,,,,0,0,0,0,0,0,0,,,,0,0,0,0,,,,,,8,1,1,0.01062,0,,0,,,,1
cg3097,hspR,cg3100,dnaK,1,curated_positive,R,0,1,0,1,21,0.5238,experimental + predicted,0.8,1,1,3,CoryneRegNet,1,1,OP_cg3100,1,0,0,0,,,,0,0,0,0,0,0,0,,,,0,0,0,0,,,,,,7,0,1,,0,,0,,,,1
cg3202,cg3202,cg1580,argC,1,curated_positive,R,0,1,0,0,0,,experimental,0.75,1,1,1,CoryneRegNet,1,1,OP_cg1580,1,0,0,0,,,,0,11,6,0,0,0,0,,,,0,0,0,1,0.476253,3.67439e-54,0.476253,936,Kranz2022_expression_compendium_Zenodo6842664,7,0,1,,0,,0,,,,0
cg3202,cg3202,cg1581,argJ,1,curated_positive,R,0,1,0,0,0,,experimental,0.75,1,1,1,CoryneRegNet,1,1,OP_cg1580,1,0,0,0,,,,0,18,7,0,0,0,0,,,,0,0,0,1,0.544842,1.77753e-73,0.544842,936,Kranz2022_expression_compendium_Zenodo6842664,7,1,1,,0,,0,,,,0
cg3202,cg3202,cg1582,argB,1,curated_positive,R,0,1,0,0,0,,experimental,0.75,1,1,2,CoryneRegNet,1,1,OP_cg1580,1,0,0,0,,,,0,6,6,0,0,0,0,,,,0,0,0,0,,,,,,8,1,1,,0,,0,,,,0
cg3202,cg3202,cg1583,argD,1,curated_positive,R,0,1,0,0,0,,experimental,0.75,1,1,1,CoryneRegNet,1,1,OP_cg1580,1,0,0,0,,,,0,11,6,0,0,0,0,,,,0,0,0,0,,,,,,8,1,1,,0,,0,,,,0
cg3202,cg3202,cg1584,argF,1,curated_positive,R,0,1,0,0,0,,experimental,0.75,1,1,1,CoryneRegNet,1,1,OP_cg1580,1,0,0,0,,,,0,12,7,0,0,0,0,,,,0,0,0,0,,,,,,8,1,1,,0,,0,,,,0
cg3202,cg3202,cg1585,argR,1,curated_positive,R,0,1,0,0,0,,experimental,0.75,1,1,1,CoryneRegNet,1,1,OP_cg1580,1,0,0,0,,,,0,0,0,0,0,0,0,,,,0,0,0,0,,,,,,8,1,1,,0,,0,,,,0
cg3202,cg3202,cg1586,argG,1,curated_positive,R,0,1,0,0,0,,experimental,0.75,1,1,1,CoryneRegNet,1,1,OP_cg1586,1,0,0,0,,,,0,6,6,0,0,0,0,,,,0,0,0,1,0.53878,1.58098e-73,0.53878,962,Kranz2022_expression_compendium_Zenodo6842664,7,1,1,,0,,0,,,,0
cg3202,cg3202,cg1588,argH,1,curated_positive,R,0,1,0,0,0,,experimental,0.75,1,1,1,CoryneRegNet,1,1,OP_cg1586,1,0,0,0,,,,0,11,6,0,0,0,0,,,,0,0,0,1,0.591231,9.45294e-89,0.591231,930,Kranz2022_expression_compendium_Zenodo6842664,7,1,1,,0,,0,,,,0
cg3202,cg3202,cg2280,gdh,1,curated_positive,R,0,1,0,1,20,0.45,experimental,0.8,1,1,1,CoryneRegNet,1,1,,0,0,0,0,,,,0,7,7,0,0,0,0,,,,0,0,0,1,0.43699,5.70668e-42,0.43699,872,Kranz2022_expression_compendium_Zenodo6842664,6,0,1,,0,,0,,,,0
cg3202,cg3202,cg3202,cg3202,1,curated_positive,R,0,1,0,0,0,,predicted,0.2,0,1,1,CoryneRegNet,1,1,,0,0,0,0,,,,0,0,0,0,0,0,0,,,,0,0,0,0,,,,,,8,1,1,0.04184,0,,0,,,,0
cg3224,cg3224,cg2118,cg2118,1,curated_positive,R,0,1,0,0,0,,experimental,0.75,1,1,1,CoryneRegNet,1,1,OP_cg2118,1,0,0,0,,,,0,0,0,0,0,0,0,,,,0,0,0,1,0.700721,6.0088e-138,0.700721,928,Kranz2022_expression_compendium_Zenodo6842664,7,0,1,,0,,0,,,,1
cg3224,cg3224,cg2119,pfkB,1,curated_positive,R,0,1,0,0,0,,experimental,0.75,1,1,1,CoryneRegNet,1,1,OP_cg2118,1,0,0,0,,,,0,6,6,0,0,0,0,,,,0,0,0,1,0.729493,3.3441e-160,0.729493,960,Kranz2022_expression_compendium_Zenodo6842664,7,0,1,,0,,0,,,,1
cg3224,cg3224,cg2120,ptsF,1,curated_positive,R,0,1,0,0,0,,experimental,0.75,1,1,1,CoryneRegNet,1,1,OP_cg2118,1,0,0,0,,,,0,2,2,0,0,0,0,,,,0,0,0,1,0.744222,5.47511e-168,0.744222,948,Kranz2022_expression_compendium_Zenodo6842664,7,1,1,,0,,0,,,,1
cg3224,cg3224,cg3219,ldh,1,curated_positive,R,0,1,0,0,0,,experimental,0.75,1,1,1,CoryneRegNet,1,1,,0,0,0,0,,,,0,6,6,0,0,0,0,,,,0,0,0,1,0.720226,6.07244e-155,0.720226,964,Kranz2022_expression_compendium_Zenodo6842664,7,0,1,,0,,0,,,,1
cg3224,cg3224,cg3226,cg3226,1,curated_positive,R,0,1,0,0,0,,experimental,0.75,1,1,2,CoryneRegNet,1,1,OP_cg3226,1,0,0,0,,,,0,0,0,0,0,0,0,,,,0,0,0,1,0.577856,1.02558e-82,0.577856,916,Kranz2022_expression_compendium_Zenodo6842664,7,1,1,,0,,0,,,,1
cg3224,cg3224,cg3227,lldA,1,curated_positive,R,0,1,0,0,0,,experimental,0.75,1,1,2,CoryneRegNet,1,1,OP_cg3226,1,0,0,0,,,,0,12,6,0,0,0,0,,,,0,0,0,1,0.675608,9.25178e-130,0.675608,966,Kranz2022_expression_compendium_Zenodo6842664,7,1,1,,0,,0,,,,1
cg3239,cg3239,cg3239,cg3239,1,curated_positive,R,0,1,0,1,15,0.3333,predicted,0.1,0,0,0,CoryneRegNet,1,1,,0,0,0,0,,,,0,0,0,0,0,0,0,,,,0,0,0,0,,,,,,7,1,1,0.05988,0,,0,,,,1
cg3239,cg3239,cg3240,cg3240,1,curated_positive,A,1,0,0,1,15,0.3333,predicted,0.1,0,0,0,CoryneRegNet,1,1,,0,0,0,0,,,,0,0,0,0,0,0,0,,,,0,0,0,1,0.942892,1.05819e-113,0.942892,236,Kranz2022_expression_compendium_Zenodo6842664,6,0,1,,0,,0,,,,1
cg3247,cgtR11,cg0497,hemA,1,curated_positive,R,0,1,0,0,0,,experimental,0.75,1,1,1,CoryneRegNet,1,1,OP_cg0497,1,0,0,0,,,,0,0,0,0,0,0,0,,,,0,0,0,1,0.600381,1.39975e-91,0.600381,924,Kranz2022_expression_compendium_Zenodo6842664,7,0,0,,0,,0,,,,0
cg3247,cgtR11,cg0498,hemC,1,curated_positive,R,0,1,0,0,0,,experimental,0.75,1,1,1,CoryneRegNet,1,1,OP_cg0497,1,0,0,0,,,,0,6,6,0,0,0,0,,,,0,0,0,1,0.742961,1.03398e-172,0.742961,980,Kranz2022_expression_compendium_Zenodo6842664,7,1,0,,0,,0,,,,0
cg3247,cgtR11,cg0516,hemE,1,curated_positive,R,0,1,0,0,0,,experimental,0.75,1,1,1,CoryneRegNet,1,1,OP_cg0516,1,0,0,0,,,,0,6,6,0,0,0,0,,,,0,0,0,0,,,,,,8,0,0,,0,,0,,,,0
cg3247,cgtR11,cg0517,hemY,1,curated_positive,R,0,1,0,0,0,,experimental,0.75,1,1,1,CoryneRegNet,1,1,OP_cg0516,1,0,0,0,,,,0,12,6,0,0,0,0,,,,0,0,0,0,,,,,,8,0,0,,0,,0,,,,0
cg3247,cgtR11,cg0518,hemL,1,curated_positive,R,0,1,0,0,0,,experimental,0.75,1,1,1,CoryneRegNet,1,1,OP_cg0516,1,0,0,0,,,,0,11,6,0,0,0,0,,,,0,0,0,1,0.650412,6.87514e-120,0.650412,988,Kranz2022_expression_compendium_Zenodo6842664,7,0,0,,0,,0,,,,0
cg3247,cgtR11,cg0519,cg0519,1,curated_positive,R,0,1,0,0,0,,experimental,0.75,1,1,1,CoryneRegNet,1,1,OP_cg0516,1,0,0,0,,,,0,0,0,0,0,0,0,,,,0,0,0,0,,,,,,8,0,0,,0,,0,,,,0
cg3247,cgtR11,cg0520,cg0520,1,curated_positive,R,0,1,0,0,0,,experimental,0.75,1,1,1,CoryneRegNet,1,1,OP_cg0516,1,0,0,0,,,,0,0,0,0,0,0,0,,,,0,0,0,0,,,,,,8,0,0,,0,,0,,,,0
cg3247,cgtR11,cg0522,ccsA,1,curated_positive,R,0,1,0,0,0,,experimental,0.75,1,1,1,CoryneRegNet,1,1,OP_cg0516,1,0,0,0,,,,0,0,0,0,0,0,0,,,,0,0,0,0,,,,,,8,0,0,,0,,0,,,,0
cg3247,cgtR11,cg0523,cg0523,1,curated_positive,R,0,1,0,0,0,,experimental,0.75,1,1,1,CoryneRegNet,1,1,OP_cg0516,1,0,0,0,,,,0,0,0,0,0,0,0,,,,0,0,0,1,0.616156,1.42133e-94,0.616156,894,Kranz2022_expression_compendium_Zenodo6842664,7,0,0,,0,,0,,,,0
cg3247,cgtR11,cg0524,ccsB,1,curated_positive,R,0,1,0,0,0,,experimental,0.75,1,1,1,CoryneRegNet,1,1,OP_cg0516,1,0,0,0,,,,0,0,0,0,0,0,0,,,,0,0,0,1,0.580407,1.98221e-88,0.580407,970,Kranz2022_expression_compendium_Zenodo6842664,7,0,0,,0,,0,,,,0
cg3247,cgtR11,cg1734,hemH,1,curated_positive,R,0,1,0,0,0,,experimental,0.75,1,1,1,CoryneRegNet,1,1,,0,0,0,0,,,,0,6,6,0,0,0,0,,,,0,0,0,0,,,,,,8,0,0,,0,,0,,,,0
cg3247,cgtR11,cg2200,cg2200,1,curated_positive,R,0,1,0,0,0,,predicted,0.2,0,1,1,CoryneRegNet,1,1,OP_cg2201,1,0,0,0,,,,0,0,0,0,0,0,0,,,,0,0,0,0,,,,,,8,1,0,,0,,0,,,,0
cg3247,cgtR11,cg2201,cg2201,1,curated_positive,R,0,1,0,0,0,,predicted,0.2,0,1,1,CoryneRegNet,1,1,OP_cg2201,1,0,0,0,,,,0,1,1,0,0,0,0,,,,0,0,0,1,0.380518,1.76057e-23,0.380518,640,Kranz2022_expression_compendium_Zenodo6842664,7,0,0,,0,,0,,,,0
cg3247,cgtR11,cg2403,qcrB,1,curated_positive,A,1,0,0,0,0,,experimental,0.75,1,1,1,CoryneRegNet,1,1,OP_cg2406,1,0,0,0,,,,0,1,1,0,0,0,0,,,,0,0,0,1,0.578912,9.0897e-89,0.578912,980,Kranz2022_expression_compendium_Zenodo6842664,7,0,0,,0,,0,,,,0
cg3247,cgtR11,cg2404,qcrA1,1,curated_positive,A,1,0,0,0,0,,experimental,0.75,1,1,1,CoryneRegNet,1,1,OP_cg2406,1,0,0,0,,,,0,6,1,0,0,0,0,,,,0,0,0,1,0.660315,1.6026e-123,0.660315,978,Kranz2022_expression_compendium_Zenodo6842664,7,0,0,,0,,0,,,,0
cg3247,cgtR11,cg2405,qcrC,1,curated_positive,A,1,0,0,0,0,,experimental,0.75,1,1,1,CoryneRegNet,1,1,OP_cg2406,1,0,0,0,,,,0,0,0,0,0,0,0,,,,0,0,0,1,0.628081,7.05519e-109,0.628081,982,Kranz2022_expression_compendium_Zenodo6842664,7,0,0,,0,,0,,,,0
cg3247,cgtR11,cg2406,ctaE,1,curated_positive,A,1,0,0,0,0,,experimental,0.75,1,1,1,CoryneRegNet,1,1,OP_cg2406,1,0,0,0,,,,0,18,6,0,0,0,0,,,,0,0,0,0,,,,,,8,1,0,,0,,0,,,,0
cg3247,cgtR11,cg2445,hmuO,1,curated_positive,A,1,0,0,0,0,,experimental,0.75,1,1,2,CoryneRegNet,1,1,,0,0,0,0,,,,0,1,1,0,0,0,0,,,,0,0,0,0,,,,,,8,0,0,,0,,0,,,,0
cg3247,cgtR11,cg2780,ctaD,1,curated_positive,A,1,0,0,0,0,,experimental,0.75,1,1,1,CoryneRegNet,1,1,,0,0,0,0,,,,0,19,7,0,0,0,0,,,,0,0,0,0,,,,,,8,0,0,,0,,0,,,,0
cg3247,hrrA,ncgl0003,recF,1,curated_positive,Dual,0,0,0,0,0,,ChAP-seq,0.2,0,1,1,Literature_ChAP_HrrA_2025,1,0,,0,0,0,0,,,,0,0,0,0,0,0,0,,,,0,0,0,0,,,,,,8,0,0,,0,,1,Literature_ChAP_HrrA_2025,ATCC13032;cond=heme,ATCC13032,0
cg3247,hrrA,ncgl0005,gyrB,1,curated_positive,Dual,0,0,0,0,0,,ChAP-seq,0.2,0,1,1,Literature_ChAP_HrrA_2025,1,0,,0,0,0,0,,,,0,0,0,0,0,0,0,,,,0,0,0,0,,,,,,8,0,0,,0,,1,Literature_ChAP_HrrA_2025,ATCC13032;cond=iron_excess,ATCC13032,0
cg3247,hrrA,ncgl0007,ncgl0007,1,curated_positive,Dual,0,0,0,0,0,,ChAP-seq,0.2,0,1,1,Literature_ChAP_HrrA_2025,1,0,,0,0,0,0,,,,0,0,0,0,0,0,0,,,,0,0,0,0,,,,,,8,0,0,,0,,1,Literature_ChAP_HrrA_2025,ATCC13032;cond=iron_excess,ATCC13032,0
cg3247,hrrA,ncgl0023,ohr,1,curated_positive,Dual,0,0,0,0,0,,ChAP-seq,0.2,0,1,1,Literature_ChAP_HrrA_2025,1,0,,0,0,0,0,,,,0,0,0,0,0,0,0,,,,0,0,0,0,,,,,,8,0,0,,0,,1,Literature_ChAP_HrrA_2025,ATCC13032;cond=iron_excess,ATCC13032,0
cg3247,hrrA,ncgl0031,ncgl0031,1,curated_positive,Dual,0,0,0,0,0,,ChAP-seq,0.2,0,1,1,Literature_ChAP_HrrA_2025,1,0,,0,0,0,0,,,,0,0,0,0,0,0,0,,,,0,0,0,0,,,,,,8,0,0,,0,,1,Literature_ChAP_HrrA_2025,ATCC13032;cond=heme,ATCC13032,0
cg3247,hrrA,ncgl0046,fhaA,1,curated_positive,Dual,0,0,0,0,0,,ChAP-seq,0.2,0,1,1,Literature_ChAP_HrrA_2025,1,0,,0,0,0,0,,,,0,0,0,0,0,0,0,,,,0,0,0,0,,,,,,8,0,0,,0,,1,Literature_ChAP_HrrA_2025,ATCC13032;cond=iron_excess,ATCC13032,0
cg3247,hrrA,ncgl0055,ncgl0055,1,curated_positive,Dual,0,0,0,0,0,,ChAP-seq,0.2,0,1,1,Literature_ChAP_HrrA_2025,1,0,,0,0,0,0,,,,0,0,0,0,0,0,0,,,,0,0,0,0,,,,,,8,0,0,,0,,1,Literature_ChAP_HrrA_2025,ATCC13032;cond=iron_excess+heme,ATCC13032,0
cg3247,hrrA,ncgl0056,ncgl0056,1,curated_positive,Dual,0,0,0,0,0,,ChAP-seq,0.2,0,1,1,Literature_ChAP_HrrA_2025,1,0,,0,0,0,0,,,,0,0,0,0,0,0,0,,,,0,0,0,0,,,,,,8,0,0,,0,,1,Literature_ChAP_HrrA_2025,ATCC13032;cond=iron_excess+heme,ATCC13032,0
cg3247,hrrA,ncgl0069,ncgl0069,1,curated_positive,Dual,0,0,0,0,0,,ChAP-seq,0.2,0,1,1,Literature_ChAP_HrrA_2025,1,0,,0,0,0,0,,,,0,0,0,0,0,0,0,,,,0,0,0,0,,,,,,8,0,0,,0,,1,Literature_ChAP_HrrA_2025,ATCC13032;cond=iron_excess,ATCC13032,0
cg3247,hrrA,ncgl0078,ncgl0078,1,curated_positive,Dual,0,0,0,0,0,,ChAP-seq,0.2,0,1,1,Literature_ChAP_HrrA_2025,1,0,,0,0,0,0,,,,0,0,0,0,0,0,0,,,,0,0,0,0,,,,,,8,0,0,,0,,1,Literature_ChAP_HrrA_2025,ATCC13032;cond=iron_excess+heme,ATCC13032,0
cg3247,hrrA,ncgl0083,ureA,1,curated_positive,Dual,0,0,0,0,0,,ChAP-seq,0.2,0,1,1,Literature_ChAP_HrrA_2025,1,0,,0,0,0,0,,,,0,0,0,0,0,0,0,,,,0,0,0,0,,,,,,8,0,0,,0,,1,Literature_ChAP_HrrA_2025,ATCC13032;cond=heme,ATCC13032,0
cg3247,hrrA,ncgl0098,putA,1,curated_positive,Dual,0,0,0,0,0,,ChAP-seq,0.2,0,1,1,Literature_ChAP_HrrA_2025,1,0,,0,0,0,0,,,,0,0,0,0,0,0,0,,,,0,0,0,0,,,,,,8,0,0,,0,,1,Literature_ChAP_HrrA_2025,ATCC13032;cond=iron_excess+heme,ATCC13032,0
cg3247,hrrA,ncgl0106,ncgl0106,1,curated_positive,Dual,0,0,0,0,0,,ChAP-seq,0.2,0,1,1,Literature_ChAP_HrrA_2025,1,0,,0,0,0,0,,,,0,0,0,0,0,0,0,,,,0,0,0,0,,,,,,8,0,0,,0,,1,Literature_ChAP_HrrA_2025,ATCC13032;cond=iron_excess,ATCC13032,0
cg3247,hrrA,ncgl0117,hde,1,curated_positive,Dual,0,0,0,0,0,,ChAP-seq,0.2,0,1,1,Literature_ChAP_HrrA_2025,1,0,,0,0,0,0,,,,0,0,0,0,0,0,0,,,,0,0,0,0,,,,,,8,0,0,,0,,1,Literature_ChAP_HrrA_2025,ATCC13032;cond=iron_excess+heme,ATCC13032,0
cg3247,hrrA,ncgl0126,ncgl0126,1,curated_positive,Dual,0,0,0,0,0,,ChAP-seq,0.2,0,1,1,Literature_ChAP_HrrA_2025,1,0,,0,0,0,0,,,,0,0,0,0,0,0,0,,,,0,0,0,0,,,,,,8,0,0,,0,,1,Literature_ChAP_HrrA_2025,ATCC13032;cond=heme,ATCC13032,0
cg3247,hrrA,ncgl0154,iolR,1,curated_positive,Dual,0,0,0,0,0,,ChAP-seq,0.2,0,1,1,Literature_ChAP_HrrA_2025,1,0,,0,0,0,0,,,,0,0,0,0,0,0,0,,,,0,0,0,0,,,,,,8,0,0,,0,,1,Literature_ChAP_HrrA_2025,ATCC13032;cond=iron_excess+heme,ATCC13032,0
cg3247,hrrA,ncgl0155,iolC,1,curated_positive,Dual,0,0,0,0,0,,ChAP-seq,0.2,0,1,1,Literature_ChAP_HrrA_2025,1,0,,0,0,0,0,,,,0,0,0,0,0,0,0,,,,0,0,0,0,,,,,,8,0,0,,0,,1,Literature_ChAP_HrrA_2025,ATCC13032;cond=iron_excess+heme,ATCC13032,0
cg3247,hrrA,ncgl0161,iolG,1,curated_positive,Dual,0,0,0,0,0,,ChAP-seq,0.2,0,1,1,Literature_ChAP_HrrA_2025,1,0,,0,0,0,0,,,,0,0,0,0,0,0,0,,,,0,0,0,0,,,,,,8,0,0,,0,,1,Literature_ChAP_HrrA_2025,ATCC13032;cond=iron_excess+heme,ATCC13032,0
cg3247,hrrA,ncgl0171,cspA,1,curated_positive,Dual,0,0,0,0,0,,ChAP-seq,0.2,0,1,1,Literature_ChAP_HrrA_2025,1,0,,0,0,0,0,,,,0,0,0,0,0,0,0,,,,0,0,0,0,,,,,,8,0,0,,0,,1,Literature_ChAP_HrrA_2025,ATCC13032;cond=iron_excess,ATCC13032,0
cg3247,hrrA,ncgl0176,ncgl0176,1,curated_positive,Dual,0,0,0,0,0,,ChAP-seq,0.2,0,1,1,Literature_ChAP_HrrA_2025,1,0,,0,0,0,0,,,,0,0,0,0,0,0,0,,,,0,0,0,0,,,,,,8,0,0,,0,,1,Literature_ChAP_HrrA_2025,ATCC13032;cond=iron_excess+heme,ATCC13032,0
cg3247,hrrA,ncgl0177,ncgl0177,1,curated_positive,Dual,0,0,0,0,0,,ChAP-seq,0.2,0,1,1,Literature_ChAP_HrrA_2025,1,0,,0,0,0,0,,,,0,0,0,0,0,0,0,,,,0,0,0,0,,,,,,8,0,0,,0,,1,Literature_ChAP_HrrA_2025,ATCC13032;cond=iron_excess+heme,ATCC13032,0
cg3247,hrrA,ncgl0184,emb (embC),1,curated_positive,Dual,0,0,0,0,0,,ChAP-seq,0.2,0,1,1,Literature_ChAP_HrrA_2025,1,0,,0,0,0,0,,,,0,0,0,0,0,0,0,,,,0,0,0,0,,,,,,8,0,0,,0,,1,Literature_ChAP_HrrA_2025,ATCC13032;cond=heme,ATCC13032,0
cg3247,hrrA,ncgl0187,ncgl0187,1,curated_positive,Dual,0,0,0,0,0,,ChAP-seq,0.2,0,1,1,Literature_ChAP_HrrA_2025,1,0,,0,0,0,0,,,,0,0,0,0,0,0,0,,,,0,0,0,0,,,,,,8,0,0,,0,,1,Literature_ChAP_HrrA_2025,ATCC13032;cond=iron_excess,ATCC13032,0
cg3247,hrrA,ncgl0189,ncgl0189,1,curated_positive,Dual,0,0,0,0,0,,ChAP-seq,0.2,0,1,1,Literature_ChAP_HrrA_2025,1,0,,0,0,0,0,,,,0,0,0,0,0,0,0,,,,0,0,0,0,,,,,,8,0,0,,0,,1,Literature_ChAP_HrrA_2025,ATCC13032;cond=iron_excess,ATCC13032,0
cg3247,hrrA,ncgl0196,ncgl0196,1,curated_positive,Dual,0,0,0,0,0,,ChAP-seq,0.2,0,1,1,Literature_ChAP_HrrA_2025,1,0,,0,0,0,0,,,,0,0,0,0,0,0,0,,,,0,0,0,0,,,,,,8,0,0,,0,,1,Literature_ChAP_HrrA_2025,ATCC13032;cond=heme,ATCC13032,0
cg3247,hrrA,ncgl0199,ncgl0199,1,curated_positive,Dual,0,0,0,0,0,,ChAP-seq,0.2,0,1,1,Literature_ChAP_HrrA_2025,1,0,,0,0,0,0,,,,0,0,0,0,0,0,0,,,,0,0,0,0,,,,,,8,0,0,,0,,1,Literature_ChAP_HrrA_2025,ATCC13032;cond=iron_excess+heme,ATCC13032,0
cg3247,hrrA,ncgl0207,moaB,1,curated_positive,Dual,0,0,0,0,0,,ChAP-seq,0.2,0,1,1,Literature_ChAP_HrrA_2025,1,0,,0,0,0,0,,,,0,0,0,0,0,0,0,,,,0,0,0,0,,,,,,8,0,0,,0,,1,Literature_ChAP_HrrA_2025,ATCC13032;cond=iron_excess,ATCC13032,0
cg3247,hrrA,ncgl0219,ncgl0219,1,curated_positive,Dual,0,0,0,0,0,,ChAP-seq,0.2,0,1,1,Literature_ChAP_HrrA_2025,1,0,,0,0,0,0,,,,0,0,0,0,0,0,0,,,,0,0,0,0,,,,,,8,0,0,,0,,1,Literature_ChAP_HrrA_2025,ATCC13032;cond=iron_excess,ATCC13032,0
cg3247,hrrA,ncgl0236,ncgl0236,1,curated_positive,Dual,0,0,0,0,0,,ChAP-seq,0.2,0,1,1,Literature_ChAP_HrrA_2025,1,0,,0,0,0,0,,,,0,0,0,0,0,0,0,,,,0,0,0,0,,,,,,8,0,0,,0,,1,Literature_ChAP_HrrA_2025,ATCC13032;cond=heme,ATCC13032,0
cg3247,hrrA,ncgl0237,aspT (aspB),1,curated_positive,Dual,0,0,0,0,0,,ChAP-seq,0.2,0,1,1,Literature_ChAP_HrrA_2025,1,0,,0,0,0,0,,,,0,0,0,0,0,0,0,,,,0,0,0,0,,,,,,8,0,0,,0,,1,Literature_ChAP_HrrA_2025,ATCC13032;cond=iron_excess,ATCC13032,0
cg3247,hrrA,ncgl0245,leuA,1,curated_positive,Dual,0,0,0,0,0,,ChAP-seq,0.2,0,1,1,Literature_ChAP_HrrA_2025,1,0,,0,0,0,0,,,,0,0,0,0,0,0,0,,,,0,0,0,0,,,,,,8,0,0,,0,,1,Literature_ChAP_HrrA_2025,ATCC13032;cond=iron_excess+heme,ATCC13032,0
cg3247,hrrA,ncgl0246,ncgl0246,1,curated_positive,Dual,0,0,0,0,0,,ChAP-seq,0.2,0,1,1,Literature_ChAP_HrrA_2025,1,0,,0,0,0,0,,,,0,0,0,0,0,0,0,,,,0,0,0,0,,,,,,8,0,0,,0,,1,Literature_ChAP_HrrA_2025,ATCC13032;cond=iron_excess+heme,ATCC13032,0
cg3247,hrrA,ncgl0250,sigC,1,curated_positive,Dual,0,0,0,0,0,,ChAP-seq,0.2,0,1,1,Literature_ChAP_HrrA_2025,1,0,,0,0,0,0,,,,0,0,0,0,0,0,0,,,,0,0,0,0,,,,,,8,0,0,,0,,1,Literature_ChAP_HrrA_2025,ATCC13032;cond=iron_excess+heme,ATCC13032,0
cg3247,hrrA,ncgl0268,cgtR1,1,curated_positive,Dual,0,0,0,0,0,,ChAP-seq,0.2,0,1,1,Literature_ChAP_HrrA_2025,1,0,,0,0,0,0,,,,0,0,0,0,0,0,0,,,,0,0,0,0,,,,,,8,0,0,,0,,1,Literature_ChAP_HrrA_2025,ATCC13032;cond=heme,ATCC13032,0
cg3247,hrrA,ncgl0275,whcA (whiB4),1,curated_positive,Dual,0,0,0,0,0,,ChAP-seq,0.2,0,1,1,Literature_ChAP_HrrA_2025,1,0,,0,0,0,0,,,,0,0,0,0,0,0,0,,,,0,0,0,0,,,,,,8,0,0,,0,,1,Literature_ChAP_HrrA_2025,ATCC13032;cond=iron_excess+heme,ATCC13032,0
cg3247,hrrA,ncgl0279,phdA (fadD1),1,curated_positive,Dual,0,0,0,0,0,,ChAP-seq,0.2,0,1,1,Literature_ChAP_HrrA_2025,1,0,,0,0,0,0,,,,0,0,0,0,0,0,0,,,,0,0,0,0,,,,,,8,0,0,,0,,1,Literature_ChAP_HrrA_2025,ATCC13032;cond=iron_excess+heme,ATCC13032,0
cg3247,hrrA,ncgl0302,ncgl0302,1,curated_positive,Dual,0,0,0,0,0,,ChAP-seq,0.2,0,1,1,Literature_ChAP_HrrA_2025,1,0,,0,0,0,0,,,,0,0,0,0,0,0,0,,,,0,0,0,0,,,,,,8,0,0,,0,,1,Literature_ChAP_HrrA_2025,ATCC13032;cond=iron_excess,ATCC13032,0
cg3247,hrrA,ncgl0303,cspA2,1,curated_positive,Dual,0,0,0,0,0,,ChAP-seq,0.2,0,1,1,Literature_ChAP_HrrA_2025,1,0,,0,0,0,0,,,,0,0,0,0,0,0,0,,,,0,0,0,0,,,,,,8,0,0,,0,,1,Literature_ChAP_HrrA_2025,ATCC13032;cond=iron_excess,ATCC13032,0
cg3247,hrrA,ncgl0316,ncgl0316,1,curated_positive,Dual,0,0,0,0,0,,ChAP-seq,0.2,0,1,1,Literature_ChAP_HrrA_2025,1,0,,0,0,0,0,,,,0,0,0,0,0,0,0,,,,0,0,0,0,,,,,,8,0,0,,0,,1,Literature_ChAP_HrrA_2025,ATCC13032;cond=iron_excess+heme,ATCC13032,0
cg3247,hrrA,ncgl0333,ncgl0333,1,curated_positive,Dual,0,0,0,0,0,,ChAP-seq,0.2,0,1,1,Literature_ChAP_HrrA_2025,1,0,,0,0,0,0,,,,0,0,0,0,0,0,0,,,,0,0,0,0,,,,,,8,0,0,,0,,1,Literature_ChAP_HrrA_2025,ATCC13032;cond=iron_excess,ATCC13032,0
cg3247,hrrA,ncgl0342,ncgl0342,1,curated_positive,Dual,0,0,0,0,0,,ChAP-seq,0.2,0,1,1,Literature_ChAP_HrrA_2025,1,0,,0,0,0,0,,,,0,0,0,0,0,0,0,,,,0,0,0,0,,,,,,8,0,0,,0,,1,Literature_ChAP_HrrA_2025,ATCC13032;cond=iron_excess+heme,ATCC13032,0
cg3247,hrrA,ncgl0344,wzx,1,curated_positive,Dual,0,0,0,0,0,,ChAP-seq,0.2,0,1,1,Literature_ChAP_HrrA_2025,1,0,,0,0,0,0,,,,0,0,0,0,0,0,0,,,,0,0,0,0,,,,,,8,0,0,,0,,1,Literature_ChAP_HrrA_2025,ATCC13032;cond=iron_excess+heme,ATCC13032,0
cg3247,hrrA,ncgl0345,murA,1,curated_positive,Dual,0,0,0,0,0,,ChAP-seq,0.2,0,1,1,Literature_ChAP_HrrA_2025,1,0,,0,0,0,0,,,,0,0,0,0,0,0,0,,,,0,0,0,0,,,,,,8,0,0,,0,,1,Literature_ChAP_HrrA_2025,ATCC13032;cond=iron_excess+heme,ATCC13032,0
cg3247,hrrA,ncgl0347,ncgl0347,1,curated_positive,Dual,0,0,0,0,0,,ChAP-seq,0.2,0,1,1,Literature_ChAP_HrrA_2025,1,0,,0,0,0,0,,,,0,0,0,0,0,0,0,,,,0,0,0,0,,,,,,8,0,0,,0,,1,Literature_ChAP_HrrA_2025,ATCC13032;cond=iron_excess+heme,ATCC13032,0
cg3247,hrrA,ncgl0349,ncgl0349,1,curated_positive,Dual,0,0,0,0,0,,ChAP-seq,0.2,0,1,1,Literature_ChAP_HrrA_2025,1,0,,0,0,0,0,,,,0,0,0,0,0,0,0,,,,0,0,0,0,,,,,,8,0,0,,0,,1,Literature_ChAP_HrrA_2025,ATCC13032;cond=heme,ATCC13032,0
cg3247,hrrA,ncgl0350,ncgl0350,1,curated_positive,Dual,0,0,0,0,0,,ChAP-seq,0.2,0,1,1,Literature_ChAP_HrrA_2025,1,0,,0,0,0,0,,,,0,0,0,0,0,0,0,,,,0,0,0,0,,,,,,8,0,0,,0,,1,Literature_ChAP_HrrA_2025,ATCC13032;cond=iron_excess+heme,ATCC13032,0
cg3247,hrrA,ncgl0351,udgA1,1,curated_positive,Dual,0,0,0,0,0,,ChAP-seq,0.2,0,1,1,Literature_ChAP_HrrA_2025,1,0,,0,0,0,0,,,,0,0,0,0,0,0,0,,,,0,0,0,0,,,,,,8,0,0,,0,,1,Literature_ChAP_HrrA_2025,ATCC13032;cond=heme,ATCC13032,0
cg3247,hrrA,ncgl0352,wzy,1,curated_positive,Dual,0,0,0,0,0,,ChAP-seq,0.2,0,1,1,Literature_ChAP_HrrA_2025,1,0,,0,0,0,0,,,,0,0,0,0,0,0,0,,,,0,0,0,0,,,,,,8,0,0,,0,,1,Literature_ChAP_HrrA_2025,ATCC13032;cond=iron_excess+heme,ATCC13032,0
cg3247,hrrA,ncgl0353,ncgl0353,1,curated_positive,Dual,0,0,0,0,0,,ChAP-seq,0.2,0,1,1,Literature_ChAP_HrrA_2025,1,0,,0,0,0,0,,,,0,0,0,0,0,0,0,,,,0,0,0,0,,,,,,8,0,0,,0,,1,Literature_ChAP_HrrA_2025,ATCC13032;cond=heme,ATCC13032,0
cg3247,hrrA,ncgl0354,ncgl0354,1,curated_positive,Dual,0,0,0,0,0,,ChAP-seq,0.2,0,1,1,Literature_ChAP_HrrA_2025,1,0,,0,0,0,0,,,,0,0,0,0,0,0,0,,,,0,0,0,0,,,,,,8,0,0,,0,,1,Literature_ChAP_HrrA_2025,ATCC13032;cond=iron_excess+heme,ATCC13032,0
cg3247,hrrA,ncgl0359,sdhC sdhCD,1,curated_positive,Dual,0,0,0,0,0,,ChAP-seq,0.2,0,1,1,Literature_ChAP_HrrA_2025,1,0,,0,0,0,0,,,,0,0,0,0,0,0,0,,,,0,0,0,0,,,,,,8,0,0,,0,,1,Literature_ChAP_HrrA_2025,ATCC13032;cond=iron_excess+heme,ATCC13032,0
cg3247,hrrA,ncgl0367,ncgl0367,1,curated_positive,Dual,0,0,0,0,0,,ChAP-seq,0.2,0,1,1,Literature_ChAP_HrrA_2025,1,0,,0,0,0,0,,,,0,0,0,0,0,0,0,,,,0,0,0,0,,,,,,8,0,0,,0,,1,Literature_ChAP_HrrA_2025,ATCC13032;cond=iron_excess+heme,ATCC13032,0
cg3247,hrrA,ncgl0375,"copA (ctpA, ctpV)",1,curated_positive,Dual,0,0,0,0,0,,ChAP-seq,0.2,0,1,1,Literature_ChAP_HrrA_2025,1,0,,0,0,0,0,,,,0,0,0,0,0,0,0,,,,0,0,0,0,,,,,,8,0,0,,0,,1,Literature_ChAP_HrrA_2025,ATCC13032;cond=iron_excess,ATCC13032,0
cg3247,hrrA,ncgl0377,htaA,1,curated_positive,Dual,0,0,0,0,0,,ChAP-seq,0.2,0,1,1,Literature_ChAP_HrrA_2025,1,0,,0,0,0,0,,,,0,0,0,0,0,0,0,,,,0,0,0,0,,,,,,8,0,0,,0,,1,Literature_ChAP_HrrA_2025,ATCC13032;cond=iron_excess+heme,ATCC13032,0
cg3247,hrrA,ncgl0385,ncgl0385,1,curated_positive,Dual,0,0,0,0,0,,ChAP-seq,0.2,0,1,1,Literature_ChAP_HrrA_2025,1,0,,0,0,0,0,,,,0,0,0,0,0,0,0,,,,0,0,0,0,,,,,,8,0,0,,0,,1,Literature_ChAP_HrrA_2025,ATCC13032;cond=iron_excess+heme,ATCC13032,0
cg3247,hrrA,ncgl0390,gpmA,1,curated_positive,Dual,0,0,0,0,0,,ChAP-seq,0.2,0,1,1,Literature_ChAP_HrrA_2025,1,0,,0,0,0,0,,,,0,0,0,0,0,0,0,,,,0,0,0,0,,,,,,8,0,0,,0,,1,Literature_ChAP_HrrA_2025,ATCC13032;cond=iron_excess,ATCC13032,0
cg3247,hrrA,ncgl0391,senX3 (cgtS4),1,curated_positive,Dual,0,0,0,0,0,,ChAP-seq,0.2,0,1,1,Literature_ChAP_HrrA_2025,1,0,,0,0,0,0,,,,0,0,0,0,0,0,0,,,,0,0,0,0,,,,,,8,0,0,,0,,1,Literature_ChAP_HrrA_2025,ATCC13032;cond=iron_excess,ATCC13032,0
cg3247,hrrA,ncgl0400,ncgl0400,1,curated_positive,Dual,0,0,0,0,0,,ChAP-seq,0.2,0,1,1,Literature_ChAP_HrrA_2025,1,0,,0,0,0,0,,,,0,0,0,0,0,0,0,,,,0,0,0,0,,,,,,8,0,0,,0,,1,Literature_ChAP_HrrA_2025,ATCC13032;cond=iron_excess+heme,ATCC13032,0
cg3247,hrrA,ncgl0405,qsuR,1,curated_positive,Dual,0,0,0,0,0,,ChAP-seq,0.2,0,1,1,Literature_ChAP_HrrA_2025,1,0,,0,0,0,0,,,,0,0,0,0,0,0,0,,,,0,0,0,0,,,,,,8,0,0,,0,,1,Literature_ChAP_HrrA_2025,ATCC13032;cond=iron_excess+heme,ATCC13032,0
cg3247,hrrA,ncgl0410,ncgl0410,1,curated_positive,Dual,0,0,0,0,0,,ChAP-seq,0.2,0,1,1,Literature_ChAP_HrrA_2025,1,0,,0,0,0,0,,,,0,0,0,0,0,0,0,,,,0,0,0,0,,,,,,8,0,0,,0,,1,Literature_ChAP_HrrA_2025,ATCC13032;cond=heme,ATCC13032,0
cg3247,hrrA,ncgl0420,hemE,1,curated_positive,Dual,0,0,0,0,0,,ChAP-seq,0.2,0,1,1,Literature_ChAP_HrrA_2025,1,0,,0,0,0,0,,,,0,0,0,0,0,0,0,,,,0,0,0,0,,,,,,8,0,0,,0,,1,Literature_ChAP_HrrA_2025,ATCC13032;cond=iron_excess+heme,ATCC13032,0
cg3247,hrrA,ncgl0422,hemL,1,curated_positive,Dual,0,0,0,0,0,,ChAP-seq,0.2,0,1,1,Literature_ChAP_HrrA_2025,1,0,,0,0,0,0,,,,0,0,0,0,0,0,0,,,,0,0,0,0,,,,,,8,0,0,,0,,1,Literature_ChAP_HrrA_2025,ATCC13032;cond=iron_excess,ATCC13032,0
cg3247,hrrA,ncgl0425,ccsA,1,curated_positive,Dual,0,0,0,0,0,,ChAP-seq,0.2,0,1,1,Literature_ChAP_HrrA_2025,1,0,,0,0,0,0,,,,0,0,0,0,0,0,0,,,,0,0,0,0,,,,,,8,0,0,,0,,1,Literature_ChAP_HrrA_2025,ATCC13032;cond=iron_excess,ATCC13032,0
cg3247,hrrA,ncgl0427,ccsB,1,curated_positive,Dual,0,0,0,0,0,,ChAP-seq,0.2,0,1,1,Literature_ChAP_HrrA_2025,1,0,,0,0,0,0,,,,0,0,0,0,0,0,0,,,,0,0,0,0,,,,,,8,0,0,,0,,1,Literature_ChAP_HrrA_2025,ATCC13032;cond=heme,ATCC13032,0
cg3247,hrrA,ncgl0435,menE,1,curated_positive,Dual,0,0,0,0,0,,ChAP-seq,0.2,0,1,1,Literature_ChAP_HrrA_2025,1,0,,0,0,0,0,,,,0,0,0,0,0,0,0,,,,0,0,0,0,,,,,,8,0,0,,0,,1,Literature_ChAP_HrrA_2025,ATCC13032;cond=iron_excess+heme,ATCC13032,0
cg3247,hrrA,ncgl0445,pitA,1,curated_positive,Dual,0,0,0,0,0,,ChAP-seq,0.2,0,1,1,Literature_ChAP_HrrA_2025,1,0,,0,0,0,0,,,,0,0,0,0,0,0,0,,,,0,0,0,0,,,,,,8,0,0,,0,,1,Literature_ChAP_HrrA_2025,ATCC13032;cond=iron_excess,ATCC13032,0
cg3247,hrrA,ncgl0455,ncgl0455,1,curated_positive,Dual,0,0,0,0,0,,ChAP-seq,0.2,0,1,1,Literature_ChAP_HrrA_2025,1,0,,0,0,0,0,,,,0,0,0,0,0,0,0,,,,0,0,0,0,,,,,,8,0,0,,0,,1,Literature_ChAP_HrrA_2025,ATCC13032;cond=iron_excess+heme,ATCC13032,0
cg3247,hrrA,ncgl0459,rplK,1,curated_positive,Dual,0,0,0,0,0,,ChAP-seq,0.2,0,1,1,Literature_ChAP_HrrA_2025,1,0,,0,0,0,0,,,,0,0,0,0,0,0,0,,,,0,0,0,0,,,,,,8,0,0,,0,,1,Literature_ChAP_HrrA_2025,ATCC13032;cond=iron_excess,ATCC13032,0
cg3247,hrrA,ncgl0461,pwkR/gabR,1,curated_positive,Dual,0,0,0,0,0,,ChAP-seq,0.2,0,1,1,Literature_ChAP_HrrA_2025,1,0,,0,0,0,0,,,,0,0,0,0,0,0,0,,,,0,0,0,0,,,,,,8,0,0,,0,,1,Literature_ChAP_HrrA_2025,ATCC13032;cond=heme,ATCC13032,0
cg3247,hrrA,ncgl0468,rplJ,1,curated_positive,Dual,0,0,0,0,0,,ChAP-seq,0.2,0,1,1,Literature_ChAP_HrrA_2025,1,0,,0,0,0,0,,,,0,0,0,0,0,0,0,,,,0,0,0,0,,,,,,8,0,0,,0,,1,Literature_ChAP_HrrA_2025,ATCC13032;cond=iron_excess,ATCC13032,0
cg3247,hrrA,ncgl0471,rpoB,1,curated_positive,Dual,0,0,0,0,0,,ChAP-seq,0.2,0,1,1,Literature_ChAP_HrrA_2025,1,0,,0,0,0,0,,,,0,0,0,0,0,0,0,,,,0,0,0,0,,,,,,8,0,0,,0,,1,Literature_ChAP_HrrA_2025,ATCC13032;cond=iron_excess,ATCC13032,0
cg3247,hrrA,ncgl0475,ncgl0475,1,curated_positive,Dual,0,0,0,0,0,,ChAP-seq,0.2,0,1,1,Literature_ChAP_HrrA_2025,1,0,,0,0,0,0,,,,0,0,0,0,0,0,0,,,,0,0,0,0,,,,,,8,0,0,,0,,1,Literature_ChAP_HrrA_2025,ATCC13032;cond=iron_excess,ATCC13032,0
cg3247,hrrA,ncgl0476,rpsL,1,curated_positive,Dual,0,0,0,0,0,,ChAP-seq,0.2,0,1,1,Literature_ChAP_HrrA_2025,1,0,,0,0,0,0,,,,0,0,0,0,0,0,0,,,,0,0,0,0,,,,,,8,0,0,,0,,1,Literature_ChAP_HrrA_2025,ATCC13032;cond=iron_excess,ATCC13032,0
cg3247,hrrA,ncgl0478,fusA,1,curated_positive,Dual,0,0,0,0,0,,ChAP-seq,0.2,0,1,1,Literature_ChAP_HrrA_2025,1,0,,0,0,0,0,,,,0,0,0,0,0,0,0,,,,0,0,0,0,,,,,,8,0,0,,0,,1,Literature_ChAP_HrrA_2025,ATCC13032;cond=iron_excess,ATCC13032,0
cg3247,hrrA,ncgl0505,fdhD,1,curated_positive,Dual,0,0,0,0,0,,ChAP-seq,0.2,0,1,1,Literature_ChAP_HrrA_2025,1,0,,0,0,0,0,,,,0,0,0,0,0,0,0,,,,0,0,0,0,,,,,,8,0,0,,0,,1,Literature_ChAP_HrrA_2025,ATCC13032;cond=heme,ATCC13032,0
cg3247,hrrA,ncgl0515,rpsH,1,curated_positive,Dual,0,0,0,0,0,,ChAP-seq,0.2,0,1,1,Literature_ChAP_HrrA_2025,1,0,,0,0,0,0,,,,0,0,0,0,0,0,0,,,,0,0,0,0,,,,,,8,0,0,,0,,1,Literature_ChAP_HrrA_2025,ATCC13032;cond=iron_excess,ATCC13032,0
cg3247,hrrA,ncgl0522,creB,1,curated_positive,Dual,0,0,0,0,0,,ChAP-seq,0.2,0,1,1,Literature_ChAP_HrrA_2025,1,0,,0,0,0,0,,,,0,0,0,0,0,0,0,,,,0,0,0,0,,,,,,8,0,0,,0,,1,Literature_ChAP_HrrA_2025,ATCC13032;cond=iron_excess,ATCC13032,0
cg3247,hrrA,ncgl0532,secY,1,curated_positive,Dual,0,0,0,0,0,,ChAP-seq,0.2,0,1,1,Literature_ChAP_HrrA_2025,1,0,,0,0,0,0,,,,0,0,0,0,0,0,0,,,,0,0,0,0,,,,,,8,0,0,,0,,1,Literature_ChAP_HrrA_2025,ATCC13032;cond=iron_excess,ATCC13032,0
cg3247,hrrA,ncgl0536,infA,1,curated_positive,Dual,0,0,0,0,0,,ChAP-seq,0.2,0,1,1,Literature_ChAP_HrrA_2025,1,0,,0,0,0,0,,,,0,0,0,0,0,0,0,,,,0,0,0,0,,,,,,8,0,0,,0,,1,Literature_ChAP_HrrA_2025,ATCC13032;cond=iron_excess,ATCC13032,0
cg3247,hrrA,ncgl0541,rplQ,1,curated_positive,Dual,0,0,0,0,0,,ChAP-seq,0.2,0,1,1,Literature_ChAP_HrrA_2025,1,0,,0,0,0,0,,,,0,0,0,0,0,0,0,,,,0,0,0,0,,,,,,8,0,0,,0,,1,Literature_ChAP_HrrA_2025,ATCC13032;cond=heme,ATCC13032,0
cg3247,hrrA,ncgl0553,ncgl0553,1,curated_positive,Dual,0,0,0,0,0,,ChAP-seq,0.2,0,1,1,Literature_ChAP_HrrA_2025,1,0,,0,0,0,0,,,,0,0,0,0,0,0,0,,,,0,0,0,0,,,,,,8,0,0,,0,,1,Literature_ChAP_HrrA_2025,ATCC13032;cond=iron_excess+heme,ATCC13032,0
cg3247,hrrA,ncgl0556,rplM,1,curated_positive,Dual,0,0,0,0,0,,ChAP-seq,0.2,0,1,1,Literature_ChAP_HrrA_2025,1,0,,0,0,0,0,,,,0,0,0,0,0,0,0,,,,0,0,0,0,,,,,,8,0,0,,0,,1,Literature_ChAP_HrrA_2025,ATCC13032;cond=iron_excess,ATCC13032,0
cg3247,hrrA,ncgl0557,rpsI,1,curated_positive,Dual,0,0,0,0,0,,ChAP-seq,0.2,0,1,1,Literature_ChAP_HrrA_2025,1,0,,0,0,0,0,,,,0,0,0,0,0,0,0,,,,0,0,0,0,,,,,,8,0,0,,0,,1,Literature_ChAP_HrrA_2025,ATCC13032;cond=heme,ATCC13032,0
cg3247,hrrA,ncgl0570,ncgl0570,1,curated_positive,Dual,0,0,0,0,0,,ChAP-seq,0.2,0,1,1,Literature_ChAP_HrrA_2025,1,0,,0,0,0,0,,,,0,0,0,0,0,0,0,,,,0,0,0,0,,,,,,8,0,0,,0,,1,Literature_ChAP_HrrA_2025,ATCC13032;cond=iron_excess+heme,ATCC13032,0
cg3247,hrrA,ncgl0604,phr,1,curated_positive,Dual,0,0,0,0,0,,ChAP-seq,0.2,0,1,1,Literature_ChAP_HrrA_2025,1,0,,0,0,0,0,,,,0,0,0,0,0,0,0,,,,0,0,0,0,,,,,,8,0,0,,0,,1,Literature_ChAP_HrrA_2025,ATCC13032;cond=heme,ATCC13032,0
cg3247,hrrA,ncgl0611,dnaE2,1,curated_positive,Dual,0,0,0,0,0,,ChAP-seq,0.2,0,1,1,Literature_ChAP_HrrA_2025,1,0,,0,0,0,0,,,,0,0,0,0,0,0,0,,,,0,0,0,0,,,,,,8,0,0,,0,,1,Literature_ChAP_HrrA_2025,ATCC13032;cond=iron_excess+heme,ATCC13032,0
cg3247,hrrA,ncgl0623,ncgl0623,1,curated_positive,Dual,0,0,0,0,0,,ChAP-seq,0.2,0,1,1,Literature_ChAP_HrrA_2025,1,0,,0,0,0,0,,,,0,0,0,0,0,0,0,,,,0,0,0,0,,,,,,8,0,0,,0,,1,Literature_ChAP_HrrA_2025,ATCC13032;cond=iron_excess+heme,ATCC13032,0
cg3247,hrrA,ncgl0646,ncgl0646,1,curated_positive,Dual,0,0,0,0,0,,ChAP-seq,0.2,0,1,1,Literature_ChAP_HrrA_2025,1,0,,0,0,0,0,,,,0,0,0,0,0,0,0,,,,0,0,0,0,,,,,,8,0,0,,0,,1,Literature_ChAP_HrrA_2025,ATCC13032;cond=iron_excess+heme,ATCC13032,0
cg3247,hrrA,ncgl0648,ncgl0648,1,curated_positive,Dual,0,0,0,0,0,,ChAP-seq,0.2,0,1,1,Literature_ChAP_HrrA_2025,1,0,,0,0,0,0,,,,0,0,0,0,0,0,0,,,,0,0,0,0,,,,,,8,0,0,,0,,1,Literature_ChAP_HrrA_2025,ATCC13032;cond=iron_excess+heme,ATCC13032,0
cg3247,hrrA,ncgl0659,pyc,1,curated_positive,Dual,0,0,0,0,0,,ChAP-seq,0.2,0,1,1,Literature_ChAP_HrrA_2025,1,0,,0,0,0,0,,,,0,0,0,0,0,0,0,,,,0,0,0,0,,,,,,8,0,0,,0,,1,Literature_ChAP_HrrA_2025,ATCC13032;cond=heme,ATCC13032,0
cg3247,hrrA,ncgl0670,accBC,1,curated_positive,Dual,0,0,0,0,0,,ChAP-seq,0.2,0,1,1,Literature_ChAP_HrrA_2025,1,0,,0,0,0,0,,,,0,0,0,0,0,0,0,,,,0,0,0,0,,,,,,8,0,0,,0,,1,Literature_ChAP_HrrA_2025,ATCC13032;cond=iron_excess,ATCC13032,0
cg3247,hrrA,ncgl0675,maf,1,curated_positive,Dual,0,0,0,0,0,,ChAP-seq,0.2,0,1,1,Literature_ChAP_HrrA_2025,1,0,,0,0,0,0,,,,0,0,0,0,0,0,0,,,,0,0,0,0,,,,,,8,0,0,,0,,1,Literature_ChAP_HrrA_2025,ATCC13032;cond=heme,ATCC13032,0
cg3247,hrrA,ncgl0694,tusG,1,curated_positive,Dual,0,0,0,0,0,,ChAP-seq,0.2,0,1,1,Literature_ChAP_HrrA_2025,1,0,,0,0,0,0,,,,0,0,0,0,0,0,0,,,,0,0,0,0,,,,,,8,0,0,,0,,1,Literature_ChAP_HrrA_2025,ATCC13032;cond=iron_excess+heme,ATCC13032,0
cg3247,hrrA,ncgl0710,manC (rmlA2),1,curated_positive,Dual,0,0,0,0,0,,ChAP-seq,0.2,0,1,1,Literature_ChAP_HrrA_2025,1,0,,0,0,0,0,,,,0,0,0,0,0,0,0,,,,0,0,0,0,,,,,,8,0,0,,0,,1,Literature_ChAP_HrrA_2025,ATCC13032;cond=heme,ATCC13032,0
cg3247,hrrA,ncgl0725,psrp-1,1,curated_positive,Dual,0,0,0,0,0,,ChAP-seq,0.2,0,1,1,Literature_ChAP_HrrA_2025,1,0,,0,0,0,0,,,,0,0,0,0,0,0,0,,,,0,0,0,0,,,,,,8,0,0,,0,,1,Literature_ChAP_HrrA_2025,ATCC13032;cond=iron_excess,ATCC13032,0
cg3247,hrrA,ncgl0726,secA1,1,curated_positive,Dual,0,0,0,0,0,,ChAP-seq,0.2,0,1,1,Literature_ChAP_HrrA_2025,1,0,,0,0,0,0,,,,0,0,0,0,0,0,0,,,,0,0,0,0,,,,,,8,0,0,,0,,1,Literature_ChAP_HrrA_2025,ATCC13032;cond=iron_excess,ATCC13032,0
cg3247,hrrA,ncgl0732,ncgl0732,1,curated_positive,Dual,0,0,0,0,0,,ChAP-seq,0.2,0,1,1,Literature_ChAP_HrrA_2025,1,0,,0,0,0,0,,,,0,0,0,0,0,0,0,,,,0,0,0,0,,,,,,8,0,0,,0,,1,Literature_ChAP_HrrA_2025,ATCC13032;cond=iron_excess+heme,ATCC13032,0
cg3247,hrrA,ncgl0736,ncgl0736,1,curated_positive,Dual,0,0,0,0,0,,ChAP-seq,0.2,0,1,1,Literature_ChAP_HrrA_2025,1,0,,0,0,0,0,,,,0,0,0,0,0,0,0,,,,0,0,0,0,,,,,,8,0,0,,0,,1,Literature_ChAP_HrrA_2025,ATCC13032;cond=iron_excess+heme,ATCC13032,0
cg3247,hrrA,ncgl0753,pdxR,1,curated_positive,Dual,0,0,0,0,0,,ChAP-seq,0.2,0,1,1,Literature_ChAP_HrrA_2025,1,0,,0,0,0,0,,,,0,0,0,0,0,0,0,,,,0,0,0,0,,,,,,8,0,0,,0,,1,Literature_ChAP_HrrA_2025,ATCC13032;cond=heme,ATCC13032,0
cg3247,hrrA,ncgl0756,ncgl0756,1,curated_positive,Dual,0,0,0,0,0,,ChAP-seq,0.2,0,1,1,Literature_ChAP_HrrA_2025,1,0,,0,0,0,0,,,,0,0,0,0,0,0,0,,,,0,0,0,0,,,,,,8,0,0,,0,,1,Literature_ChAP_HrrA_2025,ATCC13032;cond=heme,ATCC13032,0
cg3247,hrrA,ncgl0757,ncgl0757,1,curated_positive,Dual,0,0,0,0,0,,ChAP-seq,0.2,0,1,1,Literature_ChAP_HrrA_2025,1,0,,0,0,0,0,,,,0,0,0,0,0,0,0,,,,0,0,0,0,,,,,,8,0,0,,0,,1,Literature_ChAP_HrrA_2025,ATCC13032;cond=heme,ATCC13032,0
cg3247,hrrA,ncgl0773,ncgl0773,1,curated_positive,Dual,0,0,0,0,0,,ChAP-seq,0.2,0,1,1,Literature_ChAP_HrrA_2025,1,0,,0,0,0,0,,,,0,0,0,0,0,0,0,,,,0,0,0,0,,,,,,8,0,0,,0,,1,Literature_ChAP_HrrA_2025,ATCC13032;cond=heme,ATCC13032,0
cg3247,hrrA,ncgl0775,ncgl0775,1,curated_positive,Dual,0,0,0,0,0,,ChAP-seq,0.2,0,1,1,Literature_ChAP_HrrA_2025,1,0,,0,0,0,0,,,,0,0,0,0,0,0,0,,,,0,0,0,0,,,,,,8,0,0,,0,,1,Literature_ChAP_HrrA_2025,ATCC13032;cond=iron_excess,ATCC13032,0
cg3247,hrrA,ncgl0776,ncgl0776,1,curated_positive,Dual,0,0,0,0,0,,ChAP-seq,0.2,0,1,1,Literature_ChAP_HrrA_2025,1,0,,0,0,0,0,,,,0,0,0,0,0,0,0,,,,0,0,0,0,,,,,,8,0,0,,0,,1,Literature_ChAP_HrrA_2025,ATCC13032;cond=iron_excess,ATCC13032,0
cg3247,hrrA,ncgl0780,ncgl0780,1,curated_positive,Dual,0,0,0,0,0,,ChAP-seq,0.2,0,1,1,Literature_ChAP_HrrA_2025,1,0,,0,0,0,0,,,,0,0,0,0,0,0,0,,,,0,0,0,0,,,,,,8,0,0,,0,,1,Literature_ChAP_HrrA_2025,ATCC13032;cond=iron_excess+heme,ATCC13032,0
cg3247,hrrA,ncgl0786,cspB,1,curated_positive,Dual,0,0,0,0,0,,ChAP-seq,0.2,0,1,1,Literature_ChAP_HrrA_2025,1,0,,0,0,0,0,,,,0,0,0,0,0,0,0,,,,0,0,0,0,,,,,,8,0,0,,0,,1,Literature_ChAP_HrrA_2025,ATCC13032;cond=iron_excess,ATCC13032,0
cg3247,hrrA,ncgl0794,serC,1,curated_positive,Dual,0,0,0,0,0,,ChAP-seq,0.2,0,1,1,Literature_ChAP_HrrA_2025,1,0,,0,0,0,0,,,,0,0,0,0,0,0,0,,,,0,0,0,0,,,,,,8,0,0,,0,,1,Literature_ChAP_HrrA_2025,ATCC13032;cond=iron_excess+heme,ATCC13032,0
cg3247,hrrA,ncgl0795,gltA,1,curated_positive,Dual,0,0,0,0,0,,ChAP-seq,0.2,0,1,1,Literature_ChAP_HrrA_2025,1,0,,0,0,0,0,,,,0,0,0,0,0,0,0,,,,0,0,0,0,,,,,,8,0,0,,0,,1,Literature_ChAP_HrrA_2025,ATCC13032;cond=iron_excess+heme,ATCC13032,0
cg3247,hrrA,ncgl0797,accD3,1,curated_positive,Dual,0,0,0,0,0,,ChAP-seq,0.2,0,1,1,Literature_ChAP_HrrA_2025,1,0,,0,0,0,0,,,,0,0,0,0,0,0,0,,,,0,0,0,0,,,,,,8,0,0,,0,,1,Literature_ChAP_HrrA_2025,ATCC13032;cond=heme,ATCC13032,0
cg3247,hrrA,ncgl0829,amtR,1,curated_positive,Dual,0,0,0,0,0,,ChAP-seq,0.2,0,1,1,Literature_ChAP_HrrA_2025,1,0,,0,0,0,0,,,,0,0,0,0,0,0,0,,,,0,0,0,0,,,,,,8,0,0,,0,,1,Literature_ChAP_HrrA_2025,ATCC13032;cond=heme,ATCC13032,0
cg3247,hrrA,ncgl0834,rpmB,1,curated_positive,Dual,0,0,0,0,0,,ChAP-seq,0.2,0,1,1,Literature_ChAP_HrrA_2025,1,0,,0,0,0,0,,,,0,0,0,0,0,0,0,,,,0,0,0,0,,,,,,8,0,0,,0,,1,Literature_ChAP_HrrA_2025,ATCC13032;cond=iron_excess,ATCC13032,0
cg3247,hrrA,ncgl0839,cgtR2,1,curated_positive,Dual,0,0,0,0,0,,ChAP-seq,0.2,0,1,1,Literature_ChAP_HrrA_2025,1,0,,0,0,0,0,,,,0,0,0,0,0,0,0,,,,0,0,0,0,,,,,,8,0,0,,0,,1,Literature_ChAP_HrrA_2025,ATCC13032;cond=heme,ATCC13032,0
cg3247,hrrA,ncgl0840,cgtS2,1,curated_positive,Dual,0,0,0,0,0,,ChAP-seq,0.2,0,1,1,Literature_ChAP_HrrA_2025,1,0,,0,0,0,0,,,,0,0,0,0,0,0,0,,,,0,0,0,0,,,,,,8,0,0,,0,,1,Literature_ChAP_HrrA_2025,ATCC13032;cond=iron_excess+heme,ATCC13032,0
cg3247,hrrA,ncgl0867,tnp6c,1,curated_positive,Dual,0,0,0,0,0,,ChAP-seq,0.2,0,1,1,Literature_ChAP_HrrA_2025,1,0,,0,0,0,0,,,,0,0,0,0,0,0,0,,,,0,0,0,0,,,,,,8,0,0,,0,,1,Literature_ChAP_HrrA_2025,ATCC13032;cond=iron_excess+heme,ATCC13032,0
cg3247,hrrA,ncgl0883,ncgl0883,1,curated_positive,Dual,0,0,0,0,0,,ChAP-seq,0.2,0,1,1,Literature_ChAP_HrrA_2025,1,0,,0,0,0,0,,,,0,0,0,0,0,0,0,,,,0,0,0,0,,,,,,8,0,0,,0,,1,Literature_ChAP_HrrA_2025,ATCC13032;cond=iron_excess+heme,ATCC13032,0
cg3247,hrrA,ncgl0884,ncgl0884,1,curated_positive,Dual,0,0,0,0,0,,ChAP-seq,0.2,0,1,1,Literature_ChAP_HrrA_2025,1,0,,0,0,0,0,,,,0,0,0,0,0,0,0,,,,0,0,0,0,,,,,,8,0,0,,0,,1,Literature_ChAP_HrrA_2025,ATCC13032;cond=iron_excess+heme,ATCC13032,0
cg3247,hrrA,ncgl0900,gapB (gapX),1,curated_positive,Dual,0,0,0,0,0,,ChAP-seq,0.2,0,1,1,Literature_ChAP_HrrA_2025,1,0,,0,0,0,0,,,,0,0,0,0,0,0,0,,,,0,0,0,0,,,,,,8,0,0,,0,,1,Literature_ChAP_HrrA_2025,ATCC13032;cond=heme,ATCC13032,0
cg3247,hrrA,ncgl0907,ncgl0907,1,curated_positive,Dual,0,0,0,0,0,,ChAP-seq,0.2,0,1,1,Literature_ChAP_HrrA_2025,1,0,,0,0,0,0,,,,0,0,0,0,0,0,0,,,,0,0,0,0,,,,,,8,0,0,,0,,1,Literature_ChAP_HrrA_2025,ATCC13032;cond=iron_excess+heme,ATCC13032,0
cg3247,hrrA,ncgl0914,ncgl0914,1,curated_positive,Dual,0,0,0,0,0,,ChAP-seq,0.2,0,1,1,Literature_ChAP_HrrA_2025,1,0,,0,0,0,0,,,,0,0,0,0,0,0,0,,,,0,0,0,0,,,,,,8,0,0,,0,,1,Literature_ChAP_HrrA_2025,ATCC13032;cond=iron_excess+heme,ATCC13032,0
cg3247,hrrA,ncgl0917,ncgl0917,1,curated_positive,Dual,0,0,0,0,0,,ChAP-seq,0.2,0,1,1,Literature_ChAP_HrrA_2025,1,0,,0,0,0,0,,,,0,0,0,0,0,0,0,,,,0,0,0,0,,,,,,8,0,0,,0,,1,Literature_ChAP_HrrA_2025,ATCC13032;cond=iron_excess,ATCC13032,0
cg3247,hrrA,ncgl0927,ncgl0927,1,curated_positive,Dual,0,0,0,0,0,,ChAP-seq,0.2,0,1,1,Literature_ChAP_HrrA_2025,1,0,,0,0,0,0,,,,0,0,0,0,0,0,0,,,,0,0,0,0,,,,,,8,0,0,,0,,1,Literature_ChAP_HrrA_2025,ATCC13032;cond=iron_excess+heme,ATCC13032,0
cg3247,hrrA,ncgl0929,lysI,1,curated_positive,Dual,0,0,0,0,0,,ChAP-seq,0.2,0,1,1,Literature_ChAP_HrrA_2025,1,0,,0,0,0,0,,,,0,0,0,0,0,0,0,,,,0,0,0,0,,,,,,8,0,0,,0,,1,Literature_ChAP_HrrA_2025,ATCC13032;cond=iron_excess+heme,ATCC13032,0
cg3247,hrrA,ncgl0935,eno,1,curated_positive,Dual,0,0,0,0,0,,ChAP-seq,0.2,0,1,1,Literature_ChAP_HrrA_2025,1,0,,0,0,0,0,,,,0,0,0,0,0,0,0,,,,0,0,0,0,,,,,,8,0,0,,0,,1,Literature_ChAP_HrrA_2025,ATCC13032;cond=heme,ATCC13032,0
cg3247,hrrA,ncgl0947,ncgl0947,1,curated_positive,Dual,0,0,0,0,0,,ChAP-seq,0.2,0,1,1,Literature_ChAP_HrrA_2025,1,0,,0,0,0,0,,,,0,0,0,0,0,0,0,,,,0,0,0,0,,,,,,8,0,0,,0,,1,Literature_ChAP_HrrA_2025,ATCC13032;cond=iron_excess,ATCC13032,0
cg3247,hrrA,ncgl0968,ssuI,1,curated_positive,Dual,0,0,0,0,0,,ChAP-seq,0.2,0,1,1,Literature_ChAP_HrrA_2025,1,0,,0,0,0,0,,,,0,0,0,0,0,0,0,,,,0,0,0,0,,,,,,8,0,0,,0,,1,Literature_ChAP_HrrA_2025,ATCC13032;cond=iron_excess+heme,ATCC13032,0
cg3247,hrrA,ncgl0978,ncgl0978,1,curated_positive,Dual,0,0,0,0,0,,ChAP-seq,0.2,0,1,1,Literature_ChAP_HrrA_2025,1,0,,0,0,0,0,,,,0,0,0,0,0,0,0,,,,0,0,0,0,,,,,,8,0,0,,0,,1,Literature_ChAP_HrrA_2025,ATCC13032;cond=iron_excess+heme,ATCC13032,0
cg3247,hrrA,ncgl0993,tnp9a,1,curated_positive,Dual,0,0,0,0,0,,ChAP-seq,0.2,0,1,1,Literature_ChAP_HrrA_2025,1,0,,0,0,0,0,,,,0,0,0,0,0,0,0,,,,0,0,0,0,,,,,,8,0,0,,0,,1,Literature_ChAP_HrrA_2025,ATCC13032;cond=heme,ATCC13032,0
cg3247,hrrA,ncgl1038,ncgl1038,1,curated_positive,Dual,0,0,0,0,0,,ChAP-seq,0.2,0,1,1,Literature_ChAP_HrrA_2025,1,0,,0,0,0,0,,,,0,0,0,0,0,0,0,,,,0,0,0,0,,,,,,8,0,0,,0,,1,Literature_ChAP_HrrA_2025,ATCC13032;cond=iron_excess,ATCC13032,0
cg3247,hrrA,ncgl1053,ncgl1053,1,curated_positive,Dual,0,0,0,0,0,,ChAP-seq,0.2,0,1,1,Literature_ChAP_HrrA_2025,1,0,,0,0,0,0,,,,0,0,0,0,0,0,0,,,,0,0,0,0,,,,,,8,0,0,,0,,1,Literature_ChAP_HrrA_2025,ATCC13032;cond=iron_excess,ATCC13032,0
cg3247,hrrA,ncgl1069,ncgl1069,1,curated_positive,Dual,0,0,0,0,0,,ChAP-seq,0.2,0,1,1,Literature_ChAP_HrrA_2025,1,0,,0,0,0,0,,,,0,0,0,0,0,0,0,,,,0,0,0,0,,,,,,8,0,0,,0,,1,Literature_ChAP_HrrA_2025,ATCC13032;cond=iron_excess,ATCC13032,0
cg3247,hrrA,ncgl1093,ncgl1093,1,curated_positive,Dual,0,0,0,0,0,,ChAP-seq,0.2,0,1,1,Literature_ChAP_HrrA_2025,1,0,,0,0,0,0,,,,0,0,0,0,0,0,0,,,,0,0,0,0,,,,,,8,0,0,,0,,1,Literature_ChAP_HrrA_2025,ATCC13032;cond=heme,ATCC13032,0
cg3247,hrrA,ncgl1096,ncgl1096,1,curated_positive,Dual,0,0,0,0,0,,ChAP-seq,0.2,0,1,1,Literature_ChAP_HrrA_2025,1,0,,0,0,0,0,,,,0,0,0,0,0,0,0,,,,0,0,0,0,,,,,,8,0,0,,0,,1,Literature_ChAP_HrrA_2025,ATCC13032;cond=iron_excess+heme,ATCC13032,0
cg3247,hrrA,ncgl1098,ncgl1098,1,curated_positive,Dual,0,0,0,0,0,,ChAP-seq,0.2,0,1,1,Literature_ChAP_HrrA_2025,1,0,,0,0,0,0,,,,0,0,0,0,0,0,0,,,,0,0,0,0,,,,,,8,0,0,,0,,1,Literature_ChAP_HrrA_2025,ATCC13032;cond=heme,ATCC13032,0
cg3247,hrrA,ncgl1104,cydA,1,curated_positive,Dual,0,0,0,0,0,,ChAP-seq,0.2,0,1,1,Literature_ChAP_HrrA_2025,1,0,,0,0,0,0,,,,0,0,0,0,0,0,0,,,,0,0,0,0,,,,,,8,0,0,,0,,1,Literature_ChAP_HrrA_2025,ATCC13032;cond=iron_excess+heme,ATCC13032,0
cg3247,hrrA,ncgl1133,lysA,1,curated_positive,Dual,0,0,0,0,0,,ChAP-seq,0.2,0,1,1,Literature_ChAP_HrrA_2025,1,0,,0,0,0,0,,,,0,0,0,0,0,0,0,,,,0,0,0,0,,,,,,8,0,0,,0,,1,Literature_ChAP_HrrA_2025,ATCC13032;cond=iron_excess+heme,ATCC13032,0
cg3247,hrrA,ncgl1144,mog,1,curated_positive,Dual,0,0,0,0,0,,ChAP-seq,0.2,0,1,1,Literature_ChAP_HrrA_2025,1,0,,0,0,0,0,,,,0,0,0,0,0,0,0,,,,0,0,0,0,,,,,,8,0,0,,0,,1,Literature_ChAP_HrrA_2025,ATCC13032;cond=iron_excess,ATCC13032,0
cg3247,hrrA,ncgl1147,ncgl1147,1,curated_positive,Dual,0,0,0,0,0,,ChAP-seq,0.2,0,1,1,Literature_ChAP_HrrA_2025,1,0,,0,0,0,0,,,,0,0,0,0,0,0,0,,,,0,0,0,0,,,,,,8,0,0,,0,,1,Literature_ChAP_HrrA_2025,ATCC13032;cond=heme,ATCC13032,0
cg3247,hrrA,ncgl1153,prfA,1,curated_positive,Dual,0,0,0,0,0,,ChAP-seq,0.2,0,1,1,Literature_ChAP_HrrA_2025,1,0,,0,0,0,0,,,,0,0,0,0,0,0,0,,,,0,0,0,0,,,,,,8,0,0,,0,,1,Literature_ChAP_HrrA_2025,ATCC13032;cond=heme,ATCC13032,0
cg3247,hrrA,ncgl1158,atpI,1,curated_positive,Dual,0,0,0,0,0,,ChAP-seq,0.2,0,1,1,Literature_ChAP_HrrA_2025,1,0,,0,0,0,0,,,,0,0,0,0,0,0,0,,,,0,0,0,0,,,,,,8,0,0,,0,,1,Literature_ChAP_HrrA_2025,ATCC13032;cond=heme,ATCC13032,0
cg3247,hrrA,ncgl1159,atpB,1,curated_positive,Dual,0,0,0,0,0,,ChAP-seq,0.2,0,1,1,Literature_ChAP_HrrA_2025,1,0,,0,0,0,0,,,,0,0,0,0,0,0,0,,,,0,0,0,0,,,,,,8,0,0,,0,,1,Literature_ChAP_HrrA_2025,ATCC13032;cond=iron_excess,ATCC13032,0
cg3247,hrrA,ncgl1200,ncgl1200,1,curated_positive,Dual,0,0,0,0,0,,ChAP-seq,0.2,0,1,1,Literature_ChAP_HrrA_2025,1,0,,0,0,0,0,,,,0,0,0,0,0,0,0,,,,0,0,0,0,,,,,,8,0,0,,0,,1,Literature_ChAP_HrrA_2025,ATCC13032;cond=heme,ATCC13032,0
cg3247,hrrA,ncgl1202,pfkA (pfk),1,curated_positive,Dual,0,0,0,0,0,,ChAP-seq,0.2,0,1,1,Literature_ChAP_HrrA_2025,1,0,,0,0,0,0,,,,0,0,0,0,0,0,0,,,,0,0,0,0,,,,,,8,0,0,,0,,1,Literature_ChAP_HrrA_2025,ATCC13032;cond=iron_excess,ATCC13032,0
cg3247,hrrA,ncgl1203,rbsR,1,curated_positive,Dual,0,0,0,0,0,,ChAP-seq,0.2,0,1,1,Literature_ChAP_HrrA_2025,1,0,,0,0,0,0,,,,0,0,0,0,0,0,0,,,,0,0,0,0,,,,,,8,0,0,,0,,1,Literature_ChAP_HrrA_2025,ATCC13032;cond=heme,ATCC13032,0
cg3247,hrrA,ncgl1241,odx,1,curated_positive,Dual,0,0,0,0,0,,ChAP-seq,0.2,0,1,1,Literature_ChAP_HrrA_2025,1,0,,0,0,0,0,,,,0,0,0,0,0,0,0,,,,0,0,0,0,,,,,,8,0,0,,0,,1,Literature_ChAP_HrrA_2025,ATCC13032;cond=iron_excess+heme,ATCC13032,0
cg3247,hrrA,ncgl1250,ncgl1250,1,curated_positive,Dual,0,0,0,0,0,,ChAP-seq,0.2,0,1,1,Literature_ChAP_HrrA_2025,1,0,,0,0,0,0,,,,0,0,0,0,0,0,0,,,,0,0,0,0,,,,,,8,0,0,,0,,1,Literature_ChAP_HrrA_2025,ATCC13032;cond=iron_excess,ATCC13032,0
cg3247,hrrA,ncgl1251,ncgl1251,1,curated_positive,Dual,0,0,0,0,0,,ChAP-seq,0.2,0,1,1,Literature_ChAP_HrrA_2025,1,0,,0,0,0,0,,,,0,0,0,0,0,0,0,,,,0,0,0,0,,,,,,8,0,0,,0,,1,Literature_ChAP_HrrA_2025,ATCC13032;cond=iron_excess+heme,ATCC13032,0
cg3247,hrrA,ncgl1259,ncgl1259,1,curated_positive,Dual,0,0,0,0,0,,ChAP-seq,0.2,0,1,1,Literature_ChAP_HrrA_2025,1,0,,0,0,0,0,,,,0,0,0,0,0,0,0,,,,0,0,0,0,,,,,,8,0,0,,0,,1,Literature_ChAP_HrrA_2025,ATCC13032;cond=iron_excess+heme,ATCC13032,0
cg3247,hrrA,ncgl1290,ncgl1290,1,curated_positive,Dual,0,0,0,0,0,,ChAP-seq,0.2,0,1,1,Literature_ChAP_HrrA_2025,1,0,,0,0,0,0,,,,0,0,0,0,0,0,0,,,,0,0,0,0,,,,,,8,0,0,,0,,1,Literature_ChAP_HrrA_2025,ATCC13032;cond=iron_excess+heme,ATCC13032,0
cg3247,hrrA,ncgl1300,ncgl1300,1,curated_positive,Dual,0,0,0,0,0,,ChAP-seq,0.2,0,1,1,Literature_ChAP_HrrA_2025,1,0,,0,0,0,0,,,,0,0,0,0,0,0,0,,,,0,0,0,0,,,,,,8,0,0,,0,,1,Literature_ChAP_HrrA_2025,ATCC13032;cond=heme,ATCC13032,0
cg3247,hrrA,ncgl1303,ncgl1303,1,curated_positive,Dual,0,0,0,0,0,,ChAP-seq,0.2,0,1,1,Literature_ChAP_HrrA_2025,1,0,,0,0,0,0,,,,0,0,0,0,0,0,0,,,,0,0,0,0,,,,,,8,0,0,,0,,1,Literature_ChAP_HrrA_2025,ATCC13032;cond=heme,ATCC13032,0
cg3247,hrrA,ncgl1304,rpsA,1,curated_positive,Dual,0,0,0,0,0,,ChAP-seq,0.2,0,1,1,Literature_ChAP_HrrA_2025,1,0,,0,0,0,0,,,,0,0,0,0,0,0,0,,,,0,0,0,0,,,,,,8,0,0,,0,,1,Literature_ChAP_HrrA_2025,ATCC13032;cond=heme,ATCC13032,0
cg3247,hrrA,ncgl1306,coaE,1,curated_positive,Dual,0,0,0,0,0,,ChAP-seq,0.2,0,1,1,Literature_ChAP_HrrA_2025,1,0,,0,0,0,0,,,,0,0,0,0,0,0,0,,,,0,0,0,0,,,,,,8,0,0,,0,,1,Literature_ChAP_HrrA_2025,ATCC13032;cond=iron_excess+heme,ATCC13032,0
cg3247,hrrA,ncgl1324,infC,1,curated_positive,Dual,0,0,0,0,0,,ChAP-seq,0.2,0,1,1,Literature_ChAP_HrrA_2025,1,0,,0,0,0,0,,,,0,0,0,0,0,0,0,,,,0,0,0,0,,,,,,8,0,0,,0,,1,Literature_ChAP_HrrA_2025,ATCC13032;cond=iron_excess,ATCC13032,0
cg3247,hrrA,ncgl1350,ncgl1350,1,curated_positive,Dual,0,0,0,0,0,,ChAP-seq,0.2,0,1,1,Literature_ChAP_HrrA_2025,1,0,,0,0,0,0,,,,0,0,0,0,0,0,0,,,,0,0,0,0,,,,,,8,0,0,,0,,1,Literature_ChAP_HrrA_2025,ATCC13032;cond=heme,ATCC13032,0
cg3247,hrrA,ncgl1354a,ncgl1354a,1,curated_positive,Dual,0,0,0,0,0,,ChAP-seq,0.2,0,1,1,Literature_ChAP_HrrA_2025,1,0,,0,0,0,0,,,,0,0,0,0,0,0,0,,,,0,0,0,0,,,,,,8,0,0,,0,,1,Literature_ChAP_HrrA_2025,ATCC13032;cond=heme,ATCC13032,0
cg3247,hrrA,ncgl1360,ncgl1360,1,curated_positive,Dual,0,0,0,0,0,,ChAP-seq,0.2,0,1,1,Literature_ChAP_HrrA_2025,1,0,,0,0,0,0,,,,0,0,0,0,0,0,0,,,,0,0,0,0,,,,,,8,0,0,,0,,1,Literature_ChAP_HrrA_2025,ATCC13032;cond=heme,ATCC13032,0
cg3247,hrrA,ncgl1383,ncgl1383,1,curated_positive,Dual,0,0,0,0,0,,ChAP-seq,0.2,0,1,1,Literature_ChAP_HrrA_2025,1,0,,0,0,0,0,,,,0,0,0,0,0,0,0,,,,0,0,0,0,,,,,,8,0,0,,0,,1,Literature_ChAP_HrrA_2025,ATCC13032;cond=iron_excess+heme,ATCC13032,0
cg3247,hrrA,ncgl1390,ncgl1390,1,curated_positive,Dual,0,0,0,0,0,,ChAP-seq,0.2,0,1,1,Literature_ChAP_HrrA_2025,1,0,,0,0,0,0,,,,0,0,0,0,0,0,0,,,,0,0,0,0,,,,,,8,0,0,,0,,1,Literature_ChAP_HrrA_2025,ATCC13032;cond=iron_excess+heme,ATCC13032,0
cg3247,hrrA,ncgl1440,arc (mpa),1,curated_positive,Dual,0,0,0,0,0,,ChAP-seq,0.2,0,1,1,Literature_ChAP_HrrA_2025,1,0,,0,0,0,0,,,,0,0,0,0,0,0,0,,,,0,0,0,0,,,,,,8,0,0,,0,,1,Literature_ChAP_HrrA_2025,ATCC13032;cond=heme,ATCC13032,0
cg3247,hrrA,ncgl1444,ncgl1444,1,curated_positive,Dual,0,0,0,0,0,,ChAP-seq,0.2,0,1,1,Literature_ChAP_HrrA_2025,1,0,,0,0,0,0,,,,0,0,0,0,0,0,0,,,,0,0,0,0,,,,,,8,0,0,,0,,1,Literature_ChAP_HrrA_2025,ATCC13032;cond=iron_excess+heme,ATCC13032,0
cg3247,hrrA,ncgl1476,ncgl1476,1,curated_positive,Dual,0,0,0,0,0,,ChAP-seq,0.2,0,1,1,Literature_ChAP_HrrA_2025,1,0,,0,0,0,0,,,,0,0,0,0,0,0,0,,,,0,0,0,0,,,,,,8,0,0,,0,,1,Literature_ChAP_HrrA_2025,ATCC13032;cond=iron_excess+heme,ATCC13032,0
cg3247,hrrA,ncgl1479,hemH,1,curated_positive,Dual,0,0,0,0,0,,ChAP-seq,0.2,0,1,1,Literature_ChAP_HrrA_2025,1,0,,0,0,0,0,,,,0,0,0,0,0,0,0,,,,0,0,0,0,,,,,,8,0,0,,0,,1,Literature_ChAP_HrrA_2025,ATCC13032;cond=iron_excess+heme,ATCC13032,0
cg3247,hrrA,ncgl1481,ncgl1481,1,curated_positive,Dual,0,0,0,0,0,,ChAP-seq,0.2,0,1,1,Literature_ChAP_HrrA_2025,1,0,,0,0,0,0,,,,0,0,0,0,0,0,0,,,,0,0,0,0,,,,,,8,0,0,,0,,1,Literature_ChAP_HrrA_2025,ATCC13032;cond=iron_excess+heme,ATCC13032,0
cg3247,hrrA,ncgl1506,ncgl1506,1,curated_positive,Dual,0,0,0,0,0,,ChAP-seq,0.2,0,1,1,Literature_ChAP_HrrA_2025,1,0,,0,0,0,0,,,,0,0,0,0,0,0,0,,,,0,0,0,0,,,,,,8,0,0,,0,,1,Literature_ChAP_HrrA_2025,ATCC13032;cond=iron_excess+heme,ATCC13032,0
cg3247,hrrA,ncgl1512,tkt,1,curated_positive,Dual,0,0,0,0,0,,ChAP-seq,0.2,0,1,1,Literature_ChAP_HrrA_2025,1,0,,0,0,0,0,,,,0,0,0,0,0,0,0,,,,0,0,0,0,,,,,,8,0,0,,0,,1,Literature_ChAP_HrrA_2025,ATCC13032;cond=heme,ATCC13032,0
cg3247,hrrA,ncgl1525,pgk,1,curated_positive,Dual,0,0,0,0,0,,ChAP-seq,0.2,0,1,1,Literature_ChAP_HrrA_2025,1,0,,0,0,0,0,,,,0,0,0,0,0,0,0,,,,0,0,0,0,,,,,,8,0,0,,0,,1,Literature_ChAP_HrrA_2025,ATCC13032;cond=iron_excess,ATCC13032,0
cg3247,hrrA,ncgl1526,gapA (gap),1,curated_positive,Dual,0,0,0,0,0,,ChAP-seq,0.2,0,1,1,Literature_ChAP_HrrA_2025,1,0,,0,0,0,0,,,,0,0,0,0,0,0,0,,,,0,0,0,0,,,,,,8,0,0,,0,,1,Literature_ChAP_HrrA_2025,ATCC13032;cond=iron_excess+heme,ATCC13032,0
cg3247,hrrA,ncgl1536,rpe,1,curated_positive,Dual,0,0,0,0,0,,ChAP-seq,0.2,0,1,1,Literature_ChAP_HrrA_2025,1,0,,0,0,0,0,,,,0,0,0,0,0,0,0,,,,0,0,0,0,,,,,,8,0,0,,0,,1,Literature_ChAP_HrrA_2025,ATCC13032;cond=iron_excess+heme,ATCC13032,0
cg3247,hrrA,ncgl1543,ncgl1543,1,curated_positive,Dual,0,0,0,0,0,,ChAP-seq,0.2,0,1,1,Literature_ChAP_HrrA_2025,1,0,,0,0,0,0,,,,0,0,0,0,0,0,0,,,,0,0,0,0,,,,,,8,0,0,,0,,1,Literature_ChAP_HrrA_2025,ATCC13032;cond=iron_excess,ATCC13032,0
cg3247,hrrA,ncgl1610,ncgl1610,1,curated_positive,Dual,0,0,0,0,0,,ChAP-seq,0.2,0,1,1,Literature_ChAP_HrrA_2025,1,0,,0,0,0,0,,,,0,0,0,0,0,0,0,,,,0,0,0,0,,,,,,8,0,0,,0,,1,Literature_ChAP_HrrA_2025,ATCC13032;cond=heme,ATCC13032,0
cg3247,hrrA,ncgl1614,act4,1,curated_positive,Dual,0,0,0,0,0,,ChAP-seq,0.2,0,1,1,Literature_ChAP_HrrA_2025,1,0,,0,0,0,0,,,,0,0,0,0,0,0,0,,,,0,0,0,0,,,,,,8,0,0,,0,,1,Literature_ChAP_HrrA_2025,ATCC13032;cond=heme,ATCC13032,0
cg3247,hrrA,ncgl1615,ncgl1615,1,curated_positive,Dual,0,0,0,0,0,,ChAP-seq,0.2,0,1,1,Literature_ChAP_HrrA_2025,1,0,,0,0,0,0,,,,0,0,0,0,0,0,0,,,,0,0,0,0,,,,,,8,0,0,,0,,1,Literature_ChAP_HrrA_2025,ATCC13032;cond=iron_excess,ATCC13032,0
cg3247,hrrA,ncgl1619,ncgl1619,1,curated_positive,Dual,0,0,0,0,0,,ChAP-seq,0.2,0,1,1,Literature_ChAP_HrrA_2025,1,0,,0,0,0,0,,,,0,0,0,0,0,0,0,,,,0,0,0,0,,,,,,8,0,0,,0,,1,Literature_ChAP_HrrA_2025,ATCC13032;cond=iron_excess+heme,ATCC13032,0
cg3247,hrrA,ncgl1625,ncgl1625,1,curated_positive,Dual,0,0,0,0,0,,ChAP-seq,0.2,0,1,1,Literature_ChAP_HrrA_2025,1,0,,0,0,0,0,,,,0,0,0,0,0,0,0,,,,0,0,0,0,,,,,,8,0,0,,0,,1,Literature_ChAP_HrrA_2025,ATCC13032;cond=iron_excess+heme,ATCC13032,0
cg3247,hrrA,ncgl1640,ncgl1640,1,curated_positive,Dual,0,0,0,0,0,,ChAP-seq,0.2,0,1,1,Literature_ChAP_HrrA_2025,1,0,,0,0,0,0,,,,0,0,0,0,0,0,0,,,,0,0,0,0,,,,,,8,0,0,,0,,1,Literature_ChAP_HrrA_2025,ATCC13032;cond=heme,ATCC13032,0
cg3247,hrrA,ncgl1641,ncgl1641,1,curated_positive,Dual,0,0,0,0,0,,ChAP-seq,0.2,0,1,1,Literature_ChAP_HrrA_2025,1,0,,0,0,0,0,,,,0,0,0,0,0,0,0,,,,0,0,0,0,,,,,,8,0,0,,0,,1,Literature_ChAP_HrrA_2025,ATCC13032;cond=heme,ATCC13032,0
cg3247,hrrA,ncgl1642,ncgl1642,1,curated_positive,Dual,0,0,0,0,0,,ChAP-seq,0.2,0,1,1,Literature_ChAP_HrrA_2025,1,0,,0,0,0,0,,,,0,0,0,0,0,0,0,,,,0,0,0,0,,,,,,8,0,0,,0,,1,Literature_ChAP_HrrA_2025,ATCC13032;cond=heme,ATCC13032,0
cg3247,hrrA,ncgl1659,ncgl1659,1,curated_positive,Dual,0,0,0,0,0,,ChAP-seq,0.2,0,1,1,Literature_ChAP_HrrA_2025,1,0,,0,0,0,0,,,,0,0,0,0,0,0,0,,,,0,0,0,0,,,,,,8,0,0,,0,,1,Literature_ChAP_HrrA_2025,ATCC13032;cond=heme,ATCC13032,0
cg3247,hrrA,ncgl1664,tnp14a,1,curated_positive,Dual,0,0,0,0,0,,ChAP-seq,0.2,0,1,1,Literature_ChAP_HrrA_2025,1,0,,0,0,0,0,,,,0,0,0,0,0,0,0,,,,0,0,0,0,,,,,,8,0,0,,0,,1,Literature_ChAP_HrrA_2025,ATCC13032;cond=iron_excess+heme,ATCC13032,0
cg3247,hrrA,ncgl1666,ncgl1666,1,curated_positive,Dual,0,0,0,0,0,,ChAP-seq,0.2,0,1,1,Literature_ChAP_HrrA_2025,1,0,,0,0,0,0,,,,0,0,0,0,0,0,0,,,,0,0,0,0,,,,,,8,0,0,,0,,1,Literature_ChAP_HrrA_2025,ATCC13032;cond=iron_excess+heme,ATCC13032,0
cg3247,hrrA,ncgl1669,priP,1,curated_positive,Dual,0,0,0,0,0,,ChAP-seq,0.2,0,1,1,Literature_ChAP_HrrA_2025,1,0,,0,0,0,0,,,,0,0,0,0,0,0,0,,,,0,0,0,0,,,,,,8,0,0,,0,,1,Literature_ChAP_HrrA_2025,ATCC13032;cond=iron_excess+heme,ATCC13032,0
cg3247,hrrA,ncgl1670,ncgl1670,1,curated_positive,Dual,0,0,0,0,0,,ChAP-seq,0.2,0,1,1,Literature_ChAP_HrrA_2025,1,0,,0,0,0,0,,,,0,0,0,0,0,0,0,,,,0,0,0,0,,,,,,8,0,0,,0,,1,Literature_ChAP_HrrA_2025,ATCC13032;cond=heme,ATCC13032,0
cg3247,hrrA,ncgl1688,ncgl1688,1,curated_positive,Dual,0,0,0,0,0,,ChAP-seq,0.2,0,1,1,Literature_ChAP_HrrA_2025,1,0,,0,0,0,0,,,,0,0,0,0,0,0,0,,,,0,0,0,0,,,,,,8,0,0,,0,,1,Literature_ChAP_HrrA_2025,ATCC13032;cond=iron_excess,ATCC13032,0
cg3247,hrrA,ncgl1692,ncgl1692,1,curated_positive,Dual,0,0,0,0,0,,ChAP-seq,0.2,0,1,1,Literature_ChAP_HrrA_2025,1,0,,0,0,0,0,,,,0,0,0,0,0,0,0,,,,0,0,0,0,,,,,,8,0,0,,0,,1,Literature_ChAP_HrrA_2025,ATCC13032;cond=iron_excess+heme,ATCC13032,0
cg3247,hrrA,ncgl1705,cglIIR,1,curated_positive,Dual,0,0,0,0,0,,ChAP-seq,0.2,0,1,1,Literature_ChAP_HrrA_2025,1,0,,0,0,0,0,,,,0,0,0,0,0,0,0,,,,0,0,0,0,,,,,,8,0,0,,0,,1,Literature_ChAP_HrrA_2025,ATCC13032;cond=heme,ATCC13032,0
cg3247,hrrA,ncgl1710,ncgl1710,1,curated_positive,Dual,0,0,0,0,0,,ChAP-seq,0.2,0,1,1,Literature_ChAP_HrrA_2025,1,0,,0,0,0,0,,,,0,0,0,0,0,0,0,,,,0,0,0,0,,,,,,8,0,0,,0,,1,Literature_ChAP_HrrA_2025,ATCC13032;cond=heme,ATCC13032,0
cg3247,hrrA,ncgl1712,ncgl1712,1,curated_positive,Dual,0,0,0,0,0,,ChAP-seq,0.2,0,1,1,Literature_ChAP_HrrA_2025,1,0,,0,0,0,0,,,,0,0,0,0,0,0,0,,,,0,0,0,0,,,,,,8,0,0,,0,,1,Literature_ChAP_HrrA_2025,ATCC13032;cond=iron_excess+heme,ATCC13032,0
cg3247,hrrA,ncgl1720,ncgl1720,1,curated_positive,Dual,0,0,0,0,0,,ChAP-seq,0.2,0,1,1,Literature_ChAP_HrrA_2025,1,0,,0,0,0,0,,,,0,0,0,0,0,0,0,,,,0,0,0,0,,,,,,8,0,0,,0,,1,Literature_ChAP_HrrA_2025,ATCC13032;cond=iron_excess+heme,ATCC13032,0
cg3247,hrrA,ncgl1727,ncgl1727,1,curated_positive,Dual,0,0,0,0,0,,ChAP-seq,0.2,0,1,1,Literature_ChAP_HrrA_2025,1,0,,0,0,0,0,,,,0,0,0,0,0,0,0,,,,0,0,0,0,,,,,,8,0,0,,0,,1,Literature_ChAP_HrrA_2025,ATCC13032;cond=heme,ATCC13032,0
cg3247,hrrA,ncgl1730,ncgl1730,1,curated_positive,Dual,0,0,0,0,0,,ChAP-seq,0.2,0,1,1,Literature_ChAP_HrrA_2025,1,0,,0,0,0,0,,,,0,0,0,0,0,0,0,,,,0,0,0,0,,,,,,8,0,0,,0,,1,Literature_ChAP_HrrA_2025,ATCC13032;cond=iron_excess+heme,ATCC13032,0
cg3247,hrrA,ncgl1736,ncgl1736,1,curated_positive,Dual,0,0,0,0,0,,ChAP-seq,0.2,0,1,1,Literature_ChAP_HrrA_2025,1,0,,0,0,0,0,,,,0,0,0,0,0,0,0,,,,0,0,0,0,,,,,,8,0,0,,0,,1,Literature_ChAP_HrrA_2025,ATCC13032;cond=iron_excess+heme,ATCC13032,0
cg3247,hrrA,ncgl1742,ncgl1742,1,curated_positive,Dual,0,0,0,0,0,,ChAP-seq,0.2,0,1,1,Literature_ChAP_HrrA_2025,1,0,,0,0,0,0,,,,0,0,0,0,0,0,0,,,,0,0,0,0,,,,,,8,0,0,,0,,1,Literature_ChAP_HrrA_2025,ATCC13032;cond=iron_excess+heme,ATCC13032,0
cg3247,hrrA,ncgl1755,ncgl1755,1,curated_positive,Dual,0,0,0,0,0,,ChAP-seq,0.2,0,1,1,Literature_ChAP_HrrA_2025,1,0,,0,0,0,0,,,,0,0,0,0,0,0,0,,,,0,0,0,0,,,,,,8,0,0,,0,,1,Literature_ChAP_HrrA_2025,ATCC13032;cond=iron_excess+heme,ATCC13032,0
cg3247,hrrA,ncgl1769,ncgl1769,1,curated_positive,Dual,0,0,0,0,0,,ChAP-seq,0.2,0,1,1,Literature_ChAP_HrrA_2025,1,0,,0,0,0,0,,,,0,0,0,0,0,0,0,,,,0,0,0,0,,,,,,8,0,0,,0,,1,Literature_ChAP_HrrA_2025,ATCC13032;cond=iron_excess,ATCC13032,0
cg3247,hrrA,ncgl1787,ncgl1787,1,curated_positive,Dual,0,0,0,0,0,,ChAP-seq,0.2,0,1,1,Literature_ChAP_HrrA_2025,1,0,,0,0,0,0,,,,0,0,0,0,0,0,0,,,,0,0,0,0,,,,,,8,0,0,,0,,1,Literature_ChAP_HrrA_2025,ATCC13032;cond=iron_excess+heme,ATCC13032,0
cg3247,hrrA,ncgl1793,ncgl1793,1,curated_positive,Dual,0,0,0,0,0,,ChAP-seq,0.2,0,1,1,Literature_ChAP_HrrA_2025,1,0,,0,0,0,0,,,,0,0,0,0,0,0,0,,,,0,0,0,0,,,,,,8,0,0,,0,,1,Literature_ChAP_HrrA_2025,ATCC13032;cond=heme,ATCC13032,0
cg3247,hrrA,ncgl1806,ncgl1806,1,curated_positive,Dual,0,0,0,0,0,,ChAP-seq,0.2,0,1,1,Literature_ChAP_HrrA_2025,1,0,,0,0,0,0,,,,0,0,0,0,0,0,0,,,,0,0,0,0,,,,,,8,0,0,,0,,1,Literature_ChAP_HrrA_2025,ATCC13032;cond=iron_excess+heme,ATCC13032,0
cg3247,hrrA,ncgl1815,ncgl1815,1,curated_positive,Dual,0,0,0,0,0,,ChAP-seq,0.2,0,1,1,Literature_ChAP_HrrA_2025,1,0,,0,0,0,0,,,,0,0,0,0,0,0,0,,,,0,0,0,0,,,,,,8,0,0,,0,,1,Literature_ChAP_HrrA_2025,ATCC13032;cond=heme,ATCC13032,0
cg3247,hrrA,ncgl1822,aftC,1,curated_positive,Dual,0,0,0,0,0,,ChAP-seq,0.2,0,1,1,Literature_ChAP_HrrA_2025,1,0,,0,0,0,0,,,,0,0,0,0,0,0,0,,,,0,0,0,0,,,,,,8,0,0,,0,,1,Literature_ChAP_HrrA_2025,ATCC13032;cond=heme,ATCC13032,0
cg3247,hrrA,ncgl1824,ncgl1824,1,curated_positive,Dual,0,0,0,0,0,,ChAP-seq,0.2,0,1,1,Literature_ChAP_HrrA_2025,1,0,,0,0,0,0,,,,0,0,0,0,0,0,0,,,,0,0,0,0,,,,,,8,0,0,,0,,1,Literature_ChAP_HrrA_2025,ATCC13032;cond=iron_excess+heme,ATCC13032,0
cg3247,hrrA,ncgl1829,ncgl1829,1,curated_positive,Dual,0,0,0,0,0,,ChAP-seq,0.2,0,1,1,Literature_ChAP_HrrA_2025,1,0,,0,0,0,0,,,,0,0,0,0,0,0,0,,,,0,0,0,0,,,,,,8,0,0,,0,,1,Literature_ChAP_HrrA_2025,ATCC13032;cond=heme,ATCC13032,0
cg3247,hrrA,ncgl1834,suhB,1,curated_positive,Dual,0,0,0,0,0,,ChAP-seq,0.2,0,1,1,Literature_ChAP_HrrA_2025,1,0,,0,0,0,0,,,,0,0,0,0,0,0,0,,,,0,0,0,0,,,,,,8,0,0,,0,,1,Literature_ChAP_HrrA_2025,ATCC13032;cond=iron_excess+heme,ATCC13032,0
cg3247,hrrA,ncgl1873,ncgl1873,1,curated_positive,Dual,0,0,0,0,0,,ChAP-seq,0.2,0,1,1,Literature_ChAP_HrrA_2025,1,0,,0,0,0,0,,,,0,0,0,0,0,0,0,,,,0,0,0,0,,,,,,8,0,0,,0,,1,Literature_ChAP_HrrA_2025,ATCC13032;cond=heme,ATCC13032,0
cg3247,hrrA,ncgl1875,gluA,1,curated_positive,Dual,0,0,0,0,0,,ChAP-seq,0.2,0,1,1,Literature_ChAP_HrrA_2025,1,0,,0,0,0,0,,,,0,0,0,0,0,0,0,,,,0,0,0,0,,,,,,8,0,0,,0,,1,Literature_ChAP_HrrA_2025,ATCC13032;cond=heme,ATCC13032,0
cg3247,hrrA,ncgl1890,ncgl1890,1,curated_positive,Dual,0,0,0,0,0,,ChAP-seq,0.2,0,1,1,Literature_ChAP_HrrA_2025,1,0,,0,0,0,0,,,,0,0,0,0,0,0,0,,,,0,0,0,0,,,,,,8,0,0,,0,,1,Literature_ChAP_HrrA_2025,ATCC13032;cond=iron_excess+heme,ATCC13032,0
cg3247,hrrA,ncgl1903,ribF,1,curated_positive,Dual,0,0,0,0,0,,ChAP-seq,0.2,0,1,1,Literature_ChAP_HrrA_2025,1,0,,0,0,0,0,,,,0,0,0,0,0,0,0,,,,0,0,0,0,,,,,,8,0,0,,0,,1,Literature_ChAP_HrrA_2025,ATCC13032;cond=heme,ATCC13032,0
cg3247,hrrA,ncgl1911,ncgl1911,1,curated_positive,Dual,0,0,0,0,0,,ChAP-seq,0.2,0,1,1,Literature_ChAP_HrrA_2025,1,0,,0,0,0,0,,,,0,0,0,0,0,0,0,,,,0,0,0,0,,,,,,8,0,0,,0,,1,Literature_ChAP_HrrA_2025,ATCC13032;cond=iron_excess,ATCC13032,0
cg3247,hrrA,ncgl1915,oppA,1,curated_positive,Dual,0,0,0,0,0,,ChAP-seq,0.2,0,1,1,Literature_ChAP_HrrA_2025,1,0,,0,0,0,0,,,,0,0,0,0,0,0,0,,,,0,0,0,0,,,,,,8,0,0,,0,,1,Literature_ChAP_HrrA_2025,ATCC13032;cond=iron_excess+heme,ATCC13032,0
cg3247,hrrA,ncgl1919,proS,1,curated_positive,Dual,0,0,0,0,0,,ChAP-seq,0.2,0,1,1,Literature_ChAP_HrrA_2025,1,0,,0,0,0,0,,,,0,0,0,0,0,0,0,,,,0,0,0,0,,,,,,8,0,0,,0,,1,Literature_ChAP_HrrA_2025,ATCC13032;cond=heme,ATCC13032,0
cg3247,hrrA,ncgl1921,ncgl1921,1,curated_positive,Dual,0,0,0,0,0,,ChAP-seq,0.2,0,1,1,Literature_ChAP_HrrA_2025,1,0,,0,0,0,0,,,,0,0,0,0,0,0,0,,,,0,0,0,0,,,,,,8,0,0,,0,,1,Literature_ChAP_HrrA_2025,ATCC13032;cond=heme,ATCC13032,0
cg3247,hrrA,ncgl1922,ncgl1922,1,curated_positive,Dual,0,0,0,0,0,,ChAP-seq,0.2,0,1,1,Literature_ChAP_HrrA_2025,1,0,,0,0,0,0,,,,0,0,0,0,0,0,0,,,,0,0,0,0,,,,,,8,0,0,,0,,1,Literature_ChAP_HrrA_2025,ATCC13032;cond=heme,ATCC13032,0
cg3247,hrrA,ncgl1929,ncgl1929,1,curated_positive,Dual,0,0,0,0,0,,ChAP-seq,0.2,0,1,1,Literature_ChAP_HrrA_2025,1,0,,0,0,0,0,,,,0,0,0,0,0,0,0,,,,0,0,0,0,,,,,,8,0,0,,0,,1,Literature_ChAP_HrrA_2025,ATCC13032;cond=iron_excess+heme,ATCC13032,0
cg3247,hrrA,ncgl1930,ncgl1930,1,curated_positive,Dual,0,0,0,0,0,,ChAP-seq,0.2,0,1,1,Literature_ChAP_HrrA_2025,1,0,,0,0,0,0,,,,0,0,0,0,0,0,0,,,,0,0,0,0,,,,,,8,0,0,,0,,1,Literature_ChAP_HrrA_2025,ATCC13032;cond=iron_excess,ATCC13032,0
cg3247,hrrA,ncgl1940,dxr,1,curated_positive,Dual,0,0,0,0,0,,ChAP-seq,0.2,0,1,1,Literature_ChAP_HrrA_2025,1,0,,0,0,0,0,,,,0,0,0,0,0,0,0,,,,0,0,0,0,,,,,,8,0,0,,0,,1,Literature_ChAP_HrrA_2025,ATCC13032;cond=iron_excess+heme,ATCC13032,0
cg3247,hrrA,ncgl1941,ncgl1941,1,curated_positive,Dual,0,0,0,0,0,,ChAP-seq,0.2,0,1,1,Literature_ChAP_HrrA_2025,1,0,,0,0,0,0,,,,0,0,0,0,0,0,0,,,,0,0,0,0,,,,,,8,0,0,,0,,1,Literature_ChAP_HrrA_2025,ATCC13032;cond=iron_excess,ATCC13032,0
cg3247,hrrA,ncgl1946,cdsA,1,curated_positive,Dual,0,0,0,0,0,,ChAP-seq,0.2,0,1,1,Literature_ChAP_HrrA_2025,1,0,,0,0,0,0,,,,0,0,0,0,0,0,0,,,,0,0,0,0,,,,,,8,0,0,,0,,1,Literature_ChAP_HrrA_2025,ATCC13032;cond=heme,ATCC13032,0
cg3247,hrrA,ncgl1952,xerC,1,curated_positive,Dual,0,0,0,0,0,,ChAP-seq,0.2,0,1,1,Literature_ChAP_HrrA_2025,1,0,,0,0,0,0,,,,0,0,0,0,0,0,0,,,,0,0,0,0,,,,,,8,0,0,,0,,1,Literature_ChAP_HrrA_2025,ATCC13032;cond=iron_excess+heme,ATCC13032,0
cg3247,hrrA,ncgl2026,glgX,1,curated_positive,Dual,0,0,0,0,0,,ChAP-seq,0.2,0,1,1,Literature_ChAP_HrrA_2025,1,0,,0,0,0,0,,,,0,0,0,0,0,0,0,,,,0,0,0,0,,,,,,8,0,0,,0,,1,Literature_ChAP_HrrA_2025,ATCC13032;cond=iron_excess+heme,ATCC13032,0
cg3247,hrrA,ncgl2027,ncgl2027,1,curated_positive,Dual,0,0,0,0,0,,ChAP-seq,0.2,0,1,1,Literature_ChAP_HrrA_2025,1,0,,0,0,0,0,,,,0,0,0,0,0,0,0,,,,0,0,0,0,,,,,,8,0,0,,0,,1,Literature_ChAP_HrrA_2025,ATCC13032;cond=iron_excess+heme,ATCC13032,0
cg3247,hrrA,ncgl2048,ncgl2048,1,curated_positive,Dual,0,0,0,0,0,,ChAP-seq,0.2,0,1,1,Literature_ChAP_HrrA_2025,1,0,,0,0,0,0,,,,0,0,0,0,0,0,0,,,,0,0,0,0,,,,,,8,0,0,,0,,1,Literature_ChAP_HrrA_2025,ATCC13032;cond=heme,ATCC13032,0
cg3247,hrrA,ncgl2054,ncgl2054,1,curated_positive,Dual,0,0,0,0,0,,ChAP-seq,0.2,0,1,1,Literature_ChAP_HrrA_2025,1,0,,0,0,0,0,,,,0,0,0,0,0,0,0,,,,0,0,0,0,,,,,,8,0,0,,0,,1,Literature_ChAP_HrrA_2025,ATCC13032;cond=iron_excess,ATCC13032,0
cg3247,hrrA,ncgl2055,ncgl2055,1,curated_positive,Dual,0,0,0,0,0,,ChAP-seq,0.2,0,1,1,Literature_ChAP_HrrA_2025,1,0,,0,0,0,0,,,,0,0,0,0,0,0,0,,,,0,0,0,0,,,,,,8,0,0,,0,,1,Literature_ChAP_HrrA_2025,ATCC13032;cond=iron_excess+heme,ATCC13032,0
cg3247,hrrA,ncgl2104,plsC,1,curated_positive,Dual,0,0,0,0,0,,ChAP-seq,0.2,0,1,1,Literature_ChAP_HrrA_2025,1,0,,0,0,0,0,,,,0,0,0,0,0,0,0,,,,0,0,0,0,,,,,,8,0,0,,0,,1,Literature_ChAP_HrrA_2025,ATCC13032;cond=heme,ATCC13032,0
cg3247,hrrA,ncgl2112,ctaE,1,curated_positive,Dual,0,0,0,0,0,,ChAP-seq,0.2,0,1,1,Literature_ChAP_HrrA_2025,1,0,,0,0,0,0,,,,0,0,0,0,0,0,0,,,,0,0,0,0,,,,,,8,0,0,,0,,1,Literature_ChAP_HrrA_2025,ATCC13032;cond=heme,ATCC13032,0
cg3247,hrrA,ncgl2113,ncgl2113,1,curated_positive,Dual,0,0,0,0,0,,ChAP-seq,0.2,0,1,1,Literature_ChAP_HrrA_2025,1,0,,0,0,0,0,,,,0,0,0,0,0,0,0,,,,0,0,0,0,,,,,,8,0,0,,0,,1,Literature_ChAP_HrrA_2025,ATCC13032;cond=iron_excess+heme,ATCC13032,0
cg3247,hrrA,ncgl2115,ctaC,1,curated_positive,Dual,0,0,0,0,0,,ChAP-seq,0.2,0,1,1,Literature_ChAP_HrrA_2025,1,0,,0,0,0,0,,,,0,0,0,0,0,0,0,,,,0,0,0,0,,,,,,8,0,0,,0,,1,Literature_ChAP_HrrA_2025,ATCC13032;cond=iron_excess+heme,ATCC13032,0
cg3247,hrrA,ncgl2128,lipA,1,curated_positive,Dual,0,0,0,0,0,,ChAP-seq,0.2,0,1,1,Literature_ChAP_HrrA_2025,1,0,,0,0,0,0,,,,0,0,0,0,0,0,0,,,,0,0,0,0,,,,,,8,0,0,,0,,1,Literature_ChAP_HrrA_2025,ATCC13032;cond=iron_excess+heme,ATCC13032,0
cg3247,hrrA,ncgl2146,hmuO,1,curated_positive,Dual,0,0,0,0,0,,ChAP-seq,0.2,0,1,1,Literature_ChAP_HrrA_2025,1,0,,0,0,0,0,,,,0,0,0,0,0,0,0,,,,0,0,0,0,,,,,,8,0,0,,0,,1,Literature_ChAP_HrrA_2025,ATCC13032;cond=iron_excess+heme,ATCC13032,0
cg3247,hrrA,ncgl2167,aceE,1,curated_positive,Dual,0,0,0,0,0,,ChAP-seq,0.2,0,1,1,Literature_ChAP_HrrA_2025,1,0,,0,0,0,0,,,,0,0,0,0,0,0,0,,,,0,0,0,0,,,,,,8,0,0,,0,,1,Literature_ChAP_HrrA_2025,ATCC13032;cond=iron_excess,ATCC13032,0
cg3247,hrrA,ncgl2174,acpM,1,curated_positive,Dual,0,0,0,0,0,,ChAP-seq,0.2,0,1,1,Literature_ChAP_HrrA_2025,1,0,,0,0,0,0,,,,0,0,0,0,0,0,0,,,,0,0,0,0,,,,,,8,0,0,,0,,1,Literature_ChAP_HrrA_2025,ATCC13032;cond=iron_excess+heme,ATCC13032,0
cg3247,hrrA,ncgl2195,ncgl2195,1,curated_positive,Dual,0,0,0,0,0,,ChAP-seq,0.2,0,1,1,Literature_ChAP_HrrA_2025,1,0,,0,0,0,0,,,,0,0,0,0,0,0,0,,,,0,0,0,0,,,,,,8,0,0,,0,,1,Literature_ChAP_HrrA_2025,ATCC13032;cond=iron_excess+heme,ATCC13032,0
cg3247,hrrA,ncgl2198,glyS,1,curated_positive,Dual,0,0,0,0,0,,ChAP-seq,0.2,0,1,1,Literature_ChAP_HrrA_2025,1,0,,0,0,0,0,,,,0,0,0,0,0,0,0,,,,0,0,0,0,,,,,,8,0,0,,0,,1,Literature_ChAP_HrrA_2025,ATCC13032;cond=iron_excess,ATCC13032,0
cg3247,hrrA,ncgl2207,ncgl2207,1,curated_positive,Dual,0,0,0,0,0,,ChAP-seq,0.2,0,1,1,Literature_ChAP_HrrA_2025,1,0,,0,0,0,0,,,,0,0,0,0,0,0,0,,,,0,0,0,0,,,,,,8,0,0,,0,,1,Literature_ChAP_HrrA_2025,ATCC13032;cond=heme,ATCC13032,0
cg3247,hrrA,ncgl2211,hrcA,1,curated_positive,Dual,0,0,0,0,0,,ChAP-seq,0.2,0,1,1,Literature_ChAP_HrrA_2025,1,0,,0,0,0,0,,,,0,0,0,0,0,0,0,,,,0,0,0,0,,,,,,8,0,0,,0,,1,Literature_ChAP_HrrA_2025,ATCC13032;cond=heme,ATCC13032,0
cg3247,hrrA,ncgl2216,fadD15,1,curated_positive,Dual,0,0,0,0,0,,ChAP-seq,0.2,0,1,1,Literature_ChAP_HrrA_2025,1,0,,0,0,0,0,,,,0,0,0,0,0,0,0,,,,0,0,0,0,,,,,,8,0,0,,0,,1,Literature_ChAP_HrrA_2025,ATCC13032;cond=iron_excess+heme,ATCC13032,0
cg3247,hrrA,ncgl2217,malQ,1,curated_positive,Dual,0,0,0,0,0,,ChAP-seq,0.2,0,1,1,Literature_ChAP_HrrA_2025,1,0,,0,0,0,0,,,,0,0,0,0,0,0,0,,,,0,0,0,0,,,,,,8,0,0,,0,,1,Literature_ChAP_HrrA_2025,ATCC13032;cond=iron_excess,ATCC13032,0
cg3247,hrrA,ncgl2228,brnQ,1,curated_positive,Dual,0,0,0,0,0,,ChAP-seq,0.2,0,1,1,Literature_ChAP_HrrA_2025,1,0,,0,0,0,0,,,,0,0,0,0,0,0,0,,,,0,0,0,0,,,,,,8,0,0,,0,,1,Literature_ChAP_HrrA_2025,ATCC13032;cond=iron_excess+heme,ATCC13032,0
cg3247,hrrA,ncgl2236,ncgl2236,1,curated_positive,Dual,0,0,0,0,0,,ChAP-seq,0.2,0,1,1,Literature_ChAP_HrrA_2025,1,0,,0,0,0,0,,,,0,0,0,0,0,0,0,,,,0,0,0,0,,,,,,8,0,0,,0,,1,Literature_ChAP_HrrA_2025,ATCC13032;cond=iron_excess+heme,ATCC13032,0
cg3247,hrrA,ncgl2247,aceB,1,curated_positive,Dual,0,0,0,0,0,,ChAP-seq,0.2,0,1,1,Literature_ChAP_HrrA_2025,1,0,,0,0,0,0,,,,0,0,0,0,0,0,0,,,,0,0,0,0,,,,,,8,0,0,,0,,1,Literature_ChAP_HrrA_2025,ATCC13032;cond=iron_excess,ATCC13032,0
cg3247,hrrA,ncgl2248,aceA,1,curated_positive,Dual,0,0,0,0,0,,ChAP-seq,0.2,0,1,1,Literature_ChAP_HrrA_2025,1,0,,0,0,0,0,,,,0,0,0,0,0,0,0,,,,0,0,0,0,,,,,,8,0,0,,0,,1,Literature_ChAP_HrrA_2025,ATCC13032;cond=heme,ATCC13032,0
cg3247,hrrA,ncgl2252,ncgl2252,1,curated_positive,Dual,0,0,0,0,0,,ChAP-seq,0.2,0,1,1,Literature_ChAP_HrrA_2025,1,0,,0,0,0,0,,,,0,0,0,0,0,0,0,,,,0,0,0,0,,,,,,8,0,0,,0,,1,Literature_ChAP_HrrA_2025,ATCC13032;cond=iron_excess,ATCC13032,0
cg3247,hrrA,ncgl2253,ncgl2253,1,curated_positive,Dual,0,0,0,0,0,,ChAP-seq,0.2,0,1,1,Literature_ChAP_HrrA_2025,1,0,,0,0,0,0,,,,0,0,0,0,0,0,0,,,,0,0,0,0,,,,,,8,0,0,,0,,1,Literature_ChAP_HrrA_2025,ATCC13032;cond=iron_excess,ATCC13032,0
cg3247,hrrA,ncgl2254,ncgl2254,1,curated_positive,Dual,0,0,0,0,0,,ChAP-seq,0.2,0,1,1,Literature_ChAP_HrrA_2025,1,0,,0,0,0,0,,,,0,0,0,0,0,0,0,,,,0,0,0,0,,,,,,8,0,0,,0,,1,Literature_ChAP_HrrA_2025,ATCC13032;cond=iron_excess,ATCC13032,0
cg3247,hrrA,ncgl2261,rpsT,1,curated_positive,Dual,0,0,0,0,0,,ChAP-seq,0.2,0,1,1,Literature_ChAP_HrrA_2025,1,0,,0,0,0,0,,,,0,0,0,0,0,0,0,,,,0,0,0,0,,,,,,8,0,0,,0,,1,Literature_ChAP_HrrA_2025,ATCC13032;cond=heme,ATCC13032,0
cg3247,hrrA,ncgl2280,rplU,1,curated_positive,Dual,0,0,0,0,0,,ChAP-seq,0.2,0,1,1,Literature_ChAP_HrrA_2025,1,0,,0,0,0,0,,,,0,0,0,0,0,0,0,,,,0,0,0,0,,,,,,8,0,0,,0,,1,Literature_ChAP_HrrA_2025,ATCC13032;cond=iron_excess,ATCC13032,0
cg3247,hrrA,ncgl2296,ncgl2296,1,curated_positive,Dual,0,0,0,0,0,,ChAP-seq,0.2,0,1,1,Literature_ChAP_HrrA_2025,1,0,,0,0,0,0,,,,0,0,0,0,0,0,0,,,,0,0,0,0,,,,,,8,0,0,,0,,1,Literature_ChAP_HrrA_2025,ATCC13032;cond=iron_excess,ATCC13032,0
cg3247,hrrA,ncgl2304,clpX,1,curated_positive,Dual,0,0,0,0,0,,ChAP-seq,0.2,0,1,1,Literature_ChAP_HrrA_2025,1,0,,0,0,0,0,,,,0,0,0,0,0,0,0,,,,0,0,0,0,,,,,,8,0,0,,0,,1,Literature_ChAP_HrrA_2025,ATCC13032;cond=iron_excess,ATCC13032,0
cg3247,hrrA,ncgl2309,pcaF,1,curated_positive,Dual,0,0,0,0,0,,ChAP-seq,0.2,0,1,1,Literature_ChAP_HrrA_2025,1,0,,0,0,0,0,,,,0,0,0,0,0,0,0,,,,0,0,0,0,,,,,,8,0,0,,0,,1,Literature_ChAP_HrrA_2025,ATCC13032;cond=iron_excess+heme,ATCC13032,0
cg3247,hrrA,ncgl2316,ncgl2316,1,curated_positive,Dual,0,0,0,0,0,,ChAP-seq,0.2,0,1,1,Literature_ChAP_HrrA_2025,1,0,,0,0,0,0,,,,0,0,0,0,0,0,0,,,,0,0,0,0,,,,,,8,0,0,,0,,1,Literature_ChAP_HrrA_2025,ATCC13032;cond=heme,ATCC13032,0
cg3247,hrrA,ncgl2324,benR,1,curated_positive,Dual,0,0,0,0,0,,ChAP-seq,0.2,0,1,1,Literature_ChAP_HrrA_2025,1,0,,0,0,0,0,,,,0,0,0,0,0,0,0,,,,0,0,0,0,,,,,,8,0,0,,0,,1,Literature_ChAP_HrrA_2025,ATCC13032;cond=iron_excess+heme,ATCC13032,0
cg3247,hrrA,ncgl2326,benE,1,curated_positive,Dual,0,0,0,0,0,,ChAP-seq,0.2,0,1,1,Literature_ChAP_HrrA_2025,1,0,,0,0,0,0,,,,0,0,0,0,0,0,0,,,,0,0,0,0,,,,,,8,0,0,,0,,1,Literature_ChAP_HrrA_2025,ATCC13032;cond=heme,ATCC13032,0
cg3247,hrrA,ncgl2350,ncgl2350,1,curated_positive,Dual,0,0,0,0,0,,ChAP-seq,0.2,0,1,1,Literature_ChAP_HrrA_2025,1,0,,0,0,0,0,,,,0,0,0,0,0,0,0,,,,0,0,0,0,,,,,,8,0,0,,0,,1,Literature_ChAP_HrrA_2025,ATCC13032;cond=iron_excess+heme,ATCC13032,0
cg3247,hrrA,ncgl2355,argD2,1,curated_positive,Dual,0,0,0,0,0,,ChAP-seq,0.2,0,1,1,Literature_ChAP_HrrA_2025,1,0,,0,0,0,0,,,,0,0,0,0,0,0,0,,,,0,0,0,0,,,,,,8,0,0,,0,,1,Literature_ChAP_HrrA_2025,ATCC13032;cond=heme,ATCC13032,0
cg3247,hrrA,ncgl2358,ncgl2358,1,curated_positive,Dual,0,0,0,0,0,,ChAP-seq,0.2,0,1,1,Literature_ChAP_HrrA_2025,1,0,,0,0,0,0,,,,0,0,0,0,0,0,0,,,,0,0,0,0,,,,,,8,0,0,,0,,1,Literature_ChAP_HrrA_2025,ATCC13032;cond=iron_excess+heme,ATCC13032,0
cg3247,hrrA,ncgl2384,hyi,1,curated_positive,Dual,0,0,0,0,0,,ChAP-seq,0.2,0,1,1,Literature_ChAP_HrrA_2025,1,0,,0,0,0,0,,,,0,0,0,0,0,0,0,,,,0,0,0,0,,,,,,8,0,0,,0,,1,Literature_ChAP_HrrA_2025,ATCC13032;cond=heme,ATCC13032,0
cg3247,hrrA,ncgl2410,ncgl2410,1,curated_positive,Dual,0,0,0,0,0,,ChAP-seq,0.2,0,1,1,Literature_ChAP_HrrA_2025,1,0,,0,0,0,0,,,,0,0,0,0,0,0,0,,,,0,0,0,0,,,,,,8,0,0,,0,,1,Literature_ChAP_HrrA_2025,ATCC13032;cond=heme,ATCC13032,0
cg3247,hrrA,ncgl2422,cpdA,1,curated_positive,Dual,0,0,0,0,0,,ChAP-seq,0.2,0,1,1,Literature_ChAP_HrrA_2025,1,0,,0,0,0,0,,,,0,0,0,0,0,0,0,,,,0,0,0,0,,,,,,8,0,0,,0,,1,Literature_ChAP_HrrA_2025,ATCC13032;cond=iron_excess+heme,ATCC13032,0
cg3247,hrrA,ncgl2434,ncgl2434,1,curated_positive,Dual,0,0,0,0,0,,ChAP-seq,0.2,0,1,1,Literature_ChAP_HrrA_2025,1,0,,0,0,0,0,,,,0,0,0,0,0,0,0,,,,0,0,0,0,,,,,,8,0,0,,0,,1,Literature_ChAP_HrrA_2025,ATCC13032;cond=heme,ATCC13032,0
cg3247,hrrA,ncgl2437,ctaD,1,curated_positive,Dual,0,0,0,0,0,,ChAP-seq,0.2,0,1,1,Literature_ChAP_HrrA_2025,1,0,,0,0,0,0,,,,0,0,0,0,0,0,0,,,,0,0,0,0,,,,,,8,0,0,,0,,1,Literature_ChAP_HrrA_2025,ATCC13032;cond=iron_excess+heme,ATCC13032,0
cg3247,hrrA,ncgl2443,nrdE,1,curated_positive,Dual,0,0,0,0,0,,ChAP-seq,0.2,0,1,1,Literature_ChAP_HrrA_2025,1,0,,0,0,0,0,,,,0,0,0,0,0,0,0,,,,0,0,0,0,,,,,,8,0,0,,0,,1,Literature_ChAP_HrrA_2025,ATCC13032;cond=iron_excess+heme,ATCC13032,0
cg3247,hrrA,ncgl2446a,ncgl2446a,1,curated_positive,Dual,0,0,0,0,0,,ChAP-seq,0.2,0,1,1,Literature_ChAP_HrrA_2025,1,0,,0,0,0,0,,,,0,0,0,0,0,0,0,,,,0,0,0,0,,,,,,8,0,0,,0,,1,Literature_ChAP_HrrA_2025,ATCC13032;cond=iron_excess,ATCC13032,0
cg3247,hrrA,ncgl2447,ncgl2447,1,curated_positive,Dual,0,0,0,0,0,,ChAP-seq,0.2,0,1,1,Literature_ChAP_HrrA_2025,1,0,,0,0,0,0,,,,0,0,0,0,0,0,0,,,,0,0,0,0,,,,,,8,0,0,,0,,1,Literature_ChAP_HrrA_2025,ATCC13032;cond=iron_excess,ATCC13032,0
cg3247,hrrA,ncgl2465,ncgl2465,1,curated_positive,Dual,0,0,0,0,0,,ChAP-seq,0.2,0,1,1,Literature_ChAP_HrrA_2025,1,0,,0,0,0,0,,,,0,0,0,0,0,0,0,,,,0,0,0,0,,,,,,8,0,0,,0,,1,Literature_ChAP_HrrA_2025,ATCC13032;cond=iron_excess+heme,ATCC13032,0
cg3247,hrrA,ncgl2466,ncgl2466,1,curated_positive,Dual,0,0,0,0,0,,ChAP-seq,0.2,0,1,1,Literature_ChAP_HrrA_2025,1,0,,0,0,0,0,,,,0,0,0,0,0,0,0,,,,0,0,0,0,,,,,,8,0,0,,0,,1,Literature_ChAP_HrrA_2025,ATCC13032;cond=iron_excess,ATCC13032,0
cg3247,hrrA,ncgl2471,pduO,1,curated_positive,Dual,0,0,0,0,0,,ChAP-seq,0.2,0,1,1,Literature_ChAP_HrrA_2025,1,0,,0,0,0,0,,,,0,0,0,0,0,0,0,,,,0,0,0,0,,,,,,8,0,0,,0,,1,Literature_ChAP_HrrA_2025,ATCC13032;cond=iron_excess,ATCC13032,0
cg3247,hrrA,ncgl2472,ramA,1,curated_positive,Dual,0,0,0,0,0,,ChAP-seq,0.2,0,1,1,Literature_ChAP_HrrA_2025,1,0,,0,0,0,0,,,,0,0,0,0,0,0,0,,,,0,0,0,0,,,,,,8,0,0,,0,,1,Literature_ChAP_HrrA_2025,ATCC13032;cond=iron_excess+heme,ATCC13032,0
cg3247,hrrA,ncgl2473,cysK,1,curated_positive,Dual,0,0,0,0,0,,ChAP-seq,0.2,0,1,1,Literature_ChAP_HrrA_2025,1,0,,0,0,0,0,,,,0,0,0,0,0,0,0,,,,0,0,0,0,,,,,,8,0,0,,0,,1,Literature_ChAP_HrrA_2025,ATCC13032;cond=iron_excess,ATCC13032,0
cg3247,hrrA,ncgl2482,phoU,1,curated_positive,Dual,0,0,0,0,0,,ChAP-seq,0.2,0,1,1,Literature_ChAP_HrrA_2025,1,0,,0,0,0,0,,,,0,0,0,0,0,0,0,,,,0,0,0,0,,,,,,8,0,0,,0,,1,Literature_ChAP_HrrA_2025,ATCC13032;cond=iron_excess+heme,ATCC13032,0
cg3247,hrrA,ncgl2491,ncgl2491,1,curated_positive,Dual,0,0,0,0,0,,ChAP-seq,0.2,0,1,1,Literature_ChAP_HrrA_2025,1,0,,0,0,0,0,,,,0,0,0,0,0,0,0,,,,0,0,0,0,,,,,,8,0,0,,0,,1,Literature_ChAP_HrrA_2025,ATCC13032;cond=iron_excess,ATCC13032,0
cg3247,hrrA,ncgl2492,ncgl2492,1,curated_positive,Dual,0,0,0,0,0,,ChAP-seq,0.2,0,1,1,Literature_ChAP_HrrA_2025,1,0,,0,0,0,0,,,,0,0,0,0,0,0,0,,,,0,0,0,0,,,,,,8,0,0,,0,,1,Literature_ChAP_HrrA_2025,ATCC13032;cond=iron_excess,ATCC13032,0
cg3247,hrrA,ncgl2569,ispF,1,curated_positive,Dual,0,0,0,0,0,,ChAP-seq,0.2,0,1,1,Literature_ChAP_HrrA_2025,1,0,,0,0,0,0,,,,0,0,0,0,0,0,0,,,,0,0,0,0,,,,,,8,0,0,,0,,1,Literature_ChAP_HrrA_2025,ATCC13032;cond=iron_excess+heme,ATCC13032,0
cg3247,hrrA,ncgl2574,ncgl2574,1,curated_positive,Dual,0,0,0,0,0,,ChAP-seq,0.2,0,1,1,Literature_ChAP_HrrA_2025,1,0,,0,0,0,0,,,,0,0,0,0,0,0,0,,,,0,0,0,0,,,,,,8,0,0,,0,,1,Literature_ChAP_HrrA_2025,ATCC13032;cond=iron_excess+heme,ATCC13032,0
cg3247,hrrA,ncgl2577,ncgl2577,1,curated_positive,Dual,0,0,0,0,0,,ChAP-seq,0.2,0,1,1,Literature_ChAP_HrrA_2025,1,0,,0,0,0,0,,,,0,0,0,0,0,0,0,,,,0,0,0,0,,,,,,8,0,0,,0,,1,Literature_ChAP_HrrA_2025,ATCC13032;cond=iron_excess+heme,ATCC13032,0
cg3247,hrrA,ncgl2581,ncgl2581,1,curated_positive,Dual,0,0,0,0,0,,ChAP-seq,0.2,0,1,1,Literature_ChAP_HrrA_2025,1,0,,0,0,0,0,,,,0,0,0,0,0,0,0,,,,0,0,0,0,,,,,,8,0,0,,0,,1,Literature_ChAP_HrrA_2025,ATCC13032;cond=iron_excess,ATCC13032,0
cg3247,hrrA,ncgl2589,ncgl2589,1,curated_positive,Dual,0,0,0,0,0,,ChAP-seq,0.2,0,1,1,Literature_ChAP_HrrA_2025,1,0,,0,0,0,0,,,,0,0,0,0,0,0,0,,,,0,0,0,0,,,,,,8,0,0,,0,,1,Literature_ChAP_HrrA_2025,ATCC13032;cond=iron_excess+heme,ATCC13032,0
cg3247,hrrA,ncgl2591,ncgl2591,1,curated_positive,Dual,0,0,0,0,0,,ChAP-seq,0.2,0,1,1,Literature_ChAP_HrrA_2025,1,0,,0,0,0,0,,,,0,0,0,0,0,0,0,,,,0,0,0,0,,,,,,8,0,0,,0,,1,Literature_ChAP_HrrA_2025,ATCC13032;cond=iron_excess,ATCC13032,0
cg3247,hrrA,ncgl2592,lmrB,1,curated_positive,Dual,0,0,0,0,0,,ChAP-seq,0.2,0,1,1,Literature_ChAP_HrrA_2025,1,0,,0,0,0,0,,,,0,0,0,0,0,0,0,,,,0,0,0,0,,,,,,8,0,0,,0,,1,Literature_ChAP_HrrA_2025,ATCC13032;cond=iron_excess+heme,ATCC13032,0
cg3247,hrrA,ncgl2602,folE,1,curated_positive,Dual,0,0,0,0,0,,ChAP-seq,0.2,0,1,1,Literature_ChAP_HrrA_2025,1,0,,0,0,0,0,,,,0,0,0,0,0,0,0,,,,0,0,0,0,,,,,,8,0,0,,0,,1,Literature_ChAP_HrrA_2025,ATCC13032;cond=heme,ATCC13032,0
cg3247,hrrA,ncgl2648,ncgl2648,1,curated_positive,Dual,0,0,0,0,0,,ChAP-seq,0.2,0,1,1,Literature_ChAP_HrrA_2025,1,0,,0,0,0,0,,,,0,0,0,0,0,0,0,,,,0,0,0,0,,,,,,8,0,0,,0,,1,Literature_ChAP_HrrA_2025,ATCC13032;cond=iron_excess,ATCC13032,0
cg3247,hrrA,ncgl2655,pknG,1,curated_positive,Dual,0,0,0,0,0,,ChAP-seq,0.2,0,1,1,Literature_ChAP_HrrA_2025,1,0,,0,0,0,0,,,,0,0,0,0,0,0,0,,,,0,0,0,0,,,,,,8,0,0,,0,,1,Literature_ChAP_HrrA_2025,ATCC13032;cond=heme,ATCC13032,0
cg3247,hrrA,ncgl2659,ncgl2659,1,curated_positive,Dual,0,0,0,0,0,,ChAP-seq,0.2,0,1,1,Literature_ChAP_HrrA_2025,1,0,,0,0,0,0,,,,0,0,0,0,0,0,0,,,,0,0,0,0,,,,,,8,0,0,,0,,1,Literature_ChAP_HrrA_2025,ATCC13032;cond=heme,ATCC13032,0
cg3247,hrrA,ncgl2663,purT,1,curated_positive,Dual,0,0,0,0,0,,ChAP-seq,0.2,0,1,1,Literature_ChAP_HrrA_2025,1,0,,0,0,0,0,,,,0,0,0,0,0,0,0,,,,0,0,0,0,,,,,,8,0,0,,0,,1,Literature_ChAP_HrrA_2025,ATCC13032;cond=heme,ATCC13032,0
cg3247,hrrA,ncgl2664,ncgl2664,1,curated_positive,Dual,0,0,0,0,0,,ChAP-seq,0.2,0,1,1,Literature_ChAP_HrrA_2025,1,0,,0,0,0,0,,,,0,0,0,0,0,0,0,,,,0,0,0,0,,,,,,8,0,0,,0,,1,Literature_ChAP_HrrA_2025,ATCC13032;cond=iron_excess+heme,ATCC13032,0
cg3247,hrrA,ncgl2666,tnp8a,1,curated_positive,Dual,0,0,0,0,0,,ChAP-seq,0.2,0,1,1,Literature_ChAP_HrrA_2025,1,0,,0,0,0,0,,,,0,0,0,0,0,0,0,,,,0,0,0,0,,,,,,8,0,0,,0,,1,Literature_ChAP_HrrA_2025,ATCC13032;cond=iron_excess,ATCC13032,0
cg3247,hrrA,ncgl2673,fda,1,curated_positive,Dual,0,0,0,0,0,,ChAP-seq,0.2,0,1,1,Literature_ChAP_HrrA_2025,1,0,,0,0,0,0,,,,0,0,0,0,0,0,0,,,,0,0,0,0,,,,,,8,0,0,,0,,1,Literature_ChAP_HrrA_2025,ATCC13032;cond=iron_excess+heme,ATCC13032,0
cg3247,hrrA,ncgl2674,ncgl2674,1,curated_positive,Dual,0,0,0,0,0,,ChAP-seq,0.2,0,1,1,Literature_ChAP_HrrA_2025,1,0,,0,0,0,0,,,,0,0,0,0,0,0,0,,,,0,0,0,0,,,,,,8,0,0,,0,,1,Literature_ChAP_HrrA_2025,ATCC13032;cond=iron_excess+heme,ATCC13032,0
cg3247,hrrA,ncgl2699,hspR,1,curated_positive,Dual,0,0,0,0,0,,ChAP-seq,0.2,0,1,1,Literature_ChAP_HrrA_2025,1,0,,0,0,0,0,,,,0,0,0,0,0,0,0,,,,0,0,0,0,,,,,,8,0,0,,0,,1,Literature_ChAP_HrrA_2025,ATCC13032;cond=heme,ATCC13032,0
cg3247,hrrA,ncgl2702,dnaK,1,curated_positive,Dual,0,0,0,0,0,,ChAP-seq,0.2,0,1,1,Literature_ChAP_HrrA_2025,1,0,,0,0,0,0,,,,0,0,0,0,0,0,0,,,,0,0,0,0,,,,,,8,0,0,,0,,1,Literature_ChAP_HrrA_2025,ATCC13032;cond=iron_excess,ATCC13032,0
cg3247,hrrA,ncgl2703,ncgl2703,1,curated_positive,Dual,0,0,0,0,0,,ChAP-seq,0.2,0,1,1,Literature_ChAP_HrrA_2025,1,0,,0,0,0,0,,,,0,0,0,0,0,0,0,,,,0,0,0,0,,,,,,8,0,0,,0,,1,Literature_ChAP_HrrA_2025,ATCC13032;cond=iron_excess+heme,ATCC13032,0
cg3247,hrrA,ncgl2716,cysD,1,curated_positive,Dual,0,0,0,0,0,,ChAP-seq,0.2,0,1,1,Literature_ChAP_HrrA_2025,1,0,,0,0,0,0,,,,0,0,0,0,0,0,0,,,,0,0,0,0,,,,,,8,0,0,,0,,1,Literature_ChAP_HrrA_2025,ATCC13032;cond=heme,ATCC13032,0
cg3247,hrrA,ncgl2719,cysJ (fpr2),1,curated_positive,Dual,0,0,0,0,0,,ChAP-seq,0.2,0,1,1,Literature_ChAP_HrrA_2025,1,0,,0,0,0,0,,,,0,0,0,0,0,0,0,,,,0,0,0,0,,,,,,8,0,0,,0,,1,Literature_ChAP_HrrA_2025,ATCC13032;cond=iron_excess,ATCC13032,0
cg3247,hrrA,ncgl2720,ncgl2720,1,curated_positive,Dual,0,0,0,0,0,,ChAP-seq,0.2,0,1,1,Literature_ChAP_HrrA_2025,1,0,,0,0,0,0,,,,0,0,0,0,0,0,0,,,,0,0,0,0,,,,,,8,0,0,,0,,1,Literature_ChAP_HrrA_2025,ATCC13032;cond=heme,ATCC13032,0
cg3247,hrrA,ncgl2726,tctC,1,curated_positive,Dual,0,0,0,0,0,,ChAP-seq,0.2,0,1,1,Literature_ChAP_HrrA_2025,1,0,,0,0,0,0,,,,0,0,0,0,0,0,0,,,,0,0,0,0,,,,,,8,0,0,,0,,1,Literature_ChAP_HrrA_2025,ATCC13032;cond=iron_excess+heme,ATCC13032,0
cg3247,hrrA,ncgl2748,ncgl2748,1,curated_positive,Dual,0,0,0,0,0,,ChAP-seq,0.2,0,1,1,Literature_ChAP_HrrA_2025,1,0,,0,0,0,0,,,,0,0,0,0,0,0,0,,,,0,0,0,0,,,,,,8,0,0,,0,,1,Literature_ChAP_HrrA_2025,ATCC13032;cond=iron_excess+heme,ATCC13032,0
cg3247,hrrA,ncgl2752,htaD,1,curated_positive,Dual,0,0,0,0,0,,ChAP-seq,0.2,0,1,1,Literature_ChAP_HrrA_2025,1,0,,0,0,0,0,,,,0,0,0,0,0,0,0,,,,0,0,0,0,,,,,,8,0,0,,0,,1,Literature_ChAP_HrrA_2025,ATCC13032;cond=iron_excess+heme,ATCC13032,0
cg3247,hrrA,ncgl2762,ncgl2762,1,curated_positive,Dual,0,0,0,0,0,,ChAP-seq,0.2,0,1,1,Literature_ChAP_HrrA_2025,1,0,,0,0,0,0,,,,0,0,0,0,0,0,0,,,,0,0,0,0,,,,,,8,0,0,,0,,1,Literature_ChAP_HrrA_2025,ATCC13032;cond=iron_excess+heme,ATCC13032,0
cg3247,hrrA,ncgl2765,pck,1,curated_positive,Dual,0,0,0,0,0,,ChAP-seq,0.2,0,1,1,Literature_ChAP_HrrA_2025,1,0,,0,0,0,0,,,,0,0,0,0,0,0,0,,,,0,0,0,0,,,,,,8,0,0,,0,,1,Literature_ChAP_HrrA_2025,ATCC13032;cond=iron_excess,ATCC13032,0
cg3247,hrrA,ncgl2768,ncgl2768,1,curated_positive,Dual,0,0,0,0,0,,ChAP-seq,0.2,0,1,1,Literature_ChAP_HrrA_2025,1,0,,0,0,0,0,,,,0,0,0,0,0,0,0,,,,0,0,0,0,,,,,,8,0,0,,0,,1,Literature_ChAP_HrrA_2025,ATCC13032;cond=iron_excess+heme,ATCC13032,0
cg3247,hrrA,ncgl2770,ncgl2770,1,curated_positive,Dual,0,0,0,0,0,,ChAP-seq,0.2,0,1,1,Literature_ChAP_HrrA_2025,1,0,,0,0,0,0,,,,0,0,0,0,0,0,0,,,,0,0,0,0,,,,,,8,0,0,,0,,1,Literature_ChAP_HrrA_2025,ATCC13032;cond=iron_excess+heme,ATCC13032,0
cg3247,hrrA,ncgl2777,cop1,1,curated_positive,Dual,0,0,0,0,0,,ChAP-seq,0.2,0,1,1,Literature_ChAP_HrrA_2025,1,0,,0,0,0,0,,,,0,0,0,0,0,0,0,,,,0,0,0,0,,,,,,8,0,0,,0,,1,Literature_ChAP_HrrA_2025,ATCC13032;cond=iron_excess+heme,ATCC13032,0
cg3247,hrrA,ncgl2787,ncgl2787,1,curated_positive,Dual,0,0,0,0,0,,ChAP-seq,0.2,0,1,1,Literature_ChAP_HrrA_2025,1,0,,0,0,0,0,,,,0,0,0,0,0,0,0,,,,0,0,0,0,,,,,,8,0,0,,0,,1,Literature_ChAP_HrrA_2025,ATCC13032;cond=iron_excess+heme,ATCC13032,0
cg3247,hrrA,ncgl2789,psp5,1,curated_positive,Dual,0,0,0,0,0,,ChAP-seq,0.2,0,1,1,Literature_ChAP_HrrA_2025,1,0,,0,0,0,0,,,,0,0,0,0,0,0,0,,,,0,0,0,0,,,,,,8,0,0,,0,,1,Literature_ChAP_HrrA_2025,ATCC13032;cond=iron_excess+heme,ATCC13032,0
cg3247,hrrA,ncgl2791,ncgl2791,1,curated_positive,Dual,0,0,0,0,0,,ChAP-seq,0.2,0,1,1,Literature_ChAP_HrrA_2025,1,0,,0,0,0,0,,,,0,0,0,0,0,0,0,,,,0,0,0,0,,,,,,8,0,0,,0,,1,Literature_ChAP_HrrA_2025,ATCC13032;cond=iron_excess+heme,ATCC13032,0
cg3247,hrrA,ncgl2794,farR,1,curated_positive,Dual,0,0,0,0,0,,ChAP-seq,0.2,0,1,1,Literature_ChAP_HrrA_2025,1,0,,0,0,0,0,,,,0,0,0,0,0,0,0,,,,0,0,0,0,,,,,,8,0,0,,0,,1,Literature_ChAP_HrrA_2025,ATCC13032;cond=iron_excess,ATCC13032,0
cg3247,hrrA,ncgl2809,ncgl2809,1,curated_positive,Dual,0,0,0,0,0,,ChAP-seq,0.2,0,1,1,Literature_ChAP_HrrA_2025,1,0,,0,0,0,0,,,,0,0,0,0,0,0,0,,,,0,0,0,0,,,,,,8,0,0,,0,,1,Literature_ChAP_HrrA_2025,ATCC13032;cond=iron_excess,ATCC13032,0
cg3247,hrrA,ncgl2810,ldhA (ldh),1,curated_positive,Dual,0,0,0,0,0,,ChAP-seq,0.2,0,1,1,Literature_ChAP_HrrA_2025,1,0,,0,0,0,0,,,,0,0,0,0,0,0,0,,,,0,0,0,0,,,,,,8,0,0,,0,,1,Literature_ChAP_HrrA_2025,ATCC13032;cond=iron_excess,ATCC13032,0
cg3247,hrrA,ncgl2816,ncgl2816,1,curated_positive,Dual,0,0,0,0,0,,ChAP-seq,0.2,0,1,1,Literature_ChAP_HrrA_2025,1,0,,0,0,0,0,,,,0,0,0,0,0,0,0,,,,0,0,0,0,,,,,,8,0,0,,0,,1,Literature_ChAP_HrrA_2025,ATCC13032;cond=iron_excess+heme,ATCC13032,0
cg3247,hrrA,ncgl2826,sodA (sod),1,curated_positive,Dual,0,0,0,0,0,,ChAP-seq,0.2,0,1,1,Literature_ChAP_HrrA_2025,1,0,,0,0,0,0,,,,0,0,0,0,0,0,0,,,,0,0,0,0,,,,,,8,0,0,,0,,1,Literature_ChAP_HrrA_2025,ATCC13032;cond=iron_excess,ATCC13032,0
cg3247,hrrA,ncgl2834,hrrA (cgtR11),1,curated_positive,Dual,0,0,0,0,0,,ChAP-seq,0.2,0,1,1,Literature_ChAP_HrrA_2025,1,0,,0,0,0,0,,,,0,0,0,0,0,0,0,,,,0,0,0,0,,,,,,8,0,0,,0,,1,Literature_ChAP_HrrA_2025,ATCC13032;cond=iron_excess+heme,ATCC13032,0
cg3247,hrrA,ncgl2842,uspA3,1,curated_positive,Dual,0,0,0,0,0,,ChAP-seq,0.2,0,1,1,Literature_ChAP_HrrA_2025,1,0,,0,0,0,0,,,,0,0,0,0,0,0,0,,,,0,0,0,0,,,,,,8,0,0,,0,,1,Literature_ChAP_HrrA_2025,ATCC13032;cond=iron_excess,ATCC13032,0
cg3247,hrrA,ncgl2843,ncgl2843,1,curated_positive,Dual,0,0,0,0,0,,ChAP-seq,0.2,0,1,1,Literature_ChAP_HrrA_2025,1,0,,0,0,0,0,,,,0,0,0,0,0,0,0,,,,0,0,0,0,,,,,,8,0,0,,0,,1,Literature_ChAP_HrrA_2025,ATCC13032;cond=iron_excess,ATCC13032,0
cg3247,hrrA,ncgl2845,ncgl2845,1,curated_positive,Dual,0,0,0,0,0,,ChAP-seq,0.2,0,1,1,Literature_ChAP_HrrA_2025,1,0,,0,0,0,0,,,,0,0,0,0,0,0,0,,,,0,0,0,0,,,,,,8,0,0,,0,,1,Literature_ChAP_HrrA_2025,ATCC13032;cond=iron_excess,ATCC13032,0
cg3247,hrrA,ncgl2847,ncgl2847,1,curated_positive,Dual,0,0,0,0,0,,ChAP-seq,0.2,0,1,1,Literature_ChAP_HrrA_2025,1,0,,0,0,0,0,,,,0,0,0,0,0,0,0,,,,0,0,0,0,,,,,,8,0,0,,0,,1,Literature_ChAP_HrrA_2025,ATCC13032;cond=heme,ATCC13032,0
cg3247,hrrA,ncgl2861,ncgl2861,1,curated_positive,Dual,0,0,0,0,0,,ChAP-seq,0.2,0,1,1,Literature_ChAP_HrrA_2025,1,0,,0,0,0,0,,,,0,0,0,0,0,0,0,,,,0,0,0,0,,,,,,8,0,0,,0,,1,Literature_ChAP_HrrA_2025,ATCC13032;cond=iron_excess,ATCC13032,0
cg3247,hrrA,ncgl2874,trxB1,1,curated_positive,Dual,0,0,0,0,0,,ChAP-seq,0.2,0,1,1,Literature_ChAP_HrrA_2025,1,0,,0,0,0,0,,,,0,0,0,0,0,0,0,,,,0,0,0,0,,,,,,8,0,0,,0,,1,Literature_ChAP_HrrA_2025,ATCC13032;cond=iron_excess,ATCC13032,0
cg3247,hrrA,ncgl2881,rpsF,1,curated_positive,Dual,0,0,0,0,0,,ChAP-seq,0.2,0,1,1,Literature_ChAP_HrrA_2025,1,0,,0,0,0,0,,,,0,0,0,0,0,0,0,,,,0,0,0,0,,,,,,8,0,0,,0,,1,Literature_ChAP_HrrA_2025,ATCC13032;cond=iron_excess,ATCC13032,0
cg3247,hrrA,ncgl2885,ncgl2885,1,curated_positive,Dual,0,0,0,0,0,,ChAP-seq,0.2,0,1,1,Literature_ChAP_HrrA_2025,1,0,,0,0,0,0,,,,0,0,0,0,0,0,0,,,,0,0,0,0,,,,,,8,0,0,,0,,1,Literature_ChAP_HrrA_2025,ATCC13032;cond=iron_excess,ATCC13032,0
cg3247,hrrA,ncgl2888,ncgl2888,1,curated_positive,Dual,0,0,0,0,0,,ChAP-seq,0.2,0,1,1,Literature_ChAP_HrrA_2025,1,0,,0,0,0,0,,,,0,0,0,0,0,0,0,,,,0,0,0,0,,,,,,8,0,0,,0,,1,Literature_ChAP_HrrA_2025,ATCC13032;cond=iron_excess+heme,ATCC13032,0
cg3247,hrrA,ncgl2894,ino1,1,curated_positive,Dual,0,0,0,0,0,,ChAP-seq,0.2,0,1,1,Literature_ChAP_HrrA_2025,1,0,,0,0,0,0,,,,0,0,0,0,0,0,0,,,,0,0,0,0,,,,,,8,0,0,,0,,1,Literature_ChAP_HrrA_2025,ATCC13032;cond=iron_excess+heme,ATCC13032,0
cg3247,hrrA,ncgl2897,dps,1,curated_positive,Dual,0,0,0,0,0,,ChAP-seq,0.2,0,1,1,Literature_ChAP_HrrA_2025,1,0,,0,0,0,0,,,,0,0,0,0,0,0,0,,,,0,0,0,0,,,,,,8,0,0,,0,,1,Literature_ChAP_HrrA_2025,ATCC13032;cond=iron_excess,ATCC13032,0
cg3247,hrrA,ncgl2902,qor3,1,curated_positive,Dual,0,0,0,0,0,,ChAP-seq,0.2,0,1,1,Literature_ChAP_HrrA_2025,1,0,,0,0,0,0,,,,0,0,0,0,0,0,0,,,,0,0,0,0,,,,,,8,0,0,,0,,1,Literature_ChAP_HrrA_2025,ATCC13032;cond=heme,ATCC13032,0
cg3247,hrrA,ncgl2905,gntK,1,curated_positive,Dual,0,0,0,0,0,,ChAP-seq,0.2,0,1,1,Literature_ChAP_HrrA_2025,1,0,,0,0,0,0,,,,0,0,0,0,0,0,0,,,,0,0,0,0,,,,,,8,0,0,,0,,1,Literature_ChAP_HrrA_2025,ATCC13032;cond=iron_excess+heme,ATCC13032,0
cg3247,hrrA,ncgl2911,ncgl2911,1,curated_positive,Dual,0,0,0,0,0,,ChAP-seq,0.2,0,1,1,Literature_ChAP_HrrA_2025,1,0,,0,0,0,0,,,,0,0,0,0,0,0,0,,,,0,0,0,0,,,,,,8,0,0,,0,,1,Literature_ChAP_HrrA_2025,ATCC13032;cond=iron_excess,ATCC13032,0
cg3247,hrrA,ncgl2916,ncgl2916,1,curated_positive,Dual,0,0,0,0,0,,ChAP-seq,0.2,0,1,1,Literature_ChAP_HrrA_2025,1,0,,0,0,0,0,,,,0,0,0,0,0,0,0,,,,0,0,0,0,,,,,,8,0,0,,0,,1,Literature_ChAP_HrrA_2025,ATCC13032;cond=iron_excess,ATCC13032,0
cg3247,hrrA,ncgl2924,ncgl2924,1,curated_positive,Dual,0,0,0,0,0,,ChAP-seq,0.2,0,1,1,Literature_ChAP_HrrA_2025,1,0,,0,0,0,0,,,,0,0,0,0,0,0,0,,,,0,0,0,0,,,,,,8,0,0,,0,,1,Literature_ChAP_HrrA_2025,ATCC13032;cond=iron_excess,ATCC13032,0
cg3247,hrrA,ncgl2925,trpP,1,curated_positive,Dual,0,0,0,0,0,,ChAP-seq,0.2,0,1,1,Literature_ChAP_HrrA_2025,1,0,,0,0,0,0,,,,0,0,0,0,0,0,0,,,,0,0,0,0,,,,,,8,0,0,,0,,1,Literature_ChAP_HrrA_2025,ATCC13032;cond=iron_excess,ATCC13032,0
cg3247,hrrA,ncgl2938,ncgl2938,1,curated_positive,Dual,0,0,0,0,0,,ChAP-seq,0.2,0,1,1,Literature_ChAP_HrrA_2025,1,0,,0,0,0,0,,,,0,0,0,0,0,0,0,,,,0,0,0,0,,,,,,8,0,0,,0,,1,Literature_ChAP_HrrA_2025,ATCC13032;cond=heme,ATCC13032,0
cg3247,hrrA,ncgl2952,tcbF (rhcM2),1,curated_positive,Dual,0,0,0,0,0,,ChAP-seq,0.2,0,1,1,Literature_ChAP_HrrA_2025,1,0,,0,0,0,0,,,,0,0,0,0,0,0,0,,,,0,0,0,0,,,,,,8,0,0,,0,,1,Literature_ChAP_HrrA_2025,ATCC13032;cond=heme,ATCC13032,0
cg3247,hrrA,ncgl2968,ncgl2968,1,curated_positive,Dual,0,0,0,0,0,,ChAP-seq,0.2,0,1,1,Literature_ChAP_HrrA_2025,1,0,,0,0,0,0,,,,0,0,0,0,0,0,0,,,,0,0,0,0,,,,,,8,0,0,,0,,1,Literature_ChAP_HrrA_2025,ATCC13032;cond=iron_excess+heme,ATCC13032,0
cg3247,hrrA,ncgl2980,ncgl2980,1,curated_positive,Dual,0,0,0,0,0,,ChAP-seq,0.2,0,1,1,Literature_ChAP_HrrA_2025,1,0,,0,0,0,0,,,,0,0,0,0,0,0,0,,,,0,0,0,0,,,,,,8,0,0,,0,,1,Literature_ChAP_HrrA_2025,ATCC13032;cond=iron_excess,ATCC13032,0
cg3247,hrrA,ncgl2991,ncgl2991,1,curated_positive,Dual,0,0,0,0,0,,ChAP-seq,0.2,0,1,1,Literature_ChAP_HrrA_2025,1,0,,0,0,0,0,,,,0,0,0,0,0,0,0,,,,0,0,0,0,,,,,,8,0,0,,0,,1,Literature_ChAP_HrrA_2025,ATCC13032;cond=heme,ATCC13032,0
cg3247,hrrA,ncgl2993,rpmH,1,curated_positive,Dual,0,0,0,0,0,,ChAP-seq,0.2,0,1,1,Literature_ChAP_HrrA_2025,1,0,,0,0,0,0,,,,0,0,0,0,0,0,0,,,,0,0,0,0,,,,,,8,0,0,,0,,1,Literature_ChAP_HrrA_2025,ATCC13032;cond=iron_excess,ATCC13032,0
cg3253,mcbR,cg0012,cg0012,1,curated_positive,R,0,1,0,1,32,0.4375,predicted,0.25,0,1,1,CoryneRegNet,1,1,,0,0,0,0,,,,0,0,0,0,0,0,0,,,,0,0,0,0,,,,,,7,1,1,,0,,0,,,,1
cg3253,mcbR,cg0156,cg0156,1,curated_positive,R,0,1,0,1,32,0.4688,predicted,0.25,0,1,1,CoryneRegNet,1,1,,0,0,0,0,,,,0,1,1,0,0,0,0,,,,0,0,0,1,0.845064,7.45256e-252,0.845064,920,Kranz2022_expression_compendium_Zenodo6842664,6,0,1,,0,,0,,,,1
cg3253,mcbR,cg0735,cg0735,1,curated_positive,R,0,1,0,0,0,,predicted,0.2,0,1,1,CoryneRegNet,1,1,OP_cg0737,1,0,0,0,,,,0,6,6,0,0,0,0,,,,0,0,0,0,,,,,,8,1,1,,0,,0,,,,1
cg3253,mcbR,cg0736,cg0736,1,curated_positive,R,0,1,0,0,0,,predicted,0.2,0,1,1,CoryneRegNet,1,1,OP_cg0737,1,0,0,0,,,,0,6,6,0,0,0,0,,,,0,0,0,1,0.720424,1.06098e-148,0.720424,924,Kranz2022_expression_compendium_Zenodo6842664,7,1,1,,0,,0,,,,1
cg3253,mcbR,cg0737,cg0737,1,curated_positive,R,0,1,0,1,16,0.4375,predicted,0.25,0,1,1,CoryneRegNet,1,1,OP_cg0737,1,0,0,0,,,,0,6,6,0,0,0,0,,,,0,0,0,0,,,,,,7,1,1,,0,,0,,,,1
cg3253,mcbR,cg0754,metX,1,curated_positive,R,0,1,0,1,16,0.5,predicted,0.25,0,1,2,CoryneRegNet,1,1,,0,0,0,0,,,,0,7,7,0,0,0,0,,,,0,0,0,0,,,,,,7,0,1,,0,,0,,,,1
cg3253,mcbR,cg0755,metY,1,curated_positive,R,0,1,0,1,32,0.4062,experimental,0.8,1,1,2,CoryneRegNet,1,1,,0,0,0,0,,,,0,6,6,0,0,0,0,,,,0,0,0,0,,,,,,7,0,1,,0,,0,,,,1
cg3253,mcbR,cg1147,cg1147,1,curated_positive,R,0,1,0,1,16,0.3125,predicted,0.25,0,1,1,CoryneRegNet,1,1,,0,0,0,0,,,,0,2,1,0,0,0,0,,,,0,0,0,0,,,,,,7,0,1,,0,,0,,,,1
cg3253,mcbR,cg1151,ssiE,1,curated_positive,R,0,1,0,1,16,0.3125,predicted,0.25,0,1,1,CoryneRegNet,1,1,OP_cg1151,1,0,0,0,,,,0,1,1,0,0,0,0,,,,0,0,0,1,0.388867,1.53586e-16,0.388867,418,Kranz2022_expression_compendium_Zenodo6842664,6,0,1,,0,,0,,,,1
cg3253,mcbR,cg1152,ssiF,1,curated_positive,R,0,1,0,0,0,,predicted,0.2,0,1,1,CoryneRegNet,1,1,OP_cg1151,1,0,0,0,,,,0,1,1,0,0,0,0,,,,0,0,0,1,0.427023,1.07504e-22,0.427023,480,Kranz2022_expression_compendium_Zenodo6842664,7,1,1,,0,,0,,,,1
cg3253,mcbR,cg1153,ssiG,1,curated_positive,R,0,1,0,0,0,,predicted,0.2,0,1,1,CoryneRegNet,1,1,OP_cg1151,1,0,0,0,,,,0,1,1,0,0,0,0,,,,0,0,0,0,,,,,,8,1,1,,0,,0,,,,1
cg3253,mcbR,cg1156,ssuD2,1,curated_positive,R,0,1,0,1,16,0.5,predicted,0.25,0,1,1,CoryneRegNet,1,1,,0,0,0,0,,,,0,0,0,0,0,0,0,,,,0,0,0,0,,,,,,7,1,1,,0,,0,,,,1
cg3253,mcbR,cg1290,metE,1,curated_positive,R,0,1,0,1,32,0.4688,predicted,0.25,0,1,2,CoryneRegNet,1,1,,0,0,0,0,,,,0,6,6,0,0,0,0,,,,0,0,0,0,,,,,,7,1,1,,0,,0,,,,1
cg3253,mcbR,cg1337,hom,1,curated_positive,R,0,1,0,1,16,0.4375,experimental,0.8,1,1,1,CoryneRegNet,1,1,OP_cg1337,1,0,0,0,,,,0,19,8,0,0,0,0,,,,0,0,0,0,,,,,,7,0,1,,0,,0,,,,1
cg3253,mcbR,cg1338,thrB,1,curated_positive,R,0,1,0,0,0,,experimental,0.75,1,1,1,CoryneRegNet,1,1,OP_cg1337,1,0,0,0,,,,0,6,6,0,0,0,0,,,,0,0,0,1,0.792636,4.96918e-196,0.792636,904,Kranz2022_expression_compendium_Zenodo6842664,7,0,1,,0,,0,,,,1
cg3253,mcbR,cg1376,ssuD1,1,curated_positive,R,0,1,0,1,48,0.4792,predicted,0.25,0,1,1,CoryneRegNet,1,1,OP_cg1376,1,0,0,0,,,,0,0,0,0,0,0,0,,,,0,0,0,0,,,,,,7,0,1,,0,,0,,,,1
cg3253,mcbR,cg1377,ssuC,1,curated_positive,R,0,1,0,0,0,,predicted,0.2,0,1,1,CoryneRegNet,1,1,OP_cg1376,1,0,0,0,,,,0,92,7,0,0,0,0,,,,0,0,0,0,,,,,,8,0,1,,0,,0,,,,1
cg3253,mcbR,cg1379,ssuB,1,curated_positive,R,0,1,0,0,0,,predicted,0.2,0,1,1,CoryneRegNet,1,1,OP_cg1376,1,0,0,0,,,,0,90,6,0,0,0,0,,,,0,0,0,0,,,,,,8,2,1,,0,,0,,,,1
cg3253,mcbR,cg1380,ssuA,1,curated_positive,R,0,1,0,0,0,,predicted,0.2,0,1,1,CoryneRegNet,1,1,OP_cg1376,1,0,0,0,,,,0,91,7,0,0,0,0,,,,0,0,0,1,0.47445,1.38442e-43,0.47445,754,Kranz2022_expression_compendium_Zenodo6842664,7,2,1,,0,,0,,,,1
cg3253,mcbR,cg1386,fixA,1,curated_positive,R,0,1,0,1,16,0.4375,predicted,0.25,0,1,1,CoryneRegNet,1,1,OP_cg1386,1,0,0,0,,,,0,0,0,0,0,0,0,,,,0,0,0,0,,,,,,7,0,1,,0,,0,,,,1
cg3253,mcbR,cg1387,fixB,1,curated_positive,R,0,1,0,0,0,,predicted,0.2,0,1,1,CoryneRegNet,1,1,OP_cg1386,1,0,0,0,,,,0,3,1,0,0,0,0,,,,0,0,0,1,0.795011,7.4831e-206,0.795011,940,Kranz2022_expression_compendium_Zenodo6842664,7,0,1,,0,,0,,,,1
cg3253,mcbR,cg1388,nifS1,1,curated_positive,R,0,1,0,0,0,,predicted,0.2,0,1,1,CoryneRegNet,1,1,OP_cg1386,1,0,0,0,,,,0,0,0,0,0,0,0,,,,0,0,0,0,,,,,,8,1,1,,0,,0,,,,1
cg3253,mcbR,cg1701,metH,1,curated_positive,R,0,1,0,1,32,0.4688,predicted,0.25,0,1,2,CoryneRegNet,1,1,,0,0,0,0,,,,0,6,6,0,0,0,0,,,,0,0,0,0,,,,,,7,0,1,,0,,0,,,,1
cg3253,mcbR,cg1739,cg1739,1,curated_positive,R,0,1,0,1,16,0.4375,predicted,0.25,0,1,1,CoryneRegNet,1,1,,0,0,0,0,,,,0,0,0,0,0,0,0,,,,0,0,0,0,,,,,,7,0,1,,0,,0,,,,1
cg3253,mcbR,cg1806,metK,1,curated_positive,R,0,1,0,1,32,0.375,experimental,0.8,1,1,2,CoryneRegNet,1,1,OP_cg1807,1,0,0,0,,,,0,6,6,0,0,0,0,,,,0,0,0,0,,,,,,7,0,1,,0,,0,,,,1
cg3253,mcbR,cg2674,cg2674,1,curated_positive,R,0,1,0,0,0,,predicted,0.2,0,1,1,CoryneRegNet,1,1,OP_cg2678,1,0,0,0,,,,0,0,0,0,0,0,0,,,,0,0,0,1,0.825515,2.41262e-218,0.825515,872,Kranz2022_expression_compendium_Zenodo6842664,7,0,1,,0,,0,,,,1
cg3253,mcbR,cg2675,cg2675,1,curated_positive,R,0,1,0,0,0,,predicted,0.2,0,1,1,CoryneRegNet,1,1,OP_cg2678,1,0,0,0,,,,0,2,1,0,0,0,0,,,,0,0,0,0,,,,,,8,1,1,,0,,0,,,,1
cg3253,mcbR,cg2676,cg2676,1,curated_positive,R,0,1,0,0,0,,predicted,0.2,0,1,1,CoryneRegNet,1,1,OP_cg2678,1,0,0,0,,,,0,0,0,0,0,0,0,,,,0,0,0,1,0.690525,1.19216e-125,0.690525,880,Kranz2022_expression_compendium_Zenodo6842664,7,1,1,,0,,0,,,,1
cg3253,mcbR,cg2677,cg2677,1,curated_positive,R,0,1,0,0,0,,predicted,0.2,0,1,1,CoryneRegNet,1,1,OP_cg2678,1,0,0,0,,,,0,0,0,0,0,0,0,,,,0,0,0,0,,,,,,8,0,1,,0,,0,,,,1
cg3253,mcbR,cg2678,cg2678,1,curated_positive,R,0,1,0,1,16,0.375,predicted,0.25,0,1,1,CoryneRegNet,1,1,OP_cg2678,1,0,0,0,,,,0,0,0,0,0,0,0,,,,0,0,0,0,,,,,,7,1,1,,0,,0,,,,1
cg3253,mcbR,cg2687,metB,1,curated_positive,R,0,1,0,1,16,0.5,predicted,0.25,0,1,2,CoryneRegNet,1,1,,0,0,0,0,,,,0,7,7,0,0,0,0,,,,0,0,0,0,,,,,,7,1,1,,0,,0,,,,1
cg3253,mcbR,cg2833,cysK,1,curated_positive,R,0,1,0,1,16,0.375,experimental,0.8,1,1,2,CoryneRegNet,1,1,,0,0,0,0,,,,0,6,6,0,0,0,0,,,,0,0,0,0,,,,,,7,2,1,,0,,0,,,,1
cg3253,mcbR,cg3112,cg3112,1,curated_positive,R,0,1,0,0,0,,predicted,0.2,0,1,2,CoryneRegNet,1,1,OP_cg3118,1,0,0,0,,,,0,0,0,0,0,0,0,,,,0,0,0,1,0.704769,8.04026e-138,0.704769,912,Kranz2022_expression_compendium_Zenodo6842664,7,2,1,,0,,0,,,,1
cg3253,mcbR,cg3113,cg3113,1,curated_positive,R,0,1,0,0,0,,predicted,0.2,0,1,2,CoryneRegNet,1,1,OP_cg3118,1,0,0,0,,,,0,0,0,0,0,0,0,,,,0,0,0,1,0.724004,1.52309e-150,0.724004,922,Kranz2022_expression_compendium_Zenodo6842664,7,2,1,,0,,0,,,,1
cg3253,mcbR,cg3114,cysN,1,curated_positive,R,0,1,0,0,0,,predicted,0.2,0,1,2,CoryneRegNet,1,1,OP_cg3118,1,0,0,0,,,,0,6,6,0,0,0,0,,,,0,0,0,1,0.645656,2.83424e-111,0.645656,934,Kranz2022_expression_compendium_Zenodo6842664,7,1,1,,0,,0,,,,1
cg3253,mcbR,cg3115,cysD,1,curated_positive,R,0,1,0,0,0,,predicted,0.2,0,1,2,CoryneRegNet,1,1,OP_cg3118,1,0,0,0,,,,0,6,6,0,0,0,0,,,,0,0,0,1,0.648513,2.82325e-113,0.648513,940,Kranz2022_expression_compendium_Zenodo6842664,7,2,1,,0,,0,,,,1
cg3253,mcbR,cg3116,cysH,1,curated_positive,R,0,1,0,0,0,,predicted,0.2,0,1,2,CoryneRegNet,1,1,OP_cg3118,1,0,0,0,,,,0,12,6,0,0,0,0,,,,0,0,0,1,0.665023,8.40535e-121,0.665023,938,Kranz2022_expression_compendium_Zenodo6842664,7,2,1,,0,,0,,,,1
cg3253,mcbR,cg3117,cg3117,1,curated_positive,R,0,1,0,0,0,,predicted,0.2,0,1,2,CoryneRegNet,1,1,OP_cg3118,1,0,0,0,,,,0,0,0,0,0,0,0,,,,0,0,0,1,0.640589,1.46286e-108,0.640589,930,Kranz2022_expression_compendium_Zenodo6842664,7,0,1,,0,,0,,,,1
cg3253,mcbR,cg3118,cysI,1,curated_positive,R,0,1,0,1,16,0.4375,experimental,0.8,1,1,2,CoryneRegNet,1,1,OP_cg3118,1,0,0,0,,,,0,12,7,0,0,0,0,,,,0,0,0,1,0.697316,1.70716e-135,0.697316,924,Kranz2022_expression_compendium_Zenodo6842664,6,2,1,,0,,0,,,,1
cg3253,mcbR,cg3119,cysJ,1,curated_positive,R,0,1,0,1,16,0.5625,predicted,0.25,0,1,2,CoryneRegNet,1,1,,0,0,0,0,,,,0,6,6,0,0,0,0,,,,0,0,0,1,0.674999,6.03606e-125,0.674999,932,Kranz2022_expression_compendium_Zenodo6842664,6,1,1,,0,,0,,,,1
cg3253,mcbR,cg3132,cg3132,1,curated_positive,R,0,1,0,1,32,0.4062,predicted,0.25,0,1,1,CoryneRegNet,1,1,,0,0,0,0,,,,0,0,0,0,0,0,0,,,,0,0,0,1,0.589161,9.60531e-39,0.589161,400,Kranz2022_expression_compendium_Zenodo6842664,6,1,1,,0,,0,,,,1
cg3253,mcbR,cg3253,mcbR,1,curated_positive,R,0,1,0,1,16,0.5,experimental,0.8,1,1,1,CoryneRegNet,1,1,,0,0,0,0,,,,0,0,0,0,0,0,0,,,,0,0,0,0,,,,,,7,1,1,0.01271,0,,0,,,,1
cg3253,mcbR,cg3372,cg3372,1,curated_positive,R,0,1,0,1,16,0.4375,predicted,0.25,0,1,1,CoryneRegNet,1,1,OP_cg3372,1,0,0,0,,,,0,0,0,0,0,0,0,,,,0,0,0,1,0.695024,8.27637e-131,0.695024,900,Kranz2022_expression_compendium_Zenodo6842664,6,0,1,,0,,0,,,,1
cg3253,mcbR,cg3373,cg3373,1,curated_positive,R,0,1,0,0,0,,predicted,0.2,0,1,1,CoryneRegNet,1,1,OP_cg3372,1,0,0,0,,,,0,0,0,0,0,0,0,,,,0,0,0,1,0.689734,6.87329e-113,0.689734,792,Kranz2022_expression_compendium_Zenodo6842664,7,0,1,,0,,0,,,,0
cg3253,mcbR,cg3374,cg3374,1,curated_positive,R,0,1,0,0,0,,predicted,0.2,0,1,1,CoryneRegNet,1,1,OP_cg3372,1,0,0,0,,,,0,0,0,0,0,0,0,,,,0,0,0,1,0.697351,1.36969e-110,0.697351,752,Kranz2022_expression_compendium_Zenodo6842664,7,0,1,,0,,0,,,,0
cg3253,mcbR,cg3375,cg3375,1,curated_positive,R,0,1,0,0,0,,predicted,0.2,0,1,1,CoryneRegNet,1,1,OP_cg3372,1,0,0,0,,,,0,0,0,0,0,0,0,,,,0,0,0,1,0.55117,1.52356e-38,0.55117,468,Kranz2022_expression_compendium_Zenodo6842664,7,0,1,,0,,0,,,,0
cg3261,cg3261,cg3263,cg3263,1,curated_positive,R,0,1,0,0,0,,predicted,0.2,0,1,1,CoryneRegNet,1,1,,0,0,0,0,,,,0,0,0,0,0,0,0,,,,0,0,0,1,0.725954,1.34868e-157,0.725954,958,Kranz2022_expression_compendium_Zenodo6842664,7,2,0,,0,,0,,,,0
cg3285,cgtR9,cg3280,cg3280,1,curated_positive,A,1,0,0,0,0,,predicted,0.05,0,0,0,CoryneRegNet,1,1,,0,0,0,0,,,,0,0,0,0,0,0,0,,,,0,0,0,1,0.670273,1.8606e-98,0.670273,746,Kranz2022_expression_compendium_Zenodo6842664,7,0,1,,0,,0,,,,0
cg3285,cgtR9,cg3281,cg3281,1,curated_positive,A,1,0,0,0,0,,experimental,0.75,1,1,1,CoryneRegNet,1,1,,0,0,0,0,,,,0,6,6,0,0,0,0,,,,0,0,0,1,0.632347,5.32446e-91,0.632347,804,Kranz2022_expression_compendium_Zenodo6842664,7,1,1,0.003857,0,,0,,,,0
cg3285,cgtR9,cg3282,cg3282,1,curated_positive,A,1,0,0,0,0,,experimental,0.75,1,1,1,CoryneRegNet,1,1,,0,0,0,0,,,,0,0,0,0,0,0,0,,,,0,0,0,1,0.571949,2.66303e-64,0.571949,726,Kranz2022_expression_compendium_Zenodo6842664,7,0,1,,0,,0,,,,0
cg3285,cgtR9,cg3284,cgtS9,1,curated_positive,A,1,0,0,0,0,,experimental,0.75,1,1,1,CoryneRegNet,1,1,,0,0,0,0,,,,0,0,0,0,0,0,0,,,,0,0,0,1,0.854797,5.89935e-152,0.854797,528,Kranz2022_expression_compendium_Zenodo6842664,7,1,1,0.004625,0,,0,,,,0
cg3285,cgtR9,cg3285,cgtR9,1,curated_positive,A,1,0,0,1,20,0.25,experimental,0.8,1,1,1,CoryneRegNet,1,1,,0,0,0,0,,,,0,0,0,0,0,0,0,,,,0,0,0,0,,,,,,7,1,1,0.00471,0,,0,,,,0
cg3285,cgtR9,cg3286,cg3286,1,curated_positive,A,1,0,0,1,20,0.25,experimental,0.8,1,1,1,CoryneRegNet,1,1,,0,0,0,0,,,,0,0,0,0,0,0,0,,,,0,0,0,1,0.742345,1.25892e-141,0.742345,804,Kranz2022_expression_compendium_Zenodo6842664,6,1,1,0.005949,0,,0,,,,0
cg3285,cgtR9,cg3287,cg3287,1,curated_positive,A,1,0,0,0,0,,experimental,0.75,1,1,1,CoryneRegNet,1,1,,0,0,0,0,,,,0,0,0,0,0,0,0,,,,0,0,0,1,0.792015,3.38944e-173,0.792015,800,Kranz2022_expression_compendium_Zenodo6842664,7,1,1,,0,,0,,,,0
cg3285,cgtR9,cg3288,cg3288,1,curated_positive,A,1,0,0,0,0,,experimental,0.75,1,1,1,CoryneRegNet,1,1,,0,0,0,0,,,,0,0,0,0,0,0,0,,,,0,0,0,1,0.820686,3.09987e-175,0.820686,714,Kranz2022_expression_compendium_Zenodo6842664,7,0,1,,0,,0,,,,0
cg3285,cgtR9,cg3289,cg3289,1,curated_positive,A,1,0,0,0,0,,experimental,0.75,1,1,1,CoryneRegNet,1,1,,0,0,0,0,,,,0,0,0,0,0,0,0,,,,0,0,0,1,0.840054,5.00423e-187,0.840054,698,Kranz2022_expression_compendium_Zenodo6842664,7,0,1,,0,,0,,,,0
cg3315,malR,cg0007,gyrB,1,curated_positive,R,0,1,0,0,0,,ChAP-seq,0.2,0,0,0,Literature_ChAP_MalR,1,0,,0,0,0,0,,,,0,0,0,0,0,0,0,,,,0,0,0,0,,,,,,8,0,0,,0,,1,Literature_ChAP_MalR,ATCC13032,ATCC13032,0
cg3315,malR,cg0009,cg0009,1,curated_positive,R,0,1,0,0,0,,ChAP-seq,0.2,0,0,0,Literature_ChAP_MalR,1,0,,0,0,0,0,,,,0,0,0,0,0,0,0,,,,0,0,0,0,,,,,,8,0,0,,0,,1,Literature_ChAP_MalR,ATCC13032,ATCC13032,0
cg3315,malR,cg0065,cg0065,1,curated_positive,R,0,1,0,0,0,,ChAP-seq,0.2,0,0,0,Literature_ChAP_MalR,1,0,,0,0,0,0,,,,0,0,0,0,0,0,0,,,,0,0,0,0,,,,,,8,0,0,,0,,1,Literature_ChAP_MalR,ATCC13032,ATCC13032,0
cg3315,malR,cg0077,cg0077,1,curated_positive,R,0,1,0,0,0,,ChAP-seq,0.2,0,0,0,Literature_ChAP_MalR,1,0,,0,0,0,0,,,,0,1,1,0,0,0,0,,,,0,0,0,0,,,,,,8,0,0,,0,,1,Literature_ChAP_MalR,ATCC13032,ATCC13032,0
cg3315,malR,cg0110,lip2,1,curated_positive,R,0,1,0,0,0,,ChAP-seq,0.2,0,0,0,Literature_ChAP_MalR,1,0,,0,0,0,0,,,,0,7,7,0,0,0,0,,,,0,0,0,0,,,,,,8,0,0,,0,,1,Literature_ChAP_MalR,ATCC13032,ATCC13032,0
cg3315,malR,cg0111,cg0111,1,curated_positive,R,0,1,0,0,0,,ChAP-seq,0.2,0,0,0,Literature_ChAP_MalR,1,0,,0,0,0,0,,,,0,2,1,0,0,0,0,,,,0,0,0,0,,,,,,8,0,0,,0,,1,Literature_ChAP_MalR,ATCC13032,ATCC13032,0
cg3315,malR,cg0120,cg0120,1,curated_positive,R,0,1,0,0,0,,ChAP-seq,0.2,0,0,0,Literature_ChAP_MalR,1,0,,0,0,0,0,,,,0,0,0,0,0,0,0,,,,0,0,0,0,,,,,,8,1,0,,0,,1,Literature_ChAP_MalR,ATCC13032,ATCC13032,0
cg3315,malR,cg0235,embC,1,curated_positive,R,0,1,0,0,0,,ChAP-seq,0.2,0,0,0,Literature_ChAP_MalR,1,0,,0,0,0,0,,,,0,0,0,0,0,0,0,,,,0,0,0,0,,,,,,8,0,0,,0,,1,Literature_ChAP_MalR,ATCC13032,ATCC13032,0
cg3315,malR,cg0304,cg0304,1,curated_positive,R,0,1,0,0,0,,ChAP-seq,0.2,0,0,0,Literature_ChAP_MalR,1,0,,0,0,0,0,,,,0,0,0,0,0,0,0,,,,0,0,0,0,,,,,,8,0,0,,0,,1,Literature_ChAP_MalR,ATCC13032,ATCC13032,0
cg3315,malR,cg0305,cg0305,1,curated_positive,R,0,1,0,0,0,,ChAP-seq,0.2,0,0,0,Literature_ChAP_MalR,1,0,,0,0,0,0,,,,0,0,0,0,0,0,0,,,,0,0,0,0,,,,,,8,0,0,,0,,1,Literature_ChAP_MalR,ATCC13032,ATCC13032,0
cg3315,malR,cg0306,lysC,1,curated_positive,R,0,1,0,0,0,,ChAP-seq,0.2,0,0,0,Literature_ChAP_MalR,1,0,,0,0,0,0,,,,0,11,6,0,0,0,0,,,,0,0,0,0,,,,,,8,0,0,,0,,1,Literature_ChAP_MalR,ATCC13032,ATCC13032,0
cg3315,malR,cg0420,cg0420,1,curated_positive,R,0,1,0,0,0,,ChAP-seq,0.2,0,0,0,Literature_ChAP_MalR,1,0,,0,0,0,0,,,,0,1,1,0,0,0,0,,,,0,0,0,0,,,,,,8,1,0,,0,,1,Literature_ChAP_MalR,ATCC13032,ATCC13032,0
cg3315,malR,cg0423,murB,1,curated_positive,R,0,1,0,0,0,,ChAP-seq,0.2,0,0,0,Literature_ChAP_MalR,1,0,,0,0,0,0,,,,0,6,6,0,0,0,0,,,,0,0,0,0,,,,,,8,1,0,,0,,1,Literature_ChAP_MalR,ATCC13032,ATCC13032,0
cg3315,malR,cg0431,cg0431,1,curated_positive,R,0,1,0,0,0,,ChAP-seq,0.2,0,0,0,Literature_ChAP_MalR,1,0,,0,0,0,0,,,,0,0,0,0,0,0,0,,,,0,0,0,0,,,,,,8,1,0,,0,,1,Literature_ChAP_MalR,ATCC13032,ATCC13032,0
cg3315,malR,cg0438,cg0438,1,curated_positive,R,0,1,0,0,0,,ChAP-seq,0.2,0,0,0,Literature_ChAP_MalR,1,0,,0,0,0,0,,,,0,0,0,0,0,0,0,,,,0,0,0,0,,,,,,8,1,0,,0,,1,Literature_ChAP_MalR,ATCC13032,ATCC13032,0
cg3315,malR,cg0439,cg0439,1,curated_positive,R,0,1,0,0,0,,ChAP-seq,0.2,0,0,0,Literature_ChAP_MalR,1,0,,0,0,0,0,,,,0,1,1,0,0,0,0,,,,0,0,0,0,,,,,,8,1,0,,0,,1,Literature_ChAP_MalR,ATCC13032,ATCC13032,0
cg3315,malR,cg0611,cg0611,1,curated_positive,R,0,1,0,0,0,,ChAP-seq,0.2,0,0,0,Literature_ChAP_MalR,1,0,,0,0,0,0,,,,0,0,0,0,0,0,0,,,,0,0,0,0,,,,,,8,1,0,,0,,1,Literature_ChAP_MalR,ATCC13032,ATCC13032,0
cg3315,malR,cg0712,cg0712,1,curated_positive,R,0,1,0,0,0,,ChAP-seq,0.2,0,0,0,Literature_ChAP_MalR,1,0,,0,0,0,0,,,,0,0,0,0,0,0,0,,,,0,0,0,0,,,,,,8,1,0,,0,,1,Literature_ChAP_MalR,ATCC13032,ATCC13032,0
cg3315,malR,cg0722,cg0722,1,curated_positive,R,0,1,0,0,0,,ChAP-seq,0.2,0,0,0,Literature_ChAP_MalR,1,0,,0,0,0,0,,,,0,0,0,0,0,0,0,,,,0,0,0,0,,,,,,8,1,0,,0,,1,Literature_ChAP_MalR,ATCC13032,ATCC13032,0
cg3315,malR,cg0900,cg0900,1,curated_positive,R,0,1,0,0,0,,ChAP-seq,0.2,0,0,0,Literature_ChAP_MalR,1,0,,0,0,0,0,,,,0,0,0,0,0,0,0,,,,0,0,0,0,,,,,,8,1,0,,0,,1,Literature_ChAP_MalR,ATCC13032,ATCC13032,0
cg3315,malR,cg0957,fas-IB,1,curated_positive,R,0,1,0,0,0,,ChAP-seq,0.2,0,0,0,Literature_ChAP_MalR,1,0,,0,0,0,0,,,,0,0,0,0,0,0,0,,,,0,0,0,0,,,,,,8,1,0,,0,,1,Literature_ChAP_MalR,ATCC13032,ATCC13032,0
cg3315,malR,cg1090,ggtB,1,curated_positive,R,0,1,0,0,0,,ChAP-seq,0.2,0,0,0,Literature_ChAP_MalR,1,0,,0,0,0,0,,,,0,6,6,0,0,0,0,,,,0,0,0,0,,,,,,8,0,0,,0,,1,Literature_ChAP_MalR,ATCC13032,ATCC13032,0
cg3315,malR,cg1347,cg1347,1,curated_positive,R,0,1,0,0,0,,ChAP-seq,0.2,0,0,0,Literature_ChAP_MalR,1,0,,0,0,0,0,,,,0,1,1,0,0,0,0,,,,0,0,0,0,,,,,,8,0,0,,0,,1,Literature_ChAP_MalR,ATCC13032,ATCC13032,0
cg3315,malR,cg1454,cg1454,1,curated_positive,R,0,1,0,0,0,,ChAP-seq,0.2,0,0,0,Literature_ChAP_MalR,1,0,,0,0,0,0,,,,0,1,1,0,0,0,0,,,,0,0,0,0,,,,,,8,0,0,,0,,1,Literature_ChAP_MalR,ATCC13032,ATCC13032,0
cg3315,malR,cg1456,cg1456,1,curated_positive,R,0,1,0,0,0,,ChAP-seq,0.2,0,0,0,Literature_ChAP_MalR,1,0,,0,0,0,0,,,,0,1,1,0,0,0,0,,,,0,0,0,0,,,,,,8,0,0,,0,,1,Literature_ChAP_MalR,ATCC13032,ATCC13032,0
cg3315,malR,cg1475,cg1475,1,curated_positive,R,0,1,0,0,0,,ChAP-seq,0.2,0,0,0,Literature_ChAP_MalR,1,0,,0,0,0,0,,,,0,1,1,0,0,0,0,,,,0,0,0,0,,,,,,8,0,0,,0,,1,Literature_ChAP_MalR,ATCC13032,ATCC13032,0
cg3315,malR,cg1577,cg1577,1,curated_positive,R,0,1,0,0,0,,ChAP-seq,0.2,0,0,0,Literature_ChAP_MalR,1,0,,0,0,0,0,,,,0,7,7,0,0,0,0,,,,0,0,0,0,,,,,,8,0,0,,0,,1,Literature_ChAP_MalR,ATCC13032,ATCC13032,0
cg3315,malR,cg1895,cg1895,1,curated_positive,R,0,1,0,0,0,,ChAP-seq,0.2,0,0,0,Literature_ChAP_MalR,1,0,,0,0,0,0,,,,0,0,0,0,0,0,0,,,,0,0,0,0,,,,,,8,1,0,,0,,1,Literature_ChAP_MalR,ATCC13032,ATCC13032,0
cg3315,malR,cg1905,cg1905,1,curated_positive,R,0,1,0,0,0,,ChAP-seq,0.2,0,0,0,Literature_ChAP_MalR,1,0,,0,0,0,0,,,,0,0,0,0,0,0,0,,,,0,0,0,0,,,,,,8,1,0,,0,,1,Literature_ChAP_MalR,ATCC13032,ATCC13032,0
cg3315,malR,cg1909,cg1909,1,curated_positive,R,0,1,0,0,0,,ChAP-seq,0.2,0,0,0,Literature_ChAP_MalR,1,0,,0,0,0,0,,,,0,0,0,0,0,0,0,,,,0,0,0,0,,,,,,8,1,0,,0,,1,Literature_ChAP_MalR,ATCC13032,ATCC13032,0
cg3315,malR,cg1911,cg1911,1,curated_positive,R,0,1,0,0,0,,ChAP-seq,0.2,0,0,0,Literature_ChAP_MalR,1,0,,0,0,0,0,,,,0,2,1,0,0,0,0,,,,0,0,0,0,,,,,,8,1,0,,0,,1,Literature_ChAP_MalR,ATCC13032,ATCC13032,0
cg3315,malR,cg1912,cg1912,1,curated_positive,R,0,1,0,0,0,,ChAP-seq,0.2,0,0,0,Literature_ChAP_MalR,1,0,,0,0,0,0,,,,0,0,0,0,0,0,0,,,,0,0,0,0,,,,,,8,1,0,,0,,1,Literature_ChAP_MalR,ATCC13032,ATCC13032,0
cg3315,malR,cg1929,res,1,curated_positive,R,0,1,0,0,0,,ChAP-seq,0.2,0,0,0,Literature_ChAP_MalR,1,0,,0,0,0,0,,,,0,0,0,0,0,0,0,,,,0,0,0,0,,,,,,8,0,0,,0,,1,Literature_ChAP_MalR,ATCC13032,ATCC13032,0
cg3315,malR,cg1946,cg1946,1,curated_positive,R,0,1,0,0,0,,ChAP-seq,0.2,0,0,0,Literature_ChAP_MalR,1,0,,0,0,0,0,,,,0,0,0,0,0,0,0,,,,0,0,0,0,,,,,,8,1,0,,0,,1,Literature_ChAP_MalR,ATCC13032,ATCC13032,0
cg3315,malR,cg1948,cg1948,1,curated_positive,R,0,1,0,0,0,,ChAP-seq,0.2,0,0,0,Literature_ChAP_MalR,1,0,,0,0,0,0,,,,0,0,0,0,0,0,0,,,,0,0,0,0,,,,,,8,0,0,,0,,1,Literature_ChAP_MalR,ATCC13032,ATCC13032,0
cg3315,malR,cg1967,cg1967,1,curated_positive,R,0,1,0,0,0,,ChAP-seq,0.2,0,0,0,Literature_ChAP_MalR,1,0,,0,0,0,0,,,,0,0,0,0,0,0,0,,,,0,0,0,0,,,,,,8,0,0,,0,,1,Literature_ChAP_MalR,ATCC13032,ATCC13032,0
cg3315,malR,cg1978,cg1978,1,curated_positive,R,0,1,0,0,0,,ChAP-seq,0.2,0,0,0,Literature_ChAP_MalR,1,0,,0,0,0,0,,,,0,0,0,0,0,0,0,,,,0,0,0,0,,,,,,8,1,0,,0,,1,Literature_ChAP_MalR,ATCC13032,ATCC13032,0
cg3315,malR,cg1997,cglIR,1,curated_positive,R,0,1,0,0,0,,ChAP-seq,0.2,0,0,0,Literature_ChAP_MalR,1,0,,0,0,0,0,,,,0,0,0,0,0,0,0,,,,0,0,0,0,,,,,,8,1,0,,0,,1,Literature_ChAP_MalR,ATCC13032,ATCC13032,0
cg3315,malR,cg2033,cg2033,1,curated_positive,R,0,1,0,0,0,,ChAP-seq,0.2,0,0,0,Literature_ChAP_MalR,1,0,,0,0,0,0,,,,0,3,1,0,0,0,0,,,,0,0,0,0,,,,,,8,2,0,,0,,1,Literature_ChAP_MalR,ATCC13032,ATCC13032,0
cg3315,malR,cg2069,psp1,1,curated_positive,R,0,1,0,0,0,,ChAP-seq,0.2,0,0,0,Literature_ChAP_MalR,1,0,,0,0,0,0,,,,0,0,0,0,0,0,0,,,,0,0,0,0,,,,,,8,2,0,,0,,1,Literature_ChAP_MalR,ATCC13032,ATCC13032,0
cg3315,malR,cg2083,dxs,1,curated_positive,R,0,1,0,0,0,,ChAP-seq,0.2,0,0,0,Literature_ChAP_MalR,1,0,,0,0,0,0,,,,0,7,7,0,0,0,0,,,,0,0,0,0,,,,,,8,0,0,,0,,1,Literature_ChAP_MalR,ATCC13032,ATCC13032,0
cg3315,malR,cg2181,oppA,1,curated_positive,R,0,1,0,0,0,,ChAP-seq,0.2,0,0,0,Literature_ChAP_MalR,1,0,,0,0,0,0,,,,0,4,1,0,0,0,0,,,,0,0,0,0,,,,,,8,0,0,,0,,1,Literature_ChAP_MalR,ATCC13032,ATCC13032,0
cg3315,malR,cg2256,cg2256,1,curated_positive,R,0,1,0,0,0,,ChAP-seq,0.2,0,0,0,Literature_ChAP_MalR,1,0,,0,0,0,0,,,,0,0,0,0,0,0,0,,,,0,0,0,0,,,,,,8,1,0,,0,,1,Literature_ChAP_MalR,ATCC13032,ATCC13032,0
cg3315,malR,cg2334,ilvA,1,curated_positive,R,0,1,0,0,0,,ChAP-seq,0.2,0,0,0,Literature_ChAP_MalR,1,0,,0,0,0,0,,,,0,8,7,0,0,0,0,,,,0,0,0,0,,,,,,8,0,0,,0,,1,Literature_ChAP_MalR,ATCC13032,ATCC13032,0
cg3315,malR,cg2336,cg2336,1,curated_positive,R,0,1,0,0,0,,ChAP-seq,0.2,0,0,0,Literature_ChAP_MalR,1,0,,0,0,0,0,,,,0,1,1,0,0,0,0,,,,0,0,0,0,,,,,,8,0,0,,0,,1,Literature_ChAP_MalR,ATCC13032,ATCC13032,0
cg3315,malR,cg2340,cg2340,1,curated_positive,R,0,1,0,0,0,,ChAP-seq,0.2,0,0,0,Literature_ChAP_MalR,1,0,,0,0,0,0,,,,0,4,1,0,0,0,0,,,,0,0,0,0,,,,,,8,0,0,,0,,1,Literature_ChAP_MalR,ATCC13032,ATCC13032,0
cg3315,malR,cg2377,mraW,1,curated_positive,R,0,1,0,0,0,,ChAP-seq,0.2,0,0,0,Literature_ChAP_MalR,1,0,,0,0,0,0,,,,0,0,0,0,0,0,0,,,,0,0,0,0,,,,,,8,0,0,,0,,1,Literature_ChAP_MalR,ATCC13032,ATCC13032,0
cg3315,malR,cg2430,cg2430,1,curated_positive,R,0,1,0,0,0,,ChAP-seq,0.2,0,0,0,Literature_ChAP_MalR,1,0,,0,0,0,0,,,,0,0,0,0,0,0,0,,,,0,0,0,0,,,,,,8,0,0,,0,,1,Literature_ChAP_MalR,ATCC13032,ATCC13032,0
cg3315,malR,cg2499,glyS,1,curated_positive,R,0,1,0,0,0,,ChAP-seq,0.2,0,0,0,Literature_ChAP_MalR,1,0,,0,0,0,0,,,,0,6,6,0,0,0,0,,,,0,0,0,0,,,,,,8,0,0,,0,,1,Literature_ChAP_MalR,ATCC13032,ATCC13032,0
cg3315,malR,cg2500,znR,1,curated_positive,R,0,1,0,0,0,,ChAP-seq,0.2,0,0,0,Literature_ChAP_MalR,1,0,,0,0,0,0,,,,0,0,0,0,0,0,0,,,,0,0,0,0,,,,,,8,0,0,,0,,1,Literature_ChAP_MalR,ATCC13032,ATCC13032,0
cg3315,malR,cg2610,cg2610,1,curated_positive,R,0,1,0,0,0,,ChAP-seq,0.2,0,0,0,Literature_ChAP_MalR,1,0,,0,0,0,0,,,,0,0,0,0,0,0,0,,,,0,0,0,0,,,,,,8,0,0,,0,,1,Literature_ChAP_MalR,ATCC13032,ATCC13032,0
cg3315,malR,cg2651,cg2651,1,curated_positive,R,0,1,0,0,0,,ChAP-seq,0.2,0,0,0,Literature_ChAP_MalR,1,0,,0,0,0,0,,,,0,0,0,0,0,0,0,,,,0,0,0,0,,,,,,8,0,0,,0,,1,Literature_ChAP_MalR,ATCC13032,ATCC13032,0
cg3315,malR,cg2665,cg2665,1,curated_positive,R,0,1,0,0,0,,ChAP-seq,0.2,0,0,0,Literature_ChAP_MalR,1,0,,0,0,0,0,,,,0,0,0,0,0,0,0,,,,0,0,0,0,,,,,,8,0,0,,0,,1,Literature_ChAP_MalR,ATCC13032,ATCC13032,0
cg3315,malR,cg2666,cg2666,1,curated_positive,R,0,1,0,0,0,,ChAP-seq,0.2,0,0,0,Literature_ChAP_MalR,1,0,,0,0,0,0,,,,0,0,0,0,0,0,0,,,,0,0,0,0,,,,,,8,0,0,,0,,1,Literature_ChAP_MalR,ATCC13032,ATCC13032,0
cg3315,malR,cg2720,lppS,1,curated_positive,R,0,1,0,0,0,,ChAP-seq,0.2,0,0,0,Literature_ChAP_MalR,1,0,,0,0,0,0,,,,0,1,1,0,0,0,0,,,,0,0,0,0,,,,,,8,0,0,,0,,1,Literature_ChAP_MalR,ATCC13032,ATCC13032,0
cg3315,malR,cg2772,clpS,1,curated_positive,R,0,1,0,0,0,,ChAP-seq,0.2,0,0,0,Literature_ChAP_MalR,1,0,,0,0,0,0,,,,0,0,0,0,0,0,0,,,,0,0,0,0,,,,,,8,1,0,,0,,1,Literature_ChAP_MalR,ATCC13032,ATCC13032,0
cg3315,malR,cg2773,cg2773,1,curated_positive,R,0,1,0,0,0,,ChAP-seq,0.2,0,0,0,Literature_ChAP_MalR,1,0,,0,0,0,0,,,,0,0,0,0,0,0,0,,,,0,0,0,0,,,,,,8,1,0,,0,,1,Literature_ChAP_MalR,ATCC13032,ATCC13032,0
cg3315,malR,cg2903,cg2903,1,curated_positive,R,0,1,0,0,0,,ChAP-seq,0.2,0,0,0,Literature_ChAP_MalR,1,0,,0,0,0,0,,,,0,3,1,0,0,0,0,,,,0,0,0,0,,,,,,8,0,0,,0,,1,Literature_ChAP_MalR,ATCC13032,ATCC13032,0
cg3315,malR,cg2904,cg2904,1,curated_positive,R,0,1,0,0,0,,ChAP-seq,0.2,0,0,0,Literature_ChAP_MalR,1,0,,0,0,0,0,,,,0,0,0,0,0,0,0,,,,0,0,0,0,,,,,,8,0,0,,0,,1,Literature_ChAP_MalR,ATCC13032,ATCC13032,0
cg3315,malR,cg2910,ipsA,1,curated_positive,R,0,1,0,0,0,,ChAP-seq,0.2,0,0,0,Literature_ChAP_MalR,1,0,,0,0,0,0,,,,0,0,0,0,0,0,0,,,,0,0,0,0,,,,,,8,0,0,,0,,1,Literature_ChAP_MalR,ATCC13032,ATCC13032,0
cg3315,malR,cg2911,znuA1,1,curated_positive,R,0,1,0,0,0,,ChAP-seq,0.2,0,0,0,Literature_ChAP_MalR,1,0,,0,0,0,0,,,,0,6,6,0,0,0,0,,,,0,0,0,0,,,,,,8,0,0,,0,,1,Literature_ChAP_MalR,ATCC13032,ATCC13032,0
cg3315,malR,cg2962,cg2962,1,curated_positive,R,0,1,0,0,0,,ChAP-seq,0.2,0,0,0,Literature_ChAP_MalR,1,0,,0,0,0,0,,,,0,0,0,0,0,0,0,,,,0,0,0,0,,,,,,8,0,0,,0,,1,Literature_ChAP_MalR,ATCC13032,ATCC13032,0
cg3315,malR,cg3057,cg3057,1,curated_positive,R,0,1,0,0,0,,ChAP-seq,0.2,0,0,0,Literature_ChAP_MalR,1,0,,0,0,0,0,,,,0,0,0,0,0,0,0,,,,0,0,0,0,,,,,,8,0,0,,0,,1,Literature_ChAP_MalR,ATCC13032,ATCC13032,0
cg3315,malR,cg3179,fadD2,1,curated_positive,R,0,1,0,0,0,,ChAP-seq,0.2,0,0,0,Literature_ChAP_MalR,1,0,,0,0,0,0,,,,0,138,8,0,0,0,0,,,,0,0,0,0,,,,,,8,0,0,,0,,1,Literature_ChAP_MalR,ATCC13032,ATCC13032,0
cg3315,malR,cg3219,ldh,1,curated_positive,R,0,1,0,0,0,,ChAP-seq,0.2,0,0,0,Literature_ChAP_MalR,1,0,,0,0,0,0,,,,0,6,6,0,0,0,0,,,,0,0,0,0,,,,,,8,0,0,,0,,1,Literature_ChAP_MalR,ATCC13032,ATCC13032,0
cg3315,malR,cg3220,cg3220,1,curated_positive,R,0,1,0,0,0,,ChAP-seq,0.2,0,0,0,Literature_ChAP_MalR,1,0,,0,0,0,0,,,,0,0,0,0,0,0,0,,,,0,0,0,0,,,,,,8,0,0,,0,,1,Literature_ChAP_MalR,ATCC13032,ATCC13032,0
cg3315,malR,cg3231,cg3231,1,curated_positive,R,0,1,0,0,0,,ChAP-seq,0.2,0,0,0,Literature_ChAP_MalR,1,0,,0,0,0,0,,,,0,0,0,0,0,0,0,,,,0,0,0,0,,,,,,8,0,0,,0,,1,Literature_ChAP_MalR,ATCC13032,ATCC13032,0
cg3315,malR,cg3304,dnaB,1,curated_positive,R,0,1,0,0,0,,ChAP-seq,0.2,0,0,0,Literature_ChAP_MalR,1,0,,0,0,0,0,,,,0,0,0,0,0,0,0,,,,0,0,0,0,,,,,,8,1,0,,0,,1,Literature_ChAP_MalR,ATCC13032,ATCC13032,0
cg3315,cg3315,cg3315,cg3315,1,curated_positive,R,0,1,0,1,27,0.4444,experimental,0.8,1,1,1,CoryneRegNet,1,1,OP_cg3315,1,0,0,0,,,,0,0,0,0,0,0,0,,,,0,0,0,0,,,,,,7,0,0,,0,,1,Literature_ChAP_MalR,ATCC13032,ATCC13032,0
cg3315,cg3315,cg3316,cg3316,1,curated_positive,R,0,1,0,0,0,,experimental,0.75,1,1,1,CoryneRegNet,1,1,OP_cg3315,1,0,0,0,,,,0,0,0,0,0,0,0,,,,0,0,0,1,0.839265,8.49031e-239,0.839265,896,Kranz2022_expression_compendium_Zenodo6842664,7,1,0,,0,,0,,,,0
cg3315,cg3315,cg3335,mez,1,curated_positive,R,0,1,0,1,18,0.2222,experimental,0.8,1,1,1,CoryneRegNet,1,1,,0,0,0,0,,,,0,12,6,0,0,0,0,,,,0,0,0,1,0.684389,2.04476e-134,0.684389,966,Kranz2022_expression_compendium_Zenodo6842664,6,1,0,,0,,1,Literature_ChAP_MalR,ATCC13032,ATCC13032,0
cg3315,malR,cg3343,cg3343,1,curated_positive,R,0,1,0,0,0,,ChAP-seq,0.2,0,0,0,Literature_ChAP_MalR,1,0,,0,0,0,0,,,,0,0,0,0,0,0,0,,,,0,0,0,0,,,,,,8,0,0,,0,,1,Literature_ChAP_MalR,ATCC13032,ATCC13032,0
cg3315,malR,cg3344,cg3344,1,curated_positive,R,0,1,0,0,0,,ChAP-seq,0.2,0,0,0,Literature_ChAP_MalR,1,0,,0,0,0,0,,,,0,0,0,0,0,0,0,,,,0,0,0,0,,,,,,8,0,0,,0,,1,Literature_ChAP_MalR,ATCC13032,ATCC13032,0
cg3315,malR,ig,ig,1,curated_positive,R,0,1,0,0,0,,ChAP-seq,0.2,0,0,0,Literature_ChAP_MalR,1,0,,0,0,0,0,,,,0,0,0,0,0,0,0,,,,0,0,0,0,,,,,,8,0,0,,0,,1,Literature_ChAP_MalR,ATCC13032,ATCC13032,0
cg3315,malR,srna,srna,1,curated_positive,R,0,1,0,0,0,,ChAP-seq,0.2,0,0,0,Literature_ChAP_MalR,1,0,,0,0,0,0,,,,0,0,0,0,0,0,0,,,,0,0,0,0,,,,,,8,0,0,,0,,1,Literature_ChAP_MalR,ATCC13032,ATCC13032,0
cg3352,cg3352,cg0637,betB,1,curated_positive,A,1,0,0,0,0,,predicted,0.05,0,0,0,CoryneRegNet,1,1,OP_cg0640,1,0,0,0,,,,0,12,6,0,0,0,0,,,,0,0,0,1,0.833374,1.4642e-121,0.833374,466,Kranz2022_expression_compendium_Zenodo6842664,7,1,0,,0,,0,,,,0
cg3352,cg3352,cg0638,cg0638,1,curated_positive,A,1,0,0,0,0,,predicted,0.05,0,0,0,CoryneRegNet,1,1,OP_cg0640,1,0,0,0,,,,0,1,1,0,0,0,0,,,,0,0,0,0,,,,,,8,1,0,,0,,0,,,,0
cg3352,cg3352,cg0639,cg0639,1,curated_positive,A,1,0,0,0,0,,predicted,0.05,0,0,0,CoryneRegNet,1,1,OP_cg0640,1,0,0,0,,,,0,0,0,0,0,0,0,,,,0,0,0,1,0.829803,1.07734e-124,0.829803,486,Kranz2022_expression_compendium_Zenodo6842664,7,1,0,,0,,0,,,,0
cg3352,cg3352,cg0640,fdxB,1,curated_positive,A,1,0,0,0,0,,predicted,0.05,0,0,0,CoryneRegNet,1,1,OP_cg0640,1,0,0,0,,,,0,0,0,0,0,0,0,,,,0,0,0,1,0.83531,2.12238e-129,0.83531,492,Kranz2022_expression_compendium_Zenodo6842664,7,1,0,,0,,0,,,,0
cg3352,cg3352,cg0641,fabG2,1,curated_positive,A,1,0,0,0,0,,predicted,0.05,0,0,0,CoryneRegNet,1,1,OP_cg0645,1,0,0,0,,,,0,1,1,0,0,0,0,,,,0,0,0,1,0.842895,1.20031e-115,0.842895,424,Kranz2022_expression_compendium_Zenodo6842664,7,1,0,,0,,0,,,,0
cg3352,cg3352,cg0642,cg0642,1,curated_positive,A,1,0,0,0,0,,predicted,0.05,0,0,0,CoryneRegNet,1,1,OP_cg0645,1,0,0,0,,,,0,6,6,0,0,0,0,,,,0,0,0,1,0.833992,1.297e-98,0.833992,376,Kranz2022_expression_compendium_Zenodo6842664,7,1,0,,0,,0,,,,0
cg3352,cg3352,cg0644,cg0644,1,curated_positive,A,1,0,0,0,0,,predicted,0.05,0,0,0,CoryneRegNet,1,1,OP_cg0645,1,0,0,0,,,,0,1,1,0,0,0,0,,,,0,0,0,1,0.854873,2.53221e-126,0.854873,438,Kranz2022_expression_compendium_Zenodo6842664,7,1,0,,0,,0,,,,0
cg3352,cg3352,cg0645,cytP,1,curated_positive,A,1,0,0,1,17,0.4118,predicted,0.1,0,0,0,CoryneRegNet,1,1,OP_cg0645,1,0,0,0,,,,0,7,7,0,0,0,0,,,,0,0,0,1,0.8665,6.41816e-144,0.8665,472,Kranz2022_expression_compendium_Zenodo6842664,6,1,0,,0,,0,,,,0
cg3352,cg3352,cg3349,cg3349,1,curated_positive,A,1,0,0,0,0,,experimental,0.75,1,1,2,CoryneRegNet,1,1,OP_cg3351,1,0,0,0,,,,0,0,0,0,0,0,0,,,,0,0,0,1,0.835226,2.92804e-114,0.835226,434,Kranz2022_expression_compendium_Zenodo6842664,7,1,0,,0,,0,,,,1
cg3352,cg3352,cg3350,hpaG,1,curated_positive,A,1,0,0,0,0,,experimental,0.75,1,1,2,CoryneRegNet,1,1,OP_cg3351,1,0,0,0,,,,0,0,0,0,0,0,0,,,,0,0,0,1,0.36304,9.07196e-18,0.36304,524,Kranz2022_expression_compendium_Zenodo6842664,7,1,0,,0,,0,,,,1
cg3352,cg3352,cg3351,nagI,1,curated_positive,A,1,0,0,1,32,0.4375,experimental,0.8,1,1,2,CoryneRegNet,1,1,OP_cg3351,1,0,0,0,,,,0,0,0,0,0,0,0,,,,0,0,0,1,0.877472,2.6427e-162,0.877472,504,Kranz2022_expression_compendium_Zenodo6842664,6,0,0,,0,,0,,,,1
cg3352,cg3352,cg3352,cg3352,1,curated_positive,R,0,1,0,1,17,0.4706,experimental,0.8,1,1,1,CoryneRegNet,1,1,,0,0,0,0,,,,0,0,0,0,0,0,0,,,,0,0,0,0,,,,,,7,0,0,,0,,0,,,,1
cg3352,cg3352,cg3353,benK2,1,curated_positive,A,1,0,0,1,17,0.4118,experimental + predicted,0.8,1,1,1,CoryneRegNet,1,1,OP_cg3353,1,0,0,0,,,,0,0,0,0,0,0,0,,,,0,0,0,1,0.883196,5.94883e-104,0.883196,312,Kranz2022_expression_compendium_Zenodo6842664,6,0,0,,0,,0,,,,1
cg3352,cg3352,cg3354,cg3354,1,curated_positive,A,1,0,0,0,0,,predicted,0.05,0,0,0,CoryneRegNet,1,1,OP_cg3353,1,0,0,0,,,,0,0,0,0,0,0,0,,,,0,0,0,1,0.889111,1.91979e-151,0.889111,442,Kranz2022_expression_compendium_Zenodo6842664,7,0,0,,0,,0,,,,1
cg3373,cg3373,cg3373,cg3373,1,curated_positive,R,0,1,0,0,0,,experimental,0.75,1,1,1,CoryneRegNet,1,1,OP_cg3372,1,0,0,0,,,,0,0,0,0,0,0,0,,,,0,0,0,0,,,,,,8,0,0,,0,,0,,,,0
cg3373,cg3373,cg3374,cg3374,1,curated_positive,R,0,1,0,0,0,,experimental,0.75,1,1,1,CoryneRegNet,1,1,OP_cg3372,1,0,0,0,,,,0,0,0,0,0,0,0,,,,0,0,0,1,0.681219,1.05055e-97,0.681219,708,Kranz2022_expression_compendium_Zenodo6842664,7,0,0,,0,,0,,,,0
cg3373,cg3373,cg3375,cg3375,1,curated_positive,R,0,1,0,0,0,,experimental,0.75,1,1,1,CoryneRegNet,1,1,OP_cg3372,1,0,0,0,,,,0,0,0,0,0,0,0,,,,0,0,0,1,0.75564,1.83585e-85,0.75564,456,Kranz2022_expression_compendium_Zenodo6842664,7,0,0,,0,,0,,,,0
cg3388,cg3388,cg3385,catA3,1,curated_positive,A,1,0,0,0,0,,predicted,0.2,0,1,1,CoryneRegNet,1,1,OP_cg3387,1,0,0,0,,,,0,0,0,0,0,0,0,,,,0,0,0,1,0.809737,9.41536e-164,0.809737,700,Kranz2022_expression_compendium_Zenodo6842664,7,1,0,,0,,0,,,,0
cg3388,cg3388,cg3386,tcbF,1,curated_positive,A,1,0,0,0,0,,predicted,0.2,0,1,1,CoryneRegNet,1,1,OP_cg3387,1,0,0,0,,,,0,0,0,0,0,0,0,,,,0,0,0,1,0.861988,6.75474e-223,0.861988,750,Kranz2022_expression_compendium_Zenodo6842664,7,1,0,,0,,0,,,,0
cg3388,cg3388,cg3387,cg3387,1,curated_positive,A,1,0,0,0,0,,predicted,0.2,0,1,1,CoryneRegNet,1,1,OP_cg3387,1,0,0,0,,,,0,0,0,0,0,0,0,,,,0,0,0,1,0.806122,3.74645e-172,0.806122,748,Kranz2022_expression_compendium_Zenodo6842664,7,0,0,,0,,0,,,,0
cg3420,sigM,cg0690,groES,1,curated_positive,unknown,0,0,1,0,0,,predicted,0.2,0,1,1,CoryneRegNet,1,1,OP_cg0690,1,0,0,0,,,,0,0,0,0,0,0,0,,,,0,0,0,1,0.26725,1.51042e-10,0.26725,556,Kranz2022_expression_compendium_Zenodo6842664,7,0,0,,0,ECF_sigma,0,,,,0
cg3420,sigM,cg0691,groEL,1,curated_positive,unknown,0,0,1,0,0,,predicted,0.2,0,1,1,CoryneRegNet,1,1,OP_cg0690,1,0,0,0,,,,0,1,1,0,0,0,0,,,,0,0,0,1,0.274765,5.53631e-11,0.274765,550,Kranz2022_expression_compendium_Zenodo6842664,7,0,0,,0,ECF_sigma,0,,,,0
cg3420,sigM,cg1091,cg1091,1,curated_positive,unknown,0,0,1,0,0,,predicted,0.2,0,1,1,CoryneRegNet,1,1,,0,0,0,0,,,,0,0,0,0,0,0,0,,,,0,0,0,0,,,,,,8,0,0,,0,ECF_sigma,0,,,,0
cg3420,sigM,cg1696,cg1696,1,curated_positive,unknown,0,0,1,0,0,,predicted,0.2,0,1,1,CoryneRegNet,1,1,,0,0,0,0,,,,0,0,0,0,0,0,0,,,,0,0,0,1,0.776449,2.21001e-73,0.776449,358,Kranz2022_expression_compendium_Zenodo6842664,7,0,0,,0,ECF_sigma,0,,,,0
cg3420,sigM,cg1759,cg1759,1,curated_positive,unknown,0,0,1,0,0,,experimental,0.75,1,1,1,CoryneRegNet,1,1,OP_cg1765,1,0,0,0,,,,0,0,0,0,0,0,0,,,,0,0,0,0,,,,,,8,0,0,,0,ECF_sigma,0,,,,0
cg3420,sigM,cg1760,cg1760,1,curated_positive,unknown,0,0,1,0,0,,experimental,0.75,1,1,1,CoryneRegNet,1,1,OP_cg1765,1,0,0,0,,,,0,0,0,0,0,0,0,,,,0,0,0,0,,,,,,8,1,0,,0,ECF_sigma,0,,,,0
cg3420,sigM,cg1761,nifS2,1,curated_positive,unknown,0,0,1,0,0,,experimental,0.75,1,1,1,CoryneRegNet,1,1,OP_cg1765,1,0,0,0,,,,0,0,0,0,0,0,0,,,,0,0,0,1,0.30221,4.02995e-13,0.30221,552,Kranz2022_expression_compendium_Zenodo6842664,7,1,0,,0,ECF_sigma,0,,,,0
cg3420,sigM,cg1762,sufC,1,curated_positive,unknown,0,0,1,0,0,,experimental,0.75,1,1,1,CoryneRegNet,1,1,OP_cg1765,1,0,0,0,,,,0,0,0,0,0,0,0,,,,0,0,0,0,,,,,,8,1,0,,0,ECF_sigma,0,,,,0
cg3420,sigM,cg1763,sufD,1,curated_positive,unknown,0,0,1,0,0,,experimental,0.75,1,1,1,CoryneRegNet,1,1,OP_cg1765,1,0,0,0,,,,0,0,0,0,0,0,0,,,,0,0,0,1,0.153375,0.000298331,0.153375,552,Kranz2022_expression_compendium_Zenodo6842664,7,1,0,,0,ECF_sigma,0,,,,0
cg3420,sigM,cg1764,sufB,1,curated_positive,unknown,0,0,1,0,0,,experimental,0.75,1,1,1,CoryneRegNet,1,1,OP_cg1765,1,0,0,0,,,,0,0,0,0,0,0,0,,,,0,0,0,1,0.16175,0.000131439,0.16175,554,Kranz2022_expression_compendium_Zenodo6842664,7,1,0,,0,ECF_sigma,0,,,,0
cg3420,sigM,cg1765,cg1765,1,curated_positive,unknown,0,0,1,0,0,,experimental,0.75,1,1,1,CoryneRegNet,1,1,OP_cg1765,1,0,0,0,,,,0,0,0,0,0,0,0,,,,0,0,0,1,0.136858,0.00126714,0.136858,552,Kranz2022_expression_compendium_Zenodo6842664,7,1,0,,0,ECF_sigma,0,,,,0
cg3420,sigM,cg3078,cg3078,1,curated_positive,unknown,0,0,1,0,0,,predicted,0.2,0,1,1,CoryneRegNet,1,1,,0,0,0,0,,,,0,0,0,0,0,0,0,,,,0,0,0,0,,,,,,8,0,0,,0,ECF_sigma,0,,,,0
cg3420,sigM,cg3079,clpB,1,curated_positive,unknown,0,0,1,0,0,,predicted,0.2,0,1,1,CoryneRegNet,1,1,,0,0,0,0,,,,0,0,0,0,0,0,0,,,,0,0,0,1,0.35942,4.29858e-18,0.35942,546,Kranz2022_expression_compendium_Zenodo6842664,7,0,0,,0,ECF_sigma,0,,,,0
cg3420,sigM,cg3299,trxB1,1,curated_positive,unknown,0,0,1,0,0,,experimental,0.75,1,1,1,CoryneRegNet,1,1,,0,0,0,0,,,,0,6,6,0,0,0,0,,,,0,0,0,1,0.52851,4.84325e-41,0.52851,552,Kranz2022_expression_compendium_Zenodo6842664,7,0,0,,0,ECF_sigma,0,,,,0
cg3420,sigM,cg3422,trxB,1,curated_positive,unknown,0,0,1,0,0,,experimental,0.75,1,1,1,CoryneRegNet,1,1,,0,0,0,0,,,,0,6,6,0,0,0,0,,,,0,0,0,1,0.292704,1.74064e-12,0.292704,558,Kranz2022_expression_compendium_Zenodo6842664,7,0,0,,0,ECF_sigma,0,,,,0
cg3420,sigM,cg3423,trxC,1,curated_positive,unknown,0,0,1,0,0,,experimental,0.75,1,1,1,CoryneRegNet,1,1,OP_cg3423,1,0,0,0,,,,0,6,6,0,0,0,0,,,,0,0,0,1,0.34613,3.31951e-17,0.34613,560,Kranz2022_expression_compendium_Zenodo6842664,7,0,0,,0,ECF_sigma,0,,,,0
cg3420,sigM,cg3424,cwlM,1,curated_positive,unknown,0,0,1,0,0,,experimental,0.75,1,1,1,CoryneRegNet,1,1,OP_cg3423,1,0,0,0,,,,0,0,0,0,0,0,0,,,,0,0,0,1,0.245723,5.95547e-09,0.245723,546,Kranz2022_expression_compendium_Zenodo6842664,7,0,0,,0,ECF_sigma,0,,,,0
gntr1,gntR1,cgr0756,cgr0756,1,curated_positive,R,0,1,0,0,0,,ChIP-chip,0.4,0,1,1,GEO_GSE58632_GntR1,1,0,,0,0,0,0,,,,0,0,0,0,0,0,0,,,,0,0,0,0,,,,,,8,0,0,,0,,1,GEO_GSE58632_GntR1,ATCC13032,Strain_R,0
gntr1,gntR1,cgr1102,cgr1102,1,curated_positive,R,0,1,0,0,0,,ChIP-chip,0.4,0,1,1,GEO_GSE58632_GntR1,1,0,,0,0,0,0,,,,0,0,0,0,0,0,0,,,,0,0,0,0,,,,,,8,0,0,,0,,1,GEO_GSE58632_GntR1,ATCC13032,Strain_R,0
gntr1,gntR1,cgr1123,cgr1123,1,curated_positive,R,0,1,0,0,0,,ChIP-chip,0.4,0,1,1,GEO_GSE58632_GntR1,1,0,,0,0,0,0,,,,0,0,0,0,0,0,0,,,,0,0,0,0,,,,,,8,0,0,,0,,1,GEO_GSE58632_GntR1,ATCC13032,Strain_R,0
gntr1,gntR1,cgr1533,cgr1533,1,curated_positive,R,0,1,0,0,0,,ChIP-chip,0.4,0,1,1,GEO_GSE58632_GntR1,1,0,,0,0,0,0,,,,0,0,0,0,0,0,0,,,,0,0,0,0,,,,,,8,0,0,,0,,1,GEO_GSE58632_GntR1,ATCC13032,Strain_R,0
gntr1,gntR1,cgr1534,cgr1534,1,curated_positive,R,0,1,0,0,0,,ChIP-chip,0.4,0,1,1,GEO_GSE58632_GntR1,1,0,,0,0,0,0,,,,0,0,0,0,0,0,0,,,,0,0,0,0,,,,,,8,0,0,,0,,1,GEO_GSE58632_GntR1,ATCC13032,Strain_R,0
gntr1,gntR1,cgr1540,cgr1540,1,curated_positive,R,0,1,0,0,0,,ChIP-chip,0.4,0,1,1,GEO_GSE58632_GntR1,1,0,,0,0,0,0,,,,0,0,0,0,0,0,0,,,,0,0,0,0,,,,,,8,0,0,,0,,1,GEO_GSE58632_GntR1,ATCC13032,Strain_R,0
gntr1,gntR1,cgr1600,cgr1600,1,curated_positive,R,0,1,0,0,0,,ChIP-chip,0.4,0,1,1,GEO_GSE58632_GntR1,1,0,,0,0,0,0,,,,0,0,0,0,0,0,0,,,,0,0,0,0,,,,,,8,0,0,,0,,1,GEO_GSE58632_GntR1,ATCC13032,Strain_R,0
gntr1,gntR1,cgr1601,cgr1601,1,curated_positive,R,0,1,0,0,0,,ChIP-chip,0.4,0,1,1,GEO_GSE58632_GntR1,1,0,,0,0,0,0,,,,0,0,0,0,0,0,0,,,,0,0,0,0,,,,,,8,0,0,,0,,1,GEO_GSE58632_GntR1,ATCC13032,Strain_R,0
gntr1,gntR1,cgr1646,cgr1646,1,curated_positive,R,0,1,0,0,0,,ChIP-chip,0.4,0,1,1,GEO_GSE58632_GntR1,1,0,,0,0,0,0,,,,0,0,0,0,0,0,0,,,,0,0,0,0,,,,,,8,0,0,,0,,1,GEO_GSE58632_GntR1,ATCC13032,Strain_R,0
gntr1,gntR1,cgr1811,cgr1811,1,curated_positive,R,0,1,0,0,0,,ChIP-chip,0.4,0,1,1,GEO_GSE58632_GntR1,1,0,,0,0,0,0,,,,0,0,0,0,0,0,0,,,,0,0,0,0,,,,,,8,0,0,,0,,1,GEO_GSE58632_GntR1,ATCC13032,Strain_R,0
gntr1,gntR1,cgr2018,cgr2018,1,curated_positive,R,0,1,0,0,0,,ChIP-chip,0.4,0,1,1,GEO_GSE58632_GntR1,1,0,,0,0,0,0,,,,0,0,0,0,0,0,0,,,,0,0,0,0,,,,,,8,0,0,,0,,1,GEO_GSE58632_GntR1,ATCC13032,Strain_R,0
gntr1,gntR1,cgr2019,cgr2019,1,curated_positive,R,0,1,0,0,0,,ChIP-chip,0.4,0,1,1,GEO_GSE58632_GntR1,1,0,,0,0,0,0,,,,0,0,0,0,0,0,0,,,,0,0,0,0,,,,,,8,0,0,,0,,1,GEO_GSE58632_GntR1,ATCC13032,Strain_R,0
gntr1,gntR1,cgr2126,cgr2126,1,curated_positive,R,0,1,0,0,0,,ChIP-chip,0.4,0,1,1,GEO_GSE58632_GntR1,1,0,,0,0,0,0,,,,0,0,0,0,0,0,0,,,,0,0,0,0,,,,,,8,0,0,,0,,1,GEO_GSE58632_GntR1,ATCC13032,Strain_R,0
gntr1,gntR1,cgr2280,cgr2280,1,curated_positive,R,0,1,0,0,0,,ChIP-chip,0.4,0,1,1,GEO_GSE58632_GntR1,1,0,,0,0,0,0,,,,0,0,0,0,0,0,0,,,,0,0,0,0,,,,,,8,0,0,,0,,1,GEO_GSE58632_GntR1,ATCC13032,Strain_R,0
gntr1,gntR1,cgr2388,cgr2388,1,curated_positive,R,0,1,0,0,0,,ChIP-chip,0.4,0,1,1,GEO_GSE58632_GntR1,1,0,,0,0,0,0,,,,0,0,0,0,0,0,0,,,,0,0,0,0,,,,,,8,0,0,,0,,1,GEO_GSE58632_GntR1,ATCC13032,Strain_R,0
gntr1,gntR1,cgr2430,cgr2430,1,curated_positive,R,0,1,0,0,0,,ChIP-chip,0.4,0,1,1,GEO_GSE58632_GntR1,1,0,,0,0,0,0,,,,0,0,0,0,0,0,0,,,,0,0,0,0,,,,,,8,0,0,,0,,1,GEO_GSE58632_GntR1,ATCC13032,Strain_R,0
gntr1,gntR1,cgr2573,cgr2573,1,curated_positive,R,0,1,0,0,0,,ChIP-chip,0.4,0,1,1,GEO_GSE58632_GntR1,1,0,,0,0,0,0,,,,0,0,0,0,0,0,0,,,,0,0,0,0,,,,,,8,0,0,,0,,1,GEO_GSE58632_GntR1,ATCC13032,Strain_R,0
gntr1,gntR1,cgr2574,cgr2574,1,curated_positive,R,0,1,0,0,0,,ChIP-chip,0.4,0,1,1,GEO_GSE58632_GntR1,1,0,,0,0,0,0,,,,0,0,0,0,0,0,0,,,,0,0,0,0,,,,,,8,0,0,,0,,1,GEO_GSE58632_GntR1,ATCC13032,Strain_R,0
gntr1,gntR1,cgr2635,cgr2635,1,curated_positive,R,0,1,0,0,0,,ChIP-chip,0.4,0,1,1,GEO_GSE58632_GntR1,1,0,,0,0,0,0,,,,0,0,0,0,0,0,0,,,,0,0,0,0,,,,,,8,0,0,,0,,1,GEO_GSE58632_GntR1,ATCC13032,Strain_R,0
gntr1,gntR1,cgr2636,cgr2636,1,curated_positive,R,0,1,0,0,0,,ChIP-chip,0.4,0,1,1,GEO_GSE58632_GntR1,1,0,,0,0,0,0,,,,0,0,0,0,0,0,0,,,,0,0,0,0,,,,,,8,0,0,,0,,1,GEO_GSE58632_GntR1,ATCC13032,Strain_R,0
gntr1,gntR1,cgr2999,cgr2999,1,curated_positive,R,0,1,0,0,0,,ChIP-chip,0.4,0,1,1,GEO_GSE58632_GntR1,1,0,,0,0,0,0,,,,0,0,0,0,0,0,0,,,,0,0,0,0,,,,,,8,0,0,,0,,1,GEO_GSE58632_GntR1,ATCC13032,Strain_R,0
gntr1,gntR1,cgr3006,cgr3006,1,curated_positive,R,0,1,0,0,0,,ChIP-chip,0.4,0,1,1,GEO_GSE58632_GntR1,1,0,,0,0,0,0,,,,0,0,0,0,0,0,0,,,,0,0,0,0,,,,,,8,0,0,,0,,1,GEO_GSE58632_GntR1,ATCC13032,Strain_R,0
gntr1,gntR1,cgr3007,cgr3007,1,curated_positive,R,0,1,0,0,0,,ChIP-chip,0.4,0,1,1,GEO_GSE58632_GntR1,1,0,,0,0,0,0,,,,0,0,0,0,0,0,0,,,,0,0,0,0,,,,,,8,0,0,,0,,1,GEO_GSE58632_GntR1,ATCC13032,Strain_R,0
gntr1,gntR1,cgr3074,cgr3074,1,curated_positive,R,0,1,0,0,0,,ChIP-chip,0.4,0,1,1,GEO_GSE58632_GntR1,1,0,,0,0,0,0,,,,0,0,0,0,0,0,0,,,,0,0,0,0,,,,,,8,0,0,,0,,1,GEO_GSE58632_GntR1,ATCC13032,Strain_R,0
gntr1,gntR1,cgr3100,cgr3100,1,curated_positive,R,0,1,0,0,0,,ChIP-chip,0.4,0,1,1,GEO_GSE58632_GntR1,1,0,,0,0,0,0,,,,0,0,0,0,0,0,0,,,,0,0,0,0,,,,,,8,0,0,,0,,1,GEO_GSE58632_GntR1,ATCC13032,Strain_R,0
gntr1,gntR1,cgr3101,cgr3101,1,curated_positive,R,0,1,0,0,0,,ChIP-chip,0.4,0,1,1,GEO_GSE58632_GntR1,1,0,,0,0,0,0,,,,0,0,0,0,0,0,0,,,,0,0,0,0,,,,,,8,0,0,,0,,1,GEO_GSE58632_GntR1,ATCC13032,Strain_R,0
gntr1,gntR1,cgrfwd00587,cgrfwd00587,1,curated_positive,R,0,1,0,0,0,,ChIP-chip,0.4,0,1,1,GEO_GSE58632_GntR1,1,0,,0,0,0,0,,,,0,0,0,0,0,0,0,,,,0,0,0,0,,,,,,8,0,0,,0,,1,GEO_GSE58632_GntR1,ATCC13032,Strain_R,0
gntr1,gntR1,cgrfwd00604,cgrfwd00604,1,curated_positive,R,0,1,0,0,0,,ChIP-chip,0.4,0,1,1,GEO_GSE58632_GntR1,1,0,,0,0,0,0,,,,0,0,0,0,0,0,0,,,,0,0,0,0,,,,,,8,0,0,,0,,1,GEO_GSE58632_GntR1,ATCC13032,Strain_R,0
gntr1,gntR1,cgrfwd00605,cgrfwd00605,1,curated_positive,R,0,1,0,0,0,,ChIP-chip,0.4,0,1,1,GEO_GSE58632_GntR1,1,0,,0,0,0,0,,,,0,0,0,0,0,0,0,,,,0,0,0,0,,,,,,8,0,0,,0,,1,GEO_GSE58632_GntR1,ATCC13032,Strain_R,0
gntr1,gntR1,cgrfwd01563,cgrfwd01563,1,curated_positive,R,0,1,0,0,0,,ChIP-chip,0.4,0,1,1,GEO_GSE58632_GntR1,1,0,,0,0,0,0,,,,0,0,0,0,0,0,0,,,,0,0,0,0,,,,,,8,0,0,,0,,1,GEO_GSE58632_GntR1,ATCC13032,Strain_R,0
gntr1,gntR1,cgrfwd01564,cgrfwd01564,1,curated_positive,R,0,1,0,0,0,,ChIP-chip,0.4,0,1,1,GEO_GSE58632_GntR1,1,0,,0,0,0,0,,,,0,0,0,0,0,0,0,,,,0,0,0,0,,,,,,8,0,0,,0,,1,GEO_GSE58632_GntR1,ATCC13032,Strain_R,0
gntr1,gntR1,cgrfwd01565,cgrfwd01565,1,curated_positive,R,0,1,0,0,0,,ChIP-chip,0.4,0,1,1,GEO_GSE58632_GntR1,1,0,,0,0,0,0,,,,0,0,0,0,0,0,0,,,,0,0,0,0,,,,,,8,0,0,,0,,1,GEO_GSE58632_GntR1,ATCC13032,Strain_R,0
gntr1,gntR1,cgrfwd01566,cgrfwd01566,1,curated_positive,R,0,1,0,0,0,,ChIP-chip,0.4,0,1,1,GEO_GSE58632_GntR1,1,0,,0,0,0,0,,,,0,0,0,0,0,0,0,,,,0,0,0,0,,,,,,8,0,0,,0,,1,GEO_GSE58632_GntR1,ATCC13032,Strain_R,0
gntr1,gntR1,cgrfwd01567,cgrfwd01567,1,curated_positive,R,0,1,0,0,0,,ChIP-chip,0.4,0,1,1,GEO_GSE58632_GntR1,1,0,,0,0,0,0,,,,0,0,0,0,0,0,0,,,,0,0,0,0,,,,,,8,0,0,,0,,1,GEO_GSE58632_GntR1,ATCC13032,Strain_R,0
gntr1,gntR1,cgrfwd01796,cgrfwd01796,1,curated_positive,R,0,1,0,0,0,,ChIP-chip,0.4,0,1,1,GEO_GSE58632_GntR1,1,0,,0,0,0,0,,,,0,0,0,0,0,0,0,,,,0,0,0,0,,,,,,8,0,0,,0,,1,GEO_GSE58632_GntR1,ATCC13032,Strain_R,0
gntr1,gntR1,cgrfwd01797,cgrfwd01797,1,curated_positive,R,0,1,0,0,0,,ChIP-chip,0.4,0,1,1,GEO_GSE58632_GntR1,1,0,,0,0,0,0,,,,0,0,0,0,0,0,0,,,,0,0,0,0,,,,,,8,0,0,,0,,1,GEO_GSE58632_GntR1,ATCC13032,Strain_R,0
gntr1,gntR1,cgrfwd01798,cgrfwd01798,1,curated_positive,R,0,1,0,0,0,,ChIP-chip,0.4,0,1,1,GEO_GSE58632_GntR1,1,0,,0,0,0,0,,,,0,0,0,0,0,0,0,,,,0,0,0,0,,,,,,8,0,0,,0,,1,GEO_GSE58632_GntR1,ATCC13032,Strain_R,0
gntr1,gntR1,cgrfwd02424,cgrfwd02424,1,curated_positive,R,0,1,0,0,0,,ChIP-chip,0.4,0,1,1,GEO_GSE58632_GntR1,1,0,,0,0,0,0,,,,0,0,0,0,0,0,0,,,,0,0,0,0,,,,,,8,0,0,,0,,1,GEO_GSE58632_GntR1,ATCC13032,Strain_R,0
gntr1,gntR1,cgrfwd02425,cgrfwd02425,1,curated_positive,R,0,1,0,0,0,,ChIP-chip,0.4,0,1,1,GEO_GSE58632_GntR1,1,0,,0,0,0,0,,,,0,0,0,0,0,0,0,,,,0,0,0,0,,,,,,8,0,0,,0,,1,GEO_GSE58632_GntR1,ATCC13032,Strain_R,0
gntr1,gntR1,cgrfwd02426,cgrfwd02426,1,curated_positive,R,0,1,0,0,0,,ChIP-chip,0.4,0,1,1,GEO_GSE58632_GntR1,1,0,,0,0,0,0,,,,0,0,0,0,0,0,0,,,,0,0,0,0,,,,,,8,0,0,,0,,1,GEO_GSE58632_GntR1,ATCC13032,Strain_R,0
gntr1,gntR1,cgrfwd02427,cgrfwd02427,1,curated_positive,R,0,1,0,0,0,,ChIP-chip,0.4,0,1,1,GEO_GSE58632_GntR1,1,0,,0,0,0,0,,,,0,0,0,0,0,0,0,,,,0,0,0,0,,,,,,8,0,0,,0,,1,GEO_GSE58632_GntR1,ATCC13032,Strain_R,0
gntr1,gntR1,cgrfwd02428,cgrfwd02428,1,curated_positive,R,0,1,0,0,0,,ChIP-chip,0.4,0,1,1,GEO_GSE58632_GntR1,1,0,,0,0,0,0,,,,0,0,0,0,0,0,0,,,,0,0,0,0,,,,,,8,0,0,,0,,1,GEO_GSE58632_GntR1,ATCC13032,Strain_R,0
gntr1,gntR1,cgrfwd02429,cgrfwd02429,1,curated_positive,R,0,1,0,0,0,,ChIP-chip,0.4,0,1,1,GEO_GSE58632_GntR1,1,0,,0,0,0,0,,,,0,0,0,0,0,0,0,,,,0,0,0,0,,,,,,8,0,0,,0,,1,GEO_GSE58632_GntR1,ATCC13032,Strain_R,0
gntr1,gntR1,cgrfwd02496,cgrfwd02496,1,curated_positive,R,0,1,0,0,0,,ChIP-chip,0.4,0,1,1,GEO_GSE58632_GntR1,1,0,,0,0,0,0,,,,0,0,0,0,0,0,0,,,,0,0,0,0,,,,,,8,0,0,,0,,1,GEO_GSE58632_GntR1,ATCC13032,Strain_R,0
gntr1,gntR1,cgrfwd02497,cgrfwd02497,1,curated_positive,R,0,1,0,0,0,,ChIP-chip,0.4,0,1,1,GEO_GSE58632_GntR1,1,0,,0,0,0,0,,,,0,0,0,0,0,0,0,,,,0,0,0,0,,,,,,8,0,0,,0,,1,GEO_GSE58632_GntR1,ATCC13032,Strain_R,0
gntr1,gntR1,cgrfwd02645,cgrfwd02645,1,curated_positive,R,0,1,0,0,0,,ChIP-chip,0.4,0,1,1,GEO_GSE58632_GntR1,1,0,,0,0,0,0,,,,0,0,0,0,0,0,0,,,,0,0,0,0,,,,,,8,0,0,,0,,1,GEO_GSE58632_GntR1,ATCC13032,Strain_R,0
gntr1,gntR1,cgrfwd02664,cgrfwd02664,1,curated_positive,R,0,1,0,0,0,,ChIP-chip,0.4,0,1,1,GEO_GSE58632_GntR1,1,0,,0,0,0,0,,,,0,0,0,0,0,0,0,,,,0,0,0,0,,,,,,8,0,0,,0,,1,GEO_GSE58632_GntR1,ATCC13032,Strain_R,0
gntr1,gntR1,cgrfwd02665,cgrfwd02665,1,curated_positive,R,0,1,0,0,0,,ChIP-chip,0.4,0,1,1,GEO_GSE58632_GntR1,1,0,,0,0,0,0,,,,0,0,0,0,0,0,0,,,,0,0,0,0,,,,,,8,0,0,,0,,1,GEO_GSE58632_GntR1,ATCC13032,Strain_R,0
gntr1,gntR1,cgrfwd02666,cgrfwd02666,1,curated_positive,R,0,1,0,0,0,,ChIP-chip,0.4,0,1,1,GEO_GSE58632_GntR1,1,0,,0,0,0,0,,,,0,0,0,0,0,0,0,,,,0,0,0,0,,,,,,8,0,0,,0,,1,GEO_GSE58632_GntR1,ATCC13032,Strain_R,0
gntr1,gntR1,cgrfwd02667,cgrfwd02667,1,curated_positive,R,0,1,0,0,0,,ChIP-chip,0.4,0,1,1,GEO_GSE58632_GntR1,1,0,,0,0,0,0,,,,0,0,0,0,0,0,0,,,,0,0,0,0,,,,,,8,0,0,,0,,1,GEO_GSE58632_GntR1,ATCC13032,Strain_R,0
gntr1,gntR1,cgrfwd02668,cgrfwd02668,1,curated_positive,R,0,1,0,0,0,,ChIP-chip,0.4,0,1,1,GEO_GSE58632_GntR1,1,0,,0,0,0,0,,,,0,0,0,0,0,0,0,,,,0,0,0,0,,,,,,8,0,0,,0,,1,GEO_GSE58632_GntR1,ATCC13032,Strain_R,0
gntr1,gntR1,cgrfwd04132,cgrfwd04132,1,curated_positive,R,0,1,0,0,0,,ChIP-chip,0.4,0,1,1,GEO_GSE58632_GntR1,1,0,,0,0,0,0,,,,0,0,0,0,0,0,0,,,,0,0,0,0,,,,,,8,0,0,,0,,1,GEO_GSE58632_GntR1,ATCC13032,Strain_R,0
gntr1,gntR1,cgrfwd04321,cgrfwd04321,1,curated_positive,R,0,1,0,0,0,,ChIP-chip,0.4,0,1,1,GEO_GSE58632_GntR1,1,0,,0,0,0,0,,,,0,0,0,0,0,0,0,,,,0,0,0,0,,,,,,8,0,0,,0,,1,GEO_GSE58632_GntR1,ATCC13032,Strain_R,0
gntr1,gntR1,cgrfwd04322,cgrfwd04322,1,curated_positive,R,0,1,0,0,0,,ChIP-chip,0.4,0,1,1,GEO_GSE58632_GntR1,1,0,,0,0,0,0,,,,0,0,0,0,0,0,0,,,,0,0,0,0,,,,,,8,0,0,,0,,1,GEO_GSE58632_GntR1,ATCC13032,Strain_R,0
gntr1,gntR1,cgrfwd04858,cgrfwd04858,1,curated_positive,R,0,1,0,0,0,,ChIP-chip,0.4,0,1,1,GEO_GSE58632_GntR1,1,0,,0,0,0,0,,,,0,0,0,0,0,0,0,,,,0,0,0,0,,,,,,8,0,0,,0,,1,GEO_GSE58632_GntR1,ATCC13032,Strain_R,0
gntr1,gntR1,cgrfwd06024,cgrfwd06024,1,curated_positive,R,0,1,0,0,0,,ChIP-chip,0.4,0,1,1,GEO_GSE58632_GntR1,1,0,,0,0,0,0,,,,0,0,0,0,0,0,0,,,,0,0,0,0,,,,,,8,0,0,,0,,1,GEO_GSE58632_GntR1,ATCC13032,Strain_R,0
gntr1,gntR1,cgrfwd06025,cgrfwd06025,1,curated_positive,R,0,1,0,0,0,,ChIP-chip,0.4,0,1,1,GEO_GSE58632_GntR1,1,0,,0,0,0,0,,,,0,0,0,0,0,0,0,,,,0,0,0,0,,,,,,8,0,0,,0,,1,GEO_GSE58632_GntR1,ATCC13032,Strain_R,0
gntr1,gntR1,cgrfwd06026,cgrfwd06026,1,curated_positive,R,0,1,0,0,0,,ChIP-chip,0.4,0,1,1,GEO_GSE58632_GntR1,1,0,,0,0,0,0,,,,0,0,0,0,0,0,0,,,,0,0,0,0,,,,,,8,0,0,,0,,1,GEO_GSE58632_GntR1,ATCC13032,Strain_R,0
gntr1,gntR1,cgrfwd06187,cgrfwd06187,1,curated_positive,R,0,1,0,0,0,,ChIP-chip,0.4,0,1,1,GEO_GSE58632_GntR1,1,0,,0,0,0,0,,,,0,0,0,0,0,0,0,,,,0,0,0,0,,,,,,8,0,0,,0,,1,GEO_GSE58632_GntR1,ATCC13032,Strain_R,0
gntr1,gntR1,cgrfwd06257,cgrfwd06257,1,curated_positive,R,0,1,0,0,0,,ChIP-chip,0.4,0,1,1,GEO_GSE58632_GntR1,1,0,,0,0,0,0,,,,0,0,0,0,0,0,0,,,,0,0,0,0,,,,,,8,0,0,,0,,1,GEO_GSE58632_GntR1,ATCC13032,Strain_R,0
gntr1,gntR1,cgrfwd06258,cgrfwd06258,1,curated_positive,R,0,1,0,0,0,,ChIP-chip,0.4,0,1,1,GEO_GSE58632_GntR1,1,0,,0,0,0,0,,,,0,0,0,0,0,0,0,,,,0,0,0,0,,,,,,8,0,0,,0,,1,GEO_GSE58632_GntR1,ATCC13032,Strain_R,0
gntr1,gntR1,cgrfwd06383,cgrfwd06383,1,curated_positive,R,0,1,0,0,0,,ChIP-chip,0.4,0,1,1,GEO_GSE58632_GntR1,1,0,,0,0,0,0,,,,0,0,0,0,0,0,0,,,,0,0,0,0,,,,,,8,0,0,,0,,1,GEO_GSE58632_GntR1,ATCC13032,Strain_R,0
gntr1,gntR1,cgrfwd06384,cgrfwd06384,1,curated_positive,R,0,1,0,0,0,,ChIP-chip,0.4,0,1,1,GEO_GSE58632_GntR1,1,0,,0,0,0,0,,,,0,0,0,0,0,0,0,,,,0,0,0,0,,,,,,8,0,0,,0,,1,GEO_GSE58632_GntR1,ATCC13032,Strain_R,0
gntr1,gntR1,cgrfwd06385,cgrfwd06385,1,curated_positive,R,0,1,0,0,0,,ChIP-chip,0.4,0,1,1,GEO_GSE58632_GntR1,1,0,,0,0,0,0,,,,0,0,0,0,0,0,0,,,,0,0,0,0,,,,,,8,0,0,,0,,1,GEO_GSE58632_GntR1,ATCC13032,Strain_R,0
gntr1,gntR1,cgrfwd06386,cgrfwd06386,1,curated_positive,R,0,1,0,0,0,,ChIP-chip,0.4,0,1,1,GEO_GSE58632_GntR1,1,0,,0,0,0,0,,,,0,0,0,0,0,0,0,,,,0,0,0,0,,,,,,8,0,0,,0,,1,GEO_GSE58632_GntR1,ATCC13032,Strain_R,0
gntr1,gntR1,cgrfwd06387,cgrfwd06387,1,curated_positive,R,0,1,0,0,0,,ChIP-chip,0.4,0,1,1,GEO_GSE58632_GntR1,1,0,,0,0,0,0,,,,0,0,0,0,0,0,0,,,,0,0,0,0,,,,,,8,0,0,,0,,1,GEO_GSE58632_GntR1,ATCC13032,Strain_R,0
gntr1,gntR1,cgrfwd06598,cgrfwd06598,1,curated_positive,R,0,1,0,0,0,,ChIP-chip,0.4,0,1,1,GEO_GSE58632_GntR1,1,0,,0,0,0,0,,,,0,0,0,0,0,0,0,,,,0,0,0,0,,,,,,8,0,0,,0,,1,GEO_GSE58632_GntR1,ATCC13032,Strain_R,0
gntr1,gntR1,cgrfwd07671,cgrfwd07671,1,curated_positive,R,0,1,0,0,0,,ChIP-chip,0.4,0,1,1,GEO_GSE58632_GntR1,1,0,,0,0,0,0,,,,0,0,0,0,0,0,0,,,,0,0,0,0,,,,,,8,0,0,,0,,1,GEO_GSE58632_GntR1,ATCC13032,Strain_R,0
gntr1,gntR1,cgrfwd08666,cgrfwd08666,1,curated_positive,R,0,1,0,0,0,,ChIP-chip,0.4,0,1,1,GEO_GSE58632_GntR1,1,0,,0,0,0,0,,,,0,0,0,0,0,0,0,,,,0,0,0,0,,,,,,8,0,0,,0,,1,GEO_GSE58632_GntR1,ATCC13032,Strain_R,0
gntr1,gntR1,cgrfwd08667,cgrfwd08667,1,curated_positive,R,0,1,0,0,0,,ChIP-chip,0.4,0,1,1,GEO_GSE58632_GntR1,1,0,,0,0,0,0,,,,0,0,0,0,0,0,0,,,,0,0,0,0,,,,,,8,0,0,,0,,1,GEO_GSE58632_GntR1,ATCC13032,Strain_R,0
gntr1,gntR1,cgrfwd08668,cgrfwd08668,1,curated_positive,R,0,1,0,0,0,,ChIP-chip,0.4,0,1,1,GEO_GSE58632_GntR1,1,0,,0,0,0,0,,,,0,0,0,0,0,0,0,,,,0,0,0,0,,,,,,8,0,0,,0,,1,GEO_GSE58632_GntR1,ATCC13032,Strain_R,0
gntr1,gntR1,cgrfwd08669,cgrfwd08669,1,curated_positive,R,0,1,0,0,0,,ChIP-chip,0.4,0,1,1,GEO_GSE58632_GntR1,1,0,,0,0,0,0,,,,0,0,0,0,0,0,0,,,,0,0,0,0,,,,,,8,0,0,,0,,1,GEO_GSE58632_GntR1,ATCC13032,Strain_R,0
gntr1,gntR1,cgrfwd08670,cgrfwd08670,1,curated_positive,R,0,1,0,0,0,,ChIP-chip,0.4,0,1,1,GEO_GSE58632_GntR1,1,0,,0,0,0,0,,,,0,0,0,0,0,0,0,,,,0,0,0,0,,,,,,8,0,0,,0,,1,GEO_GSE58632_GntR1,ATCC13032,Strain_R,0
gntr1,gntR1,cgrfwd08671,cgrfwd08671,1,curated_positive,R,0,1,0,0,0,,ChIP-chip,0.4,0,1,1,GEO_GSE58632_GntR1,1,0,,0,0,0,0,,,,0,0,0,0,0,0,0,,,,0,0,0,0,,,,,,8,0,0,,0,,1,GEO_GSE58632_GntR1,ATCC13032,Strain_R,0
gntr1,gntR1,cgrfwd08687,cgrfwd08687,1,curated_positive,R,0,1,0,0,0,,ChIP-chip,0.4,0,1,1,GEO_GSE58632_GntR1,1,0,,0,0,0,0,,,,0,0,0,0,0,0,0,,,,0,0,0,0,,,,,,8,0,0,,0,,1,GEO_GSE58632_GntR1,ATCC13032,Strain_R,0
gntr1,gntR1,cgrfwd08688,cgrfwd08688,1,curated_positive,R,0,1,0,0,0,,ChIP-chip,0.4,0,1,1,GEO_GSE58632_GntR1,1,0,,0,0,0,0,,,,0,0,0,0,0,0,0,,,,0,0,0,0,,,,,,8,0,0,,0,,1,GEO_GSE58632_GntR1,ATCC13032,Strain_R,0
gntr1,gntR1,cgrfwd08689,cgrfwd08689,1,curated_positive,R,0,1,0,0,0,,ChIP-chip,0.4,0,1,1,GEO_GSE58632_GntR1,1,0,,0,0,0,0,,,,0,0,0,0,0,0,0,,,,0,0,0,0,,,,,,8,0,0,,0,,1,GEO_GSE58632_GntR1,ATCC13032,Strain_R,0
gntr1,gntR1,cgrfwd08750,cgrfwd08750,1,curated_positive,R,0,1,0,0,0,,ChIP-chip,0.4,0,1,1,GEO_GSE58632_GntR1,1,0,,0,0,0,0,,,,0,0,0,0,0,0,0,,,,0,0,0,0,,,,,,8,0,0,,0,,1,GEO_GSE58632_GntR1,ATCC13032,Strain_R,0
gntr1,gntR1,cgrfwd08751,cgrfwd08751,1,curated_positive,R,0,1,0,0,0,,ChIP-chip,0.4,0,1,1,GEO_GSE58632_GntR1,1,0,,0,0,0,0,,,,0,0,0,0,0,0,0,,,,0,0,0,0,,,,,,8,0,0,,0,,1,GEO_GSE58632_GntR1,ATCC13032,Strain_R,0
gntr1,gntR1,cgrfwd08752,cgrfwd08752,1,curated_positive,R,0,1,0,0,0,,ChIP-chip,0.4,0,1,1,GEO_GSE58632_GntR1,1,0,,0,0,0,0,,,,0,0,0,0,0,0,0,,,,0,0,0,0,,,,,,8,0,0,,0,,1,GEO_GSE58632_GntR1,ATCC13032,Strain_R,0
gntr1,gntR1,cgrfwd08753,cgrfwd08753,1,curated_positive,R,0,1,0,0,0,,ChIP-chip,0.4,0,1,1,GEO_GSE58632_GntR1,1,0,,0,0,0,0,,,,0,0,0,0,0,0,0,,,,0,0,0,0,,,,,,8,0,0,,0,,1,GEO_GSE58632_GntR1,ATCC13032,Strain_R,0
gntr1,gntR1,cgrfwd08754,cgrfwd08754,1,curated_positive,R,0,1,0,0,0,,ChIP-chip,0.4,0,1,1,GEO_GSE58632_GntR1,1,0,,0,0,0,0,,,,0,0,0,0,0,0,0,,,,0,0,0,0,,,,,,8,0,0,,0,,1,GEO_GSE58632_GntR1,ATCC13032,Strain_R,0
gntr1,gntR1,cgrfwd08755,cgrfwd08755,1,curated_positive,R,0,1,0,0,0,,ChIP-chip,0.4,0,1,1,GEO_GSE58632_GntR1,1,0,,0,0,0,0,,,,0,0,0,0,0,0,0,,,,0,0,0,0,,,,,,8,0,0,,0,,1,GEO_GSE58632_GntR1,ATCC13032,Strain_R,0
gntr1,gntR1,cgrfwd09067,cgrfwd09067,1,curated_positive,R,0,1,0,0,0,,ChIP-chip,0.4,0,1,1,GEO_GSE58632_GntR1,1,0,,0,0,0,0,,,,0,0,0,0,0,0,0,,,,0,0,0,0,,,,,,8,0,0,,0,,1,GEO_GSE58632_GntR1,ATCC13032,Strain_R,0
gntr1,gntR1,cgrfwd09068,cgrfwd09068,1,curated_positive,R,0,1,0,0,0,,ChIP-chip,0.4,0,1,1,GEO_GSE58632_GntR1,1,0,,0,0,0,0,,,,0,0,0,0,0,0,0,,,,0,0,0,0,,,,,,8,0,0,,0,,1,GEO_GSE58632_GntR1,ATCC13032,Strain_R,0
gntr1,gntR1,cgrfwd09069,cgrfwd09069,1,curated_positive,R,0,1,0,0,0,,ChIP-chip,0.4,0,1,1,GEO_GSE58632_GntR1,1,0,,0,0,0,0,,,,0,0,0,0,0,0,0,,,,0,0,0,0,,,,,,8,0,0,,0,,1,GEO_GSE58632_GntR1,ATCC13032,Strain_R,0
gntr1,gntR1,cgrfwd09070,cgrfwd09070,1,curated_positive,R,0,1,0,0,0,,ChIP-chip,0.4,0,1,1,GEO_GSE58632_GntR1,1,0,,0,0,0,0,,,,0,0,0,0,0,0,0,,,,0,0,0,0,,,,,,8,0,0,,0,,1,GEO_GSE58632_GntR1,ATCC13032,Strain_R,0
gntr1,gntR1,cgrfwd09071,cgrfwd09071,1,curated_positive,R,0,1,0,0,0,,ChIP-chip,0.4,0,1,1,GEO_GSE58632_GntR1,1,0,,0,0,0,0,,,,0,0,0,0,0,0,0,,,,0,0,0,0,,,,,,8,0,0,,0,,1,GEO_GSE58632_GntR1,ATCC13032,Strain_R,0
gntr1,gntR1,cgrfwd09334,cgrfwd09334,1,curated_positive,R,0,1,0,0,0,,ChIP-chip,0.4,0,1,1,GEO_GSE58632_GntR1,1,0,,0,0,0,0,,,,0,0,0,0,0,0,0,,,,0,0,0,0,,,,,,8,0,0,,0,,1,GEO_GSE58632_GntR1,ATCC13032,Strain_R,0
gntr1,gntR1,cgrfwd09335,cgrfwd09335,1,curated_positive,R,0,1,0,0,0,,ChIP-chip,0.4,0,1,1,GEO_GSE58632_GntR1,1,0,,0,0,0,0,,,,0,0,0,0,0,0,0,,,,0,0,0,0,,,,,,8,0,0,,0,,1,GEO_GSE58632_GntR1,ATCC13032,Strain_R,0
gntr1,gntR1,cgrfwd09336,cgrfwd09336,1,curated_positive,R,0,1,0,0,0,,ChIP-chip,0.4,0,1,1,GEO_GSE58632_GntR1,1,0,,0,0,0,0,,,,0,0,0,0,0,0,0,,,,0,0,0,0,,,,,,8,0,0,,0,,1,GEO_GSE58632_GntR1,ATCC13032,Strain_R,0
gntr1,gntR1,cgrfwd09337,cgrfwd09337,1,curated_positive,R,0,1,0,0,0,,ChIP-chip,0.4,0,1,1,GEO_GSE58632_GntR1,1,0,,0,0,0,0,,,,0,0,0,0,0,0,0,,,,0,0,0,0,,,,,,8,0,0,,0,,1,GEO_GSE58632_GntR1,ATCC13032,Strain_R,0
gntr1,gntR1,cgrfwd09338,cgrfwd09338,1,curated_positive,R,0,1,0,0,0,,ChIP-chip,0.4,0,1,1,GEO_GSE58632_GntR1,1,0,,0,0,0,0,,,,0,0,0,0,0,0,0,,,,0,0,0,0,,,,,,8,0,0,,0,,1,GEO_GSE58632_GntR1,ATCC13032,Strain_R,0
gntr1,gntR1,cgrfwd09339,cgrfwd09339,1,curated_positive,R,0,1,0,0,0,,ChIP-chip,0.4,0,1,1,GEO_GSE58632_GntR1,1,0,,0,0,0,0,,,,0,0,0,0,0,0,0,,,,0,0,0,0,,,,,,8,0,0,,0,,1,GEO_GSE58632_GntR1,ATCC13032,Strain_R,0
gntr1,gntR1,cgrfwd09340,cgrfwd09340,1,curated_positive,R,0,1,0,0,0,,ChIP-chip,0.4,0,1,1,GEO_GSE58632_GntR1,1,0,,0,0,0,0,,,,0,0,0,0,0,0,0,,,,0,0,0,0,,,,,,8,0,0,,0,,1,GEO_GSE58632_GntR1,ATCC13032,Strain_R,0
gntr1,gntR1,cgrfwd10054,cgrfwd10054,1,curated_positive,R,0,1,0,0,0,,ChIP-chip,0.4,0,1,1,GEO_GSE58632_GntR1,1,0,,0,0,0,0,,,,0,0,0,0,0,0,0,,,,0,0,0,0,,,,,,8,0,0,,0,,1,GEO_GSE58632_GntR1,ATCC13032,Strain_R,0
gntr1,gntR1,cgrfwd10055,cgrfwd10055,1,curated_positive,R,0,1,0,0,0,,ChIP-chip,0.4,0,1,1,GEO_GSE58632_GntR1,1,0,,0,0,0,0,,,,0,0,0,0,0,0,0,,,,0,0,0,0,,,,,,8,0,0,,0,,1,GEO_GSE58632_GntR1,ATCC13032,Strain_R,0
gntr1,gntR1,cgrfwd10056,cgrfwd10056,1,curated_positive,R,0,1,0,0,0,,ChIP-chip,0.4,0,1,1,GEO_GSE58632_GntR1,1,0,,0,0,0,0,,,,0,0,0,0,0,0,0,,,,0,0,0,0,,,,,,8,0,0,,0,,1,GEO_GSE58632_GntR1,ATCC13032,Strain_R,0
gntr1,gntR1,cgrfwd10057,cgrfwd10057,1,curated_positive,R,0,1,0,0,0,,ChIP-chip,0.4,0,1,1,GEO_GSE58632_GntR1,1,0,,0,0,0,0,,,,0,0,0,0,0,0,0,,,,0,0,0,0,,,,,,8,0,0,,0,,1,GEO_GSE58632_GntR1,ATCC13032,Strain_R,0
gntr1,gntR1,cgrfwd10058,cgrfwd10058,1,curated_positive,R,0,1,0,0,0,,ChIP-chip,0.4,0,1,1,GEO_GSE58632_GntR1,1,0,,0,0,0,0,,,,0,0,0,0,0,0,0,,,,0,0,0,0,,,,,,8,0,0,,0,,1,GEO_GSE58632_GntR1,ATCC13032,Strain_R,0
gntr1,gntR1,cgrfwd10059,cgrfwd10059,1,curated_positive,R,0,1,0,0,0,,ChIP-chip,0.4,0,1,1,GEO_GSE58632_GntR1,1,0,,0,0,0,0,,,,0,0,0,0,0,0,0,,,,0,0,0,0,,,,,,8,0,0,,0,,1,GEO_GSE58632_GntR1,ATCC13032,Strain_R,0
gntr1,gntR1,cgrfwd10060,cgrfwd10060,1,curated_positive,R,0,1,0,0,0,,ChIP-chip,0.4,0,1,1,GEO_GSE58632_GntR1,1,0,,0,0,0,0,,,,0,0,0,0,0,0,0,,,,0,0,0,0,,,,,,8,0,0,,0,,1,GEO_GSE58632_GntR1,ATCC13032,Strain_R,0
gntr1,gntR1,cgrfwd10157,cgrfwd10157,1,curated_positive,R,0,1,0,0,0,,ChIP-chip,0.4,0,1,1,GEO_GSE58632_GntR1,1,0,,0,0,0,0,,,,0,0,0,0,0,0,0,,,,0,0,0,0,,,,,,8,0,0,,0,,1,GEO_GSE58632_GntR1,ATCC13032,Strain_R,0
gntr1,gntR1,cgrfwd10158,cgrfwd10158,1,curated_positive,R,0,1,0,0,0,,ChIP-chip,0.4,0,1,1,GEO_GSE58632_GntR1,1,0,,0,0,0,0,,,,0,0,0,0,0,0,0,,,,0,0,0,0,,,,,,8,0,0,,0,,1,GEO_GSE58632_GntR1,ATCC13032,Strain_R,0
gntr1,gntR1,cgrfwd10159,cgrfwd10159,1,curated_positive,R,0,1,0,0,0,,ChIP-chip,0.4,0,1,1,GEO_GSE58632_GntR1,1,0,,0,0,0,0,,,,0,0,0,0,0,0,0,,,,0,0,0,0,,,,,,8,0,0,,0,,1,GEO_GSE58632_GntR1,ATCC13032,Strain_R,0
gntr1,gntR1,cgrfwd10160,cgrfwd10160,1,curated_positive,R,0,1,0,0,0,,ChIP-chip,0.4,0,1,1,GEO_GSE58632_GntR1,1,0,,0,0,0,0,,,,0,0,0,0,0,0,0,,,,0,0,0,0,,,,,,8,0,0,,0,,1,GEO_GSE58632_GntR1,ATCC13032,Strain_R,0
gntr1,gntR1,cgrfwd10161,cgrfwd10161,1,curated_positive,R,0,1,0,0,0,,ChIP-chip,0.4,0,1,1,GEO_GSE58632_GntR1,1,0,,0,0,0,0,,,,0,0,0,0,0,0,0,,,,0,0,0,0,,,,,,8,0,0,,0,,1,GEO_GSE58632_GntR1,ATCC13032,Strain_R,0
gntr1,gntR1,cgrfwd10371,cgrfwd10371,1,curated_positive,R,0,1,0,0,0,,ChIP-chip,0.4,0,1,1,GEO_GSE58632_GntR1,1,0,,0,0,0,0,,,,0,0,0,0,0,0,0,,,,0,0,0,0,,,,,,8,0,0,,0,,1,GEO_GSE58632_GntR1,ATCC13032,Strain_R,0
gntr1,gntR1,cgrfwd10372,cgrfwd10372,1,curated_positive,R,0,1,0,0,0,,ChIP-chip,0.4,0,1,1,GEO_GSE58632_GntR1,1,0,,0,0,0,0,,,,0,0,0,0,0,0,0,,,,0,0,0,0,,,,,,8,0,0,,0,,1,GEO_GSE58632_GntR1,ATCC13032,Strain_R,0
gntr1,gntR1,cgrfwd10488,cgrfwd10488,1,curated_positive,R,0,1,0,0,0,,ChIP-chip,0.4,0,1,1,GEO_GSE58632_GntR1,1,0,,0,0,0,0,,,,0,0,0,0,0,0,0,,,,0,0,0,0,,,,,,8,0,0,,0,,1,GEO_GSE58632_GntR1,ATCC13032,Strain_R,0
gntr1,gntR1,cgrfwd10489,cgrfwd10489,1,curated_positive,R,0,1,0,0,0,,ChIP-chip,0.4,0,1,1,GEO_GSE58632_GntR1,1,0,,0,0,0,0,,,,0,0,0,0,0,0,0,,,,0,0,0,0,,,,,,8,0,0,,0,,1,GEO_GSE58632_GntR1,ATCC13032,Strain_R,0
gntr1,gntR1,cgrfwd10490,cgrfwd10490,1,curated_positive,R,0,1,0,0,0,,ChIP-chip,0.4,0,1,1,GEO_GSE58632_GntR1,1,0,,0,0,0,0,,,,0,0,0,0,0,0,0,,,,0,0,0,0,,,,,,8,0,0,,0,,1,GEO_GSE58632_GntR1,ATCC13032,Strain_R,0
gntr1,gntR1,cgrfwd10491,cgrfwd10491,1,curated_positive,R,0,1,0,0,0,,ChIP-chip,0.4,0,1,1,GEO_GSE58632_GntR1,1,0,,0,0,0,0,,,,0,0,0,0,0,0,0,,,,0,0,0,0,,,,,,8,0,0,,0,,1,GEO_GSE58632_GntR1,ATCC13032,Strain_R,0
gntr1,gntR1,cgrfwd10492,cgrfwd10492,1,curated_positive,R,0,1,0,0,0,,ChIP-chip,0.4,0,1,1,GEO_GSE58632_GntR1,1,0,,0,0,0,0,,,,0,0,0,0,0,0,0,,,,0,0,0,0,,,,,,8,0,0,,0,,1,GEO_GSE58632_GntR1,ATCC13032,Strain_R,0
gntr1,gntR1,cgrfwd10493,cgrfwd10493,1,curated_positive,R,0,1,0,0,0,,ChIP-chip,0.4,0,1,1,GEO_GSE58632_GntR1,1,0,,0,0,0,0,,,,0,0,0,0,0,0,0,,,,0,0,0,0,,,,,,8,0,0,,0,,1,GEO_GSE58632_GntR1,ATCC13032,Strain_R,0
gntr1,gntR1,cgrfwd10494,cgrfwd10494,1,curated_positive,R,0,1,0,0,0,,ChIP-chip,0.4,0,1,1,GEO_GSE58632_GntR1,1,0,,0,0,0,0,,,,0,0,0,0,0,0,0,,,,0,0,0,0,,,,,,8,0,0,,0,,1,GEO_GSE58632_GntR1,ATCC13032,Strain_R,0
gntr1,gntR1,cgrfwd11589,cgrfwd11589,1,curated_positive,R,0,1,0,0,0,,ChIP-chip,0.4,0,1,1,GEO_GSE58632_GntR1,1,0,,0,0,0,0,,,,0,0,0,0,0,0,0,,,,0,0,0,0,,,,,,8,0,0,,0,,1,GEO_GSE58632_GntR1,ATCC13032,Strain_R,0
gntr1,gntR1,cgrfwd11590,cgrfwd11590,1,curated_positive,R,0,1,0,0,0,,ChIP-chip,0.4,0,1,1,GEO_GSE58632_GntR1,1,0,,0,0,0,0,,,,0,0,0,0,0,0,0,,,,0,0,0,0,,,,,,8,0,0,,0,,1,GEO_GSE58632_GntR1,ATCC13032,Strain_R,0
gntr1,gntR1,cgrfwd11591,cgrfwd11591,1,curated_positive,R,0,1,0,0,0,,ChIP-chip,0.4,0,1,1,GEO_GSE58632_GntR1,1,0,,0,0,0,0,,,,0,0,0,0,0,0,0,,,,0,0,0,0,,,,,,8,0,0,,0,,1,GEO_GSE58632_GntR1,ATCC13032,Strain_R,0
gntr1,gntR1,cgrfwd11685,cgrfwd11685,1,curated_positive,R,0,1,0,0,0,,ChIP-chip,0.4,0,1,1,GEO_GSE58632_GntR1,1,0,,0,0,0,0,,,,0,0,0,0,0,0,0,,,,0,0,0,0,,,,,,8,0,0,,0,,1,GEO_GSE58632_GntR1,ATCC13032,Strain_R,0
gntr1,gntR1,cgrfwd12133,cgrfwd12133,1,curated_positive,R,0,1,0,0,0,,ChIP-chip,0.4,0,1,1,GEO_GSE58632_GntR1,1,0,,0,0,0,0,,,,0,0,0,0,0,0,0,,,,0,0,0,0,,,,,,8,0,0,,0,,1,GEO_GSE58632_GntR1,ATCC13032,Strain_R,0
gntr1,gntR1,cgrfwd12134,cgrfwd12134,1,curated_positive,R,0,1,0,0,0,,ChIP-chip,0.4,0,1,1,GEO_GSE58632_GntR1,1,0,,0,0,0,0,,,,0,0,0,0,0,0,0,,,,0,0,0,0,,,,,,8,0,0,,0,,1,GEO_GSE58632_GntR1,ATCC13032,Strain_R,0
gntr1,gntR1,cgrfwd12135,cgrfwd12135,1,curated_positive,R,0,1,0,0,0,,ChIP-chip,0.4,0,1,1,GEO_GSE58632_GntR1,1,0,,0,0,0,0,,,,0,0,0,0,0,0,0,,,,0,0,0,0,,,,,,8,0,0,,0,,1,GEO_GSE58632_GntR1,ATCC13032,Strain_R,0
gntr1,gntR1,cgrfwd12136,cgrfwd12136,1,curated_positive,R,0,1,0,0,0,,ChIP-chip,0.4,0,1,1,GEO_GSE58632_GntR1,1,0,,0,0,0,0,,,,0,0,0,0,0,0,0,,,,0,0,0,0,,,,,,8,0,0,,0,,1,GEO_GSE58632_GntR1,ATCC13032,Strain_R,0
gntr1,gntR1,cgrfwd12137,cgrfwd12137,1,curated_positive,R,0,1,0,0,0,,ChIP-chip,0.4,0,1,1,GEO_GSE58632_GntR1,1,0,,0,0,0,0,,,,0,0,0,0,0,0,0,,,,0,0,0,0,,,,,,8,0,0,,0,,1,GEO_GSE58632_GntR1,ATCC13032,Strain_R,0
gntr1,gntR1,cgrfwd12144,cgrfwd12144,1,curated_positive,R,0,1,0,0,0,,ChIP-chip,0.4,0,1,1,GEO_GSE58632_GntR1,1,0,,0,0,0,0,,,,0,0,0,0,0,0,0,,,,0,0,0,0,,,,,,8,0,0,,0,,1,GEO_GSE58632_GntR1,ATCC13032,Strain_R,0
gntr1,gntR1,cgrfwd12145,cgrfwd12145,1,curated_positive,R,0,1,0,0,0,,ChIP-chip,0.4,0,1,1,GEO_GSE58632_GntR1,1,0,,0,0,0,0,,,,0,0,0,0,0,0,0,,,,0,0,0,0,,,,,,8,0,0,,0,,1,GEO_GSE58632_GntR1,ATCC13032,Strain_R,0
gntr1,gntR1,cgrfwd12146,cgrfwd12146,1,curated_positive,R,0,1,0,0,0,,ChIP-chip,0.4,0,1,1,GEO_GSE58632_GntR1,1,0,,0,0,0,0,,,,0,0,0,0,0,0,0,,,,0,0,0,0,,,,,,8,0,0,,0,,1,GEO_GSE58632_GntR1,ATCC13032,Strain_R,0
gntr1,gntR1,cgrfwd12389,cgrfwd12389,1,curated_positive,R,0,1,0,0,0,,ChIP-chip,0.4,0,1,1,GEO_GSE58632_GntR1,1,0,,0,0,0,0,,,,0,0,0,0,0,0,0,,,,0,0,0,0,,,,,,8,0,0,,0,,1,GEO_GSE58632_GntR1,ATCC13032,Strain_R,0
gntr1,gntR1,cgrfwd12390,cgrfwd12390,1,curated_positive,R,0,1,0,0,0,,ChIP-chip,0.4,0,1,1,GEO_GSE58632_GntR1,1,0,,0,0,0,0,,,,0,0,0,0,0,0,0,,,,0,0,0,0,,,,,,8,0,0,,0,,1,GEO_GSE58632_GntR1,ATCC13032,Strain_R,0
gntr1,gntR1,cgrfwd12391,cgrfwd12391,1,curated_positive,R,0,1,0,0,0,,ChIP-chip,0.4,0,1,1,GEO_GSE58632_GntR1,1,0,,0,0,0,0,,,,0,0,0,0,0,0,0,,,,0,0,0,0,,,,,,8,0,0,,0,,1,GEO_GSE58632_GntR1,ATCC13032,Strain_R,0
gntr1,gntR1,cgrfwd12961,cgrfwd12961,1,curated_positive,R,0,1,0,0,0,,ChIP-chip,0.4,0,1,1,GEO_GSE58632_GntR1,1,0,,0,0,0,0,,,,0,0,0,0,0,0,0,,,,0,0,0,0,,,,,,8,0,0,,0,,1,GEO_GSE58632_GntR1,ATCC13032,Strain_R,0
gntr1,gntR1,cgrfwd12962,cgrfwd12962,1,curated_positive,R,0,1,0,0,0,,ChIP-chip,0.4,0,1,1,GEO_GSE58632_GntR1,1,0,,0,0,0,0,,,,0,0,0,0,0,0,0,,,,0,0,0,0,,,,,,8,0,0,,0,,1,GEO_GSE58632_GntR1,ATCC13032,Strain_R,0
gntr1,gntR1,cgrfwd12963,cgrfwd12963,1,curated_positive,R,0,1,0,0,0,,ChIP-chip,0.4,0,1,1,GEO_GSE58632_GntR1,1,0,,0,0,0,0,,,,0,0,0,0,0,0,0,,,,0,0,0,0,,,,,,8,0,0,,0,,1,GEO_GSE58632_GntR1,ATCC13032,Strain_R,0
gntr1,gntR1,cgrfwd12964,cgrfwd12964,1,curated_positive,R,0,1,0,0,0,,ChIP-chip,0.4,0,1,1,GEO_GSE58632_GntR1,1,0,,0,0,0,0,,,,0,0,0,0,0,0,0,,,,0,0,0,0,,,,,,8,0,0,,0,,1,GEO_GSE58632_GntR1,ATCC13032,Strain_R,0
gntr1,gntR1,cgrfwd13084,cgrfwd13084,1,curated_positive,R,0,1,0,0,0,,ChIP-chip,0.4,0,1,1,GEO_GSE58632_GntR1,1,0,,0,0,0,0,,,,0,0,0,0,0,0,0,,,,0,0,0,0,,,,,,8,0,0,,0,,1,GEO_GSE58632_GntR1,ATCC13032,Strain_R,0
gntr1,gntR1,cgrfwd13573,cgrfwd13573,1,curated_positive,R,0,1,0,0,0,,ChIP-chip,0.4,0,1,1,GEO_GSE58632_GntR1,1,0,,0,0,0,0,,,,0,0,0,0,0,0,0,,,,0,0,0,0,,,,,,8,0,0,,0,,1,GEO_GSE58632_GntR1,ATCC13032,Strain_R,0
gntr1,gntR1,cgrfwd13574,cgrfwd13574,1,curated_positive,R,0,1,0,0,0,,ChIP-chip,0.4,0,1,1,GEO_GSE58632_GntR1,1,0,,0,0,0,0,,,,0,0,0,0,0,0,0,,,,0,0,0,0,,,,,,8,0,0,,0,,1,GEO_GSE58632_GntR1,ATCC13032,Strain_R,0
gntr1,gntR1,cgrfwd13718,cgrfwd13718,1,curated_positive,R,0,1,0,0,0,,ChIP-chip,0.4,0,1,1,GEO_GSE58632_GntR1,1,0,,0,0,0,0,,,,0,0,0,0,0,0,0,,,,0,0,0,0,,,,,,8,0,0,,0,,1,GEO_GSE58632_GntR1,ATCC13032,Strain_R,0
gntr1,gntR1,cgrfwd13719,cgrfwd13719,1,curated_positive,R,0,1,0,0,0,,ChIP-chip,0.4,0,1,1,GEO_GSE58632_GntR1,1,0,,0,0,0,0,,,,0,0,0,0,0,0,0,,,,0,0,0,0,,,,,,8,0,0,,0,,1,GEO_GSE58632_GntR1,ATCC13032,Strain_R,0
gntr1,gntR1,cgrfwd13720,cgrfwd13720,1,curated_positive,R,0,1,0,0,0,,ChIP-chip,0.4,0,1,1,GEO_GSE58632_GntR1,1,0,,0,0,0,0,,,,0,0,0,0,0,0,0,,,,0,0,0,0,,,,,,8,0,0,,0,,1,GEO_GSE58632_GntR1,ATCC13032,Strain_R,0
gntr1,gntR1,cgrfwd13721,cgrfwd13721,1,curated_positive,R,0,1,0,0,0,,ChIP-chip,0.4,0,1,1,GEO_GSE58632_GntR1,1,0,,0,0,0,0,,,,0,0,0,0,0,0,0,,,,0,0,0,0,,,,,,8,0,0,,0,,1,GEO_GSE58632_GntR1,ATCC13032,Strain_R,0
gntr1,gntR1,cgrfwd13941,cgrfwd13941,1,curated_positive,R,0,1,0,0,0,,ChIP-chip,0.4,0,1,1,GEO_GSE58632_GntR1,1,0,,0,0,0,0,,,,0,0,0,0,0,0,0,,,,0,0,0,0,,,,,,8,0,0,,0,,1,GEO_GSE58632_GntR1,ATCC13032,Strain_R,0
gntr1,gntR1,cgrfwd13942,cgrfwd13942,1,curated_positive,R,0,1,0,0,0,,ChIP-chip,0.4,0,1,1,GEO_GSE58632_GntR1,1,0,,0,0,0,0,,,,0,0,0,0,0,0,0,,,,0,0,0,0,,,,,,8,0,0,,0,,1,GEO_GSE58632_GntR1,ATCC13032,Strain_R,0
gntr1,gntR1,cgrfwd13943,cgrfwd13943,1,curated_positive,R,0,1,0,0,0,,ChIP-chip,0.4,0,1,1,GEO_GSE58632_GntR1,1,0,,0,0,0,0,,,,0,0,0,0,0,0,0,,,,0,0,0,0,,,,,,8,0,0,,0,,1,GEO_GSE58632_GntR1,ATCC13032,Strain_R,0
gntr1,gntR1,cgrfwd13944,cgrfwd13944,1,curated_positive,R,0,1,0,0,0,,ChIP-chip,0.4,0,1,1,GEO_GSE58632_GntR1,1,0,,0,0,0,0,,,,0,0,0,0,0,0,0,,,,0,0,0,0,,,,,,8,0,0,,0,,1,GEO_GSE58632_GntR1,ATCC13032,Strain_R,0
gntr1,gntR1,cgrfwd13945,cgrfwd13945,1,curated_positive,R,0,1,0,0,0,,ChIP-chip,0.4,0,1,1,GEO_GSE58632_GntR1,1,0,,0,0,0,0,,,,0,0,0,0,0,0,0,,,,0,0,0,0,,,,,,8,0,0,,0,,1,GEO_GSE58632_GntR1,ATCC13032,Strain_R,0
gntr1,gntR1,cgrfwd14736,cgrfwd14736,1,curated_positive,R,0,1,0,0,0,,ChIP-chip,0.4,0,1,1,GEO_GSE58632_GntR1,1,0,,0,0,0,0,,,,0,0,0,0,0,0,0,,,,0,0,0,0,,,,,,8,0,0,,0,,1,GEO_GSE58632_GntR1,ATCC13032,Strain_R,0
gntr1,gntR1,cgrfwd14737,cgrfwd14737,1,curated_positive,R,0,1,0,0,0,,ChIP-chip,0.4,0,1,1,GEO_GSE58632_GntR1,1,0,,0,0,0,0,,,,0,0,0,0,0,0,0,,,,0,0,0,0,,,,,,8,0,0,,0,,1,GEO_GSE58632_GntR1,ATCC13032,Strain_R,0
gntr1,gntR1,cgrfwd14738,cgrfwd14738,1,curated_positive,R,0,1,0,0,0,,ChIP-chip,0.4,0,1,1,GEO_GSE58632_GntR1,1,0,,0,0,0,0,,,,0,0,0,0,0,0,0,,,,0,0,0,0,,,,,,8,0,0,,0,,1,GEO_GSE58632_GntR1,ATCC13032,Strain_R,0
gntr1,gntR1,cgrfwd14739,cgrfwd14739,1,curated_positive,R,0,1,0,0,0,,ChIP-chip,0.4,0,1,1,GEO_GSE58632_GntR1,1,0,,0,0,0,0,,,,0,0,0,0,0,0,0,,,,0,0,0,0,,,,,,8,0,0,,0,,1,GEO_GSE58632_GntR1,ATCC13032,Strain_R,0
gntr1,gntR1,cgrfwd14740,cgrfwd14740,1,curated_positive,R,0,1,0,0,0,,ChIP-chip,0.4,0,1,1,GEO_GSE58632_GntR1,1,0,,0,0,0,0,,,,0,0,0,0,0,0,0,,,,0,0,0,0,,,,,,8,0,0,,0,,1,GEO_GSE58632_GntR1,ATCC13032,Strain_R,0
gntr1,gntR1,cgrfwd14741,cgrfwd14741,1,curated_positive,R,0,1,0,0,0,,ChIP-chip,0.4,0,1,1,GEO_GSE58632_GntR1,1,0,,0,0,0,0,,,,0,0,0,0,0,0,0,,,,0,0,0,0,,,,,,8,0,0,,0,,1,GEO_GSE58632_GntR1,ATCC13032,Strain_R,0
gntr1,gntR1,cgrfwd15066,cgrfwd15066,1,curated_positive,R,0,1,0,0,0,,ChIP-chip,0.4,0,1,1,GEO_GSE58632_GntR1,1,0,,0,0,0,0,,,,0,0,0,0,0,0,0,,,,0,0,0,0,,,,,,8,0,0,,0,,1,GEO_GSE58632_GntR1,ATCC13032,Strain_R,0
gntr1,gntR1,cgrfwd15067,cgrfwd15067,1,curated_positive,R,0,1,0,0,0,,ChIP-chip,0.4,0,1,1,GEO_GSE58632_GntR1,1,0,,0,0,0,0,,,,0,0,0,0,0,0,0,,,,0,0,0,0,,,,,,8,0,0,,0,,1,GEO_GSE58632_GntR1,ATCC13032,Strain_R,0
gntr1,gntR1,cgrfwd15088,cgrfwd15088,1,curated_positive,R,0,1,0,0,0,,ChIP-chip,0.4,0,1,1,GEO_GSE58632_GntR1,1,0,,0,0,0,0,,,,0,0,0,0,0,0,0,,,,0,0,0,0,,,,,,8,0,0,,0,,1,GEO_GSE58632_GntR1,ATCC13032,Strain_R,0
gntr1,gntR1,cgrfwd15089,cgrfwd15089,1,curated_positive,R,0,1,0,0,0,,ChIP-chip,0.4,0,1,1,GEO_GSE58632_GntR1,1,0,,0,0,0,0,,,,0,0,0,0,0,0,0,,,,0,0,0,0,,,,,,8,0,0,,0,,1,GEO_GSE58632_GntR1,ATCC13032,Strain_R,0
gntr1,gntR1,cgrfwd15090,cgrfwd15090,1,curated_positive,R,0,1,0,0,0,,ChIP-chip,0.4,0,1,1,GEO_GSE58632_GntR1,1,0,,0,0,0,0,,,,0,0,0,0,0,0,0,,,,0,0,0,0,,,,,,8,0,0,,0,,1,GEO_GSE58632_GntR1,ATCC13032,Strain_R,0
gntr1,gntR1,cgrfwd15091,cgrfwd15091,1,curated_positive,R,0,1,0,0,0,,ChIP-chip,0.4,0,1,1,GEO_GSE58632_GntR1,1,0,,0,0,0,0,,,,0,0,0,0,0,0,0,,,,0,0,0,0,,,,,,8,0,0,,0,,1,GEO_GSE58632_GntR1,ATCC13032,Strain_R,0
gntr1,gntR1,cgrfwd15122,cgrfwd15122,1,curated_positive,R,0,1,0,0,0,,ChIP-chip,0.4,0,1,1,GEO_GSE58632_GntR1,1,0,,0,0,0,0,,,,0,0,0,0,0,0,0,,,,0,0,0,0,,,,,,8,0,0,,0,,1,GEO_GSE58632_GntR1,ATCC13032,Strain_R,0
gntr1,gntR1,cgrfwd15123,cgrfwd15123,1,curated_positive,R,0,1,0,0,0,,ChIP-chip,0.4,0,1,1,GEO_GSE58632_GntR1,1,0,,0,0,0,0,,,,0,0,0,0,0,0,0,,,,0,0,0,0,,,,,,8,0,0,,0,,1,GEO_GSE58632_GntR1,ATCC13032,Strain_R,0
gntr1,gntR1,cgrfwd15124,cgrfwd15124,1,curated_positive,R,0,1,0,0,0,,ChIP-chip,0.4,0,1,1,GEO_GSE58632_GntR1,1,0,,0,0,0,0,,,,0,0,0,0,0,0,0,,,,0,0,0,0,,,,,,8,0,0,,0,,1,GEO_GSE58632_GntR1,ATCC13032,Strain_R,0
gntr1,gntR1,cgrfwd15125,cgrfwd15125,1,curated_positive,R,0,1,0,0,0,,ChIP-chip,0.4,0,1,1,GEO_GSE58632_GntR1,1,0,,0,0,0,0,,,,0,0,0,0,0,0,0,,,,0,0,0,0,,,,,,8,0,0,,0,,1,GEO_GSE58632_GntR1,ATCC13032,Strain_R,0
gntr1,gntR1,cgrfwd15126,cgrfwd15126,1,curated_positive,R,0,1,0,0,0,,ChIP-chip,0.4,0,1,1,GEO_GSE58632_GntR1,1,0,,0,0,0,0,,,,0,0,0,0,0,0,0,,,,0,0,0,0,,,,,,8,0,0,,0,,1,GEO_GSE58632_GntR1,ATCC13032,Strain_R,0
gntr1,gntR1,cgrfwd15127,cgrfwd15127,1,curated_positive,R,0,1,0,0,0,,ChIP-chip,0.4,0,1,1,GEO_GSE58632_GntR1,1,0,,0,0,0,0,,,,0,0,0,0,0,0,0,,,,0,0,0,0,,,,,,8,0,0,,0,,1,GEO_GSE58632_GntR1,ATCC13032,Strain_R,0
gntr1,gntR1,cgrfwd15324,cgrfwd15324,1,curated_positive,R,0,1,0,0,0,,ChIP-chip,0.4,0,1,1,GEO_GSE58632_GntR1,1,0,,0,0,0,0,,,,0,0,0,0,0,0,0,,,,0,0,0,0,,,,,,8,0,0,,0,,1,GEO_GSE58632_GntR1,ATCC13032,Strain_R,0
gntr1,gntR1,cgrfwd15357,cgrfwd15357,1,curated_positive,R,0,1,0,0,0,,ChIP-chip,0.4,0,1,1,GEO_GSE58632_GntR1,1,0,,0,0,0,0,,,,0,0,0,0,0,0,0,,,,0,0,0,0,,,,,,8,0,0,,0,,1,GEO_GSE58632_GntR1,ATCC13032,Strain_R,0
gntr1,gntR1,cgrfwd15358,cgrfwd15358,1,curated_positive,R,0,1,0,0,0,,ChIP-chip,0.4,0,1,1,GEO_GSE58632_GntR1,1,0,,0,0,0,0,,,,0,0,0,0,0,0,0,,,,0,0,0,0,,,,,,8,0,0,,0,,1,GEO_GSE58632_GntR1,ATCC13032,Strain_R,0
gntr1,gntR1,cgrfwd15359,cgrfwd15359,1,curated_positive,R,0,1,0,0,0,,ChIP-chip,0.4,0,1,1,GEO_GSE58632_GntR1,1,0,,0,0,0,0,,,,0,0,0,0,0,0,0,,,,0,0,0,0,,,,,,8,0,0,,0,,1,GEO_GSE58632_GntR1,ATCC13032,Strain_R,0
gntr1,gntR1,cgrfwd16320,cgrfwd16320,1,curated_positive,R,0,1,0,0,0,,ChIP-chip,0.4,0,1,1,GEO_GSE58632_GntR1,1,0,,0,0,0,0,,,,0,0,0,0,0,0,0,,,,0,0,0,0,,,,,,8,0,0,,0,,1,GEO_GSE58632_GntR1,ATCC13032,Strain_R,0
gntr1,gntR1,cgrfwd16321,cgrfwd16321,1,curated_positive,R,0,1,0,0,0,,ChIP-chip,0.4,0,1,1,GEO_GSE58632_GntR1,1,0,,0,0,0,0,,,,0,0,0,0,0,0,0,,,,0,0,0,0,,,,,,8,0,0,,0,,1,GEO_GSE58632_GntR1,ATCC13032,Strain_R,0
gntr1,gntR1,cgrfwd16990,cgrfwd16990,1,curated_positive,R,0,1,0,0,0,,ChIP-chip,0.4,0,1,1,GEO_GSE58632_GntR1,1,0,,0,0,0,0,,,,0,0,0,0,0,0,0,,,,0,0,0,0,,,,,,8,0,0,,0,,1,GEO_GSE58632_GntR1,ATCC13032,Strain_R,0
gntr1,gntR1,cgrfwd16991,cgrfwd16991,1,curated_positive,R,0,1,0,0,0,,ChIP-chip,0.4,0,1,1,GEO_GSE58632_GntR1,1,0,,0,0,0,0,,,,0,0,0,0,0,0,0,,,,0,0,0,0,,,,,,8,0,0,,0,,1,GEO_GSE58632_GntR1,ATCC13032,Strain_R,0
gntr1,gntR1,cgrfwd16992,cgrfwd16992,1,curated_positive,R,0,1,0,0,0,,ChIP-chip,0.4,0,1,1,GEO_GSE58632_GntR1,1,0,,0,0,0,0,,,,0,0,0,0,0,0,0,,,,0,0,0,0,,,,,,8,0,0,,0,,1,GEO_GSE58632_GntR1,ATCC13032,Strain_R,0
gntr1,gntR1,cgrfwd16993,cgrfwd16993,1,curated_positive,R,0,1,0,0,0,,ChIP-chip,0.4,0,1,1,GEO_GSE58632_GntR1,1,0,,0,0,0,0,,,,0,0,0,0,0,0,0,,,,0,0,0,0,,,,,,8,0,0,,0,,1,GEO_GSE58632_GntR1,ATCC13032,Strain_R,0
gntr1,gntR1,cgrfwd16994,cgrfwd16994,1,curated_positive,R,0,1,0,0,0,,ChIP-chip,0.4,0,1,1,GEO_GSE58632_GntR1,1,0,,0,0,0,0,,,,0,0,0,0,0,0,0,,,,0,0,0,0,,,,,,8,0,0,,0,,1,GEO_GSE58632_GntR1,ATCC13032,Strain_R,0
gntr1,gntR1,cgrfwd16995,cgrfwd16995,1,curated_positive,R,0,1,0,0,0,,ChIP-chip,0.4,0,1,1,GEO_GSE58632_GntR1,1,0,,0,0,0,0,,,,0,0,0,0,0,0,0,,,,0,0,0,0,,,,,,8,0,0,,0,,1,GEO_GSE58632_GntR1,ATCC13032,Strain_R,0
gntr1,gntR1,cgrfwd17324,cgrfwd17324,1,curated_positive,R,0,1,0,0,0,,ChIP-chip,0.4,0,1,1,GEO_GSE58632_GntR1,1,0,,0,0,0,0,,,,0,0,0,0,0,0,0,,,,0,0,0,0,,,,,,8,0,0,,0,,1,GEO_GSE58632_GntR1,ATCC13032,Strain_R,0
gntr1,gntR1,cgrfwd17325,cgrfwd17325,1,curated_positive,R,0,1,0,0,0,,ChIP-chip,0.4,0,1,1,GEO_GSE58632_GntR1,1,0,,0,0,0,0,,,,0,0,0,0,0,0,0,,,,0,0,0,0,,,,,,8,0,0,,0,,1,GEO_GSE58632_GntR1,ATCC13032,Strain_R,0
gntr1,gntR1,cgrfwd17326,cgrfwd17326,1,curated_positive,R,0,1,0,0,0,,ChIP-chip,0.4,0,1,1,GEO_GSE58632_GntR1,1,0,,0,0,0,0,,,,0,0,0,0,0,0,0,,,,0,0,0,0,,,,,,8,0,0,,0,,1,GEO_GSE58632_GntR1,ATCC13032,Strain_R,0
gntr1,gntR1,cgrfwd17372,cgrfwd17372,1,curated_positive,R,0,1,0,0,0,,ChIP-chip,0.4,0,1,1,GEO_GSE58632_GntR1,1,0,,0,0,0,0,,,,0,0,0,0,0,0,0,,,,0,0,0,0,,,,,,8,0,0,,0,,1,GEO_GSE58632_GntR1,ATCC13032,Strain_R,0
gntr1,gntR1,cgrfwd17373,cgrfwd17373,1,curated_positive,R,0,1,0,0,0,,ChIP-chip,0.4,0,1,1,GEO_GSE58632_GntR1,1,0,,0,0,0,0,,,,0,0,0,0,0,0,0,,,,0,0,0,0,,,,,,8,0,0,,0,,1,GEO_GSE58632_GntR1,ATCC13032,Strain_R,0
gntr1,gntR1,cgrfwd17374,cgrfwd17374,1,curated_positive,R,0,1,0,0,0,,ChIP-chip,0.4,0,1,1,GEO_GSE58632_GntR1,1,0,,0,0,0,0,,,,0,0,0,0,0,0,0,,,,0,0,0,0,,,,,,8,0,0,,0,,1,GEO_GSE58632_GntR1,ATCC13032,Strain_R,0
gntr1,gntR1,cgrfwd17375,cgrfwd17375,1,curated_positive,R,0,1,0,0,0,,ChIP-chip,0.4,0,1,1,GEO_GSE58632_GntR1,1,0,,0,0,0,0,,,,0,0,0,0,0,0,0,,,,0,0,0,0,,,,,,8,0,0,,0,,1,GEO_GSE58632_GntR1,ATCC13032,Strain_R,0
gntr1,gntR1,cgrfwd17376,cgrfwd17376,1,curated_positive,R,0,1,0,0,0,,ChIP-chip,0.4,0,1,1,GEO_GSE58632_GntR1,1,0,,0,0,0,0,,,,0,0,0,0,0,0,0,,,,0,0,0,0,,,,,,8,0,0,,0,,1,GEO_GSE58632_GntR1,ATCC13032,Strain_R,0
gntr1,gntR1,cgrfwd17742,cgrfwd17742,1,curated_positive,R,0,1,0,0,0,,ChIP-chip,0.4,0,1,1,GEO_GSE58632_GntR1,1,0,,0,0,0,0,,,,0,0,0,0,0,0,0,,,,0,0,0,0,,,,,,8,0,0,,0,,1,GEO_GSE58632_GntR1,ATCC13032,Strain_R,0
gntr1,gntR1,cgrfwd17743,cgrfwd17743,1,curated_positive,R,0,1,0,0,0,,ChIP-chip,0.4,0,1,1,GEO_GSE58632_GntR1,1,0,,0,0,0,0,,,,0,0,0,0,0,0,0,,,,0,0,0,0,,,,,,8,0,0,,0,,1,GEO_GSE58632_GntR1,ATCC13032,Strain_R,0
gntr1,gntR1,cgrfwd17744,cgrfwd17744,1,curated_positive,R,0,1,0,0,0,,ChIP-chip,0.4,0,1,1,GEO_GSE58632_GntR1,1,0,,0,0,0,0,,,,0,0,0,0,0,0,0,,,,0,0,0,0,,,,,,8,0,0,,0,,1,GEO_GSE58632_GntR1,ATCC13032,Strain_R,0
gntr1,gntR1,cgrfwd17745,cgrfwd17745,1,curated_positive,R,0,1,0,0,0,,ChIP-chip,0.4,0,1,1,GEO_GSE58632_GntR1,1,0,,0,0,0,0,,,,0,0,0,0,0,0,0,,,,0,0,0,0,,,,,,8,0,0,,0,,1,GEO_GSE58632_GntR1,ATCC13032,Strain_R,0
gntr1,gntR1,cgrfwd17746,cgrfwd17746,1,curated_positive,R,0,1,0,0,0,,ChIP-chip,0.4,0,1,1,GEO_GSE58632_GntR1,1,0,,0,0,0,0,,,,0,0,0,0,0,0,0,,,,0,0,0,0,,,,,,8,0,0,,0,,1,GEO_GSE58632_GntR1,ATCC13032,Strain_R,0
gntr1,gntR1,cgrfwd17881,cgrfwd17881,1,curated_positive,R,0,1,0,0,0,,ChIP-chip,0.4,0,1,1,GEO_GSE58632_GntR1,1,0,,0,0,0,0,,,,0,0,0,0,0,0,0,,,,0,0,0,0,,,,,,8,0,0,,0,,1,GEO_GSE58632_GntR1,ATCC13032,Strain_R,0
gntr1,gntR1,cgrfwd17882,cgrfwd17882,1,curated_positive,R,0,1,0,0,0,,ChIP-chip,0.4,0,1,1,GEO_GSE58632_GntR1,1,0,,0,0,0,0,,,,0,0,0,0,0,0,0,,,,0,0,0,0,,,,,,8,0,0,,0,,1,GEO_GSE58632_GntR1,ATCC13032,Strain_R,0
gntr1,gntR1,cgrfwd17883,cgrfwd17883,1,curated_positive,R,0,1,0,0,0,,ChIP-chip,0.4,0,1,1,GEO_GSE58632_GntR1,1,0,,0,0,0,0,,,,0,0,0,0,0,0,0,,,,0,0,0,0,,,,,,8,0,0,,0,,1,GEO_GSE58632_GntR1,ATCC13032,Strain_R,0
gntr1,gntR1,cgrfwd17884,cgrfwd17884,1,curated_positive,R,0,1,0,0,0,,ChIP-chip,0.4,0,1,1,GEO_GSE58632_GntR1,1,0,,0,0,0,0,,,,0,0,0,0,0,0,0,,,,0,0,0,0,,,,,,8,0,0,,0,,1,GEO_GSE58632_GntR1,ATCC13032,Strain_R,0
gntr1,gntR1,cgrfwd17885,cgrfwd17885,1,curated_positive,R,0,1,0,0,0,,ChIP-chip,0.4,0,1,1,GEO_GSE58632_GntR1,1,0,,0,0,0,0,,,,0,0,0,0,0,0,0,,,,0,0,0,0,,,,,,8,0,0,,0,,1,GEO_GSE58632_GntR1,ATCC13032,Strain_R,0
gntr1,gntR1,cgrfwd17886,cgrfwd17886,1,curated_positive,R,0,1,0,0,0,,ChIP-chip,0.4,0,1,1,GEO_GSE58632_GntR1,1,0,,0,0,0,0,,,,0,0,0,0,0,0,0,,,,0,0,0,0,,,,,,8,0,0,,0,,1,GEO_GSE58632_GntR1,ATCC13032,Strain_R,0
gntr1,gntR1,cgrfwd17900,cgrfwd17900,1,curated_positive,R,0,1,0,0,0,,ChIP-chip,0.4,0,1,1,GEO_GSE58632_GntR1,1,0,,0,0,0,0,,,,0,0,0,0,0,0,0,,,,0,0,0,0,,,,,,8,0,0,,0,,1,GEO_GSE58632_GntR1,ATCC13032,Strain_R,0
gntr1,gntR1,cgrfwd17901,cgrfwd17901,1,curated_positive,R,0,1,0,0,0,,ChIP-chip,0.4,0,1,1,GEO_GSE58632_GntR1,1,0,,0,0,0,0,,,,0,0,0,0,0,0,0,,,,0,0,0,0,,,,,,8,0,0,,0,,1,GEO_GSE58632_GntR1,ATCC13032,Strain_R,0
gntr1,gntR1,cgrrev00562,cgrrev00562,1,curated_positive,R,0,1,0,0,0,,ChIP-chip,0.4,0,1,1,GEO_GSE58632_GntR1,1,0,,0,0,0,0,,,,0,0,0,0,0,0,0,,,,0,0,0,0,,,,,,8,0,0,,0,,1,GEO_GSE58632_GntR1,ATCC13032,Strain_R,0
gntr1,gntR1,cgrrev00563,cgrrev00563,1,curated_positive,R,0,1,0,0,0,,ChIP-chip,0.4,0,1,1,GEO_GSE58632_GntR1,1,0,,0,0,0,0,,,,0,0,0,0,0,0,0,,,,0,0,0,0,,,,,,8,0,0,,0,,1,GEO_GSE58632_GntR1,ATCC13032,Strain_R,0
gntr1,gntR1,cgrrev00578,cgrrev00578,1,curated_positive,R,0,1,0,0,0,,ChIP-chip,0.4,0,1,1,GEO_GSE58632_GntR1,1,0,,0,0,0,0,,,,0,0,0,0,0,0,0,,,,0,0,0,0,,,,,,8,0,0,,0,,1,GEO_GSE58632_GntR1,ATCC13032,Strain_R,0
gntr1,gntR1,cgrrev00579,cgrrev00579,1,curated_positive,R,0,1,0,0,0,,ChIP-chip,0.4,0,1,1,GEO_GSE58632_GntR1,1,0,,0,0,0,0,,,,0,0,0,0,0,0,0,,,,0,0,0,0,,,,,,8,0,0,,0,,1,GEO_GSE58632_GntR1,ATCC13032,Strain_R,0
gntr1,gntR1,cgrrev00580,cgrrev00580,1,curated_positive,R,0,1,0,0,0,,ChIP-chip,0.4,0,1,1,GEO_GSE58632_GntR1,1,0,,0,0,0,0,,,,0,0,0,0,0,0,0,,,,0,0,0,0,,,,,,8,0,0,,0,,1,GEO_GSE58632_GntR1,ATCC13032,Strain_R,0
gntr1,gntR1,cgrrev00581,cgrrev00581,1,curated_positive,R,0,1,0,0,0,,ChIP-chip,0.4,0,1,1,GEO_GSE58632_GntR1,1,0,,0,0,0,0,,,,0,0,0,0,0,0,0,,,,0,0,0,0,,,,,,8,0,0,,0,,1,GEO_GSE58632_GntR1,ATCC13032,Strain_R,0
gntr1,gntR1,cgrrev00582,cgrrev00582,1,curated_positive,R,0,1,0,0,0,,ChIP-chip,0.4,0,1,1,GEO_GSE58632_GntR1,1,0,,0,0,0,0,,,,0,0,0,0,0,0,0,,,,0,0,0,0,,,,,,8,0,0,,0,,1,GEO_GSE58632_GntR1,ATCC13032,Strain_R,0
gntr1,gntR1,cgrrev00717,cgrrev00717,1,curated_positive,R,0,1,0,0,0,,ChIP-chip,0.4,0,1,1,GEO_GSE58632_GntR1,1,0,,0,0,0,0,,,,0,0,0,0,0,0,0,,,,0,0,0,0,,,,,,8,0,0,,0,,1,GEO_GSE58632_GntR1,ATCC13032,Strain_R,0
gntr1,gntR1,cgrrev00718,cgrrev00718,1,curated_positive,R,0,1,0,0,0,,ChIP-chip,0.4,0,1,1,GEO_GSE58632_GntR1,1,0,,0,0,0,0,,,,0,0,0,0,0,0,0,,,,0,0,0,0,,,,,,8,0,0,,0,,1,GEO_GSE58632_GntR1,ATCC13032,Strain_R,0
gntr1,gntR1,cgrrev00719,cgrrev00719,1,curated_positive,R,0,1,0,0,0,,ChIP-chip,0.4,0,1,1,GEO_GSE58632_GntR1,1,0,,0,0,0,0,,,,0,0,0,0,0,0,0,,,,0,0,0,0,,,,,,8,0,0,,0,,1,GEO_GSE58632_GntR1,ATCC13032,Strain_R,0
gntr1,gntR1,cgrrev00720,cgrrev00720,1,curated_positive,R,0,1,0,0,0,,ChIP-chip,0.4,0,1,1,GEO_GSE58632_GntR1,1,0,,0,0,0,0,,,,0,0,0,0,0,0,0,,,,0,0,0,0,,,,,,8,0,0,,0,,1,GEO_GSE58632_GntR1,ATCC13032,Strain_R,0
gntr1,gntR1,cgrrev00721,cgrrev00721,1,curated_positive,R,0,1,0,0,0,,ChIP-chip,0.4,0,1,1,GEO_GSE58632_GntR1,1,0,,0,0,0,0,,,,0,0,0,0,0,0,0,,,,0,0,0,0,,,,,,8,0,0,,0,,1,GEO_GSE58632_GntR1,ATCC13032,Strain_R,0
gntr1,gntR1,cgrrev01086,cgrrev01086,1,curated_positive,R,0,1,0,0,0,,ChIP-chip,0.4,0,1,1,GEO_GSE58632_GntR1,1,0,,0,0,0,0,,,,0,0,0,0,0,0,0,,,,0,0,0,0,,,,,,8,0,0,,0,,1,GEO_GSE58632_GntR1,ATCC13032,Strain_R,0
gntr1,gntR1,cgrrev01087,cgrrev01087,1,curated_positive,R,0,1,0,0,0,,ChIP-chip,0.4,0,1,1,GEO_GSE58632_GntR1,1,0,,0,0,0,0,,,,0,0,0,0,0,0,0,,,,0,0,0,0,,,,,,8,0,0,,0,,1,GEO_GSE58632_GntR1,ATCC13032,Strain_R,0
gntr1,gntR1,cgrrev01088,cgrrev01088,1,curated_positive,R,0,1,0,0,0,,ChIP-chip,0.4,0,1,1,GEO_GSE58632_GntR1,1,0,,0,0,0,0,,,,0,0,0,0,0,0,0,,,,0,0,0,0,,,,,,8,0,0,,0,,1,GEO_GSE58632_GntR1,ATCC13032,Strain_R,0
gntr1,gntR1,cgrrev01089,cgrrev01089,1,curated_positive,R,0,1,0,0,0,,ChIP-chip,0.4,0,1,1,GEO_GSE58632_GntR1,1,0,,0,0,0,0,,,,0,0,0,0,0,0,0,,,,0,0,0,0,,,,,,8,0,0,,0,,1,GEO_GSE58632_GntR1,ATCC13032,Strain_R,0
gntr1,gntR1,cgrrev01135,cgrrev01135,1,curated_positive,R,0,1,0,0,0,,ChIP-chip,0.4,0,1,1,GEO_GSE58632_GntR1,1,0,,0,0,0,0,,,,0,0,0,0,0,0,0,,,,0,0,0,0,,,,,,8,0,0,,0,,1,GEO_GSE58632_GntR1,ATCC13032,Strain_R,0
gntr1,gntR1,cgrrev01136,cgrrev01136,1,curated_positive,R,0,1,0,0,0,,ChIP-chip,0.4,0,1,1,GEO_GSE58632_GntR1,1,0,,0,0,0,0,,,,0,0,0,0,0,0,0,,,,0,0,0,0,,,,,,8,0,0,,0,,1,GEO_GSE58632_GntR1,ATCC13032,Strain_R,0
gntr1,gntR1,cgrrev01137,cgrrev01137,1,curated_positive,R,0,1,0,0,0,,ChIP-chip,0.4,0,1,1,GEO_GSE58632_GntR1,1,0,,0,0,0,0,,,,0,0,0,0,0,0,0,,,,0,0,0,0,,,,,,8,0,0,,0,,1,GEO_GSE58632_GntR1,ATCC13032,Strain_R,0
gntr1,gntR1,cgrrev01466,cgrrev01466,1,curated_positive,R,0,1,0,0,0,,ChIP-chip,0.4,0,1,1,GEO_GSE58632_GntR1,1,0,,0,0,0,0,,,,0,0,0,0,0,0,0,,,,0,0,0,0,,,,,,8,0,0,,0,,1,GEO_GSE58632_GntR1,ATCC13032,Strain_R,0
gntr1,gntR1,cgrrev01467,cgrrev01467,1,curated_positive,R,0,1,0,0,0,,ChIP-chip,0.4,0,1,1,GEO_GSE58632_GntR1,1,0,,0,0,0,0,,,,0,0,0,0,0,0,0,,,,0,0,0,0,,,,,,8,0,0,,0,,1,GEO_GSE58632_GntR1,ATCC13032,Strain_R,0
gntr1,gntR1,cgrrev01468,cgrrev01468,1,curated_positive,R,0,1,0,0,0,,ChIP-chip,0.4,0,1,1,GEO_GSE58632_GntR1,1,0,,0,0,0,0,,,,0,0,0,0,0,0,0,,,,0,0,0,0,,,,,,8,0,0,,0,,1,GEO_GSE58632_GntR1,ATCC13032,Strain_R,0
gntr1,gntR1,cgrrev01469,cgrrev01469,1,curated_positive,R,0,1,0,0,0,,ChIP-chip,0.4,0,1,1,GEO_GSE58632_GntR1,1,0,,0,0,0,0,,,,0,0,0,0,0,0,0,,,,0,0,0,0,,,,,,8,0,0,,0,,1,GEO_GSE58632_GntR1,ATCC13032,Strain_R,0
gntr1,gntR1,cgrrev01470,cgrrev01470,1,curated_positive,R,0,1,0,0,0,,ChIP-chip,0.4,0,1,1,GEO_GSE58632_GntR1,1,0,,0,0,0,0,,,,0,0,0,0,0,0,0,,,,0,0,0,0,,,,,,8,0,0,,0,,1,GEO_GSE58632_GntR1,ATCC13032,Strain_R,0
gntr1,gntR1,cgrrev01471,cgrrev01471,1,curated_positive,R,0,1,0,0,0,,ChIP-chip,0.4,0,1,1,GEO_GSE58632_GntR1,1,0,,0,0,0,0,,,,0,0,0,0,0,0,0,,,,0,0,0,0,,,,,,8,0,0,,0,,1,GEO_GSE58632_GntR1,ATCC13032,Strain_R,0
gntr1,gntR1,cgrrev02140,cgrrev02140,1,curated_positive,R,0,1,0,0,0,,ChIP-chip,0.4,0,1,1,GEO_GSE58632_GntR1,1,0,,0,0,0,0,,,,0,0,0,0,0,0,0,,,,0,0,0,0,,,,,,8,0,0,,0,,1,GEO_GSE58632_GntR1,ATCC13032,Strain_R,0
gntr1,gntR1,cgrrev02141,cgrrev02141,1,curated_positive,R,0,1,0,0,0,,ChIP-chip,0.4,0,1,1,GEO_GSE58632_GntR1,1,0,,0,0,0,0,,,,0,0,0,0,0,0,0,,,,0,0,0,0,,,,,,8,0,0,,0,,1,GEO_GSE58632_GntR1,ATCC13032,Strain_R,0
gntr1,gntR1,cgrrev03102,cgrrev03102,1,curated_positive,R,0,1,0,0,0,,ChIP-chip,0.4,0,1,1,GEO_GSE58632_GntR1,1,0,,0,0,0,0,,,,0,0,0,0,0,0,0,,,,0,0,0,0,,,,,,8,0,0,,0,,1,GEO_GSE58632_GntR1,ATCC13032,Strain_R,0
gntr1,gntR1,cgrrev03103,cgrrev03103,1,curated_positive,R,0,1,0,0,0,,ChIP-chip,0.4,0,1,1,GEO_GSE58632_GntR1,1,0,,0,0,0,0,,,,0,0,0,0,0,0,0,,,,0,0,0,0,,,,,,8,0,0,,0,,1,GEO_GSE58632_GntR1,ATCC13032,Strain_R,0
gntr1,gntR1,cgrrev03104,cgrrev03104,1,curated_positive,R,0,1,0,0,0,,ChIP-chip,0.4,0,1,1,GEO_GSE58632_GntR1,1,0,,0,0,0,0,,,,0,0,0,0,0,0,0,,,,0,0,0,0,,,,,,8,0,0,,0,,1,GEO_GSE58632_GntR1,ATCC13032,Strain_R,0
gntr1,gntR1,cgrrev03105,cgrrev03105,1,curated_positive,R,0,1,0,0,0,,ChIP-chip,0.4,0,1,1,GEO_GSE58632_GntR1,1,0,,0,0,0,0,,,,0,0,0,0,0,0,0,,,,0,0,0,0,,,,,,8,0,0,,0,,1,GEO_GSE58632_GntR1,ATCC13032,Strain_R,0
gntr1,gntR1,cgrrev03135,cgrrev03135,1,curated_positive,R,0,1,0,0,0,,ChIP-chip,0.4,0,1,1,GEO_GSE58632_GntR1,1,0,,0,0,0,0,,,,0,0,0,0,0,0,0,,,,0,0,0,0,,,,,,8,0,0,,0,,1,GEO_GSE58632_GntR1,ATCC13032,Strain_R,0
gntr1,gntR1,cgrrev03137,cgrrev03137,1,curated_positive,R,0,1,0,0,0,,ChIP-chip,0.4,0,1,1,GEO_GSE58632_GntR1,1,0,,0,0,0,0,,,,0,0,0,0,0,0,0,,,,0,0,0,0,,,,,,8,0,0,,0,,1,GEO_GSE58632_GntR1,ATCC13032,Strain_R,0
gntr1,gntR1,cgrrev03138,cgrrev03138,1,curated_positive,R,0,1,0,0,0,,ChIP-chip,0.4,0,1,1,GEO_GSE58632_GntR1,1,0,,0,0,0,0,,,,0,0,0,0,0,0,0,,,,0,0,0,0,,,,,,8,0,0,,0,,1,GEO_GSE58632_GntR1,ATCC13032,Strain_R,0
gntr1,gntR1,cgrrev03333,cgrrev03333,1,curated_positive,R,0,1,0,0,0,,ChIP-chip,0.4,0,1,1,GEO_GSE58632_GntR1,1,0,,0,0,0,0,,,,0,0,0,0,0,0,0,,,,0,0,0,0,,,,,,8,0,0,,0,,1,GEO_GSE58632_GntR1,ATCC13032,Strain_R,0
gntr1,gntR1,cgrrev03334,cgrrev03334,1,curated_positive,R,0,1,0,0,0,,ChIP-chip,0.4,0,1,1,GEO_GSE58632_GntR1,1,0,,0,0,0,0,,,,0,0,0,0,0,0,0,,,,0,0,0,0,,,,,,8,0,0,,0,,1,GEO_GSE58632_GntR1,ATCC13032,Strain_R,0
gntr1,gntR1,cgrrev03335,cgrrev03335,1,curated_positive,R,0,1,0,0,0,,ChIP-chip,0.4,0,1,1,GEO_GSE58632_GntR1,1,0,,0,0,0,0,,,,0,0,0,0,0,0,0,,,,0,0,0,0,,,,,,8,0,0,,0,,1,GEO_GSE58632_GntR1,ATCC13032,Strain_R,0
gntr1,gntR1,cgrrev03336,cgrrev03336,1,curated_positive,R,0,1,0,0,0,,ChIP-chip,0.4,0,1,1,GEO_GSE58632_GntR1,1,0,,0,0,0,0,,,,0,0,0,0,0,0,0,,,,0,0,0,0,,,,,,8,0,0,,0,,1,GEO_GSE58632_GntR1,ATCC13032,Strain_R,0
gntr1,gntR1,cgrrev03337,cgrrev03337,1,curated_positive,R,0,1,0,0,0,,ChIP-chip,0.4,0,1,1,GEO_GSE58632_GntR1,1,0,,0,0,0,0,,,,0,0,0,0,0,0,0,,,,0,0,0,0,,,,,,8,0,0,,0,,1,GEO_GSE58632_GntR1,ATCC13032,Strain_R,0
gntr1,gntR1,cgrrev03338,cgrrev03338,1,curated_positive,R,0,1,0,0,0,,ChIP-chip,0.4,0,1,1,GEO_GSE58632_GntR1,1,0,,0,0,0,0,,,,0,0,0,0,0,0,0,,,,0,0,0,0,,,,,,8,0,0,,0,,1,GEO_GSE58632_GntR1,ATCC13032,Strain_R,0
gntr1,gntR1,cgrrev03370,cgrrev03370,1,curated_positive,R,0,1,0,0,0,,ChIP-chip,0.4,0,1,1,GEO_GSE58632_GntR1,1,0,,0,0,0,0,,,,0,0,0,0,0,0,0,,,,0,0,0,0,,,,,,8,0,0,,0,,1,GEO_GSE58632_GntR1,ATCC13032,Strain_R,0
gntr1,gntR1,cgrrev03371,cgrrev03371,1,curated_positive,R,0,1,0,0,0,,ChIP-chip,0.4,0,1,1,GEO_GSE58632_GntR1,1,0,,0,0,0,0,,,,0,0,0,0,0,0,0,,,,0,0,0,0,,,,,,8,0,0,,0,,1,GEO_GSE58632_GntR1,ATCC13032,Strain_R,0
gntr1,gntR1,cgrrev03372,cgrrev03372,1,curated_positive,R,0,1,0,0,0,,ChIP-chip,0.4,0,1,1,GEO_GSE58632_GntR1,1,0,,0,0,0,0,,,,0,0,0,0,0,0,0,,,,0,0,0,0,,,,,,8,0,0,,0,,1,GEO_GSE58632_GntR1,ATCC13032,Strain_R,0
gntr1,gntR1,cgrrev03393,cgrrev03393,1,curated_positive,R,0,1,0,0,0,,ChIP-chip,0.4,0,1,1,GEO_GSE58632_GntR1,1,0,,0,0,0,0,,,,0,0,0,0,0,0,0,,,,0,0,0,0,,,,,,8,0,0,,0,,1,GEO_GSE58632_GntR1,ATCC13032,Strain_R,0
gntr1,gntR1,cgrrev03394,cgrrev03394,1,curated_positive,R,0,1,0,0,0,,ChIP-chip,0.4,0,1,1,GEO_GSE58632_GntR1,1,0,,0,0,0,0,,,,0,0,0,0,0,0,0,,,,0,0,0,0,,,,,,8,0,0,,0,,1,GEO_GSE58632_GntR1,ATCC13032,Strain_R,0
gntr1,gntR1,cgrrev03395,cgrrev03395,1,curated_positive,R,0,1,0,0,0,,ChIP-chip,0.4,0,1,1,GEO_GSE58632_GntR1,1,0,,0,0,0,0,,,,0,0,0,0,0,0,0,,,,0,0,0,0,,,,,,8,0,0,,0,,1,GEO_GSE58632_GntR1,ATCC13032,Strain_R,0
gntr1,gntR1,cgrrev03718,cgrrev03718,1,curated_positive,R,0,1,0,0,0,,ChIP-chip,0.4,0,1,1,GEO_GSE58632_GntR1,1,0,,0,0,0,0,,,,0,0,0,0,0,0,0,,,,0,0,0,0,,,,,,8,0,0,,0,,1,GEO_GSE58632_GntR1,ATCC13032,Strain_R,0
gntr1,gntR1,cgrrev03719,cgrrev03719,1,curated_positive,R,0,1,0,0,0,,ChIP-chip,0.4,0,1,1,GEO_GSE58632_GntR1,1,0,,0,0,0,0,,,,0,0,0,0,0,0,0,,,,0,0,0,0,,,,,,8,0,0,,0,,1,GEO_GSE58632_GntR1,ATCC13032,Strain_R,0
gntr1,gntR1,cgrrev03720,cgrrev03720,1,curated_positive,R,0,1,0,0,0,,ChIP-chip,0.4,0,1,1,GEO_GSE58632_GntR1,1,0,,0,0,0,0,,,,0,0,0,0,0,0,0,,,,0,0,0,0,,,,,,8,0,0,,0,,1,GEO_GSE58632_GntR1,ATCC13032,Strain_R,0
gntr1,gntR1,cgrrev03721,cgrrev03721,1,curated_positive,R,0,1,0,0,0,,ChIP-chip,0.4,0,1,1,GEO_GSE58632_GntR1,1,0,,0,0,0,0,,,,0,0,0,0,0,0,0,,,,0,0,0,0,,,,,,8,0,0,,0,,1,GEO_GSE58632_GntR1,ATCC13032,Strain_R,0
gntr1,gntR1,cgrrev03722,cgrrev03722,1,curated_positive,R,0,1,0,0,0,,ChIP-chip,0.4,0,1,1,GEO_GSE58632_GntR1,1,0,,0,0,0,0,,,,0,0,0,0,0,0,0,,,,0,0,0,0,,,,,,8,0,0,,0,,1,GEO_GSE58632_GntR1,ATCC13032,Strain_R,0
gntr1,gntR1,cgrrev03723,cgrrev03723,1,curated_positive,R,0,1,0,0,0,,ChIP-chip,0.4,0,1,1,GEO_GSE58632_GntR1,1,0,,0,0,0,0,,,,0,0,0,0,0,0,0,,,,0,0,0,0,,,,,,8,0,0,,0,,1,GEO_GSE58632_GntR1,ATCC13032,Strain_R,0
gntr1,gntR1,cgrrev04512,cgrrev04512,1,curated_positive,R,0,1,0,0,0,,ChIP-chip,0.4,0,1,1,GEO_GSE58632_GntR1,1,0,,0,0,0,0,,,,0,0,0,0,0,0,0,,,,0,0,0,0,,,,,,8,0,0,,0,,1,GEO_GSE58632_GntR1,ATCC13032,Strain_R,0
gntr1,gntR1,cgrrev04513,cgrrev04513,1,curated_positive,R,0,1,0,0,0,,ChIP-chip,0.4,0,1,1,GEO_GSE58632_GntR1,1,0,,0,0,0,0,,,,0,0,0,0,0,0,0,,,,0,0,0,0,,,,,,8,0,0,,0,,1,GEO_GSE58632_GntR1,ATCC13032,Strain_R,0
gntr1,gntR1,cgrrev04514,cgrrev04514,1,curated_positive,R,0,1,0,0,0,,ChIP-chip,0.4,0,1,1,GEO_GSE58632_GntR1,1,0,,0,0,0,0,,,,0,0,0,0,0,0,0,,,,0,0,0,0,,,,,,8,0,0,,0,,1,GEO_GSE58632_GntR1,ATCC13032,Strain_R,0
gntr1,gntR1,cgrrev04515,cgrrev04515,1,curated_positive,R,0,1,0,0,0,,ChIP-chip,0.4,0,1,1,GEO_GSE58632_GntR1,1,0,,0,0,0,0,,,,0,0,0,0,0,0,0,,,,0,0,0,0,,,,,,8,0,0,,0,,1,GEO_GSE58632_GntR1,ATCC13032,Strain_R,0
gntr1,gntR1,cgrrev04516,cgrrev04516,1,curated_positive,R,0,1,0,0,0,,ChIP-chip,0.4,0,1,1,GEO_GSE58632_GntR1,1,0,,0,0,0,0,,,,0,0,0,0,0,0,0,,,,0,0,0,0,,,,,,8,0,0,,0,,1,GEO_GSE58632_GntR1,ATCC13032,Strain_R,0
gntr1,gntR1,cgrrev04736,cgrrev04736,1,curated_positive,R,0,1,0,0,0,,ChIP-chip,0.4,0,1,1,GEO_GSE58632_GntR1,1,0,,0,0,0,0,,,,0,0,0,0,0,0,0,,,,0,0,0,0,,,,,,8,0,0,,0,,1,GEO_GSE58632_GntR1,ATCC13032,Strain_R,0
gntr1,gntR1,cgrrev04737,cgrrev04737,1,curated_positive,R,0,1,0,0,0,,ChIP-chip,0.4,0,1,1,GEO_GSE58632_GntR1,1,0,,0,0,0,0,,,,0,0,0,0,0,0,0,,,,0,0,0,0,,,,,,8,0,0,,0,,1,GEO_GSE58632_GntR1,ATCC13032,Strain_R,0
gntr1,gntR1,cgrrev04738,cgrrev04738,1,curated_positive,R,0,1,0,0,0,,ChIP-chip,0.4,0,1,1,GEO_GSE58632_GntR1,1,0,,0,0,0,0,,,,0,0,0,0,0,0,0,,,,0,0,0,0,,,,,,8,0,0,,0,,1,GEO_GSE58632_GntR1,ATCC13032,Strain_R,0
gntr1,gntR1,cgrrev04739,cgrrev04739,1,curated_positive,R,0,1,0,0,0,,ChIP-chip,0.4,0,1,1,GEO_GSE58632_GntR1,1,0,,0,0,0,0,,,,0,0,0,0,0,0,0,,,,0,0,0,0,,,,,,8,0,0,,0,,1,GEO_GSE58632_GntR1,ATCC13032,Strain_R,0
gntr1,gntR1,cgrrev04883,cgrrev04883,1,curated_positive,R,0,1,0,0,0,,ChIP-chip,0.4,0,1,1,GEO_GSE58632_GntR1,1,0,,0,0,0,0,,,,0,0,0,0,0,0,0,,,,0,0,0,0,,,,,,8,0,0,,0,,1,GEO_GSE58632_GntR1,ATCC13032,Strain_R,0
gntr1,gntR1,cgrrev04884,cgrrev04884,1,curated_positive,R,0,1,0,0,0,,ChIP-chip,0.4,0,1,1,GEO_GSE58632_GntR1,1,0,,0,0,0,0,,,,0,0,0,0,0,0,0,,,,0,0,0,0,,,,,,8,0,0,,0,,1,GEO_GSE58632_GntR1,ATCC13032,Strain_R,0
gntr1,gntR1,cgrrev05373,cgrrev05373,1,curated_positive,R,0,1,0,0,0,,ChIP-chip,0.4,0,1,1,GEO_GSE58632_GntR1,1,0,,0,0,0,0,,,,0,0,0,0,0,0,0,,,,0,0,0,0,,,,,,8,0,0,,0,,1,GEO_GSE58632_GntR1,ATCC13032,Strain_R,0
gntr1,gntR1,cgrrev05494,cgrrev05494,1,curated_positive,R,0,1,0,0,0,,ChIP-chip,0.4,0,1,1,GEO_GSE58632_GntR1,1,0,,0,0,0,0,,,,0,0,0,0,0,0,0,,,,0,0,0,0,,,,,,8,0,0,,0,,1,GEO_GSE58632_GntR1,ATCC13032,Strain_R,0
gntr1,gntR1,cgrrev05495,cgrrev05495,1,curated_positive,R,0,1,0,0,0,,ChIP-chip,0.4,0,1,1,GEO_GSE58632_GntR1,1,0,,0,0,0,0,,,,0,0,0,0,0,0,0,,,,0,0,0,0,,,,,,8,0,0,,0,,1,GEO_GSE58632_GntR1,ATCC13032,Strain_R,0
gntr1,gntR1,cgrrev05496,cgrrev05496,1,curated_positive,R,0,1,0,0,0,,ChIP-chip,0.4,0,1,1,GEO_GSE58632_GntR1,1,0,,0,0,0,0,,,,0,0,0,0,0,0,0,,,,0,0,0,0,,,,,,8,0,0,,0,,1,GEO_GSE58632_GntR1,ATCC13032,Strain_R,0
gntr1,gntR1,cgrrev05497,cgrrev05497,1,curated_positive,R,0,1,0,0,0,,ChIP-chip,0.4,0,1,1,GEO_GSE58632_GntR1,1,0,,0,0,0,0,,,,0,0,0,0,0,0,0,,,,0,0,0,0,,,,,,8,0,0,,0,,1,GEO_GSE58632_GntR1,ATCC13032,Strain_R,0
gntr1,gntR1,cgrrev06066,cgrrev06066,1,curated_positive,R,0,1,0,0,0,,ChIP-chip,0.4,0,1,1,GEO_GSE58632_GntR1,1,0,,0,0,0,0,,,,0,0,0,0,0,0,0,,,,0,0,0,0,,,,,,8,0,0,,0,,1,GEO_GSE58632_GntR1,ATCC13032,Strain_R,0
gntr1,gntR1,cgrrev06067,cgrrev06067,1,curated_positive,R,0,1,0,0,0,,ChIP-chip,0.4,0,1,1,GEO_GSE58632_GntR1,1,0,,0,0,0,0,,,,0,0,0,0,0,0,0,,,,0,0,0,0,,,,,,8,0,0,,0,,1,GEO_GSE58632_GntR1,ATCC13032,Strain_R,0
gntr1,gntR1,cgrrev06068,cgrrev06068,1,curated_positive,R,0,1,0,0,0,,ChIP-chip,0.4,0,1,1,GEO_GSE58632_GntR1,1,0,,0,0,0,0,,,,0,0,0,0,0,0,0,,,,0,0,0,0,,,,,,8,0,0,,0,,1,GEO_GSE58632_GntR1,ATCC13032,Strain_R,0
gntr1,gntR1,cgrrev06311,cgrrev06311,1,curated_positive,R,0,1,0,0,0,,ChIP-chip,0.4,0,1,1,GEO_GSE58632_GntR1,1,0,,0,0,0,0,,,,0,0,0,0,0,0,0,,,,0,0,0,0,,,,,,8,0,0,,0,,1,GEO_GSE58632_GntR1,ATCC13032,Strain_R,0
gntr1,gntR1,cgrrev06312,cgrrev06312,1,curated_positive,R,0,1,0,0,0,,ChIP-chip,0.4,0,1,1,GEO_GSE58632_GntR1,1,0,,0,0,0,0,,,,0,0,0,0,0,0,0,,,,0,0,0,0,,,,,,8,0,0,,0,,1,GEO_GSE58632_GntR1,ATCC13032,Strain_R,0
gntr1,gntR1,cgrrev06313,cgrrev06313,1,curated_positive,R,0,1,0,0,0,,ChIP-chip,0.4,0,1,1,GEO_GSE58632_GntR1,1,0,,0,0,0,0,,,,0,0,0,0,0,0,0,,,,0,0,0,0,,,,,,8,0,0,,0,,1,GEO_GSE58632_GntR1,ATCC13032,Strain_R,0
gntr1,gntR1,cgrrev06320,cgrrev06320,1,curated_positive,R,0,1,0,0,0,,ChIP-chip,0.4,0,1,1,GEO_GSE58632_GntR1,1,0,,0,0,0,0,,,,0,0,0,0,0,0,0,,,,0,0,0,0,,,,,,8,0,0,,0,,1,GEO_GSE58632_GntR1,ATCC13032,Strain_R,0
gntr1,gntR1,cgrrev06321,cgrrev06321,1,curated_positive,R,0,1,0,0,0,,ChIP-chip,0.4,0,1,1,GEO_GSE58632_GntR1,1,0,,0,0,0,0,,,,0,0,0,0,0,0,0,,,,0,0,0,0,,,,,,8,0,0,,0,,1,GEO_GSE58632_GntR1,ATCC13032,Strain_R,0
gntr1,gntR1,cgrrev06322,cgrrev06322,1,curated_positive,R,0,1,0,0,0,,ChIP-chip,0.4,0,1,1,GEO_GSE58632_GntR1,1,0,,0,0,0,0,,,,0,0,0,0,0,0,0,,,,0,0,0,0,,,,,,8,0,0,,0,,1,GEO_GSE58632_GntR1,ATCC13032,Strain_R,0
gntr1,gntR1,cgrrev06323,cgrrev06323,1,curated_positive,R,0,1,0,0,0,,ChIP-chip,0.4,0,1,1,GEO_GSE58632_GntR1,1,0,,0,0,0,0,,,,0,0,0,0,0,0,0,,,,0,0,0,0,,,,,,8,0,0,,0,,1,GEO_GSE58632_GntR1,ATCC13032,Strain_R,0
gntr1,gntR1,cgrrev06324,cgrrev06324,1,curated_positive,R,0,1,0,0,0,,ChIP-chip,0.4,0,1,1,GEO_GSE58632_GntR1,1,0,,0,0,0,0,,,,0,0,0,0,0,0,0,,,,0,0,0,0,,,,,,8,0,0,,0,,1,GEO_GSE58632_GntR1,ATCC13032,Strain_R,0
gntr1,gntR1,cgrrev06595,cgrrev06595,1,curated_positive,R,0,1,0,0,0,,ChIP-chip,0.4,0,1,1,GEO_GSE58632_GntR1,1,0,,0,0,0,0,,,,0,0,0,0,0,0,0,,,,0,0,0,0,,,,,,8,0,0,,0,,1,GEO_GSE58632_GntR1,ATCC13032,Strain_R,0
gntr1,gntR1,cgrrev06866,cgrrev06866,1,curated_positive,R,0,1,0,0,0,,ChIP-chip,0.4,0,1,1,GEO_GSE58632_GntR1,1,0,,0,0,0,0,,,,0,0,0,0,0,0,0,,,,0,0,0,0,,,,,,8,0,0,,0,,1,GEO_GSE58632_GntR1,ATCC13032,Strain_R,0
gntr1,gntR1,cgrrev06867,cgrrev06867,1,curated_positive,R,0,1,0,0,0,,ChIP-chip,0.4,0,1,1,GEO_GSE58632_GntR1,1,0,,0,0,0,0,,,,0,0,0,0,0,0,0,,,,0,0,0,0,,,,,,8,0,0,,0,,1,GEO_GSE58632_GntR1,ATCC13032,Strain_R,0
gntr1,gntR1,cgrrev06868,cgrrev06868,1,curated_positive,R,0,1,0,0,0,,ChIP-chip,0.4,0,1,1,GEO_GSE58632_GntR1,1,0,,0,0,0,0,,,,0,0,0,0,0,0,0,,,,0,0,0,0,,,,,,8,0,0,,0,,1,GEO_GSE58632_GntR1,ATCC13032,Strain_R,0
gntr1,gntR1,cgrrev06869,cgrrev06869,1,curated_positive,R,0,1,0,0,0,,ChIP-chip,0.4,0,1,1,GEO_GSE58632_GntR1,1,0,,0,0,0,0,,,,0,0,0,0,0,0,0,,,,0,0,0,0,,,,,,8,0,0,,0,,1,GEO_GSE58632_GntR1,ATCC13032,Strain_R,0
gntr1,gntR1,cgrrev07963,cgrrev07963,1,curated_positive,R,0,1,0,0,0,,ChIP-chip,0.4,0,1,1,GEO_GSE58632_GntR1,1,0,,0,0,0,0,,,,0,0,0,0,0,0,0,,,,0,0,0,0,,,,,,8,0,0,,0,,1,GEO_GSE58632_GntR1,ATCC13032,Strain_R,0
gntr1,gntR1,cgrrev07964,cgrrev07964,1,curated_positive,R,0,1,0,0,0,,ChIP-chip,0.4,0,1,1,GEO_GSE58632_GntR1,1,0,,0,0,0,0,,,,0,0,0,0,0,0,0,,,,0,0,0,0,,,,,,8,0,0,,0,,1,GEO_GSE58632_GntR1,ATCC13032,Strain_R,0
gntr1,gntR1,cgrrev07965,cgrrev07965,1,curated_positive,R,0,1,0,0,0,,ChIP-chip,0.4,0,1,1,GEO_GSE58632_GntR1,1,0,,0,0,0,0,,,,0,0,0,0,0,0,0,,,,0,0,0,0,,,,,,8,0,0,,0,,1,GEO_GSE58632_GntR1,ATCC13032,Strain_R,0
gntr1,gntR1,cgrrev07966,cgrrev07966,1,curated_positive,R,0,1,0,0,0,,ChIP-chip,0.4,0,1,1,GEO_GSE58632_GntR1,1,0,,0,0,0,0,,,,0,0,0,0,0,0,0,,,,0,0,0,0,,,,,,8,0,0,,0,,1,GEO_GSE58632_GntR1,ATCC13032,Strain_R,0
gntr1,gntR1,cgrrev07967,cgrrev07967,1,curated_positive,R,0,1,0,0,0,,ChIP-chip,0.4,0,1,1,GEO_GSE58632_GntR1,1,0,,0,0,0,0,,,,0,0,0,0,0,0,0,,,,0,0,0,0,,,,,,8,0,0,,0,,1,GEO_GSE58632_GntR1,ATCC13032,Strain_R,0
gntr1,gntR1,cgrrev07968,cgrrev07968,1,curated_positive,R,0,1,0,0,0,,ChIP-chip,0.4,0,1,1,GEO_GSE58632_GntR1,1,0,,0,0,0,0,,,,0,0,0,0,0,0,0,,,,0,0,0,0,,,,,,8,0,0,,0,,1,GEO_GSE58632_GntR1,ATCC13032,Strain_R,0
gntr1,gntR1,cgrrev08085,cgrrev08085,1,curated_positive,R,0,1,0,0,0,,ChIP-chip,0.4,0,1,1,GEO_GSE58632_GntR1,1,0,,0,0,0,0,,,,0,0,0,0,0,0,0,,,,0,0,0,0,,,,,,8,0,0,,0,,1,GEO_GSE58632_GntR1,ATCC13032,Strain_R,0
gntr1,gntR1,cgrrev08296,cgrrev08296,1,curated_positive,R,0,1,0,0,0,,ChIP-chip,0.4,0,1,1,GEO_GSE58632_GntR1,1,0,,0,0,0,0,,,,0,0,0,0,0,0,0,,,,0,0,0,0,,,,,,8,0,0,,0,,1,GEO_GSE58632_GntR1,ATCC13032,Strain_R,0
gntr1,gntR1,cgrrev08297,cgrrev08297,1,curated_positive,R,0,1,0,0,0,,ChIP-chip,0.4,0,1,1,GEO_GSE58632_GntR1,1,0,,0,0,0,0,,,,0,0,0,0,0,0,0,,,,0,0,0,0,,,,,,8,0,0,,0,,1,GEO_GSE58632_GntR1,ATCC13032,Strain_R,0
gntr1,gntR1,cgrrev08298,cgrrev08298,1,curated_positive,R,0,1,0,0,0,,ChIP-chip,0.4,0,1,1,GEO_GSE58632_GntR1,1,0,,0,0,0,0,,,,0,0,0,0,0,0,0,,,,0,0,0,0,,,,,,8,0,0,,0,,1,GEO_GSE58632_GntR1,ATCC13032,Strain_R,0
gntr1,gntR1,cgrrev08299,cgrrev08299,1,curated_positive,R,0,1,0,0,0,,ChIP-chip,0.4,0,1,1,GEO_GSE58632_GntR1,1,0,,0,0,0,0,,,,0,0,0,0,0,0,0,,,,0,0,0,0,,,,,,8,0,0,,0,,1,GEO_GSE58632_GntR1,ATCC13032,Strain_R,0
gntr1,gntR1,cgrrev08397,cgrrev08397,1,curated_positive,R,0,1,0,0,0,,ChIP-chip,0.4,0,1,1,GEO_GSE58632_GntR1,1,0,,0,0,0,0,,,,0,0,0,0,0,0,0,,,,0,0,0,0,,,,,,8,0,0,,0,,1,GEO_GSE58632_GntR1,ATCC13032,Strain_R,0
gntr1,gntR1,cgrrev08398,cgrrev08398,1,curated_positive,R,0,1,0,0,0,,ChIP-chip,0.4,0,1,1,GEO_GSE58632_GntR1,1,0,,0,0,0,0,,,,0,0,0,0,0,0,0,,,,0,0,0,0,,,,,,8,0,0,,0,,1,GEO_GSE58632_GntR1,ATCC13032,Strain_R,0
gntr1,gntR1,cgrrev08399,cgrrev08399,1,curated_positive,R,0,1,0,0,0,,ChIP-chip,0.4,0,1,1,GEO_GSE58632_GntR1,1,0,,0,0,0,0,,,,0,0,0,0,0,0,0,,,,0,0,0,0,,,,,,8,0,0,,0,,1,GEO_GSE58632_GntR1,ATCC13032,Strain_R,0
gntr1,gntR1,cgrrev08400,cgrrev08400,1,curated_positive,R,0,1,0,0,0,,ChIP-chip,0.4,0,1,1,GEO_GSE58632_GntR1,1,0,,0,0,0,0,,,,0,0,0,0,0,0,0,,,,0,0,0,0,,,,,,8,0,0,,0,,1,GEO_GSE58632_GntR1,ATCC13032,Strain_R,0
gntr1,gntR1,cgrrev08401,cgrrev08401,1,curated_positive,R,0,1,0,0,0,,ChIP-chip,0.4,0,1,1,GEO_GSE58632_GntR1,1,0,,0,0,0,0,,,,0,0,0,0,0,0,0,,,,0,0,0,0,,,,,,8,0,0,,0,,1,GEO_GSE58632_GntR1,ATCC13032,Strain_R,0
gntr1,gntR1,cgrrev08402,cgrrev08402,1,curated_positive,R,0,1,0,0,0,,ChIP-chip,0.4,0,1,1,GEO_GSE58632_GntR1,1,0,,0,0,0,0,,,,0,0,0,0,0,0,0,,,,0,0,0,0,,,,,,8,0,0,,0,,1,GEO_GSE58632_GntR1,ATCC13032,Strain_R,0
gntr1,gntR1,cgrrev08403,cgrrev08403,1,curated_positive,R,0,1,0,0,0,,ChIP-chip,0.4,0,1,1,GEO_GSE58632_GntR1,1,0,,0,0,0,0,,,,0,0,0,0,0,0,0,,,,0,0,0,0,,,,,,8,0,0,,0,,1,GEO_GSE58632_GntR1,ATCC13032,Strain_R,0
gntr1,gntR1,cgrrev09118,cgrrev09118,1,curated_positive,R,0,1,0,0,0,,ChIP-chip,0.4,0,1,1,GEO_GSE58632_GntR1,1,0,,0,0,0,0,,,,0,0,0,0,0,0,0,,,,0,0,0,0,,,,,,8,0,0,,0,,1,GEO_GSE58632_GntR1,ATCC13032,Strain_R,0
gntr1,gntR1,cgrrev09119,cgrrev09119,1,curated_positive,R,0,1,0,0,0,,ChIP-chip,0.4,0,1,1,GEO_GSE58632_GntR1,1,0,,0,0,0,0,,,,0,0,0,0,0,0,0,,,,0,0,0,0,,,,,,8,0,0,,0,,1,GEO_GSE58632_GntR1,ATCC13032,Strain_R,0
gntr1,gntR1,cgrrev09120,cgrrev09120,1,curated_positive,R,0,1,0,0,0,,ChIP-chip,0.4,0,1,1,GEO_GSE58632_GntR1,1,0,,0,0,0,0,,,,0,0,0,0,0,0,0,,,,0,0,0,0,,,,,,8,0,0,,0,,1,GEO_GSE58632_GntR1,ATCC13032,Strain_R,0
gntr1,gntR1,cgrrev09121,cgrrev09121,1,curated_positive,R,0,1,0,0,0,,ChIP-chip,0.4,0,1,1,GEO_GSE58632_GntR1,1,0,,0,0,0,0,,,,0,0,0,0,0,0,0,,,,0,0,0,0,,,,,,8,0,0,,0,,1,GEO_GSE58632_GntR1,ATCC13032,Strain_R,0
gntr1,gntR1,cgrrev09122,cgrrev09122,1,curated_positive,R,0,1,0,0,0,,ChIP-chip,0.4,0,1,1,GEO_GSE58632_GntR1,1,0,,0,0,0,0,,,,0,0,0,0,0,0,0,,,,0,0,0,0,,,,,,8,0,0,,0,,1,GEO_GSE58632_GntR1,ATCC13032,Strain_R,0
gntr1,gntR1,cgrrev09123,cgrrev09123,1,curated_positive,R,0,1,0,0,0,,ChIP-chip,0.4,0,1,1,GEO_GSE58632_GntR1,1,0,,0,0,0,0,,,,0,0,0,0,0,0,0,,,,0,0,0,0,,,,,,8,0,0,,0,,1,GEO_GSE58632_GntR1,ATCC13032,Strain_R,0
gntr1,gntR1,cgrrev09124,cgrrev09124,1,curated_positive,R,0,1,0,0,0,,ChIP-chip,0.4,0,1,1,GEO_GSE58632_GntR1,1,0,,0,0,0,0,,,,0,0,0,0,0,0,0,,,,0,0,0,0,,,,,,8,0,0,,0,,1,GEO_GSE58632_GntR1,ATCC13032,Strain_R,0
gntr1,gntR1,cgrrev09385,cgrrev09385,1,curated_positive,R,0,1,0,0,0,,ChIP-chip,0.4,0,1,1,GEO_GSE58632_GntR1,1,0,,0,0,0,0,,,,0,0,0,0,0,0,0,,,,0,0,0,0,,,,,,8,0,0,,0,,1,GEO_GSE58632_GntR1,ATCC13032,Strain_R,0
gntr1,gntR1,cgrrev09386,cgrrev09386,1,curated_positive,R,0,1,0,0,0,,ChIP-chip,0.4,0,1,1,GEO_GSE58632_GntR1,1,0,,0,0,0,0,,,,0,0,0,0,0,0,0,,,,0,0,0,0,,,,,,8,0,0,,0,,1,GEO_GSE58632_GntR1,ATCC13032,Strain_R,0
gntr1,gntR1,cgrrev09387,cgrrev09387,1,curated_positive,R,0,1,0,0,0,,ChIP-chip,0.4,0,1,1,GEO_GSE58632_GntR1,1,0,,0,0,0,0,,,,0,0,0,0,0,0,0,,,,0,0,0,0,,,,,,8,0,0,,0,,1,GEO_GSE58632_GntR1,ATCC13032,Strain_R,0
gntr1,gntR1,cgrrev09388,cgrrev09388,1,curated_positive,R,0,1,0,0,0,,ChIP-chip,0.4,0,1,1,GEO_GSE58632_GntR1,1,0,,0,0,0,0,,,,0,0,0,0,0,0,0,,,,0,0,0,0,,,,,,8,0,0,,0,,1,GEO_GSE58632_GntR1,ATCC13032,Strain_R,0
gntr1,gntR1,cgrrev09701,cgrrev09701,1,curated_positive,R,0,1,0,0,0,,ChIP-chip,0.4,0,1,1,GEO_GSE58632_GntR1,1,0,,0,0,0,0,,,,0,0,0,0,0,0,0,,,,0,0,0,0,,,,,,8,0,0,,0,,1,GEO_GSE58632_GntR1,ATCC13032,Strain_R,0
gntr1,gntR1,cgrrev09702,cgrrev09702,1,curated_positive,R,0,1,0,0,0,,ChIP-chip,0.4,0,1,1,GEO_GSE58632_GntR1,1,0,,0,0,0,0,,,,0,0,0,0,0,0,0,,,,0,0,0,0,,,,,,8,0,0,,0,,1,GEO_GSE58632_GntR1,ATCC13032,Strain_R,0
gntr1,gntR1,cgrrev09703,cgrrev09703,1,curated_positive,R,0,1,0,0,0,,ChIP-chip,0.4,0,1,1,GEO_GSE58632_GntR1,1,0,,0,0,0,0,,,,0,0,0,0,0,0,0,,,,0,0,0,0,,,,,,8,0,0,,0,,1,GEO_GSE58632_GntR1,ATCC13032,Strain_R,0
gntr1,gntR1,cgrrev09704,cgrrev09704,1,curated_positive,R,0,1,0,0,0,,ChIP-chip,0.4,0,1,1,GEO_GSE58632_GntR1,1,0,,0,0,0,0,,,,0,0,0,0,0,0,0,,,,0,0,0,0,,,,,,8,0,0,,0,,1,GEO_GSE58632_GntR1,ATCC13032,Strain_R,0
gntr1,gntR1,cgrrev09705,cgrrev09705,1,curated_positive,R,0,1,0,0,0,,ChIP-chip,0.4,0,1,1,GEO_GSE58632_GntR1,1,0,,0,0,0,0,,,,0,0,0,0,0,0,0,,,,0,0,0,0,,,,,,8,0,0,,0,,1,GEO_GSE58632_GntR1,ATCC13032,Strain_R,0
gntr1,gntR1,cgrrev09732,cgrrev09732,1,curated_positive,R,0,1,0,0,0,,ChIP-chip,0.4,0,1,1,GEO_GSE58632_GntR1,1,0,,0,0,0,0,,,,0,0,0,0,0,0,0,,,,0,0,0,0,,,,,,8,0,0,,0,,1,GEO_GSE58632_GntR1,ATCC13032,Strain_R,0
gntr1,gntR1,cgrrev09767,cgrrev09767,1,curated_positive,R,0,1,0,0,0,,ChIP-chip,0.4,0,1,1,GEO_GSE58632_GntR1,1,0,,0,0,0,0,,,,0,0,0,0,0,0,0,,,,0,0,0,0,,,,,,8,0,0,,0,,1,GEO_GSE58632_GntR1,ATCC13032,Strain_R,0
gntr1,gntR1,cgrrev09768,cgrrev09768,1,curated_positive,R,0,1,0,0,0,,ChIP-chip,0.4,0,1,1,GEO_GSE58632_GntR1,1,0,,0,0,0,0,,,,0,0,0,0,0,0,0,,,,0,0,0,0,,,,,,8,0,0,,0,,1,GEO_GSE58632_GntR1,ATCC13032,Strain_R,0
gntr1,gntR1,cgrrev09769,cgrrev09769,1,curated_positive,R,0,1,0,0,0,,ChIP-chip,0.4,0,1,1,GEO_GSE58632_GntR1,1,0,,0,0,0,0,,,,0,0,0,0,0,0,0,,,,0,0,0,0,,,,,,8,0,0,,0,,1,GEO_GSE58632_GntR1,ATCC13032,Strain_R,0
gntr1,gntR1,cgrrev09786,cgrrev09786,1,curated_positive,R,0,1,0,0,0,,ChIP-chip,0.4,0,1,1,GEO_GSE58632_GntR1,1,0,,0,0,0,0,,,,0,0,0,0,0,0,0,,,,0,0,0,0,,,,,,8,0,0,,0,,1,GEO_GSE58632_GntR1,ATCC13032,Strain_R,0
gntr1,gntR1,cgrrev09787,cgrrev09787,1,curated_positive,R,0,1,0,0,0,,ChIP-chip,0.4,0,1,1,GEO_GSE58632_GntR1,1,0,,0,0,0,0,,,,0,0,0,0,0,0,0,,,,0,0,0,0,,,,,,8,0,0,,0,,1,GEO_GSE58632_GntR1,ATCC13032,Strain_R,0
gntr1,gntR1,cgrrev09788,cgrrev09788,1,curated_positive,R,0,1,0,0,0,,ChIP-chip,0.4,0,1,1,GEO_GSE58632_GntR1,1,0,,0,0,0,0,,,,0,0,0,0,0,0,0,,,,0,0,0,0,,,,,,8,0,0,,0,,1,GEO_GSE58632_GntR1,ATCC13032,Strain_R,0
gntr1,gntR1,cgrrev09789,cgrrev09789,1,curated_positive,R,0,1,0,0,0,,ChIP-chip,0.4,0,1,1,GEO_GSE58632_GntR1,1,0,,0,0,0,0,,,,0,0,0,0,0,0,0,,,,0,0,0,0,,,,,,8,0,0,,0,,1,GEO_GSE58632_GntR1,ATCC13032,Strain_R,0
gntr1,gntR1,cgrrev09790,cgrrev09790,1,curated_positive,R,0,1,0,0,0,,ChIP-chip,0.4,0,1,1,GEO_GSE58632_GntR1,1,0,,0,0,0,0,,,,0,0,0,0,0,0,0,,,,0,0,0,0,,,,,,8,0,0,,0,,1,GEO_GSE58632_GntR1,ATCC13032,Strain_R,0
gntr1,gntR1,cgrrev09791,cgrrev09791,1,curated_positive,R,0,1,0,0,0,,ChIP-chip,0.4,0,1,1,GEO_GSE58632_GntR1,1,0,,0,0,0,0,,,,0,0,0,0,0,0,0,,,,0,0,0,0,,,,,,8,0,0,,0,,1,GEO_GSE58632_GntR1,ATCC13032,Strain_R,0
gntr1,gntR1,cgrrev10784,cgrrev10784,1,curated_positive,R,0,1,0,0,0,,ChIP-chip,0.4,0,1,1,GEO_GSE58632_GntR1,1,0,,0,0,0,0,,,,0,0,0,0,0,0,0,,,,0,0,0,0,,,,,,8,0,0,,0,,1,GEO_GSE58632_GntR1,ATCC13032,Strain_R,0
gntr1,gntR1,cgrrev10785,cgrrev10785,1,curated_positive,R,0,1,0,0,0,,ChIP-chip,0.4,0,1,1,GEO_GSE58632_GntR1,1,0,,0,0,0,0,,,,0,0,0,0,0,0,0,,,,0,0,0,0,,,,,,8,0,0,,0,,1,GEO_GSE58632_GntR1,ATCC13032,Strain_R,0
gntr1,gntR1,cgrrev12067,cgrrev12067,1,curated_positive,R,0,1,0,0,0,,ChIP-chip,0.4,0,1,1,GEO_GSE58632_GntR1,1,0,,0,0,0,0,,,,0,0,0,0,0,0,0,,,,0,0,0,0,,,,,,8,0,0,,0,,1,GEO_GSE58632_GntR1,ATCC13032,Strain_R,0
gntr1,gntR1,cgrrev12068,cgrrev12068,1,curated_positive,R,0,1,0,0,0,,ChIP-chip,0.4,0,1,1,GEO_GSE58632_GntR1,1,0,,0,0,0,0,,,,0,0,0,0,0,0,0,,,,0,0,0,0,,,,,,8,0,0,,0,,1,GEO_GSE58632_GntR1,ATCC13032,Strain_R,0
gntr1,gntR1,cgrrev12069,cgrrev12069,1,curated_positive,R,0,1,0,0,0,,ChIP-chip,0.4,0,1,1,GEO_GSE58632_GntR1,1,0,,0,0,0,0,,,,0,0,0,0,0,0,0,,,,0,0,0,0,,,,,,8,0,0,,0,,1,GEO_GSE58632_GntR1,ATCC13032,Strain_R,0
gntr1,gntR1,cgrrev12070,cgrrev12070,1,curated_positive,R,0,1,0,0,0,,ChIP-chip,0.4,0,1,1,GEO_GSE58632_GntR1,1,0,,0,0,0,0,,,,0,0,0,0,0,0,0,,,,0,0,0,0,,,,,,8,0,0,,0,,1,GEO_GSE58632_GntR1,ATCC13032,Strain_R,0
gntr1,gntR1,cgrrev12195,cgrrev12195,1,curated_positive,R,0,1,0,0,0,,ChIP-chip,0.4,0,1,1,GEO_GSE58632_GntR1,1,0,,0,0,0,0,,,,0,0,0,0,0,0,0,,,,0,0,0,0,,,,,,8,0,0,,0,,1,GEO_GSE58632_GntR1,ATCC13032,Strain_R,0
gntr1,gntR1,cgrrev12196,cgrrev12196,1,curated_positive,R,0,1,0,0,0,,ChIP-chip,0.4,0,1,1,GEO_GSE58632_GntR1,1,0,,0,0,0,0,,,,0,0,0,0,0,0,0,,,,0,0,0,0,,,,,,8,0,0,,0,,1,GEO_GSE58632_GntR1,ATCC13032,Strain_R,0
gntr1,gntR1,cgrrev12428,cgrrev12428,1,curated_positive,R,0,1,0,0,0,,ChIP-chip,0.4,0,1,1,GEO_GSE58632_GntR1,1,0,,0,0,0,0,,,,0,0,0,0,0,0,0,,,,0,0,0,0,,,,,,8,0,0,,0,,1,GEO_GSE58632_GntR1,ATCC13032,Strain_R,0
gntr1,gntR1,cgrrev12429,cgrrev12429,1,curated_positive,R,0,1,0,0,0,,ChIP-chip,0.4,0,1,1,GEO_GSE58632_GntR1,1,0,,0,0,0,0,,,,0,0,0,0,0,0,0,,,,0,0,0,0,,,,,,8,0,0,,0,,1,GEO_GSE58632_GntR1,ATCC13032,Strain_R,0
gntr1,gntR1,cgrrev14322,cgrrev14322,1,curated_positive,R,0,1,0,0,0,,ChIP-chip,0.4,0,1,1,GEO_GSE58632_GntR1,1,0,,0,0,0,0,,,,0,0,0,0,0,0,0,,,,0,0,0,0,,,,,,8,0,0,,0,,1,GEO_GSE58632_GntR1,ATCC13032,Strain_R,0
gntr1,gntR1,cgrrev15643,cgrrev15643,1,curated_positive,R,0,1,0,0,0,,ChIP-chip,0.4,0,1,1,GEO_GSE58632_GntR1,1,0,,0,0,0,0,,,,0,0,0,0,0,0,0,,,,0,0,0,0,,,,,,8,0,0,,0,,1,GEO_GSE58632_GntR1,ATCC13032,Strain_R,0
gntr1,gntR1,cgrrev15786,cgrrev15786,1,curated_positive,R,0,1,0,0,0,,ChIP-chip,0.4,0,1,1,GEO_GSE58632_GntR1,1,0,,0,0,0,0,,,,0,0,0,0,0,0,0,,,,0,0,0,0,,,,,,8,0,0,,0,,1,GEO_GSE58632_GntR1,ATCC13032,Strain_R,0
gntr1,gntR1,cgrrev15787,cgrrev15787,1,curated_positive,R,0,1,0,0,0,,ChIP-chip,0.4,0,1,1,GEO_GSE58632_GntR1,1,0,,0,0,0,0,,,,0,0,0,0,0,0,0,,,,0,0,0,0,,,,,,8,0,0,,0,,1,GEO_GSE58632_GntR1,ATCC13032,Strain_R,0
gntr1,gntR1,cgrrev15788,cgrrev15788,1,curated_positive,R,0,1,0,0,0,,ChIP-chip,0.4,0,1,1,GEO_GSE58632_GntR1,1,0,,0,0,0,0,,,,0,0,0,0,0,0,0,,,,0,0,0,0,,,,,,8,0,0,,0,,1,GEO_GSE58632_GntR1,ATCC13032,Strain_R,0
gntr1,gntR1,cgrrev15789,cgrrev15789,1,curated_positive,R,0,1,0,0,0,,ChIP-chip,0.4,0,1,1,GEO_GSE58632_GntR1,1,0,,0,0,0,0,,,,0,0,0,0,0,0,0,,,,0,0,0,0,,,,,,8,0,0,,0,,1,GEO_GSE58632_GntR1,ATCC13032,Strain_R,0
gntr1,gntR1,cgrrev15809,cgrrev15809,1,curated_positive,R,0,1,0,0,0,,ChIP-chip,0.4,0,1,1,GEO_GSE58632_GntR1,1,0,,0,0,0,0,,,,0,0,0,0,0,0,0,,,,0,0,0,0,,,,,,8,0,0,,0,,1,GEO_GSE58632_GntR1,ATCC13032,Strain_R,0
gntr1,gntR1,cgrrev15957,cgrrev15957,1,curated_positive,R,0,1,0,0,0,,ChIP-chip,0.4,0,1,1,GEO_GSE58632_GntR1,1,0,,0,0,0,0,,,,0,0,0,0,0,0,0,,,,0,0,0,0,,,,,,8,0,0,,0,,1,GEO_GSE58632_GntR1,ATCC13032,Strain_R,0
gntr1,gntR1,cgrrev16025,cgrrev16025,1,curated_positive,R,0,1,0,0,0,,ChIP-chip,0.4,0,1,1,GEO_GSE58632_GntR1,1,0,,0,0,0,0,,,,0,0,0,0,0,0,0,,,,0,0,0,0,,,,,,8,0,0,,0,,1,GEO_GSE58632_GntR1,ATCC13032,Strain_R,0
gntr1,gntR1,cgrrev16026,cgrrev16026,1,curated_positive,R,0,1,0,0,0,,ChIP-chip,0.4,0,1,1,GEO_GSE58632_GntR1,1,0,,0,0,0,0,,,,0,0,0,0,0,0,0,,,,0,0,0,0,,,,,,8,0,0,,0,,1,GEO_GSE58632_GntR1,ATCC13032,Strain_R,0
gntr1,gntR1,cgrrev16027,cgrrev16027,1,curated_positive,R,0,1,0,0,0,,ChIP-chip,0.4,0,1,1,GEO_GSE58632_GntR1,1,0,,0,0,0,0,,,,0,0,0,0,0,0,0,,,,0,0,0,0,,,,,,8,0,0,,0,,1,GEO_GSE58632_GntR1,ATCC13032,Strain_R,0
gntr1,gntR1,cgrrev16028,cgrrev16028,1,curated_positive,R,0,1,0,0,0,,ChIP-chip,0.4,0,1,1,GEO_GSE58632_GntR1,1,0,,0,0,0,0,,,,0,0,0,0,0,0,0,,,,0,0,0,0,,,,,,8,0,0,,0,,1,GEO_GSE58632_GntR1,ATCC13032,Strain_R,0
gntr1,gntR1,cgrrev16029,cgrrev16029,1,curated_positive,R,0,1,0,0,0,,ChIP-chip,0.4,0,1,1,GEO_GSE58632_GntR1,1,0,,0,0,0,0,,,,0,0,0,0,0,0,0,,,,0,0,0,0,,,,,,8,0,0,,0,,1,GEO_GSE58632_GntR1,ATCC13032,Strain_R,0
gntr1,gntR1,cgrrev16654,cgrrev16654,1,curated_positive,R,0,1,0,0,0,,ChIP-chip,0.4,0,1,1,GEO_GSE58632_GntR1,1,0,,0,0,0,0,,,,0,0,0,0,0,0,0,,,,0,0,0,0,,,,,,8,0,0,,0,,1,GEO_GSE58632_GntR1,ATCC13032,Strain_R,0
gntr1,gntR1,cgrrev16655,cgrrev16655,1,curated_positive,R,0,1,0,0,0,,ChIP-chip,0.4,0,1,1,GEO_GSE58632_GntR1,1,0,,0,0,0,0,,,,0,0,0,0,0,0,0,,,,0,0,0,0,,,,,,8,0,0,,0,,1,GEO_GSE58632_GntR1,ATCC13032,Strain_R,0
gntr1,gntR1,cgrrev16656,cgrrev16656,1,curated_positive,R,0,1,0,0,0,,ChIP-chip,0.4,0,1,1,GEO_GSE58632_GntR1,1,0,,0,0,0,0,,,,0,0,0,0,0,0,0,,,,0,0,0,0,,,,,,8,0,0,,0,,1,GEO_GSE58632_GntR1,ATCC13032,Strain_R,0
gntr1,gntR1,cgrrev16885,cgrrev16885,1,curated_positive,R,0,1,0,0,0,,ChIP-chip,0.4,0,1,1,GEO_GSE58632_GntR1,1,0,,0,0,0,0,,,,0,0,0,0,0,0,0,,,,0,0,0,0,,,,,,8,0,0,,0,,1,GEO_GSE58632_GntR1,ATCC13032,Strain_R,0
gntr1,gntR1,cgrrev16886,cgrrev16886,1,curated_positive,R,0,1,0,0,0,,ChIP-chip,0.4,0,1,1,GEO_GSE58632_GntR1,1,0,,0,0,0,0,,,,0,0,0,0,0,0,0,,,,0,0,0,0,,,,,,8,0,0,,0,,1,GEO_GSE58632_GntR1,ATCC13032,Strain_R,0
gntr1,gntR1,cgrrev16887,cgrrev16887,1,curated_positive,R,0,1,0,0,0,,ChIP-chip,0.4,0,1,1,GEO_GSE58632_GntR1,1,0,,0,0,0,0,,,,0,0,0,0,0,0,0,,,,0,0,0,0,,,,,,8,0,0,,0,,1,GEO_GSE58632_GntR1,ATCC13032,Strain_R,0
gntr1,gntR1,cgrrev16888,cgrrev16888,1,curated_positive,R,0,1,0,0,0,,ChIP-chip,0.4,0,1,1,GEO_GSE58632_GntR1,1,0,,0,0,0,0,,,,0,0,0,0,0,0,0,,,,0,0,0,0,,,,,,8,0,0,,0,,1,GEO_GSE58632_GntR1,ATCC13032,Strain_R,0
gntr1,gntR1,cgrrev16889,cgrrev16889,1,curated_positive,R,0,1,0,0,0,,ChIP-chip,0.4,0,1,1,GEO_GSE58632_GntR1,1,0,,0,0,0,0,,,,0,0,0,0,0,0,0,,,,0,0,0,0,,,,,,8,0,0,,0,,1,GEO_GSE58632_GntR1,ATCC13032,Strain_R,0
gntr1,gntR1,cgrrev16890,cgrrev16890,1,curated_positive,R,0,1,0,0,0,,ChIP-chip,0.4,0,1,1,GEO_GSE58632_GntR1,1,0,,0,0,0,0,,,,0,0,0,0,0,0,0,,,,0,0,0,0,,,,,,8,0,0,,0,,1,GEO_GSE58632_GntR1,ATCC13032,Strain_R,0
gntr1,gntR1,cgrrev17848,cgrrev17848,1,curated_positive,R,0,1,0,0,0,,ChIP-chip,0.4,0,1,1,GEO_GSE58632_GntR1,1,0,,0,0,0,0,,,,0,0,0,0,0,0,0,,,,0,0,0,0,,,,,,8,0,0,,0,,1,GEO_GSE58632_GntR1,ATCC13032,Strain_R,0
gntr1,gntR1,cgrrev17849,cgrrev17849,1,curated_positive,R,0,1,0,0,0,,ChIP-chip,0.4,0,1,1,GEO_GSE58632_GntR1,1,0,,0,0,0,0,,,,0,0,0,0,0,0,0,,,,0,0,0,0,,,,,,8,0,0,,0,,1,GEO_GSE58632_GntR1,ATCC13032,Strain_R,0
gntr1,gntR1,cgrrev17864,cgrrev17864,1,curated_positive,R,0,1,0,0,0,,ChIP-chip,0.4,0,1,1,GEO_GSE58632_GntR1,1,0,,0,0,0,0,,,,0,0,0,0,0,0,0,,,,0,0,0,0,,,,,,8,0,0,,0,,1,GEO_GSE58632_GntR1,ATCC13032,Strain_R,0
gntr1,gntR1,cgrrev17962,cgrrev17962,1,curated_positive,R,0,1,0,0,0,,ChIP-chip,0.4,0,1,1,GEO_GSE58632_GntR1,1,0,,0,0,0,0,,,,0,0,0,0,0,0,0,,,,0,0,0,0,,,,,,8,0,0,,0,,1,GEO_GSE58632_GntR1,ATCC13032,Strain_R,0
cg3261,cg3261,cgl1355,cgl1355,0,sampled_negative,unknown,0,0,0,0,0,,,0,0,0,0,,0,0,,0,0,0,0,,,,0,1,1,0,0,0,0,,,,0,0,0,0,,,,,,8,0,0,,0,,0,,,,0
cg3352,cg3352,cg0009,cg0009,0,sampled_negative,unknown,0,0,0,0,0,,,0,0,0,0,,0,0,,0,0,0,0,,,,0,0,0,0,0,0,0,,,,0,0,0,0,,,,,,8,0,0,,0,,0,,,,0
cg0112,cg0112,cgrrev06595,cgrrev06595,0,sampled_negative,unknown,0,0,0,0,0,,,0,0,0,0,,0,0,,0,0,0,0,,,,0,0,0,0,0,0,0,,,,1,0,0,0,,,,,,8,0,0,,0,,0,,,,0
cg1218,cg1218,lcl_nc_006958_1_prot_wp_011014349_1_1378,lcl_nc_006958_1_prot_wp_011014349_1_1378,0,sampled_negative,unknown,0,0,0,0,0,,,0,0,0,0,,0,0,,0,0,0,0,,,,0,1,1,0,0,0,0,,,,2,0,0,0,,,,,,8,0,1,,0,,0,,,,0
cg0146,cg0146,cg1248,cg1248,0,sampled_negative,unknown,0,0,0,0,0,,,0,0,0,0,,0,0,,0,0,0,0,,,,0,1,1,0,0,0,0,,,,0,0,0,0,,,,,,8,1,0,,1,,0,,,,0
cg3239,cg3239,cgl2793,cgl2793,0,sampled_negative,unknown,0,0,0,0,0,,,0,0,0,0,,0,0,,0,0,0,0,,,,0,6,6,0,0,0,0,,,,0,0,0,0,,,,,,8,0,1,,0,,0,,,,0
cg3082,cg3082,cgl2615,cgl2615,0,sampled_negative,unknown,0,0,0,0,0,,,0,0,0,0,,0,0,,0,0,0,0,,,,0,1,1,0,0,0,0,,,,0,0,0,0,,,,,,8,0,1,,0,,0,,,,0
cg2102,cg2102,cgl1197,cgl1197,0,sampled_negative,unknown,0,0,0,0,0,,,0,0,0,0,,0,0,,0,0,0,0,,,,0,6,6,0,0,0,0,,,,0,0,0,0,,,,,,8,0,0,,0,Group_2_sigma,0,,,,0
cg1410,cg1410,cg0263,cg0263,0,sampled_negative,unknown,0,0,0,0,0,,,0,0,0,0,,0,0,,0,0,0,0,,,,0,6,6,0,0,0,0,,,,2,0,0,0,,,,,,8,0,0,,0,,0,,,,0
cg1410,cg1410,cgl1835,cgl1835,0,sampled_negative,unknown,0,0,0,0,0,,,0,0,0,0,,0,0,,0,0,0,0,,,,0,1,1,0,0,0,0,,,,2,0,0,0,,,,,,8,0,0,,0,,0,,,,0
cg0019,cg0019,ncgl1144,ncgl1144,0,sampled_negative,unknown,0,0,0,0,0,,,0,0,0,0,,0,0,,0,0,0,0,,,,0,0,0,0,0,0,0,,,,0,0,0,0,,,,,,8,0,0,,0,,0,,,,0
cg2152,cg2152,lcl_nc_006958_1_prot_wp_011015547_1_2855,lcl_nc_006958_1_prot_wp_011015547_1_2855,0,sampled_negative,unknown,0,0,0,0,0,,,0,0,0,0,,0,0,,0,0,0,0,,,,0,1,1,0,0,0,0,,,,0,0,0,0,,,,,,8,0,0,,0,,0,,,,0
cg2103,cg2103,cg2610,cg2610,0,sampled_negative,unknown,0,0,0,0,0,,,0,0,0,0,,0,0,,0,0,0,0,,,,0,0,0,0,0,0,0,,,,0,0,0,0,,,,,,8,0,0,,0,,0,,,,0
cg0565,cg0565,cgl1926,cgl1926,0,sampled_negative,unknown,0,0,0,0,0,,,0,0,0,0,,0,0,,0,0,0,0,,,,0,1,1,0,0,0,0,,,,0,0,0,0,,,,,,8,0,1,,0,,0,,,,0
cg2112,cg2112,cg0812,cg0812,0,sampled_negative,unknown,0,0,0,0,0,,,0,0,0,0,,0,0,,0,0,0,0,,,,0,0,0,0,0,0,0,,,,1,0,0,0,,,,,,8,0,1,,0,,0,,,,0
cg2102,cg2102,cgl2732,cgl2732,0,sampled_negative,unknown,0,0,0,0,0,,,0,0,0,0,,0,0,,0,0,0,0,,,,0,22,6,0,0,0,0,,,,0,0,0,0,,,,,,8,0,0,,0,Group_2_sigma,0,,,,0
cg1218,cg1218,lcl_nc_006958_1_prot_wp_011015298_1_2550,lcl_nc_006958_1_prot_wp_011015298_1_2550,0,sampled_negative,unknown,0,0,0,0,0,,,0,0,0,0,,0,0,,0,0,0,0,,,,0,2,1,0,0,0,0,,,,2,0,0,0,,,,,,8,0,1,,0,,0,,,,0
cg2965,cg2965,cg1157,cg1157,0,sampled_negative,unknown,0,0,0,0,0,,,0,0,0,0,,0,0,,0,0,0,0,,,,0,6,6,0,0,0,0,,,,0,0,0,0,,,,,,8,1,0,,0,,0,,,,0
cg1218,cg1218,cgl0158,cgl0158,0,sampled_negative,unknown,0,0,0,0,0,,,0,0,0,0,,0,0,,0,0,0,0,,,,0,6,6,0,0,0,0,,,,2,0,0,0,,,,,,8,0,1,,0,,0,,,,0
cg0051,cg0051,cgrfwd01796,cgrfwd01796,0,sampled_negative,unknown,0,0,0,0,0,,,0,0,0,0,,0,0,,0,0,0,0,,,,0,0,0,0,0,0,0,,,,3,0,0,0,,,,,,8,0,0,,0,,0,,,,0
cg1831,cg1831,lcl_nc_006958_1_prot_wp_011014250_1_1238,lcl_nc_006958_1_prot_wp_011014250_1_1238,0,sampled_negative,unknown,0,0,0,0,0,,,0,0,0,0,,0,0,,0,0,0,0,,,,0,1,1,0,0,0,0,,,,0,0,0,0,,,,,,8,0,0,,0,,0,,,,0
cg2888,cg2888,cg2716,cg2716,0,sampled_negative,unknown,0,0,0,0,0,,,0,0,0,0,,0,0,,0,0,0,0,,,,0,11,6,0,0,0,0,,,,0,0,0,0,,,,,,8,2,0,,0,,0,,,,0
cg1831,cg1831,cg0556,cg0556,0,sampled_negative,unknown,0,0,0,0,0,,,0,0,0,0,,0,0,,0,0,0,0,,,,0,12,6,0,0,0,0,,,,0,0,0,0,,,,,,8,0,0,,0,,0,,,,0
cg0897,cg0897,lcl_nc_006958_1_prot_wp_011014207_1_1181,lcl_nc_006958_1_prot_wp_011014207_1_1181,0,sampled_negative,unknown,0,0,0,0,0,,,0,0,0,0,,0,0,,0,0,0,0,,,,0,1,1,0,0,0,0,,,,0,0,0,0,,,,,,8,0,1,,0,,0,,,,0
cg2115,cg2115,cgl1684,cgl1684,0,sampled_negative,unknown,0,0,0,0,0,,,0,0,0,0,,0,0,,0,0,0,0,,,,0,2,1,0,0,0,0,,,,0,0,0,0,,,,,,8,0,0,,0,,0,,,,0
cg0343,cg0343,lcl_nc_006958_1_prot_wp_003863105_1_2479,lcl_nc_006958_1_prot_wp_003863105_1_2479,0,sampled_negative,unknown,0,0,0,0,0,,,0,0,0,0,,0,0,,0,0,0,0,,,,0,1,1,0,0,0,0,,,,0,0,0,0,,,,,,8,0,0,,0,,0,,,,0
cg0317,cg0317,cg2505,cg2505,0,sampled_negative,unknown,0,0,0,0,0,,,0,0,0,0,,0,0,,0,0,0,0,,,,0,2,1,0,0,0,0,,,,2,1,1,0,,,,,,8,0,0,,0,,0,,,,0
cg1547,cg1547,cgrfwd05404,cgrfwd05404,0,sampled_negative,unknown,0,0,0,0,0,,,0,0,0,0,,0,0,,0,0,0,0,,,,0,0,0,0,0,0,0,,,,0,0,0,0,,,,,,8,0,0,,0,,0,,,,0
cg0196,cg0196,cgl0072,cgl0072,0,sampled_negative,unknown,0,0,0,0,0,,,0,0,0,0,,0,0,,0,0,0,0,,,,0,6,6,0,0,0,0,,,,0,0,0,0,,,,,,8,0,0,,0,,0,,,,0
cg1032,cg1032,cgrrev09702,cgrrev09702,0,sampled_negative,unknown,0,0,0,0,0,,,0,0,0,0,,0,0,,0,0,0,0,,,,0,0,0,0,0,0,0,,,,0,0,0,0,,,,,,8,0,2,,0,,0,,,,0
cg0565,cg0565,ncgl0161,ncgl0161,0,sampled_negative,unknown,0,0,0,0,0,,,0,0,0,0,,0,0,,0,0,0,0,,,,0,0,0,0,0,0,0,,,,0,0,0,0,,,,,,8,0,1,,0,,0,,,,0
cg1831,cg1831,cgl1268,cgl1268,0,sampled_negative,unknown,0,0,0,0,0,,,0,0,0,0,,0,0,,0,0,0,0,,,,0,13,7,0,0,0,0,,,,0,0,0,0,,,,,,8,0,0,,0,,0,,,,0
cg1817,cg1817,cg2736,cg2736,0,sampled_negative,unknown,0,0,0,0,0,,,0,0,0,0,,0,0,,0,0,0,0,,,,0,0,0,0,0,0,0,,,,6,0,0,0,,,,,,8,0,0,,0,,0,,,,0
cg1861,cg1861,cgl2699,cgl2699,0,sampled_negative,unknown,0,0,0,0,0,,,0,0,0,0,,0,0,,0,0,0,0,,,,0,18,6,0,0,0,0,,,,12,1,5,0,,,,,,8,0,0,,0,,0,,,,0
cg1585,cg1585,cg2517,cg2517,0,sampled_negative,unknown,0,0,0,0,0,,,0,0,0,0,,0,0,,0,0,0,0,,,,0,6,6,0,0,0,0,,,,0,0,0,0,,,,,,8,0,1,,0,,0,,,,0
gntr1,gntr1,cg0992,cg0992,0,sampled_negative,unknown,0,0,0,0,0,,,0,0,0,0,,0,0,,0,0,0,0,,,,0,0,0,0,0,0,0,,,,0,0,0,0,,,,,,8,1,0,,0,,0,,,,0
cg0215,cg0215,cg2546,cg2546,0,sampled_negative,unknown,0,0,0,0,0,,,0,0,0,0,,0,0,,0,0,0,0,,,,0,2,1,0,0,0,0,,,,0,0,0,0,,,,,,8,0,0,,0,,0,,,,0
cg0800,cg0800,cgrrev07965,cgrrev07965,0,sampled_negative,unknown,0,0,0,0,0,,,0,0,0,0,,0,0,,0,0,0,0,,,,0,0,0,0,0,0,0,,,,0,0,0,0,,,,,,8,0,0,,0,,0,,,,0
cg3315,cg3315,cgl1904,cgl1904,0,sampled_negative,unknown,0,0,0,0,0,,,0,0,0,0,,0,0,,0,0,0,0,,,,0,1,1,0,0,0,0,,,,0,0,0,0,,,,,,8,0,0,,0,,0,,,,0
cg2624,cg2624,lcl_nc_006958_1_prot_wp_080558841_1_2909,lcl_nc_006958_1_prot_wp_080558841_1_2909,0,sampled_negative,unknown,0,0,0,0,0,,,0,0,0,0,,0,0,,0,0,0,0,,,,0,1,1,0,0,0,0,,,,0,0,0,0,,,,,,8,0,0,,0,,0,,,,0
cg0371,cg0371,cg1165,cg1165,0,sampled_negative,unknown,0,0,0,0,0,,,0,0,0,0,,0,0,,0,0,0,0,,,,0,18,7,0,0,0,0,,,,0,0,0,0,,,,,,8,0,0,,0,,0,,,,0
cg3261,cg3261,ncgl1159,ncgl1159,0,sampled_negative,unknown,0,0,0,0,0,,,0,0,0,0,,0,0,,0,0,0,0,,,,0,0,0,0,0,0,0,,,,0,0,0,0,,,,,,8,0,0,,0,,0,,,,0
cg1552,cg1552,cg2492,cg2492,0,sampled_negative,unknown,0,0,0,0,0,,,0,0,0,0,,0,0,,0,0,0,0,,,,0,6,6,0,0,0,0,,,,2,0,0,0,,,,,,8,0,0,,0,,0,,,,0
cg0371,cg0371,cg1150,cg1150,0,sampled_negative,unknown,0,0,0,0,0,,,0,0,0,0,,0,0,,0,0,0,0,,,,0,1,1,0,0,0,0,,,,0,0,0,0,,,,,,8,1,0,,0,,0,,,,0
cg3261,cg3261,lcl_nc_006958_1_prot_wp_003863669_1_2314,lcl_nc_006958_1_prot_wp_003863669_1_2314,0,sampled_negative,unknown,0,0,0,0,0,,,0,0,0,0,,0,0,,0,0,0,0,,,,0,1,1,0,0,0,0,,,,0,0,0,0,,,,,,8,0,0,,0,,0,,,,0
cg0986,cg0986,cg1765,cg1765,0,sampled_negative,unknown,0,0,0,0,0,,,0,0,0,0,,0,0,,0,0,0,0,,,,0,0,0,0,0,0,0,,,,0,0,0,0,,,,,,8,1,0,,0,,0,,,,0
cg0371,cg0371,cgl1108,cgl1108,0,sampled_negative,unknown,0,0,0,0,0,,,0,0,0,0,,0,0,,0,0,0,0,,,,0,6,6,0,0,0,0,,,,0,0,0,0,,,,,,8,0,0,,0,,0,,,,0
cg0444,cg0444,cg3346,cg3346,0,sampled_negative,unknown,0,0,0,0,0,,,0,0,0,0,,0,0,,0,0,0,0,,,,0,6,6,0,0,0,0,,,,0,0,0,0,,,,,,8,0,1,,1,,0,,,,0
cg1831,cg1831,cg1764,cg1764,0,sampled_negative,unknown,0,0,0,0,0,,,0,0,0,0,,0,0,,0,0,0,0,,,,0,0,0,0,0,0,0,,,,0,0,0,0,,,,,,8,1,0,,0,,0,,,,0
cg1410,cg1410,cgrfwd06385,cgrfwd06385,0,sampled_negative,unknown,0,0,0,0,0,,,0,0,0,0,,0,0,,0,0,0,0,,,,0,0,0,0,0,0,0,,,,2,0,0,0,,,,,,8,0,0,,0,,0,,,,0
cg2200,cg2200,cg1070,cg1070,0,sampled_negative,unknown,0,0,0,0,0,,,0,0,0,0,,0,0,,0,0,0,0,,,,0,5,2,0,0,0,0,,,,0,0,0,0,,,,,,8,0,1,,0,,0,,,,0
cg1935,cg1935,lcl_nc_006958_1_prot_wp_011265975_1_2464,lcl_nc_006958_1_prot_wp_011265975_1_2464,0,sampled_negative,unknown,0,0,0,0,0,,,0,0,0,0,,0,0,,0,0,0,0,,,,0,1,1,0,0,0,0,,,,1,1,1,0,,,,,,8,0,1,,1,,0,,,,0
cg3082,cg3082,cg0585,cg0585,0,sampled_negative,unknown,0,0,0,0,0,,,0,0,0,0,,0,0,,0,0,0,0,,,,0,1,1,0,0,0,0,,,,0,0,0,0,,,,,,8,0,1,,0,,0,,,,0
cg2114,cg2114,cg3210,cg3210,0,sampled_negative,unknown,0,0,0,0,0,,,0,0,0,0,,0,0,,0,0,0,0,,,,0,0,0,0,0,0,0,,,,0,0,0,0,,,,,,8,0,0,,0,,0,,,,0
cg0500,cg0500,cg1435,cg1435,0,sampled_negative,unknown,0,0,0,0,0,,,0,0,0,0,,0,0,,0,0,0,0,,,,0,12,6,0,0,0,0,,,,0,0,0,0,,,,,,8,0,0,,0,,0,,,,0
cg0741,cg0741,cg2984,cg2984,0,sampled_negative,unknown,0,0,0,0,0,,,0,0,0,0,,0,0,,0,0,0,0,,,,0,0,0,0,0,0,0,,,,0,0,0,0,,,,,,8,0,1,,0,,0,,,,0
cg0986,cg0986,lcl_nc_006958_1_prot_wp_011014114_1_1056,lcl_nc_006958_1_prot_wp_011014114_1_1056,0,sampled_negative,unknown,0,0,0,0,0,,,0,0,0,0,,0,0,,0,0,0,0,,,,0,1,1,0,0,0,0,,,,0,0,0,0,,,,,,8,0,0,,0,,0,,,,0
cg0337,cg0337,cg0741,cg0741,0,sampled_negative,unknown,0,0,0,0,0,,,0,0,0,0,,0,0,,0,0,0,0,,,,0,0,0,0,0,0,0,,,,0,0,0,0,,,,,,8,1,0,,0,,0,,,,0
cg0709,cg0709,cg1594,cg1594,0,sampled_negative,unknown,0,0,0,0,0,,,0,0,0,0,,0,0,,0,0,0,0,,,,0,6,6,0,0,0,0,,,,0,0,0,0,,,,,,8,0,2,,0,,0,,,,0
cg3352,cg3352,cg2149,cg2149,0,sampled_negative,unknown,0,0,0,0,0,,,0,0,0,0,,0,0,,0,0,0,0,,,,0,0,0,0,0,0,0,,,,0,0,0,0,,,,,,8,0,0,,0,,0,,,,0
cg3373,cg3373,cg0147,cg0147,0,sampled_negative,unknown,0,0,0,0,0,,,0,0,0,0,,0,0,,0,0,0,0,,,,0,12,7,0,0,0,0,,,,0,0,0,0,,,,,,8,0,0,,0,,0,,,,0
cg1410,cg1410,cg2256,cg2256,0,sampled_negative,unknown,0,0,0,0,0,,,0,0,0,0,,0,0,,0,0,0,0,,,,0,0,0,0,0,0,0,,,,2,0,0,0,,,,,,8,1,0,,0,,0,,,,0
cg2118,cg2118,cgtrna_3537,cgtrna_3537,0,sampled_negative,unknown,0,0,0,0,0,,,0,0,0,0,,0,0,,0,0,0,0,,,,0,6,6,0,0,0,0,,,,0,0,0,0,,,,,,8,0,0,,0,,0,,,,0
cg2942,cg2942,cg2214,cg2214,0,sampled_negative,unknown,0,0,0,0,0,,,0,0,0,0,,0,0,,0,0,0,0,,,,0,0,0,0,0,0,0,,,,0,0,0,0,,,,,,8,0,0,,0,,0,,,,0
cg0702,cg0702,cgl3036,cgl3036,0,sampled_negative,unknown,0,0,0,0,0,,,0,0,0,0,,0,0,,0,0,0,0,,,,0,37,7,0,0,0,0,,,,6,0,0,0,,,,,,8,0,0,,0,,0,,,,0
cg1486,cg1486,cgl1908,cgl1908,0,sampled_negative,unknown,0,0,0,0,0,,,0,0,0,0,,0,0,,0,0,0,0,,,,0,2,1,0,0,0,0,,,,0,0,0,0,,,,,,8,0,0,,0,,0,,,,0
cg2641,cg2641,ncgl2810,ncgl2810,0,sampled_negative,unknown,0,0,0,0,0,,,0,0,0,0,,0,0,,0,0,0,0,,,,0,0,0,0,0,0,0,,,,0,0,0,0,,,,,,8,0,1,,0,,0,,,,0
cg2942,cg2942,cg1247,cg1247,0,sampled_negative,unknown,0,0,0,0,0,,,0,0,0,0,,0,0,,0,0,0,0,,,,0,0,0,0,0,0,0,,,,0,0,0,0,,,,,,8,0,0,,0,,0,,,,0
cg1425,cg1425,lcl_nc_006958_1_prot_wp_003856127_1_1475,lcl_nc_006958_1_prot_wp_003856127_1_1475,0,sampled_negative,unknown,0,0,0,0,0,,,0,0,0,0,,0,0,,0,0,0,0,,,,0,1,1,0,0,0,0,,,,0,0,0,0,,,,,,8,0,0,,0,,0,,,,0
cg2910,cg2910,cgl2770,cgl2770,0,sampled_negative,unknown,0,0,0,0,0,,,0,0,0,0,,0,0,,0,0,0,0,,,,0,11,6,0,0,0,0,,,,0,0,0,0,,,,,,8,0,0,,0,,0,,,,0
cg1861,cg1861,cg0028,cg0028,0,sampled_negative,unknown,0,0,0,0,0,,,0,0,0,0,,0,0,,0,0,0,0,,,,0,1,1,0,0,0,0,,,,12,0,0,0,,,,,,8,0,0,,0,,0,,,,0
cg2766,cg2766,cgrrev09787,cgrrev09787,0,sampled_negative,unknown,0,0,0,0,0,,,0,0,0,0,,0,0,,0,0,0,0,,,,0,0,0,0,0,0,0,,,,0,0,0,0,,,,,,8,0,0,,1,,0,,,,0
cg0090,cg0090,cg0087,cg0087,0,sampled_negative,unknown,0,0,0,0,0,,,0,0,0,0,,0,0,,0,0,0,0,,,,0,1,1,0,0,0,0,,,,1,1,1,0,,,,,,8,0,0,,1,,0,,,,0
cg0215,cg0215,ncgl2888,ncgl2888,0,sampled_negative,unknown,0,0,0,0,0,,,0,0,0,0,,0,0,,0,0,0,0,,,,0,0,0,0,0,0,0,,,,0,0,0,0,,,,,,8,0,0,,0,,0,,,,0
cg1765,cg1765,lcl_nc_006958_1_prot_wp_011013935_1_837,lcl_nc_006958_1_prot_wp_011013935_1_837,0,sampled_negative,unknown,0,0,0,0,0,,,0,0,0,0,,0,0,,0,0,0,0,,,,0,2,1,0,0,0,0,,,,0,0,0,0,,,,,,8,0,1,,0,,0,,,,0
cg0709,cg0709,cgl2097,cgl2097,0,sampled_negative,unknown,0,0,0,0,0,,,0,0,0,0,,0,0,,0,0,0,0,,,,0,6,6,0,0,0,0,,,,0,0,0,0,,,,,,8,0,2,,0,,0,,,,0
cg3224,cg3224,cg0095,cg0095,0,sampled_negative,unknown,0,0,0,0,0,,,0,0,0,0,,0,0,,0,0,0,0,,,,0,6,6,0,0,0,0,,,,0,0,0,0,,,,,,8,0,1,,0,,0,,,,0
cg0986,cg0986,cg2160,cg2160,0,sampled_negative,unknown,0,0,0,0,0,,,0,0,0,0,,0,0,,0,0,0,0,,,,0,0,0,0,0,0,0,,,,0,0,0,0,,,,,,8,0,0,,0,,0,,,,0
cg1648,cg1648,cg1411,cg1411,0,sampled_negative,unknown,0,0,0,0,0,,,0,0,0,0,,0,0,,0,0,0,0,,,,0,6,6,0,0,0,0,,,,0,0,0,0,,,,,,8,0,0,,0,,0,,,,0
cg0215,cg0215,cgrrev09789,cgrrev09789,0,sampled_negative,unknown,0,0,0,0,0,,,0,0,0,0,,0,0,,0,0,0,0,,,,0,0,0,0,0,0,0,,,,0,0,0,0,,,,,,8,0,0,,0,,0,,,,0
cg0500,cg0500,lcl_nc_006958_1_prot_wp_011013815_1_665,lcl_nc_006958_1_prot_wp_011013815_1_665,0,sampled_negative,unknown,0,0,0,0,0,,,0,0,0,0,,0,0,,0,0,0,0,,,,0,1,1,0,0,0,0,,,,0,0,0,0,,,,,,8,0,0,,0,,0,,,,0
cg3352,cg3352,cgrrev11068,cgrrev11068,0,sampled_negative,unknown,0,0,0,0,0,,,0,0,0,0,,0,0,,0,0,0,0,,,,0,0,0,0,0,0,0,,,,0,0,0,0,,,,,,8,0,0,,0,,0,,,,0
cg0019,cg0019,cgl1256,cgl1256,0,sampled_negative,unknown,0,0,0,0,0,,,0,0,0,0,,0,0,,0,0,0,0,,,,0,2,1,0,0,0,0,,,,0,0,0,0,,,,,,8,0,0,,0,,0,,,,0
cg0709,cg0709,lcl_nc_006958_1_prot_wp_003854632_1_615,lcl_nc_006958_1_prot_wp_003854632_1_615,0,sampled_negative,unknown,0,0,0,0,0,,,0,0,0,0,,0,0,,0,0,0,0,,,,0,1,1,0,0,0,0,,,,0,0,0,0,,,,,,8,0,2,,0,,0,,,,0
cg2888,cg2888,cgrrev09767,cgrrev09767,0,sampled_negative,unknown,0,0,0,0,0,,,0,0,0,0,,0,0,,0,0,0,0,,,,0,0,0,0,0,0,0,,,,0,0,0,0,,,,,,8,0,0,,0,,0,,,,0
cg0646,cg0646,cgl0102,cgl0102,0,sampled_negative,unknown,0,0,0,0,0,,,0,0,0,0,,0,0,,0,0,0,0,,,,0,6,6,0,0,0,0,,,,0,0,0,0,,,,,,8,0,1,,0,,0,,,,0
cg2500,cg2500,cgl2331,cgl2331,0,sampled_negative,unknown,0,0,0,0,0,,,0,0,0,0,,0,0,,0,0,0,0,,,,0,6,6,0,0,0,0,,,,0,0,0,0,,,,,,8,0,0,,0,,0,,,,0
cg0146,cg0146,cgrrev08983,cgrrev08983,0,sampled_negative,unknown,0,0,0,0,0,,,0,0,0,0,,0,0,,0,0,0,0,,,,0,0,0,0,0,0,0,,,,0,0,0,0,,,,,,8,0,0,,1,,0,,,,0
cg0012,cg0012,lcl_nc_006958_1_prot_wp_011014910_1_2033,lcl_nc_006958_1_prot_wp_011014910_1_2033,0,sampled_negative,unknown,0,0,0,0,0,,,0,0,0,0,,0,0,,0,0,0,0,,,,0,3,1,0,0,0,0,,,,0,0,0,0,,,,,,8,0,1,,0,Group_1_sigma,0,,,,0
cg2615,cg2615,cgrrev08983,cgrrev08983,0,sampled_negative,unknown,0,0,0,0,0,,,0,0,0,0,,0,0,,0,0,0,0,,,,0,0,0,0,0,0,0,,,,0,0,0,0,,,,,,8,0,1,,0,,0,,,,0
cg0196,cg0196,cgl1077,cgl1077,0,sampled_negative,unknown,0,0,0,0,0,,,0,0,0,0,,0,0,,0,0,0,0,,,,0,2,1,0,0,0,0,,,,0,0,0,0,,,,,,8,0,0,,0,,0,,,,0
cg2114,cg2114,cgl0529,cgl0529,0,sampled_negative,unknown,0,0,0,0,0,,,0,0,0,0,,0,0,,0,0,0,0,,,,0,12,6,0,0,0,0,,,,0,0,0,0,,,,,,8,0,0,,0,,0,,,,0
cg1218,cg1218,cgl0335,cgl0335,0,sampled_negative,unknown,0,0,0,0,0,,,0,0,0,0,,0,0,,0,0,0,0,,,,0,6,6,0,0,0,0,,,,2,0,0,0,,,,,,8,0,1,,0,,0,,,,0
cg1704,cg1704,cg2639,cg2639,0,sampled_negative,unknown,0,0,0,0,0,,,0,0,0,0,,0,0,,0,0,0,0,,,,0,0,0,0,0,0,0,,,,0,0,0,0,,,,,,8,1,0,,0,,0,,,,0
cg1765,cg1765,cg0768,cg0768,0,sampled_negative,unknown,0,0,0,0,0,,,0,0,0,0,,0,0,,0,0,0,0,,,,0,1,1,0,0,0,0,,,,0,0,0,0,,,,,,8,0,1,,0,,0,,,,0
cg2092,cg2092,cgl0322,cgl0322,0,sampled_negative,unknown,0,0,0,0,0,,,0,0,0,0,,0,0,,0,0,0,0,,,,0,4,1,0,0,0,0,,,,0,0,0,0,,,,,,8,0,1,,0,,0,,,,0
cg1425,cg1425,cgl1107,cgl1107,0,sampled_negative,unknown,0,0,0,0,0,,,0,0,0,0,,0,0,,0,0,0,0,,,,0,11,6,0,0,0,0,,,,0,0,0,0,,,,,,8,0,0,,0,,0,,,,0
cg3373,cg3373,cgrrev10784,cgrrev10784,0,sampled_negative,unknown,0,0,0,0,0,,,0,0,0,0,,0,0,,0,0,0,0,,,,0,0,0,0,0,0,0,,,,0,0,0,0,,,,,,8,0,0,,0,,0,,,,0
cg1120,cg1120,cg2085,cg2085,0,sampled_negative,unknown,0,0,0,0,0,,,0,0,0,0,,0,0,,0,0,0,0,,,,0,1,1,0,0,0,0,,,,1,0,0,0,,,,,,8,0,1,,0,,0,,,,0
cg2118,cg2118,cg1858,cg1858,0,sampled_negative,unknown,0,0,0,0,0,,,0,0,0,0,,0,0,,0,0,0,0,,,,0,2,1,0,0,0,0,,,,0,0,0,0,,,,,,8,0,0,,0,,0,,,,0
gntr1,gntr1,lcl_nc_006958_1_prot_wp_011015064_1_2240,lcl_nc_006958_1_prot_wp_011015064_1_2240,0,sampled_negative,unknown,0,0,0,0,0,,,0,0,0,0,,0,0,,0,0,0,0,,,,0,2,2,0,0,0,0,,,,0,0,0,0,,,,,,8,0,0,,0,,0,,,,0
cg2268,cg2268,cgl2793,cgl2793,0,sampled_negative,unknown,0,0,0,0,0,,,0,0,0,0,,0,0,,0,0,0,0,,,,0,6,6,0,0,0,0,,,,2,0,0,0,,,,,,8,0,0,,0,,0,,,,0
cg0709,cg0709,cg0593,cg0593,0,sampled_negative,unknown,0,0,0,0,0,,,0,0,0,0,,0,0,,0,0,0,0,,,,0,1,1,0,0,0,0,,,,0,0,0,0,,,,,,8,1,2,,0,,0,,,,0
cg0646,cg0646,cgl2120,cgl2120,0,sampled_negative,unknown,0,0,0,0,0,,,0,0,0,0,,0,0,,0,0,0,0,,,,0,1,1,0,0,0,0,,,,0,0,0,0,,,,,,8,0,1,,0,,0,,,,0
cg2502,cg2502,cg3236,cg3236,0,sampled_negative,unknown,0,0,0,0,0,,,0,0,0,0,,0,0,,0,0,0,0,,,,0,6,6,0,0,0,0,,,,0,0,0,0,,,,,,8,1,0,,0,,0,,,,0
cg2910,cg2910,cg2706,cg2706,0,sampled_negative,unknown,0,0,0,0,0,,,0,0,0,0,,0,0,,0,0,0,0,,,,0,1,1,0,0,0,0,,,,0,0,0,0,,,,,,8,0,0,,0,,0,,,,0
cg1218,cg1218,cg3549,cg3549,0,sampled_negative,unknown,0,0,0,0,0,,,0,0,0,0,,0,0,,0,0,0,0,,,,0,6,6,0,0,0,0,,,,2,0,0,0,,,,,,8,0,1,,0,,0,,,,0
cg2894,cg2894,lcl_nc_006958_1_prot_wp_011013984_1_906,lcl_nc_006958_1_prot_wp_011013984_1_906,0,sampled_negative,unknown,0,0,0,0,0,,,0,0,0,0,,0,0,,0,0,0,0,,,,0,1,1,0,0,0,0,,,,0,0,0,0,,,,,,8,0,1,,0,,0,,,,0
cg3202,cg3202,cg2247,cg2247,0,sampled_negative,unknown,0,0,0,0,0,,,0,0,0,0,,0,0,,0,0,0,0,,,,0,0,0,0,0,0,0,,,,0,0,0,0,,,,,,8,0,1,,0,,0,,,,0
cg3373,cg3373,cgl0930,cgl0930,0,sampled_negative,unknown,0,0,0,0,0,,,0,0,0,0,,0,0,,0,0,0,0,,,,0,1,1,0,0,0,0,,,,0,0,0,0,,,,,,8,0,0,,0,,0,,,,0
cg1324,cg1324,cgl1714,cgl1714,0,sampled_negative,unknown,0,0,0,0,0,,,0,0,0,0,,0,0,,0,0,0,0,,,,0,6,6,0,0,0,0,,,,2,0,0,0,,,,,,8,0,0,,0,,0,,,,0
cg0709,cg0709,cgl2651,cgl2651,0,sampled_negative,unknown,0,0,0,0,0,,,0,0,0,0,,0,0,,0,0,0,0,,,,0,2,1,0,0,0,0,,,,0,0,0,0,,,,,,8,0,2,,0,,0,,,,0
cg0565,cg0565,cgl0334,cgl0334,0,sampled_negative,unknown,0,0,0,0,0,,,0,0,0,0,,0,0,,0,0,0,0,,,,0,7,7,0,0,0,0,,,,0,0,0,0,,,,,,8,0,1,,0,,0,,,,0
cg1547,cg1547,cgl2019,cgl2019,0,sampled_negative,unknown,0,0,0,0,0,,,0,0,0,0,,0,0,,0,0,0,0,,,,0,1,1,0,0,0,0,,,,0,0,0,0,,,,,,8,0,0,,0,,0,,,,0
cg2831,cg2831,cg1789,cg1789,0,sampled_negative,unknown,0,0,0,0,0,,,0,0,0,0,,0,0,,0,0,0,0,,,,0,11,6,0,0,0,0,,,,0,0,0,0,,,,,,8,0,2,,0,,0,,,,0
cg2502,cg2502,cgl1596,cgl1596,0,sampled_negative,unknown,0,0,0,0,0,,,0,0,0,0,,0,0,,0,0,0,0,,,,0,6,6,0,0,0,0,,,,0,0,0,0,,,,,,8,0,0,,0,,0,,,,0
cg2092,cg2092,cgrrev09387,cgrrev09387,0,sampled_negative,unknown,0,0,0,0,0,,,0,0,0,0,,0,0,,0,0,0,0,,,,0,0,0,0,0,0,0,,,,0,0,0,0,,,,,,8,0,1,,0,,0,,,,0
cg0146,cg0146,cg1325,cg1325,0,sampled_negative,unknown,0,0,0,0,0,,,0,0,0,0,,0,0,,0,0,0,0,,,,0,0,0,0,0,0,0,,,,0,0,0,0,,,,,,8,1,0,,1,,0,,,,0
cg1547,cg1547,cgrrev03336,cgrrev03336,0,sampled_negative,unknown,0,0,0,0,0,,,0,0,0,0,,0,0,,0,0,0,0,,,,0,0,0,0,0,0,0,,,,0,0,0,0,,,,,,8,0,0,,0,,0,,,,0
cg0444,cg0444,cg2610,cg2610,0,sampled_negative,unknown,0,0,0,0,0,,,0,0,0,0,,0,0,,0,0,0,0,,,,0,0,0,0,0,0,0,,,,0,0,0,0,,,,,,8,0,1,,1,,0,,,,0
cg0709,cg0709,cgrrev05568,cgrrev05568,0,sampled_negative,unknown,0,0,0,0,0,,,0,0,0,0,,0,0,,0,0,0,0,,,,0,0,0,0,0,0,0,,,,0,0,0,0,,,,,,8,0,2,,0,,0,,,,0
cg1648,cg1648,cg0891,cg0891,0,sampled_negative,unknown,0,0,0,0,0,,,0,0,0,0,,0,0,,0,0,0,0,,,,0,5,2,0,0,0,0,,,,0,0,0,0,,,,,,8,0,0,,0,,0,,,,0
cg2965,cg2965,cgl2030,cgl2030,0,sampled_negative,unknown,0,0,0,0,0,,,0,0,0,0,,0,0,,0,0,0,0,,,,0,1,1,0,0,0,0,,,,0,0,0,0,,,,,,8,0,0,,0,,0,,,,0
cg1324,cg1324,lcl_nc_006958_1_prot_wp_003856445_1_2004,lcl_nc_006958_1_prot_wp_003856445_1_2004,0,sampled_negative,unknown,0,0,0,0,0,,,0,0,0,0,,0,0,,0,0,0,0,,,,0,1,1,0,0,0,0,,,,2,0,0,0,,,,,,8,0,0,,0,,0,,,,0
cg2102,cg2102,cgl0163,cgl0163,0,sampled_negative,unknown,0,0,0,0,0,,,0,0,0,0,,0,0,,0,0,0,0,,,,0,11,6,0,0,0,0,,,,0,0,0,0,,,,,,8,0,0,,0,Group_2_sigma,0,,,,0
cg2615,cg2615,cgl3091,cgl3091,0,sampled_negative,unknown,0,0,0,0,0,,,0,0,0,0,,0,0,,0,0,0,0,,,,0,6,6,0,0,0,0,,,,0,0,0,0,,,,,,8,0,1,,0,,0,,,,0
cg2103,cg2103,cg2077,cg2077,0,sampled_negative,unknown,0,0,0,0,0,,,0,0,0,0,,0,0,,0,0,0,0,,,,0,1,1,0,0,0,0,,,,0,0,0,0,,,,,,8,3,0,,0,,0,,,,0
cg0146,cg0146,lcl_nc_006958_1_prot_wp_003853541_1_2687,lcl_nc_006958_1_prot_wp_003853541_1_2687,0,sampled_negative,unknown,0,0,0,0,0,,,0,0,0,0,,0,0,,0,0,0,0,,,,0,1,1,0,0,0,0,,,,0,0,0,0,,,,,,8,0,0,,1,,0,,,,0
cg0878,cg0878,cg1888,cg1888,0,sampled_negative,unknown,0,0,0,0,0,,,0,0,0,0,,0,0,,0,0,0,0,,,,0,1,1,0,0,0,0,,,,0,0,0,0,,,,,,8,0,0,,0,,0,,,,0
cg0646,cg0646,lcl_nc_006958_1_prot_wp_011265608_1_688,lcl_nc_006958_1_prot_wp_011265608_1_688,0,sampled_negative,unknown,0,0,0,0,0,,,0,0,0,0,,0,0,,0,0,0,0,,,,0,1,1,0,0,0,0,,,,0,0,0,0,,,,,,8,0,1,,0,,0,,,,0
cg0646,cg0646,cgl1079,cgl1079,0,sampled_negative,unknown,0,0,0,0,0,,,0,0,0,0,,0,0,,0,0,0,0,,,,0,6,6,0,0,0,0,,,,0,0,0,0,,,,,,8,0,1,,0,,0,,,,0
cg1861,cg1861,ncgl0117,ncgl0117,0,sampled_negative,unknown,0,0,0,0,0,,,0,0,0,0,,0,0,,0,0,0,0,,,,0,0,0,0,0,0,0,,,,12,0,0,0,,,,,,8,0,0,,0,,0,,,,0
cg0800,cg0800,cg2643,cg2643,0,sampled_negative,unknown,0,0,0,0,0,,,0,0,0,0,,0,0,,0,0,0,0,,,,0,0,0,0,0,0,0,,,,0,0,0,0,,,,,,8,0,0,,0,,0,,,,0
cg1053,cg1053,cgl0677,cgl0677,0,sampled_negative,unknown,0,0,0,0,0,,,0,0,0,0,,0,0,,0,0,0,0,,,,0,6,6,0,0,0,0,,,,0,0,0,0,,,,,,8,0,0,,0,,0,,,,0
cg2118,cg2118,lcl_nc_006958_1_prot_wp_011013889_1_765,lcl_nc_006958_1_prot_wp_011013889_1_765,0,sampled_negative,unknown,0,0,0,0,0,,,0,0,0,0,,0,0,,0,0,0,0,,,,0,1,1,0,0,0,0,,,,0,0,0,0,,,,,,8,0,0,,0,,0,,,,0
cg3285,cg3285,cgrrev05629,cgrrev05629,0,sampled_negative,unknown,0,0,0,0,0,,,0,0,0,0,,0,0,,0,0,0,0,,,,0,0,0,0,0,0,0,,,,0,0,0,0,,,,,,8,0,1,,0,,0,,,,0
cg1846,cg1846,cgrrev00562,cgrrev00562,0,sampled_negative,unknown,0,0,0,0,0,,,0,0,0,0,,0,0,,0,0,0,0,,,,0,0,0,0,0,0,0,,,,0,0,0,0,,,,,,8,0,0,,0,,0,,,,0
cg2516,cg2516,cg0306,cg0306,0,sampled_negative,unknown,0,0,0,0,0,,,0,0,0,0,,0,0,,0,0,0,0,,,,0,11,6,0,0,0,0,,,,0,0,0,0,,,,,,8,0,0,,0,,0,,,,0
cg3082,cg3082,cgl0431,cgl0431,0,sampled_negative,unknown,0,0,0,0,0,,,0,0,0,0,,0,0,,0,0,0,0,,,,0,6,6,0,0,0,0,,,,0,0,0,0,,,,,,8,0,1,,0,,0,,,,0
cg1738,cg1738,ncgl0055,ncgl0055,0,sampled_negative,unknown,0,0,0,0,0,,,0,0,0,0,,0,0,,0,0,0,0,,,,0,0,0,0,0,0,0,,,,0,0,0,0,,,,,,8,0,0,,0,,0,,,,0
cg3224,cg3224,cgl2424,cgl2424,0,sampled_negative,unknown,0,0,0,0,0,,,0,0,0,0,,0,0,,0,0,0,0,,,,0,6,1,0,0,0,0,,,,0,0,0,0,,,,,,8,0,1,,0,,0,,,,0
cg3388,cg3388,cgl2590,cgl2590,0,sampled_negative,unknown,0,0,0,0,0,,,0,0,0,0,,0,0,,0,0,0,0,,,,0,7,7,0,0,0,0,,,,0,0,0,0,,,,,,8,0,0,,0,,0,,,,0
cg1120,cg1120,cg0321,cg0321,0,sampled_negative,unknown,0,0,0,0,0,,,0,0,0,0,,0,0,,0,0,0,0,,,,0,1,1,0,0,0,0,,,,1,0,0,0,,,,,,8,0,1,,0,,0,,,,0
cg1547,cg1547,cg1379,cg1379,0,sampled_negative,unknown,0,0,0,0,0,,,0,0,0,0,,0,0,,0,0,0,0,,,,0,90,6,0,0,0,0,,,,0,0,0,0,,,,,,8,2,0,,0,,0,,,,0
cg2783,cg2783,cgl0967,cgl0967,0,sampled_negative,unknown,0,0,0,0,0,,,0,0,0,0,,0,0,,0,0,0,0,,,,0,1,1,0,0,0,0,,,,2,1,1,0,,,,,,8,0,0,,0,,0,,,,0
cg2831,cg2831,lcl_nc_006958_1_prot_wp_011013330_1_29,lcl_nc_006958_1_prot_wp_011013330_1_29,0,sampled_negative,unknown,0,0,0,0,0,,,0,0,0,0,,0,0,,0,0,0,0,,,,0,5,3,0,0,0,0,,,,0,0,0,0,,,,,,8,0,2,,0,,0,,,,0
cg0350,cg0350,cgl2330,cgl2330,0,sampled_negative,unknown,0,0,0,0,0,,,0,0,0,0,,0,0,,0,0,0,0,,,,0,5,5,0,0,0,0,,,,0,0,0,0,,,,,,8,0,0,,0,,0,,,,0
cg0725,cg0725,cgl2664,cgl2664,0,sampled_negative,unknown,0,0,0,0,0,,,0,0,0,0,,0,0,,0,0,0,0,,,,0,2,1,0,0,0,0,,,,0,0,0,0,,,,,,8,0,1,,0,,0,,,,0
cg3388,cg3388,cg2469,cg2469,0,sampled_negative,unknown,0,0,0,0,0,,,0,0,0,0,,0,0,,0,0,0,0,,,,0,1,1,0,0,0,0,,,,0,0,0,0,,,,,,8,0,0,,0,,0,,,,0
cg1425,cg1425,ncgl1822,ncgl1822,0,sampled_negative,unknown,0,0,0,0,0,,,0,0,0,0,,0,0,,0,0,0,0,,,,0,0,0,0,0,0,0,,,,0,0,0,0,,,,,,8,0,0,,0,,0,,,,0
cg2500,cg2500,cg2189,cg2189,0,sampled_negative,unknown,0,0,0,0,0,,,0,0,0,0,,0,0,,0,0,0,0,,,,0,6,6,0,0,0,0,,,,0,0,0,0,,,,,,8,1,0,,0,,0,,,,0
cg3315,cg3315,lcl_nc_006958_1_prot_wp_011014925_1_2055,lcl_nc_006958_1_prot_wp_011014925_1_2055,0,sampled_negative,unknown,0,0,0,0,0,,,0,0,0,0,,0,0,,0,0,0,0,,,,0,1,1,0,0,0,0,,,,0,0,0,0,,,,,,8,0,0,,0,,0,,,,0
cg3388,cg3388,lcl_nc_006958_1_prot_wp_011013924_1_819,lcl_nc_006958_1_prot_wp_011013924_1_819,0,sampled_negative,unknown,0,0,0,0,0,,,0,0,0,0,,0,0,,0,0,0,0,,,,0,2,1,0,0,0,0,,,,0,0,0,0,,,,,,8,0,0,,0,,0,,,,0
cg0343,cg0343,lcl_nc_006958_1_prot_wp_011013640_1_412,lcl_nc_006958_1_prot_wp_011013640_1_412,0,sampled_negative,unknown,0,0,0,0,0,,,0,0,0,0,,0,0,,0,0,0,0,,,,0,1,1,0,0,0,0,,,,0,0,0,0,,,,,,8,0,0,,0,,0,,,,0
cg2114,cg2114,ncgl2261,ncgl2261,0,sampled_negative,unknown,0,0,0,0,0,,,0,0,0,0,,0,0,,0,0,0,0,,,,0,0,0,0,0,0,0,,,,0,0,0,0,,,,,,8,0,0,,0,,0,,,,0
cg0565,cg0565,cgl2220,cgl2220,0,sampled_negative,unknown,0,0,0,0,0,,,0,0,0,0,,0,0,,0,0,0,0,,,,0,7,7,0,0,0,0,,,,0,0,0,0,,,,,,8,0,1,,0,,0,,,,0
cg2965,cg2965,cg3536,cg3536,0,sampled_negative,unknown,0,0,0,0,0,,,0,0,0,0,,0,0,,0,0,0,0,,,,0,1,1,0,0,0,0,,,,0,0,0,0,,,,,,8,0,0,,0,,0,,,,0
cg0725,cg0725,cg0661,cg0661,0,sampled_negative,unknown,0,0,0,0,0,,,0,0,0,0,,0,0,,0,0,0,0,,,,0,1,1,0,0,0,0,,,,0,0,0,0,,,,,,8,0,1,,0,,0,,,,0
cg3315,cg3315,lcl_nc_006958_1_prot_wp_011013800_1_641,lcl_nc_006958_1_prot_wp_011013800_1_641,0,sampled_negative,unknown,0,0,0,0,0,,,0,0,0,0,,0,0,,0,0,0,0,,,,0,1,1,0,0,0,0,,,,0,0,0,0,,,,,,8,0,0,,0,,0,,,,0
cg0350,cg0350,cg0852,cg0852,0,sampled_negative,unknown,0,0,0,0,0,,,0,0,0,0,,0,0,,0,0,0,0,,,,0,112,6,0,0,0,0,,,,0,0,0,0,,,,,,8,0,0,,0,,0,,,,0
cg2766,cg2766,cg0182,cg0182,0,sampled_negative,unknown,0,0,0,0,0,,,0,0,0,0,,0,0,,0,0,0,0,,,,0,2,2,0,0,0,0,,,,0,0,0,0,,,,,,8,0,0,,1,,0,,,,0
cg3239,cg3239,cgl1672,cgl1672,0,sampled_negative,unknown,0,0,0,0,0,,,0,0,0,0,,0,0,,0,0,0,0,,,,0,6,1,0,0,0,0,,,,0,0,0,0,,,,,,8,0,1,,0,,0,,,,0
cg3224,cg3224,cgl2232,cgl2232,0,sampled_negative,unknown,0,0,0,0,0,,,0,0,0,0,,0,0,,0,0,0,0,,,,0,1,1,0,0,0,0,,,,0,0,0,0,,,,,,8,0,1,,0,,0,,,,0
cg3285,cg3285,cgrrev07689,cgrrev07689,0,sampled_negative,unknown,0,0,0,0,0,,,0,0,0,0,,0,0,,0,0,0,0,,,,0,0,0,0,0,0,0,,,,0,0,0,0,,,,,,8,0,1,,0,,0,,,,0
cg1861,cg1861,cgl0591,cgl0591,0,sampled_negative,unknown,0,0,0,0,0,,,0,0,0,0,,0,0,,0,0,0,0,,,,0,1,1,0,0,0,0,,,,12,0,0,0,,,,,,8,0,0,,0,,0,,,,0
cg2309,cg2309,lcl_nc_006958_1_prot_wp_011014462_1_1537,lcl_nc_006958_1_prot_wp_011014462_1_1537,0,sampled_negative,unknown,0,0,0,0,0,,,0,0,0,0,,0,0,,0,0,0,0,,,,0,1,1,0,0,0,0,,,,0,0,0,0,,,,,,8,0,0,,0,,0,,,,0
cg0993,cg0993,ncgl2228,ncgl2228,0,sampled_negative,unknown,0,0,0,0,0,,,0,0,0,0,,0,0,,0,0,0,0,,,,0,0,0,0,0,0,0,,,,0,0,0,0,,,,,,8,0,2,,0,,0,,,,0
cg2737,cg2737,cgl1348,cgl1348,0,sampled_negative,unknown,0,0,0,0,0,,,0,0,0,0,,0,0,,0,0,0,0,,,,0,5,1,0,0,0,0,,,,0,0,0,0,,,,,,8,0,0,,0,,0,,,,0
cg3420,cg3420,cgrfwd09336,cgrfwd09336,0,sampled_negative,unknown,0,0,0,0,0,,,0,0,0,0,,0,0,,0,0,0,0,,,,0,0,0,0,0,0,0,,,,0,0,0,0,,,,,,8,0,0,,0,ECF_sigma,0,,,,0
cg0696,cg0696,cg0411,cg0411,0,sampled_negative,unknown,0,0,0,0,0,,,0,0,0,0,,0,0,,0,0,0,0,,,,0,1,1,0,0,0,0,,,,0,0,0,0,,,,,,8,0,1,,0,,0,,,,0
cg0156,cg0156,cgl0177,cgl0177,0,sampled_negative,unknown,0,0,0,0,0,,,0,0,0,0,,0,0,,0,0,0,0,,,,0,2,1,0,0,0,0,,,,1,0,0,0,,,,,,8,0,0,,0,,0,,,,0
cg0702,cg0702,lcl_nc_006958_1_prot_wp_011013564_1_319,lcl_nc_006958_1_prot_wp_011013564_1_319,0,sampled_negative,unknown,0,0,0,0,0,,,0,0,0,0,,0,0,,0,0,0,0,,,,0,2,1,0,0,0,0,,,,6,0,0,0,,,,,,8,0,0,,0,,0,,,,0
cg0986,cg0986,cgl0070,cgl0070,0,sampled_negative,unknown,0,0,0,0,0,,,0,0,0,0,,0,0,,0,0,0,0,,,,0,1,1,0,0,0,0,,,,0,0,0,0,,,,,,8,0,0,,0,,0,,,,0
cg1704,cg1704,cg2987,cg2987,0,sampled_negative,unknown,0,0,0,0,0,,,0,0,0,0,,0,0,,0,0,0,0,,,,0,18,6,0,0,0,0,,,,0,0,0,0,,,,,,8,0,0,,0,,0,,,,0
cg3373,cg3373,lcl_nc_006958_1_prot_wp_011014472_1_1553,lcl_nc_006958_1_prot_wp_011014472_1_1553,0,sampled_negative,unknown,0,0,0,0,0,,,0,0,0,0,,0,0,,0,0,0,0,,,,0,1,1,0,0,0,0,,,,0,0,0,0,,,,,,8,0,0,,0,,0,,,,0
cg2627,cg2627,cgrrev09119,cgrrev09119,0,sampled_negative,unknown,0,0,0,0,0,,,0,0,0,0,,0,0,,0,0,0,0,,,,0,0,0,0,0,0,0,,,,1,0,0,0,,,,,,8,0,0,,0,,0,,,,0
cg2516,cg2516,cg0519,cg0519,0,sampled_negative,unknown,0,0,0,0,0,,,0,0,0,0,,0,0,,0,0,0,0,,,,0,0,0,0,0,0,0,,,,0,0,0,0,,,,,,8,0,0,,0,,0,,,,0
cg1648,cg1648,ncgl2897,ncgl2897,0,sampled_negative,unknown,0,0,0,0,0,,,0,0,0,0,,0,0,,0,0,0,0,,,,0,0,0,0,0,0,0,,,,0,0,0,0,,,,,,8,0,0,,0,,0,,,,0
cg0986,cg0986,lcl_nc_006958_1_prot_wp_011015284_1_2532,lcl_nc_006958_1_prot_wp_011015284_1_2532,0,sampled_negative,unknown,0,0,0,0,0,,,0,0,0,0,,0,0,,0,0,0,0,,,,0,4,1,0,0,0,0,,,,0,0,0,0,,,,,,8,0,0,,0,,0,,,,0
cg2615,cg2615,lcl_nc_006958_1_prot_wp_011265897_1_2096,lcl_nc_006958_1_prot_wp_011265897_1_2096,0,sampled_negative,unknown,0,0,0,0,0,,,0,0,0,0,,0,0,,0,0,0,0,,,,0,2,2,0,0,0,0,,,,0,0,0,0,,,,,,8,0,1,,0,,0,,,,0
cg1648,cg1648,cgl0415,cgl0415,0,sampled_negative,unknown,0,0,0,0,0,,,0,0,0,0,,0,0,,0,0,0,0,,,,0,6,6,0,0,0,0,,,,0,0,0,0,,,,,,8,0,0,,0,,0,,,,0
cg0337,cg0337,cg1254,cg1254,0,sampled_negative,unknown,0,0,0,0,0,,,0,0,0,0,,0,0,,0,0,0,0,,,,0,1,1,0,0,0,0,,,,0,0,0,0,,,,,,8,0,0,,0,,0,,,,0
cg2624,cg2624,cg1116,cg1116,0,sampled_negative,unknown,0,0,0,0,0,,,0,0,0,0,,0,0,,0,0,0,0,,,,0,7,7,0,0,0,0,,,,0,0,0,0,,,,,,8,0,0,,0,,0,,,,0
cg0090,cg0090,cgrrev05569,cgrrev05569,0,sampled_negative,unknown,0,0,0,0,0,,,0,0,0,0,,0,0,,0,0,0,0,,,,0,0,0,0,0,0,0,,,,1,0,0,0,,,,,,8,0,0,,1,,0,,,,0
cg0313,cg0313,cgr3100,cgr3100,0,sampled_negative,unknown,0,0,0,0,0,,,0,0,0,0,,0,0,,0,0,0,0,,,,0,0,0,0,0,0,0,,,,0,0,0,0,,,,,,8,0,0,,0,,0,,,,0
cg3224,cg3224,cgrfwd17742,cgrfwd17742,0,sampled_negative,unknown,0,0,0,0,0,,,0,0,0,0,,0,0,,0,0,0,0,,,,0,0,0,0,0,0,0,,,,0,0,0,0,,,,,,8,0,1,,0,,0,,,,0
cg0454,cg0454,cgrfwd04132,cgrfwd04132,0,sampled_negative,unknown,0,0,0,0,0,,,0,0,0,0,,0,0,,0,0,0,0,,,,0,0,0,0,0,0,0,,,,1,0,0,0,,,,,,8,0,0,,0,,0,,,,0
cg0196,cg0196,cgl1086,cgl1086,0,sampled_negative,unknown,0,0,0,0,0,,,0,0,0,0,,0,0,,0,0,0,0,,,,0,2,1,0,0,0,0,,,,0,0,0,0,,,,,,8,0,0,,0,,0,,,,0
cg0862,cg0862,cgl2207,cgl2207,0,sampled_negative,unknown,0,0,0,0,0,,,0,0,0,0,,0,0,,0,0,0,0,,,,0,10,5,0,0,0,0,,,,0,0,0,0,,,,,,8,0,0,,0,,0,,,,0
cg2109,cg2109,lcl_nc_006958_1_prot_wp_003860060_1_916,lcl_nc_006958_1_prot_wp_003860060_1_916,0,sampled_negative,unknown,0,0,0,0,0,,,0,0,0,0,,0,0,,0,0,0,0,,,,0,1,1,0,0,0,0,,,,0,0,0,0,,,,,,8,0,1,,0,,0,,,,0
cg0709,cg0709,cg1568,cg1568,0,sampled_negative,unknown,0,0,0,0,0,,,0,0,0,0,,0,0,,0,0,0,0,,,,0,43,7,0,0,0,0,,,,0,0,0,0,,,,,,8,0,2,,0,,0,,,,0
cg1340,cg1340,cg0884,cg0884,0,sampled_negative,unknown,0,0,0,0,0,,,0,0,0,0,,0,0,,0,0,0,0,,,,0,1,1,0,0,0,0,,,,0,0,0,0,,,,,,8,0,0,,0,,0,,,,0
cg0112,cg0112,cg1234,cg1234,0,sampled_negative,unknown,0,0,0,0,0,,,0,0,0,0,,0,0,,0,0,0,0,,,,0,1,1,0,0,0,0,,,,1,0,0,0,,,,,,8,0,0,,0,,0,,,,0
cg3261,cg3261,lcl_nc_006958_1_prot_wp_041625531_1_2186,lcl_nc_006958_1_prot_wp_041625531_1_2186,0,sampled_negative,unknown,0,0,0,0,0,,,0,0,0,0,,0,0,,0,0,0,0,,,,0,1,1,0,0,0,0,,,,0,0,0,0,,,,,,8,0,0,,0,,0,,,,0
cg1831,cg1831,cg3568,cg3568,0,sampled_negative,unknown,0,0,0,0,0,,,0,0,0,0,,0,0,,0,0,0,0,,,,0,6,6,0,0,0,0,,,,0,0,0,0,,,,,,8,0,0,,0,,0,,,,0
cg3261,cg3261,cg0645,cg0645,0,sampled_negative,unknown,0,0,0,0,0,,,0,0,0,0,,0,0,,0,0,0,0,,,,0,7,7,0,0,0,0,,,,0,0,0,0,,,,,,8,1,0,,0,,0,,,,0
cg2783,cg2783,cg2167,cg2167,0,sampled_negative,unknown,0,0,0,0,0,,,0,0,0,0,,0,0,,0,0,0,0,,,,0,2,1,0,0,0,0,,,,2,0,0,0,,,,,,8,0,0,,0,,0,,,,0
cg0156,cg0156,cgl1215,cgl1215,0,sampled_negative,unknown,0,0,0,0,0,,,0,0,0,0,,0,0,,0,0,0,0,,,,0,1,1,0,0,0,0,,,,1,0,0,0,,,,,,8,0,0,,0,,0,,,,0
cg0156,cg0156,cg1356,cg1356,0,sampled_negative,unknown,0,0,0,0,0,,,0,0,0,0,,0,0,,0,0,0,0,,,,0,2,1,0,0,0,0,,,,1,0,0,0,,,,,,8,0,0,,0,,0,,,,0
cg2200,cg2200,cgl2273,cgl2273,0,sampled_negative,unknown,0,0,0,0,0,,,0,0,0,0,,0,0,,0,0,0,0,,,,0,12,6,0,0,0,0,,,,0,0,0,0,,,,,,8,0,1,,0,,0,,,,0
cg1211,cg1211,cg3343,cg3343,0,sampled_negative,unknown,0,0,0,0,0,,,0,0,0,0,,0,0,,0,0,0,0,,,,0,0,0,0,0,0,0,,,,0,0,0,0,,,,,,8,0,1,,0,,0,,,,0
cg0709,cg0709,cg1064,cg1064,0,sampled_negative,unknown,0,0,0,0,0,,,0,0,0,0,,0,0,,0,0,0,0,,,,0,1,1,0,0,0,0,,,,0,0,0,0,,,,,,8,1,2,,0,,0,,,,0
cg1084,cg1084,cgrfwd10055,cgrfwd10055,0,sampled_negative,unknown,0,0,0,0,0,,,0,0,0,0,,0,0,,0,0,0,0,,,,0,0,0,0,0,0,0,,,,0,0,0,0,,,,,,8,0,1,,0,,0,,,,0
cg1211,cg1211,cgrrev06067,cgrrev06067,0,sampled_negative,unknown,0,0,0,0,0,,,0,0,0,0,,0,0,,0,0,0,0,,,,0,0,0,0,0,0,0,,,,0,0,0,0,,,,,,8,0,1,,0,,0,,,,0
cg1585,cg1585,cg0545,cg0545,0,sampled_negative,unknown,0,0,0,0,0,,,0,0,0,0,,0,0,,0,0,0,0,,,,0,11,6,0,0,0,0,,,,0,0,0,0,,,,,,8,0,1,,0,,0,,,,0
cg1211,cg1211,lcl_nc_006958_1_prot_wp_011015319_1_2574,lcl_nc_006958_1_prot_wp_011015319_1_2574,0,sampled_negative,unknown,0,0,0,0,0,,,0,0,0,0,,0,0,,0,0,0,0,,,,0,8,1,0,0,0,0,,,,0,0,0,0,,,,,,8,0,1,,0,,0,,,,0
cg0313,cg0313,cgrrev09121,cgrrev09121,0,sampled_negative,unknown,0,0,0,0,0,,,0,0,0,0,,0,0,,0,0,0,0,,,,0,0,0,0,0,0,0,,,,0,0,0,0,,,,,,8,0,0,,0,,0,,,,0
cg3420,cg3420,cg0639,cg0639,0,sampled_negative,unknown,0,0,0,0,0,,,0,0,0,0,,0,0,,0,0,0,0,,,,0,0,0,0,0,0,0,,,,0,0,0,0,,,,,,8,1,0,,0,ECF_sigma,0,,,,0
cg2200,cg2200,cgrrev04513,cgrrev04513,0,sampled_negative,unknown,0,0,0,0,0,,,0,0,0,0,,0,0,,0,0,0,0,,,,0,0,0,0,0,0,0,,,,0,0,0,0,,,,,,8,0,1,,0,,0,,,,0
cg1032,cg1032,cg1875,cg1875,0,sampled_negative,unknown,0,0,0,0,0,,,0,0,0,0,,0,0,,0,0,0,0,,,,0,2,1,0,0,0,0,,,,0,0,0,0,,,,,,8,0,2,,0,,0,,,,0
cg1032,cg1032,cgl2007,cgl2007,0,sampled_negative,unknown,0,0,0,0,0,,,0,0,0,0,,0,0,,0,0,0,0,,,,0,1,1,0,0,0,0,,,,0,0,0,0,,,,,,8,0,2,,0,,0,,,,0
cg2936,cg2936,cg2342,cg2342,0,sampled_negative,unknown,0,0,0,0,0,,,0,0,0,0,,0,0,,0,0,0,0,,,,0,0,0,0,0,0,0,,,,2,0,0,0,,,,,,8,0,0,,0,,0,,,,0
cg3082,cg3082,cg2276,cg2276,0,sampled_negative,unknown,0,0,0,0,0,,,0,0,0,0,,0,0,,0,0,0,0,,,,0,1,1,0,0,0,0,,,,0,0,0,0,,,,,,8,0,1,,0,,0,,,,0
cg1120,cg1120,cgrrev09588,cgrrev09588,0,sampled_negative,unknown,0,0,0,0,0,,,0,0,0,0,,0,0,,0,0,0,0,,,,0,0,0,0,0,0,0,,,,1,0,0,0,,,,,,8,0,1,,0,,0,,,,0
cg0350,cg0350,cg0764,cg0764,0,sampled_negative,unknown,0,0,0,0,0,,,0,0,0,0,,0,0,,0,0,0,0,,,,0,1,1,0,0,0,0,,,,0,0,0,0,,,,,,8,1,0,,0,,0,,,,0
cg2103,cg2103,cgrrev09587,cgrrev09587,0,sampled_negative,unknown,0,0,0,0,0,,,0,0,0,0,,0,0,,0,0,0,0,,,,0,0,0,0,0,0,0,,,,0,0,0,0,,,,,,8,0,0,,0,,0,,,,0
cg0337,cg0337,lcl_nc_006958_1_prot_wp_011015017_1_2176,lcl_nc_006958_1_prot_wp_011015017_1_2176,0,sampled_negative,unknown,0,0,0,0,0,,,0,0,0,0,,0,0,,0,0,0,0,,,,0,1,1,0,0,0,0,,,,0,0,0,0,,,,,,8,0,0,,0,,0,,,,0
cg0156,cg0156,cg0096,cg0096,0,sampled_negative,unknown,0,0,0,0,0,,,0,0,0,0,,0,0,,0,0,0,0,,,,0,1,1,0,0,0,0,,,,1,0,0,0,,,,,,8,0,0,,0,,0,,,,0
cg0337,cg0337,cg3559,cg3559,0,sampled_negative,unknown,0,0,0,0,0,,,0,0,0,0,,0,0,,0,0,0,0,,,,0,6,6,0,0,0,0,,,,0,0,0,0,,,,,,8,0,0,,0,,0,,,,0
cg2627,cg2627,cgrrev15957,cgrrev15957,0,sampled_negative,unknown,0,0,0,0,0,,,0,0,0,0,,0,0,,0,0,0,0,,,,0,0,0,0,0,0,0,,,,1,0,0,0,,,,,,8,0,0,,0,,0,,,,0
cg3247,cg3247,cgl2784,cgl2784,0,sampled_negative,unknown,0,0,0,0,0,,,0,0,0,0,,0,0,,0,0,0,0,,,,0,6,6,0,0,0,0,,,,0,0,0,0,,,,,,8,0,0,,0,,0,,,,0
cg2624,cg2624,cg2774,cg2774,0,sampled_negative,unknown,0,0,0,0,0,,,0,0,0,0,,0,0,,0,0,0,0,,,,0,11,6,0,0,0,0,,,,0,0,0,0,,,,,,8,0,0,,0,,0,,,,0
cg3253,cg3253,ncgl0316,ncgl0316,0,sampled_negative,unknown,0,0,0,0,0,,,0,0,0,0,,0,0,,0,0,0,0,,,,0,0,0,0,0,0,0,,,,0,0,0,0,,,,,,8,0,1,,0,,0,,,,0
cg0527,cg0527,cgrfwd15123,cgrfwd15123,0,sampled_negative,unknown,0,0,0,0,0,,,0,0,0,0,,0,0,,0,0,0,0,,,,0,0,0,0,0,0,0,,,,15,0,0,0,,,,,,8,0,1,,0,,0,,,,0
cg2831,cg2831,ncgl1712,ncgl1712,0,sampled_negative,unknown,0,0,0,0,0,,,0,0,0,0,,0,0,,0,0,0,0,,,,0,0,0,0,0,0,0,,,,0,0,0,0,,,,,,8,0,2,,0,,0,,,,0
cg1935,cg1935,lcl_nc_006958_1_prot_wp_011013571_1_326,lcl_nc_006958_1_prot_wp_011013571_1_326,0,sampled_negative,unknown,0,0,0,0,0,,,0,0,0,0,,0,0,,0,0,0,0,,,,0,2,2,0,0,0,0,,,,1,1,1,0,,,,,,8,0,1,,1,,0,,,,0
cg0986,cg0986,cg2390,cg2390,0,sampled_negative,unknown,0,0,0,0,0,,,0,0,0,0,,0,0,,0,0,0,0,,,,0,1,1,0,0,0,0,,,,0,0,0,0,,,,,,8,0,0,,0,,0,,,,0
cg0897,cg0897,cgl1093,cgl1093,0,sampled_negative,unknown,0,0,0,0,0,,,0,0,0,0,,0,0,,0,0,0,0,,,,0,18,7,0,0,0,0,,,,0,0,0,0,,,,,,8,0,1,,0,,0,,,,0
cg1935,cg1935,cgrrev09586,cgrrev09586,0,sampled_negative,unknown,0,0,0,0,0,,,0,0,0,0,,0,0,,0,0,0,0,,,,0,0,0,0,0,0,0,,,,1,0,0,0,,,,,,8,0,1,,1,,0,,,,0
cg1861,cg1861,cgl1396,cgl1396,0,sampled_negative,unknown,0,0,0,0,0,,,0,0,0,0,,0,0,,0,0,0,0,,,,0,6,6,0,0,0,0,,,,12,1,5,0,,,,,,8,0,0,,0,,0,,,,0
cg3285,cg3285,cg0287,cg0287,0,sampled_negative,unknown,0,0,0,0,0,,,0,0,0,0,,0,0,,0,0,0,0,,,,0,7,7,0,0,0,0,,,,0,0,0,0,,,,,,8,0,1,,0,,0,,,,0
cg2109,cg2109,cg2010,cg2010,0,sampled_negative,unknown,0,0,0,0,0,,,0,0,0,0,,0,0,,0,0,0,0,,,,0,1,1,0,0,0,0,,,,0,0,0,0,,,,,,8,0,1,,0,,0,,,,0
cg1648,cg1648,cg2299,cg2299,0,sampled_negative,unknown,0,0,0,0,0,,,0,0,0,0,,0,0,,0,0,0,0,,,,0,11,6,0,0,0,0,,,,0,0,0,0,,,,,,8,0,0,,0,,0,,,,0
cg1846,cg1846,cg1196,cg1196,0,sampled_negative,unknown,0,0,0,0,0,,,0,0,0,0,,0,0,,0,0,0,0,,,,0,7,1,0,0,0,0,,,,0,0,0,0,,,,,,8,0,0,,0,,0,,,,0
cg1861,cg1861,ncgl1383,ncgl1383,0,sampled_negative,unknown,0,0,0,0,0,,,0,0,0,0,,0,0,,0,0,0,0,,,,0,0,0,0,0,0,0,,,,12,0,0,0,,,,,,8,0,0,,0,,0,,,,0
cg0090,cg0090,cgrfwd12634,cgrfwd12634,0,sampled_negative,unknown,0,0,0,0,0,,,0,0,0,0,,0,0,,0,0,0,0,,,,0,0,0,0,0,0,0,,,,1,0,0,0,,,,,,8,0,0,,1,,0,,,,0
cg2965,cg2965,lcl_nc_006958_1_prot_wp_011013748_1_567,lcl_nc_006958_1_prot_wp_011013748_1_567,0,sampled_negative,unknown,0,0,0,0,0,,,0,0,0,0,,0,0,,0,0,0,0,,,,0,1,1,0,0,0,0,,,,0,0,0,0,,,,,,8,0,0,,0,,0,,,,0
cg3420,cg3420,cg2638,cg2638,0,sampled_negative,unknown,0,0,0,0,0,,,0,0,0,0,,0,0,,0,0,0,0,,,,0,0,0,0,0,0,0,,,,0,0,0,0,,,,,,8,0,0,,0,ECF_sigma,0,,,,0
cg2544,cg2544,cgl1323,cgl1323,0,sampled_negative,unknown,0,0,0,0,0,,,0,0,0,0,,0,0,,0,0,0,0,,,,0,6,6,0,0,0,0,,,,0,0,0,0,,,,,,8,0,0,,0,,0,,,,0
cg1765,cg1765,lcl_nc_006958_1_prot_wp_011013490_1_232,lcl_nc_006958_1_prot_wp_011013490_1_232,0,sampled_negative,unknown,0,0,0,0,0,,,0,0,0,0,,0,0,,0,0,0,0,,,,0,1,1,0,0,0,0,,,,0,0,0,0,,,,,,8,0,1,,0,,0,,,,0
cg1648,cg1648,cg1070,cg1070,0,sampled_negative,unknown,0,0,0,0,0,,,0,0,0,0,,0,0,,0,0,0,0,,,,0,5,2,0,0,0,0,,,,0,0,0,0,,,,,,8,0,0,,0,,0,,,,0
cg3224,cg3224,cg2028,cg2028,0,sampled_negative,unknown,0,0,0,0,0,,,0,0,0,0,,0,0,,0,0,0,0,,,,0,2,1,0,0,0,0,,,,0,0,0,0,,,,,,8,0,1,,0,,0,,,,0
cg2783,cg2783,cgl2530,cgl2530,0,sampled_negative,unknown,0,0,0,0,0,,,0,0,0,0,,0,0,,0,0,0,0,,,,0,49,7,0,0,0,0,,,,2,1,1,0,,,,,,8,0,0,,0,,0,,,,0
cg0196,cg0196,cg2841,cg2841,0,sampled_negative,unknown,0,0,0,0,0,,,0,0,0,0,,0,0,,0,0,0,0,,,,0,6,6,0,0,0,0,,,,0,0,0,0,,,,,,8,2,0,,0,,0,,,,0
cg1425,cg1425,cgl2041,cgl2041,0,sampled_negative,unknown,0,0,0,0,0,,,0,0,0,0,,0,0,,0,0,0,0,,,,0,7,7,0,0,0,0,,,,0,0,0,0,,,,,,8,0,0,,0,,0,,,,0
cg0876,cg0876,cg2422,cg2422,0,sampled_negative,unknown,0,0,0,0,0,,,0,0,0,0,,0,0,,0,0,0,0,,,,0,6,6,0,0,0,0,,,,2,0,0,0,,,,,,8,0,0,,0,ECF_sigma,0,,,,0
cg0051,cg0051,lcl_nc_006958_1_prot_wp_011014050_1_985,lcl_nc_006958_1_prot_wp_011014050_1_985,0,sampled_negative,unknown,0,0,0,0,0,,,0,0,0,0,,0,0,,0,0,0,0,,,,0,2,1,0,0,0,0,,,,3,0,0,0,,,,,,8,0,0,,0,,0,,,,0
cg1704,cg1704,cgrrev07687,cgrrev07687,0,sampled_negative,unknown,0,0,0,0,0,,,0,0,0,0,,0,0,,0,0,0,0,,,,0,0,0,0,0,0,0,,,,0,0,0,0,,,,,,8,0,0,,0,,0,,,,0
cg0051,cg0051,cgl0224,cgl0224,0,sampled_negative,unknown,0,0,0,0,0,,,0,0,0,0,,0,0,,0,0,0,0,,,,0,11,6,0,0,0,0,,,,3,0,0,0,,,,,,8,0,0,,0,,0,,,,0
cg2200,cg2200,cgrrev00748,cgrrev00748,0,sampled_negative,unknown,0,0,0,0,0,,,0,0,0,0,,0,0,,0,0,0,0,,,,0,0,0,0,0,0,0,,,,0,0,0,0,,,,,,8,0,1,,0,,0,,,,0
cg3082,cg3082,cgrrev01089,cgrrev01089,0,sampled_negative,unknown,0,0,0,0,0,,,0,0,0,0,,0,0,,0,0,0,0,,,,0,0,0,0,0,0,0,,,,0,0,0,0,,,,,,8,0,1,,0,,0,,,,0
cg0309,cg0309,cg3057,cg3057,0,sampled_negative,unknown,0,0,0,0,0,,,0,0,0,0,,0,0,,0,0,0,0,,,,0,0,0,0,0,0,0,,,,0,0,0,0,,,,,,8,0,0,,0,,0,,,,0
cg0897,cg0897,cg0328,cg0328,0,sampled_negative,unknown,0,0,0,0,0,,,0,0,0,0,,0,0,,0,0,0,0,,,,0,2,1,0,0,0,0,,,,0,0,0,0,,,,,,8,0,1,,0,,0,,,,0
cg3253,cg3253,cgl0774,cgl0774,0,sampled_negative,unknown,0,0,0,0,0,,,0,0,0,0,,0,0,,0,0,0,0,,,,0,1,1,0,0,0,0,,,,0,0,0,0,,,,,,8,0,1,,0,,0,,,,0
cg1861,cg1861,cg1352,cg1352,0,sampled_negative,unknown,0,0,0,0,0,,,0,0,0,0,,0,0,,0,0,0,0,,,,0,6,6,0,0,0,0,,,,12,1,6,0,,,,,,8,0,0,,0,,0,,,,0
cg1032,cg1032,cgrfwd13721,cgrfwd13721,0,sampled_negative,unknown,0,0,0,0,0,,,0,0,0,0,,0,0,,0,0,0,0,,,,0,0,0,0,0,0,0,,,,0,0,0,0,,,,,,8,0,2,,0,,0,,,,0
cg2544,cg2544,cgl0424,cgl0424,0,sampled_negative,unknown,0,0,0,0,0,,,0,0,0,0,,0,0,,0,0,0,0,,,,0,1,1,0,0,0,0,,,,0,0,0,0,,,,,,8,0,0,,0,,0,,,,0
cg0876,cg0876,cg1847,cg1847,0,sampled_negative,unknown,0,0,0,0,0,,,0,0,0,0,,0,0,,0,0,0,0,,,,0,0,0,0,0,0,0,,,,2,0,0,0,,,,,,8,0,0,,0,ECF_sigma,0,,,,0
cg3239,cg3239,cgrfwd12888,cgrfwd12888,0,sampled_negative,unknown,0,0,0,0,0,,,0,0,0,0,,0,0,,0,0,0,0,,,,0,0,0,0,0,0,0,,,,0,0,0,0,,,,,,8,0,1,,0,,0,,,,0
cg0702,cg0702,cg1929,cg1929,0,sampled_negative,unknown,0,0,0,0,0,,,0,0,0,0,,0,0,,0,0,0,0,,,,0,0,0,0,0,0,0,,,,6,0,0,0,,,,,,8,0,0,,0,,0,,,,0
cg1084,cg1084,cg1195,cg1195,0,sampled_negative,unknown,0,0,0,0,0,,,0,0,0,0,,0,0,,0,0,0,0,,,,0,2,1,0,0,0,0,,,,0,0,0,0,,,,,,8,0,1,,0,,0,,,,0
cg0343,cg0343,cg3284,cg3284,0,sampled_negative,unknown,0,0,0,0,0,,,0,0,0,0,,0,0,,0,0,0,0,,,,0,0,0,0,0,0,0,,,,0,0,0,0,,,,,,8,1,0,,0,,0,,,,0
cg0500,cg0500,lcl_nc_006958_1_prot_wp_003862124_1_1046,lcl_nc_006958_1_prot_wp_003862124_1_1046,0,sampled_negative,unknown,0,0,0,0,0,,,0,0,0,0,,0,0,,0,0,0,0,,,,0,1,1,0,0,0,0,,,,0,0,0,0,,,,,,8,0,0,,0,,0,,,,0
cg0696,cg0696,cg3330,cg3330,0,sampled_negative,unknown,0,0,0,0,0,,,0,0,0,0,,0,0,,0,0,0,0,,,,0,0,0,0,0,0,0,,,,0,0,0,0,,,,,,8,0,1,,0,,0,,,,0
gntr1,gntr1,cgl0146,cgl0146,0,sampled_negative,unknown,0,0,0,0,0,,,0,0,0,0,,0,0,,0,0,0,0,,,,0,1,1,0,0,0,0,,,,0,0,0,0,,,,,,8,0,0,,0,,0,,,,0
cg1935,cg1935,cg3117,cg3117,0,sampled_negative,unknown,0,0,0,0,0,,,0,0,0,0,,0,0,,0,0,0,0,,,,0,0,0,0,0,0,0,,,,1,0,0,0,,,,,,8,0,1,,1,,0,,,,0
cg2309,cg2309,cg0737,cg0737,0,sampled_negative,unknown,0,0,0,0,0,,,0,0,0,0,,0,0,,0,0,0,0,,,,0,6,6,0,0,0,0,,,,0,0,0,0,,,,,,8,1,0,,0,,0,,,,0
cg0702,cg0702,cgrfwd15067,cgrfwd15067,0,sampled_negative,unknown,0,0,0,0,0,,,0,0,0,0,,0,0,,0,0,0,0,,,,0,0,0,0,0,0,0,,,,6,0,0,0,,,,,,8,0,0,,0,,0,,,,0
cg0350,cg0350,cg1701,cg1701,0,sampled_negative,unknown,0,0,0,0,0,,,0,0,0,0,,0,0,,0,0,0,0,,,,0,6,6,0,0,0,0,,,,0,0,0,0,,,,,,8,0,0,,0,,0,,,,0
cg0500,cg0500,cgrrev00749,cgrrev00749,0,sampled_negative,unknown,0,0,0,0,0,,,0,0,0,0,,0,0,,0,0,0,0,,,,0,0,0,0,0,0,0,,,,0,0,0,0,,,,,,8,0,0,,0,,0,,,,0
cg3247,cg3247,cgl0550,cgl0550,0,sampled_negative,unknown,0,0,0,0,0,,,0,0,0,0,,0,0,,0,0,0,0,,,,0,1,1,0,0,0,0,,,,0,0,0,0,,,,,,8,0,0,,0,,0,,,,0
cg1486,cg1486,cgrfwd17886,cgrfwd17886,0,sampled_negative,unknown,0,0,0,0,0,,,0,0,0,0,,0,0,,0,0,0,0,,,,0,0,0,0,0,0,0,,,,0,0,0,0,,,,,,8,0,0,,0,,0,,,,0
cg0741,cg0741,ncgl1646,ncgl1646,0,sampled_negative,unknown,0,0,0,0,0,,,0,0,0,0,,0,0,,0,0,0,0,,,,0,0,0,0,0,0,0,,,,0,0,0,0,,,,,,8,0,1,,0,,0,,,,0
cg2268,cg2268,lcl_nc_006958_1_prot_wp_011013573_1_328,lcl_nc_006958_1_prot_wp_011013573_1_328,0,sampled_negative,unknown,0,0,0,0,0,,,0,0,0,0,,0,0,,0,0,0,0,,,,0,2,1,0,0,0,0,,,,2,0,0,0,,,,,,8,0,0,,0,,0,,,,0
cg0012,cg0012,cgl0288,cgl0288,0,sampled_negative,unknown,0,0,0,0,0,,,0,0,0,0,,0,0,,0,0,0,0,,,,0,94,7,0,0,0,0,,,,0,0,0,0,,,,,,8,0,1,,0,Group_1_sigma,0,,,,0
cg2200,cg2200,cg1724,cg1724,0,sampled_negative,unknown,0,0,0,0,0,,,0,0,0,0,,0,0,,0,0,0,0,,,,0,6,6,0,0,0,0,,,,0,0,0,0,,,,,,8,1,1,,0,,0,,,,0
cg0012,cg0012,cg1118,cg1118,0,sampled_negative,unknown,0,0,0,0,0,,,0,0,0,0,,0,0,,0,0,0,0,,,,0,2,2,0,0,0,0,,,,0,0,0,0,,,,,,8,0,1,,0,Group_1_sigma,0,,,,0
cg0350,cg0350,ncgl2217,ncgl2217,0,sampled_negative,unknown,0,0,0,0,0,,,0,0,0,0,,0,0,,0,0,0,0,,,,0,0,0,0,0,0,0,,,,0,0,0,0,,,,,,8,0,0,,0,,0,,,,0
cg0454,cg0454,cg0405,cg0405,0,sampled_negative,unknown,0,0,0,0,0,,,0,0,0,0,,0,0,,0,0,0,0,,,,0,6,6,0,0,0,0,,,,1,0,0,0,,,,,,8,0,0,,0,,0,,,,0
cg0897,cg0897,cgrrev01466,cgrrev01466,0,sampled_negative,unknown,0,0,0,0,0,,,0,0,0,0,,0,0,,0,0,0,0,,,,0,0,0,0,0,0,0,,,,0,0,0,0,,,,,,8,0,1,,0,,0,,,,0
cg0156,cg0156,lcl_nc_006958_1_prot_wp_011265547_1_377,lcl_nc_006958_1_prot_wp_011265547_1_377,0,sampled_negative,unknown,0,0,0,0,0,,,0,0,0,0,,0,0,,0,0,0,0,,,,0,2,1,0,0,0,0,,,,1,1,1,0,,,,,,8,0,0,,0,,0,,,,0
cg0012,cg0012,cgl1582,cgl1582,0,sampled_negative,unknown,0,0,0,0,0,,,0,0,0,0,,0,0,,0,0,0,0,,,,0,6,6,0,0,0,0,,,,0,0,0,0,,,,,,8,0,1,,0,Group_1_sigma,0,,,,0
cg0350,cg0350,cg3429,cg3429,0,sampled_negative,unknown,0,0,0,0,0,,,0,0,0,0,,0,0,,0,0,0,0,,,,0,0,0,0,0,0,0,,,,0,0,0,0,,,,,,8,0,0,,0,,0,,,,0
cg2624,cg2624,lcl_nc_006958_1_prot_wp_011266031_1_2777,lcl_nc_006958_1_prot_wp_011266031_1_2777,0,sampled_negative,unknown,0,0,0,0,0,,,0,0,0,0,,0,0,,0,0,0,0,,,,0,1,1,0,0,0,0,,,,0,0,0,0,,,,,,8,0,0,,0,,0,,,,0
cg1831,cg1831,cgl1147,cgl1147,0,sampled_negative,unknown,0,0,0,0,0,,,0,0,0,0,,0,0,,0,0,0,0,,,,0,1,1,0,0,0,0,,,,0,0,0,0,,,,,,8,0,0,,0,,0,,,,0
cg1211,cg1211,cgrfwd08258,cgrfwd08258,0,sampled_negative,unknown,0,0,0,0,0,,,0,0,0,0,,0,0,,0,0,0,0,,,,0,0,0,0,0,0,0,,,,0,0,0,0,,,,,,8,0,1,,0,,0,,,,0
cg2766,cg2766,cgl0954,cgl0954,0,sampled_negative,unknown,0,0,0,0,0,,,0,0,0,0,,0,0,,0,0,0,0,,,,0,6,6,0,0,0,0,,,,0,0,0,0,,,,,,8,0,0,,1,,0,,,,0
cg0463,cg0463,cgrrev16890,cgrrev16890,0,sampled_negative,unknown,0,0,0,0,0,,,0,0,0,0,,0,0,,0,0,0,0,,,,0,0,0,0,0,0,0,,,,0,0,0,0,,,,,,8,0,0,,0,,0,,,,0
cg0565,cg0565,cgrrev07357,cgrrev07357,0,sampled_negative,unknown,0,0,0,0,0,,,0,0,0,0,,0,0,,0,0,0,0,,,,0,0,0,0,0,0,0,,,,0,0,0,0,,,,,,8,0,1,,0,,0,,,,0
cg0090,cg0090,cg0225,cg0225,0,sampled_negative,unknown,0,0,0,0,0,,,0,0,0,0,,0,0,,0,0,0,0,,,,0,1,1,0,0,0,0,,,,1,0,0,0,,,,,,8,0,0,,1,,0,,,,0
cg0317,cg0317,cg1858,cg1858,0,sampled_negative,unknown,0,0,0,0,0,,,0,0,0,0,,0,0,,0,0,0,0,,,,0,2,1,0,0,0,0,,,,2,0,0,0,,,,,,8,0,0,,0,,0,,,,0
cg2152,cg2152,lcl_nc_006958_1_prot_wp_003862850_1_2647,lcl_nc_006958_1_prot_wp_003862850_1_2647,0,sampled_negative,unknown,0,0,0,0,0,,,0,0,0,0,,0,0,,0,0,0,0,,,,0,1,1,0,0,0,0,,,,0,0,0,0,,,,,,8,0,0,,0,,0,,,,0
cg1032,cg1032,cgl0583,cgl0583,0,sampled_negative,unknown,0,0,0,0,0,,,0,0,0,0,,0,0,,0,0,0,0,,,,0,11,6,0,0,0,0,,,,0,0,0,0,,,,,,8,0,2,,0,,0,,,,0
cg1308,cg1308,cg2762,cg2762,0,sampled_negative,unknown,0,0,0,0,0,,,0,0,0,0,,0,0,,0,0,0,0,,,,0,11,6,0,0,0,0,,,,0,0,0,0,,,,,,8,0,0,,0,,0,,,,0
cg2737,cg2737,cgrrev08397,cgrrev08397,0,sampled_negative,unknown,0,0,0,0,0,,,0,0,0,0,,0,0,,0,0,0,0,,,,0,0,0,0,0,0,0,,,,0,0,0,0,,,,,,8,0,0,,0,,0,,,,0
cg1935,cg1935,ncgl2699,ncgl2699,0,sampled_negative,unknown,0,0,0,0,0,,,0,0,0,0,,0,0,,0,0,0,0,,,,0,0,0,0,0,0,0,,,,1,0,0,0,,,,,,8,0,1,,1,,0,,,,0
cg0343,cg0343,lcl_nc_006958_1_prot_wp_003854931_1_1118,lcl_nc_006958_1_prot_wp_003854931_1_1118,0,sampled_negative,unknown,0,0,0,0,0,,,0,0,0,0,,0,0,,0,0,0,0,,,,0,2,2,0,0,0,0,,,,0,0,0,0,,,,,,8,0,0,,0,,0,,,,0
cg2894,cg2894,cg2559,cg2559,0,sampled_negative,unknown,0,0,0,0,0,,,0,0,0,0,,0,0,,0,0,0,0,,,,0,1,1,0,0,0,0,,,,0,0,0,0,,,,,,8,0,1,,0,,0,,,,0
cg1935,cg1935,cgrfwd17539,cgrfwd17539,0,sampled_negative,unknown,0,0,0,0,0,,,0,0,0,0,,0,0,,0,0,0,0,,,,0,0,0,0,0,0,0,,,,1,0,0,0,,,,,,8,0,1,,1,,0,,,,0
cg0862,cg0862,cg2140,cg2140,0,sampled_negative,unknown,0,0,0,0,0,,,0,0,0,0,,0,0,,0,0,0,0,,,,0,0,0,0,0,0,0,,,,0,0,0,0,,,,,,8,0,0,,0,,0,,,,0
cg1324,cg1324,cgl2986,cgl2986,0,sampled_negative,unknown,0,0,0,0,0,,,0,0,0,0,,0,0,,0,0,0,0,,,,0,30,6,0,0,0,0,,,,2,0,0,0,,,,,,8,0,0,,0,,0,,,,0
cg2500,cg2500,cg0402,cg0402,0,sampled_negative,unknown,0,0,0,0,0,,,0,0,0,0,,0,0,,0,0,0,0,,,,0,6,6,0,0,0,0,,,,0,0,0,0,,,,,,8,0,0,,0,,0,,,,0
cg0317,cg0317,lcl_nc_006958_1_prot_wp_011014785_1_1858,lcl_nc_006958_1_prot_wp_011014785_1_1858,0,sampled_negative,unknown,0,0,0,0,0,,,0,0,0,0,,0,0,,0,0,0,0,,,,0,2,1,0,0,0,0,,,,2,0,0,0,,,,,,8,0,0,,0,,0,,,,0
cg2114,cg2114,cgr1102,cgr1102,0,sampled_negative,unknown,0,0,0,0,0,,,0,0,0,0,,0,0,,0,0,0,0,,,,0,0,0,0,0,0,0,,,,0,0,0,0,,,,,,8,0,0,,0,,0,,,,0
cg0371,cg0371,cg0665,cg0665,0,sampled_negative,unknown,0,0,0,0,0,,,0,0,0,0,,0,0,,0,0,0,0,,,,0,2,2,0,0,0,0,,,,0,0,0,0,,,,,,8,0,0,,0,,0,,,,0
cg2109,cg2109,cgl1087,cgl1087,0,sampled_negative,unknown,0,0,0,0,0,,,0,0,0,0,,0,0,,0,0,0,0,,,,0,1,1,0,0,0,0,,,,0,0,0,0,,,,,,8,0,1,,0,,0,,,,0
cg1425,cg1425,cg1394,cg1394,0,sampled_negative,unknown,0,0,0,0,0,,,0,0,0,0,,0,0,,0,0,0,0,,,,0,7,2,0,0,0,0,,,,0,0,0,0,,,,,,8,0,0,,0,,0,,,,0
cg2500,cg2500,cgl0325,cgl0325,0,sampled_negative,unknown,0,0,0,0,0,,,0,0,0,0,,0,0,,0,0,0,0,,,,0,12,6,0,0,0,0,,,,0,0,0,0,,,,,,8,0,0,,0,,0,,,,0
cg1084,cg1084,cgl0070,cgl0070,0,sampled_negative,unknown,0,0,0,0,0,,,0,0,0,0,,0,0,,0,0,0,0,,,,0,1,1,0,0,0,0,,,,0,0,0,0,,,,,,8,0,1,,0,,0,,,,0
cg1552,cg1552,lcl_nc_006958_1_prot_wp_011014925_1_2055,lcl_nc_006958_1_prot_wp_011014925_1_2055,0,sampled_negative,unknown,0,0,0,0,0,,,0,0,0,0,,0,0,,0,0,0,0,,,,0,1,1,0,0,0,0,,,,2,1,1,0,,,,,,8,0,0,,0,,0,,,,0
cg2831,cg2831,cgl2538,cgl2538,0,sampled_negative,unknown,0,0,0,0,0,,,0,0,0,0,,0,0,,0,0,0,0,,,,0,11,6,0,0,0,0,,,,0,0,0,0,,,,,,8,0,2,,0,,0,,,,0
cg0112,cg0112,cgl2426,cgl2426,0,sampled_negative,unknown,0,0,0,0,0,,,0,0,0,0,,0,0,,0,0,0,0,,,,0,12,7,0,0,0,0,,,,1,0,0,0,,,,,,8,0,0,,0,,0,,,,0
cg0463,cg0463,cgl2517,cgl2517,0,sampled_negative,unknown,0,0,0,0,0,,,0,0,0,0,,0,0,,0,0,0,0,,,,0,11,6,0,0,0,0,,,,0,0,0,0,,,,,,8,0,0,,0,,0,,,,0
cg0993,cg0993,cg0790,cg0790,0,sampled_negative,unknown,0,0,0,0,0,,,0,0,0,0,,0,0,,0,0,0,0,,,,0,0,0,0,0,0,0,,,,0,0,0,0,,,,,,8,0,2,,0,,0,,,,0
cg0702,cg0702,lcl_nc_006958_1_prot_wp_011014921_1_2050,lcl_nc_006958_1_prot_wp_011014921_1_2050,0,sampled_negative,unknown,0,0,0,0,0,,,0,0,0,0,,0,0,,0,0,0,0,,,,0,1,1,0,0,0,0,,,,6,0,0,0,,,,,,8,0,0,,0,,0,,,,0
cg2766,cg2766,cgl1206,cgl1206,0,sampled_negative,unknown,0,0,0,0,0,,,0,0,0,0,,0,0,,0,0,0,0,,,,0,12,7,0,0,0,0,,,,0,0,0,0,,,,,,8,0,0,,1,,0,,,,0
cg0196,cg0196,cg2198,cg2198,0,sampled_negative,unknown,0,0,0,0,0,,,0,0,0,0,,0,0,,0,0,0,0,,,,0,1,1,0,0,0,0,,,,0,0,0,0,,,,,,8,0,0,,0,,0,,,,0
cg0993,cg0993,cgrfwd17715,cgrfwd17715,0,sampled_negative,unknown,0,0,0,0,0,,,0,0,0,0,,0,0,,0,0,0,0,,,,0,0,0,0,0,0,0,,,,0,0,0,0,,,,,,8,0,2,,0,,0,,,,0
cg0897,cg0897,cgl0828,cgl0828,0,sampled_negative,unknown,0,0,0,0,0,,,0,0,0,0,,0,0,,0,0,0,0,,,,0,17,7,0,0,0,0,,,,0,0,0,0,,,,,,8,0,1,,0,,0,,,,0
cg2309,cg2309,lcl_nc_006958_1_prot_wp_011014798_1_1876,lcl_nc_006958_1_prot_wp_011014798_1_1876,0,sampled_negative,unknown,0,0,0,0,0,,,0,0,0,0,,0,0,,0,0,0,0,,,,0,2,1,0,0,0,0,,,,0,0,0,0,,,,,,8,0,0,,0,,0,,,,0
cg2894,cg2894,lcl_nc_006958_1_prot_wp_003862850_1_2647,lcl_nc_006958_1_prot_wp_003862850_1_2647,0,sampled_negative,unknown,0,0,0,0,0,,,0,0,0,0,,0,0,,0,0,0,0,,,,0,1,1,0,0,0,0,,,,0,0,0,0,,,,,,8,0,1,,0,,0,,,,0
cg3202,cg3202,cgrrev04514,cgrrev04514,0,sampled_negative,unknown,0,0,0,0,0,,,0,0,0,0,,0,0,,0,0,0,0,,,,0,0,0,0,0,0,0,,,,0,0,0,0,,,,,,8,0,1,,0,,0,,,,0
cg1648,cg1648,cgrfwd17375,cgrfwd17375,0,sampled_negative,unknown,0,0,0,0,0,,,0,0,0,0,,0,0,,0,0,0,0,,,,0,0,0,0,0,0,0,,,,0,0,0,0,,,,,,8,0,0,,0,,0,,,,0
cg2894,cg2894,cgrfwd09340,cgrfwd09340,0,sampled_negative,unknown,0,0,0,0,0,,,0,0,0,0,,0,0,,0,0,0,0,,,,0,0,0,0,0,0,0,,,,0,0,0,0,,,,,,8,0,1,,0,,0,,,,0
cg2114,cg2114,lcl_nc_006958_1_prot_wp_011014281_1_1274,lcl_nc_006958_1_prot_wp_011014281_1_1274,0,sampled_negative,unknown,0,0,0,0,0,,,0,0,0,0,,0,0,,0,0,0,0,,,,0,2,1,0,0,0,0,,,,0,0,0,0,,,,,,8,0,0,,0,,0,,,,0
cg1861,cg1861,ncgl0381,ncgl0381,0,sampled_negative,unknown,0,0,0,0,0,,,0,0,0,0,,0,0,,0,0,0,0,,,,0,0,0,0,0,0,0,,,,12,0,0,0,,,,,,8,0,0,,0,,0,,,,0
cg2615,cg2615,lcl_nc_006958_1_prot_wp_011015159_1_2363,lcl_nc_006958_1_prot_wp_011015159_1_2363,0,sampled_negative,unknown,0,0,0,0,0,,,0,0,0,0,,0,0,,0,0,0,0,,,,0,2,1,0,0,0,0,,,,0,0,0,0,,,,,,8,0,1,,0,,0,,,,0
cg0725,cg0725,cgl1364,cgl1364,0,sampled_negative,unknown,0,0,0,0,0,,,0,0,0,0,,0,0,,0,0,0,0,,,,0,1,1,0,0,0,0,,,,0,0,0,0,,,,,,8,0,1,,0,,0,,,,0
cg0646,cg0646,cg0968,cg0968,0,sampled_negative,unknown,0,0,0,0,0,,,0,0,0,0,,0,0,,0,0,0,0,,,,0,0,0,0,0,0,0,,,,0,0,0,0,,,,,,8,0,1,,0,,0,,,,0
cg2114,cg2114,lcl_nc_006958_1_prot_wp_011014867_1_1975,lcl_nc_006958_1_prot_wp_011014867_1_1975,0,sampled_negative,unknown,0,0,0,0,0,,,0,0,0,0,,0,0,,0,0,0,0,,,,0,1,1,0,0,0,0,,,,0,0,0,0,,,,,,8,0,0,,0,,0,,,,0
cg3247,cg3247,cgl3083,cgl3083,0,sampled_negative,unknown,0,0,0,0,0,,,0,0,0,0,,0,0,,0,0,0,0,,,,0,2,1,0,0,0,0,,,,0,0,0,0,,,,,,8,0,0,,0,,0,,,,0
cg2103,cg2103,cgl1427,cgl1427,0,sampled_negative,unknown,0,0,0,0,0,,,0,0,0,0,,0,0,,0,0,0,0,,,,0,23,7,0,0,0,0,,,,0,0,0,0,,,,,,8,0,0,,0,,0,,,,0
cg0500,cg0500,cgl1418,cgl1418,0,sampled_negative,unknown,0,0,0,0,0,,,0,0,0,0,,0,0,,0,0,0,0,,,,0,8,8,0,0,0,0,,,,0,0,0,0,,,,,,8,0,0,,0,,0,,,,0
cg1340,cg1340,cg0527,cg0527,0,sampled_negative,unknown,0,0,0,0,0,,,0,0,0,0,,0,0,,0,0,0,0,,,,0,15,1,0,0,0,0,,,,0,0,0,0,,,,,,8,1,0,,0,,0,,,,0
cg0986,cg0986,cgl3063,cgl3063,0,sampled_negative,unknown,0,0,0,0,0,,,0,0,0,0,,0,0,,0,0,0,0,,,,0,11,6,0,0,0,0,,,,0,0,0,0,,,,,,8,0,0,,0,,0,,,,0
cg2268,cg2268,cg1832,cg1832,0,sampled_negative,unknown,0,0,0,0,0,,,0,0,0,0,,0,0,,0,0,0,0,,,,0,7,2,0,0,0,0,,,,2,0,0,0,,,,,,8,0,0,,0,,0,,,,0
cg2118,cg2118,ncgl2881,ncgl2881,0,sampled_negative,unknown,0,0,0,0,0,,,0,0,0,0,,0,0,,0,0,0,0,,,,0,0,0,0,0,0,0,,,,0,0,0,0,,,,,,8,0,0,,0,,0,,,,0
cg0527,cg0527,cgl1211,cgl1211,0,sampled_negative,unknown,0,0,0,0,0,,,0,0,0,0,,0,0,,0,0,0,0,,,,0,11,6,0,0,0,0,,,,15,0,0,0,,,,,,8,0,1,,0,,0,,,,0
cg1831,cg1831,cgrfwd02694,cgrfwd02694,0,sampled_negative,unknown,0,0,0,0,0,,,0,0,0,0,,0,0,,0,0,0,0,,,,0,0,0,0,0,0,0,,,,0,0,0,0,,,,,,8,0,0,,0,,0,,,,0
cg0090,cg0090,cgl1952,cgl1952,0,sampled_negative,unknown,0,0,0,0,0,,,0,0,0,0,,0,0,,0,0,0,0,,,,0,27,7,0,0,0,0,,,,1,1,1,0,,,,,,8,0,0,,1,,0,,,,0
cg0695,cg0695,cg0519,cg0519,0,sampled_negative,unknown,0,0,0,0,0,,,0,0,0,0,,0,0,,0,0,0,0,,,,0,0,0,0,0,0,0,,,,0,0,0,0,,,,,,8,0,1,,0,,0,,,,0
cg2737,cg2737,cg2477,cg2477,0,sampled_negative,unknown,0,0,0,0,0,,,0,0,0,0,,0,0,,0,0,0,0,,,,0,2,1,0,0,0,0,,,,0,0,0,0,,,,,,8,0,0,,0,,0,,,,0
cg0313,cg0313,lcl_nc_006958_1_prot_wp_011014507_1_1599,lcl_nc_006958_1_prot_wp_011014507_1_1599,0,sampled_negative,unknown,0,0,0,0,0,,,0,0,0,0,,0,0,,0,0,0,0,,,,0,3,1,0,0,0,0,,,,0,0,0,0,,,,,,8,0,0,,0,,0,,,,0
cg3373,cg3373,cgl1574,cgl1574,0,sampled_negative,unknown,0,0,0,0,0,,,0,0,0,0,,0,0,,0,0,0,0,,,,0,11,6,0,0,0,0,,,,0,0,0,0,,,,,,8,0,0,,0,,0,,,,0
cg2783,cg2783,lcl_nc_006958_1_prot_wp_011015616_1_2941,lcl_nc_006958_1_prot_wp_011015616_1_2941,0,sampled_negative,unknown,0,0,0,0,0,,,0,0,0,0,,0,0,,0,0,0,0,,,,0,2,1,0,0,0,0,,,,2,0,0,0,,,,,,8,0,0,,0,,0,,,,0
cg1585,cg1585,cg2313,cg2313,0,sampled_negative,unknown,0,0,0,0,0,,,0,0,0,0,,0,0,,0,0,0,0,,,,0,11,6,0,0,0,0,,,,0,0,0,0,,,,,,8,0,1,,0,,0,,,,0
cg1861,cg1861,cgl1507,cgl1507,0,sampled_negative,unknown,0,0,0,0,0,,,0,0,0,0,,0,0,,0,0,0,0,,,,0,6,6,0,0,0,0,,,,12,1,5,0,,,,,,8,0,0,,0,,0,,,,0
cg3285,cg3285,cg3127,cg3127,0,sampled_negative,unknown,0,0,0,0,0,,,0,0,0,0,,0,0,,0,0,0,0,,,,0,0,0,0,0,0,0,,,,0,0,0,0,,,,,,8,1,1,,0,,0,,,,0
cg2965,cg2965,cgl2160,cgl2160,0,sampled_negative,unknown,0,0,0,0,0,,,0,0,0,0,,0,0,,0,0,0,0,,,,0,6,6,0,0,0,0,,,,0,0,0,0,,,,,,8,0,0,,0,,0,,,,0
cg1271,cg1271,ncgl1769,ncgl1769,0,sampled_negative,unknown,0,0,0,0,0,,,0,0,0,0,,0,0,,0,0,0,0,,,,0,0,0,0,0,0,0,,,,0,0,0,0,,,,,,8,0,0,,0,ECF_sigma,0,,,,0
cg2103,cg2103,cgl2773,cgl2773,0,sampled_negative,unknown,0,0,0,0,0,,,0,0,0,0,,0,0,,0,0,0,0,,,,0,11,6,0,0,0,0,,,,0,0,0,0,,,,,,8,0,0,,0,,0,,,,0
cg0979,cg0979,cgl2475,cgl2475,0,sampled_negative,unknown,0,0,0,0,0,,,0,0,0,0,,0,0,,0,0,0,0,,,,0,1,1,0,0,0,0,,,,0,0,0,0,,,,,,8,0,1,,0,,0,,,,0
cg2544,cg2544,cgrrev03370,cgrrev03370,0,sampled_negative,unknown,0,0,0,0,0,,,0,0,0,0,,0,0,,0,0,0,0,,,,0,0,0,0,0,0,0,,,,0,0,0,0,,,,,,8,0,0,,0,,0,,,,0
cg2109,cg2109,cg2735,cg2735,0,sampled_negative,unknown,0,0,0,0,0,,,0,0,0,0,,0,0,,0,0,0,0,,,,0,2,1,0,0,0,0,,,,0,0,0,0,,,,,,8,0,1,,0,,0,,,,0
cg1218,cg1218,cg0943,cg0943,0,sampled_negative,unknown,0,0,0,0,0,,,0,0,0,0,,0,0,,0,0,0,0,,,,0,10,1,0,0,0,0,,,,2,0,0,0,,,,,,8,0,1,,0,,0,,,,0
cg1211,cg1211,cg2447,cg2447,0,sampled_negative,unknown,0,0,0,0,0,,,0,0,0,0,,0,0,,0,0,0,0,,,,0,6,6,0,0,0,0,,,,0,0,0,0,,,,,,8,1,1,,0,,0,,,,0
cg0343,cg0343,cg2751,cg2751,0,sampled_negative,unknown,0,0,0,0,0,,,0,0,0,0,,0,0,,0,0,0,0,,,,0,66,6,0,0,0,0,,,,0,0,0,0,,,,,,8,1,0,,0,,0,,,,0
cg2624,cg2624,cgrrev03336,cgrrev03336,0,sampled_negative,unknown,0,0,0,0,0,,,0,0,0,0,,0,0,,0,0,0,0,,,,0,0,0,0,0,0,0,,,,0,0,0,0,,,,,,8,0,0,,0,,0,,,,0
cg3315,cg3315,cgl0555,cgl0555,0,sampled_negative,unknown,0,0,0,0,0,,,0,0,0,0,,0,0,,0,0,0,0,,,,0,4,1,0,0,0,0,,,,0,0,0,0,,,,,,8,0,0,,0,,0,,,,0
cg1792,cg1792,cg0062,cg0062,0,sampled_negative,unknown,0,0,0,0,0,,,0,0,0,0,,0,0,,0,0,0,0,,,,0,2,1,0,0,0,0,,,,1,0,0,0,,,,,,8,0,0,,0,,0,,,,0
cg2910,cg2910,cgl2466,cgl2466,0,sampled_negative,unknown,0,0,0,0,0,,,0,0,0,0,,0,0,,0,0,0,0,,,,0,2,1,0,0,0,0,,,,0,0,0,0,,,,,,8,0,0,,0,,0,,,,0
cg0196,cg0196,cg0419,cg0419,0,sampled_negative,unknown,0,0,0,0,0,,,0,0,0,0,,0,0,,0,0,0,0,,,,0,12,6,0,0,0,0,,,,0,0,0,0,,,,,,8,1,0,,0,,0,,,,0
cg1935,cg1935,ncgl1736,ncgl1736,0,sampled_negative,unknown,0,0,0,0,0,,,0,0,0,0,,0,0,,0,0,0,0,,,,0,0,0,0,0,0,0,,,,1,0,0,0,,,,,,8,0,1,,1,,0,,,,0
cg1547,cg1547,cg3528,cg3528,0,sampled_negative,unknown,0,0,0,0,0,,,0,0,0,0,,0,0,,0,0,0,0,,,,0,1,1,0,0,0,0,,,,0,0,0,0,,,,,,8,0,0,,0,,0,,,,0
cg3082,cg3082,cgrrev09119,cgrrev09119,0,sampled_negative,unknown,0,0,0,0,0,,,0,0,0,0,,0,0,,0,0,0,0,,,,0,0,0,0,0,0,0,,,,0,0,0,0,,,,,,8,0,1,,0,,0,,,,0
cg0313,cg0313,cgrrev16885,cgrrev16885,0,sampled_negative,unknown,0,0,0,0,0,,,0,0,0,0,,0,0,,0,0,0,0,,,,0,0,0,0,0,0,0,,,,0,0,0,0,,,,,,8,0,0,,0,,0,,,,0
cg2516,cg2516,cgl0609,cgl0609,0,sampled_negative,unknown,0,0,0,0,0,,,0,0,0,0,,0,0,,0,0,0,0,,,,0,7,1,0,0,0,0,,,,0,0,0,0,,,,,,8,0,0,,0,,0,,,,0
cg3082,cg3082,cgl0370,cgl0370,0,sampled_negative,unknown,0,0,0,0,0,,,0,0,0,0,,0,0,,0,0,0,0,,,,0,12,6,0,0,0,0,,,,0,0,0,0,,,,,,8,0,1,,0,,0,,,,0
cg1084,cg1084,cg1986,cg1986,0,sampled_negative,unknown,0,0,0,0,0,,,0,0,0,0,,0,0,,0,0,0,0,,,,0,1,1,0,0,0,0,,,,0,0,0,0,,,,,,8,0,1,,0,,0,,,,0
cg0350,cg0350,cg1365,cg1365,0,sampled_negative,unknown,0,0,0,0,0,,,0,0,0,0,,0,0,,0,0,0,0,,,,0,11,6,0,0,0,0,,,,0,0,0,0,,,,,,8,0,0,,0,,0,,,,0
cg2502,cg2502,cg3586,cg3586,0,sampled_negative,unknown,0,0,0,0,0,,,0,0,0,0,,0,0,,0,0,0,0,,,,0,6,6,0,0,0,0,,,,0,0,0,0,,,,,,8,0,0,,0,,0,,,,0
cg2152,cg2152,cg0832,cg0832,0,sampled_negative,unknown,0,0,0,0,0,,,0,0,0,0,,0,0,,0,0,0,0,,,,0,2,1,0,0,0,0,,,,0,0,0,0,,,,,,8,1,0,,0,,0,,,,0
cg2544,cg2544,cg2018,cg2018,0,sampled_negative,unknown,0,0,0,0,0,,,0,0,0,0,,0,0,,0,0,0,0,,,,0,1,1,0,0,0,0,,,,0,0,0,0,,,,,,8,1,0,,0,,0,,,,0
cg2783,cg2783,cg2237,cg2237,0,sampled_negative,unknown,0,0,0,0,0,,,0,0,0,0,,0,0,,0,0,0,0,,,,0,2,1,0,0,0,0,,,,2,0,0,0,,,,,,8,0,0,,0,,0,,,,0
cg2624,cg2624,cgl0781,cgl0781,0,sampled_negative,unknown,0,0,0,0,0,,,0,0,0,0,,0,0,,0,0,0,0,,,,0,2,1,0,0,0,0,,,,0,0,0,0,,,,,,8,0,0,,0,,0,,,,0
cg0090,cg0090,cgrfwd17537,cgrfwd17537,0,sampled_negative,unknown,0,0,0,0,0,,,0,0,0,0,,0,0,,0,0,0,0,,,,0,0,0,0,0,0,0,,,,1,0,0,0,,,,,,8,0,0,,1,,0,,,,0
cg0527,cg0527,cgl1139,cgl1139,0,sampled_negative,unknown,0,0,0,0,0,,,0,0,0,0,,0,0,,0,0,0,0,,,,0,6,6,0,0,0,0,,,,15,0,0,0,,,,,,8,0,1,,0,,0,,,,0
cg1648,cg1648,cgl2152,cgl2152,0,sampled_negative,unknown,0,0,0,0,0,,,0,0,0,0,,0,0,,0,0,0,0,,,,0,2,1,0,0,0,0,,,,0,0,0,0,,,,,,8,0,0,,0,,0,,,,0
cg1552,cg1552,cg2673,cg2673,0,sampled_negative,unknown,0,0,0,0,0,,,0,0,0,0,,0,0,,0,0,0,0,,,,0,1,1,0,0,0,0,,,,2,1,1,0,,,,,,8,0,0,,0,,0,,,,0
cg3202,cg3202,cgl1166,cgl1166,0,sampled_negative,unknown,0,0,0,0,0,,,0,0,0,0,,0,0,,0,0,0,0,,,,0,2,1,0,0,0,0,,,,0,0,0,0,,,,,,8,0,1,,0,,0,,,,0
cg2109,cg2109,cg0031,cg0031,0,sampled_negative,unknown,0,0,0,0,0,,,0,0,0,0,,0,0,,0,0,0,0,,,,0,1,1,0,0,0,0,,,,0,0,0,0,,,,,,8,0,1,,0,,0,,,,0
cg1271,cg1271,cgl2899,cgl2899,0,sampled_negative,unknown,0,0,0,0,0,,,0,0,0,0,,0,0,,0,0,0,0,,,,0,6,6,0,0,0,0,,,,0,0,0,0,,,,,,8,0,0,,0,ECF_sigma,0,,,,0
cg2627,cg2627,ncgl2847,ncgl2847,0,sampled_negative,unknown,0,0,0,0,0,,,0,0,0,0,,0,0,,0,0,0,0,,,,0,0,0,0,0,0,0,,,,1,0,0,0,,,,,,8,0,0,,0,,0,,,,0
cg1738,cg1738,lcl_nc_006958_1_prot_wp_003855988_1_1561,lcl_nc_006958_1_prot_wp_003855988_1_1561,0,sampled_negative,unknown,0,0,0,0,0,,,0,0,0,0,,0,0,,0,0,0,0,,,,0,2,1,0,0,0,0,,,,0,0,0,0,,,,,,8,0,0,,0,,0,,,,0
cg1547,cg1547,cg1048,cg1048,0,sampled_negative,unknown,0,0,0,0,0,,,0,0,0,0,,0,0,,0,0,0,0,,,,0,6,6,0,0,0,0,,,,0,0,0,0,,,,,,8,1,0,,0,,0,,,,0
cg2109,cg2109,cg2685,cg2685,0,sampled_negative,unknown,0,0,0,0,0,,,0,0,0,0,,0,0,,0,0,0,0,,,,0,3,1,0,0,0,0,,,,0,0,0,0,,,,,,8,2,1,,0,,0,,,,0
cg1308,cg1308,lcl_nc_006958_1_prot_wp_003862210_1_1567,lcl_nc_006958_1_prot_wp_003862210_1_1567,0,sampled_negative,unknown,0,0,0,0,0,,,0,0,0,0,,0,0,,0,0,0,0,,,,0,1,1,0,0,0,0,,,,0,0,0,0,,,,,,8,0,0,,0,,0,,,,0
cg0454,cg0454,cgrfwd14739,cgrfwd14739,0,sampled_negative,unknown,0,0,0,0,0,,,0,0,0,0,,0,0,,0,0,0,0,,,,0,0,0,0,0,0,0,,,,1,0,0,0,,,,,,8,0,0,,0,,0,,,,0
cg2965,cg2965,cgl2083,cgl2083,0,sampled_negative,unknown,0,0,0,0,0,,,0,0,0,0,,0,0,,0,0,0,0,,,,0,1,1,0,0,0,0,,,,0,0,0,0,,,,,,8,0,0,,0,,0,,,,0
cg1271,cg1271,lcl_nc_006958_1_prot_wp_011014207_1_1181,lcl_nc_006958_1_prot_wp_011014207_1_1181,0,sampled_negative,unknown,0,0,0,0,0,,,0,0,0,0,,0,0,,0,0,0,0,,,,0,1,1,0,0,0,0,,,,0,0,0,0,,,,,,8,0,0,,0,ECF_sigma,0,,,,0
cg0979,cg0979,cgl0379,cgl0379,0,sampled_negative,unknown,0,0,0,0,0,,,0,0,0,0,,0,0,,0,0,0,0,,,,0,1,1,0,0,0,0,,,,0,0,0,0,,,,,,8,0,1,,0,,0,,,,0
cg2152,cg2152,lcl_nc_006958_1_prot_wp_011015350_1_2628,lcl_nc_006958_1_prot_wp_011015350_1_2628,0,sampled_negative,unknown,0,0,0,0,0,,,0,0,0,0,,0,0,,0,0,0,0,,,,0,2,1,0,0,0,0,,,,0,0,0,0,,,,,,8,0,0,,0,,0,,,,0
cg2500,cg2500,ncgl0349,ncgl0349,0,sampled_negative,unknown,0,0,0,0,0,,,0,0,0,0,,0,0,,0,0,0,0,,,,0,0,0,0,0,0,0,,,,0,0,0,0,,,,,,8,0,0,,0,,0,,,,0
cg0702,cg0702,cgl0663,cgl0663,0,sampled_negative,unknown,0,0,0,0,0,,,0,0,0,0,,0,0,,0,0,0,0,,,,0,1,1,0,0,0,0,,,,6,0,0,0,,,,,,8,0,0,,0,,0,,,,0
cg3082,cg3082,cg0259,cg0259,0,sampled_negative,unknown,0,0,0,0,0,,,0,0,0,0,,0,0,,0,0,0,0,,,,0,6,6,0,0,0,0,,,,0,0,0,0,,,,,,8,0,1,,0,,0,,,,0
cg1324,cg1324,cgl0355,cgl0355,0,sampled_negative,unknown,0,0,0,0,0,,,0,0,0,0,,0,0,,0,0,0,0,,,,0,1,1,0,0,0,0,,,,2,0,0,0,,,,,,8,0,0,,0,,0,,,,0
cg0337,cg0337,cgl0968,cgl0968,0,sampled_negative,unknown,0,0,0,0,0,,,0,0,0,0,,0,0,,0,0,0,0,,,,0,22,6,0,0,0,0,,,,0,0,0,0,,,,,,8,0,0,,0,,0,,,,0
cg2109,cg2109,cg2457,cg2457,0,sampled_negative,unknown,0,0,0,0,0,,,0,0,0,0,,0,0,,0,0,0,0,,,,0,6,1,0,0,0,0,,,,0,0,0,0,,,,,,8,0,1,,0,,0,,,,0
cg0725,cg0725,ncgl0097,ncgl0097,0,sampled_negative,unknown,0,0,0,0,0,,,0,0,0,0,,0,0,,0,0,0,0,,,,0,0,0,0,0,0,0,,,,0,0,0,0,,,,,,8,0,1,,0,,0,,,,0
cg0500,cg0500,cgrfwd17539,cgrfwd17539,0,sampled_negative,unknown,0,0,0,0,0,,,0,0,0,0,,0,0,,0,0,0,0,,,,0,0,0,0,0,0,0,,,,0,0,0,0,,,,,,8,0,0,,0,,0,,,,0
cg2309,cg2309,lcl_nc_006958_1_prot_wp_011013454_1_184,lcl_nc_006958_1_prot_wp_011013454_1_184,0,sampled_negative,unknown,0,0,0,0,0,,,0,0,0,0,,0,0,,0,0,0,0,,,,0,1,1,0,0,0,0,,,,0,0,0,0,,,,,,8,0,0,,0,,0,,,,0
cg2200,cg2200,cgl1844,cgl1844,0,sampled_negative,unknown,0,0,0,0,0,,,0,0,0,0,,0,0,,0,0,0,0,,,,0,2,1,0,0,0,0,,,,0,0,0,0,,,,,,8,0,1,,0,,0,,,,0
cg2766,cg2766,cgrfwd09997,cgrfwd09997,0,sampled_negative,unknown,0,0,0,0,0,,,0,0,0,0,,0,0,,0,0,0,0,,,,0,0,0,0,0,0,0,,,,0,0,0,0,,,,,,8,0,0,,1,,0,,,,0
cg2092,cg2092,ncgl0841,ncgl0841,0,sampled_negative,unknown,0,0,0,0,0,,,0,0,0,0,,0,0,,0,0,0,0,,,,0,0,0,0,0,0,0,,,,0,0,0,0,,,,,,8,0,1,,0,,0,,,,0
cg0343,cg0343,cgrfwd15091,cgrfwd15091,0,sampled_negative,unknown,0,0,0,0,0,,,0,0,0,0,,0,0,,0,0,0,0,,,,0,0,0,0,0,0,0,,,,0,0,0,0,,,,,,8,0,0,,0,,0,,,,0
cg1792,cg1792,cg2902,cg2902,0,sampled_negative,unknown,0,0,0,0,0,,,0,0,0,0,,0,0,,0,0,0,0,,,,0,3,1,0,0,0,0,,,,1,0,0,0,,,,,,8,0,0,,0,,0,,,,0
cg2118,cg2118,cgtrna_3546,cgtrna_3546,0,sampled_negative,unknown,0,0,0,0,0,,,0,0,0,0,,0,0,,0,0,0,0,,,,0,1,1,0,0,0,0,,,,0,0,0,0,,,,,,8,0,0,,0,,0,,,,0
cg0090,cg0090,ncgl2726,ncgl2726,0,sampled_negative,unknown,0,0,0,0,0,,,0,0,0,0,,0,0,,0,0,0,0,,,,0,0,0,0,0,0,0,,,,1,0,0,0,,,,,,8,0,0,,1,,0,,,,0
cg1218,cg1218,cg3534,cg3534,0,sampled_negative,unknown,0,0,0,0,0,,,0,0,0,0,,0,0,,0,0,0,0,,,,0,1,1,0,0,0,0,,,,2,0,0,0,,,,,,8,0,1,,0,,0,,,,0
cg1648,cg1648,lcl_nc_006958_1_prot_wp_011014167_1_1128,lcl_nc_006958_1_prot_wp_011014167_1_1128,0,sampled_negative,unknown,0,0,0,0,0,,,0,0,0,0,,0,0,,0,0,0,0,,,,0,4,1,0,0,0,0,,,,0,0,0,0,,,,,,8,0,0,,0,,0,,,,0
cg2641,cg2641,cgl1610,cgl1610,0,sampled_negative,unknown,0,0,0,0,0,,,0,0,0,0,,0,0,,0,0,0,0,,,,0,6,6,0,0,0,0,,,,0,0,0,0,,,,,,8,0,1,,0,,0,,,,0
cg3420,cg3420,cgl2697,cgl2697,0,sampled_negative,unknown,0,0,0,0,0,,,0,0,0,0,,0,0,,0,0,0,0,,,,0,6,6,0,0,0,0,,,,0,0,0,0,,,,,,8,0,0,,0,ECF_sigma,0,,,,0
cg2783,cg2783,cgl0054,cgl0054,0,sampled_negative,unknown,0,0,0,0,0,,,0,0,0,0,,0,0,,0,0,0,0,,,,0,9,7,0,0,0,0,,,,2,0,0,0,,,,,,8,0,0,,0,,0,,,,0
cg2092,cg2092,ncgl0359,ncgl0359,0,sampled_negative,unknown,0,0,0,0,0,,,0,0,0,0,,0,0,,0,0,0,0,,,,0,0,0,0,0,0,0,,,,0,0,0,0,,,,,,8,0,1,,0,,0,,,,0
cg1211,cg1211,cgl0454,cgl0454,0,sampled_negative,unknown,0,0,0,0,0,,,0,0,0,0,,0,0,,0,0,0,0,,,,0,4,1,0,0,0,0,,,,0,0,0,0,,,,,,8,0,1,,0,,0,,,,0
cg0196,cg0196,cgl0555,cgl0555,0,sampled_negative,unknown,0,0,0,0,0,,,0,0,0,0,,0,0,,0,0,0,0,,,,0,4,1,0,0,0,0,,,,0,0,0,0,,,,,,8,0,0,,0,,0,,,,0
cg2112,cg2112,cgl1834,cgl1834,0,sampled_negative,unknown,0,0,0,0,0,,,0,0,0,0,,0,0,,0,0,0,0,,,,0,1,1,0,0,0,0,,,,1,0,0,0,,,,,,8,0,1,,0,,0,,,,0
cg3315,cg3315,cg0917,cg0917,0,sampled_negative,unknown,0,0,0,0,0,,,0,0,0,0,,0,0,,0,0,0,0,,,,0,2,1,0,0,0,0,,,,0,0,0,0,,,,,,8,0,0,,0,,0,,,,0
cg2627,cg2627,lcl_nc_006958_1_prot_wp_011014164_1_1124,lcl_nc_006958_1_prot_wp_011014164_1_1124,0,sampled_negative,unknown,0,0,0,0,0,,,0,0,0,0,,0,0,,0,0,0,0,,,,0,3,2,0,0,0,0,,,,1,0,0,0,,,,,,8,0,0,,0,,0,,,,0
cg1340,cg1340,cg2503,cg2503,0,sampled_negative,unknown,0,0,0,0,0,,,0,0,0,0,,0,0,,0,0,0,0,,,,0,1,1,0,0,0,0,,,,0,0,0,0,,,,,,8,0,0,,0,,0,,,,0
cg0309,cg0309,cg2195,cg2195,0,sampled_negative,unknown,0,0,0,0,0,,,0,0,0,0,,0,0,,0,0,0,0,,,,0,2,1,0,0,0,0,,,,0,0,0,0,,,,,,8,0,0,,0,,0,,,,0
cg0337,cg0337,lcl_nc_006958_1_prot_wp_011014807_1_1891,lcl_nc_006958_1_prot_wp_011014807_1_1891,0,sampled_negative,unknown,0,0,0,0,0,,,0,0,0,0,,0,0,,0,0,0,0,,,,0,1,1,0,0,0,0,,,,0,0,0,0,,,,,,8,0,0,,0,,0,,,,0
cg0876,cg0876,cgrrev07967,cgrrev07967,0,sampled_negative,unknown,0,0,0,0,0,,,0,0,0,0,,0,0,,0,0,0,0,,,,0,0,0,0,0,0,0,,,,2,0,0,0,,,,,,8,0,0,,0,ECF_sigma,0,,,,0
cg1738,cg1738,cg2363,cg2363,0,sampled_negative,unknown,0,0,0,0,0,,,0,0,0,0,,0,0,,0,0,0,0,,,,0,2,1,0,0,0,0,,,,0,0,0,0,,,,,,8,0,0,,0,,0,,,,0
cg1211,cg1211,cgrfwd12389,cgrfwd12389,0,sampled_negative,unknown,0,0,0,0,0,,,0,0,0,0,,0,0,,0,0,0,0,,,,0,0,0,0,0,0,0,,,,0,0,0,0,,,,,,8,0,1,,0,,0,,,,0
cg1861,cg1861,lcl_nc_006958_1_prot_wp_011265603_1_635,lcl_nc_006958_1_prot_wp_011265603_1_635,0,sampled_negative,unknown,0,0,0,0,0,,,0,0,0,0,,0,0,,0,0,0,0,,,,0,1,1,0,0,0,0,,,,12,0,0,0,,,,,,8,0,0,,0,,0,,,,0
cg0090,cg0090,cgl2523,cgl2523,0,sampled_negative,unknown,0,0,0,0,0,,,0,0,0,0,,0,0,,0,0,0,0,,,,0,19,7,0,0,0,0,,,,1,0,0,0,,,,,,8,0,0,,1,,0,,,,0
cg2114,cg2114,ncgl2902,ncgl2902,0,sampled_negative,unknown,0,0,0,0,0,,,0,0,0,0,,0,0,,0,0,0,0,,,,0,0,0,0,0,0,0,,,,0,0,0,0,,,,,,8,0,0,,0,,0,,,,0
cg2615,cg2615,cgl2246,cgl2246,0,sampled_negative,unknown,0,0,0,0,0,,,0,0,0,0,,0,0,,0,0,0,0,,,,0,1,1,0,0,0,0,,,,0,0,0,0,,,,,,8,0,1,,0,,0,,,,0
cg2502,cg2502,cg1152,cg1152,0,sampled_negative,unknown,0,0,0,0,0,,,0,0,0,0,,0,0,,0,0,0,0,,,,0,1,1,0,0,0,0,,,,0,0,0,0,,,,,,8,1,0,,0,,0,,,,0
cg1738,cg1738,cg0675,cg0675,0,sampled_negative,unknown,0,0,0,0,0,,,0,0,0,0,,0,0,,0,0,0,0,,,,0,11,6,0,0,0,0,,,,0,0,0,0,,,,,,8,1,0,,0,,0,,,,0
cg2942,cg2942,cg0012,cg0012,0,sampled_negative,unknown,0,0,0,0,0,,,0,0,0,0,,0,0,,0,0,0,0,,,,0,0,0,0,0,0,0,,,,0,0,0,0,,,,,,8,1,0,,0,,0,,,,0
cg3420,cg3420,cg0617,cg0617,0,sampled_negative,unknown,0,0,0,0,0,,,0,0,0,0,,0,0,,0,0,0,0,,,,0,0,0,0,0,0,0,,,,0,0,0,0,,,,,,8,0,0,,0,ECF_sigma,0,,,,0
cg0012,cg0012,cg2539,cg2539,0,sampled_negative,unknown,0,0,0,0,0,,,0,0,0,0,,0,0,,0,0,0,0,,,,0,6,6,0,0,0,0,,,,0,0,0,0,,,,,,8,0,1,,0,Group_1_sigma,0,,,,0
cg0500,cg0500,cg1725,cg1725,0,sampled_negative,unknown,0,0,0,0,0,,,0,0,0,0,,0,0,,0,0,0,0,,,,0,6,6,0,0,0,0,,,,0,0,0,0,,,,,,8,0,0,,0,,0,,,,0
cg2737,cg2737,cgrrev10784,cgrrev10784,0,sampled_negative,unknown,0,0,0,0,0,,,0,0,0,0,,0,0,,0,0,0,0,,,,0,0,0,0,0,0,0,,,,0,0,0,0,,,,,,8,0,0,,0,,0,,,,0
cg3239,cg3239,cg2521,cg2521,0,sampled_negative,unknown,0,0,0,0,0,,,0,0,0,0,,0,0,,0,0,0,0,,,,0,63,7,0,0,0,0,,,,0,0,0,0,,,,,,8,0,1,,0,,0,,,,0
cg2831,cg2831,cg0455,cg0455,0,sampled_negative,unknown,0,0,0,0,0,,,0,0,0,0,,0,0,,0,0,0,0,,,,0,3,1,0,0,0,0,,,,0,0,0,0,,,,,,8,0,2,,0,,0,,,,0
cg2502,cg2502,cg3548,cg3548,0,sampled_negative,unknown,0,0,0,0,0,,,0,0,0,0,,0,0,,0,0,0,0,,,,0,6,6,0,0,0,0,,,,0,0,0,0,,,,,,8,0,0,,0,,0,,,,0
cg2200,cg2200,cg2548,cg2548,0,sampled_negative,unknown,0,0,0,0,0,,,0,0,0,0,,0,0,,0,0,0,0,,,,0,6,6,0,0,0,0,,,,0,0,0,0,,,,,,8,0,1,,0,,0,,,,0
cg3082,cg3082,cgl0978,cgl0978,0,sampled_negative,unknown,0,0,0,0,0,,,0,0,0,0,,0,0,,0,0,0,0,,,,0,7,7,0,0,0,0,,,,0,0,0,0,,,,,,8,0,1,,0,,0,,,,0
cg2102,cg2102,cg2311,cg2311,0,sampled_negative,unknown,0,0,0,0,0,,,0,0,0,0,,0,0,,0,0,0,0,,,,0,0,0,0,0,0,0,,,,0,0,0,0,,,,,,8,0,0,,0,Group_2_sigma,0,,,,0
cg1846,cg1846,cgl0742,cgl0742,0,sampled_negative,unknown,0,0,0,0,0,,,0,0,0,0,,0,0,,0,0,0,0,,,,0,13,8,0,0,0,0,,,,0,0,0,0,,,,,,8,0,0,,0,,0,,,,0
cg0309,cg0309,cgl1243,cgl1243,0,sampled_negative,unknown,0,0,0,0,0,,,0,0,0,0,,0,0,,0,0,0,0,,,,0,1,1,0,0,0,0,,,,0,0,0,0,,,,,,8,0,0,,0,,0,,,,0
cg0527,cg0527,lcl_nc_006958_1_prot_wp_011014198_1_1165,lcl_nc_006958_1_prot_wp_011014198_1_1165,0,sampled_negative,unknown,0,0,0,0,0,,,0,0,0,0,,0,0,,0,0,0,0,,,,0,1,1,0,0,0,0,,,,15,0,0,0,,,,,,8,0,1,,0,,0,,,,0
cg2831,cg2831,cgrrev04884,cgrrev04884,0,sampled_negative,unknown,0,0,0,0,0,,,0,0,0,0,,0,0,,0,0,0,0,,,,0,0,0,0,0,0,0,,,,0,0,0,0,,,,,,8,0,2,,0,,0,,,,0
cg3352,cg3352,cg2521,cg2521,0,sampled_negative,unknown,0,0,0,0,0,,,0,0,0,0,,0,0,,0,0,0,0,,,,0,63,7,0,0,0,0,,,,0,0,0,0,,,,,,8,0,0,,0,,0,,,,0
cg1486,cg1486,lcl_nc_006958_1_prot_wp_011015397_1_2680,lcl_nc_006958_1_prot_wp_011015397_1_2680,0,sampled_negative,unknown,0,0,0,0,0,,,0,0,0,0,,0,0,,0,0,0,0,,,,0,2,1,0,0,0,0,,,,0,0,0,0,,,,,,8,0,0,,0,,0,,,,0
cg2092,cg2092,cgl0792,cgl0792,0,sampled_negative,unknown,0,0,0,0,0,,,0,0,0,0,,0,0,,0,0,0,0,,,,0,1,1,0,0,0,0,,,,0,0,0,0,,,,,,8,0,1,,0,,0,,,,0
cg0993,cg0993,cg0534,cg0534,0,sampled_negative,unknown,0,0,0,0,0,,,0,0,0,0,,0,0,,0,0,0,0,,,,0,0,0,0,0,0,0,,,,0,0,0,0,,,,,,8,0,2,,0,,0,,,,0
cg2109,cg2109,cg0071,cg0071,0,sampled_negative,unknown,0,0,0,0,0,,,0,0,0,0,,0,0,,0,0,0,0,,,,0,6,6,0,0,0,0,,,,0,0,0,0,,,,,,8,0,1,,0,,0,,,,0
cg2627,cg2627,cg0523,cg0523,0,sampled_negative,unknown,0,0,0,0,0,,,0,0,0,0,,0,0,,0,0,0,0,,,,0,0,0,0,0,0,0,,,,1,0,0,0,,,,,,8,0,0,,0,,0,,,,0
cg0741,cg0741,cg2738,cg2738,0,sampled_negative,unknown,0,0,0,0,0,,,0,0,0,0,,0,0,,0,0,0,0,,,,0,138,8,0,0,0,0,,,,0,0,0,0,,,,,,8,0,1,,0,,0,,,,0
cg2888,cg2888,cgrrev13050,cgrrev13050,0,sampled_negative,unknown,0,0,0,0,0,,,0,0,0,0,,0,0,,0,0,0,0,,,,0,0,0,0,0,0,0,,,,0,0,0,0,,,,,,8,0,0,,0,,0,,,,0
cg1831,cg1831,lcl_nc_006958_1_prot_wp_011015490_1_2787,lcl_nc_006958_1_prot_wp_011015490_1_2787,0,sampled_negative,unknown,0,0,0,0,0,,,0,0,0,0,,0,0,,0,0,0,0,,,,0,1,1,0,0,0,0,,,,0,0,0,0,,,,,,8,0,0,,0,,0,,,,0
cg1425,cg1425,cgrrev03718,cgrrev03718,0,sampled_negative,unknown,0,0,0,0,0,,,0,0,0,0,,0,0,,0,0,0,0,,,,0,0,0,0,0,0,0,,,,0,0,0,0,,,,,,8,0,0,,0,,0,,,,0
cg0500,cg0500,cgl1664,cgl1664,0,sampled_negative,unknown,0,0,0,0,0,,,0,0,0,0,,0,0,,0,0,0,0,,,,0,6,6,0,0,0,0,,,,0,0,0,0,,,,,,8,0,0,,0,,0,,,,0
cg0500,cg0500,lcl_nc_006958_1_prot_wp_003854856_1_1170,lcl_nc_006958_1_prot_wp_003854856_1_1170,0,sampled_negative,unknown,0,0,0,0,0,,,0,0,0,0,,0,0,,0,0,0,0,,,,0,1,1,0,0,0,0,,,,0,0,0,0,,,,,,8,0,0,,0,,0,,,,0
cg1084,cg1084,cg1967,cg1967,0,sampled_negative,unknown,0,0,0,0,0,,,0,0,0,0,,0,0,,0,0,0,0,,,,0,0,0,0,0,0,0,,,,0,0,0,0,,,,,,8,0,1,,0,,0,,,,0
cg0444,cg0444,cg1478,cg1478,0,sampled_negative,unknown,0,0,0,0,0,,,0,0,0,0,,0,0,,0,0,0,0,,,,0,2,1,0,0,0,0,,,,0,0,0,0,,,,,,8,1,1,,1,,0,,,,0
cg0725,cg0725,cgl2107,cgl2107,0,sampled_negative,unknown,0,0,0,0,0,,,0,0,0,0,,0,0,,0,0,0,0,,,,0,1,1,0,0,0,0,,,,0,0,0,0,,,,,,8,0,1,,0,,0,,,,0
cg0986,cg0986,cg3576,cg3576,0,sampled_negative,unknown,0,0,0,0,0,,,0,0,0,0,,0,0,,0,0,0,0,,,,0,1,1,0,0,0,0,,,,0,0,0,0,,,,,,8,0,0,,0,,0,,,,0
cg2268,cg2268,lcl_nc_006958_1_prot_wp_003859257_1_2272,lcl_nc_006958_1_prot_wp_003859257_1_2272,0,sampled_negative,unknown,0,0,0,0,0,,,0,0,0,0,,0,0,,0,0,0,0,,,,0,1,1,0,0,0,0,,,,2,0,0,0,,,,,,8,0,0,,0,,0,,,,0
cg0986,cg0986,cgl1315,cgl1315,0,sampled_negative,unknown,0,0,0,0,0,,,0,0,0,0,,0,0,,0,0,0,0,,,,0,22,6,0,0,0,0,,,,0,0,0,0,,,,,,8,0,0,,0,,0,,,,0
cg2783,cg2783,cg2361,cg2361,0,sampled_negative,unknown,0,0,0,0,0,,,0,0,0,0,,0,0,,0,0,0,0,,,,0,0,0,0,0,0,0,,,,2,0,0,0,,,,,,8,0,0,,0,,0,,,,0
cg1340,cg1340,cgl0885,cgl0885,0,sampled_negative,unknown,0,0,0,0,0,,,0,0,0,0,,0,0,,0,0,0,0,,,,0,2,2,0,0,0,0,,,,0,0,0,0,,,,,,8,0,0,,0,,0,,,,0
cg2502,cg2502,cg1495,cg1495,0,sampled_negative,unknown,0,0,0,0,0,,,0,0,0,0,,0,0,,0,0,0,0,,,,0,6,6,0,0,0,0,,,,0,0,0,0,,,,,,8,0,0,,0,,0,,,,0
cg0371,cg0371,cg0136,cg0136,0,sampled_negative,unknown,0,0,0,0,0,,,0,0,0,0,,0,0,,0,0,0,0,,,,0,0,0,0,0,0,0,,,,0,0,0,0,,,,,,8,1,0,,0,,0,,,,0
cg1765,cg1765,lcl_nc_006958_1_prot_wp_011265737_1_1344,lcl_nc_006958_1_prot_wp_011265737_1_1344,0,sampled_negative,unknown,0,0,0,0,0,,,0,0,0,0,,0,0,,0,0,0,0,,,,0,1,1,0,0,0,0,,,,0,0,0,0,,,,,,8,0,1,,0,,0,,,,0
cg0800,cg0800,cgl0448,cgl0448,0,sampled_negative,unknown,0,0,0,0,0,,,0,0,0,0,,0,0,,0,0,0,0,,,,0,1,1,0,0,0,0,,,,0,0,0,0,,,,,,8,0,0,,0,,0,,,,0
cg0454,cg0454,cg3231,cg3231,0,sampled_negative,unknown,0,0,0,0,0,,,0,0,0,0,,0,0,,0,0,0,0,,,,0,0,0,0,0,0,0,,,,1,0,0,0,,,,,,8,0,0,,0,,0,,,,0
cg1765,cg1765,cg0303,cg0303,0,sampled_negative,unknown,0,0,0,0,0,,,0,0,0,0,,0,0,,0,0,0,0,,,,0,6,6,0,0,0,0,,,,0,0,0,0,,,,,,8,0,1,,0,,0,,,,0
cg2888,cg2888,cg2609,cg2609,0,sampled_negative,unknown,0,0,0,0,0,,,0,0,0,0,,0,0,,0,0,0,0,,,,0,7,7,0,0,0,0,,,,0,0,0,0,,,,,,8,0,0,,0,,0,,,,0
cg0317,cg0317,cgrfwd13720,cgrfwd13720,0,sampled_negative,unknown,0,0,0,0,0,,,0,0,0,0,,0,0,,0,0,0,0,,,,0,0,0,0,0,0,0,,,,2,0,0,0,,,,,,8,0,0,,0,,0,,,,0
cg3253,cg3253,cgl1664,cgl1664,0,sampled_negative,unknown,0,0,0,0,0,,,0,0,0,0,,0,0,,0,0,0,0,,,,0,6,6,0,0,0,0,,,,0,0,0,0,,,,,,8,0,1,,0,,0,,,,0
cg0897,cg0897,cg0225,cg0225,0,sampled_negative,unknown,0,0,0,0,0,,,0,0,0,0,,0,0,,0,0,0,0,,,,0,1,1,0,0,0,0,,,,0,0,0,0,,,,,,8,0,1,,0,,0,,,,0
cg2888,cg2888,cgl2372,cgl2372,0,sampled_negative,unknown,0,0,0,0,0,,,0,0,0,0,,0,0,,0,0,0,0,,,,0,2,1,0,0,0,0,,,,0,0,0,0,,,,,,8,0,0,,0,,0,,,,0
cg1792,cg1792,ncgl0325,ncgl0325,0,sampled_negative,unknown,0,0,0,0,0,,,0,0,0,0,,0,0,,0,0,0,0,,,,0,0,0,0,0,0,0,,,,1,0,0,0,,,,,,8,0,0,,0,,0,,,,0
cg1053,cg1053,cgl2041,cgl2041,0,sampled_negative,unknown,0,0,0,0,0,,,0,0,0,0,,0,0,,0,0,0,0,,,,0,7,7,0,0,0,0,,,,0,0,0,0,,,,,,8,0,0,,0,,0,,,,0
cg0463,cg0463,cgrrev09704,cgrrev09704,0,sampled_negative,unknown,0,0,0,0,0,,,0,0,0,0,,0,0,,0,0,0,0,,,,0,0,0,0,0,0,0,,,,0,0,0,0,,,,,,8,0,0,,0,,0,,,,0
cg2500,cg2500,cg1936,cg1936,0,sampled_negative,unknown,0,0,0,0,0,,,0,0,0,0,,0,0,,0,0,0,0,,,,0,1,1,0,0,0,0,,,,0,0,0,0,,,,,,8,1,0,,0,,0,,,,0
cg0343,cg0343,cg0458,cg0458,0,sampled_negative,unknown,0,0,0,0,0,,,0,0,0,0,,0,0,,0,0,0,0,,,,0,15,7,0,0,0,0,,,,0,0,0,0,,,,,,8,0,0,,0,,0,,,,0
cg1425,cg1425,cg1756,cg1756,0,sampled_negative,unknown,0,0,0,0,0,,,0,0,0,0,,0,0,,0,0,0,0,,,,0,0,0,0,0,0,0,,,,0,0,0,0,,,,,,8,0,0,,0,,0,,,,0
cg0112,cg0112,cg2404,cg2404,0,sampled_negative,unknown,0,0,0,0,0,,,0,0,0,0,,0,0,,0,0,0,0,,,,0,6,1,0,0,0,0,,,,1,0,0,0,,,,,,8,0,0,,0,,0,,,,0
cg2831,cg2831,cg3033,cg3033,0,sampled_negative,unknown,0,0,0,0,0,,,0,0,0,0,,0,0,,0,0,0,0,,,,0,5,5,0,0,0,0,,,,0,0,0,0,,,,,,8,0,2,,0,,0,,,,0
cg0565,cg0565,cg1329,cg1329,0,sampled_negative,unknown,0,0,0,0,0,,,0,0,0,0,,0,0,,0,0,0,0,,,,0,6,6,0,0,0,0,,,,0,0,0,0,,,,,,8,0,1,,0,,0,,,,0
cg0709,cg0709,cg0148,cg0148,0,sampled_negative,unknown,0,0,0,0,0,,,0,0,0,0,,0,0,,0,0,0,0,,,,0,6,6,0,0,0,0,,,,0,0,0,0,,,,,,8,0,2,,0,,0,,,,0
cg2783,cg2783,cgl0102,cgl0102,0,sampled_negative,unknown,0,0,0,0,0,,,0,0,0,0,,0,0,,0,0,0,0,,,,0,6,6,0,0,0,0,,,,2,0,0,0,,,,,,8,0,0,,0,,0,,,,0
cg2268,cg2268,cg1899,cg1899,0,sampled_negative,unknown,0,0,0,0,0,,,0,0,0,0,,0,0,,0,0,0,0,,,,0,2,1,0,0,0,0,,,,2,0,0,0,,,,,,8,1,0,,0,,0,,,,0
cg0313,cg0313,ncgl2894,ncgl2894,0,sampled_negative,unknown,0,0,0,0,0,,,0,0,0,0,,0,0,,0,0,0,0,,,,0,0,0,0,0,0,0,,,,0,0,0,0,,,,,,8,0,0,,0,,0,,,,0
cg0527,cg0527,cg0345,cg0345,0,sampled_negative,unknown,0,0,0,0,0,,,0,0,0,0,,0,0,,0,0,0,0,,,,0,0,0,0,0,0,0,,,,15,0,0,0,,,,,,8,0,1,,0,,0,,,,0
cg0897,cg0897,cgrrev13052,cgrrev13052,0,sampled_negative,unknown,0,0,0,0,0,,,0,0,0,0,,0,0,,0,0,0,0,,,,0,0,0,0,0,0,0,,,,0,0,0,0,,,,,,8,0,1,,0,,0,,,,0
cg2615,cg2615,cg3429,cg3429,0,sampled_negative,unknown,0,0,0,0,0,,,0,0,0,0,,0,0,,0,0,0,0,,,,0,0,0,0,0,0,0,,,,0,0,0,0,,,,,,8,0,1,,0,,0,,,,0
cg3224,cg3224,ncgl1873,ncgl1873,0,sampled_negative,unknown,0,0,0,0,0,,,0,0,0,0,,0,0,,0,0,0,0,,,,0,0,0,0,0,0,0,,,,0,0,0,0,,,,,,8,0,1,,0,,0,,,,0
cg0309,cg0309,cgl0753,cgl0753,0,sampled_negative,unknown,0,0,0,0,0,,,0,0,0,0,,0,0,,0,0,0,0,,,,0,22,6,0,0,0,0,,,,0,0,0,0,,,,,,8,0,0,,0,,0,,,,0
cg1425,cg1425,cg2786,cg2786,0,sampled_negative,unknown,0,0,0,0,0,,,0,0,0,0,,0,0,,0,0,0,0,,,,0,49,7,0,0,0,0,,,,0,0,0,0,,,,,,8,0,0,,0,,0,,,,0
cg2115,cg2115,cg1828,cg1828,0,sampled_negative,unknown,0,0,0,0,0,,,0,0,0,0,,0,0,,0,0,0,0,,,,0,6,6,0,0,0,0,,,,0,0,0,0,,,,,,8,0,0,,0,,0,,,,0
cg0090,cg0090,ncgl1290,ncgl1290,0,sampled_negative,unknown,0,0,0,0,0,,,0,0,0,0,,0,0,,0,0,0,0,,,,0,0,0,0,0,0,0,,,,1,0,0,0,,,,,,8,0,0,,1,,0,,,,0
cg1032,cg1032,cg0210,cg0210,0,sampled_negative,unknown,0,0,0,0,0,,,0,0,0,0,,0,0,,0,0,0,0,,,,0,0,0,0,0,0,0,,,,0,0,0,0,,,,,,8,0,2,,0,,0,,,,0
cg0317,cg0317,cgrrev03135,cgrrev03135,0,sampled_negative,unknown,0,0,0,0,0,,,0,0,0,0,,0,0,,0,0,0,0,,,,0,0,0,0,0,0,0,,,,2,0,0,0,,,,,,8,0,0,,0,,0,,,,0
cg2783,cg2783,lcl_nc_006958_1_prot_wp_011265496_1_202,lcl_nc_006958_1_prot_wp_011265496_1_202,0,sampled_negative,unknown,0,0,0,0,0,,,0,0,0,0,,0,0,,0,0,0,0,,,,0,1,1,0,0,0,0,,,,2,1,1,0,,,,,,8,0,0,,0,,0,,,,0
cg3247,cg3247,cgl1202,cgl1202,0,sampled_negative,unknown,0,0,0,0,0,,,0,0,0,0,,0,0,,0,0,0,0,,,,0,1,1,0,0,0,0,,,,0,0,0,0,,,,,,8,0,0,,0,,0,,,,0
cg0741,cg0741,lcl_nc_006958_1_prot_wp_003856814_1_978,lcl_nc_006958_1_prot_wp_003856814_1_978,0,sampled_negative,unknown,0,0,0,0,0,,,0,0,0,0,,0,0,,0,0,0,0,,,,0,1,1,0,0,0,0,,,,0,0,0,0,,,,,,8,0,1,,0,,0,,,,0
cg0196,cg0196,cgrfwd14740,cgrfwd14740,0,sampled_negative,unknown,0,0,0,0,0,,,0,0,0,0,,0,0,,0,0,0,0,,,,0,0,0,0,0,0,0,,,,0,0,0,0,,,,,,8,0,0,,0,,0,,,,0
cg0350,cg0350,lcl_nc_006958_1_prot_wp_011265636_1_836,lcl_nc_006958_1_prot_wp_011265636_1_836,0,sampled_negative,unknown,0,0,0,0,0,,,0,0,0,0,,0,0,,0,0,0,0,,,,0,1,1,0,0,0,0,,,,0,0,0,0,,,,,,8,0,0,,0,,0,,,,0
cg0897,cg0897,cgl0909,cgl0909,0,sampled_negative,unknown,0,0,0,0,0,,,0,0,0,0,,0,0,,0,0,0,0,,,,0,1,1,0,0,0,0,,,,0,0,0,0,,,,,,8,0,1,,0,,0,,,,0
cg0454,cg0454,lcl_nc_006958_1_prot_wp_003862124_1_1046,lcl_nc_006958_1_prot_wp_003862124_1_1046,0,sampled_negative,unknown,0,0,0,0,0,,,0,0,0,0,,0,0,,0,0,0,0,,,,0,1,1,0,0,0,0,,,,1,0,0,0,,,,,,8,0,0,,0,,0,,,,0
cg3202,cg3202,cg2318,cg2318,0,sampled_negative,unknown,0,0,0,0,0,,,0,0,0,0,,0,0,,0,0,0,0,,,,0,4,2,0,0,0,0,,,,0,0,0,0,,,,,,8,0,1,,0,,0,,,,0
cg2152,cg2152,lcl_nc_006958_1_prot_wp_011015219_1_2448,lcl_nc_006958_1_prot_wp_011015219_1_2448,0,sampled_negative,unknown,0,0,0,0,0,,,0,0,0,0,,0,0,,0,0,0,0,,,,0,2,1,0,0,0,0,,,,0,0,0,0,,,,,,8,0,0,,0,,0,,,,0
cg1324,cg1324,cg0611,cg0611,0,sampled_negative,unknown,0,0,0,0,0,,,0,0,0,0,,0,0,,0,0,0,0,,,,0,0,0,0,0,0,0,,,,2,0,0,0,,,,,,8,1,0,,0,,0,,,,0
cg1218,cg1218,cg1771,cg1771,0,sampled_negative,unknown,0,0,0,0,0,,,0,0,0,0,,0,0,,0,0,0,0,,,,0,18,6,0,0,0,0,,,,2,0,0,0,,,,,,8,0,1,,0,,0,,,,0
cg1648,cg1648,cgrfwd06187,cgrfwd06187,0,sampled_negative,unknown,0,0,0,0,0,,,0,0,0,0,,0,0,,0,0,0,0,,,,0,0,0,0,0,0,0,,,,0,0,0,0,,,,,,8,0,0,,0,,0,,,,0
cg3253,cg3253,cg0812,cg0812,0,sampled_negative,unknown,0,0,0,0,0,,,0,0,0,0,,0,0,,0,0,0,0,,,,0,0,0,0,0,0,0,,,,0,0,0,0,,,,,,8,0,1,,0,,0,,,,0
cg2910,cg2910,cgrrev05373,cgrrev05373,0,sampled_negative,unknown,0,0,0,0,0,,,0,0,0,0,,0,0,,0,0,0,0,,,,0,0,0,0,0,0,0,,,,0,0,0,0,,,,,,8,0,0,,0,,0,,,,0
cg1308,cg1308,cg0661,cg0661,0,sampled_negative,unknown,0,0,0,0,0,,,0,0,0,0,,0,0,,0,0,0,0,,,,0,1,1,0,0,0,0,,,,0,0,0,0,,,,,,8,0,0,,0,,0,,,,0
cg1120,cg1120,cgl0781,cgl0781,0,sampled_negative,unknown,0,0,0,0,0,,,0,0,0,0,,0,0,,0,0,0,0,,,,0,2,1,0,0,0,0,,,,1,0,0,0,,,,,,8,0,1,,0,,0,,,,0
cg1410,cg1410,cgl2986,cgl2986,0,sampled_negative,unknown,0,0,0,0,0,,,0,0,0,0,,0,0,,0,0,0,0,,,,0,30,6,0,0,0,0,,,,2,0,0,0,,,,,,8,0,0,,0,,0,,,,0
cg1704,cg1704,cg2203,cg2203,0,sampled_negative,unknown,0,0,0,0,0,,,0,0,0,0,,0,0,,0,0,0,0,,,,0,1,1,0,0,0,0,,,,0,0,0,0,,,,,,8,0,0,,0,,0,,,,0
cg2627,cg2627,cgl2204,cgl2204,0,sampled_negative,unknown,0,0,0,0,0,,,0,0,0,0,,0,0,,0,0,0,0,,,,0,28,6,0,0,0,0,,,,1,0,0,0,,,,,,8,0,0,,0,,0,,,,0
cg1410,cg1410,cgl1613,cgl1613,0,sampled_negative,unknown,0,0,0,0,0,,,0,0,0,0,,0,0,,0,0,0,0,,,,0,6,6,0,0,0,0,,,,2,0,0,0,,,,,,8,0,0,,0,,0,,,,0
cg2309,cg2309,cgl2907,cgl2907,0,sampled_negative,unknown,0,0,0,0,0,,,0,0,0,0,,0,0,,0,0,0,0,,,,0,24,6,0,0,0,0,,,,0,0,0,0,,,,,,8,0,0,,0,,0,,,,0
cg0979,cg0979,wp_011265565_1,wp_011265565_1,0,sampled_negative,unknown,0,0,0,0,0,,,0,0,0,0,,0,0,,0,0,0,0,,,,0,1,1,0,0,0,0,,,,0,0,0,0,,,,,,8,0,1,,0,,0,,,,0
cg2624,cg2624,cg1688,cg1688,0,sampled_negative,unknown,0,0,0,0,0,,,0,0,0,0,,0,0,,0,0,0,0,,,,0,0,0,0,0,0,0,,,,0,0,0,0,,,,,,8,0,0,,0,,0,,,,0
cg3247,cg3247,cgl0675,cgl0675,0,sampled_negative,unknown,0,0,0,0,0,,,0,0,0,0,,0,0,,0,0,0,0,,,,0,2,2,0,0,0,0,,,,0,0,0,0,,,,,,8,0,0,,0,,0,,,,0
cg0146,cg0146,cg3330,cg3330,0,sampled_negative,unknown,0,0,0,0,0,,,0,0,0,0,,0,0,,0,0,0,0,,,,0,0,0,0,0,0,0,,,,0,0,0,0,,,,,,8,0,0,,1,,0,,,,0
cg1271,cg1271,ncgl1440,ncgl1440,0,sampled_negative,unknown,0,0,0,0,0,,,0,0,0,0,,0,0,,0,0,0,0,,,,0,0,0,0,0,0,0,,,,0,0,0,0,,,,,,8,0,0,,0,ECF_sigma,0,,,,0
cg2766,cg2766,cg0858,cg0858,0,sampled_negative,unknown,0,0,0,0,0,,,0,0,0,0,,0,0,,0,0,0,0,,,,0,0,0,0,0,0,0,,,,0,0,0,0,,,,,,8,0,0,,1,,0,,,,0
cg2910,cg2910,cgl2628,cgl2628,0,sampled_negative,unknown,0,0,0,0,0,,,0,0,0,0,,0,0,,0,0,0,0,,,,0,6,6,0,0,0,0,,,,0,0,0,0,,,,,,8,0,0,,0,,0,,,,0
cg0646,cg0646,ncgl2581,ncgl2581,0,sampled_negative,unknown,0,0,0,0,0,,,0,0,0,0,,0,0,,0,0,0,0,,,,0,0,0,0,0,0,0,,,,0,0,0,0,,,,,,8,0,1,,0,,0,,,,0
cg2268,cg2268,lcl_nc_006958_1_prot_wp_004567953_1_2902,lcl_nc_006958_1_prot_wp_004567953_1_2902,0,sampled_negative,unknown,0,0,0,0,0,,,0,0,0,0,,0,0,,0,0,0,0,,,,0,3,1,0,0,0,0,,,,2,0,0,0,,,,,,8,0,0,,0,,0,,,,0
cg2200,cg2200,lcl_nc_006958_1_prot_wp_011015019_1_2181,lcl_nc_006958_1_prot_wp_011015019_1_2181,0,sampled_negative,unknown,0,0,0,0,0,,,0,0,0,0,,0,0,,0,0,0,0,,,,0,4,1,0,0,0,0,,,,0,0,0,0,,,,,,8,0,1,,0,,0,,,,0
cg0444,cg0444,lcl_nc_006958_1_prot_wp_011265985_1_2529,lcl_nc_006958_1_prot_wp_011265985_1_2529,0,sampled_negative,unknown,0,0,0,0,0,,,0,0,0,0,,0,0,,0,0,0,0,,,,0,1,1,0,0,0,0,,,,0,0,0,0,,,,,,8,0,1,,1,,0,,,,0
cg2910,cg2910,cg1054,cg1054,0,sampled_negative,unknown,0,0,0,0,0,,,0,0,0,0,,0,0,,0,0,0,0,,,,0,0,0,0,0,0,0,,,,0,0,0,0,,,,,,8,0,0,,0,,0,,,,0
cg2627,cg2627,cgl1307,cgl1307,0,sampled_negative,unknown,0,0,0,0,0,,,0,0,0,0,,0,0,,0,0,0,0,,,,0,2,1,0,0,0,0,,,,1,0,0,0,,,,,,8,0,0,,0,,0,,,,0
cg1765,cg1765,cg1257,cg1257,0,sampled_negative,unknown,0,0,0,0,0,,,0,0,0,0,,0,0,,0,0,0,0,,,,0,11,6,0,0,0,0,,,,0,0,0,0,,,,,,8,0,1,,0,,0,,,,0
cg1552,cg1552,cgl0853,cgl0853,0,sampled_negative,unknown,0,0,0,0,0,,,0,0,0,0,,0,0,,0,0,0,0,,,,0,6,6,0,0,0,0,,,,2,0,0,0,,,,,,8,0,0,,0,,0,,,,0
cg0741,cg0741,lcl_nc_006958_1_prot_wp_011013396_1_110,lcl_nc_006958_1_prot_wp_011013396_1_110,0,sampled_negative,unknown,0,0,0,0,0,,,0,0,0,0,,0,0,,0,0,0,0,,,,0,1,1,0,0,0,0,,,,0,0,0,0,,,,,,8,0,1,,0,,0,,,,0
cg0696,cg0696,lcl_nc_006958_1_prot_wp_003853711_1_2609,lcl_nc_006958_1_prot_wp_003853711_1_2609,0,sampled_negative,unknown,0,0,0,0,0,,,0,0,0,0,,0,0,,0,0,0,0,,,,0,1,1,0,0,0,0,,,,0,0,0,0,,,,,,8,0,1,,0,,0,,,,0
cg1552,cg1552,cg1844,cg1844,0,sampled_negative,unknown,0,0,0,0,0,,,0,0,0,0,,0,0,,0,0,0,0,,,,0,0,0,0,0,0,0,,,,2,0,0,0,,,,,,8,0,0,,0,,0,,,,0
cg0156,cg0156,lcl_nc_006958_1_prot_wp_003863574_1_721,lcl_nc_006958_1_prot_wp_003863574_1_721,0,sampled_negative,unknown,0,0,0,0,0,,,0,0,0,0,,0,0,,0,0,0,0,,,,0,2,1,0,0,0,0,,,,1,0,0,0,,,,,,8,0,0,,0,,0,,,,0
cg2641,cg2641,cg3208,cg3208,0,sampled_negative,unknown,0,0,0,0,0,,,0,0,0,0,,0,0,,0,0,0,0,,,,0,1,1,0,0,0,0,,,,0,0,0,0,,,,,,8,0,1,,0,,0,,,,0
cg1738,cg1738,cgl1379,cgl1379,0,sampled_negative,unknown,0,0,0,0,0,,,0,0,0,0,,0,0,,0,0,0,0,,,,0,1,1,0,0,0,0,,,,0,0,0,0,,,,,,8,0,0,,0,,0,,,,0
cg0156,cg0156,cgrfwd18337,cgrfwd18337,0,sampled_negative,unknown,0,0,0,0,0,,,0,0,0,0,,0,0,,0,0,0,0,,,,0,0,0,0,0,0,0,,,,1,0,0,0,,,,,,8,0,0,,0,,0,,,,0
cg2500,cg2500,lcl_nc_006958_1_prot_wp_011013639_1_410,lcl_nc_006958_1_prot_wp_011013639_1_410,0,sampled_negative,unknown,0,0,0,0,0,,,0,0,0,0,,0,0,,0,0,0,0,,,,0,1,1,0,0,0,0,,,,0,0,0,0,,,,,,8,0,0,,0,,0,,,,0
cg2309,cg2309,cgl0325,cgl0325,0,sampled_negative,unknown,0,0,0,0,0,,,0,0,0,0,,0,0,,0,0,0,0,,,,0,12,6,0,0,0,0,,,,0,0,0,0,,,,,,8,0,0,,0,,0,,,,0
cg0051,cg0051,cg1359,cg1359,0,sampled_negative,unknown,0,0,0,0,0,,,0,0,0,0,,0,0,,0,0,0,0,,,,0,1,1,0,0,0,0,,,,3,0,0,0,,,,,,8,0,0,,0,,0,,,,0
cg0317,cg0317,cgl0353,cgl0353,0,sampled_negative,unknown,0,0,0,0,0,,,0,0,0,0,,0,0,,0,0,0,0,,,,0,6,6,0,0,0,0,,,,2,0,0,0,,,,,,8,0,0,,0,,0,,,,0
cg1765,cg1765,cg0903,cg0903,0,sampled_negative,unknown,0,0,0,0,0,,,0,0,0,0,,0,0,,0,0,0,0,,,,0,1,1,0,0,0,0,,,,0,0,0,0,,,,,,8,0,1,,0,,0,,,,0
cg1792,cg1792,cg0257,cg0257,0,sampled_negative,unknown,0,0,0,0,0,,,0,0,0,0,,0,0,,0,0,0,0,,,,0,6,6,0,0,0,0,,,,1,0,0,0,,,,,,8,0,0,,0,,0,,,,0
cg3097,cg3097,lcl_nc_006958_1_prot_wp_011015284_1_2532,lcl_nc_006958_1_prot_wp_011015284_1_2532,0,sampled_negative,unknown,0,0,0,0,0,,,0,0,0,0,,0,0,,0,0,0,0,,,,0,4,1,0,0,0,0,,,,0,0,0,0,,,,,,8,0,1,,0,,0,,,,0
cg0527,cg0527,cg2941,cg2941,0,sampled_negative,unknown,0,0,0,0,0,,,0,0,0,0,,0,0,,0,0,0,0,,,,0,2,1,0,0,0,0,,,,15,0,0,0,,,,,,8,0,1,,0,,0,,,,0
cg2114,cg2114,cgl2100,cgl2100,0,sampled_negative,unknown,0,0,0,0,0,,,0,0,0,0,,0,0,,0,0,0,0,,,,0,6,6,0,0,0,0,,,,0,0,0,0,,,,,,8,0,0,,0,,0,,,,0
cg3097,cg3097,cg2551,cg2551,0,sampled_negative,unknown,0,0,0,0,0,,,0,0,0,0,,0,0,,0,0,0,0,,,,0,5,5,0,0,0,0,,,,0,0,0,0,,,,,,8,0,1,,0,,0,,,,0
cg3253,cg3253,lcl_nc_006958_1_prot_wp_011014746_1_1808,lcl_nc_006958_1_prot_wp_011014746_1_1808,0,sampled_negative,unknown,0,0,0,0,0,,,0,0,0,0,,0,0,,0,0,0,0,,,,0,1,1,0,0,0,0,,,,0,0,0,0,,,,,,8,0,1,,0,,0,,,,0
cg0702,cg0702,lcl_nc_006958_1_prot_wp_003856962_1_2117,lcl_nc_006958_1_prot_wp_003856962_1_2117,0,sampled_negative,unknown,0,0,0,0,0,,,0,0,0,0,,0,0,,0,0,0,0,,,,0,1,1,0,0,0,0,,,,6,0,0,0,,,,,,8,0,0,,0,,0,,,,0
cg2942,cg2942,cgrrev07095,cgrrev07095,0,sampled_negative,unknown,0,0,0,0,0,,,0,0,0,0,,0,0,,0,0,0,0,,,,0,0,0,0,0,0,0,,,,0,0,0,0,,,,,,8,0,0,,0,,0,,,,0
cg1861,cg1861,cgl0753,cgl0753,0,sampled_negative,unknown,0,0,0,0,0,,,0,0,0,0,,0,0,,0,0,0,0,,,,0,22,6,0,0,0,0,,,,12,1,5,0,,,,,,8,0,0,,0,,0,,,,0
cg0337,cg0337,cgl1189,cgl1189,0,sampled_negative,unknown,0,0,0,0,0,,,0,0,0,0,,0,0,,0,0,0,0,,,,0,19,8,0,0,0,0,,,,0,0,0,0,,,,,,8,0,0,,0,,0,,,,0
cg0454,cg0454,lcl_nc_006958_1_prot_wp_011014873_1_1981,lcl_nc_006958_1_prot_wp_011014873_1_1981,0,sampled_negative,unknown,0,0,0,0,0,,,0,0,0,0,,0,0,,0,0,0,0,,,,0,1,1,0,0,0,0,,,,1,0,0,0,,,,,,8,0,0,,0,,0,,,,0
cg0986,cg0986,cg1773,cg1773,0,sampled_negative,unknown,0,0,0,0,0,,,0,0,0,0,,0,0,,0,0,0,0,,,,0,0,0,0,0,0,0,,,,0,0,0,0,,,,,,8,0,0,,0,,0,,,,0
cg1340,cg1340,lcl_nc_006958_1_prot_wp_011013607_1_363,lcl_nc_006958_1_prot_wp_011013607_1_363,0,sampled_negative,unknown,0,0,0,0,0,,,0,0,0,0,,0,0,,0,0,0,0,,,,0,1,1,0,0,0,0,,,,0,0,0,0,,,,,,8,0,0,,0,,0,,,,0
cg0741,cg0741,cgl1016,cgl1016,0,sampled_negative,unknown,0,0,0,0,0,,,0,0,0,0,,0,0,,0,0,0,0,,,,0,1,1,0,0,0,0,,,,0,0,0,0,,,,,,8,0,1,,0,,0,,,,0
cg1738,cg1738,cg1797,cg1797,0,sampled_negative,unknown,0,0,0,0,0,,,0,0,0,0,,0,0,,0,0,0,0,,,,0,7,7,0,0,0,0,,,,0,0,0,0,,,,,,8,0,0,,0,,0,,,,0
cg1271,cg1271,cgl0540,cgl0540,0,sampled_negative,unknown,0,0,0,0,0,,,0,0,0,0,,0,0,,0,0,0,0,,,,0,1,1,0,0,0,0,,,,0,0,0,0,,,,,,8,0,0,,0,ECF_sigma,0,,,,0
cg1846,cg1846,cgrrev07759,cgrrev07759,0,sampled_negative,unknown,0,0,0,0,0,,,0,0,0,0,,0,0,,0,0,0,0,,,,0,0,0,0,0,0,0,,,,0,0,0,0,,,,,,8,0,0,,0,,0,,,,0
cg1552,cg1552,cg3139,cg3139,0,sampled_negative,unknown,0,0,0,0,0,,,0,0,0,0,,0,0,,0,0,0,0,,,,0,0,0,0,0,0,0,,,,2,0,0,0,,,,,,8,1,0,,0,,0,,,,0
cg0350,cg0350,lcl_nc_006958_1_prot_wp_003853541_1_2687,lcl_nc_006958_1_prot_wp_003853541_1_2687,0,sampled_negative,unknown,0,0,0,0,0,,,0,0,0,0,,0,0,,0,0,0,0,,,,0,1,1,0,0,0,0,,,,0,0,0,0,,,,,,8,0,0,,0,,0,,,,0
cg0350,cg0350,cg1798,cg1798,0,sampled_negative,unknown,0,0,0,0,0,,,0,0,0,0,,0,0,,0,0,0,0,,,,0,6,6,0,0,0,0,,,,0,0,0,1,0.801039,2.98133e-211,0.801039,940,Kranz2022_expression_compendium_Zenodo6842664,7,0,0,,0,,0,,,,0
cg1211,cg1211,cgl0114,cgl0114,0,sampled_negative,unknown,0,0,0,0,0,,,0,0,0,0,,0,0,,0,0,0,0,,,,0,6,6,0,0,0,0,,,,0,0,0,0,,,,,,8,0,1,,0,,0,,,,0
cg3373,cg3373,cgl1127,cgl1127,0,sampled_negative,unknown,0,0,0,0,0,,,0,0,0,0,,0,0,,0,0,0,0,,,,0,1,1,0,0,0,0,,,,0,0,0,0,,,,,,8,0,0,,0,,0,,,,0
cg1831,cg1831,cgl1952,cgl1952,0,sampled_negative,unknown,0,0,0,0,0,,,0,0,0,0,,0,0,,0,0,0,0,,,,0,27,7,0,0,0,0,,,,0,0,0,0,,,,,,8,0,0,,0,,0,,,,0
cg2516,cg2516,lcl_nc_006958_1_prot_wp_011265883_1_2027,lcl_nc_006958_1_prot_wp_011265883_1_2027,0,sampled_negative,unknown,0,0,0,0,0,,,0,0,0,0,,0,0,,0,0,0,0,,,,0,1,1,0,0,0,0,,,,0,0,0,0,,,,,,8,0,0,,0,,0,,,,0
cg3239,cg3239,lcl_nc_006958_1_prot_wp_003859378_1_2213,lcl_nc_006958_1_prot_wp_003859378_1_2213,0,sampled_negative,unknown,0,0,0,0,0,,,0,0,0,0,,0,0,,0,0,0,0,,,,0,1,1,0,0,0,0,,,,0,0,0,0,,,,,,8,0,1,,0,,0,,,,0
cg0741,cg0741,cg0887,cg0887,0,sampled_negative,unknown,0,0,0,0,0,,,0,0,0,0,,0,0,,0,0,0,0,,,,0,6,6,0,0,0,0,,,,0,0,0,0,,,,,,8,0,1,,0,,0,,,,0
cg0051,cg0051,lcl_nc_006958_1_prot_wp_003863669_1_2314,lcl_nc_006958_1_prot_wp_003863669_1_2314,0,sampled_negative,unknown,0,0,0,0,0,,,0,0,0,0,,0,0,,0,0,0,0,,,,0,1,1,0,0,0,0,,,,3,0,0,0,,,,,,8,0,0,,0,,0,,,,0
cg2092,cg2092,cg2345,cg2345,0,sampled_negative,unknown,0,0,0,0,0,,,0,0,0,0,,0,0,,0,0,0,0,,,,0,1,1,0,0,0,0,,,,0,0,0,0,,,,,,8,0,1,,0,,0,,,,0
cg0215,cg0215,cgl0322,cgl0322,0,sampled_negative,unknown,0,0,0,0,0,,,0,0,0,0,,0,0,,0,0,0,0,,,,0,4,1,0,0,0,0,,,,0,0,0,0,,,,,,8,0,0,,0,,0,,,,0
cg0343,cg0343,cg3057,cg3057,0,sampled_negative,unknown,0,0,0,0,0,,,0,0,0,0,,0,0,,0,0,0,0,,,,0,0,0,0,0,0,0,,,,0,0,0,0,,,,,,8,0,0,,0,,0,,,,0
cg3388,cg3388,cgtrna_3535,cgtrna_3535,0,sampled_negative,unknown,0,0,0,0,0,,,0,0,0,0,,0,0,,0,0,0,0,,,,0,6,6,0,0,0,0,,,,0,0,0,0,,,,,,8,0,0,,0,,0,,,,0
cg1340,cg1340,cg3127,cg3127,0,sampled_negative,unknown,0,0,0,0,0,,,0,0,0,0,,0,0,,0,0,0,0,,,,0,0,0,0,0,0,0,,,,0,0,0,0,,,,,,8,1,0,,0,,0,,,,0
cg0090,cg0090,cgl2234,cgl2234,0,sampled_negative,unknown,0,0,0,0,0,,,0,0,0,0,,0,0,,0,0,0,0,,,,0,2,1,0,0,0,0,,,,1,0,0,0,,,,,,8,0,0,,1,,0,,,,0
cg2965,cg2965,cgrrev01089,cgrrev01089,0,sampled_negative,unknown,0,0,0,0,0,,,0,0,0,0,,0,0,,0,0,0,0,,,,0,0,0,0,0,0,0,,,,0,0,0,0,,,,,,8,0,0,,0,,0,,,,0
cg0196,cg0196,cg0276,cg0276,0,sampled_negative,unknown,0,0,0,0,0,,,0,0,0,0,,0,0,,0,0,0,0,,,,0,10,2,0,0,0,0,,,,0,0,0,0,,,,,,8,0,0,,0,,0,,,,0
cg3285,cg3285,cg0298,cg0298,0,sampled_negative,unknown,0,0,0,0,0,,,0,0,0,0,,0,0,,0,0,0,0,,,,0,1,1,0,0,0,0,,,,0,0,0,0,,,,,,8,0,1,,0,,0,,,,0
cg1486,cg1486,ncgl0797,ncgl0797,0,sampled_negative,unknown,0,0,0,0,0,,,0,0,0,0,,0,0,,0,0,0,0,,,,0,0,0,0,0,0,0,,,,0,0,0,0,,,,,,8,0,0,,0,,0,,,,0
cg1547,cg1547,cgl2082,cgl2082,0,sampled_negative,unknown,0,0,0,0,0,,,0,0,0,0,,0,0,,0,0,0,0,,,,0,7,7,0,0,0,0,,,,0,0,0,0,,,,,,8,0,0,,0,,0,,,,0
cg0196,cg0196,cg2201,cg2201,0,sampled_negative,unknown,0,0,0,0,0,,,0,0,0,0,,0,0,,0,0,0,0,,,,0,1,1,0,0,0,0,,,,0,0,0,0,,,,,,8,0,0,,0,,0,,,,0
cg0454,cg0454,cgl0135,cgl0135,0,sampled_negative,unknown,0,0,0,0,0,,,0,0,0,0,,0,0,,0,0,0,0,,,,0,6,6,0,0,0,0,,,,1,0,0,0,,,,,,8,0,0,,0,,0,,,,0
cg2615,cg2615,cgl0030,cgl0030,0,sampled_negative,unknown,0,0,0,0,0,,,0,0,0,0,,0,0,,0,0,0,0,,,,0,8,6,0,0,0,0,,,,0,0,0,0,,,,,,8,0,1,,0,,0,,,,0
cg1218,cg1218,cg1845,cg1845,0,sampled_negative,unknown,0,0,0,0,0,,,0,0,0,0,,0,0,,0,0,0,0,,,,0,0,0,0,0,0,0,,,,2,0,0,0,,,,,,8,0,1,,0,,0,,,,0
cg1410,cg1410,cg1153,cg1153,0,sampled_negative,unknown,0,0,0,0,0,,,0,0,0,0,,0,0,,0,0,0,0,,,,0,1,1,0,0,0,0,,,,2,0,0,0,,,,,,8,1,0,,0,,0,,,,0
cg3202,cg3202,cg2843,cg2843,0,sampled_negative,unknown,0,0,0,0,0,,,0,0,0,0,,0,0,,0,0,0,0,,,,0,7,7,0,0,0,0,,,,0,0,0,0,,,,,,8,1,1,,0,,0,,,,0
cg1648,cg1648,cg0497,cg0497,0,sampled_negative,unknown,0,0,0,0,0,,,0,0,0,0,,0,0,,0,0,0,0,,,,0,0,0,0,0,0,0,,,,0,0,0,0,,,,,,8,0,0,,0,,0,,,,0
cg1053,cg1053,cg0714,cg0714,0,sampled_negative,unknown,0,0,0,0,0,,,0,0,0,0,,0,0,,0,0,0,0,,,,0,0,0,0,0,0,0,,,,0,0,0,0,,,,,,8,1,0,,0,,0,,,,0
cg3097,cg3097,cg2157,cg2157,0,sampled_negative,unknown,0,0,0,0,0,,,0,0,0,0,,0,0,,0,0,0,0,,,,0,2,1,0,0,0,0,,,,0,0,0,0,,,,,,8,0,1,,0,,0,,,,0
cg0454,cg0454,cg1381,cg1381,0,sampled_negative,unknown,0,0,0,0,0,,,0,0,0,0,,0,0,,0,0,0,0,,,,0,6,6,0,0,0,0,,,,1,0,0,0,,,,,,8,0,0,,0,,0,,,,0
cg2888,cg2888,cgl0704,cgl0704,0,sampled_negative,unknown,0,0,0,0,0,,,0,0,0,0,,0,0,,0,0,0,0,,,,0,1,1,0,0,0,0,,,,0,0,0,0,,,,,,8,0,0,,0,,0,,,,0
cg0646,cg0646,ncgl1324,ncgl1324,0,sampled_negative,unknown,0,0,0,0,0,,,0,0,0,0,,0,0,,0,0,0,0,,,,0,0,0,0,0,0,0,,,,0,0,0,0,,,,,,8,0,1,,0,,0,,,,0
cg0527,cg0527,lcl_nc_006958_1_prot_wp_011014471_1_1552,lcl_nc_006958_1_prot_wp_011014471_1_1552,0,sampled_negative,unknown,0,0,0,0,0,,,0,0,0,0,,0,0,,0,0,0,0,,,,0,2,1,0,0,0,0,,,,15,0,0,0,,,,,,8,0,1,,0,,0,,,,0
cg2627,cg2627,lcl_nc_006958_1_prot_wp_011014337_1_1362,lcl_nc_006958_1_prot_wp_011014337_1_1362,0,sampled_negative,unknown,0,0,0,0,0,,,0,0,0,0,,0,0,,0,0,0,0,,,,0,1,1,0,0,0,0,,,,1,0,0,0,,,,,,8,0,0,,0,,0,,,,0
cg1340,cg1340,cg0091,cg0091,0,sampled_negative,unknown,0,0,0,0,0,,,0,0,0,0,,0,0,,0,0,0,0,,,,0,1,1,0,0,0,0,,,,0,0,0,0,,,,,,8,0,0,,0,,0,,,,0
cg0371,cg0371,cgrfwd08259,cgrfwd08259,0,sampled_negative,unknown,0,0,0,0,0,,,0,0,0,0,,0,0,,0,0,0,0,,,,0,0,0,0,0,0,0,,,,0,0,0,0,,,,,,8,0,0,,0,,0,,,,0
cg1765,cg1765,cgl2371,cgl2371,0,sampled_negative,unknown,0,0,0,0,0,,,0,0,0,0,,0,0,,0,0,0,0,,,,0,6,1,0,0,0,0,,,,0,0,0,0,,,,,,8,0,1,,0,,0,,,,0
cg0012,cg0012,lcl_nc_006958_1_prot_wp_011015562_1_2875,lcl_nc_006958_1_prot_wp_011015562_1_2875,0,sampled_negative,unknown,0,0,0,0,0,,,0,0,0,0,,0,0,,0,0,0,0,,,,0,2,1,0,0,0,0,,,,0,0,0,0,,,,,,8,0,1,,0,Group_1_sigma,0,,,,0
cg1704,cg1704,ncgl1481,ncgl1481,0,sampled_negative,unknown,0,0,0,0,0,,,0,0,0,0,,0,0,,0,0,0,0,,,,0,0,0,0,0,0,0,,,,0,0,0,0,,,,,,8,0,0,,0,,0,,,,0
cg1831,cg1831,cgrfwd11362,cgrfwd11362,0,sampled_negative,unknown,0,0,0,0,0,,,0,0,0,0,,0,0,,0,0,0,0,,,,0,0,0,0,0,0,0,,,,0,0,0,0,,,,,,8,0,0,,0,,0,,,,0
cg0979,cg0979,cg0727,cg0727,0,sampled_negative,unknown,0,0,0,0,0,,,0,0,0,0,,0,0,,0,0,0,0,,,,0,1,1,0,0,0,0,,,,0,0,0,0,,,,,,8,1,1,,0,,0,,,,0
cg0019,cg0019,cg3232,cg3232,0,sampled_negative,unknown,0,0,0,0,0,,,0,0,0,0,,0,0,,0,0,0,0,,,,0,6,6,0,0,0,0,,,,0,0,0,0,,,,,,8,0,0,,0,,0,,,,0
cg0741,cg0741,cg1699,cg1699,0,sampled_negative,unknown,0,0,0,0,0,,,0,0,0,0,,0,0,,0,0,0,0,,,,0,6,6,0,0,0,0,,,,0,0,0,0,,,,,,8,0,1,,0,,0,,,,0
cg0862,cg0862,cgl2535,cgl2535,0,sampled_negative,unknown,0,0,0,0,0,,,0,0,0,0,,0,0,,0,0,0,0,,,,0,1,1,0,0,0,0,,,,0,0,0,0,,,,,,8,0,0,,0,,0,,,,0
cg2831,cg2831,cgl0648,cgl0648,0,sampled_negative,unknown,0,0,0,0,0,,,0,0,0,0,,0,0,,0,0,0,0,,,,0,22,6,0,0,0,0,,,,0,0,0,0,,,,,,8,0,2,,0,,0,,,,0
cg2502,cg2502,lcl_nc_006958_1_prot_wp_011014941_1_2077,lcl_nc_006958_1_prot_wp_011014941_1_2077,0,sampled_negative,unknown,0,0,0,0,0,,,0,0,0,0,,0,0,,0,0,0,0,,,,0,1,1,0,0,0,0,,,,0,0,0,0,,,,,,8,0,0,,0,,0,,,,0
cg1271,cg1271,cg1601,cg1601,0,sampled_negative,unknown,0,0,0,0,0,,,0,0,0,0,,0,0,,0,0,0,0,,,,0,6,6,0,0,0,0,,,,0,0,0,0,,,,,,8,0,0,,0,ECF_sigma,0,,,,0
cg0337,cg0337,cg3086,cg3086,0,sampled_negative,unknown,0,0,0,0,0,,,0,0,0,0,,0,0,,0,0,0,0,,,,0,6,6,0,0,0,0,,,,0,0,0,0,,,,,,8,2,0,,0,,0,,,,0
cg0313,cg0313,ncgl2980,ncgl2980,0,sampled_negative,unknown,0,0,0,0,0,,,0,0,0,0,,0,0,,0,0,0,0,,,,0,0,0,0,0,0,0,,,,0,0,0,0,,,,,,8,0,0,,0,,0,,,,0
cg3373,cg3373,cgrfwd15067,cgrfwd15067,0,sampled_negative,unknown,0,0,0,0,0,,,0,0,0,0,,0,0,,0,0,0,0,,,,0,0,0,0,0,0,0,,,,0,0,0,0,,,,,,8,0,0,,0,,0,,,,0
cg1648,cg1648,cg1194,cg1194,0,sampled_negative,unknown,0,0,0,0,0,,,0,0,0,0,,0,0,,0,0,0,0,,,,0,2,1,0,0,0,0,,,,0,0,0,0,,,,,,8,1,0,,0,,0,,,,0
cg2783,cg2783,cgl0872,cgl0872,0,sampled_negative,unknown,0,0,0,0,0,,,0,0,0,0,,0,0,,0,0,0,0,,,,0,2,1,0,0,0,0,,,,2,0,0,0,,,,,,8,0,0,,0,,0,,,,0
cg0156,cg0156,cg0827,cg0827,0,sampled_negative,unknown,0,0,0,0,0,,,0,0,0,0,,0,0,,0,0,0,0,,,,0,1,1,0,0,0,0,,,,1,0,0,0,,,,,,8,0,0,,0,,0,,,,0
cg1765,cg1765,cgrrev09787,cgrrev09787,0,sampled_negative,unknown,0,0,0,0,0,,,0,0,0,0,,0,0,,0,0,0,0,,,,0,0,0,0,0,0,0,,,,0,0,0,0,,,,,,8,0,1,,0,,0,,,,0
cg1935,cg1935,cg2856,cg2856,0,sampled_negative,unknown,0,0,0,0,0,,,0,0,0,0,,0,0,,0,0,0,0,,,,0,6,6,0,0,0,0,,,,1,0,0,0,,,,,,8,0,1,,1,,0,,,,0
cg1738,cg1738,ncgl0795,ncgl0795,0,sampled_negative,unknown,0,0,0,0,0,,,0,0,0,0,,0,0,,0,0,0,0,,,,0,0,0,0,0,0,0,,,,0,0,0,0,,,,,,8,0,0,,0,,0,,,,0
cg0709,cg0709,cg1807,cg1807,0,sampled_negative,unknown,0,0,0,0,0,,,0,0,0,0,,0,0,,0,0,0,0,,,,0,12,6,0,0,0,0,,,,0,0,0,0,,,,,,8,2,2,,0,,0,,,,0
cg1831,cg1831,cg0425,cg0425,0,sampled_negative,unknown,0,0,0,0,0,,,0,0,0,0,,0,0,,0,0,0,0,,,,0,1,1,0,0,0,0,,,,0,0,0,0,,,,,,8,0,0,,0,,0,,,,0
cg1271,cg1271,cgl2114,cgl2114,0,sampled_negative,unknown,0,0,0,0,0,,,0,0,0,0,,0,0,,0,0,0,0,,,,0,4,2,0,0,0,0,,,,0,0,0,0,,,,,,8,0,0,,0,ECF_sigma,0,,,,0
cg2200,cg2200,lcl_nc_006958_1_prot_wp_011265986_1_2531,lcl_nc_006958_1_prot_wp_011265986_1_2531,0,sampled_negative,unknown,0,0,0,0,0,,,0,0,0,0,,0,0,,0,0,0,0,,,,0,4,1,0,0,0,0,,,,0,0,0,0,,,,,,8,0,1,,0,,0,,,,0
cg1032,cg1032,cg2843,cg2843,0,sampled_negative,unknown,0,0,0,0,0,,,0,0,0,0,,0,0,,0,0,0,0,,,,0,7,7,0,0,0,0,,,,0,0,0,0,,,,,,8,1,2,,0,,0,,,,0
cg0741,cg0741,lcl_nc_006958_1_prot_wp_003858893_1_101,lcl_nc_006958_1_prot_wp_003858893_1_101,0,sampled_negative,unknown,0,0,0,0,0,,,0,0,0,0,,0,0,,0,0,0,0,,,,0,1,1,0,0,0,0,,,,0,0,0,0,,,,,,8,0,1,,0,,0,,,,0
cg2624,cg2624,cg0704,cg0704,0,sampled_negative,unknown,0,0,0,0,0,,,0,0,0,0,,0,0,,0,0,0,0,,,,0,1,1,0,0,0,0,,,,0,0,0,0,,,,,,8,0,0,,0,,0,,,,0
cg0702,cg0702,lcl_nc_006958_1_prot_wp_004567745_1_2201,lcl_nc_006958_1_prot_wp_004567745_1_2201,0,sampled_negative,unknown,0,0,0,0,0,,,0,0,0,0,,0,0,,0,0,0,0,,,,0,1,1,0,0,0,0,,,,6,0,0,0,,,,,,8,0,0,,0,,0,,,,0
cg2737,cg2737,cgl0573,cgl0573,0,sampled_negative,unknown,0,0,0,0,0,,,0,0,0,0,,0,0,,0,0,0,0,,,,0,1,1,0,0,0,0,,,,0,0,0,0,,,,,,8,0,0,,0,,0,,,,0
cg1324,cg1324,lcl_nc_006958_1_prot_wp_003855288_1_2949,lcl_nc_006958_1_prot_wp_003855288_1_2949,0,sampled_negative,unknown,0,0,0,0,0,,,0,0,0,0,,0,0,,0,0,0,0,,,,0,2,1,0,0,0,0,,,,2,0,0,0,,,,,,8,0,0,,0,,0,,,,0
cg2544,cg2544,lcl_nc_006958_1_prot_wp_011013913_1_805,lcl_nc_006958_1_prot_wp_011013913_1_805,0,sampled_negative,unknown,0,0,0,0,0,,,0,0,0,0,,0,0,,0,0,0,0,,,,0,1,1,0,0,0,0,,,,0,0,0,0,,,,,,8,0,0,,0,,0,,,,0
cg2783,cg2783,cg0361,cg0361,0,sampled_negative,unknown,0,0,0,0,0,,,0,0,0,0,,0,0,,0,0,0,0,,,,0,1,1,0,0,0,0,,,,2,0,0,0,,,,,,8,0,0,,0,,0,,,,0
cg3388,cg3388,lcl_nc_006958_1_prot_wp_003859586_1_2138,lcl_nc_006958_1_prot_wp_003859586_1_2138,0,sampled_negative,unknown,0,0,0,0,0,,,0,0,0,0,,0,0,,0,0,0,0,,,,0,21,1,0,0,0,0,,,,0,0,0,0,,,,,,8,0,0,,0,,0,,,,0
cg1032,cg1032,cgrfwd16991,cgrfwd16991,0,sampled_negative,unknown,0,0,0,0,0,,,0,0,0,0,,0,0,,0,0,0,0,,,,0,0,0,0,0,0,0,,,,0,0,0,0,,,,,,8,0,2,,0,,0,,,,0
cg1053,cg1053,cg0727,cg0727,0,sampled_negative,unknown,0,0,0,0,0,,,0,0,0,0,,0,0,,0,0,0,0,,,,0,1,1,0,0,0,0,,,,0,0,0,0,,,,,,8,1,0,,0,,0,,,,0
cg0695,cg0695,cg1219,cg1219,0,sampled_negative,unknown,0,0,0,0,0,,,0,0,0,0,,0,0,,0,0,0,0,,,,0,3,1,0,0,0,0,,,,0,0,0,0,,,,,,8,1,1,,0,,0,,,,0
cg1817,cg1817,cg1278,cg1278,0,sampled_negative,unknown,0,0,0,0,0,,,0,0,0,0,,0,0,,0,0,0,0,,,,0,1,1,0,0,0,0,,,,6,0,0,0,,,,,,8,0,0,,0,,0,,,,0
cg2152,cg2152,cg1196,cg1196,0,sampled_negative,unknown,0,0,0,0,0,,,0,0,0,0,,0,0,,0,0,0,0,,,,0,7,1,0,0,0,0,,,,0,0,0,0,,,,,,8,0,0,,0,,0,,,,0
cg1861,cg1861,cg1301,cg1301,0,sampled_negative,unknown,0,0,0,0,0,,,0,0,0,0,,0,0,,0,0,0,0,,,,0,0,0,0,0,0,0,,,,12,0,0,0,,,,,,8,1,0,,0,,0,,,,0
cg0337,cg0337,cg1143,cg1143,0,sampled_negative,unknown,0,0,0,0,0,,,0,0,0,0,,0,0,,0,0,0,0,,,,0,0,0,0,0,0,0,,,,0,0,0,0,,,,,,8,0,0,,0,,0,,,,0
cg2102,cg2102,lcl_nc_006958_1_prot_wp_011013972_1_890,lcl_nc_006958_1_prot_wp_011013972_1_890,0,sampled_negative,unknown,0,0,0,0,0,,,0,0,0,0,,0,0,,0,0,0,0,,,,0,2,1,0,0,0,0,,,,0,0,0,0,,,,,,8,0,0,,0,Group_2_sigma,0,,,,0
cg2109,cg2109,cgl2694,cgl2694,0,sampled_negative,unknown,0,0,0,0,0,,,0,0,0,0,,0,0,,0,0,0,0,,,,0,6,6,0,0,0,0,,,,0,0,0,0,,,,,,8,0,1,,0,,0,,,,0
cg2544,cg2544,wp_011013607_1,wp_011013607_1,0,sampled_negative,unknown,0,0,0,0,0,,,0,0,0,0,,0,0,,0,0,0,0,,,,0,1,1,0,0,0,0,,,,0,0,0,0,,,,,,8,0,0,,0,,0,,,,0
cg2112,cg2112,wp_011015401_1,wp_011015401_1,0,sampled_negative,unknown,0,0,0,0,0,,,0,0,0,0,,0,0,,0,0,0,0,,,,0,1,1,0,0,0,0,,,,1,1,1,0,,,,,,8,0,1,,0,,0,,,,0
cg0012,cg0012,cgl1990,cgl1990,0,sampled_negative,unknown,0,0,0,0,0,,,0,0,0,0,,0,0,,0,0,0,0,,,,0,4,1,0,0,0,0,,,,0,0,0,0,,,,,,8,0,1,,0,Group_1_sigma,0,,,,0
cg2783,cg2783,lcl_nc_006958_1_prot_wp_011265986_1_2531,lcl_nc_006958_1_prot_wp_011265986_1_2531,0,sampled_negative,unknown,0,0,0,0,0,,,0,0,0,0,,0,0,,0,0,0,0,,,,0,4,1,0,0,0,0,,,,2,0,0,0,,,,,,8,0,0,,0,,0,,,,0
cg0019,cg0019,cg0508,cg0508,0,sampled_negative,unknown,0,0,0,0,0,,,0,0,0,0,,0,0,,0,0,0,0,,,,0,6,6,0,0,0,0,,,,0,0,0,0,,,,,,8,0,0,,0,,0,,,,0
cg2766,cg2766,cgl1651,cgl1651,0,sampled_negative,unknown,0,0,0,0,0,,,0,0,0,0,,0,0,,0,0,0,0,,,,0,1,1,0,0,0,0,,,,0,0,0,0,,,,,,8,0,0,,1,,0,,,,0
cg2103,cg2103,lcl_nc_006958_1_prot_wp_011014183_1_1148,lcl_nc_006958_1_prot_wp_011014183_1_1148,0,sampled_negative,unknown,0,0,0,0,0,,,0,0,0,0,,0,0,,0,0,0,0,,,,0,1,1,0,0,0,0,,,,0,0,0,0,,,,,,8,0,0,,0,,0,,,,0
cg0862,cg0862,cg1624,cg1624,0,sampled_negative,unknown,0,0,0,0,0,,,0,0,0,0,,0,0,,0,0,0,0,,,,0,1,1,0,0,0,0,,,,0,0,0,0,,,,,,8,1,0,,0,,0,,,,0
cg1547,cg1547,cgrfwd06187,cgrfwd06187,0,sampled_negative,unknown,0,0,0,0,0,,,0,0,0,0,,0,0,,0,0,0,0,,,,0,0,0,0,0,0,0,,,,0,0,0,0,,,,,,8,0,0,,0,,0,,,,0
cg3420,cg3420,cgrfwd17539,cgrfwd17539,0,sampled_negative,unknown,0,0,0,0,0,,,0,0,0,0,,0,0,,0,0,0,0,,,,0,0,0,0,0,0,0,,,,0,0,0,0,,,,,,8,0,0,,0,ECF_sigma,0,,,,0
cg1410,cg1410,cg0786,cg0786,0,sampled_negative,unknown,0,0,0,0,0,,,0,0,0,0,,0,0,,0,0,0,0,,,,0,6,6,0,0,0,0,,,,2,0,0,0,,,,,,8,0,0,,0,,0,,,,0
cg3202,cg3202,ncgl0927,ncgl0927,0,sampled_negative,unknown,0,0,0,0,0,,,0,0,0,0,,0,0,,0,0,0,0,,,,0,0,0,0,0,0,0,,,,0,0,0,0,,,,,,8,0,1,,0,,0,,,,0
cg0309,cg0309,lcl_nc_006958_1_prot_wp_003859315_1_2239,lcl_nc_006958_1_prot_wp_003859315_1_2239,0,sampled_negative,unknown,0,0,0,0,0,,,0,0,0,0,,0,0,,0,0,0,0,,,,0,1,1,0,0,0,0,,,,0,0,0,0,,,,,,8,0,0,,0,,0,,,,0
cg0343,cg0343,cg3202,cg3202,0,sampled_negative,unknown,0,0,0,0,0,,,0,0,0,0,,0,0,,0,0,0,0,,,,0,0,0,0,0,0,0,,,,0,0,0,0,,,,,,8,1,0,,0,,0,,,,0
cg0565,cg0565,lcl_nc_006958_1_prot_wp_003860502_1_451,lcl_nc_006958_1_prot_wp_003860502_1_451,0,sampled_negative,unknown,0,0,0,0,0,,,0,0,0,0,,0,0,,0,0,0,0,,,,0,1,1,0,0,0,0,,,,0,0,0,0,,,,,,8,0,1,,0,,0,,,,0
cg0112,cg0112,cg3413,cg3413,0,sampled_negative,unknown,0,0,0,0,0,,,0,0,0,0,,0,0,,0,0,0,0,,,,0,2,1,0,0,0,0,,,,1,1,1,0,,,,,,8,2,0,,0,,0,,,,0
cg2942,cg2942,cgl0714,cgl0714,0,sampled_negative,unknown,0,0,0,0,0,,,0,0,0,0,,0,0,,0,0,0,0,,,,0,12,7,0,0,0,0,,,,0,0,0,0,,,,,,8,0,0,,0,,0,,,,0
cg2309,cg2309,cgl0431,cgl0431,0,sampled_negative,unknown,0,0,0,0,0,,,0,0,0,0,,0,0,,0,0,0,0,,,,0,6,6,0,0,0,0,,,,0,0,0,0,,,,,,8,0,0,,0,,0,,,,0
cg2936,cg2936,lcl_nc_006958_1_prot_wp_011015605_1_2929,lcl_nc_006958_1_prot_wp_011015605_1_2929,0,sampled_negative,unknown,0,0,0,0,0,,,0,0,0,0,,0,0,,0,0,0,0,,,,0,6,1,0,0,0,0,,,,2,1,1,0,,,,,,8,0,0,,0,,0,,,,0
cg0019,cg0019,cgrfwd10056,cgrfwd10056,0,sampled_negative,unknown,0,0,0,0,0,,,0,0,0,0,,0,0,,0,0,0,0,,,,0,0,0,0,0,0,0,,,,0,0,0,0,,,,,,8,0,0,,0,,0,,,,0
cg2783,cg2783,cgrfwd11468,cgrfwd11468,0,sampled_negative,unknown,0,0,0,0,0,,,0,0,0,0,,0,0,,0,0,0,0,,,,0,0,0,0,0,0,0,,,,2,0,0,0,,,,,,8,0,0,,0,,0,,,,0
cg1846,cg1846,cg2883,cg2883,0,sampled_negative,unknown,0,0,0,0,0,,,0,0,0,0,,0,0,,0,0,0,0,,,,0,0,0,0,0,0,0,,,,0,0,0,0,,,,,,8,0,0,,0,,0,,,,0
cg0993,cg0993,cgtrna_3581,cgtrna_3581,0,sampled_negative,unknown,0,0,0,0,0,,,0,0,0,0,,0,0,,0,0,0,0,,,,0,1,1,0,0,0,0,,,,0,0,0,0,,,,,,8,0,2,,0,,0,,,,0
cg0800,cg0800,ncgl0246,ncgl0246,0,sampled_negative,unknown,0,0,0,0,0,,,0,0,0,0,,0,0,,0,0,0,0,,,,0,0,0,0,0,0,0,,,,0,0,0,0,,,,,,8,0,0,,0,,0,,,,0
cg1817,cg1817,cg2844,cg2844,0,sampled_negative,unknown,0,0,0,0,0,,,0,0,0,0,,0,0,,0,0,0,0,,,,0,15,9,0,0,0,0,,,,6,1,5,0,,,,,,8,1,0,,0,,0,,,,0
cg0709,cg0709,cgrfwd12963,cgrfwd12963,0,sampled_negative,unknown,0,0,0,0,0,,,0,0,0,0,,0,0,,0,0,0,0,,,,0,0,0,0,0,0,0,,,,0,0,0,0,,,,,,8,0,2,,0,,0,,,,0
cg0215,cg0215,ncgl0117,ncgl0117,0,sampled_negative,unknown,0,0,0,0,0,,,0,0,0,0,,0,0,,0,0,0,0,,,,0,0,0,0,0,0,0,,,,0,0,0,0,,,,,,8,0,0,,0,,0,,,,0
cg2544,cg2544,cgl2203,cgl2203,0,sampled_negative,unknown,0,0,0,0,0,,,0,0,0,0,,0,0,,0,0,0,0,,,,0,1,1,0,0,0,0,,,,0,0,0,0,,,,,,8,0,0,,0,,0,,,,0
cg0444,cg0444,cg1053,cg1053,0,sampled_negative,unknown,0,0,0,0,0,,,0,0,0,0,,0,0,,0,0,0,0,,,,0,0,0,0,0,0,0,,,,0,0,0,0,,,,,,8,0,1,,1,,0,,,,0
cg1648,cg1648,lcl_nc_006958_1_prot_wp_003859237_1_2281,lcl_nc_006958_1_prot_wp_003859237_1_2281,0,sampled_negative,unknown,0,0,0,0,0,,,0,0,0,0,,0,0,,0,0,0,0,,,,0,1,1,0,0,0,0,,,,0,0,0,0,,,,,,8,0,0,,0,,0,,,,0
cg2627,cg2627,ncgl0425,ncgl0425,0,sampled_negative,unknown,0,0,0,0,0,,,0,0,0,0,,0,0,,0,0,0,0,,,,0,0,0,0,0,0,0,,,,1,0,0,0,,,,,,8,0,0,,0,,0,,,,0
cg2103,cg2103,cg0346,cg0346,0,sampled_negative,unknown,0,0,0,0,0,,,0,0,0,0,,0,0,,0,0,0,0,,,,0,94,7,0,0,0,0,,,,0,0,0,0,,,,,,8,0,0,,0,,0,,,,0
cg2615,cg2615,cg0317,cg0317,0,sampled_negative,unknown,0,0,0,0,0,,,0,0,0,0,,0,0,,0,0,0,0,,,,0,2,2,0,0,0,0,,,,0,0,0,0,,,,,,8,0,1,,0,,0,,,,0
cg3224,cg3224,cg1651,cg1651,0,sampled_negative,unknown,0,0,0,0,0,,,0,0,0,0,,0,0,,0,0,0,0,,,,0,90,6,0,0,0,0,,,,0,0,0,0,,,,,,8,0,1,,0,,0,,,,0
cg1861,cg1861,cg3054,cg3054,0,sampled_negative,unknown,0,0,0,0,0,,,0,0,0,0,,0,0,,0,0,0,0,,,,0,11,6,0,0,0,0,,,,12,1,5,0,,,,,,8,0,0,,0,,0,,,,0
cg2200,cg2200,cg3139,cg3139,0,sampled_negative,unknown,0,0,0,0,0,,,0,0,0,0,,0,0,,0,0,0,0,,,,0,0,0,0,0,0,0,,,,0,0,0,0,,,,,,8,1,1,,0,,0,,,,0
cg1032,cg1032,cg3363,cg3363,0,sampled_negative,unknown,0,0,0,0,0,,,0,0,0,0,,0,0,,0,0,0,0,,,,0,18,6,0,0,0,0,,,,0,0,0,0,,,,,,8,0,2,,0,,0,,,,0
cg0350,cg0350,lcl_nc_006958_1_prot_wp_011014958_1_2098,lcl_nc_006958_1_prot_wp_011014958_1_2098,0,sampled_negative,unknown,0,0,0,0,0,,,0,0,0,0,,0,0,,0,0,0,0,,,,0,2,2,0,0,0,0,,,,0,0,0,0,,,,,,8,0,0,,0,,0,,,,0
cg0741,cg0741,lcl_nc_006958_1_prot_wp_011014031_1_962,lcl_nc_006958_1_prot_wp_011014031_1_962,0,sampled_negative,unknown,0,0,0,0,0,,,0,0,0,0,,0,0,,0,0,0,0,,,,0,1,1,0,0,0,0,,,,0,0,0,0,,,,,,8,0,1,,0,,0,,,,0
cg0702,cg0702,cgl1724,cgl1724,0,sampled_negative,unknown,0,0,0,0,0,,,0,0,0,0,,0,0,,0,0,0,0,,,,0,1,1,0,0,0,0,,,,6,0,0,0,,,,,,8,0,0,,0,,0,,,,0
cg2942,cg2942,cg0303,cg0303,0,sampled_negative,unknown,0,0,0,0,0,,,0,0,0,0,,0,0,,0,0,0,0,,,,0,6,6,0,0,0,0,,,,0,0,0,0,,,,,,8,0,0,,0,,0,,,,0
cg0156,cg0156,cg3096,cg3096,0,sampled_negative,unknown,0,0,0,0,0,,,0,0,0,0,,0,0,,0,0,0,0,,,,0,6,6,0,0,0,0,,,,1,0,0,0,,,,,,8,1,0,,0,,0,,,,0
cg0527,cg0527,cgtrna_3550,cgtrna_3550,0,sampled_negative,unknown,0,0,0,0,0,,,0,0,0,0,,0,0,,0,0,0,0,,,,0,1,1,0,0,0,0,,,,15,0,0,0,,,,,,8,0,1,,0,,0,,,,0
cg0702,cg0702,cg2314,cg2314,0,sampled_negative,unknown,0,0,0,0,0,,,0,0,0,0,,0,0,,0,0,0,0,,,,0,1,1,0,0,0,0,,,,6,1,1,0,,,,,,8,0,0,,0,,0,,,,0
cg2516,cg2516,cgl0102,cgl0102,0,sampled_negative,unknown,0,0,0,0,0,,,0,0,0,0,,0,0,,0,0,0,0,,,,0,6,6,0,0,0,0,,,,0,0,0,0,,,,,,8,0,0,,0,,0,,,,0
cg0993,cg0993,cg3364,cg3364,0,sampled_negative,unknown,0,0,0,0,0,,,0,0,0,0,,0,0,,0,0,0,0,,,,0,18,6,0,0,0,0,,,,0,0,0,0,,,,,,8,0,2,,0,,0,,,,0
cg2615,cg2615,cgl2507,cgl2507,0,sampled_negative,unknown,0,0,0,0,0,,,0,0,0,0,,0,0,,0,0,0,0,,,,0,1,1,0,0,0,0,,,,0,0,0,0,,,,,,8,0,1,,0,,0,,,,0
cg0371,cg0371,cg1465,cg1465,0,sampled_negative,unknown,0,0,0,0,0,,,0,0,0,0,,0,0,,0,0,0,0,,,,0,3,2,0,0,0,0,,,,0,0,0,0,,,,,,8,0,0,,0,,0,,,,0
cg0500,cg0500,cgr2999,cgr2999,0,sampled_negative,unknown,0,0,0,0,0,,,0,0,0,0,,0,0,,0,0,0,0,,,,0,0,0,0,0,0,0,,,,0,0,0,0,,,,,,8,0,0,,0,,0,,,,0
cg1935,cg1935,cgl1976,cgl1976,0,sampled_negative,unknown,0,0,0,0,0,,,0,0,0,0,,0,0,,0,0,0,0,,,,0,2,1,0,0,0,0,,,,1,0,0,0,,,,,,8,0,1,,1,,0,,,,0
cg2831,cg2831,cgl2713,cgl2713,0,sampled_negative,unknown,0,0,0,0,0,,,0,0,0,0,,0,0,,0,0,0,0,,,,0,6,6,0,0,0,0,,,,0,0,0,0,,,,,,8,0,2,,0,,0,,,,0
cg1032,cg1032,cg2969,cg2969,0,sampled_negative,unknown,0,0,0,0,0,,,0,0,0,0,,0,0,,0,0,0,0,,,,0,138,8,0,0,0,0,,,,0,0,0,0,,,,,,8,0,2,,0,,0,,,,0
cg2831,cg2831,lcl_nc_006958_1_prot_wp_041625656_1_1114,lcl_nc_006958_1_prot_wp_041625656_1_1114,0,sampled_negative,unknown,0,0,0,0,0,,,0,0,0,0,,0,0,,0,0,0,0,,,,0,1,1,0,0,0,0,,,,0,0,0,0,,,,,,8,0,2,,0,,0,,,,0
cg2114,cg2114,cgrfwd08669,cgrfwd08669,0,sampled_negative,unknown,0,0,0,0,0,,,0,0,0,0,,0,0,,0,0,0,0,,,,0,0,0,0,0,0,0,,,,0,0,0,0,,,,,,8,0,0,,0,,0,,,,0
cg1846,cg1846,cg0328,cg0328,0,sampled_negative,unknown,0,0,0,0,0,,,0,0,0,0,,0,0,,0,0,0,0,,,,0,2,1,0,0,0,0,,,,0,0,0,0,,,,,,8,0,0,,0,,0,,,,0
cg1831,cg1831,cg2862,cg2862,0,sampled_negative,unknown,0,0,0,0,0,,,0,0,0,0,,0,0,,0,0,0,0,,,,0,6,6,0,0,0,0,,,,0,0,0,0,,,,,,8,0,0,,0,,0,,,,0
cg1704,cg1704,lcl_nc_006958_1_prot_wp_011014508_1_1600,lcl_nc_006958_1_prot_wp_011014508_1_1600,0,sampled_negative,unknown,0,0,0,0,0,,,0,0,0,0,,0,0,,0,0,0,0,,,,0,1,1,0,0,0,0,,,,0,0,0,0,,,,,,8,0,0,,0,,0,,,,0
cg0444,cg0444,cgrrev00720,cgrrev00720,0,sampled_negative,unknown,0,0,0,0,0,,,0,0,0,0,,0,0,,0,0,0,0,,,,0,0,0,0,0,0,0,,,,0,0,0,0,,,,,,8,0,1,,1,,0,,,,0
cg1648,cg1648,cg1844,cg1844,0,sampled_negative,unknown,0,0,0,0,0,,,0,0,0,0,,0,0,,0,0,0,0,,,,0,0,0,0,0,0,0,,,,0,0,0,0,,,,,,8,0,0,,0,,0,,,,0
cg1084,cg1084,cgrfwd15123,cgrfwd15123,0,sampled_negative,unknown,0,0,0,0,0,,,0,0,0,0,,0,0,,0,0,0,0,,,,0,0,0,0,0,0,0,,,,0,0,0,0,,,,,,8,0,1,,0,,0,,,,0
cg2502,cg2502,cg2189,cg2189,0,sampled_negative,unknown,0,0,0,0,0,,,0,0,0,0,,0,0,,0,0,0,0,,,,0,6,6,0,0,0,0,,,,0,0,0,0,,,,,,8,1,0,,0,,0,,,,0
cg0725,cg0725,cgl0205,cgl0205,0,sampled_negative,unknown,0,0,0,0,0,,,0,0,0,0,,0,0,,0,0,0,0,,,,0,18,6,0,0,0,0,,,,0,0,0,0,,,,,,8,0,1,,0,,0,,,,0
cg3261,cg3261,lcl_nc_006958_1_prot_wp_003859321_1_2237,lcl_nc_006958_1_prot_wp_003859321_1_2237,0,sampled_negative,unknown,0,0,0,0,0,,,0,0,0,0,,0,0,,0,0,0,0,,,,0,2,1,0,0,0,0,,,,0,0,0,0,,,,,,8,0,0,,0,,0,,,,0
cg0156,cg0156,cgl2629,cgl2629,0,sampled_negative,unknown,0,0,0,0,0,,,0,0,0,0,,0,0,,0,0,0,0,,,,0,6,6,0,0,0,0,,,,1,0,0,0,,,,,,8,0,0,,0,,0,,,,0
cg2766,cg2766,ncgl1829,ncgl1829,0,sampled_negative,unknown,0,0,0,0,0,,,0,0,0,0,,0,0,,0,0,0,0,,,,0,0,0,0,0,0,0,,,,0,0,0,0,,,,,,8,0,0,,1,,0,,,,0
cg2544,cg2544,cg0310,cg0310,0,sampled_negative,unknown,0,0,0,0,0,,,0,0,0,0,,0,0,,0,0,0,0,,,,0,6,6,0,0,0,0,,,,0,0,0,0,,,,,,8,0,0,,0,,0,,,,0
cg2118,cg2118,cg2423,cg2423,0,sampled_negative,unknown,0,0,0,0,0,,,0,0,0,0,,0,0,,0,0,0,0,,,,0,6,6,0,0,0,0,,,,0,0,0,0,,,,,,8,0,0,,0,,0,,,,0
cg1120,cg1120,cgl0218,cgl0218,0,sampled_negative,unknown,0,0,0,0,0,,,0,0,0,0,,0,0,,0,0,0,0,,,,0,32,8,0,0,0,0,,,,1,1,1,0,,,,,,8,0,1,,0,,0,,,,0
cg3082,cg3082,cg2609,cg2609,0,sampled_negative,unknown,0,0,0,0,0,,,0,0,0,0,,0,0,,0,0,0,0,,,,0,7,7,0,0,0,0,,,,0,0,0,0,,,,,,8,0,1,,0,,0,,,,0
cg0454,cg0454,cg2186,cg2186,0,sampled_negative,unknown,0,0,0,0,0,,,0,0,0,0,,0,0,,0,0,0,0,,,,0,1,1,0,0,0,0,,,,1,1,1,0,,,,,,8,1,0,,0,,0,,,,0
cg2200,cg2200,cgrfwd15123,cgrfwd15123,0,sampled_negative,unknown,0,0,0,0,0,,,0,0,0,0,,0,0,,0,0,0,0,,,,0,0,0,0,0,0,0,,,,0,0,0,0,,,,,,8,0,1,,0,,0,,,,0
cg0156,cg0156,lcl_nc_006958_1_prot_wp_042383447_1_2409,lcl_nc_006958_1_prot_wp_042383447_1_2409,0,sampled_negative,unknown,0,0,0,0,0,,,0,0,0,0,,0,0,,0,0,0,0,,,,0,6,1,0,0,0,0,,,,1,0,0,0,,,,,,8,0,0,,0,,0,,,,0
cg3202,cg3202,cg0905,cg0905,0,sampled_negative,unknown,0,0,0,0,0,,,0,0,0,0,,0,0,,0,0,0,0,,,,0,1,1,0,0,0,0,,,,0,0,0,0,,,,,,8,2,1,,0,,0,,,,0
cg2268,cg2268,lcl_nc_006958_1_prot_wp_011015233_1_2468,lcl_nc_006958_1_prot_wp_011015233_1_2468,0,sampled_negative,unknown,0,0,0,0,0,,,0,0,0,0,,0,0,,0,0,0,0,,,,0,1,1,0,0,0,0,,,,2,0,0,0,,,,,,8,0,0,,0,,0,,,,0
cg2112,cg2112,lcl_nc_006958_1_prot_wp_011265737_1_1344,lcl_nc_006958_1_prot_wp_011265737_1_1344,0,sampled_negative,unknown,0,0,0,0,0,,,0,0,0,0,,0,0,,0,0,0,0,,,,0,1,1,0,0,0,0,,,,1,0,0,0,,,,,,8,0,1,,0,,0,,,,0
cg0337,cg0337,cgl3034,cgl3034,0,sampled_negative,unknown,0,0,0,0,0,,,0,0,0,0,,0,0,,0,0,0,0,,,,0,18,6,0,0,0,0,,,,0,0,0,0,,,,,,8,0,0,,0,,0,,,,0
cg3202,cg3202,lcl_nc_006958_1_prot_wp_011015147_1_2348,lcl_nc_006958_1_prot_wp_011015147_1_2348,0,sampled_negative,unknown,0,0,0,0,0,,,0,0,0,0,,0,0,,0,0,0,0,,,,0,1,1,0,0,0,0,,,,0,0,0,0,,,,,,8,0,1,,0,,0,,,,0
cg0986,cg0986,cgl1623,cgl1623,0,sampled_negative,unknown,0,0,0,0,0,,,0,0,0,0,,0,0,,0,0,0,0,,,,0,6,6,0,0,0,0,,,,0,0,0,0,,,,,,8,0,0,,0,,0,,,,0
cg0112,cg0112,lcl_nc_006958_1_prot_wp_011014103_1_1043,lcl_nc_006958_1_prot_wp_011014103_1_1043,0,sampled_negative,unknown,0,0,0,0,0,,,0,0,0,0,,0,0,,0,0,0,0,,,,0,1,1,0,0,0,0,,,,1,0,0,0,,,,,,8,0,0,,0,,0,,,,0
cg0019,cg0019,cg2987,cg2987,0,sampled_negative,unknown,0,0,0,0,0,,,0,0,0,0,,0,0,,0,0,0,0,,,,0,18,6,0,0,0,0,,,,0,0,0,0,,,,,,8,0,0,,0,,0,,,,0
cg2200,cg2200,cgl0058,cgl0058,0,sampled_negative,unknown,0,0,0,0,0,,,0,0,0,0,,0,0,,0,0,0,0,,,,0,1,1,0,0,0,0,,,,0,0,0,0,,,,,,8,0,1,,0,,0,,,,0
cg3082,cg3082,lcl_nc_006958_1_prot_wp_011015260_1_2507,lcl_nc_006958_1_prot_wp_011015260_1_2507,0,sampled_negative,unknown,0,0,0,0,0,,,0,0,0,0,,0,0,,0,0,0,0,,,,0,2,2,0,0,0,0,,,,0,0,0,0,,,,,,8,0,1,,0,,0,,,,0
cg2624,cg2624,cg2560,cg2560,0,sampled_negative,unknown,0,0,0,0,0,,,0,0,0,0,,0,0,,0,0,0,0,,,,0,6,6,0,0,0,0,,,,0,0,0,0,,,,,,8,1,0,,0,,0,,,,0
cg0725,cg0725,cgrrev03336,cgrrev03336,0,sampled_negative,unknown,0,0,0,0,0,,,0,0,0,0,,0,0,,0,0,0,0,,,,0,0,0,0,0,0,0,,,,0,0,0,0,,,,,,8,0,1,,0,,0,,,,0
cg1032,cg1032,cg0975,cg0975,0,sampled_negative,unknown,0,0,0,0,0,,,0,0,0,0,,0,0,,0,0,0,0,,,,0,6,6,0,0,0,0,,,,0,0,0,0,,,,,,8,0,2,,0,,0,,,,0
cg0463,cg0463,cgrrev17848,cgrrev17848,0,sampled_negative,unknown,0,0,0,0,0,,,0,0,0,0,,0,0,,0,0,0,0,,,,0,0,0,0,0,0,0,,,,0,0,0,0,,,,,,8,0,0,,0,,0,,,,0
cg2641,cg2641,cgl1384,cgl1384,0,sampled_negative,unknown,0,0,0,0,0,,,0,0,0,0,,0,0,,0,0,0,0,,,,0,42,6,0,0,0,0,,,,0,0,0,0,,,,,,8,0,1,,0,,0,,,,0
cg0112,cg0112,cgl1761,cgl1761,0,sampled_negative,unknown,0,0,0,0,0,,,0,0,0,0,,0,0,,0,0,0,0,,,,0,1,1,0,0,0,0,,,,1,0,0,0,,,,,,8,0,0,,0,,0,,,,0
cg2831,cg2831,cg1942,cg1942,0,sampled_negative,unknown,0,0,0,0,0,,,0,0,0,0,,0,0,,0,0,0,0,,,,0,1,1,0,0,0,0,,,,0,0,0,0,,,,,,8,0,2,,0,,0,,,,0
cg0215,cg0215,cg2602,cg2602,0,sampled_negative,unknown,0,0,0,0,0,,,0,0,0,0,,0,0,,0,0,0,0,,,,0,2,1,0,0,0,0,,,,0,0,0,0,,,,,,8,0,0,,0,,0,,,,0
cg2309,cg2309,cg2069,cg2069,0,sampled_negative,unknown,0,0,0,0,0,,,0,0,0,0,,0,0,,0,0,0,0,,,,0,0,0,0,0,0,0,,,,0,0,0,0,,,,,,8,2,0,,0,,0,,,,0
cg0709,cg0709,lcl_nc_006958_1_prot_wp_011014241_1_1228,lcl_nc_006958_1_prot_wp_011014241_1_1228,0,sampled_negative,unknown,0,0,0,0,0,,,0,0,0,0,,0,0,,0,0,0,0,,,,0,1,1,0,0,0,0,,,,0,0,0,0,,,,,,8,0,2,,0,,0,,,,0
cg0196,cg0196,ncgl0935,ncgl0935,0,sampled_negative,unknown,0,0,0,0,0,,,0,0,0,0,,0,0,,0,0,0,0,,,,0,0,0,0,0,0,0,,,,0,0,0,0,,,,,,8,0,0,,0,,0,,,,0
cg2112,cg2112,cg2187,cg2187,0,sampled_negative,unknown,0,0,0,0,0,,,0,0,0,0,,0,0,,0,0,0,0,,,,0,1,1,0,0,0,0,,,,1,0,0,0,,,,,,8,1,1,,0,,0,,,,0
cg0051,cg0051,cgl1798,cgl1798,0,sampled_negative,unknown,0,0,0,0,0,,,0,0,0,0,,0,0,,0,0,0,0,,,,0,1,1,0,0,0,0,,,,3,0,0,0,,,,,,8,0,0,,0,,0,,,,0
cg0350,cg0350,cgl0288,cgl0288,0,sampled_negative,unknown,0,0,0,0,0,,,0,0,0,0,,0,0,,0,0,0,0,,,,0,94,7,0,0,0,0,,,,0,0,0,0,,,,,,8,0,0,,0,,0,,,,0
cg0371,cg0371,lcl_nc_006958_1_prot_wp_011015619_1_2945,lcl_nc_006958_1_prot_wp_011015619_1_2945,0,sampled_negative,unknown,0,0,0,0,0,,,0,0,0,0,,0,0,,0,0,0,0,,,,0,3,1,0,0,0,0,,,,0,0,0,0,,,,,,8,0,0,,0,,0,,,,0
cg2783,cg2783,cgl0340,cgl0340,0,sampled_negative,unknown,0,0,0,0,0,,,0,0,0,0,,0,0,,0,0,0,0,,,,0,1,1,0,0,0,0,,,,2,0,0,0,,,,,,8,0,0,,0,,0,,,,0
cg1585,cg1585,ncgl1306,ncgl1306,0,sampled_negative,unknown,0,0,0,0,0,,,0,0,0,0,,0,0,,0,0,0,0,,,,0,0,0,0,0,0,0,,,,0,0,0,0,,,,,,8,0,1,,0,,0,,,,0
cg0454,cg0454,lcl_nc_006958_1_prot_wp_011265777_1_1606,lcl_nc_006958_1_prot_wp_011265777_1_1606,0,sampled_negative,unknown,0,0,0,0,0,,,0,0,0,0,,0,0,,0,0,0,0,,,,0,2,1,0,0,0,0,,,,1,1,1,0,,,,,,8,0,0,,0,,0,,,,0
cg0800,cg0800,cg2939,cg2939,0,sampled_negative,unknown,0,0,0,0,0,,,0,0,0,0,,0,0,,0,0,0,0,,,,0,0,0,0,0,0,0,,,,0,0,0,0,,,,,,8,0,0,,0,,0,,,,0
cg2092,cg2092,cgl0840,cgl0840,0,sampled_negative,unknown,0,0,0,0,0,,,0,0,0,0,,0,0,,0,0,0,0,,,,0,1,1,0,0,0,0,,,,0,0,0,0,,,,,,8,0,1,,0,,0,,,,0
cg1585,cg1585,cg1862,cg1862,0,sampled_negative,unknown,0,0,0,0,0,,,0,0,0,0,,0,0,,0,0,0,0,,,,0,6,6,0,0,0,0,,,,0,0,0,0,,,,,,8,1,1,,0,,0,,,,0
cg0350,cg0350,lcl_nc_006958_1_prot_wp_003856413_1_1986,lcl_nc_006958_1_prot_wp_003856413_1_1986,0,sampled_negative,unknown,0,0,0,0,0,,,0,0,0,0,,0,0,,0,0,0,0,,,,0,1,1,0,0,0,0,,,,0,0,0,0,,,,,,8,0,0,,0,,0,,,,0
cg0112,cg0112,cg0786,cg0786,0,sampled_negative,unknown,0,0,0,0,0,,,0,0,0,0,,0,0,,0,0,0,0,,,,0,6,6,0,0,0,0,,,,1,0,0,0,,,,,,8,0,0,,0,,0,,,,0
cg1084,cg1084,cgl0728,cgl0728,0,sampled_negative,unknown,0,0,0,0,0,,,0,0,0,0,,0,0,,0,0,0,0,,,,0,1,1,0,0,0,0,,,,0,0,0,0,,,,,,8,0,1,,0,,0,,,,0
cg0986,cg0986,cgl1799,cgl1799,0,sampled_negative,unknown,0,0,0,0,0,,,0,0,0,0,,0,0,,0,0,0,0,,,,0,1,1,0,0,0,0,,,,0,0,0,0,,,,,,8,0,0,,0,,0,,,,0
cg1410,cg1410,cg0452,cg0452,0,sampled_negative,unknown,0,0,0,0,0,,,0,0,0,0,,0,0,,0,0,0,0,,,,0,2,1,0,0,0,0,,,,2,0,0,0,,,,,,8,0,0,,0,,0,,,,0
cg1648,cg1648,ncgl0777,ncgl0777,0,sampled_negative,unknown,0,0,0,0,0,,,0,0,0,0,,0,0,,0,0,0,0,,,,0,0,0,0,0,0,0,,,,0,0,0,0,,,,,,8,0,0,,0,,0,,,,0
cg0862,cg0862,cgrfwd02496,cgrfwd02496,0,sampled_negative,unknown,0,0,0,0,0,,,0,0,0,0,,0,0,,0,0,0,0,,,,0,0,0,0,0,0,0,,,,0,0,0,0,,,,,,8,0,0,,0,,0,,,,0
cg1340,cg1340,cgl3034,cgl3034,0,sampled_negative,unknown,0,0,0,0,0,,,0,0,0,0,,0,0,,0,0,0,0,,,,0,18,6,0,0,0,0,,,,0,0,0,0,,,,,,8,0,0,,0,,0,,,,0
cg0313,cg0313,cgl0471,cgl0471,0,sampled_negative,unknown,0,0,0,0,0,,,0,0,0,0,,0,0,,0,0,0,0,,,,0,12,6,0,0,0,0,,,,0,0,0,0,,,,,,8,0,0,,0,,0,,,,0
cg3224,cg3224,cgl1935,cgl1935,0,sampled_negative,unknown,0,0,0,0,0,,,0,0,0,0,,0,0,,0,0,0,0,,,,0,6,6,0,0,0,0,,,,0,0,0,0,,,,,,8,0,1,,0,,0,,,,0
cg2516,cg2516,cg0422,cg0422,0,sampled_negative,unknown,0,0,0,0,0,,,0,0,0,0,,0,0,,0,0,0,0,,,,0,6,6,0,0,0,0,,,,0,0,0,0,,,,,,8,1,0,,0,,0,,,,0
cg1935,cg1935,cgl1068,cgl1068,0,sampled_negative,unknown,0,0,0,0,0,,,0,0,0,0,,0,0,,0,0,0,0,,,,0,9,7,0,0,0,0,,,,1,0,0,0,,,,,,8,0,1,,1,,0,,,,0
cg1410,cg1410,cgl2375,cgl2375,0,sampled_negative,unknown,0,0,0,0,0,,,0,0,0,0,,0,0,,0,0,0,0,,,,0,6,6,0,0,0,0,,,,2,0,0,0,,,,,,8,0,0,,0,,0,,,,0
cg3082,cg3082,cgl2223,cgl2223,0,sampled_negative,unknown,0,0,0,0,0,,,0,0,0,0,,0,0,,0,0,0,0,,,,0,5,1,0,0,0,0,,,,0,0,0,0,,,,,,8,0,1,,0,,0,,,,0
cg2737,cg2737,cg0763,cg0763,0,sampled_negative,unknown,0,0,0,0,0,,,0,0,0,0,,0,0,,0,0,0,0,,,,0,0,0,0,0,0,0,,,,0,0,0,0,,,,,,8,1,0,,0,,0,,,,0
cg1324,cg1324,cgl0213,cgl0213,0,sampled_negative,unknown,0,0,0,0,0,,,0,0,0,0,,0,0,,0,0,0,0,,,,0,6,6,0,0,0,0,,,,2,0,0,0,,,,,,8,0,0,,0,,0,,,,0
cg2942,cg2942,cg2010,cg2010,0,sampled_negative,unknown,0,0,0,0,0,,,0,0,0,0,,0,0,,0,0,0,0,,,,0,1,1,0,0,0,0,,,,0,0,0,0,,,,,,8,0,0,,0,,0,,,,0
cg1547,cg1547,cg0820,cg0820,0,sampled_negative,unknown,0,0,0,0,0,,,0,0,0,0,,0,0,,0,0,0,0,,,,0,12,7,0,0,0,0,,,,0,0,0,0,,,,,,8,0,0,,0,,0,,,,0
cg3388,cg3388,cg2797,cg2797,0,sampled_negative,unknown,0,0,0,0,0,,,0,0,0,0,,0,0,,0,0,0,0,,,,0,0,0,0,0,0,0,,,,0,0,0,0,,,,,,8,0,0,,0,,0,,,,0
cg0741,cg0741,cgl0931,cgl0931,0,sampled_negative,unknown,0,0,0,0,0,,,0,0,0,0,,0,0,,0,0,0,0,,,,0,1,1,0,0,0,0,,,,0,0,0,0,,,,,,8,0,1,,0,,0,,,,0
cg2544,cg2544,cgl0639,cgl0639,0,sampled_negative,unknown,0,0,0,0,0,,,0,0,0,0,,0,0,,0,0,0,0,,,,0,1,1,0,0,0,0,,,,0,0,0,0,,,,,,8,0,0,,0,,0,,,,0
cg2766,cg2766,cgl2507,cgl2507,0,sampled_negative,unknown,0,0,0,0,0,,,0,0,0,0,,0,0,,0,0,0,0,,,,0,1,1,0,0,0,0,,,,0,0,0,0,,,,,,8,0,0,,1,,0,,,,0
cg2109,cg2109,lcl_nc_006958_1_prot_wp_011013863_1_717,lcl_nc_006958_1_prot_wp_011013863_1_717,0,sampled_negative,unknown,0,0,0,0,0,,,0,0,0,0,,0,0,,0,0,0,0,,,,0,2,1,0,0,0,0,,,,0,0,0,0,,,,,,8,0,1,,0,,0,,,,0
gntr1,gntr1,lcl_nc_006958_1_prot_wp_011014362_1_1393,lcl_nc_006958_1_prot_wp_011014362_1_1393,0,sampled_negative,unknown,0,0,0,0,0,,,0,0,0,0,,0,0,,0,0,0,0,,,,0,23,1,0,0,0,0,,,,0,0,0,0,,,,,,8,0,0,,0,,0,,,,0
cg3082,cg3082,cgl3036,cgl3036,0,sampled_negative,unknown,0,0,0,0,0,,,0,0,0,0,,0,0,,0,0,0,0,,,,0,37,7,0,0,0,0,,,,0,0,0,0,,,,,,8,0,1,,0,,0,,,,0
cg0343,cg0343,lcl_nc_006958_1_prot_wp_011014816_1_1901,lcl_nc_006958_1_prot_wp_011014816_1_1901,0,sampled_negative,unknown,0,0,0,0,0,,,0,0,0,0,,0,0,,0,0,0,0,,,,0,3,1,0,0,0,0,,,,0,0,0,0,,,,,,8,0,0,,0,,0,,,,0
cg3388,cg3388,cg1891,cg1891,0,sampled_negative,unknown,0,0,0,0,0,,,0,0,0,0,,0,0,,0,0,0,0,,,,0,1,1,0,0,0,0,,,,0,0,0,0,,,,,,8,0,0,,0,,0,,,,0
cg0350,cg0350,cg3114,cg3114,0,sampled_negative,unknown,0,0,0,0,0,,,0,0,0,0,,0,0,,0,0,0,0,,,,0,6,6,0,0,0,0,,,,0,0,0,0,,,,,,8,1,0,,0,,0,,,,0
cg3224,cg3224,lcl_nc_006958_1_prot_wp_011013793_1_630,lcl_nc_006958_1_prot_wp_011013793_1_630,0,sampled_negative,unknown,0,0,0,0,0,,,0,0,0,0,,0,0,,0,0,0,0,,,,0,1,1,0,0,0,0,,,,0,0,0,0,,,,,,8,0,1,,0,,0,,,,0
cg0993,cg0993,ncgl0780,ncgl0780,0,sampled_negative,unknown,0,0,0,0,0,,,0,0,0,0,,0,0,,0,0,0,0,,,,0,0,0,0,0,0,0,,,,0,0,0,0,,,,,,8,0,2,,0,,0,,,,0
cg1340,cg1340,cgrrev07359,cgrrev07359,0,sampled_negative,unknown,0,0,0,0,0,,,0,0,0,0,,0,0,,0,0,0,0,,,,0,0,0,0,0,0,0,,,,0,0,0,0,,,,,,8,0,0,,0,,0,,,,0
cg2831,cg2831,cg3074,cg3074,0,sampled_negative,unknown,0,0,0,0,0,,,0,0,0,0,,0,0,,0,0,0,0,,,,0,12,7,0,0,0,0,,,,0,0,0,0,,,,,,8,0,2,,0,,0,,,,0
cg2831,cg2831,cgrrev06869,cgrrev06869,0,sampled_negative,unknown,0,0,0,0,0,,,0,0,0,0,,0,0,,0,0,0,0,,,,0,0,0,0,0,0,0,,,,0,0,0,0,,,,,,8,0,2,,0,,0,,,,0
cg1765,cg1765,cgl1254,cgl1254,0,sampled_negative,unknown,0,0,0,0,0,,,0,0,0,0,,0,0,,0,0,0,0,,,,0,6,6,0,0,0,0,,,,0,0,0,0,,,,,,8,0,1,,0,,0,,,,0
cg0800,cg0800,lcl_nc_006958_1_prot_wp_003862250_1_1543,lcl_nc_006958_1_prot_wp_003862250_1_1543,0,sampled_negative,unknown,0,0,0,0,0,,,0,0,0,0,,0,0,,0,0,0,0,,,,0,1,1,0,0,0,0,,,,0,0,0,0,,,,,,8,0,0,,0,,0,,,,0
cg0696,cg0696,cgrrev16889,cgrrev16889,0,sampled_negative,unknown,0,0,0,0,0,,,0,0,0,0,,0,0,,0,0,0,0,,,,0,0,0,0,0,0,0,,,,0,0,0,0,,,,,,8,0,1,,0,,0,,,,0
cg0696,cg0696,ncgl1304,ncgl1304,0,sampled_negative,unknown,0,0,0,0,0,,,0,0,0,0,,0,0,,0,0,0,0,,,,0,0,0,0,0,0,0,,,,0,0,0,0,,,,,,8,0,1,,0,,0,,,,0
cg2102,cg2102,cg1248,cg1248,0,sampled_negative,unknown,0,0,0,0,0,,,0,0,0,0,,0,0,,0,0,0,0,,,,0,1,1,0,0,0,0,,,,0,0,0,0,,,,,,8,1,0,,0,Group_2_sigma,0,,,,0
cg1831,cg1831,ncgl1512,ncgl1512,0,sampled_negative,unknown,0,0,0,0,0,,,0,0,0,0,,0,0,,0,0,0,0,,,,0,0,0,0,0,0,0,,,,0,0,0,0,,,,,,8,0,0,,0,,0,,,,0
cg2112,cg2112,lcl_nc_006958_1_prot_wp_011014867_1_1975,lcl_nc_006958_1_prot_wp_011014867_1_1975,0,sampled_negative,unknown,0,0,0,0,0,,,0,0,0,0,,0,0,,0,0,0,0,,,,0,1,1,0,0,0,0,,,,1,1,1,0,,,,,,8,0,1,,0,,0,,,,0
cg2831,cg2831,cg2120,cg2120,0,sampled_negative,unknown,0,0,0,0,0,,,0,0,0,0,,0,0,,0,0,0,0,,,,0,2,2,0,0,0,0,,,,0,0,0,0,,,,,,8,1,2,,0,,0,,,,0
gntr1,gntr1,cgr3069,cgr3069,0,sampled_negative,unknown,0,0,0,0,0,,,0,0,0,0,,0,0,,0,0,0,0,,,,0,0,0,0,0,0,0,,,,0,0,0,0,,,,,,8,0,0,,0,,0,,,,0
cg1340,cg1340,cgl1832,cgl1832,0,sampled_negative,unknown,0,0,0,0,0,,,0,0,0,0,,0,0,,0,0,0,0,,,,0,1,1,0,0,0,0,,,,0,0,0,0,,,,,,8,0,0,,0,,0,,,,0
cg2502,cg2502,cg0247,cg0247,0,sampled_negative,unknown,0,0,0,0,0,,,0,0,0,0,,0,0,,0,0,0,0,,,,0,0,0,0,0,0,0,,,,0,0,0,0,,,,,,8,0,0,,0,,0,,,,0
cg1032,cg1032,cg3114,cg3114,0,sampled_negative,unknown,0,0,0,0,0,,,0,0,0,0,,0,0,,0,0,0,0,,,,0,6,6,0,0,0,0,,,,0,0,0,0,,,,,,8,1,2,0.003975,0,,0,,,,0
cg2942,cg2942,cg2303,cg2303,0,sampled_negative,unknown,0,0,0,0,0,,,0,0,0,0,,0,0,,0,0,0,0,,,,0,6,6,0,0,0,0,,,,0,0,0,0,,,,,,8,0,0,,0,,0,,,,0
cg0215,cg0215,cgl1385,cgl1385,0,sampled_negative,unknown,0,0,0,0,0,,,0,0,0,0,,0,0,,0,0,0,0,,,,0,42,6,0,0,0,0,,,,0,0,0,0,,,,,,8,0,0,,0,,0,,,,0
cg0019,cg0019,cgl2445,cgl2445,0,sampled_negative,unknown,0,0,0,0,0,,,0,0,0,0,,0,0,,0,0,0,0,,,,0,3,1,0,0,0,0,,,,0,0,0,0,,,,,,8,0,0,,0,,0,,,,0
cg1211,cg1211,cgrfwd07384,cgrfwd07384,0,sampled_negative,unknown,0,0,0,0,0,,,0,0,0,0,,0,0,,0,0,0,0,,,,0,0,0,0,0,0,0,,,,0,0,0,0,,,,,,8,0,1,,0,,0,,,,0
cg2641,cg2641,cgl0804,cgl0804,0,sampled_negative,unknown,0,0,0,0,0,,,0,0,0,0,,0,0,,0,0,0,0,,,,0,1,1,0,0,0,0,,,,0,0,0,0,,,,,,8,0,1,,0,,0,,,,0
cg3202,cg3202,lcl_nc_006958_1_prot_wp_011015485_1_2782,lcl_nc_006958_1_prot_wp_011015485_1_2782,0,sampled_negative,unknown,0,0,0,0,0,,,0,0,0,0,,0,0,,0,0,0,0,,,,0,3,1,0,0,0,0,,,,0,0,0,0,,,,,,8,0,1,,0,,0,,,,0
cg2910,cg2910,cgl1667,cgl1667,0,sampled_negative,unknown,0,0,0,0,0,,,0,0,0,0,,0,0,,0,0,0,0,,,,0,2,1,0,0,0,0,,,,0,0,0,0,,,,,,8,0,0,,0,,0,,,,0
cg0215,cg0215,cgl1171,cgl1171,0,sampled_negative,unknown,0,0,0,0,0,,,0,0,0,0,,0,0,,0,0,0,0,,,,0,2,1,0,0,0,0,,,,0,0,0,0,,,,,,8,0,0,,0,,0,,,,0
cg3420,cg3420,cg1568,cg1568,0,sampled_negative,unknown,0,0,0,0,0,,,0,0,0,0,,0,0,,0,0,0,0,,,,0,43,7,0,0,0,0,,,,0,0,0,0,,,,,,8,0,0,,0,ECF_sigma,0,,,,0
cg3097,cg3097,cg2345,cg2345,0,sampled_negative,unknown,0,0,0,0,0,,,0,0,0,0,,0,0,,0,0,0,0,,,,0,1,1,0,0,0,0,,,,0,0,0,0,,,,,,8,0,1,,0,,0,,,,0
cg1817,cg1817,cgl0051,cgl0051,0,sampled_negative,unknown,0,0,0,0,0,,,0,0,0,0,,0,0,,0,0,0,0,,,,0,6,6,0,0,0,0,,,,6,1,5,0,,,,,,8,0,0,,0,,0,,,,0
cg1053,cg1053,cg2193,cg2193,0,sampled_negative,unknown,0,0,0,0,0,,,0,0,0,0,,0,0,,0,0,0,0,,,,0,3,1,0,0,0,0,,,,0,0,0,0,,,,,,8,0,0,,0,,0,,,,0
cg3082,cg3082,cg2901,cg2901,0,sampled_negative,unknown,0,0,0,0,0,,,0,0,0,0,,0,0,,0,0,0,0,,,,0,2,1,0,0,0,0,,,,0,0,0,0,,,,,,8,0,1,,0,,0,,,,0
cg2766,cg2766,cgl2086,cgl2086,0,sampled_negative,unknown,0,0,0,0,0,,,0,0,0,0,,0,0,,0,0,0,0,,,,0,1,1,0,0,0,0,,,,0,0,0,0,,,,,,8,0,0,,1,,0,,,,0
cg3239,cg3239,cg1187,cg1187,0,sampled_negative,unknown,0,0,0,0,0,,,0,0,0,0,,0,0,,0,0,0,0,,,,0,4,1,0,0,0,0,,,,0,0,0,0,,,,,,8,3,1,,0,,0,,,,0
cg3388,cg3388,cgl1126,cgl1126,0,sampled_negative,unknown,0,0,0,0,0,,,0,0,0,0,,0,0,,0,0,0,0,,,,0,1,1,0,0,0,0,,,,0,0,0,0,,,,,,8,0,0,,0,,0,,,,0
cg0112,cg0112,cgl1769,cgl1769,0,sampled_negative,unknown,0,0,0,0,0,,,0,0,0,0,,0,0,,0,0,0,0,,,,0,1,1,0,0,0,0,,,,1,0,0,0,,,,,,8,0,0,,0,,0,,,,0
cg0646,cg0646,cg2253,cg2253,0,sampled_negative,unknown,0,0,0,0,0,,,0,0,0,0,,0,0,,0,0,0,0,,,,0,9,1,0,0,0,0,,,,0,0,0,0,,,,,,8,0,1,,0,,0,,,,0
cg1120,cg1120,cgrfwd08753,cgrfwd08753,0,sampled_negative,unknown,0,0,0,0,0,,,0,0,0,0,,0,0,,0,0,0,0,,,,0,0,0,0,0,0,0,,,,1,0,0,0,,,,,,8,0,1,,0,,0,,,,0
cg1861,cg1861,cgl2619,cgl2619,0,sampled_negative,unknown,0,0,0,0,0,,,0,0,0,0,,0,0,,0,0,0,0,,,,0,3,1,0,0,0,0,,,,12,0,0,0,,,,,,8,0,0,,0,,0,,,,0
cg2200,cg2200,cg2751,cg2751,0,sampled_negative,unknown,0,0,0,0,0,,,0,0,0,0,,0,0,,0,0,0,0,,,,0,66,6,0,0,0,0,,,,0,0,0,0,,,,,,8,1,1,,0,,0,,,,0
cg0741,cg0741,cg1425,cg1425,0,sampled_negative,unknown,0,0,0,0,0,,,0,0,0,0,,0,0,,0,0,0,0,,,,0,0,0,0,0,0,0,,,,0,0,0,0,,,,,,8,0,1,,0,,0,,,,0
cg0897,cg0897,cgrrev01470,cgrrev01470,0,sampled_negative,unknown,0,0,0,0,0,,,0,0,0,0,,0,0,,0,0,0,0,,,,0,0,0,0,0,0,0,,,,0,0,0,0,,,,,,8,0,1,,0,,0,,,,0
cg1792,cg1792,cgl1832,cgl1832,0,sampled_negative,unknown,0,0,0,0,0,,,0,0,0,0,,0,0,,0,0,0,0,,,,0,1,1,0,0,0,0,,,,1,0,0,0,,,,,,8,0,0,,0,,0,,,,0
cg0156,cg0156,ncgl0736,ncgl0736,0,sampled_negative,unknown,0,0,0,0,0,,,0,0,0,0,,0,0,,0,0,0,0,,,,0,0,0,0,0,0,0,,,,1,0,0,0,,,,,,8,0,0,,0,,0,,,,0
cg1792,cg1792,lcl_nc_006958_1_prot_wp_003863776_1_1387,lcl_nc_006958_1_prot_wp_003863776_1_1387,0,sampled_negative,unknown,0,0,0,0,0,,,0,0,0,0,,0,0,,0,0,0,0,,,,0,3,1,0,0,0,0,,,,1,0,0,0,,,,,,8,0,0,,0,,0,,,,0
cg1324,cg1324,cg1411,cg1411,0,sampled_negative,unknown,0,0,0,0,0,,,0,0,0,0,,0,0,,0,0,0,0,,,,0,6,6,0,0,0,0,,,,2,1,1,0,,,,,,8,0,0,,0,,0,,,,0
cg2831,cg2831,cg1829,cg1829,0,sampled_negative,unknown,0,0,0,0,0,,,0,0,0,0,,0,0,,0,0,0,0,,,,0,6,6,0,0,0,0,,,,0,0,0,0,,,,,,8,0,2,,0,,0,,,,0
cg1704,cg1704,ncgl2776,ncgl2776,0,sampled_negative,unknown,0,0,0,0,0,,,0,0,0,0,,0,0,,0,0,0,0,,,,0,0,0,0,0,0,0,,,,0,0,0,0,,,,,,8,0,0,,0,,0,,,,0
cg0051,cg0051,cg2114,cg2114,0,sampled_negative,unknown,0,0,0,0,0,,,0,0,0,0,,0,0,,0,0,0,0,,,,0,0,0,0,0,0,0,,,,3,0,0,0,,,,,,8,0,0,,0,,0,,,,0
cg2109,cg2109,cg0689,cg0689,0,sampled_negative,unknown,0,0,0,0,0,,,0,0,0,0,,0,0,,0,0,0,0,,,,0,2,2,0,0,0,0,,,,0,0,0,0,,,,,,8,0,1,,0,,0,,,,0
cg0646,cg0646,ncgl2350,ncgl2350,0,sampled_negative,unknown,0,0,0,0,0,,,0,0,0,0,,0,0,,0,0,0,0,,,,0,0,0,0,0,0,0,,,,0,0,0,0,,,,,,8,0,1,,0,,0,,,,0
cg0500,cg0500,cgl0652,cgl0652,0,sampled_negative,unknown,0,0,0,0,0,,,0,0,0,0,,0,0,,0,0,0,0,,,,0,7,7,0,0,0,0,,,,0,0,0,0,,,,,,8,0,0,,0,,0,,,,0
cg3202,cg3202,cgrfwd18020,cgrfwd18020,0,sampled_negative,unknown,0,0,0,0,0,,,0,0,0,0,,0,0,,0,0,0,0,,,,0,0,0,0,0,0,0,,,,0,0,0,0,,,,,,8,0,1,,0,,0,,,,0
cg1032,cg1032,cgl0743,cgl0743,0,sampled_negative,unknown,0,0,0,0,0,,,0,0,0,0,,0,0,,0,0,0,0,,,,0,1,1,0,0,0,0,,,,0,0,0,0,,,,,,8,0,2,,0,,0,,,,0
cg2766,cg2766,cg0265,cg0265,0,sampled_negative,unknown,0,0,0,0,0,,,0,0,0,0,,0,0,,0,0,0,0,,,,0,1,1,0,0,0,0,,,,0,0,0,0,,,,,,8,0,0,,1,,0,,,,0
cg1738,cg1738,ncgl0435,ncgl0435,0,sampled_negative,unknown,0,0,0,0,0,,,0,0,0,0,,0,0,,0,0,0,0,,,,0,0,0,0,0,0,0,,,,0,0,0,0,,,,,,8,0,0,,0,,0,,,,0
cg0371,cg0371,cg0043,cg0043,0,sampled_negative,unknown,0,0,0,0,0,,,0,0,0,0,,0,0,,0,0,0,0,,,,0,6,6,0,0,0,0,,,,0,0,0,0,,,,,,8,1,0,,0,,0,,,,0
cg2109,cg2109,cgl0743,cgl0743,0,sampled_negative,unknown,0,0,0,0,0,,,0,0,0,0,,0,0,,0,0,0,0,,,,0,1,1,0,0,0,0,,,,0,0,0,0,,,,,,8,0,1,,0,,0,,,,0
cg3253,cg3253,lcl_nc_006958_1_prot_wp_011265897_1_2096,lcl_nc_006958_1_prot_wp_011265897_1_2096,0,sampled_negative,unknown,0,0,0,0,0,,,0,0,0,0,,0,0,,0,0,0,0,,,,0,2,2,0,0,0,0,,,,0,0,0,0,,,,,,8,0,1,,0,,0,,,,0
cg1340,cg1340,cgrfwd06025,cgrfwd06025,0,sampled_negative,unknown,0,0,0,0,0,,,0,0,0,0,,0,0,,0,0,0,0,,,,0,0,0,0,0,0,0,,,,0,0,0,0,,,,,,8,0,0,,0,,0,,,,0
cg0696,cg0696,lcl_nc_006958_1_prot_wp_011013661_1_441,lcl_nc_006958_1_prot_wp_011013661_1_441,0,sampled_negative,unknown,0,0,0,0,0,,,0,0,0,0,,0,0,,0,0,0,0,,,,0,1,1,0,0,0,0,,,,0,0,0,0,,,,,,8,0,1,,0,,0,,,,0
cg2309,cg2309,ncgl0455,ncgl0455,0,sampled_negative,unknown,0,0,0,0,0,,,0,0,0,0,,0,0,,0,0,0,0,,,,0,0,0,0,0,0,0,,,,0,0,0,0,,,,,,8,0,0,,0,,0,,,,0
cg2200,cg2200,lcl_nc_006958_1_prot_wp_011014964_1_2110,lcl_nc_006958_1_prot_wp_011014964_1_2110,0,sampled_negative,unknown,0,0,0,0,0,,,0,0,0,0,,0,0,,0,0,0,0,,,,0,1,1,0,0,0,0,,,,0,0,0,0,,,,,,8,0,1,,0,,0,,,,0
cg2737,cg2737,cg1701,cg1701,0,sampled_negative,unknown,0,0,0,0,0,,,0,0,0,0,,0,0,,0,0,0,0,,,,0,6,6,0,0,0,0,,,,0,0,0,0,,,,,,8,0,0,,0,,0,,,,0
cg2910,cg2910,cgrfwd16321,cgrfwd16321,0,sampled_negative,unknown,0,0,0,0,0,,,0,0,0,0,,0,0,,0,0,0,0,,,,0,0,0,0,0,0,0,,,,0,0,0,0,,,,,,8,0,0,,0,,0,,,,0
cg0313,cg0313,lcl_nc_006958_1_prot_wp_020948619_1_2188,lcl_nc_006958_1_prot_wp_020948619_1_2188,0,sampled_negative,unknown,0,0,0,0,0,,,0,0,0,0,,0,0,,0,0,0,0,,,,0,1,1,0,0,0,0,,,,0,0,0,0,,,,,,8,0,0,,0,,0,,,,0
cg2112,cg2112,cg1834,cg1834,0,sampled_negative,unknown,0,0,0,0,0,,,0,0,0,0,,0,0,,0,0,0,0,,,,0,2,1,0,0,0,0,,,,1,0,0,0,,,,,,8,1,1,,0,,0,,,,0
cg0741,cg0741,cg2828,cg2828,0,sampled_negative,unknown,0,0,0,0,0,,,0,0,0,0,,0,0,,0,0,0,0,,,,0,1,1,0,0,0,0,,,,0,0,0,0,,,,,,8,0,1,,0,,0,,,,0
cg1552,cg1552,lcl_nc_006958_1_prot_wp_011014410_1_1465,lcl_nc_006958_1_prot_wp_011014410_1_1465,0,sampled_negative,unknown,0,0,0,0,0,,,0,0,0,0,,0,0,,0,0,0,0,,,,0,3,2,0,0,0,0,,,,2,1,1,0,,,,,,8,0,0,,0,,0,,,,0
cg2502,cg2502,lcl_nc_006958_1_prot_wp_011013519_1_265,lcl_nc_006958_1_prot_wp_011013519_1_265,0,sampled_negative,unknown,0,0,0,0,0,,,0,0,0,0,,0,0,,0,0,0,0,,,,0,1,1,0,0,0,0,,,,0,0,0,0,,,,,,8,0,0,,0,,0,,,,0
cg1308,cg1308,lcl_nc_006958_1_prot_wp_011015486_1_2783,lcl_nc_006958_1_prot_wp_011015486_1_2783,0,sampled_negative,unknown,0,0,0,0,0,,,0,0,0,0,,0,0,,0,0,0,0,,,,0,2,1,0,0,0,0,,,,0,0,0,0,,,,,,8,0,0,,0,,0,,,,0
cg2118,cg2118,cg2910,cg2910,0,sampled_negative,unknown,0,0,0,0,0,,,0,0,0,0,,0,0,,0,0,0,0,,,,0,0,0,0,0,0,0,,,,0,0,0,0,,,,,,8,0,0,,0,,0,,,,0
cg0444,cg0444,cgl0876,cgl0876,0,sampled_negative,unknown,0,0,0,0,0,,,0,0,0,0,,0,0,,0,0,0,0,,,,0,11,6,0,0,0,0,,,,0,0,0,0,,,,,,8,0,1,,1,,0,,,,0
cg2118,cg2118,lcl_nc_006958_1_prot_wp_011015311_1_2563,lcl_nc_006958_1_prot_wp_011015311_1_2563,0,sampled_negative,unknown,0,0,0,0,0,,,0,0,0,0,,0,0,,0,0,0,0,,,,0,1,1,0,0,0,0,,,,0,0,0,0,,,,,,8,0,0,,0,,0,,,,0
cg0090,cg0090,cgl0158,cgl0158,0,sampled_negative,unknown,0,0,0,0,0,,,0,0,0,0,,0,0,,0,0,0,0,,,,0,6,6,0,0,0,0,,,,1,0,0,0,,,,,,8,0,0,,1,,0,,,,0
cg1486,cg1486,cgrfwd13719,cgrfwd13719,0,sampled_negative,unknown,0,0,0,0,0,,,0,0,0,0,,0,0,,0,0,0,0,,,,0,0,0,0,0,0,0,,,,0,0,0,0,,,,,,8,0,0,,0,,0,,,,0
cg2831,cg2831,lcl_nc_006958_1_prot_wp_011014493_1_1584,lcl_nc_006958_1_prot_wp_011014493_1_1584,0,sampled_negative,unknown,0,0,0,0,0,,,0,0,0,0,,0,0,,0,0,0,0,,,,0,1,1,0,0,0,0,,,,0,0,0,0,,,,,,8,0,2,,0,,0,,,,0
cg0156,cg0156,cg1421,cg1421,0,sampled_negative,unknown,0,0,0,0,0,,,0,0,0,0,,0,0,,0,0,0,0,,,,0,0,0,0,0,0,0,,,,1,0,0,0,,,,,,8,0,0,,0,,0,,,,0
cg0725,cg0725,lcl_nc_006958_1_prot_wp_011014131_1_1083,lcl_nc_006958_1_prot_wp_011014131_1_1083,0,sampled_negative,unknown,0,0,0,0,0,,,0,0,0,0,,0,0,,0,0,0,0,,,,0,3,1,0,0,0,0,,,,0,0,0,0,,,,,,8,0,1,,0,,0,,,,0
cg1308,cg1308,cg0281,cg0281,0,sampled_negative,unknown,0,0,0,0,0,,,0,0,0,0,,0,0,,0,0,0,0,,,,0,21,9,0,0,0,0,,,,0,0,0,0,,,,,,8,0,0,,0,,0,,,,0
cg3315,cg3315,cg1468,cg1468,0,sampled_negative,unknown,0,0,0,0,0,,,0,0,0,0,,0,0,,0,0,0,0,,,,0,1,1,0,0,0,0,,,,0,0,0,0,,,,,,8,0,0,,0,,0,,,,0
cg2268,cg2268,cg2476,cg2476,0,sampled_negative,unknown,0,0,0,0,0,,,0,0,0,0,,0,0,,0,0,0,0,,,,0,1,1,0,0,0,0,,,,2,0,0,0,,,,,,8,0,0,,0,,0,,,,0
cg2615,cg2615,lcl_nc_006958_1_prot_wp_011015000_1_2155,lcl_nc_006958_1_prot_wp_011015000_1_2155,0,sampled_negative,unknown,0,0,0,0,0,,,0,0,0,0,,0,0,,0,0,0,0,,,,0,1,1,0,0,0,0,,,,0,0,0,0,,,,,,8,0,1,,0,,0,,,,0
cg0709,cg0709,lcl_nc_006958_1_prot_wp_003856367_1_1960,lcl_nc_006958_1_prot_wp_003856367_1_1960,0,sampled_negative,unknown,0,0,0,0,0,,,0,0,0,0,,0,0,,0,0,0,0,,,,0,7,1,0,0,0,0,,,,0,0,0,0,,,,,,8,0,2,,0,,0,,,,0
cg2624,cg2624,cgtrna_3542,cgtrna_3542,0,sampled_negative,unknown,0,0,0,0,0,,,0,0,0,0,,0,0,,0,0,0,0,,,,0,1,1,0,0,0,0,,,,0,0,0,0,,,,,,8,0,0,,0,,0,,,,0
cg2103,cg2103,cg2500,cg2500,0,sampled_negative,unknown,0,0,0,0,0,,,0,0,0,0,,0,0,,0,0,0,0,,,,0,0,0,0,0,0,0,,,,0,0,0,0,,,,,,8,0,0,,0,,0,,,,0
cg1547,cg1547,cg3143,cg3143,0,sampled_negative,unknown,0,0,0,0,0,,,0,0,0,0,,0,0,,0,0,0,0,,,,0,0,0,0,0,0,0,,,,0,0,0,0,,,,,,8,0,0,,0,,0,,,,0
cg0463,cg0463,cgl1993,cgl1993,0,sampled_negative,unknown,0,0,0,0,0,,,0,0,0,0,,0,0,,0,0,0,0,,,,0,5,5,0,0,0,0,,,,0,0,0,0,,,,,,8,0,0,,0,,0,,,,0
cg2783,cg2783,cgl0072,cgl0072,0,sampled_negative,unknown,0,0,0,0,0,,,0,0,0,0,,0,0,,0,0,0,0,,,,0,6,6,0,0,0,0,,,,2,0,0,0,,,,,,8,0,0,,0,,0,,,,0
cg1765,cg1765,cgl0146,cgl0146,0,sampled_negative,unknown,0,0,0,0,0,,,0,0,0,0,,0,0,,0,0,0,0,,,,0,1,1,0,0,0,0,,,,0,0,0,0,,,,,,8,0,1,,0,,0,,,,0
cg0156,cg0156,cgrrev11070,cgrrev11070,0,sampled_negative,unknown,0,0,0,0,0,,,0,0,0,0,,0,0,,0,0,0,0,,,,0,0,0,0,0,0,0,,,,1,0,0,0,,,,,,8,0,0,,0,,0,,,,0
cg2965,cg2965,cgl1994,cgl1994,0,sampled_negative,unknown,0,0,0,0,0,,,0,0,0,0,,0,0,,0,0,0,0,,,,0,6,6,0,0,0,0,,,,0,0,0,0,,,,,,8,0,0,,0,,0,,,,0
cg1308,cg1308,cg0781,cg0781,0,sampled_negative,unknown,0,0,0,0,0,,,0,0,0,0,,0,0,,0,0,0,0,,,,0,0,0,0,0,0,0,,,,0,0,0,0,,,,,,8,0,0,,0,,0,,,,0
cg0215,cg0215,cg2402,cg2402,0,sampled_negative,unknown,0,0,0,0,0,,,0,0,0,0,,0,0,,0,0,0,0,,,,0,1,1,0,0,0,0,,,,0,0,0,0,,,,,,8,0,0,,0,,0,,,,0
cg2831,cg2831,cg1810,cg1810,0,sampled_negative,unknown,0,0,0,0,0,,,0,0,0,0,,0,0,,0,0,0,0,,,,0,22,6,0,0,0,0,,,,0,0,0,0,,,,,,8,1,2,,0,,0,,,,0
cg2500,cg2500,cgl2695,cgl2695,0,sampled_negative,unknown,0,0,0,0,0,,,0,0,0,0,,0,0,,0,0,0,0,,,,0,6,6,0,0,0,0,,,,0,0,0,0,,,,,,8,0,0,,0,,0,,,,0
cg1792,cg1792,lcl_nc_006958_1_prot_wp_011014854_1_1956,lcl_nc_006958_1_prot_wp_011014854_1_1956,0,sampled_negative,unknown,0,0,0,0,0,,,0,0,0,0,,0,0,,0,0,0,0,,,,0,1,1,0,0,0,0,,,,1,0,0,0,,,,,,8,0,0,,0,,0,,,,0
cg1935,cg1935,cg2026,cg2026,0,sampled_negative,unknown,0,0,0,0,0,,,0,0,0,0,,0,0,,0,0,0,0,,,,0,0,0,0,0,0,0,,,,1,0,0,0,,,,,,8,1,1,0.01225,1,,0,,,,0
cg2615,cg2615,cgl0471,cgl0471,0,sampled_negative,unknown,0,0,0,0,0,,,0,0,0,0,,0,0,,0,0,0,0,,,,0,12,6,0,0,0,0,,,,0,0,0,0,,,,,,8,0,1,,0,,0,,,,0
cg0444,cg0444,cg1870,cg1870,0,sampled_negative,unknown,0,0,0,0,0,,,0,0,0,0,,0,0,,0,0,0,0,,,,0,1,1,0,0,0,0,,,,0,0,0,0,,,,,,8,0,1,,1,,0,,,,0
cg1308,cg1308,cgrfwd12825,cgrfwd12825,0,sampled_negative,unknown,0,0,0,0,0,,,0,0,0,0,,0,0,,0,0,0,0,,,,0,0,0,0,0,0,0,,,,0,0,0,0,,,,,,8,0,0,,0,,0,,,,0
cg1324,cg1324,cgl0460,cgl0460,0,sampled_negative,unknown,0,0,0,0,0,,,0,0,0,0,,0,0,,0,0,0,0,,,,0,11,6,0,0,0,0,,,,2,0,0,0,,,,,,8,0,0,,0,,0,,,,0
cg1271,cg1271,cgl0885,cgl0885,0,sampled_negative,unknown,0,0,0,0,0,,,0,0,0,0,,0,0,,0,0,0,0,,,,0,2,2,0,0,0,0,,,,0,0,0,0,,,,,,8,0,0,,0,ECF_sigma,0,,,,0
cg3388,cg3388,cg3227,cg3227,0,sampled_negative,unknown,0,0,0,0,0,,,0,0,0,0,,0,0,,0,0,0,0,,,,0,12,6,0,0,0,0,,,,0,0,0,0,,,,,,8,1,0,,0,,0,,,,0
cg1704,cg1704,ncgl1692,ncgl1692,0,sampled_negative,unknown,0,0,0,0,0,,,0,0,0,0,,0,0,,0,0,0,0,,,,0,0,0,0,0,0,0,,,,0,0,0,0,,,,,,8,0,0,,0,,0,,,,0
cg0313,cg0313,cgl0550,cgl0550,0,sampled_negative,unknown,0,0,0,0,0,,,0,0,0,0,,0,0,,0,0,0,0,,,,0,1,1,0,0,0,0,,,,0,0,0,0,,,,,,8,0,0,,0,,0,,,,0
cg0196,cg0196,lcl_nc_006958_1_prot_wp_003859254_1_2273,lcl_nc_006958_1_prot_wp_003859254_1_2273,0,sampled_negative,unknown,0,0,0,0,0,,,0,0,0,0,,0,0,,0,0,0,0,,,,0,1,1,0,0,0,0,,,,0,0,0,0,,,,,,8,0,0,,0,,0,,,,0
cg1340,cg1340,cg2504,cg2504,0,sampled_negative,unknown,0,0,0,0,0,,,0,0,0,0,,0,0,,0,0,0,0,,,,0,0,0,0,0,0,0,,,,0,0,0,0,,,,,,8,0,0,,0,,0,,,,0
cg2115,cg2115,cgl1370,cgl1370,0,sampled_negative,unknown,0,0,0,0,0,,,0,0,0,0,,0,0,,0,0,0,0,,,,0,2,1,0,0,0,0,,,,0,0,0,0,,,,,,8,0,0,,0,,0,,,,0
cg0463,cg0463,lcl_nc_006958_1_prot_wp_003856628_1_2094,lcl_nc_006958_1_prot_wp_003856628_1_2094,0,sampled_negative,unknown,0,0,0,0,0,,,0,0,0,0,,0,0,,0,0,0,0,,,,0,2,1,0,0,0,0,,,,0,0,0,0,,,,,,8,0,0,,0,,0,,,,0
cg0709,cg0709,ncgl1952,ncgl1952,0,sampled_negative,unknown,0,0,0,0,0,,,0,0,0,0,,0,0,,0,0,0,0,,,,0,0,0,0,0,0,0,,,,0,0,0,0,,,,,,8,0,2,,0,,0,,,,0
cg0725,cg0725,cgrrev03718,cgrrev03718,0,sampled_negative,unknown,0,0,0,0,0,,,0,0,0,0,,0,0,,0,0,0,0,,,,0,0,0,0,0,0,0,,,,0,0,0,0,,,,,,8,0,1,,0,,0,,,,0
cg0444,cg0444,cg0246,cg0246,0,sampled_negative,unknown,0,0,0,0,0,,,0,0,0,0,,0,0,,0,0,0,0,,,,0,1,1,0,0,0,0,,,,0,0,0,0,,,,,,8,0,1,,1,,0,,,,0
cg2309,cg2309,cgrfwd16321,cgrfwd16321,0,sampled_negative,unknown,0,0,0,0,0,,,0,0,0,0,,0,0,,0,0,0,0,,,,0,0,0,0,0,0,0,,,,0,0,0,0,,,,,,8,0,0,,0,,0,,,,0
cg0876,cg0876,cg1514,cg1514,0,sampled_negative,unknown,0,0,0,0,0,,,0,0,0,0,,0,0,,0,0,0,0,,,,0,0,0,0,0,0,0,,,,2,0,0,0,,,,,,8,2,0,,0,ECF_sigma,0,,,,0
cg0156,cg0156,cg2896,cg2896,0,sampled_negative,unknown,0,0,0,0,0,,,0,0,0,0,,0,0,,0,0,0,0,,,,0,3,1,0,0,0,0,,,,1,1,1,0,,,,,,8,0,0,,0,,0,,,,0
cg2103,cg2103,cg2479,cg2479,0,sampled_negative,unknown,0,0,0,0,0,,,0,0,0,0,,0,0,,0,0,0,0,,,,0,1,1,0,0,0,0,,,,0,0,0,0,,,,,,8,0,0,,0,,0,,,,0
cg1648,cg1648,cg3336,cg3336,0,sampled_negative,unknown,0,0,0,0,0,,,0,0,0,0,,0,0,,0,0,0,0,,,,0,6,6,0,0,0,0,,,,0,0,0,0,,,,,,8,0,0,,0,,0,,,,0
cg0696,cg0696,cgl1044,cgl1044,0,sampled_negative,unknown,0,0,0,0,0,,,0,0,0,0,,0,0,,0,0,0,0,,,,0,4,1,0,0,0,0,,,,0,0,0,0,,,,,,8,0,1,,0,,0,,,,0
cg2615,cg2615,cg2361,cg2361,0,sampled_negative,unknown,0,0,0,0,0,,,0,0,0,0,,0,0,,0,0,0,0,,,,0,0,0,0,0,0,0,,,,0,0,0,0,,,,,,8,0,1,,0,,0,,,,0
cg1120,cg1120,ncgl1526,ncgl1526,0,sampled_negative,unknown,0,0,0,0,0,,,0,0,0,0,,0,0,,0,0,0,0,,,,0,0,0,0,0,0,0,,,,1,0,0,0,,,,,,8,0,1,,0,,0,,,,0
cg2516,cg2516,lcl_nc_006958_1_prot_wp_011015219_1_2448,lcl_nc_006958_1_prot_wp_011015219_1_2448,0,sampled_negative,unknown,0,0,0,0,0,,,0,0,0,0,,0,0,,0,0,0,0,,,,0,2,1,0,0,0,0,,,,0,0,0,0,,,,,,8,0,0,,0,,0,,,,0
cg1846,cg1846,cg3047,cg3047,0,sampled_negative,unknown,0,0,0,0,0,,,0,0,0,0,,0,0,,0,0,0,0,,,,0,11,6,0,0,0,0,,,,0,0,0,0,,,,,,8,0,0,,0,,0,,,,0
cg0371,cg0371,lcl_nc_006958_1_prot_wp_003859243_1_2278,lcl_nc_006958_1_prot_wp_003859243_1_2278,0,sampled_negative,unknown,0,0,0,0,0,,,0,0,0,0,,0,0,,0,0,0,0,,,,0,1,1,0,0,0,0,,,,0,0,0,0,,,,,,8,0,0,,0,,0,,,,0
cg0444,cg0444,cgl1116,cgl1116,0,sampled_negative,unknown,0,0,0,0,0,,,0,0,0,0,,0,0,,0,0,0,0,,,,0,6,6,0,0,0,0,,,,0,0,0,0,,,,,,8,0,1,,1,,0,,,,0
cg0444,cg0444,cg1083,cg1083,0,sampled_negative,unknown,0,0,0,0,0,,,0,0,0,0,,0,0,,0,0,0,0,,,,0,3,1,0,0,0,0,,,,0,0,0,0,,,,,,8,1,1,,1,,0,,,,0
cg2615,cg2615,cgl0427,cgl0427,0,sampled_negative,unknown,0,0,0,0,0,,,0,0,0,0,,0,0,,0,0,0,0,,,,0,6,6,0,0,0,0,,,,0,0,0,0,,,,,,8,0,1,,0,,0,,,,0
cg0695,cg0695,cgl2734,cgl2734,0,sampled_negative,unknown,0,0,0,0,0,,,0,0,0,0,,0,0,,0,0,0,0,,,,0,22,6,0,0,0,0,,,,0,0,0,0,,,,,,8,0,1,,0,,0,,,,0
cg0463,cg0463,cgl2068,cgl2068,0,sampled_negative,unknown,0,0,0,0,0,,,0,0,0,0,,0,0,,0,0,0,0,,,,0,2,1,0,0,0,0,,,,0,0,0,0,,,,,,8,0,0,,0,,0,,,,0
cg1324,cg1324,cgl2583,cgl2583,0,sampled_negative,unknown,0,0,0,0,0,,,0,0,0,0,,0,0,,0,0,0,0,,,,0,6,6,0,0,0,0,,,,2,0,0,0,,,,,,8,0,0,,0,,0,,,,0
cg0337,cg0337,cgl2466,cgl2466,0,sampled_negative,unknown,0,0,0,0,0,,,0,0,0,0,,0,0,,0,0,0,0,,,,0,2,1,0,0,0,0,,,,0,0,0,0,,,,,,8,0,0,,0,,0,,,,0
cg2936,cg2936,cgl1917,cgl1917,0,sampled_negative,unknown,0,0,0,0,0,,,0,0,0,0,,0,0,,0,0,0,0,,,,0,1,1,0,0,0,0,,,,2,0,0,0,,,,,,8,0,0,,0,,0,,,,0
cg0876,cg0876,cgl2739,cgl2739,0,sampled_negative,unknown,0,0,0,0,0,,,0,0,0,0,,0,0,,0,0,0,0,,,,0,5,5,0,0,0,0,,,,2,0,0,0,,,,,,8,0,0,,0,ECF_sigma,0,,,,0
cg0019,cg0019,cg2169,cg2169,0,sampled_negative,unknown,0,0,0,0,0,,,0,0,0,0,,0,0,,0,0,0,0,,,,0,19,7,0,0,0,0,,,,0,0,0,0,,,,,,8,0,0,,0,,0,,,,0
cg0019,cg0019,cgl1265,cgl1265,0,sampled_negative,unknown,0,0,0,0,0,,,0,0,0,0,,0,0,,0,0,0,0,,,,0,3,2,0,0,0,0,,,,0,0,0,0,,,,,,8,0,0,,0,,0,,,,0
cg3202,cg3202,ncgl0623,ncgl0623,0,sampled_negative,unknown,0,0,0,0,0,,,0,0,0,0,,0,0,,0,0,0,0,,,,0,0,0,0,0,0,0,,,,0,0,0,0,,,,,,8,0,1,,0,,0,,,,0
cg1218,cg1218,cgrrev00925,cgrrev00925,0,sampled_negative,unknown,0,0,0,0,0,,,0,0,0,0,,0,0,,0,0,0,0,,,,0,0,0,0,0,0,0,,,,2,0,0,0,,,,,,8,0,1,,0,,0,,,,0
cg0741,cg0741,cg2551,cg2551,0,sampled_negative,unknown,0,0,0,0,0,,,0,0,0,0,,0,0,,0,0,0,0,,,,0,5,5,0,0,0,0,,,,0,0,0,0,,,,,,8,0,1,,0,,0,,,,0
cg0019,cg0019,cg2747,cg2747,0,sampled_negative,unknown,0,0,0,0,0,,,0,0,0,0,,0,0,,0,0,0,0,,,,0,0,0,0,0,0,0,,,,0,0,0,0,,,,,,8,1,0,,0,,0,,,,0
cg2894,cg2894,cg3316,cg3316,0,sampled_negative,unknown,0,0,0,0,0,,,0,0,0,0,,0,0,,0,0,0,0,,,,0,0,0,0,0,0,0,,,,0,0,0,0,,,,,,8,1,1,,0,,0,,,,0
cg1084,cg1084,lcl_nc_006958_1_prot_wp_003855496_1_392,lcl_nc_006958_1_prot_wp_003855496_1_392,0,sampled_negative,unknown,0,0,0,0,0,,,0,0,0,0,,0,0,,0,0,0,0,,,,0,1,1,0,0,0,0,,,,0,0,0,0,,,,,,8,0,1,,0,,0,,,,0
cg0696,cg0696,cgl0552,cgl0552,0,sampled_negative,unknown,0,0,0,0,0,,,0,0,0,0,,0,0,,0,0,0,0,,,,0,1,1,0,0,0,0,,,,0,0,0,0,,,,,,8,0,1,,0,,0,,,,0
cg1308,cg1308,lcl_nc_006958_1_prot_wp_011014279_1_1272,lcl_nc_006958_1_prot_wp_011014279_1_1272,0,sampled_negative,unknown,0,0,0,0,0,,,0,0,0,0,,0,0,,0,0,0,0,,,,0,3,1,0,0,0,0,,,,0,0,0,0,,,,,,8,0,0,,0,,0,,,,0
cg0878,cg0878,cgl0072,cgl0072,0,sampled_negative,unknown,0,0,0,0,0,,,0,0,0,0,,0,0,,0,0,0,0,,,,0,6,6,0,0,0,0,,,,0,0,0,0,,,,,,8,0,0,,0,,0,,,,0
cg1738,cg1738,cg2911,cg2911,0,sampled_negative,unknown,0,0,0,0,0,,,0,0,0,0,,0,0,,0,0,0,0,,,,0,6,6,0,0,0,0,,,,0,0,0,0,,,,,,8,0,0,,0,,0,,,,0
cg2783,cg2783,cgl0380,cgl0380,0,sampled_negative,unknown,0,0,0,0,0,,,0,0,0,0,,0,0,,0,0,0,0,,,,0,3,1,0,0,0,0,,,,2,0,0,0,,,,,,8,0,0,,0,,0,,,,0
cg2115,cg2115,cgrfwd15127,cgrfwd15127,0,sampled_negative,unknown,0,0,0,0,0,,,0,0,0,0,,0,0,,0,0,0,0,,,,0,0,0,0,0,0,0,,,,0,0,0,0,,,,,,8,0,0,,0,,0,,,,0
cg3247,cg3247,cgl2759,cgl2759,0,sampled_negative,unknown,0,0,0,0,0,,,0,0,0,0,,0,0,,0,0,0,0,,,,0,11,6,0,0,0,0,,,,0,0,0,0,,,,,,8,0,0,,0,,0,,,,0
cg3224,cg3224,cg2874,cg2874,0,sampled_negative,unknown,0,0,0,0,0,,,0,0,0,0,,0,0,,0,0,0,0,,,,0,13,8,0,0,0,0,,,,0,0,0,0,,,,,,8,0,1,,0,,0,,,,0
cg1486,cg1486,lcl_nc_006958_1_prot_wp_011014873_1_1981,lcl_nc_006958_1_prot_wp_011014873_1_1981,0,sampled_negative,unknown,0,0,0,0,0,,,0,0,0,0,,0,0,,0,0,0,0,,,,0,1,1,0,0,0,0,,,,0,0,0,0,,,,,,8,0,0,,0,,0,,,,0
cg0444,cg0444,lcl_nc_006958_1_prot_wp_003855103_1_2863,lcl_nc_006958_1_prot_wp_003855103_1_2863,0,sampled_negative,unknown,0,0,0,0,0,,,0,0,0,0,,0,0,,0,0,0,0,,,,0,2,1,0,0,0,0,,,,0,0,0,0,,,,,,8,0,1,,1,,0,,,,0
cg2502,cg2502,cg1493,cg1493,0,sampled_negative,unknown,0,0,0,0,0,,,0,0,0,0,,0,0,,0,0,0,0,,,,0,11,6,0,0,0,0,,,,0,0,0,0,,,,,,8,0,0,,0,,0,,,,0
cg2500,cg2500,cgl0536,cgl0536,0,sampled_negative,unknown,0,0,0,0,0,,,0,0,0,0,,0,0,,0,0,0,0,,,,0,6,6,0,0,0,0,,,,0,0,0,0,,,,,,8,0,0,,0,,0,,,,0
cg0215,cg0215,lcl_nc_006958_1_prot_wp_003856814_1_978,lcl_nc_006958_1_prot_wp_003856814_1_978,0,sampled_negative,unknown,0,0,0,0,0,,,0,0,0,0,,0,0,,0,0,0,0,,,,0,1,1,0,0,0,0,,,,0,0,0,0,,,,,,8,0,0,,0,,0,,,,0
cg0979,cg0979,lcl_nc_006958_1_prot_wp_011013969_1_886,lcl_nc_006958_1_prot_wp_011013969_1_886,0,sampled_negative,unknown,0,0,0,0,0,,,0,0,0,0,,0,0,,0,0,0,0,,,,0,4,1,0,0,0,0,,,,0,0,0,0,,,,,,8,0,1,,0,,0,,,,0
cg1120,cg1120,cgl3083,cgl3083,0,sampled_negative,unknown,0,0,0,0,0,,,0,0,0,0,,0,0,,0,0,0,0,,,,0,2,1,0,0,0,0,,,,1,0,0,0,,,,,,8,0,1,,0,,0,,,,0
cg0979,cg0979,cgl2740,cgl2740,0,sampled_negative,unknown,0,0,0,0,0,,,0,0,0,0,,0,0,,0,0,0,0,,,,0,1,1,0,0,0,0,,,,0,0,0,0,,,,,,8,0,1,,0,,0,,,,0
cg0156,cg0156,cgl1312,cgl1312,0,sampled_negative,unknown,0,0,0,0,0,,,0,0,0,0,,0,0,,0,0,0,0,,,,0,4,2,0,0,0,0,,,,1,1,1,0,,,,,,8,0,0,,0,,0,,,,0
cg3315,cg3315,lcl_nc_006958_1_prot_wp_011013404_1_119,lcl_nc_006958_1_prot_wp_011013404_1_119,0,sampled_negative,unknown,0,0,0,0,0,,,0,0,0,0,,0,0,,0,0,0,0,,,,0,1,1,0,0,0,0,,,,0,0,0,0,,,,,,8,0,0,,0,,0,,,,0
cg0709,cg0709,cg1699,cg1699,0,sampled_negative,unknown,0,0,0,0,0,,,0,0,0,0,,0,0,,0,0,0,0,,,,0,6,6,0,0,0,0,,,,0,0,0,0,,,,,,8,0,2,,0,,0,,,,0
cg1765,cg1765,cg3550,cg3550,0,sampled_negative,unknown,0,0,0,0,0,,,0,0,0,0,,0,0,,0,0,0,0,,,,0,1,1,0,0,0,0,,,,0,0,0,0,,,,,,8,0,1,,0,,0,,,,0
cg3097,cg3097,cgl0143,cgl0143,0,sampled_negative,unknown,0,0,0,0,0,,,0,0,0,0,,0,0,,0,0,0,0,,,,0,23,7,0,0,0,0,,,,0,0,0,0,,,,,,8,0,1,,0,,0,,,,0
cg1324,cg1324,cg1432,cg1432,0,sampled_negative,unknown,0,0,0,0,0,,,0,0,0,0,,0,0,,0,0,0,0,,,,0,13,7,0,0,0,0,,,,2,0,0,0,,,,,,8,0,0,,0,,0,,,,0
cg2627,cg2627,cg2345,cg2345,0,sampled_negative,unknown,0,0,0,0,0,,,0,0,0,0,,0,0,,0,0,0,0,,,,0,1,1,0,0,0,0,,,,1,0,0,0,,,,,,8,0,0,,0,,0,,,,0
cg0897,cg0897,cg1422,cg1422,0,sampled_negative,unknown,0,0,0,0,0,,,0,0,0,0,,0,0,,0,0,0,0,,,,0,6,1,0,0,0,0,,,,0,0,0,0,,,,,,8,0,1,,0,,0,,,,0
cg1486,cg1486,lcl_nc_006958_1_prot_wp_011015403_1_2686,lcl_nc_006958_1_prot_wp_011015403_1_2686,0,sampled_negative,unknown,0,0,0,0,0,,,0,0,0,0,,0,0,,0,0,0,0,,,,0,3,1,0,0,0,0,,,,0,0,0,0,,,,,,8,0,0,,0,,0,,,,0
cg0646,cg0646,cg1817,cg1817,0,sampled_negative,unknown,0,0,0,0,0,,,0,0,0,0,,0,0,,0,0,0,0,,,,0,6,6,0,0,0,0,,,,0,0,0,0,,,,,,8,0,1,,0,,0,,,,0
cg2641,cg2641,cg1347,cg1347,0,sampled_negative,unknown,0,0,0,0,0,,,0,0,0,0,,0,0,,0,0,0,0,,,,0,1,1,0,0,0,0,,,,0,0,0,0,,,,,,8,0,1,,0,,0,,,,0
cg0146,cg0146,cg1405,cg1405,0,sampled_negative,unknown,0,0,0,0,0,,,0,0,0,0,,0,0,,0,0,0,0,,,,0,0,0,0,0,0,0,,,,0,0,0,0,,,,,,8,0,0,,1,,0,,,,0
cg2092,cg2092,cg0631,cg0631,0,sampled_negative,unknown,0,0,0,0,0,,,0,0,0,0,,0,0,,0,0,0,0,,,,0,1,1,0,0,0,0,,,,0,0,0,0,,,,,,8,1,1,,0,,0,,,,0
cg0196,cg0196,cg1896,cg1896,0,sampled_negative,unknown,0,0,0,0,0,,,0,0,0,0,,0,0,,0,0,0,0,,,,0,5,1,0,0,0,0,,,,0,0,0,0,,,,,,8,1,0,,0,,0,,,,0
cg3247,cg3247,lcl_nc_006958_1_prot_wp_011013379_1_88,lcl_nc_006958_1_prot_wp_011013379_1_88,0,sampled_negative,unknown,0,0,0,0,0,,,0,0,0,0,,0,0,,0,0,0,0,,,,0,1,1,0,0,0,0,,,,0,0,0,0,,,,,,8,0,0,,0,,0,,,,0
cg1704,cg1704,lcl_nc_006958_1_prot_wp_011015486_1_2783,lcl_nc_006958_1_prot_wp_011015486_1_2783,0,sampled_negative,unknown,0,0,0,0,0,,,0,0,0,0,,0,0,,0,0,0,0,,,,0,2,1,0,0,0,0,,,,0,0,0,0,,,,,,8,0,0,,0,,0,,,,0
cg2936,cg2936,cg0308,cg0308,0,sampled_negative,unknown,0,0,0,0,0,,,0,0,0,0,,0,0,,0,0,0,0,,,,0,1,1,0,0,0,0,,,,2,1,1,0,,,,,,8,0,0,,0,,0,,,,0
cg0702,cg0702,cgtrna_3587,cgtrna_3587,0,sampled_negative,unknown,0,0,0,0,0,,,0,0,0,0,,0,0,,0,0,0,0,,,,0,6,6,0,0,0,0,,,,6,0,0,0,,,,,,8,0,0,,0,,0,,,,0
cg2152,cg2152,cgl2206,cgl2206,0,sampled_negative,unknown,0,0,0,0,0,,,0,0,0,0,,0,0,,0,0,0,0,,,,0,1,1,0,0,0,0,,,,0,0,0,0,,,,,,8,0,0,,0,,0,,,,0
cg0337,cg0337,cg1478,cg1478,0,sampled_negative,unknown,0,0,0,0,0,,,0,0,0,0,,0,0,,0,0,0,0,,,,0,2,1,0,0,0,0,,,,0,0,0,0,,,,,,8,1,0,,0,,0,,,,0
cg2910,cg2910,cgl0073,cgl0073,0,sampled_negative,unknown,0,0,0,0,0,,,0,0,0,0,,0,0,,0,0,0,0,,,,0,1,1,0,0,0,0,,,,0,0,0,0,,,,,,8,0,0,,0,,0,,,,0
cg0313,cg0313,cgl0711,cgl0711,0,sampled_negative,unknown,0,0,0,0,0,,,0,0,0,0,,0,0,,0,0,0,0,,,,0,6,6,0,0,0,0,,,,0,0,0,0,,,,,,8,0,0,,0,,0,,,,0
cg1704,cg1704,lcl_nc_006958_1_prot_wp_011013564_1_319,lcl_nc_006958_1_prot_wp_011013564_1_319,0,sampled_negative,unknown,0,0,0,0,0,,,0,0,0,0,,0,0,,0,0,0,0,,,,0,2,1,0,0,0,0,,,,0,0,0,0,,,,,,8,0,0,,0,,0,,,,0
cg1410,cg1410,ncgl0907,ncgl0907,0,sampled_negative,unknown,0,0,0,0,0,,,0,0,0,0,,0,0,,0,0,0,0,,,,0,0,0,0,0,0,0,,,,2,0,0,0,,,,,,8,0,0,,0,,0,,,,0
cg1120,cg1120,cgl3062,cgl3062,0,sampled_negative,unknown,0,0,0,0,0,,,0,0,0,0,,0,0,,0,0,0,0,,,,0,11,6,0,0,0,0,,,,1,0,0,0,,,,,,8,0,1,,0,,0,,,,0
cg0090,cg0090,lcl_nc_006958_1_prot_wp_011015092_1_2284,lcl_nc_006958_1_prot_wp_011015092_1_2284,0,sampled_negative,unknown,0,0,0,0,0,,,0,0,0,0,,0,0,,0,0,0,0,,,,0,1,1,0,0,0,0,,,,1,0,0,0,,,,,,8,0,0,,1,,0,,,,0
cg3352,cg3352,ncgl1742,ncgl1742,0,sampled_negative,unknown,0,0,0,0,0,,,0,0,0,0,,0,0,,0,0,0,0,,,,0,0,0,0,0,0,0,,,,0,0,0,0,,,,,,8,0,0,,0,,0,,,,0
cg2888,cg2888,lcl_nc_006958_1_prot_wp_003861135_1_73,lcl_nc_006958_1_prot_wp_003861135_1_73,0,sampled_negative,unknown,0,0,0,0,0,,,0,0,0,0,,0,0,,0,0,0,0,,,,0,3,1,0,0,0,0,,,,0,0,0,0,,,,,,8,0,0,,0,,0,,,,0
cg1120,cg1120,cgl0393,cgl0393,0,sampled_negative,unknown,0,0,0,0,0,,,0,0,0,0,,0,0,,0,0,0,0,,,,0,1,1,0,0,0,0,,,,1,0,0,0,,,,,,8,0,1,,0,,0,,,,0
cg2766,cg2766,cgrfwd12889,cgrfwd12889,0,sampled_negative,unknown,0,0,0,0,0,,,0,0,0,0,,0,0,,0,0,0,0,,,,0,0,0,0,0,0,0,,,,0,0,0,0,,,,,,8,0,0,,1,,0,,,,0
cg0527,cg0527,lcl_nc_006958_1_prot_wp_042383473_1_2879,lcl_nc_006958_1_prot_wp_042383473_1_2879,0,sampled_negative,unknown,0,0,0,0,0,,,0,0,0,0,,0,0,,0,0,0,0,,,,0,7,2,0,0,0,0,,,,15,0,0,0,,,,,,8,0,1,,0,,0,,,,0
cg0156,cg0156,wp_011013924_1,wp_011013924_1,0,sampled_negative,unknown,0,0,0,0,0,,,0,0,0,0,,0,0,,0,0,0,0,,,,0,1,1,0,0,0,0,,,,1,1,1,0,,,,,,8,0,0,,0,,0,,,,0
cg0695,cg0695,ncgl2026,ncgl2026,0,sampled_negative,unknown,0,0,0,0,0,,,0,0,0,0,,0,0,,0,0,0,0,,,,0,0,0,0,0,0,0,,,,0,0,0,0,,,,,,8,0,1,,0,,0,,,,0
cg1817,cg1817,cgrrev06869,cgrrev06869,0,sampled_negative,unknown,0,0,0,0,0,,,0,0,0,0,,0,0,,0,0,0,0,,,,0,0,0,0,0,0,0,,,,6,0,0,0,,,,,,8,0,0,,0,,0,,,,0
cg2910,cg2910,cg3178,cg3178,0,sampled_negative,unknown,0,0,0,0,0,,,0,0,0,0,,0,0,,0,0,0,0,,,,0,0,0,0,0,0,0,,,,0,0,0,0,,,,,,8,0,0,,0,,0,,,,0
cg2309,cg2309,cgrrev03103,cgrrev03103,0,sampled_negative,unknown,0,0,0,0,0,,,0,0,0,0,,0,0,,0,0,0,0,,,,0,0,0,0,0,0,0,,,,0,0,0,0,,,,,,8,0,0,,0,,0,,,,0
cg3373,cg3373,cg0717,cg0717,0,sampled_negative,unknown,0,0,0,0,0,,,0,0,0,0,,0,0,,0,0,0,0,,,,0,2,1,0,0,0,0,,,,0,0,0,0,,,,,,8,2,0,,0,,0,,,,0
cg1552,cg1552,cgl0480,cgl0480,0,sampled_negative,unknown,0,0,0,0,0,,,0,0,0,0,,0,0,,0,0,0,0,,,,0,7,7,0,0,0,0,,,,2,1,1,0,,,,,,8,0,0,,0,,0,,,,0
cg0317,cg0317,cgl2337,cgl2337,0,sampled_negative,unknown,0,0,0,0,0,,,0,0,0,0,,0,0,,0,0,0,0,,,,0,1,1,0,0,0,0,,,,2,1,1,0,,,,,,8,0,0,,0,,0,,,,0
cg2544,cg2544,lcl_nc_006958_1_prot_wp_011014250_1_1238,lcl_nc_006958_1_prot_wp_011014250_1_1238,0,sampled_negative,unknown,0,0,0,0,0,,,0,0,0,0,,0,0,,0,0,0,0,,,,0,1,1,0,0,0,0,,,,0,0,0,0,,,,,,8,0,0,,0,,0,,,,0
cg1211,cg1211,cgrfwd01564,cgrfwd01564,0,sampled_negative,unknown,0,0,0,0,0,,,0,0,0,0,,0,0,,0,0,0,0,,,,0,0,0,0,0,0,0,,,,0,0,0,0,,,,,,8,0,1,,0,,0,,,,0
cg2152,cg2152,ncgl1450,ncgl1450,0,sampled_negative,unknown,0,0,0,0,0,,,0,0,0,0,,0,0,,0,0,0,0,,,,0,0,0,0,0,0,0,,,,0,0,0,0,,,,,,8,0,0,,0,,0,,,,0
cg3285,cg3285,lcl_nc_006958_1_prot_wp_011013348_1_51,lcl_nc_006958_1_prot_wp_011013348_1_51,0,sampled_negative,unknown,0,0,0,0,0,,,0,0,0,0,,0,0,,0,0,0,0,,,,0,3,2,0,0,0,0,,,,0,0,0,0,,,,,,8,0,1,,0,,0,,,,0
cg0309,cg0309,cgl1323,cgl1323,0,sampled_negative,unknown,0,0,0,0,0,,,0,0,0,0,,0,0,,0,0,0,0,,,,0,6,6,0,0,0,0,,,,0,0,0,0,,,,,,8,0,0,,0,,0,,,,0
cg0876,cg0876,cgl1540,cgl1540,0,sampled_negative,unknown,0,0,0,0,0,,,0,0,0,0,,0,0,,0,0,0,0,,,,0,22,6,0,0,0,0,,,,2,0,0,0,,,,,,8,0,0,,0,ECF_sigma,0,,,,0
cg2965,cg2965,cg2148,cg2148,0,sampled_negative,unknown,0,0,0,0,0,,,0,0,0,0,,0,0,,0,0,0,0,,,,0,0,0,0,0,0,0,,,,0,0,0,0,,,,,,8,0,0,,0,,0,,,,0
cg1084,cg1084,cgrfwd09997,cgrfwd09997,0,sampled_negative,unknown,0,0,0,0,0,,,0,0,0,0,,0,0,,0,0,0,0,,,,0,0,0,0,0,0,0,,,,0,0,0,0,,,,,,8,0,1,,0,,0,,,,0
cg0019,cg0019,cg0235,cg0235,0,sampled_negative,unknown,0,0,0,0,0,,,0,0,0,0,,0,0,,0,0,0,0,,,,0,0,0,0,0,0,0,,,,0,0,0,0,,,,,,8,0,0,,0,,0,,,,0
cg1486,cg1486,cg2304,cg2304,0,sampled_negative,unknown,0,0,0,0,0,,,0,0,0,0,,0,0,,0,0,0,0,,,,0,28,7,0,0,0,0,,,,0,0,0,0,,,,,,8,0,0,,0,,0,,,,0
cg0313,cg0313,cg1355,cg1355,0,sampled_negative,unknown,0,0,0,0,0,,,0,0,0,0,,0,0,,0,0,0,0,,,,0,1,1,0,0,0,0,,,,0,0,0,0,,,,,,8,0,0,,0,,0,,,,0
cg0993,cg0993,cg0766,cg0766,0,sampled_negative,unknown,0,0,0,0,0,,,0,0,0,0,,0,0,,0,0,0,0,,,,0,6,6,0,0,0,0,,,,0,0,0,0,,,,,,8,0,2,,0,,0,,,,0
cg1120,cg1120,cg2590,cg2590,0,sampled_negative,unknown,0,0,0,0,0,,,0,0,0,0,,0,0,,0,0,0,0,,,,0,23,6,0,0,0,0,,,,1,0,0,0,,,,,,8,0,1,,0,,0,,,,0
cg0463,cg0463,cg2626,cg2626,0,sampled_negative,unknown,0,0,0,0,0,,,0,0,0,0,,0,0,,0,0,0,0,,,,0,0,0,0,0,0,0,,,,0,0,0,0,,,,,,8,0,0,,0,,0,,,,0
cg0696,cg0696,cgrfwd17326,cgrfwd17326,0,sampled_negative,unknown,0,0,0,0,0,,,0,0,0,0,,0,0,,0,0,0,0,,,,0,0,0,0,0,0,0,,,,0,0,0,0,,,,,,8,0,1,,0,,0,,,,0
cg1271,cg1271,cgtrna_3554,cgtrna_3554,0,sampled_negative,unknown,0,0,0,0,0,,,0,0,0,0,,0,0,,0,0,0,0,,,,0,1,1,0,0,0,0,,,,0,0,0,0,,,,,,8,0,0,,0,ECF_sigma,0,,,,0
cg0862,cg0862,cgl0100,cgl0100,0,sampled_negative,unknown,0,0,0,0,0,,,0,0,0,0,,0,0,,0,0,0,0,,,,0,6,6,0,0,0,0,,,,0,0,0,0,,,,,,8,0,0,,0,,0,,,,0
cg0876,cg0876,lcl_nc_006958_1_prot_wp_011013686_1_471,lcl_nc_006958_1_prot_wp_011013686_1_471,0,sampled_negative,unknown,0,0,0,0,0,,,0,0,0,0,,0,0,,0,0,0,0,,,,0,1,1,0,0,0,0,,,,2,0,0,0,,,,,,8,0,0,,0,ECF_sigma,0,,,,0
cg2103,cg2103,cg0007,cg0007,0,sampled_negative,unknown,0,0,0,0,0,,,0,0,0,0,,0,0,,0,0,0,0,,,,0,0,0,0,0,0,0,,,,0,0,0,0,,,,,,8,0,0,,0,,0,,,,0
cg3388,cg3388,cg1769,cg1769,0,sampled_negative,unknown,0,0,0,0,0,,,0,0,0,0,,0,0,,0,0,0,0,,,,0,0,0,0,0,0,0,,,,0,0,0,0,,,,,,8,0,0,,0,,0,,,,0
cg3097,cg3097,cg0259,cg0259,0,sampled_negative,unknown,0,0,0,0,0,,,0,0,0,0,,0,0,,0,0,0,0,,,,0,6,6,0,0,0,0,,,,0,0,0,0,,,,,,8,0,1,,0,,0,,,,0
cg2894,cg2894,cgrrev16029,cgrrev16029,0,sampled_negative,unknown,0,0,0,0,0,,,0,0,0,0,,0,0,,0,0,0,0,,,,0,0,0,0,0,0,0,,,,0,0,0,0,,,,,,8,0,1,,0,,0,,,,0
cg0709,cg0709,cgl1078,cgl1078,0,sampled_negative,unknown,0,0,0,0,0,,,0,0,0,0,,0,0,,0,0,0,0,,,,0,5,5,0,0,0,0,,,,0,0,0,0,,,,,,8,0,2,,0,,0,,,,0
cg1084,cg1084,ncgl1922,ncgl1922,0,sampled_negative,unknown,0,0,0,0,0,,,0,0,0,0,,0,0,,0,0,0,0,,,,0,0,0,0,0,0,0,,,,0,0,0,0,,,,,,8,0,1,,0,,0,,,,0
cg2888,cg2888,cgl2162,cgl2162,0,sampled_negative,unknown,0,0,0,0,0,,,0,0,0,0,,0,0,,0,0,0,0,,,,0,6,6,0,0,0,0,,,,0,0,0,0,,,,,,8,0,0,,0,,0,,,,0
cg3315,cg3315,cgl1997,cgl1997,0,sampled_negative,unknown,0,0,0,0,0,,,0,0,0,0,,0,0,,0,0,0,0,,,,0,1,1,0,0,0,0,,,,0,0,0,0,,,,,,8,0,0,,0,,0,,,,0
cg0051,cg0051,cg2642,cg2642,0,sampled_negative,unknown,0,0,0,0,0,,,0,0,0,0,,0,0,,0,0,0,0,,,,0,0,0,0,0,0,0,,,,3,0,0,0,,,,,,8,0,0,,0,,0,,,,0
cg1765,cg1765,cg0801,cg0801,0,sampled_negative,unknown,0,0,0,0,0,,,0,0,0,0,,0,0,,0,0,0,0,,,,0,5,1,0,0,0,0,,,,0,0,0,0,,,,,,8,0,1,,0,,0,,,,0
cg0876,cg0876,cg0849,cg0849,0,sampled_negative,unknown,0,0,0,0,0,,,0,0,0,0,,0,0,,0,0,0,0,,,,0,13,8,0,0,0,0,,,,2,0,0,0,,,,,,8,0,0,,0,ECF_sigma,0,,,,0
cg0309,cg0309,cg1567,cg1567,0,sampled_negative,unknown,0,0,0,0,0,,,0,0,0,0,,0,0,,0,0,0,0,,,,0,1,1,0,0,0,0,,,,0,0,0,0,,,,,,8,0,0,,0,,0,,,,0
cg1547,cg1547,cgl1754,cgl1754,0,sampled_negative,unknown,0,0,0,0,0,,,0,0,0,0,,0,0,,0,0,0,0,,,,0,1,1,0,0,0,0,,,,0,0,0,0,,,,,,8,0,0,,0,,0,,,,0
cg0090,cg0090,cg2841,cg2841,0,sampled_negative,unknown,0,0,0,0,0,,,0,0,0,0,,0,0,,0,0,0,0,,,,0,6,6,0,0,0,0,,,,1,0,0,0,,,,,,8,2,0,,1,,0,,,,0
cg1218,cg1218,cgl1505,cgl1505,0,sampled_negative,unknown,0,0,0,0,0,,,0,0,0,0,,0,0,,0,0,0,0,,,,0,6,6,0,0,0,0,,,,2,0,0,0,,,,,,8,0,1,,0,,0,,,,0
cg1765,cg1765,cgl2132,cgl2132,0,sampled_negative,unknown,0,0,0,0,0,,,0,0,0,0,,0,0,,0,0,0,0,,,,0,4,1,0,0,0,0,,,,0,0,0,0,,,,,,8,0,1,,0,,0,,,,0
cg3202,cg3202,cg1608,cg1608,0,sampled_negative,unknown,0,0,0,0,0,,,0,0,0,0,,0,0,,0,0,0,0,,,,0,6,6,0,0,0,0,,,,0,0,0,0,,,,,,8,0,1,,0,,0,,,,0
cg1120,cg1120,lcl_nc_006958_1_prot_wp_011015011_1_2169,lcl_nc_006958_1_prot_wp_011015011_1_2169,0,sampled_negative,unknown,0,0,0,0,0,,,0,0,0,0,,0,0,,0,0,0,0,,,,0,2,1,0,0,0,0,,,,1,1,1,0,,,,,,8,0,1,,0,,0,,,,0
cg3373,cg3373,cg2275,cg2275,0,sampled_negative,unknown,0,0,0,0,0,,,0,0,0,0,,0,0,,0,0,0,0,,,,0,3,1,0,0,0,0,,,,0,0,0,0,,,,,,8,0,0,,0,,0,,,,0
cg3388,cg3388,cgrrev08747,cgrrev08747,0,sampled_negative,unknown,0,0,0,0,0,,,0,0,0,0,,0,0,,0,0,0,0,,,,0,0,0,0,0,0,0,,,,0,0,0,0,,,,,,8,0,0,,0,,0,,,,0
cg0500,cg0500,cgl1585,cgl1585,0,sampled_negative,unknown,0,0,0,0,0,,,0,0,0,0,,0,0,,0,0,0,0,,,,0,6,6,0,0,0,0,,,,0,0,0,0,,,,,,8,0,0,,0,,0,,,,0
cg2102,cg2102,cg0699,cg0699,0,sampled_negative,unknown,0,0,0,0,0,,,0,0,0,0,,0,0,,0,0,0,0,,,,0,6,6,0,0,0,0,,,,0,0,0,0,,,,,,8,1,0,,0,Group_2_sigma,0,,,,0
cg2500,cg2500,cg1550,cg1550,0,sampled_negative,unknown,0,0,0,0,0,,,0,0,0,0,,0,0,,0,0,0,0,,,,0,1,1,0,0,0,0,,,,0,0,0,0,,,,,,8,0,0,,0,,0,,,,0
cg1211,cg1211,lcl_nc_006958_1_prot_wp_003857183_1_135,lcl_nc_006958_1_prot_wp_003857183_1_135,0,sampled_negative,unknown,0,0,0,0,0,,,0,0,0,0,,0,0,,0,0,0,0,,,,0,1,1,0,0,0,0,,,,0,0,0,0,,,,,,8,0,1,,0,,0,,,,0
cg2544,cg2544,lcl_nc_006958_1_prot_wp_011265914_1_2139,lcl_nc_006958_1_prot_wp_011265914_1_2139,0,sampled_negative,unknown,0,0,0,0,0,,,0,0,0,0,,0,0,,0,0,0,0,,,,0,3,1,0,0,0,0,,,,0,0,0,0,,,,,,8,0,0,,0,,0,,,,0
gntr1,gntr1,lcl_nc_006958_1_prot_wp_011014478_1_1565,lcl_nc_006958_1_prot_wp_011014478_1_1565,0,sampled_negative,unknown,0,0,0,0,0,,,0,0,0,0,,0,0,,0,0,0,0,,,,0,1,1,0,0,0,0,,,,0,0,0,0,,,,,,8,0,0,,0,,0,,,,0
cg0862,cg0862,ncgl1710,ncgl1710,0,sampled_negative,unknown,0,0,0,0,0,,,0,0,0,0,,0,0,,0,0,0,0,,,,0,0,0,0,0,0,0,,,,0,0,0,0,,,,,,8,0,0,,0,,0,,,,0
cg0725,cg0725,ncgl0377,ncgl0377,0,sampled_negative,unknown,0,0,0,0,0,,,0,0,0,0,,0,0,,0,0,0,0,,,,0,0,0,0,0,0,0,,,,0,0,0,0,,,,,,8,0,1,,0,,0,,,,0
cg2615,cg2615,cgl2523,cgl2523,0,sampled_negative,unknown,0,0,0,0,0,,,0,0,0,0,,0,0,,0,0,0,0,,,,0,19,7,0,0,0,0,,,,0,0,0,0,,,,,,8,0,1,,0,,0,,,,0
cg2624,cg2624,ncgl0055,ncgl0055,0,sampled_negative,unknown,0,0,0,0,0,,,0,0,0,0,,0,0,,0,0,0,0,,,,0,0,0,0,0,0,0,,,,0,0,0,0,,,,,,8,0,0,,0,,0,,,,0
cg2894,cg2894,cg2543,cg2543,0,sampled_negative,unknown,0,0,0,0,0,,,0,0,0,0,,0,0,,0,0,0,0,,,,0,6,6,0,0,0,0,,,,0,0,0,0,,,,,,8,0,1,,0,,0,,,,0
cg2502,cg2502,ncgl1614,ncgl1614,0,sampled_negative,unknown,0,0,0,0,0,,,0,0,0,0,,0,0,,0,0,0,0,,,,0,0,0,0,0,0,0,,,,0,0,0,0,,,,,,8,0,0,,0,,0,,,,0
cg0090,cg0090,cg1314,cg1314,0,sampled_negative,unknown,0,0,0,0,0,,,0,0,0,0,,0,0,,0,0,0,0,,,,0,6,6,0,0,0,0,,,,1,0,0,0,,,,,,8,0,0,,1,,0,,,,0
cg2910,cg2910,ncgl2769,ncgl2769,0,sampled_negative,unknown,0,0,0,0,0,,,0,0,0,0,,0,0,,0,0,0,0,,,,0,0,0,0,0,0,0,,,,0,0,0,0,,,,,,8,0,0,,0,,0,,,,0
cg3239,cg3239,lcl_nc_006958_1_prot_wp_003863055_1_2505,lcl_nc_006958_1_prot_wp_003863055_1_2505,0,sampled_negative,unknown,0,0,0,0,0,,,0,0,0,0,,0,0,,0,0,0,0,,,,0,2,1,0,0,0,0,,,,0,0,0,0,,,,,,8,0,1,,0,,0,,,,0
cg2783,cg2783,cgl2101,cgl2101,0,sampled_negative,unknown,0,0,0,0,0,,,0,0,0,0,,0,0,,0,0,0,0,,,,0,28,7,0,0,0,0,,,,2,0,0,0,,,,,,8,0,0,,0,,0,,,,0
cg1486,cg1486,cg3748,cg3748,0,sampled_negative,unknown,0,0,0,0,0,,,0,0,0,0,,0,0,,0,0,0,0,,,,0,1,1,0,0,0,0,,,,0,0,0,0,,,,,,8,0,0,,0,,0,,,,0
cg1211,cg1211,cgl1237,cgl1237,0,sampled_negative,unknown,0,0,0,0,0,,,0,0,0,0,,0,0,,0,0,0,0,,,,0,5,5,0,0,0,0,,,,0,0,0,0,,,,,,8,0,1,,0,,0,,,,0
cg0500,cg0500,cg0777,cg0777,0,sampled_negative,unknown,0,0,0,0,0,,,0,0,0,0,,0,0,,0,0,0,0,,,,0,2,2,0,0,0,0,,,,0,0,0,0,,,,,,8,0,0,,0,,0,,,,0
cg3388,cg3388,cgl0390,cgl0390,0,sampled_negative,unknown,0,0,0,0,0,,,0,0,0,0,,0,0,,0,0,0,0,,,,0,6,6,0,0,0,0,,,,0,0,0,0,,,,,,8,0,0,,0,,0,,,,0
cg1648,cg1648,cgl0953,cgl0953,0,sampled_negative,unknown,0,0,0,0,0,,,0,0,0,0,,0,0,,0,0,0,0,,,,0,1,1,0,0,0,0,,,,0,0,0,0,,,,,,8,0,0,,0,,0,,,,0
cg1817,cg1817,cg3218,cg3218,0,sampled_negative,unknown,0,0,0,0,0,,,0,0,0,0,,0,0,,0,0,0,0,,,,0,6,6,0,0,0,0,,,,6,1,5,0,,,,,,8,0,0,,0,,0,,,,0
cg1547,cg1547,lcl_nc_006958_1_prot_wp_011013724_1_532,lcl_nc_006958_1_prot_wp_011013724_1_532,0,sampled_negative,unknown,0,0,0,0,0,,,0,0,0,0,,0,0,,0,0,0,0,,,,0,1,1,0,0,0,0,,,,0,0,0,0,,,,,,8,0,0,,0,,0,,,,0
cg0350,cg0350,cg0808,cg0808,0,sampled_negative,unknown,0,0,0,0,0,,,0,0,0,0,,0,0,,0,0,0,0,,,,0,1,1,0,0,0,0,,,,0,0,0,0,,,,,,8,0,0,,0,,0,,,,0
cg2965,cg2965,cgtrna_3546,cgtrna_3546,0,sampled_negative,unknown,0,0,0,0,0,,,0,0,0,0,,0,0,,0,0,0,0,,,,0,1,1,0,0,0,0,,,,0,0,0,0,,,,,,8,0,0,,0,,0,,,,0
cg0709,cg0709,lcl_nc_006958_1_prot_wp_011013698_1_486,lcl_nc_006958_1_prot_wp_011013698_1_486,0,sampled_negative,unknown,0,0,0,0,0,,,0,0,0,0,,0,0,,0,0,0,0,,,,0,2,1,0,0,0,0,,,,0,0,0,0,,,,,,8,0,2,,0,,0,,,,0
cg0500,cg0500,cg2856,cg2856,0,sampled_negative,unknown,0,0,0,0,0,,,0,0,0,0,,0,0,,0,0,0,0,,,,0,6,6,0,0,0,0,,,,0,0,0,0,,,,,,8,0,0,,0,,0,,,,0
cg3420,cg3420,cgl1587,cgl1587,0,sampled_negative,unknown,0,0,0,0,0,,,0,0,0,0,,0,0,,0,0,0,0,,,,0,11,6,0,0,0,0,,,,0,0,0,0,,,,,,8,0,0,,0,ECF_sigma,0,,,,0
gntr1,gntr1,cg0109,cg0109,0,sampled_negative,unknown,0,0,0,0,0,,,0,0,0,0,,0,0,,0,0,0,0,,,,0,6,6,0,0,0,0,,,,0,0,0,0,,,,,,8,0,0,,0,,0,,,,0
cg0051,cg0051,lcl_nc_006958_1_prot_wp_003856756_1_947,lcl_nc_006958_1_prot_wp_003856756_1_947,0,sampled_negative,unknown,0,0,0,0,0,,,0,0,0,0,,0,0,,0,0,0,0,,,,0,1,1,0,0,0,0,,,,3,0,0,0,,,,,,8,0,0,,0,,0,,,,0
cg2615,cg2615,cg1575,cg1575,0,sampled_negative,unknown,0,0,0,0,0,,,0,0,0,0,,0,0,,0,0,0,0,,,,0,6,6,0,0,0,0,,,,0,0,0,0,,,,,,8,0,1,,0,,0,,,,0
cg0337,cg0337,lcl_nc_006958_1_prot_wp_011014094_1_1034,lcl_nc_006958_1_prot_wp_011014094_1_1034,0,sampled_negative,unknown,0,0,0,0,0,,,0,0,0,0,,0,0,,0,0,0,0,,,,0,6,1,0,0,0,0,,,,0,0,0,0,,,,,,8,0,0,,0,,0,,,,0
cg0986,cg0986,cgl0603,cgl0603,0,sampled_negative,unknown,0,0,0,0,0,,,0,0,0,0,,0,0,,0,0,0,0,,,,0,6,6,0,0,0,0,,,,0,0,0,0,,,,,,8,0,0,,0,,0,,,,0
cg1552,cg1552,cg2474,cg2474,0,sampled_negative,unknown,0,0,0,0,0,,,0,0,0,0,,0,0,,0,0,0,0,,,,0,3,1,0,0,0,0,,,,2,0,0,0,,,,,,8,1,0,,0,,0,,,,0
cg2910,cg2910,lcl_nc_006958_1_prot_wp_011014097_1_1037,lcl_nc_006958_1_prot_wp_011014097_1_1037,0,sampled_negative,unknown,0,0,0,0,0,,,0,0,0,0,,0,0,,0,0,0,0,,,,0,1,1,0,0,0,0,,,,0,0,0,0,,,,,,8,0,0,,0,,0,,,,0
cg1846,cg1846,cg0120,cg0120,0,sampled_negative,unknown,0,0,0,0,0,,,0,0,0,0,,0,0,,0,0,0,0,,,,0,0,0,0,0,0,0,,,,0,0,0,0,,,,,,8,1,0,,0,,0,,,,0
cg2831,cg2831,cg2083,cg2083,0,sampled_negative,unknown,0,0,0,0,0,,,0,0,0,0,,0,0,,0,0,0,0,,,,0,7,7,0,0,0,0,,,,0,0,0,0,,,,,,8,0,2,,0,,0,,,,0
cg3315,cg3315,cg0705,cg0705,0,sampled_negative,unknown,0,0,0,0,0,,,0,0,0,0,,0,0,,0,0,0,0,,,,0,7,1,0,0,0,0,,,,0,0,0,0,,,,,,8,0,0,,0,,0,,,,0
cg1817,cg1817,cg2106,cg2106,0,sampled_negative,unknown,0,0,0,0,0,,,0,0,0,0,,0,0,,0,0,0,0,,,,0,0,0,0,0,0,0,,,,6,0,0,0,,,,,,8,0,0,,0,,0,,,,0
cg2894,cg2894,cgl0206,cgl0206,0,sampled_negative,unknown,0,0,0,0,0,,,0,0,0,0,,0,0,,0,0,0,0,,,,0,2,1,0,0,0,0,,,,0,0,0,0,,,,,,8,0,1,,0,,0,,,,0
cg2942,cg2942,cg2487,cg2487,0,sampled_negative,unknown,0,0,0,0,0,,,0,0,0,0,,0,0,,0,0,0,0,,,,0,0,0,0,0,0,0,,,,0,0,0,0,,,,,,8,0,0,,0,,0,,,,0
cg0156,cg0156,cgl1661,cgl1661,0,sampled_negative,unknown,0,0,0,0,0,,,0,0,0,0,,0,0,,0,0,0,0,,,,0,1,1,0,0,0,0,,,,1,0,0,0,,,,,,8,0,0,,0,,0,,,,0
cg2544,cg2544,cgl0638,cgl0638,0,sampled_negative,unknown,0,0,0,0,0,,,0,0,0,0,,0,0,,0,0,0,0,,,,0,4,1,0,0,0,0,,,,0,0,0,0,,,,,,8,0,0,,0,,0,,,,0
cg0343,cg0343,cgl0295,cgl0295,0,sampled_negative,unknown,0,0,0,0,0,,,0,0,0,0,,0,0,,0,0,0,0,,,,0,12,7,0,0,0,0,,,,0,0,0,0,,,,,,8,0,0,,0,,0,,,,0
cg0196,cg0196,lcl_nc_006958_1_prot_2936,lcl_nc_006958_1_prot_2936,0,sampled_negative,unknown,0,0,0,0,0,,,0,0,0,0,,0,0,,0,0,0,0,,,,0,2,1,0,0,0,0,,,,0,0,0,0,,,,,,8,0,0,,0,,0,,,,0
cg0646,cg0646,cgtrna_3566,cgtrna_3566,0,sampled_negative,unknown,0,0,0,0,0,,,0,0,0,0,,0,0,,0,0,0,0,,,,0,6,6,0,0,0,0,,,,0,0,0,0,,,,,,8,0,1,,0,,0,,,,0
cg2641,cg2641,lcl_nc_006958_1_prot_wp_003859257_1_2272,lcl_nc_006958_1_prot_wp_003859257_1_2272,0,sampled_negative,unknown,0,0,0,0,0,,,0,0,0,0,,0,0,,0,0,0,0,,,,0,1,1,0,0,0,0,,,,0,0,0,0,,,,,,8,0,1,,0,,0,,,,0
cg0725,cg0725,cg2545,cg2545,0,sampled_negative,unknown,0,0,0,0,0,,,0,0,0,0,,0,0,,0,0,0,0,,,,0,11,1,0,0,0,0,,,,0,0,0,0,,,,,,8,0,1,,0,,0,,,,0
cg2500,cg2500,cgl1990,cgl1990,0,sampled_negative,unknown,0,0,0,0,0,,,0,0,0,0,,0,0,,0,0,0,0,,,,0,4,1,0,0,0,0,,,,0,0,0,0,,,,,,8,0,0,,0,,0,,,,0
cg1340,cg1340,lcl_nc_006958_1_prot_wp_011015206_1_2431,lcl_nc_006958_1_prot_wp_011015206_1_2431,0,sampled_negative,unknown,0,0,0,0,0,,,0,0,0,0,,0,0,,0,0,0,0,,,,0,5,1,0,0,0,0,,,,0,0,0,0,,,,,,8,0,0,,0,,0,,,,0
cg2102,cg2102,cgl2233,cgl2233,0,sampled_negative,unknown,0,0,0,0,0,,,0,0,0,0,,0,0,,0,0,0,0,,,,0,8,7,0,0,0,0,,,,0,0,0,0,,,,,,8,0,0,,0,Group_2_sigma,0,,,,0
cg1861,cg1861,cg1776,cg1776,0,sampled_negative,unknown,0,0,0,0,0,,,0,0,0,0,,0,0,,0,0,0,0,,,,0,22,6,0,0,0,0,,,,12,1,5,0,,,,,,8,0,0,,0,,0,,,,0
cg2737,cg2737,cg3349,cg3349,0,sampled_negative,unknown,0,0,0,0,0,,,0,0,0,0,,0,0,,0,0,0,0,,,,0,0,0,0,0,0,0,,,,0,0,0,0,,,,,,8,1,0,,0,,0,,,,0
cg1547,cg1547,cg0180,cg0180,0,sampled_negative,unknown,0,0,0,0,0,,,0,0,0,0,,0,0,,0,0,0,0,,,,0,23,7,0,0,0,0,,,,0,0,0,0,,,,,,8,0,0,,0,,0,,,,0
cg2115,cg2115,cg0524,cg0524,0,sampled_negative,unknown,0,0,0,0,0,,,0,0,0,0,,0,0,,0,0,0,0,,,,0,0,0,0,0,0,0,,,,0,0,0,0,,,,,,8,0,0,,0,,0,,,,0
cg0090,cg0090,cg0096,cg0096,0,sampled_negative,unknown,0,0,0,0,0,,,0,0,0,0,,0,0,,0,0,0,0,,,,0,1,1,0,0,0,0,,,,1,1,1,0,,,,,,8,0,0,,1,,0,,,,0
cg0500,cg0500,cg2936,cg2936,0,sampled_negative,unknown,0,0,0,0,0,,,0,0,0,0,,0,0,,0,0,0,0,,,,0,2,1,0,0,0,0,,,,0,0,0,0,,,,,,8,0,0,,0,,0,,,,0
cg1340,cg1340,cg0764,cg0764,0,sampled_negative,unknown,0,0,0,0,0,,,0,0,0,0,,0,0,,0,0,0,0,,,,0,1,1,0,0,0,0,,,,0,0,0,0,,,,,,8,1,0,,0,,0,,,,0
cg1792,cg1792,cg2705,cg2705,0,sampled_negative,unknown,0,0,0,0,0,,,0,0,0,0,,0,0,,0,0,0,0,,,,0,6,6,0,0,0,0,,,,1,0,0,0,,,,,,8,0,0,,0,,0,,,,0
cg0051,cg0051,wp_011013606_1,wp_011013606_1,0,sampled_negative,unknown,0,0,0,0,0,,,0,0,0,0,,0,0,,0,0,0,0,,,,0,1,1,0,0,0,0,,,,3,0,0,0,,,,,,8,0,0,,0,,0,,,,0
cg0454,cg0454,cgl1594,cgl1594,0,sampled_negative,unknown,0,0,0,0,0,,,0,0,0,0,,0,0,,0,0,0,0,,,,0,7,7,0,0,0,0,,,,1,0,0,0,,,,,,8,0,0,,0,,0,,,,0
cg0463,cg0463,cg2684,cg2684,0,sampled_negative,unknown,0,0,0,0,0,,,0,0,0,0,,0,0,,0,0,0,0,,,,0,0,0,0,0,0,0,,,,0,0,0,0,,,,,,8,2,0,,0,,0,,,,0
cg0979,cg0979,cgl2192,cgl2192,0,sampled_negative,unknown,0,0,0,0,0,,,0,0,0,0,,0,0,,0,0,0,0,,,,0,18,6,0,0,0,0,,,,0,0,0,0,,,,,,8,0,1,,0,,0,,,,0
cg2936,cg2936,cgrfwd02496,cgrfwd02496,0,sampled_negative,unknown,0,0,0,0,0,,,0,0,0,0,,0,0,,0,0,0,0,,,,0,0,0,0,0,0,0,,,,2,0,0,0,,,,,,8,0,0,,0,,0,,,,0
cg3247,cg3247,lcl_nc_006958_1_prot_wp_011014097_1_1037,lcl_nc_006958_1_prot_wp_011014097_1_1037,0,sampled_negative,unknown,0,0,0,0,0,,,0,0,0,0,,0,0,,0,0,0,0,,,,0,1,1,0,0,0,0,,,,0,0,0,0,,,,,,8,0,0,,0,,0,,,,0
cg2888,cg2888,cg2714,cg2714,0,sampled_negative,unknown,0,0,0,0,0,,,0,0,0,0,,0,0,,0,0,0,0,,,,0,1,1,0,0,0,0,,,,0,0,0,0,,,,,,8,2,0,,0,,0,,,,0
cg0012,cg0012,cgl0076,cgl0076,0,sampled_negative,unknown,0,0,0,0,0,,,0,0,0,0,,0,0,,0,0,0,0,,,,0,6,6,0,0,0,0,,,,0,0,0,0,,,,,,8,0,1,,0,Group_1_sigma,0,,,,0
cg2112,cg2112,cgrrev09788,cgrrev09788,0,sampled_negative,unknown,0,0,0,0,0,,,0,0,0,0,,0,0,,0,0,0,0,,,,0,0,0,0,0,0,0,,,,1,0,0,0,,,,,,8,0,1,,0,,0,,,,0
cg1704,cg1704,cgrfwd15126,cgrfwd15126,0,sampled_negative,unknown,0,0,0,0,0,,,0,0,0,0,,0,0,,0,0,0,0,,,,0,0,0,0,0,0,0,,,,0,0,0,0,,,,,,8,0,0,,0,,0,,,,0
cg0156,cg0156,cg1997,cg1997,0,sampled_negative,unknown,0,0,0,0,0,,,0,0,0,0,,0,0,,0,0,0,0,,,,0,0,0,0,0,0,0,,,,1,0,0,0,,,,,,8,1,0,,0,,0,,,,0
cg1324,cg1324,lcl_nc_006958_1_prot_wp_011015320_1_2575,lcl_nc_006958_1_prot_wp_011015320_1_2575,0,sampled_negative,unknown,0,0,0,0,0,,,0,0,0,0,,0,0,,0,0,0,0,,,,0,1,1,0,0,0,0,,,,2,1,1,0,,,,,,8,0,0,,0,,0,,,,0
cg0800,cg0800,cgl0917,cgl0917,0,sampled_negative,unknown,0,0,0,0,0,,,0,0,0,0,,0,0,,0,0,0,0,,,,0,1,1,0,0,0,0,,,,0,0,0,0,,,,,,8,0,0,,0,,0,,,,0
cg0343,cg0343,cg0100,cg0100,0,sampled_negative,unknown,0,0,0,0,0,,,0,0,0,0,,0,0,,0,0,0,0,,,,0,3,1,0,0,0,0,,,,0,0,0,0,,,,,,8,0,0,,0,,0,,,,0
cg1486,cg1486,cg0391,cg0391,0,sampled_negative,unknown,0,0,0,0,0,,,0,0,0,0,,0,0,,0,0,0,0,,,,0,6,6,0,0,0,0,,,,0,0,0,0,,,,,,8,0,0,,0,,0,,,,0
cg1308,cg1308,cg1640,cg1640,0,sampled_negative,unknown,0,0,0,0,0,,,0,0,0,0,,0,0,,0,0,0,0,,,,0,0,0,0,0,0,0,,,,0,0,0,0,,,,,,8,0,0,,0,,0,,,,0
cg3420,cg3420,cg2800,cg2800,0,sampled_negative,unknown,0,0,0,0,0,,,0,0,0,0,,0,0,,0,0,0,0,,,,0,11,6,0,0,0,0,,,,0,0,0,0,,,,,,8,0,0,,0,ECF_sigma,0,,,,0
cg0146,cg0146,lcl_nc_006958_1_prot_wp_003863112_1_2474,lcl_nc_006958_1_prot_wp_003863112_1_2474,0,sampled_negative,unknown,0,0,0,0,0,,,0,0,0,0,,0,0,,0,0,0,0,,,,0,3,1,0,0,0,0,,,,0,0,0,0,,,,,,8,0,0,,1,,0,,,,0
cg0725,cg0725,cg1553,cg1553,0,sampled_negative,unknown,0,0,0,0,0,,,0,0,0,0,,0,0,,0,0,0,0,,,,0,1,1,0,0,0,0,,,,0,0,0,0,,,,,,8,0,1,,0,,0,,,,0
cg2115,cg2115,cg2302,cg2302,0,sampled_negative,unknown,0,0,0,0,0,,,0,0,0,0,,0,0,,0,0,0,0,,,,0,1,1,0,0,0,0,,,,0,0,0,0,,,,,,8,0,0,,0,,0,,,,0
cg1585,cg1585,cgl0532,cgl0532,0,sampled_negative,unknown,0,0,0,0,0,,,0,0,0,0,,0,0,,0,0,0,0,,,,0,1,1,0,0,0,0,,,,0,0,0,0,,,,,,8,0,1,,0,,0,,,,0
cg2309,cg2309,ncgl0947,ncgl0947,0,sampled_negative,unknown,0,0,0,0,0,,,0,0,0,0,,0,0,,0,0,0,0,,,,0,0,0,0,0,0,0,,,,0,0,0,0,,,,,,8,0,0,,0,,0,,,,0
cg2627,cg2627,cgl2694,cgl2694,0,sampled_negative,unknown,0,0,0,0,0,,,0,0,0,0,,0,0,,0,0,0,0,,,,0,6,6,0,0,0,0,,,,1,0,0,0,,,,,,8,0,0,,0,,0,,,,0
cg2766,cg2766,cg3375,cg3375,0,sampled_negative,unknown,0,0,0,0,0,,,0,0,0,0,,0,0,,0,0,0,0,,,,0,0,0,0,0,0,0,,,,0,0,0,0,,,,,,8,0,0,,1,,0,,,,0
cg1032,cg1032,cg3004,cg3004,0,sampled_negative,unknown,0,0,0,0,0,,,0,0,0,0,,0,0,,0,0,0,0,,,,0,6,6,0,0,0,0,,,,0,0,0,0,,,,,,8,0,2,,0,,0,,,,0
cg1425,cg1425,lcl_nc_006958_1_prot_wp_011015425_1_2711,lcl_nc_006958_1_prot_wp_011015425_1_2711,0,sampled_negative,unknown,0,0,0,0,0,,,0,0,0,0,,0,0,,0,0,0,0,,,,0,2,1,0,0,0,0,,,,0,0,0,0,,,,,,8,0,0,,0,,0,,,,0
cg0979,cg0979,cg0559,cg0559,0,sampled_negative,unknown,0,0,0,0,0,,,0,0,0,0,,0,0,,0,0,0,0,,,,0,6,6,0,0,0,0,,,,0,0,0,0,,,,,,8,0,1,,0,,0,,,,0
cg0986,cg0986,lcl_nc_006958_1_prot_wp_011013800_1_641,lcl_nc_006958_1_prot_wp_011013800_1_641,0,sampled_negative,unknown,0,0,0,0,0,,,0,0,0,0,,0,0,,0,0,0,0,,,,0,1,1,0,0,0,0,,,,0,0,0,0,,,,,,8,0,0,,0,,0,,,,0
cg0112,cg0112,ncgl1251,ncgl1251,0,sampled_negative,unknown,0,0,0,0,0,,,0,0,0,0,,0,0,,0,0,0,0,,,,0,0,0,0,0,0,0,,,,1,0,0,0,,,,,,8,0,0,,0,,0,,,,0
cg2766,cg2766,cg2311,cg2311,0,sampled_negative,unknown,0,0,0,0,0,,,0,0,0,0,,0,0,,0,0,0,0,,,,0,0,0,0,0,0,0,,,,0,0,0,0,,,,,,8,0,0,,1,,0,,,,0
cg0156,cg0156,cg0028,cg0028,0,sampled_negative,unknown,0,0,0,0,0,,,0,0,0,0,,0,0,,0,0,0,0,,,,0,1,1,0,0,0,0,,,,1,1,1,0,,,,,,8,0,0,,0,,0,,,,0
cg0337,cg0337,cgl2618,cgl2618,0,sampled_negative,unknown,0,0,0,0,0,,,0,0,0,0,,0,0,,0,0,0,0,,,,0,2,1,0,0,0,0,,,,0,0,0,0,,,,,,8,0,0,,0,,0,,,,0
cg0702,cg0702,cgl1465,cgl1465,0,sampled_negative,unknown,0,0,0,0,0,,,0,0,0,0,,0,0,,0,0,0,0,,,,0,6,6,0,0,0,0,,,,6,0,0,0,,,,,,8,0,0,,0,,0,,,,0
cg0696,cg0696,cg2137,cg2137,0,sampled_negative,unknown,0,0,0,0,0,,,0,0,0,0,,0,0,,0,0,0,0,,,,0,6,6,0,0,0,0,,,,0,0,0,0,,,,,,8,0,1,,0,,0,,,,0
cg1053,cg1053,cg3409,cg3409,0,sampled_negative,unknown,0,0,0,0,0,,,0,0,0,0,,0,0,,0,0,0,0,,,,0,18,6,0,0,0,0,,,,0,0,0,0,,,,,,8,1,0,,0,,0,,,,0
cg1861,cg1861,lcl_nc_006958_1_prot_wp_011015002_1_2157,lcl_nc_006958_1_prot_wp_011015002_1_2157,0,sampled_negative,unknown,0,0,0,0,0,,,0,0,0,0,,0,0,,0,0,0,0,,,,0,2,1,0,0,0,0,,,,12,0,0,0,,,,,,8,0,0,,0,,0,,,,0
cg0019,cg0019,cg1074,cg1074,0,sampled_negative,unknown,0,0,0,0,0,,,0,0,0,0,,0,0,,0,0,0,0,,,,0,2,1,0,0,0,0,,,,0,0,0,0,,,,,,8,0,0,,0,,0,,,,0
cg2624,cg2624,cgl1943,cgl1943,0,sampled_negative,unknown,0,0,0,0,0,,,0,0,0,0,,0,0,,0,0,0,0,,,,0,11,6,0,0,0,0,,,,0,0,0,0,,,,,,8,0,0,,0,,0,,,,0
cg0862,cg0862,ncgl1730,ncgl1730,0,sampled_negative,unknown,0,0,0,0,0,,,0,0,0,0,,0,0,,0,0,0,0,,,,0,0,0,0,0,0,0,,,,0,0,0,0,,,,,,8,0,0,,0,,0,,,,0
cg1486,cg1486,cg0917,cg0917,0,sampled_negative,unknown,0,0,0,0,0,,,0,0,0,0,,0,0,,0,0,0,0,,,,0,2,1,0,0,0,0,,,,0,0,0,0,,,,,,8,0,0,,0,,0,,,,0
cg1861,cg1861,cgr2084,cgr2084,0,sampled_negative,unknown,0,0,0,0,0,,,0,0,0,0,,0,0,,0,0,0,0,,,,0,0,0,0,0,0,0,,,,12,0,0,0,,,,,,8,0,0,,0,,0,,,,0
cg1738,cg1738,cgl1461,cgl1461,0,sampled_negative,unknown,0,0,0,0,0,,,0,0,0,0,,0,0,,0,0,0,0,,,,0,75,5,0,0,0,0,,,,0,0,0,0,,,,,,8,0,0,,0,,0,,,,0
cg0156,cg0156,cgrrev16028,cgrrev16028,0,sampled_negative,unknown,0,0,0,0,0,,,0,0,0,0,,0,0,,0,0,0,0,,,,0,0,0,0,0,0,0,,,,1,0,0,0,,,,,,8,0,0,,0,,0,,,,0
cg0897,cg0897,cgl0932,cgl0932,0,sampled_negative,unknown,0,0,0,0,0,,,0,0,0,0,,0,0,,0,0,0,0,,,,0,1,1,0,0,0,0,,,,0,0,0,0,,,,,,8,0,1,,0,,0,,,,0
cg2109,cg2109,cg0298,cg0298,0,sampled_negative,unknown,0,0,0,0,0,,,0,0,0,0,,0,0,,0,0,0,0,,,,0,1,1,0,0,0,0,,,,0,0,0,0,,,,,,8,0,1,,0,,0,,,,0
cg0454,cg0454,cg2195,cg2195,0,sampled_negative,unknown,0,0,0,0,0,,,0,0,0,0,,0,0,,0,0,0,0,,,,0,2,1,0,0,0,0,,,,1,0,0,0,,,,,,8,0,0,,0,,0,,,,0
cg0196,cg0196,cgl0255,cgl0255,0,sampled_negative,unknown,0,0,0,0,0,,,0,0,0,0,,0,0,,0,0,0,0,,,,0,6,6,0,0,0,0,,,,0,0,0,0,,,,,,8,0,0,,0,,0,,,,0
cg1324,cg1324,cgrfwd09474,cgrfwd09474,0,sampled_negative,unknown,0,0,0,0,0,,,0,0,0,0,,0,0,,0,0,0,0,,,,0,0,0,0,0,0,0,,,,2,0,0,0,,,,,,8,0,0,,0,,0,,,,0
cg0371,cg0371,cgrfwd12633,cgrfwd12633,0,sampled_negative,unknown,0,0,0,0,0,,,0,0,0,0,,0,0,,0,0,0,0,,,,0,0,0,0,0,0,0,,,,0,0,0,0,,,,,,8,0,0,,0,,0,,,,0
cg0695,cg0695,lcl_nc_006958_1_prot_wp_011015064_1_2240,lcl_nc_006958_1_prot_wp_011015064_1_2240,0,sampled_negative,unknown,0,0,0,0,0,,,0,0,0,0,,0,0,,0,0,0,0,,,,0,2,2,0,0,0,0,,,,0,0,0,0,,,,,,8,0,1,,0,,0,,,,0
gntr1,gntr1,cg2155,cg2155,0,sampled_negative,unknown,0,0,0,0,0,,,0,0,0,0,,0,0,,0,0,0,0,,,,0,1,1,0,0,0,0,,,,0,0,0,0,,,,,,8,1,0,,0,,0,,,,0
cg0993,cg0993,cgtrna_3536,cgtrna_3536,0,sampled_negative,unknown,0,0,0,0,0,,,0,0,0,0,,0,0,,0,0,0,0,,,,0,1,1,0,0,0,0,,,,0,0,0,0,,,,,,8,0,2,,0,,0,,,,0
cg1340,cg1340,cg2953,cg2953,0,sampled_negative,unknown,0,0,0,0,0,,,0,0,0,0,,0,0,,0,0,0,0,,,,0,7,7,0,0,0,0,,,,0,0,0,0,,,,,,8,0,0,,0,,0,,,,0
cg1324,cg1324,cg0360,cg0360,0,sampled_negative,unknown,0,0,0,0,0,,,0,0,0,0,,0,0,,0,0,0,0,,,,0,6,6,0,0,0,0,,,,2,0,0,0,,,,,,8,0,0,,0,,0,,,,0
cg1271,cg1271,lcl_nc_006958_1_prot_wp_003854117_1_1236,lcl_nc_006958_1_prot_wp_003854117_1_1236,0,sampled_negative,unknown,0,0,0,0,0,,,0,0,0,0,,0,0,,0,0,0,0,,,,0,2,1,0,0,0,0,,,,0,0,0,0,,,,,,8,0,0,,0,ECF_sigma,0,,,,0
cg1935,cg1935,cgl0781,cgl0781,0,sampled_negative,unknown,0,0,0,0,0,,,0,0,0,0,,0,0,,0,0,0,0,,,,0,2,1,0,0,0,0,,,,1,0,0,0,,,,,,8,0,1,,1,,0,,,,0
cg2641,cg2641,lcl_nc_006958_1_prot_wp_011013651_1_426,lcl_nc_006958_1_prot_wp_011013651_1_426,0,sampled_negative,unknown,0,0,0,0,0,,,0,0,0,0,,0,0,,0,0,0,0,,,,0,1,1,0,0,0,0,,,,0,0,0,0,,,,,,8,0,1,,0,,0,,,,0
cg0993,cg0993,cg2119,cg2119,0,sampled_negative,unknown,0,0,0,0,0,,,0,0,0,0,,0,0,,0,0,0,0,,,,0,6,6,0,0,0,0,,,,0,0,0,0,,,,,,8,0,2,,0,,0,,,,0
cg3285,cg3285,cg3132,cg3132,0,sampled_negative,unknown,0,0,0,0,0,,,0,0,0,0,,0,0,,0,0,0,0,,,,0,0,0,0,0,0,0,,,,0,0,0,0,,,,,,8,1,1,,0,,0,,,,0
cg3253,cg3253,cg1688,cg1688,0,sampled_negative,unknown,0,0,0,0,0,,,0,0,0,0,,0,0,,0,0,0,0,,,,0,0,0,0,0,0,0,,,,0,0,0,0,,,,,,8,0,1,,0,,0,,,,0
cg3315,cg3315,ncgl2280,ncgl2280,0,sampled_negative,unknown,0,0,0,0,0,,,0,0,0,0,,0,0,,0,0,0,0,,,,0,0,0,0,0,0,0,,,,0,0,0,0,,,,,,8,0,0,,0,,0,,,,0
cg3239,cg3239,lcl_nc_006958_1_prot_wp_011014034_1_965,lcl_nc_006958_1_prot_wp_011014034_1_965,0,sampled_negative,unknown,0,0,0,0,0,,,0,0,0,0,,0,0,,0,0,0,0,,,,0,1,1,0,0,0,0,,,,0,0,0,0,,,,,,8,0,1,,0,,0,,,,0
cg2502,cg2502,cg0080,cg0080,0,sampled_negative,unknown,0,0,0,0,0,,,0,0,0,0,,0,0,,0,0,0,0,,,,0,6,6,0,0,0,0,,,,0,0,0,0,,,,,,8,2,0,,0,,0,,,,0
cg0993,cg0993,lcl_nc_006958_1_prot_314,lcl_nc_006958_1_prot_314,0,sampled_negative,unknown,0,0,0,0,0,,,0,0,0,0,,0,0,,0,0,0,0,,,,0,1,1,0,0,0,0,,,,0,0,0,0,,,,,,8,0,2,,0,,0,,,,0
cg1084,cg1084,cgrrev00578,cgrrev00578,0,sampled_negative,unknown,0,0,0,0,0,,,0,0,0,0,,0,0,,0,0,0,0,,,,0,0,0,0,0,0,0,,,,0,0,0,0,,,,,,8,0,1,,0,,0,,,,0
cg0725,cg0725,lcl_nc_006958_1_prot_wp_003855178_1_2900,lcl_nc_006958_1_prot_wp_003855178_1_2900,0,sampled_negative,unknown,0,0,0,0,0,,,0,0,0,0,,0,0,,0,0,0,0,,,,0,2,1,0,0,0,0,,,,0,0,0,0,,,,,,8,0,1,,0,,0,,,,0
cg0500,cg0500,cgl2372,cgl2372,0,sampled_negative,unknown,0,0,0,0,0,,,0,0,0,0,,0,0,,0,0,0,0,,,,0,2,1,0,0,0,0,,,,0,0,0,0,,,,,,8,0,0,,0,,0,,,,0
cg3420,cg3420,lcl_nc_006958_1_prot_wp_011015147_1_2348,lcl_nc_006958_1_prot_wp_011015147_1_2348,0,sampled_negative,unknown,0,0,0,0,0,,,0,0,0,0,,0,0,,0,0,0,0,,,,0,1,1,0,0,0,0,,,,0,0,0,0,,,,,,8,0,0,,0,ECF_sigma,0,,,,0
cg3097,cg3097,cg2149,cg2149,0,sampled_negative,unknown,0,0,0,0,0,,,0,0,0,0,,0,0,,0,0,0,0,,,,0,0,0,0,0,0,0,,,,0,0,0,0,,,,,,8,0,1,,0,,0,,,,0
cg2942,cg2942,cgl0164,cgl0164,0,sampled_negative,unknown,0,0,0,0,0,,,0,0,0,0,,0,0,,0,0,0,0,,,,0,11,6,0,0,0,0,,,,0,0,0,0,,,,,,8,0,0,,0,,0,,,,0
cg1792,cg1792,lcl_nc_006958_1_prot_wp_003859329_1_2233,lcl_nc_006958_1_prot_wp_003859329_1_2233,0,sampled_negative,unknown,0,0,0,0,0,,,0,0,0,0,,0,0,,0,0,0,0,,,,0,1,1,0,0,0,0,,,,1,0,0,0,,,,,,8,0,0,,0,,0,,,,0
cg2102,cg2102,cg2106,cg2106,0,sampled_negative,unknown,0,0,0,0,0,,,0,0,0,0,,0,0,,0,0,0,0,,,,0,0,0,0,0,0,0,,,,0,0,0,0,,,,,,8,0,0,,0,Group_2_sigma,0,,,,0
cg3373,cg3373,cgl3034,cgl3034,0,sampled_negative,unknown,0,0,0,0,0,,,0,0,0,0,,0,0,,0,0,0,0,,,,0,18,6,0,0,0,0,,,,0,0,0,0,,,,,,8,0,0,,0,,0,,,,0
cg2500,cg2500,cgl1221,cgl1221,0,sampled_negative,unknown,0,0,0,0,0,,,0,0,0,0,,0,0,,0,0,0,0,,,,0,92,7,0,0,0,0,,,,0,0,0,0,,,,,,8,0,0,,0,,0,,,,0
cg2888,cg2888,cg1222,cg1222,0,sampled_negative,unknown,0,0,0,0,0,,,0,0,0,0,,0,0,,0,0,0,0,,,,0,18,6,0,0,0,0,,,,0,0,0,0,,,,,,8,0,0,,0,,0,,,,0
cg2766,cg2766,cgl2157,cgl2157,0,sampled_negative,unknown,0,0,0,0,0,,,0,0,0,0,,0,0,,0,0,0,0,,,,0,7,7,0,0,0,0,,,,0,0,0,0,,,,,,8,0,0,,1,,0,,,,0
cg1218,cg1218,lcl_nc_006958_1_prot_wp_011265897_1_2096,lcl_nc_006958_1_prot_wp_011265897_1_2096,0,sampled_negative,unknown,0,0,0,0,0,,,0,0,0,0,,0,0,,0,0,0,0,,,,0,2,2,0,0,0,0,,,,2,0,0,0,,,,,,8,0,1,,0,,0,,,,0
cg1425,cg1425,cgl1935,cgl1935,0,sampled_negative,unknown,0,0,0,0,0,,,0,0,0,0,,0,0,,0,0,0,0,,,,0,6,6,0,0,0,0,,,,0,0,0,0,,,,,,8,0,0,,0,,0,,,,0
cg1032,cg1032,cg0470,cg0470,0,sampled_negative,unknown,0,0,0,0,0,,,0,0,0,0,,0,0,,0,0,0,0,,,,0,0,0,0,0,0,0,,,,0,0,0,0,,,,,,8,2,2,,0,,0,,,,0
cg0019,cg0019,cgl1698,cgl1698,0,sampled_negative,unknown,0,0,0,0,0,,,0,0,0,0,,0,0,,0,0,0,0,,,,0,1,1,0,0,0,0,,,,0,0,0,0,,,,,,8,0,0,,0,,0,,,,0
cg2783,cg2783,cg0254,cg0254,0,sampled_negative,unknown,0,0,0,0,0,,,0,0,0,0,,0,0,,0,0,0,0,,,,0,2,1,0,0,0,0,,,,2,0,0,0,,,,,,8,0,0,,0,,0,,,,0
cg0454,cg0454,lcl_nc_006958_1_prot_wp_011013851_1_705,lcl_nc_006958_1_prot_wp_011013851_1_705,0,sampled_negative,unknown,0,0,0,0,0,,,0,0,0,0,,0,0,,0,0,0,0,,,,0,7,1,0,0,0,0,,,,1,0,0,0,,,,,,8,0,0,,0,,0,,,,0
cg0646,cg0646,cgl3006,cgl3006,0,sampled_negative,unknown,0,0,0,0,0,,,0,0,0,0,,0,0,,0,0,0,0,,,,0,11,6,0,0,0,0,,,,0,0,0,0,,,,,,8,0,1,,0,,0,,,,0
cg0313,cg0313,cgrfwd10159,cgrfwd10159,0,sampled_negative,unknown,0,0,0,0,0,,,0,0,0,0,,0,0,,0,0,0,0,,,,0,0,0,0,0,0,0,,,,0,0,0,0,,,,,,8,0,0,,0,,0,,,,0
cg2737,cg2737,cgl1332,cgl1332,0,sampled_negative,unknown,0,0,0,0,0,,,0,0,0,0,,0,0,,0,0,0,0,,,,0,1,1,0,0,0,0,,,,0,0,0,0,,,,,,8,0,0,,0,,0,,,,0
cg0878,cg0878,cg1946,cg1946,0,sampled_negative,unknown,0,0,0,0,0,,,0,0,0,0,,0,0,,0,0,0,0,,,,0,0,0,0,0,0,0,,,,0,0,0,0,,,,,,8,1,0,,0,,0,,,,0
cg1486,cg1486,cg3179,cg3179,0,sampled_negative,unknown,0,0,0,0,0,,,0,0,0,0,,0,0,,0,0,0,0,,,,0,138,8,0,0,0,0,,,,0,0,0,0,,,,,,8,0,0,,0,,0,,,,0
cg0112,cg0112,cgl2736,cgl2736,0,sampled_negative,unknown,0,0,0,0,0,,,0,0,0,0,,0,0,,0,0,0,0,,,,0,6,6,0,0,0,0,,,,1,0,0,0,,,,,,8,0,0,,0,,0,,,,0
cg1120,cg1120,ncgl2589,ncgl2589,0,sampled_negative,unknown,0,0,0,0,0,,,0,0,0,0,,0,0,,0,0,0,0,,,,0,0,0,0,0,0,0,,,,1,0,0,0,,,,,,8,0,1,,0,,0,,,,0
cg3247,cg3247,cgl1686,cgl1686,0,sampled_negative,unknown,0,0,0,0,0,,,0,0,0,0,,0,0,,0,0,0,0,,,,0,3,1,0,0,0,0,,,,0,0,0,0,,,,,,8,0,0,,0,,0,,,,0
cg1120,cg1120,cg3114,cg3114,0,sampled_negative,unknown,0,0,0,0,0,,,0,0,0,0,,0,0,,0,0,0,0,,,,0,6,6,0,0,0,0,,,,1,0,0,0,,,,,,8,1,1,,0,,0,,,,0
cg0343,cg0343,lcl_nc_006958_1_prot_wp_011015446_1_2735,lcl_nc_006958_1_prot_wp_011015446_1_2735,0,sampled_negative,unknown,0,0,0,0,0,,,0,0,0,0,,0,0,,0,0,0,0,,,,0,2,1,0,0,0,0,,,,0,0,0,0,,,,,,8,0,0,,0,,0,,,,0
cg2200,cg2200,cg1764,cg1764,0,sampled_negative,unknown,0,0,0,0,0,,,0,0,0,0,,0,0,,0,0,0,0,,,,0,0,0,0,0,0,0,,,,0,0,0,0,,,,,,8,1,1,,0,,0,,,,0
cg2936,cg2936,lcl_nc_006958_1_prot_wp_011013506_1_251,lcl_nc_006958_1_prot_wp_011013506_1_251,0,sampled_negative,unknown,0,0,0,0,0,,,0,0,0,0,,0,0,,0,0,0,0,,,,0,1,1,0,0,0,0,,,,2,0,0,0,,,,,,8,0,0,,0,,0,,,,0
cg3388,cg3388,cg2982,cg2982,0,sampled_negative,unknown,0,0,0,0,0,,,0,0,0,0,,0,0,,0,0,0,0,,,,0,6,6,0,0,0,0,,,,0,0,0,0,,,,,,8,0,0,,0,,0,,,,0
cg1846,cg1846,cgl0380,cgl0380,0,sampled_negative,unknown,0,0,0,0,0,,,0,0,0,0,,0,0,,0,0,0,0,,,,0,3,1,0,0,0,0,,,,0,0,0,0,,,,,,8,0,0,,0,,0,,,,0
cg2624,cg2624,lcl_nc_006958_1_prot_wp_003862250_1_1543,lcl_nc_006958_1_prot_wp_003862250_1_1543,0,sampled_negative,unknown,0,0,0,0,0,,,0,0,0,0,,0,0,,0,0,0,0,,,,0,1,1,0,0,0,0,,,,0,0,0,0,,,,,,8,0,0,,0,,0,,,,0
cg0725,cg0725,cg1005,cg1005,0,sampled_negative,unknown,0,0,0,0,0,,,0,0,0,0,,0,0,,0,0,0,0,,,,0,24,6,0,0,0,0,,,,0,0,0,0,,,,,,8,0,1,,0,,0,,,,0
cg3247,cg3247,cgl2617,cgl2617,0,sampled_negative,unknown,0,0,0,0,0,,,0,0,0,0,,0,0,,0,0,0,0,,,,0,8,7,0,0,0,0,,,,0,0,0,0,,,,,,8,0,0,,0,,0,,,,0
cg2118,cg2118,cg3098,cg3098,0,sampled_negative,unknown,0,0,0,0,0,,,0,0,0,0,,0,0,,0,0,0,0,,,,0,0,0,0,0,0,0,,,,0,0,0,0,,,,,,8,1,0,,0,,0,,,,0
cg1032,cg1032,cg2570,cg2570,0,sampled_negative,unknown,0,0,0,0,0,,,0,0,0,0,,0,0,,0,0,0,0,,,,0,1,1,0,0,0,0,,,,0,0,0,0,,,,,,8,2,2,,0,,0,,,,0
cg1271,cg1271,cgrrev03723,cgrrev03723,0,sampled_negative,unknown,0,0,0,0,0,,,0,0,0,0,,0,0,,0,0,0,0,,,,0,0,0,0,0,0,0,,,,0,0,0,0,,,,,,8,0,0,,0,ECF_sigma,0,,,,0
cg0725,cg0725,cg0943,cg0943,0,sampled_negative,unknown,0,0,0,0,0,,,0,0,0,0,,0,0,,0,0,0,0,,,,0,10,1,0,0,0,0,,,,0,0,0,0,,,,,,8,0,1,,0,,0,,,,0
cg0702,cg0702,cgl1769,cgl1769,0,sampled_negative,unknown,0,0,0,0,0,,,0,0,0,0,,0,0,,0,0,0,0,,,,0,1,1,0,0,0,0,,,,6,0,0,0,,,,,,8,0,0,,0,,0,,,,0
cg3285,cg3285,ncgl1941,ncgl1941,0,sampled_negative,unknown,0,0,0,0,0,,,0,0,0,0,,0,0,,0,0,0,0,,,,0,0,0,0,0,0,0,,,,0,0,0,0,,,,,,8,0,1,,0,,0,,,,0
cg1817,cg1817,cg3335,cg3335,0,sampled_negative,unknown,0,0,0,0,0,,,0,0,0,0,,0,0,,0,0,0,0,,,,0,12,6,0,0,0,0,,,,6,1,5,0,,,,,,8,1,0,,0,,0,,,,0
cg2965,cg2965,cgr3068,cgr3068,0,sampled_negative,unknown,0,0,0,0,0,,,0,0,0,0,,0,0,,0,0,0,0,,,,0,0,0,0,0,0,0,,,,0,0,0,0,,,,,,8,0,0,,0,,0,,,,0
cg0979,cg0979,cg1363,cg1363,0,sampled_negative,unknown,0,0,0,0,0,,,0,0,0,0,,0,0,,0,0,0,0,,,,0,10,5,0,0,0,0,,,,0,0,0,0,,,,,,8,0,1,,0,,0,,,,0
cg0878,cg0878,cg0957,cg0957,0,sampled_negative,unknown,0,0,0,0,0,,,0,0,0,0,,0,0,,0,0,0,0,,,,0,0,0,0,0,0,0,,,,0,0,0,0,,,,,,8,1,0,,0,,0,,,,0
cg3373,cg3373,cgl1202,cgl1202,0,sampled_negative,unknown,0,0,0,0,0,,,0,0,0,0,,0,0,,0,0,0,0,,,,0,1,1,0,0,0,0,,,,0,0,0,0,,,,,,8,0,0,,0,,0,,,,0
cg0979,cg0979,cg2114,cg2114,0,sampled_negative,unknown,0,0,0,0,0,,,0,0,0,0,,0,0,,0,0,0,0,,,,0,0,0,0,0,0,0,,,,0,0,0,0,,,,,,8,0,1,,0,,0,,,,0
cg2737,cg2737,cgl1163,cgl1163,0,sampled_negative,unknown,0,0,0,0,0,,,0,0,0,0,,0,0,,0,0,0,0,,,,0,6,6,0,0,0,0,,,,0,0,0,0,,,,,,8,0,0,,0,,0,,,,0
cg0725,cg0725,lcl_nc_006958_1_prot_1142,lcl_nc_006958_1_prot_1142,0,sampled_negative,unknown,0,0,0,0,0,,,0,0,0,0,,0,0,,0,0,0,0,,,,0,1,1,0,0,0,0,,,,0,0,0,0,,,,,,8,0,1,,0,,0,,,,0
cg0146,cg0146,ncgl1525,ncgl1525,0,sampled_negative,unknown,0,0,0,0,0,,,0,0,0,0,,0,0,,0,0,0,0,,,,0,0,0,0,0,0,0,,,,0,0,0,0,,,,,,8,0,0,,1,,0,,,,0
cg0878,cg0878,lcl_nc_006958_1_prot_wp_011014351_1_1380,lcl_nc_006958_1_prot_wp_011014351_1_1380,0,sampled_negative,unknown,0,0,0,0,0,,,0,0,0,0,,0,0,,0,0,0,0,,,,0,1,1,0,0,0,0,,,,0,0,0,0,,,,,,8,0,0,,0,,0,,,,0
cg2627,cg2627,ncgl1476,ncgl1476,0,sampled_negative,unknown,0,0,0,0,0,,,0,0,0,0,,0,0,,0,0,0,0,,,,0,0,0,0,0,0,0,,,,1,0,0,0,,,,,,8,0,0,,0,,0,,,,0
cg0019,cg0019,cgl0968,cgl0968,0,sampled_negative,unknown,0,0,0,0,0,,,0,0,0,0,,0,0,,0,0,0,0,,,,0,22,6,0,0,0,0,,,,0,0,0,0,,,,,,8,0,0,,0,,0,,,,0
cg0371,cg0371,cg3280,cg3280,0,sampled_negative,unknown,0,0,0,0,0,,,0,0,0,0,,0,0,,0,0,0,0,,,,0,0,0,0,0,0,0,,,,0,0,0,0,,,,,,8,0,0,,0,,0,,,,0
cg1218,cg1218,cgrrev08401,cgrrev08401,0,sampled_negative,unknown,0,0,0,0,0,,,0,0,0,0,,0,0,,0,0,0,0,,,,0,0,0,0,0,0,0,,,,2,0,0,0,,,,,,8,0,1,,0,,0,,,,0
cg0313,cg0313,cg2106,cg2106,0,sampled_negative,unknown,0,0,0,0,0,,,0,0,0,0,,0,0,,0,0,0,0,,,,0,0,0,0,0,0,0,,,,0,0,0,0,,,,,,8,0,0,,0,,0,,,,0
cg2152,cg2152,cg0387,cg0387,0,sampled_negative,unknown,0,0,0,0,0,,,0,0,0,0,,0,0,,0,0,0,0,,,,0,11,6,0,0,0,0,,,,0,0,0,0,,,,,,8,0,0,,0,,0,,,,0
cg0090,cg0090,cgl1068,cgl1068,0,sampled_negative,unknown,0,0,0,0,0,,,0,0,0,0,,0,0,,0,0,0,0,,,,0,9,7,0,0,0,0,,,,1,0,0,0,,,,,,8,0,0,,1,,0,,,,0
cg2200,cg2200,lcl_nc_006958_1_prot_wp_003856101_1_1500,lcl_nc_006958_1_prot_wp_003856101_1_1500,0,sampled_negative,unknown,0,0,0,0,0,,,0,0,0,0,,0,0,,0,0,0,0,,,,0,1,1,0,0,0,0,,,,0,0,0,0,,,,,,8,0,1,,0,,0,,,,0
cg3388,cg3388,cgl0990,cgl0990,0,sampled_negative,unknown,0,0,0,0,0,,,0,0,0,0,,0,0,,0,0,0,0,,,,0,6,6,0,0,0,0,,,,0,0,0,0,,,,,,8,0,0,,0,,0,,,,0
cg3285,cg3285,cg1040,cg1040,0,sampled_negative,unknown,0,0,0,0,0,,,0,0,0,0,,0,0,,0,0,0,0,,,,0,0,0,0,0,0,0,,,,0,0,0,0,,,,,,8,0,1,,0,,0,,,,0
cg2103,cg2103,cg1883,cg1883,0,sampled_negative,unknown,0,0,0,0,0,,,0,0,0,0,,0,0,,0,0,0,0,,,,0,0,0,0,0,0,0,,,,0,0,0,0,,,,,,8,0,0,,0,,0,,,,0
cg0309,cg0309,cgr2999,cgr2999,0,sampled_negative,unknown,0,0,0,0,0,,,0,0,0,0,,0,0,,0,0,0,0,,,,0,0,0,0,0,0,0,,,,0,0,0,0,,,,,,8,0,0,,0,,0,,,,0
cg1704,cg1704,ncgl2888,ncgl2888,0,sampled_negative,unknown,0,0,0,0,0,,,0,0,0,0,,0,0,,0,0,0,0,,,,0,0,0,0,0,0,0,,,,0,0,0,0,,,,,,8,0,0,,0,,0,,,,0
cg1552,cg1552,lcl_nc_006958_1_prot_wp_011014089_1_1028,lcl_nc_006958_1_prot_wp_011014089_1_1028,0,sampled_negative,unknown,0,0,0,0,0,,,0,0,0,0,,0,0,,0,0,0,0,,,,0,1,1,0,0,0,0,,,,2,0,0,0,,,,,,8,0,0,,0,,0,,,,0
cg0215,cg0215,lcl_nc_006958_1_prot_wp_011014471_1_1552,lcl_nc_006958_1_prot_wp_011014471_1_1552,0,sampled_negative,unknown,0,0,0,0,0,,,0,0,0,0,,0,0,,0,0,0,0,,,,0,2,1,0,0,0,0,,,,0,0,0,0,,,,,,8,0,0,,0,,0,,,,0
cg2109,cg2109,cg2324,cg2324,0,sampled_negative,unknown,0,0,0,0,0,,,0,0,0,0,,0,0,,0,0,0,0,,,,0,5,2,0,0,0,0,,,,0,0,0,0,,,,,,8,2,1,,0,,0,,,,0
cg0878,cg0878,cgl1754,cgl1754,0,sampled_negative,unknown,0,0,0,0,0,,,0,0,0,0,,0,0,,0,0,0,0,,,,0,1,1,0,0,0,0,,,,0,0,0,0,,,,,,8,0,0,,0,,0,,,,0
cg1053,cg1053,cg2268,cg2268,0,sampled_negative,unknown,0,0,0,0,0,,,0,0,0,0,,0,0,,0,0,0,0,,,,0,2,1,0,0,0,0,,,,0,0,0,0,,,,,,8,0,0,,0,,0,,,,0
cg2118,cg2118,cg2267,cg2267,0,sampled_negative,unknown,0,0,0,0,0,,,0,0,0,0,,0,0,,0,0,0,0,,,,0,1,1,0,0,0,0,,,,0,0,0,0,,,,,,8,0,0,,0,,0,,,,0
cg0371,cg0371,lcl_nc_006958_1_prot_wp_003858893_1_101,lcl_nc_006958_1_prot_wp_003858893_1_101,0,sampled_negative,unknown,0,0,0,0,0,,,0,0,0,0,,0,0,,0,0,0,0,,,,0,1,1,0,0,0,0,,,,0,0,0,0,,,,,,8,0,0,,0,,0,,,,0
cg0313,cg0313,ncgl2847,ncgl2847,0,sampled_negative,unknown,0,0,0,0,0,,,0,0,0,0,,0,0,,0,0,0,0,,,,0,0,0,0,0,0,0,,,,0,0,0,0,,,,,,8,0,0,,0,,0,,,,0
cg1704,cg1704,cg3386,cg3386,0,sampled_negative,unknown,0,0,0,0,0,,,0,0,0,0,,0,0,,0,0,0,0,,,,0,0,0,0,0,0,0,,,,0,0,0,0,,,,,,8,1,0,,0,,0,,,,0
cg0309,cg0309,cg0675,cg0675,0,sampled_negative,unknown,0,0,0,0,0,,,0,0,0,0,,0,0,,0,0,0,0,,,,0,11,6,0,0,0,0,,,,0,0,0,0,,,,,,8,1,0,,0,,0,,,,0
cg0876,cg0876,cgl1714,cgl1714,0,sampled_negative,unknown,0,0,0,0,0,,,0,0,0,0,,0,0,,0,0,0,0,,,,0,6,6,0,0,0,0,,,,2,0,0,0,,,,,,8,0,0,,0,ECF_sigma,0,,,,0
cg0527,cg0527,cg1869,cg1869,0,sampled_negative,unknown,0,0,0,0,0,,,0,0,0,0,,0,0,,0,0,0,0,,,,0,1,1,0,0,0,0,,,,15,0,0,0,,,,,,8,0,1,,0,,0,,,,0
cg3082,cg3082,lcl_nc_006958_1_prot_wp_003863776_1_1387,lcl_nc_006958_1_prot_wp_003863776_1_1387,0,sampled_negative,unknown,0,0,0,0,0,,,0,0,0,0,,0,0,,0,0,0,0,,,,0,3,1,0,0,0,0,,,,0,0,0,0,,,,,,8,0,1,,0,,0,,,,0
cg1032,cg1032,ncgl0046,ncgl0046,0,sampled_negative,unknown,0,0,0,0,0,,,0,0,0,0,,0,0,,0,0,0,0,,,,0,0,0,0,0,0,0,,,,0,0,0,0,,,,,,8,0,2,,0,,0,,,,0
cg0463,cg0463,cgl2570,cgl2570,0,sampled_negative,unknown,0,0,0,0,0,,,0,0,0,0,,0,0,,0,0,0,0,,,,0,6,6,0,0,0,0,,,,0,0,0,0,,,,,,8,0,0,,0,,0,,,,0
cg0741,cg0741,lcl_nc_006958_1_prot_wp_011013931_1_832,lcl_nc_006958_1_prot_wp_011013931_1_832,0,sampled_negative,unknown,0,0,0,0,0,,,0,0,0,0,,0,0,,0,0,0,0,,,,0,2,1,0,0,0,0,,,,0,0,0,0,,,,,,8,0,1,,0,,0,,,,0
cg2894,cg2894,lcl_nc_006958_1_prot_wp_011014814_1_1899,lcl_nc_006958_1_prot_wp_011014814_1_1899,0,sampled_negative,unknown,0,0,0,0,0,,,0,0,0,0,,0,0,,0,0,0,0,,,,0,2,1,0,0,0,0,,,,0,0,0,0,,,,,,8,0,1,,0,,0,,,,0
cg0012,cg0012,cg2233,cg2233,0,sampled_negative,unknown,0,0,0,0,0,,,0,0,0,0,,0,0,,0,0,0,0,,,,0,1,1,0,0,0,0,,,,0,0,0,0,,,,,,8,0,1,,0,Group_1_sigma,0,,,,0
cg0695,cg0695,lcl_nc_006958_1_prot_wp_011015115_1_2310,lcl_nc_006958_1_prot_wp_011015115_1_2310,0,sampled_negative,unknown,0,0,0,0,0,,,0,0,0,0,,0,0,,0,0,0,0,,,,0,1,1,0,0,0,0,,,,0,0,0,0,,,,,,8,0,1,,0,,0,,,,0
cg0993,cg0993,cg0531,cg0531,0,sampled_negative,unknown,0,0,0,0,0,,,0,0,0,0,,0,0,,0,0,0,0,,,,0,1,1,0,0,0,0,,,,0,0,0,0,,,,,,8,0,2,,0,,0,,,,0
cg0454,cg0454,cgl0407,cgl0407,0,sampled_negative,unknown,0,0,0,0,0,,,0,0,0,0,,0,0,,0,0,0,0,,,,0,13,7,0,0,0,0,,,,1,0,0,0,,,,,,8,0,0,,0,,0,,,,0
cg1324,cg1324,cgrfwd17717,cgrfwd17717,0,sampled_negative,unknown,0,0,0,0,0,,,0,0,0,0,,0,0,,0,0,0,0,,,,0,0,0,0,0,0,0,,,,2,0,0,0,,,,,,8,0,0,,0,,0,,,,0
cg2965,cg2965,lcl_nc_006958_1_prot_wp_011014362_1_1393,lcl_nc_006958_1_prot_wp_011014362_1_1393,0,sampled_negative,unknown,0,0,0,0,0,,,0,0,0,0,,0,0,,0,0,0,0,,,,0,23,1,0,0,0,0,,,,0,0,0,0,,,,,,8,0,0,,0,,0,,,,0
cg2112,cg2112,lcl_nc_006958_1_prot_wp_011014016_1_943,lcl_nc_006958_1_prot_wp_011014016_1_943,0,sampled_negative,unknown,0,0,0,0,0,,,0,0,0,0,,0,0,,0,0,0,0,,,,0,10,1,0,0,0,0,,,,1,0,0,0,,,,,,8,0,1,,0,,0,,,,0
cg3420,cg3420,cg0422,cg0422,0,sampled_negative,unknown,0,0,0,0,0,,,0,0,0,0,,0,0,,0,0,0,0,,,,0,6,6,0,0,0,0,,,,0,0,0,0,,,,,,8,1,0,,0,ECF_sigma,0,,,,0
cg2118,cg2118,cgl2297,cgl2297,0,sampled_negative,unknown,0,0,0,0,0,,,0,0,0,0,,0,0,,0,0,0,0,,,,0,25,7,0,0,0,0,,,,0,0,0,0,,,,,,8,0,0,,0,,0,,,,0
cg1032,cg1032,ncgl2410,ncgl2410,0,sampled_negative,unknown,0,0,0,0,0,,,0,0,0,0,,0,0,,0,0,0,0,,,,0,0,0,0,0,0,0,,,,0,0,0,0,,,,,,8,0,2,,0,,0,,,,0
cg0800,cg0800,lcl_nc_006958_1_prot_wp_011013436_1_163,lcl_nc_006958_1_prot_wp_011013436_1_163,0,sampled_negative,unknown,0,0,0,0,0,,,0,0,0,0,,0,0,,0,0,0,0,,,,0,1,1,0,0,0,0,,,,0,0,0,0,,,,,,8,0,0,,0,,0,,,,0
cg2894,cg2894,cgrrev00579,cgrrev00579,0,sampled_negative,unknown,0,0,0,0,0,,,0,0,0,0,,0,0,,0,0,0,0,,,,0,0,0,0,0,0,0,,,,0,0,0,0,,,,,,8,0,1,,0,,0,,,,0
cg2103,cg2103,cg2829,cg2829,0,sampled_negative,unknown,0,0,0,0,0,,,0,0,0,0,,0,0,,0,0,0,0,,,,0,6,6,0,0,0,0,,,,0,0,0,0,,,,,,8,1,0,,0,,0,,,,0
cg0343,cg0343,cg2665,cg2665,0,sampled_negative,unknown,0,0,0,0,0,,,0,0,0,0,,0,0,,0,0,0,0,,,,0,0,0,0,0,0,0,,,,0,0,0,0,,,,,,8,0,0,,0,,0,,,,0
cg0337,cg0337,cgrfwd02497,cgrfwd02497,0,sampled_negative,unknown,0,0,0,0,0,,,0,0,0,0,,0,0,,0,0,0,0,,,,0,0,0,0,0,0,0,,,,0,0,0,0,,,,,,8,0,0,,0,,0,,,,0
cg0343,cg0343,cg2351,cg2351,0,sampled_negative,unknown,0,0,0,0,0,,,0,0,0,0,,0,0,,0,0,0,0,,,,0,2,1,0,0,0,0,,,,0,0,0,0,,,,,,8,0,0,,0,,0,,,,0
cg1648,cg1648,lcl_nc_006958_1_prot_wp_011014427_1_1488,lcl_nc_006958_1_prot_wp_011014427_1_1488,0,sampled_negative,unknown,0,0,0,0,0,,,0,0,0,0,,0,0,,0,0,0,0,,,,0,1,1,0,0,0,0,,,,0,0,0,0,,,,,,8,0,0,,0,,0,,,,0
cg0696,cg0696,cgrrev15788,cgrrev15788,0,sampled_negative,unknown,0,0,0,0,0,,,0,0,0,0,,0,0,,0,0,0,0,,,,0,0,0,0,0,0,0,,,,0,0,0,0,,,,,,8,0,1,,0,,0,,,,0
cg2894,cg2894,cgrrev00925,cgrrev00925,0,sampled_negative,unknown,0,0,0,0,0,,,0,0,0,0,,0,0,,0,0,0,0,,,,0,0,0,0,0,0,0,,,,0,0,0,0,,,,,,8,0,1,,0,,0,,,,0
cg1486,cg1486,cgl0659,cgl0659,0,sampled_negative,unknown,0,0,0,0,0,,,0,0,0,0,,0,0,,0,0,0,0,,,,0,11,6,0,0,0,0,,,,0,0,0,0,,,,,,8,0,0,,0,,0,,,,0
cg2624,cg2624,cgrrev15809,cgrrev15809,0,sampled_negative,unknown,0,0,0,0,0,,,0,0,0,0,,0,0,,0,0,0,0,,,,0,0,0,0,0,0,0,,,,0,0,0,0,,,,,,8,0,0,,0,,0,,,,0
cg1552,cg1552,cg1303,cg1303,0,sampled_negative,unknown,0,0,0,0,0,,,0,0,0,0,,0,0,,0,0,0,0,,,,0,6,6,0,0,0,0,,,,2,0,0,0,,,,,,8,1,0,,0,,0,,,,0
cg0112,cg0112,cgl1111,cgl1111,0,sampled_negative,unknown,0,0,0,0,0,,,0,0,0,0,,0,0,,0,0,0,0,,,,0,6,6,0,0,0,0,,,,1,0,0,0,,,,,,8,0,0,,0,,0,,,,0
cg1211,cg1211,cg2947,cg2947,0,sampled_negative,unknown,0,0,0,0,0,,,0,0,0,0,,0,0,,0,0,0,0,,,,0,1,1,0,0,0,0,,,,0,0,0,0,,,,,,8,0,1,,0,,0,,,,0
cg0317,cg0317,cg1451,cg1451,0,sampled_negative,unknown,0,0,0,0,0,,,0,0,0,0,,0,0,,0,0,0,0,,,,0,6,6,0,0,0,0,,,,2,0,0,0,,,,,,8,0,0,,0,,0,,,,0
gntr1,gntr1,lcl_nc_006958_1_prot_wp_011014050_1_985,lcl_nc_006958_1_prot_wp_011014050_1_985,0,sampled_negative,unknown,0,0,0,0,0,,,0,0,0,0,,0,0,,0,0,0,0,,,,0,2,1,0,0,0,0,,,,0,0,0,0,,,,,,8,0,0,,0,,0,,,,0
cg2152,cg2152,cg0001,cg0001,0,sampled_negative,unknown,0,0,0,0,0,,,0,0,0,0,,0,0,,0,0,0,0,,,,0,21,1,0,0,0,0,,,,0,0,0,0,,,,,,8,0,0,,0,,0,,,,0
cg2615,cg2615,cg2569,cg2569,0,sampled_negative,unknown,0,0,0,0,0,,,0,0,0,0,,0,0,,0,0,0,0,,,,0,2,1,0,0,0,0,,,,0,0,0,0,,,,,,8,3,1,,0,,0,,,,0
cg2783,cg2783,cg0405,cg0405,0,sampled_negative,unknown,0,0,0,0,0,,,0,0,0,0,,0,0,,0,0,0,0,,,,0,6,6,0,0,0,0,,,,2,0,0,0,,,,,,8,0,0,,0,,0,,,,0
cg0454,cg0454,cg0523,cg0523,0,sampled_negative,unknown,0,0,0,0,0,,,0,0,0,0,,0,0,,0,0,0,0,,,,0,0,0,0,0,0,0,,,,1,0,0,0,,,,,,8,0,0,,0,,0,,,,0
cg2831,cg2831,cg2622,cg2622,0,sampled_negative,unknown,0,0,0,0,0,,,0,0,0,0,,0,0,,0,0,0,0,,,,0,0,0,0,0,0,0,,,,0,0,0,0,,,,,,8,0,2,,0,,0,,,,0
cg1425,cg1425,cg1084,cg1084,0,sampled_negative,unknown,0,0,0,0,0,,,0,0,0,0,,0,0,,0,0,0,0,,,,0,0,0,0,0,0,0,,,,0,0,0,0,,,,,,8,1,0,,0,,0,,,,0
cg1425,cg1425,cgl1509,cgl1509,0,sampled_negative,unknown,0,0,0,0,0,,,0,0,0,0,,0,0,,0,0,0,0,,,,0,5,5,0,0,0,0,,,,0,0,0,0,,,,,,8,0,0,,0,,0,,,,0
cg1271,cg1271,ncgl1300,ncgl1300,0,sampled_negative,unknown,0,0,0,0,0,,,0,0,0,0,,0,0,,0,0,0,0,,,,0,0,0,0,0,0,0,,,,0,0,0,0,,,,,,8,0,0,,0,ECF_sigma,0,,,,0
cg1846,cg1846,lcl_nc_006958_1_prot_wp_011014766_1_1835,lcl_nc_006958_1_prot_wp_011014766_1_1835,0,sampled_negative,unknown,0,0,0,0,0,,,0,0,0,0,,0,0,,0,0,0,0,,,,0,2,1,0,0,0,0,,,,0,0,0,0,,,,,,8,0,0,,0,,0,,,,0
cg0215,cg0215,cgrrev07758,cgrrev07758,0,sampled_negative,unknown,0,0,0,0,0,,,0,0,0,0,,0,0,,0,0,0,0,,,,0,0,0,0,0,0,0,,,,0,0,0,0,,,,,,8,0,0,,0,,0,,,,0
cg1271,cg1271,cg2658,cg2658,0,sampled_negative,unknown,0,0,0,0,0,,,0,0,0,0,,0,0,,0,0,0,0,,,,0,11,6,0,0,0,0,,,,0,0,0,0,,,,,,8,0,0,,0,ECF_sigma,0,,,,0
cg2109,cg2109,cg3321,cg3321,0,sampled_negative,unknown,0,0,0,0,0,,,0,0,0,0,,0,0,,0,0,0,0,,,,0,0,0,0,0,0,0,,,,0,0,0,0,,,,,,8,0,1,,0,,0,,,,0
cg0979,cg0979,cgl2411,cgl2411,0,sampled_negative,unknown,0,0,0,0,0,,,0,0,0,0,,0,0,,0,0,0,0,,,,0,1,1,0,0,0,0,,,,0,0,0,0,,,,,,8,0,1,,0,,0,,,,0
cg3315,cg3315,lcl_nc_006958_1_prot_wp_011015350_1_2628,lcl_nc_006958_1_prot_wp_011015350_1_2628,0,sampled_negative,unknown,0,0,0,0,0,,,0,0,0,0,,0,0,,0,0,0,0,,,,0,2,1,0,0,0,0,,,,0,0,0,0,,,,,,8,0,0,,0,,0,,,,0
cg0800,cg0800,cg2352,cg2352,0,sampled_negative,unknown,0,0,0,0,0,,,0,0,0,0,,0,0,,0,0,0,0,,,,0,6,6,0,0,0,0,,,,0,0,0,0,,,,,,8,0,0,,0,,0,,,,0
cg3247,cg3247,cg3535,cg3535,0,sampled_negative,unknown,0,0,0,0,0,,,0,0,0,0,,0,0,,0,0,0,0,,,,0,6,6,0,0,0,0,,,,0,0,0,0,,,,,,8,0,0,,0,,0,,,,0
cg3239,cg3239,cgl2526,cgl2526,0,sampled_negative,unknown,0,0,0,0,0,,,0,0,0,0,,0,0,,0,0,0,0,,,,0,9,7,0,0,0,0,,,,0,0,0,0,,,,,,8,0,1,,0,,0,,,,0
cg3285,cg3285,cg1576,cg1576,0,sampled_negative,unknown,0,0,0,0,0,,,0,0,0,0,,0,0,,0,0,0,0,,,,0,1,1,0,0,0,0,,,,0,0,0,0,,,,,,8,0,1,,0,,0,,,,0
cg0725,cg0725,cg0065,cg0065,0,sampled_negative,unknown,0,0,0,0,0,,,0,0,0,0,,0,0,,0,0,0,0,,,,0,0,0,0,0,0,0,,,,0,0,0,0,,,,,,8,0,1,,0,,0,,,,0
cg0862,cg0862,lcl_nc_006958_1_prot_wp_011014428_1_1489,lcl_nc_006958_1_prot_wp_011014428_1_1489,0,sampled_negative,unknown,0,0,0,0,0,,,0,0,0,0,,0,0,,0,0,0,0,,,,0,1,1,0,0,0,0,,,,0,0,0,0,,,,,,8,0,0,,0,,0,,,,0
cg2112,cg2112,lcl_nc_006958_1_prot_wp_011015083_1_2268,lcl_nc_006958_1_prot_wp_011015083_1_2268,0,sampled_negative,unknown,0,0,0,0,0,,,0,0,0,0,,0,0,,0,0,0,0,,,,0,2,1,0,0,0,0,,,,1,1,1,0,,,,,,8,0,1,,0,,0,,,,0
cg1552,cg1552,cg1533,cg1533,0,sampled_negative,unknown,0,0,0,0,0,,,0,0,0,0,,0,0,,0,0,0,0,,,,0,1,1,0,0,0,0,,,,2,1,1,0,,,,,,8,0,0,,0,,0,,,,0
cg0695,cg0695,cg2592,cg2592,0,sampled_negative,unknown,0,0,0,0,0,,,0,0,0,0,,0,0,,0,0,0,0,,,,0,6,6,0,0,0,0,,,,0,0,0,0,,,,,,8,0,1,,0,,0,,,,0
cg1486,cg1486,cgl1211,cgl1211,0,sampled_negative,unknown,0,0,0,0,0,,,0,0,0,0,,0,0,,0,0,0,0,,,,0,11,6,0,0,0,0,,,,0,0,0,0,,,,,,8,0,0,,0,,0,,,,0
cg2888,cg2888,cg2123,cg2123,0,sampled_negative,unknown,0,0,0,0,0,,,0,0,0,0,,0,0,,0,0,0,0,,,,0,1,1,0,0,0,0,,,,0,0,0,0,,,,,,8,0,0,,0,,0,,,,0
cg0695,cg0695,cg0159,cg0159,0,sampled_negative,unknown,0,0,0,0,0,,,0,0,0,0,,0,0,,0,0,0,0,,,,0,2,1,0,0,0,0,,,,0,0,0,0,,,,,,8,1,1,,0,,0,,,,0
cg0876,cg0876,cg0438,cg0438,0,sampled_negative,unknown,0,0,0,0,0,,,0,0,0,0,,0,0,,0,0,0,0,,,,0,0,0,0,0,0,0,,,,2,0,0,0,,,,,,8,1,0,,0,ECF_sigma,0,,,,0
cg1410,cg1410,lcl_nc_006958_1_prot_wp_003853851_1_2546,lcl_nc_006958_1_prot_wp_003853851_1_2546,0,sampled_negative,unknown,0,0,0,0,0,,,0,0,0,0,,0,0,,0,0,0,0,,,,0,2,1,0,0,0,0,,,,2,0,0,0,,,,,,8,0,0,,0,,0,,,,0
cg1425,cg1425,cg1129,cg1129,0,sampled_negative,unknown,0,0,0,0,0,,,0,0,0,0,,0,0,,0,0,0,0,,,,0,6,6,0,0,0,0,,,,0,0,0,0,,,,,,8,0,0,,0,,0,,,,0
cg2965,cg2965,cg2096,cg2096,0,sampled_negative,unknown,0,0,0,0,0,,,0,0,0,0,,0,0,,0,0,0,0,,,,0,2,2,0,0,0,0,,,,0,0,0,0,,,,,,8,1,0,,0,,0,,,,0
cg0444,cg0444,cgl2019,cgl2019,0,sampled_negative,unknown,0,0,0,0,0,,,0,0,0,0,,0,0,,0,0,0,0,,,,0,1,1,0,0,0,0,,,,0,0,0,0,,,,,,8,0,1,,1,,0,,,,0
cg0051,cg0051,cg2163,cg2163,0,sampled_negative,unknown,0,0,0,0,0,,,0,0,0,0,,0,0,,0,0,0,0,,,,0,6,6,0,0,0,0,,,,3,0,0,0,,,,,,8,0,0,,0,,0,,,,0
cg3202,cg3202,cgrfwd17900,cgrfwd17900,0,sampled_negative,unknown,0,0,0,0,0,,,0,0,0,0,,0,0,,0,0,0,0,,,,0,0,0,0,0,0,0,,,,0,0,0,0,,,,,,8,0,1,,0,,0,,,,0
cg2118,cg2118,cg1987,cg1987,0,sampled_negative,unknown,0,0,0,0,0,,,0,0,0,0,,0,0,,0,0,0,0,,,,0,1,1,0,0,0,0,,,,0,0,0,0,,,,,,8,0,0,,0,,0,,,,0
cg0527,cg0527,cg2004,cg2004,0,sampled_negative,unknown,0,0,0,0,0,,,0,0,0,0,,0,0,,0,0,0,0,,,,0,1,1,0,0,0,0,,,,15,0,0,0,,,,,,8,0,1,,0,,0,,,,0
cg2766,cg2766,ncgl0459,ncgl0459,0,sampled_negative,unknown,0,0,0,0,0,,,0,0,0,0,,0,0,,0,0,0,0,,,,0,0,0,0,0,0,0,,,,0,0,0,0,,,,,,8,0,0,,1,,0,,,,0
cg2737,cg2737,cg3569,cg3569,0,sampled_negative,unknown,0,0,0,0,0,,,0,0,0,0,,0,0,,0,0,0,0,,,,0,6,6,0,0,0,0,,,,0,0,0,0,,,,,,8,0,0,,0,,0,,,,0
cg0565,cg0565,cgl2562,cgl2562,0,sampled_negative,unknown,0,0,0,0,0,,,0,0,0,0,,0,0,,0,0,0,0,,,,0,6,6,0,0,0,0,,,,0,0,0,0,,,,,,8,0,1,,0,,0,,,,0
cg0309,cg0309,cgl0526,cgl0526,0,sampled_negative,unknown,0,0,0,0,0,,,0,0,0,0,,0,0,,0,0,0,0,,,,0,1,1,0,0,0,0,,,,0,0,0,0,,,,,,8,0,0,,0,,0,,,,0
cg2103,cg2103,cgrfwd15126,cgrfwd15126,0,sampled_negative,unknown,0,0,0,0,0,,,0,0,0,0,,0,0,,0,0,0,0,,,,0,0,0,0,0,0,0,,,,0,0,0,0,,,,,,8,0,0,,0,,0,,,,0
cg2115,cg2115,cgl1098,cgl1098,0,sampled_negative,unknown,0,0,0,0,0,,,0,0,0,0,,0,0,,0,0,0,0,,,,0,1,1,0,0,0,0,,,,0,0,0,0,,,,,,8,0,0,,0,,0,,,,0
cg1271,cg1271,cg0040,cg0040,0,sampled_negative,unknown,0,0,0,0,0,,,0,0,0,0,,0,0,,0,0,0,0,,,,0,0,0,0,0,0,0,,,,0,0,0,0,,,,,,8,1,0,,0,ECF_sigma,0,,,,0
cg0696,cg0696,cg1214,cg1214,0,sampled_negative,unknown,0,0,0,0,0,,,0,0,0,0,,0,0,,0,0,0,0,,,,0,1,1,0,0,0,0,,,,0,0,0,0,,,,,,8,1,1,,0,,0,,,,0
cg2888,cg2888,cgrfwd16992,cgrfwd16992,0,sampled_negative,unknown,0,0,0,0,0,,,0,0,0,0,,0,0,,0,0,0,0,,,,0,0,0,0,0,0,0,,,,0,0,0,0,,,,,,8,0,0,,0,,0,,,,0
cg2500,cg2500,cg0480,cg0480,0,sampled_negative,unknown,0,0,0,0,0,,,0,0,0,0,,0,0,,0,0,0,0,,,,0,60,6,0,0,0,0,,,,0,0,0,0,,,,,,8,0,0,,0,,0,,,,0
cg2516,cg2516,cg3316,cg3316,0,sampled_negative,unknown,0,0,0,0,0,,,0,0,0,0,,0,0,,0,0,0,0,,,,0,0,0,0,0,0,0,,,,0,0,0,0,,,,,,8,1,0,,0,,0,,,,0
cg0527,cg0527,cgl1114,cgl1114,0,sampled_negative,unknown,0,0,0,0,0,,,0,0,0,0,,0,0,,0,0,0,0,,,,0,4,1,0,0,0,0,,,,15,0,0,0,,,,,,8,0,1,,0,,0,,,,0
cg1308,cg1308,cgl0058,cgl0058,0,sampled_negative,unknown,0,0,0,0,0,,,0,0,0,0,,0,0,,0,0,0,0,,,,0,1,1,0,0,0,0,,,,0,0,0,0,,,,,,8,0,0,,0,,0,,,,0
cg0696,cg0696,cgl2580,cgl2580,0,sampled_negative,unknown,0,0,0,0,0,,,0,0,0,0,,0,0,,0,0,0,0,,,,0,6,6,0,0,0,0,,,,0,0,0,0,,,,,,8,0,1,,0,,0,,,,0
cg0876,cg0876,lcl_nc_006958_1_prot_wp_011015605_1_2929,lcl_nc_006958_1_prot_wp_011015605_1_2929,0,sampled_negative,unknown,0,0,0,0,0,,,0,0,0,0,,0,0,,0,0,0,0,,,,0,6,1,0,0,0,0,,,,2,0,0,0,,,,,,8,0,0,,0,ECF_sigma,0,,,,0
cg3247,cg3247,cg3047,cg3047,0,sampled_negative,unknown,0,0,0,0,0,,,0,0,0,0,,0,0,,0,0,0,0,,,,0,11,6,0,0,0,0,,,,0,0,0,0,,,,,,8,0,0,,0,,0,,,,0
cg0565,cg0565,cg1034,cg1034,0,sampled_negative,unknown,0,0,0,0,0,,,0,0,0,0,,0,0,,0,0,0,0,,,,0,6,1,0,0,0,0,,,,0,0,0,0,,,,,,8,0,1,,0,,0,,,,0
cg1704,cg1704,cgl0423,cgl0423,0,sampled_negative,unknown,0,0,0,0,0,,,0,0,0,0,,0,0,,0,0,0,0,,,,0,6,6,0,0,0,0,,,,0,0,0,0,,,,,,8,0,0,,0,,0,,,,0
cg2118,cg2118,cg3163,cg3163,0,sampled_negative,unknown,0,0,0,0,0,,,0,0,0,0,,0,0,,0,0,0,0,,,,0,81,8,0,0,0,0,,,,0,0,0,0,,,,,,8,0,0,,0,,0,,,,0
cg3315,cg3315,cg2399,cg2399,0,sampled_negative,unknown,0,0,0,0,0,,,0,0,0,0,,0,0,,0,0,0,0,,,,0,6,6,0,0,0,0,,,,0,0,0,0,,,,,,8,0,0,,0,,0,,,,0
cg2118,cg2118,cgl1995,cgl1995,0,sampled_negative,unknown,0,0,0,0,0,,,0,0,0,0,,0,0,,0,0,0,0,,,,0,1,1,0,0,0,0,,,,0,0,0,0,,,,,,8,0,0,,0,,0,,,,0
cg0215,cg0215,cgr2635,cgr2635,0,sampled_negative,unknown,0,0,0,0,0,,,0,0,0,0,,0,0,,0,0,0,0,,,,0,0,0,0,0,0,0,,,,0,0,0,0,,,,,,8,0,0,,0,,0,,,,0
cg3373,cg3373,lcl_nc_006958_1_prot_wp_011013466_1_199,lcl_nc_006958_1_prot_wp_011013466_1_199,0,sampled_negative,unknown,0,0,0,0,0,,,0,0,0,0,,0,0,,0,0,0,0,,,,0,1,1,0,0,0,0,,,,0,0,0,0,,,,,,8,0,0,,0,,0,,,,0
cg2766,cg2766,cgrrev00127,cgrrev00127,0,sampled_negative,unknown,0,0,0,0,0,,,0,0,0,0,,0,0,,0,0,0,0,,,,0,0,0,0,0,0,0,,,,0,0,0,0,,,,,,8,0,0,,1,,0,,,,0
cg0112,cg0112,cg0206,cg0206,0,sampled_negative,unknown,0,0,0,0,0,,,0,0,0,0,,0,0,,0,0,0,0,,,,0,0,0,0,0,0,0,,,,1,0,0,0,,,,,,8,1,0,,0,,0,,,,0
cg0019,cg0019,cgl1287,cgl1287,0,sampled_negative,unknown,0,0,0,0,0,,,0,0,0,0,,0,0,,0,0,0,0,,,,0,1,1,0,0,0,0,,,,0,0,0,0,,,,,,8,0,0,,0,,0,,,,0
cg2831,cg2831,cgl0695,cgl0695,0,sampled_negative,unknown,0,0,0,0,0,,,0,0,0,0,,0,0,,0,0,0,0,,,,0,11,6,0,0,0,0,,,,0,0,0,0,,,,,,8,0,2,,0,,0,,,,0
cg2894,cg2894,cg3207,cg3207,0,sampled_negative,unknown,0,0,0,0,0,,,0,0,0,0,,0,0,,0,0,0,0,,,,0,6,6,0,0,0,0,,,,0,0,0,0,,,,,,8,0,1,,0,,0,,,,0
cg0709,cg0709,cgl1384,cgl1384,0,sampled_negative,unknown,0,0,0,0,0,,,0,0,0,0,,0,0,,0,0,0,0,,,,0,42,6,0,0,0,0,,,,0,0,0,0,,,,,,8,0,2,,0,,0,,,,0
cg0878,cg0878,cg3361,cg3361,0,sampled_negative,unknown,0,0,0,0,0,,,0,0,0,0,,0,0,,0,0,0,0,,,,0,6,6,0,0,0,0,,,,0,0,0,0,,,,,,8,0,0,,0,,0,,,,0
cg0741,cg0741,cg3079,cg3079,0,sampled_negative,unknown,0,0,0,0,0,,,0,0,0,0,,0,0,,0,0,0,0,,,,0,0,0,0,0,0,0,,,,0,0,0,0,,,,,,8,0,1,,0,,0,,,,0
cg1486,cg1486,cgl2908,cgl2908,0,sampled_negative,unknown,0,0,0,0,0,,,0,0,0,0,,0,0,,0,0,0,0,,,,0,11,6,0,0,0,0,,,,0,0,0,0,,,,,,8,0,0,,0,,0,,,,0
cg2894,cg2894,cgrrev10376,cgrrev10376,0,sampled_negative,unknown,0,0,0,0,0,,,0,0,0,0,,0,0,,0,0,0,0,,,,0,0,0,0,0,0,0,,,,0,0,0,0,,,,,,8,0,1,,0,,0,,,,0
cg0343,cg0343,cg1377,cg1377,0,sampled_negative,unknown,0,0,0,0,0,,,0,0,0,0,,0,0,,0,0,0,0,,,,0,92,7,0,0,0,0,,,,0,0,0,0,,,,,,8,0,0,,0,,0,,,,0
cg1935,cg1935,lcl_nc_006958_1_prot_wp_011015002_1_2157,lcl_nc_006958_1_prot_wp_011015002_1_2157,0,sampled_negative,unknown,0,0,0,0,0,,,0,0,0,0,,0,0,,0,0,0,0,,,,0,2,1,0,0,0,0,,,,1,1,1,0,,,,,,8,0,1,,1,,0,,,,0
cg2268,cg2268,cg2277,cg2277,0,sampled_negative,unknown,0,0,0,0,0,,,0,0,0,0,,0,0,,0,0,0,0,,,,0,0,0,0,0,0,0,,,,2,0,0,0,,,,,,8,0,0,,0,,0,,,,0
cg2627,cg2627,cg1447,cg1447,0,sampled_negative,unknown,0,0,0,0,0,,,0,0,0,0,,0,0,,0,0,0,0,,,,0,1,1,0,0,0,0,,,,1,0,0,0,,,,,,8,0,0,,0,,0,,,,0
cg1032,cg1032,cg0425,cg0425,0,sampled_negative,unknown,0,0,0,0,0,,,0,0,0,0,,0,0,,0,0,0,0,,,,0,1,1,0,0,0,0,,,,0,0,0,0,,,,,,8,0,2,,0,,0,,,,0
cg0878,cg0878,cg1705,cg1705,0,sampled_negative,unknown,0,0,0,0,0,,,0,0,0,0,,0,0,,0,0,0,0,,,,0,0,0,0,0,0,0,,,,0,0,0,0,,,,,,8,0,0,,0,,0,,,,0
cg1648,cg1648,cgl0090,cgl0090,0,sampled_negative,unknown,0,0,0,0,0,,,0,0,0,0,,0,0,,0,0,0,0,,,,0,12,7,0,0,0,0,,,,0,0,0,0,,,,,,8,0,0,,0,,0,,,,0
cg0317,cg0317,cg0115,cg0115,0,sampled_negative,unknown,0,0,0,0,0,,,0,0,0,0,,0,0,,0,0,0,0,,,,0,7,7,0,0,0,0,,,,2,1,1,0,,,,,,8,1,0,,0,,0,,,,0
cg0313,cg0313,cg1111,cg1111,0,sampled_negative,unknown,0,0,0,0,0,,,0,0,0,0,,0,0,,0,0,0,0,,,,0,11,6,0,0,0,0,,,,0,0,0,0,,,,,,8,1,0,,0,,0,,,,0
cg0371,cg0371,cgl0372,cgl0372,0,sampled_negative,unknown,0,0,0,0,0,,,0,0,0,0,,0,0,,0,0,0,0,,,,0,10,5,0,0,0,0,,,,0,0,0,0,,,,,,8,0,0,,0,,0,,,,0
cg0725,cg0725,cgtrna_3543,cgtrna_3543,0,sampled_negative,unknown,0,0,0,0,0,,,0,0,0,0,,0,0,,0,0,0,0,,,,0,6,6,0,0,0,0,,,,0,0,0,0,,,,,,8,0,1,,0,,0,,,,0
cg1831,cg1831,cgl0864,cgl0864,0,sampled_negative,unknown,0,0,0,0,0,,,0,0,0,0,,0,0,,0,0,0,0,,,,0,1,1,0,0,0,0,,,,0,0,0,0,,,,,,8,0,0,,0,,0,,,,0
cg0019,cg0019,cg1530,cg1530,0,sampled_negative,unknown,0,0,0,0,0,,,0,0,0,0,,0,0,,0,0,0,0,,,,0,1,1,0,0,0,0,,,,0,0,0,0,,,,,,8,0,0,,0,,0,,,,0
cg0317,cg0317,cg1533,cg1533,0,sampled_negative,unknown,0,0,0,0,0,,,0,0,0,0,,0,0,,0,0,0,0,,,,0,1,1,0,0,0,0,,,,2,1,1,0,,,,,,8,0,0,,0,,0,,,,0
cg2502,cg2502,cg0341,cg0341,0,sampled_negative,unknown,0,0,0,0,0,,,0,0,0,0,,0,0,,0,0,0,0,,,,0,0,0,0,0,0,0,,,,0,0,0,0,,,,,,8,0,0,,0,,0,,,,0
cg1552,cg1552,lcl_nc_006958_1_prot_wp_003856962_1_2117,lcl_nc_006958_1_prot_wp_003856962_1_2117,0,sampled_negative,unknown,0,0,0,0,0,,,0,0,0,0,,0,0,,0,0,0,0,,,,0,1,1,0,0,0,0,,,,2,0,0,0,,,,,,8,0,0,,0,,0,,,,0
cg2831,cg2831,cg3351,cg3351,0,sampled_negative,unknown,0,0,0,0,0,,,0,0,0,0,,0,0,,0,0,0,0,,,,0,0,0,0,0,0,0,,,,0,0,0,0,,,,,,8,0,2,,0,,0,,,,0
cg3247,cg3247,cg2870,cg2870,0,sampled_negative,unknown,0,0,0,0,0,,,0,0,0,0,,0,0,,0,0,0,0,,,,0,6,6,0,0,0,0,,,,0,0,0,0,,,,,,8,0,0,,0,,0,,,,0
cg0112,cg0112,cg1970,cg1970,0,sampled_negative,unknown,0,0,0,0,0,,,0,0,0,0,,0,0,,0,0,0,0,,,,0,3,1,0,0,0,0,,,,1,0,0,0,,,,,,8,0,0,,0,,0,,,,0
gntr1,gntr1,cg0637,cg0637,0,sampled_negative,unknown,0,0,0,0,0,,,0,0,0,0,,0,0,,0,0,0,0,,,,0,12,6,0,0,0,0,,,,0,0,0,0,,,,,,8,1,0,,0,,0,,,,0
cg0454,cg0454,cg2608,cg2608,0,sampled_negative,unknown,0,0,0,0,0,,,0,0,0,0,,0,0,,0,0,0,0,,,,0,6,6,0,0,0,0,,,,1,0,0,0,,,,,,8,0,0,,0,,0,,,,0
cg1585,cg1585,lcl_nc_006958_1_prot_wp_011013506_1_251,lcl_nc_006958_1_prot_wp_011013506_1_251,0,sampled_negative,unknown,0,0,0,0,0,,,0,0,0,0,,0,0,,0,0,0,0,,,,0,1,1,0,0,0,0,,,,0,0,0,0,,,,,,8,0,1,,0,,0,,,,0
cg2831,cg2831,cg3113,cg3113,0,sampled_negative,unknown,0,0,0,0,0,,,0,0,0,0,,0,0,,0,0,0,0,,,,0,0,0,0,0,0,0,,,,0,0,0,0,,,,,,8,2,2,,0,,0,,,,0
cg1324,cg1324,cgrrev13052,cgrrev13052,0,sampled_negative,unknown,0,0,0,0,0,,,0,0,0,0,,0,0,,0,0,0,0,,,,0,0,0,0,0,0,0,,,,2,0,0,0,,,,,,8,0,0,,0,,0,,,,0
cg2500,cg2500,cgl1135,cgl1135,0,sampled_negative,unknown,0,0,0,0,0,,,0,0,0,0,,0,0,,0,0,0,0,,,,0,1,1,0,0,0,0,,,,0,0,0,0,,,,,,8,0,0,,0,,0,,,,0
cg1792,cg1792,cgl1190,cgl1190,0,sampled_negative,unknown,0,0,0,0,0,,,0,0,0,0,,0,0,,0,0,0,0,,,,0,17,7,0,0,0,0,,,,1,0,0,0,,,,,,8,0,0,,0,,0,,,,0
cg0800,cg0800,cg0350,cg0350,0,sampled_negative,unknown,0,0,0,0,0,,,0,0,0,0,,0,0,,0,0,0,0,,,,0,0,0,0,0,0,0,,,,0,0,0,0,,,,,,8,0,0,,0,,0,,,,0
cg0215,cg0215,cg0702,cg0702,0,sampled_negative,unknown,0,0,0,0,0,,,0,0,0,0,,0,0,,0,0,0,0,,,,0,6,1,0,0,0,0,,,,0,0,0,0,,,,,,8,0,0,,0,,0,,,,0
cg2641,cg2641,cg1978,cg1978,0,sampled_negative,unknown,0,0,0,0,0,,,0,0,0,0,,0,0,,0,0,0,0,,,,0,0,0,0,0,0,0,,,,0,0,0,0,,,,,,8,1,1,,0,,0,,,,0
cg0317,cg0317,cgr2635,cgr2635,0,sampled_negative,unknown,0,0,0,0,0,,,0,0,0,0,,0,0,,0,0,0,0,,,,0,0,0,0,0,0,0,,,,2,0,0,0,,,,,,8,0,0,,0,,0,,,,0
cg1340,cg1340,cg0448,cg0448,0,sampled_negative,unknown,0,0,0,0,0,,,0,0,0,0,,0,0,,0,0,0,0,,,,0,6,6,0,0,0,0,,,,0,0,0,0,,,,,,8,1,0,,0,,0,,,,0
cg0090,cg0090,lcl_nc_006958_1_prot_wp_011015096_1_2289,lcl_nc_006958_1_prot_wp_011015096_1_2289,0,sampled_negative,unknown,0,0,0,0,0,,,0,0,0,0,,0,0,,0,0,0,0,,,,0,1,1,0,0,0,0,,,,1,0,0,0,,,,,,8,0,0,,1,,0,,,,0
cg3097,cg3097,cg2080,cg2080,0,sampled_negative,unknown,0,0,0,0,0,,,0,0,0,0,,0,0,,0,0,0,0,,,,0,0,0,0,0,0,0,,,,0,0,0,0,,,,,,8,0,1,,0,,0,,,,0
cg2544,cg2544,cgl0372,cgl0372,0,sampled_negative,unknown,0,0,0,0,0,,,0,0,0,0,,0,0,,0,0,0,0,,,,0,10,5,0,0,0,0,,,,0,0,0,0,,,,,,8,0,0,,0,,0,,,,0
cg1084,cg1084,cgrfwd11470,cgrfwd11470,0,sampled_negative,unknown,0,0,0,0,0,,,0,0,0,0,,0,0,,0,0,0,0,,,,0,0,0,0,0,0,0,,,,0,0,0,0,,,,,,8,0,1,,0,,0,,,,0
cg1846,cg1846,cgl2491,cgl2491,0,sampled_negative,unknown,0,0,0,0,0,,,0,0,0,0,,0,0,,0,0,0,0,,,,0,138,8,0,0,0,0,,,,0,0,0,0,,,,,,8,0,0,,0,,0,,,,0
cg1585,cg1585,lcl_nc_006958_1_prot_wp_011014123_1_1070,lcl_nc_006958_1_prot_wp_011014123_1_1070,0,sampled_negative,unknown,0,0,0,0,0,,,0,0,0,0,,0,0,,0,0,0,0,,,,0,5,2,0,0,0,0,,,,0,0,0,0,,,,,,8,0,1,,0,,0,,,,0
cg0112,cg0112,cgl0948,cgl0948,0,sampled_negative,unknown,0,0,0,0,0,,,0,0,0,0,,0,0,,0,0,0,0,,,,0,3,1,0,0,0,0,,,,1,0,0,0,,,,,,8,0,0,,0,,0,,,,0
cg0090,cg0090,lcl_nc_006958_1_prot_wp_004567745_1_2201,lcl_nc_006958_1_prot_wp_004567745_1_2201,0,sampled_negative,unknown,0,0,0,0,0,,,0,0,0,0,,0,0,,0,0,0,0,,,,0,1,1,0,0,0,0,,,,1,0,0,0,,,,,,8,0,0,,1,,0,,,,0
cg0444,cg0444,ncgl0005,ncgl0005,0,sampled_negative,unknown,0,0,0,0,0,,,0,0,0,0,,0,0,,0,0,0,0,,,,0,0,0,0,0,0,0,,,,0,0,0,0,,,,,,8,0,1,,1,,0,,,,0
cg1935,cg1935,cg2778,cg2778,0,sampled_negative,unknown,0,0,0,0,0,,,0,0,0,0,,0,0,,0,0,0,0,,,,0,6,1,0,0,0,0,,,,1,0,0,0,,,,,,8,0,1,,1,,0,,,,0
cg0444,cg0444,cg3550,cg3550,0,sampled_negative,unknown,0,0,0,0,0,,,0,0,0,0,,0,0,,0,0,0,0,,,,0,1,1,0,0,0,0,,,,0,0,0,0,,,,,,8,0,1,,1,,0,,,,0
cg2114,cg2114,cgl0198,cgl0198,0,sampled_negative,unknown,0,0,0,0,0,,,0,0,0,0,,0,0,,0,0,0,0,,,,0,1,1,0,0,0,0,,,,0,0,0,0,,,,,,8,0,0,,0,,0,,,,0
cg3202,cg3202,cg0203,cg0203,0,sampled_negative,unknown,0,0,0,0,0,,,0,0,0,0,,0,0,,0,0,0,0,,,,0,11,6,0,0,0,0,,,,0,0,0,0,,,,,,8,1,1,,0,,0,,,,0
cg0337,cg0337,cgl0383,cgl0383,0,sampled_negative,unknown,0,0,0,0,0,,,0,0,0,0,,0,0,,0,0,0,0,,,,0,15,7,0,0,0,0,,,,0,0,0,0,,,,,,8,0,0,,0,,0,,,,0
cg3253,cg3253,cg0663,cg0663,0,sampled_negative,unknown,0,0,0,0,0,,,0,0,0,0,,0,0,,0,0,0,0,,,,0,1,1,0,0,0,0,,,,0,0,0,0,,,,,,8,0,1,,0,,0,,,,0
cg0215,cg0215,cg2486,cg2486,0,sampled_negative,unknown,0,0,0,0,0,,,0,0,0,0,,0,0,,0,0,0,0,,,,0,1,1,0,0,0,0,,,,0,0,0,0,,,,,,8,0,0,,0,,0,,,,0
cg1032,cg1032,cgrfwd09708,cgrfwd09708,0,sampled_negative,unknown,0,0,0,0,0,,,0,0,0,0,,0,0,,0,0,0,0,,,,0,0,0,0,0,0,0,,,,0,0,0,0,,,,,,8,0,2,,0,,0,,,,0
cg2103,cg2103,lcl_nc_006958_1_prot_wp_011014279_1_1272,lcl_nc_006958_1_prot_wp_011014279_1_1272,0,sampled_negative,unknown,0,0,0,0,0,,,0,0,0,0,,0,0,,0,0,0,0,,,,0,3,1,0,0,0,0,,,,0,0,0,0,,,,,,8,0,0,,0,,0,,,,0
cg0337,cg0337,ncgl0515,ncgl0515,0,sampled_negative,unknown,0,0,0,0,0,,,0,0,0,0,,0,0,,0,0,0,0,,,,0,0,0,0,0,0,0,,,,0,0,0,0,,,,,,8,0,0,,0,,0,,,,0
cg2109,cg2109,cg0327,cg0327,0,sampled_negative,unknown,0,0,0,0,0,,,0,0,0,0,,0,0,,0,0,0,0,,,,0,1,1,0,0,0,0,,,,0,0,0,0,,,,,,8,0,1,,0,,0,,,,0
cg2624,cg2624,cg1769,cg1769,0,sampled_negative,unknown,0,0,0,0,0,,,0,0,0,0,,0,0,,0,0,0,0,,,,0,0,0,0,0,0,0,,,,0,0,0,0,,,,,,8,0,0,,0,,0,,,,0
cg2092,cg2092,ncgl1173,ncgl1173,0,sampled_negative,unknown,0,0,0,0,0,,,0,0,0,0,,0,0,,0,0,0,0,,,,0,0,0,0,0,0,0,,,,0,0,0,0,,,,,,8,0,1,,0,,0,,,,0
cg2114,cg2114,cg1153,cg1153,0,sampled_negative,unknown,0,0,0,0,0,,,0,0,0,0,,0,0,,0,0,0,0,,,,0,1,1,0,0,0,0,,,,0,0,0,0,,,,,,8,1,0,,0,,0,,,,0
cg0565,cg0565,cg0230,cg0230,0,sampled_negative,unknown,0,0,0,0,0,,,0,0,0,0,,0,0,,0,0,0,0,,,,0,6,6,0,0,0,0,,,,0,0,0,0,,,,,,8,1,1,,0,,0,,,,0
cg0444,cg0444,cgl1050,cgl1050,0,sampled_negative,unknown,0,0,0,0,0,,,0,0,0,0,,0,0,,0,0,0,0,,,,0,2,1,0,0,0,0,,,,0,0,0,0,,,,,,8,0,1,,1,,0,,,,0
cg1935,cg1935,ncgl0303,ncgl0303,0,sampled_negative,unknown,0,0,0,0,0,,,0,0,0,0,,0,0,,0,0,0,0,,,,0,0,0,0,0,0,0,,,,1,0,0,0,,,,,,8,0,1,,1,,0,,,,0
cg0800,cg0800,cg0615,cg0615,0,sampled_negative,unknown,0,0,0,0,0,,,0,0,0,0,,0,0,,0,0,0,0,,,,0,1,1,0,0,0,0,,,,0,0,0,0,,,,,,8,0,0,,0,,0,,,,0
cg2502,cg2502,cg0803,cg0803,0,sampled_negative,unknown,0,0,0,0,0,,,0,0,0,0,,0,0,,0,0,0,0,,,,0,12,7,0,0,0,0,,,,0,0,0,0,,,,,,8,0,0,,0,,0,,,,0
cg0090,cg0090,cgl0039,cgl0039,0,sampled_negative,unknown,0,0,0,0,0,,,0,0,0,0,,0,0,,0,0,0,0,,,,0,6,6,0,0,0,0,,,,1,0,0,0,,,,,,8,0,0,,1,,0,,,,0
cg0090,cg0090,lcl_nc_006958_1_prot_wp_011015147_1_2348,lcl_nc_006958_1_prot_wp_011015147_1_2348,0,sampled_negative,unknown,0,0,0,0,0,,,0,0,0,0,,0,0,,0,0,0,0,,,,0,1,1,0,0,0,0,,,,1,0,0,0,,,,,,8,0,0,,1,,0,,,,0
cg2500,cg2500,cg1182,cg1182,0,sampled_negative,unknown,0,0,0,0,0,,,0,0,0,0,,0,0,,0,0,0,0,,,,0,0,0,0,0,0,0,,,,0,0,0,0,,,,,,8,3,0,,0,,0,,,,0
cg1846,cg1846,wp_011014278_1,wp_011014278_1,0,sampled_negative,unknown,0,0,0,0,0,,,0,0,0,0,,0,0,,0,0,0,0,,,,0,1,1,0,0,0,0,,,,0,0,0,0,,,,,,8,0,0,,0,,0,,,,0
cg0646,cg0646,lcl_nc_006958_1_prot_wp_011014780_1_1851,lcl_nc_006958_1_prot_wp_011014780_1_1851,0,sampled_negative,unknown,0,0,0,0,0,,,0,0,0,0,,0,0,,0,0,0,0,,,,0,1,1,0,0,0,0,,,,0,0,0,0,,,,,,8,0,1,,0,,0,,,,0
cg2500,cg2500,cgl0806,cgl0806,0,sampled_negative,unknown,0,0,0,0,0,,,0,0,0,0,,0,0,,0,0,0,0,,,,0,2,1,0,0,0,0,,,,0,0,0,0,,,,,,8,0,0,,0,,0,,,,0
cg2641,cg2641,lcl_nc_006958_1_prot_wp_011015130_1_2326,lcl_nc_006958_1_prot_wp_011015130_1_2326,0,sampled_negative,unknown,0,0,0,0,0,,,0,0,0,0,,0,0,,0,0,0,0,,,,0,1,1,0,0,0,0,,,,0,0,0,0,,,,,,8,0,1,,0,,0,,,,0
cg2092,cg2092,cg0029,cg0029,0,sampled_negative,unknown,0,0,0,0,0,,,0,0,0,0,,0,0,,0,0,0,0,,,,0,5,3,0,0,0,0,,,,0,0,0,0,,,,,,8,0,1,,0,,0,,,,0
cg3261,cg3261,lcl_nc_006958_1_prot_wp_011014050_1_985,lcl_nc_006958_1_prot_wp_011014050_1_985,0,sampled_negative,unknown,0,0,0,0,0,,,0,0,0,0,,0,0,,0,0,0,0,,,,0,2,1,0,0,0,0,,,,0,0,0,0,,,,,,8,0,0,,0,,0,,,,0
cg2114,cg2114,cg1400,cg1400,0,sampled_negative,unknown,0,0,0,0,0,,,0,0,0,0,,0,0,,0,0,0,0,,,,0,1,1,0,0,0,0,,,,0,0,0,0,,,,,,8,0,0,,0,,0,,,,0
cg0878,cg0878,cg0679,cg0679,0,sampled_negative,unknown,0,0,0,0,0,,,0,0,0,0,,0,0,,0,0,0,0,,,,0,0,0,0,0,0,0,,,,0,0,0,0,,,,,,8,0,0,,0,,0,,,,0
cg0463,cg0463,cgl1206,cgl1206,0,sampled_negative,unknown,0,0,0,0,0,,,0,0,0,0,,0,0,,0,0,0,0,,,,0,12,7,0,0,0,0,,,,0,0,0,0,,,,,,8,0,0,,0,,0,,,,0
cg1425,cg1425,lcl_nc_006958_1_prot_wp_011015567_1_2880,lcl_nc_006958_1_prot_wp_011015567_1_2880,0,sampled_negative,unknown,0,0,0,0,0,,,0,0,0,0,,0,0,,0,0,0,0,,,,0,1,1,0,0,0,0,,,,0,0,0,0,,,,,,8,0,0,,0,,0,,,,0
cg2118,cg2118,cgrfwd02496,cgrfwd02496,0,sampled_negative,unknown,0,0,0,0,0,,,0,0,0,0,,0,0,,0,0,0,0,,,,0,0,0,0,0,0,0,,,,0,0,0,0,,,,,,8,0,0,,0,,0,,,,0
cg0876,cg0876,cg0387,cg0387,0,sampled_negative,unknown,0,0,0,0,0,,,0,0,0,0,,0,0,,0,0,0,0,,,,0,11,6,0,0,0,0,,,,2,0,0,0,,,,,,8,0,0,,0,ECF_sigma,0,,,,0
cg3253,cg3253,ncgl2577,ncgl2577,0,sampled_negative,unknown,0,0,0,0,0,,,0,0,0,0,,0,0,,0,0,0,0,,,,0,0,0,0,0,0,0,,,,0,0,0,0,,,,,,8,0,1,,0,,0,,,,0
cg0215,cg0215,cg2505,cg2505,0,sampled_negative,unknown,0,0,0,0,0,,,0,0,0,0,,0,0,,0,0,0,0,,,,0,2,1,0,0,0,0,,,,0,0,0,0,,,,,,8,0,0,,0,,0,,,,0
cg0317,cg0317,cgl1360,cgl1360,0,sampled_negative,unknown,0,0,0,0,0,,,0,0,0,0,,0,0,,0,0,0,0,,,,0,7,7,0,0,0,0,,,,2,1,1,0,,,,,,8,0,0,,0,,0,,,,0
cg3247,cg3247,cgl2076,cgl2076,0,sampled_negative,unknown,0,0,0,0,0,,,0,0,0,0,,0,0,,0,0,0,0,,,,0,3,1,0,0,0,0,,,,0,0,0,0,,,,,,8,0,0,,0,,0,,,,0
cg2309,cg2309,cgrrev00562,cgrrev00562,0,sampled_negative,unknown,0,0,0,0,0,,,0,0,0,0,,0,0,,0,0,0,0,,,,0,0,0,0,0,0,0,,,,0,0,0,0,,,,,,8,0,0,,0,,0,,,,0
cg1308,cg1308,cg2223,cg2223,0,sampled_negative,unknown,0,0,0,0,0,,,0,0,0,0,,0,0,,0,0,0,0,,,,0,1,1,0,0,0,0,,,,0,0,0,0,,,,,,8,0,0,,0,,0,,,,0
cg0156,cg0156,cgl1206,cgl1206,0,sampled_negative,unknown,0,0,0,0,0,,,0,0,0,0,,0,0,,0,0,0,0,,,,0,12,7,0,0,0,0,,,,1,0,0,0,,,,,,8,0,0,,0,,0,,,,0
cg1120,cg1120,lcl_nc_006958_1_prot_wp_011014814_1_1899,lcl_nc_006958_1_prot_wp_011014814_1_1899,0,sampled_negative,unknown,0,0,0,0,0,,,0,0,0,0,,0,0,,0,0,0,0,,,,0,2,1,0,0,0,0,,,,1,0,0,0,,,,,,8,0,1,,0,,0,,,,0
cg2200,cg2200,wp_011014784_1,wp_011014784_1,0,sampled_negative,unknown,0,0,0,0,0,,,0,0,0,0,,0,0,,0,0,0,0,,,,0,1,1,0,0,0,0,,,,0,0,0,0,,,,,,8,0,1,,0,,0,,,,0
cg0565,cg0565,cgl1891,cgl1891,0,sampled_negative,unknown,0,0,0,0,0,,,0,0,0,0,,0,0,,0,0,0,0,,,,0,1,1,0,0,0,0,,,,0,0,0,0,,,,,,8,0,1,,0,,0,,,,0
cg1425,cg1425,lcl_nc_006958_1_prot_wp_011013936_1_838,lcl_nc_006958_1_prot_wp_011013936_1_838,0,sampled_negative,unknown,0,0,0,0,0,,,0,0,0,0,,0,0,,0,0,0,0,,,,0,1,1,0,0,0,0,,,,0,0,0,0,,,,,,8,0,0,,0,,0,,,,0
cg0090,cg0090,cgl1410,cgl1410,0,sampled_negative,unknown,0,0,0,0,0,,,0,0,0,0,,0,0,,0,0,0,0,,,,0,2,1,0,0,0,0,,,,1,0,0,0,,,,,,8,0,0,,1,,0,,,,0
cg1704,cg1704,cgrrev12196,cgrrev12196,0,sampled_negative,unknown,0,0,0,0,0,,,0,0,0,0,,0,0,,0,0,0,0,,,,0,0,0,0,0,0,0,,,,0,0,0,0,,,,,,8,0,0,,0,,0,,,,0
cg1817,cg1817,cgl1046,cgl1046,0,sampled_negative,unknown,0,0,0,0,0,,,0,0,0,0,,0,0,,0,0,0,0,,,,0,1,1,0,0,0,0,,,,6,0,0,0,,,,,,8,0,0,,0,,0,,,,0
cg0444,cg0444,lcl_nc_006958_1_prot_wp_011013898_1_776,lcl_nc_006958_1_prot_wp_011013898_1_776,0,sampled_negative,unknown,0,0,0,0,0,,,0,0,0,0,,0,0,,0,0,0,0,,,,0,1,1,0,0,0,0,,,,0,0,0,0,,,,,,8,0,1,,1,,0,,,,0
gntr1,gntr1,cg1458,cg1458,0,sampled_negative,unknown,0,0,0,0,0,,,0,0,0,0,,0,0,,0,0,0,0,,,,0,0,0,0,0,0,0,,,,0,0,0,0,,,,,,8,0,0,,0,,0,,,,0
cg1324,cg1324,cg0114,cg0114,0,sampled_negative,unknown,0,0,0,0,0,,,0,0,0,0,,0,0,,0,0,0,0,,,,0,7,7,0,0,0,0,,,,2,1,1,0,,,,,,8,0,0,,0,,0,,,,0
cg3373,cg3373,cgrrev06322,cgrrev06322,0,sampled_negative,unknown,0,0,0,0,0,,,0,0,0,0,,0,0,,0,0,0,0,,,,0,0,0,0,0,0,0,,,,0,0,0,0,,,,,,8,0,0,,0,,0,,,,0
cg2152,cg2152,ncgl0359,ncgl0359,0,sampled_negative,unknown,0,0,0,0,0,,,0,0,0,0,,0,0,,0,0,0,0,,,,0,0,0,0,0,0,0,,,,0,0,0,0,,,,,,8,0,0,,0,,0,,,,0
cg3082,cg3082,lcl_nc_006958_1_prot_wp_004567953_1_2902,lcl_nc_006958_1_prot_wp_004567953_1_2902,0,sampled_negative,unknown,0,0,0,0,0,,,0,0,0,0,,0,0,,0,0,0,0,,,,0,3,1,0,0,0,0,,,,0,0,0,0,,,,,,8,0,1,,0,,0,,,,0
cg3315,cg3315,cg0742,cg0742,0,sampled_negative,unknown,0,0,0,0,0,,,0,0,0,0,,0,0,,0,0,0,0,,,,0,0,0,0,0,0,0,,,,0,0,0,0,,,,,,8,1,0,,0,,0,,,,0
cg2109,cg2109,cgl1191,cgl1191,0,sampled_negative,unknown,0,0,0,0,0,,,0,0,0,0,,0,0,,0,0,0,0,,,,0,7,7,0,0,0,0,,,,0,0,0,0,,,,,,8,0,1,,0,,0,,,,0
cg2942,cg2942,cg2707,cg2707,0,sampled_negative,unknown,0,0,0,0,0,,,0,0,0,0,,0,0,,0,0,0,0,,,,0,1,1,0,0,0,0,,,,0,0,0,0,,,,,,8,1,0,,0,,0,,,,0
cg0196,cg0196,ncgl0914,ncgl0914,0,sampled_negative,unknown,0,0,0,0,0,,,0,0,0,0,,0,0,,0,0,0,0,,,,0,0,0,0,0,0,0,,,,0,0,0,0,,,,,,8,0,0,,0,,0,,,,0
cg1817,cg1817,cgrfwd01565,cgrfwd01565,0,sampled_negative,unknown,0,0,0,0,0,,,0,0,0,0,,0,0,,0,0,0,0,,,,0,0,0,0,0,0,0,,,,6,0,0,0,,,,,,8,0,0,,0,,0,,,,0
cg1340,cg1340,lcl_nc_006958_1_prot_wp_011014301_1_1315,lcl_nc_006958_1_prot_wp_011014301_1_1315,0,sampled_negative,unknown,0,0,0,0,0,,,0,0,0,0,,0,0,,0,0,0,0,,,,0,1,1,0,0,0,0,,,,0,0,0,0,,,,,,8,0,0,,0,,0,,,,0
cg2309,cg2309,ncgl2115,ncgl2115,0,sampled_negative,unknown,0,0,0,0,0,,,0,0,0,0,,0,0,,0,0,0,0,,,,0,0,0,0,0,0,0,,,,0,0,0,0,,,,,,8,0,0,,0,,0,,,,0
cg2965,cg2965,cg0857,cg0857,0,sampled_negative,unknown,0,0,0,0,0,,,0,0,0,0,,0,0,,0,0,0,0,,,,0,1,1,0,0,0,0,,,,0,0,0,0,,,,,,8,0,0,,0,,0,,,,0
cg0019,cg0019,cg0892,cg0892,0,sampled_negative,unknown,0,0,0,0,0,,,0,0,0,0,,0,0,,0,0,0,0,,,,0,0,0,0,0,0,0,,,,0,0,0,0,,,,,,8,0,0,,0,,0,,,,0
cg2624,cg2624,cgrrev16889,cgrrev16889,0,sampled_negative,unknown,0,0,0,0,0,,,0,0,0,0,,0,0,,0,0,0,0,,,,0,0,0,0,0,0,0,,,,0,0,0,0,,,,,,8,0,0,,0,,0,,,,0
cg3202,cg3202,lcl_nc_006958_1_prot_wp_011014966_1_2112,lcl_nc_006958_1_prot_wp_011014966_1_2112,0,sampled_negative,unknown,0,0,0,0,0,,,0,0,0,0,,0,0,,0,0,0,0,,,,0,1,1,0,0,0,0,,,,0,0,0,0,,,,,,8,0,1,,0,,0,,,,0
cg0646,cg0646,ncgl0670,ncgl0670,0,sampled_negative,unknown,0,0,0,0,0,,,0,0,0,0,,0,0,,0,0,0,0,,,,0,0,0,0,0,0,0,,,,0,0,0,0,,,,,,8,0,1,,0,,0,,,,0
cg2200,cg2200,cgl0845,cgl0845,0,sampled_negative,unknown,0,0,0,0,0,,,0,0,0,0,,0,0,,0,0,0,0,,,,0,7,7,0,0,0,0,,,,0,0,0,0,,,,,,8,0,1,,0,,0,,,,0
cg3202,cg3202,cg1237,cg1237,0,sampled_negative,unknown,0,0,0,0,0,,,0,0,0,0,,0,0,,0,0,0,0,,,,0,1,1,0,0,0,0,,,,0,0,0,0,,,,,,8,0,1,,0,,0,,,,0
cg0112,cg0112,cgl2001,cgl2001,0,sampled_negative,unknown,0,0,0,0,0,,,0,0,0,0,,0,0,,0,0,0,0,,,,0,7,7,0,0,0,0,,,,1,0,0,0,,,,,,8,0,0,,0,,0,,,,0
cg1410,cg1410,cgl1909,cgl1909,0,sampled_negative,unknown,0,0,0,0,0,,,0,0,0,0,,0,0,,0,0,0,0,,,,0,6,6,0,0,0,0,,,,2,0,0,0,,,,,,8,0,0,,0,,0,,,,0
cg1792,cg1792,cgl1253,cgl1253,0,sampled_negative,unknown,0,0,0,0,0,,,0,0,0,0,,0,0,,0,0,0,0,,,,0,14,6,0,0,0,0,,,,1,0,0,0,,,,,,8,0,0,,0,,0,,,,0
cg2109,cg2109,cgrrev09119,cgrrev09119,0,sampled_negative,unknown,0,0,0,0,0,,,0,0,0,0,,0,0,,0,0,0,0,,,,0,0,0,0,0,0,0,,,,0,0,0,0,,,,,,8,0,1,,0,,0,,,,0
cg2200,cg2200,cg2477,cg2477,0,sampled_negative,unknown,0,0,0,0,0,,,0,0,0,0,,0,0,,0,0,0,0,,,,0,2,1,0,0,0,0,,,,0,0,0,0,,,,,,8,0,1,,0,,0,,,,0
cg0444,cg0444,lcl_nc_006958_1_prot_wp_011015128_1_2324,lcl_nc_006958_1_prot_wp_011015128_1_2324,0,sampled_negative,unknown,0,0,0,0,0,,,0,0,0,0,,0,0,,0,0,0,0,,,,0,5,2,0,0,0,0,,,,0,0,0,0,,,,,,8,0,1,,1,,0,,,,0
cg1846,cg1846,cgl0915,cgl0915,0,sampled_negative,unknown,0,0,0,0,0,,,0,0,0,0,,0,0,,0,0,0,0,,,,0,1,1,0,0,0,0,,,,0,0,0,0,,,,,,8,0,0,,0,,0,,,,0
cg2615,cg2615,ncgl2326,ncgl2326,0,sampled_negative,unknown,0,0,0,0,0,,,0,0,0,0,,0,0,,0,0,0,0,,,,0,0,0,0,0,0,0,,,,0,0,0,0,,,,,,8,0,1,,0,,0,,,,0
cg2115,cg2115,lcl_nc_006958_1_prot_wp_011015033_1_2198,lcl_nc_006958_1_prot_wp_011015033_1_2198,0,sampled_negative,unknown,0,0,0,0,0,,,0,0,0,0,,0,0,,0,0,0,0,,,,0,1,1,0,0,0,0,,,,0,0,0,0,,,,,,8,0,0,,0,,0,,,,0
cg0146,cg0146,lcl_nc_006958_1_prot_wp_011014521_1_1616,lcl_nc_006958_1_prot_wp_011014521_1_1616,0,sampled_negative,unknown,0,0,0,0,0,,,0,0,0,0,,0,0,,0,0,0,0,,,,0,1,1,0,0,0,0,,,,0,0,0,0,,,,,,8,0,0,,1,,0,,,,0
cg0709,cg0709,cg0768,cg0768,0,sampled_negative,unknown,0,0,0,0,0,,,0,0,0,0,,0,0,,0,0,0,0,,,,0,1,1,0,0,0,0,,,,0,0,0,0,,,,,,8,0,2,,0,,0,,,,0
cg0800,cg0800,cg1783,cg1783,0,sampled_negative,unknown,0,0,0,0,0,,,0,0,0,0,,0,0,,0,0,0,0,,,,0,6,6,0,0,0,0,,,,0,0,0,0,,,,,,8,0,0,,0,,0,,,,0
cg2965,cg2965,cgrfwd14740,cgrfwd14740,0,sampled_negative,unknown,0,0,0,0,0,,,0,0,0,0,,0,0,,0,0,0,0,,,,0,0,0,0,0,0,0,,,,0,0,0,0,,,,,,8,0,0,,0,,0,,,,0
cg2936,cg2936,cgl0086,cgl0086,0,sampled_negative,unknown,0,0,0,0,0,,,0,0,0,0,,0,0,,0,0,0,0,,,,0,7,7,0,0,0,0,,,,2,1,1,0,,,,,,8,0,0,,0,,0,,,,0
cg0343,cg0343,cgl2784,cgl2784,0,sampled_negative,unknown,0,0,0,0,0,,,0,0,0,0,,0,0,,0,0,0,0,,,,0,6,6,0,0,0,0,,,,0,0,0,0,,,,,,8,0,0,,0,,0,,,,0
cg3202,cg3202,lcl_nc_006958_1_prot_wp_003862775_1_2685,lcl_nc_006958_1_prot_wp_003862775_1_2685,0,sampled_negative,unknown,0,0,0,0,0,,,0,0,0,0,,0,0,,0,0,0,0,,,,0,3,1,0,0,0,0,,,,0,0,0,0,,,,,,8,0,1,,0,,0,,,,0
cg3202,cg3202,lcl_nc_006958_1_prot_wp_011014413_1_1468,lcl_nc_006958_1_prot_wp_011014413_1_1468,0,sampled_negative,unknown,0,0,0,0,0,,,0,0,0,0,,0,0,,0,0,0,0,,,,0,1,1,0,0,0,0,,,,0,0,0,0,,,,,,8,0,1,,0,,0,,,,0
cg0696,cg0696,cgl2574,cgl2574,0,sampled_negative,unknown,0,0,0,0,0,,,0,0,0,0,,0,0,,0,0,0,0,,,,0,6,6,0,0,0,0,,,,0,0,0,0,,,,,,8,0,1,,0,,0,,,,0
cg0646,cg0646,cg2236,cg2236,0,sampled_negative,unknown,0,0,0,0,0,,,0,0,0,0,,0,0,,0,0,0,0,,,,0,6,6,0,0,0,0,,,,0,0,0,0,,,,,,8,0,1,,0,,0,,,,0
cg2766,cg2766,cgl0283,cgl0283,0,sampled_negative,unknown,0,0,0,0,0,,,0,0,0,0,,0,0,,0,0,0,0,,,,0,1,1,0,0,0,0,,,,0,0,0,0,,,,,,8,0,0,,1,,0,,,,0
cg0309,cg0309,lcl_nc_006958_1_prot_wp_003862263_1_1533,lcl_nc_006958_1_prot_wp_003862263_1_1533,0,sampled_negative,unknown,0,0,0,0,0,,,0,0,0,0,,0,0,,0,0,0,0,,,,0,1,1,0,0,0,0,,,,0,0,0,0,,,,,,8,0,0,,0,,0,,,,0
cg3373,cg3373,cgl0449,cgl0449,0,sampled_negative,unknown,0,0,0,0,0,,,0,0,0,0,,0,0,,0,0,0,0,,,,0,1,1,0,0,0,0,,,,0,0,0,0,,,,,,8,0,0,,0,,0,,,,0
cg0156,cg0156,cg0725,cg0725,0,sampled_negative,unknown,0,0,0,0,0,,,0,0,0,0,,0,0,,0,0,0,0,,,,0,0,0,0,0,0,0,,,,1,0,0,0,,,,,,8,1,0,,0,,0,,,,0
cg2114,cg2114,lcl_nc_006958_1_prot_wp_011265971_1_2453,lcl_nc_006958_1_prot_wp_011265971_1_2453,0,sampled_negative,unknown,0,0,0,0,0,,,0,0,0,0,,0,0,,0,0,0,0,,,,0,2,1,0,0,0,0,,,,0,0,0,0,,,,,,8,0,0,,0,,0,,,,0
cg2118,cg2118,cgl2138,cgl2138,0,sampled_negative,unknown,0,0,0,0,0,,,0,0,0,0,,0,0,,0,0,0,0,,,,0,2,1,0,0,0,0,,,,0,0,0,0,,,,,,8,0,0,,0,,0,,,,0
cg0146,cg0146,ncgl0155,ncgl0155,0,sampled_negative,unknown,0,0,0,0,0,,,0,0,0,0,,0,0,,0,0,0,0,,,,0,0,0,0,0,0,0,,,,0,0,0,0,,,,,,8,0,0,,1,,0,,,,0
cg1861,cg1861,cgl0240,cgl0240,0,sampled_negative,unknown,0,0,0,0,0,,,0,0,0,0,,0,0,,0,0,0,0,,,,0,11,6,0,0,0,0,,,,12,1,5,0,,,,,,8,0,0,,0,,0,,,,0
cg2624,cg2624,cgtrna_3583,cgtrna_3583,0,sampled_negative,unknown,0,0,0,0,0,,,0,0,0,0,,0,0,,0,0,0,0,,,,0,1,1,0,0,0,0,,,,0,0,0,0,,,,,,8,0,0,,0,,0,,,,0
cg2092,cg2092,cgl2817,cgl2817,0,sampled_negative,unknown,0,0,0,0,0,,,0,0,0,0,,0,0,,0,0,0,0,,,,0,12,7,0,0,0,0,,,,0,0,0,0,,,,,,8,0,1,,0,,0,,,,0
cg0156,cg0156,cg1655,cg1655,0,sampled_negative,unknown,0,0,0,0,0,,,0,0,0,0,,0,0,,0,0,0,0,,,,0,6,6,0,0,0,0,,,,1,0,0,0,,,,,,8,1,0,,0,,0,,,,0
cg2115,cg2115,cgl1206,cgl1206,0,sampled_negative,unknown,0,0,0,0,0,,,0,0,0,0,,0,0,,0,0,0,0,,,,0,12,7,0,0,0,0,,,,0,0,0,0,,,,,,8,0,0,,0,,0,,,,0
cg0156,cg0156,cgrfwd08258,cgrfwd08258,0,sampled_negative,unknown,0,0,0,0,0,,,0,0,0,0,,0,0,,0,0,0,0,,,,0,0,0,0,0,0,0,,,,1,0,0,0,,,,,,8,0,0,,0,,0,,,,0
cg3373,cg3373,cg2086,cg2086,0,sampled_negative,unknown,0,0,0,0,0,,,0,0,0,0,,0,0,,0,0,0,0,,,,0,6,6,0,0,0,0,,,,0,0,0,0,,,,,,8,0,0,,0,,0,,,,0
cg1792,cg1792,cgrfwd15126,cgrfwd15126,0,sampled_negative,unknown,0,0,0,0,0,,,0,0,0,0,,0,0,,0,0,0,0,,,,0,0,0,0,0,0,0,,,,1,0,0,0,,,,,,8,0,0,,0,,0,,,,0
cg1817,cg1817,ncgl0773,ncgl0773,0,sampled_negative,unknown,0,0,0,0,0,,,0,0,0,0,,0,0,,0,0,0,0,,,,0,0,0,0,0,0,0,,,,6,0,0,0,,,,,,8,0,0,,0,,0,,,,0
cg1792,cg1792,cgrrev03135,cgrrev03135,0,sampled_negative,unknown,0,0,0,0,0,,,0,0,0,0,,0,0,,0,0,0,0,,,,0,0,0,0,0,0,0,,,,1,0,0,0,,,,,,8,0,0,,0,,0,,,,0
cg1831,cg1831,lcl_nc_006958_1_prot_wp_011014956_1_2095,lcl_nc_006958_1_prot_wp_011014956_1_2095,0,sampled_negative,unknown,0,0,0,0,0,,,0,0,0,0,,0,0,,0,0,0,0,,,,0,3,1,0,0,0,0,,,,0,0,0,0,,,,,,8,0,0,,0,,0,,,,0
cg1547,cg1547,cgrfwd13941,cgrfwd13941,0,sampled_negative,unknown,0,0,0,0,0,,,0,0,0,0,,0,0,,0,0,0,0,,,,0,0,0,0,0,0,0,,,,0,0,0,0,,,,,,8,0,0,,0,,0,,,,0
cg2831,cg2831,cgr2084,cgr2084,0,sampled_negative,unknown,0,0,0,0,0,,,0,0,0,0,,0,0,,0,0,0,0,,,,0,0,0,0,0,0,0,,,,0,0,0,0,,,,,,8,0,2,,0,,0,,,,0
cg3253,cg3253,cg3546,cg3546,0,sampled_negative,unknown,0,0,0,0,0,,,0,0,0,0,,0,0,,0,0,0,0,,,,0,1,1,0,0,0,0,,,,0,0,0,0,,,,,,8,0,1,,0,,0,,,,0
cg2766,cg2766,lcl_nc_006958_1_prot_wp_011013982_1_902,lcl_nc_006958_1_prot_wp_011013982_1_902,0,sampled_negative,unknown,0,0,0,0,0,,,0,0,0,0,,0,0,,0,0,0,0,,,,0,1,1,0,0,0,0,,,,0,0,0,0,,,,,,8,0,0,,1,,0,,,,0
cg2500,cg2500,cg0415,cg0415,0,sampled_negative,unknown,0,0,0,0,0,,,0,0,0,0,,0,0,,0,0,0,0,,,,0,1,1,0,0,0,0,,,,0,0,0,0,,,,,,8,1,0,,0,,0,,,,0
cg2500,cg2500,cg2761,cg2761,0,sampled_negative,unknown,0,0,0,0,0,,,0,0,0,0,,0,0,,0,0,0,0,,,,0,3,1,0,0,0,0,,,,0,0,0,0,,,,,,8,0,0,,0,,0,,,,0
cg1817,cg1817,lcl_nc_006958_1_prot_wp_011014798_1_1876,lcl_nc_006958_1_prot_wp_011014798_1_1876,0,sampled_negative,unknown,0,0,0,0,0,,,0,0,0,0,,0,0,,0,0,0,0,,,,0,2,1,0,0,0,0,,,,6,0,0,0,,,,,,8,0,0,,0,,0,,,,0
cg0343,cg0343,ncgl0867,ncgl0867,0,sampled_negative,unknown,0,0,0,0,0,,,0,0,0,0,,0,0,,0,0,0,0,,,,0,0,0,0,0,0,0,,,,0,0,0,0,,,,,,8,0,0,,0,,0,,,,0
cg1120,cg1120,cg0584,cg0584,0,sampled_negative,unknown,0,0,0,0,0,,,0,0,0,0,,0,0,,0,0,0,0,,,,0,1,1,0,0,0,0,,,,1,0,0,0,,,,,,8,0,1,,0,,0,,,,0
cg2783,cg2783,lcl_nc_006958_1_prot_wp_011013572_1_327,lcl_nc_006958_1_prot_wp_011013572_1_327,0,sampled_negative,unknown,0,0,0,0,0,,,0,0,0,0,,0,0,,0,0,0,0,,,,0,1,1,0,0,0,0,,,,2,0,0,0,,,,,,8,0,0,,0,,0,,,,0
cg1211,cg1211,cgl2135,cgl2135,0,sampled_negative,unknown,0,0,0,0,0,,,0,0,0,0,,0,0,,0,0,0,0,,,,0,6,6,0,0,0,0,,,,0,0,0,0,,,,,,8,0,1,,0,,0,,,,0
cg1486,cg1486,cgl0968,cgl0968,0,sampled_negative,unknown,0,0,0,0,0,,,0,0,0,0,,0,0,,0,0,0,0,,,,0,22,6,0,0,0,0,,,,0,0,0,0,,,,,,8,0,0,,0,,0,,,,0
cg1552,cg1552,lcl_nc_006958_1_prot_wp_011014327_1_1347,lcl_nc_006958_1_prot_wp_011014327_1_1347,0,sampled_negative,unknown,0,0,0,0,0,,,0,0,0,0,,0,0,,0,0,0,0,,,,0,1,1,0,0,0,0,,,,2,0,0,0,,,,,,8,0,0,,0,,0,,,,0
cg3388,cg3388,ncgl0246,ncgl0246,0,sampled_negative,unknown,0,0,0,0,0,,,0,0,0,0,,0,0,,0,0,0,0,,,,0,0,0,0,0,0,0,,,,0,0,0,0,,,,,,8,0,0,,0,,0,,,,0
cg2500,cg2500,cgrrev03103,cgrrev03103,0,sampled_negative,unknown,0,0,0,0,0,,,0,0,0,0,,0,0,,0,0,0,0,,,,0,0,0,0,0,0,0,,,,0,0,0,0,,,,,,8,0,0,,0,,0,,,,0
cg1547,cg1547,cgl1296,cgl1296,0,sampled_negative,unknown,0,0,0,0,0,,,0,0,0,0,,0,0,,0,0,0,0,,,,0,1,1,0,0,0,0,,,,0,0,0,0,,,,,,8,0,0,,0,,0,,,,0
cg3315,cg3315,cgl2702,cgl2702,0,sampled_negative,unknown,0,0,0,0,0,,,0,0,0,0,,0,0,,0,0,0,0,,,,0,6,6,0,0,0,0,,,,0,0,0,0,,,,,,8,0,0,,0,,0,,,,0
cg1308,cg1308,cg1116,cg1116,0,sampled_negative,unknown,0,0,0,0,0,,,0,0,0,0,,0,0,,0,0,0,0,,,,0,7,7,0,0,0,0,,,,0,0,0,0,,,,,,8,0,0,,0,,0,,,,0
cg3420,cg3420,cgl0931,cgl0931,0,sampled_negative,unknown,0,0,0,0,0,,,0,0,0,0,,0,0,,0,0,0,0,,,,0,1,1,0,0,0,0,,,,0,0,0,0,,,,,,8,0,0,,0,ECF_sigma,0,,,,0
cg1486,cg1486,cgl1277,cgl1277,0,sampled_negative,unknown,0,0,0,0,0,,,0,0,0,0,,0,0,,0,0,0,0,,,,0,1,1,0,0,0,0,,,,0,0,0,0,,,,,,8,0,0,,0,,0,,,,0
cg0350,cg0350,cgl1926,cgl1926,0,sampled_negative,unknown,0,0,0,0,0,,,0,0,0,0,,0,0,,0,0,0,0,,,,0,1,1,0,0,0,0,,,,0,0,0,0,,,,,,8,0,0,,0,,0,,,,0
cg0313,cg0313,ncgl0694,ncgl0694,0,sampled_negative,unknown,0,0,0,0,0,,,0,0,0,0,,0,0,,0,0,0,0,,,,0,0,0,0,0,0,0,,,,0,0,0,0,,,,,,8,0,0,,0,,0,,,,0
cg0695,cg0695,cgr0950,cgr0950,0,sampled_negative,unknown,0,0,0,0,0,,,0,0,0,0,,0,0,,0,0,0,0,,,,0,0,0,0,0,0,0,,,,0,0,0,0,,,,,,8,0,1,,0,,0,,,,0
cg0337,cg0337,cgl0393,cgl0393,0,sampled_negative,unknown,0,0,0,0,0,,,0,0,0,0,,0,0,,0,0,0,0,,,,0,1,1,0,0,0,0,,,,0,0,0,0,,,,,,8,0,0,,0,,0,,,,0
cg0741,cg0741,cg2289,cg2289,0,sampled_negative,unknown,0,0,0,0,0,,,0,0,0,0,,0,0,,0,0,0,0,,,,0,13,7,0,0,0,0,,,,0,0,0,0,,,,,,8,0,1,,0,,0,,,,0
cg1425,cg1425,wp_003857192_1,wp_003857192_1,0,sampled_negative,unknown,0,0,0,0,0,,,0,0,0,0,,0,0,,0,0,0,0,,,,0,1,1,0,0,0,0,,,,0,0,0,0,,,,,,8,0,0,,0,,0,,,,0
cg0215,cg0215,cg2112,cg2112,0,sampled_negative,unknown,0,0,0,0,0,,,0,0,0,0,,0,0,,0,0,0,0,,,,0,1,1,0,0,0,0,,,,0,0,0,0,,,,,,8,1,0,,0,,0,,,,0
cg0702,cg0702,cg1831,cg1831,0,sampled_negative,unknown,0,0,0,0,0,,,0,0,0,0,,0,0,,0,0,0,0,,,,0,0,0,0,0,0,0,,,,6,0,0,0,,,,,,8,0,0,,0,,0,,,,0
cg0313,cg0313,cg1360,cg1360,0,sampled_negative,unknown,0,0,0,0,0,,,0,0,0,0,,0,0,,0,0,0,0,,,,0,0,0,0,0,0,0,,,,0,0,0,0,,,,,,8,0,0,,0,,0,,,,0
cg0343,cg0343,ncgl1710,ncgl1710,0,sampled_negative,unknown,0,0,0,0,0,,,0,0,0,0,,0,0,,0,0,0,0,,,,0,0,0,0,0,0,0,,,,0,0,0,0,,,,,,8,0,0,,0,,0,,,,0
cg0146,cg0146,cgl1750,cgl1750,0,sampled_negative,unknown,0,0,0,0,0,,,0,0,0,0,,0,0,,0,0,0,0,,,,0,3,1,0,0,0,0,,,,0,0,0,0,,,,,,8,0,0,,1,,0,,,,0
cg0876,cg0876,cgl2907,cgl2907,0,sampled_negative,unknown,0,0,0,0,0,,,0,0,0,0,,0,0,,0,0,0,0,,,,0,24,6,0,0,0,0,,,,2,0,0,0,,,,,,8,0,0,,0,ECF_sigma,0,,,,0
cg2114,cg2114,cg1322,cg1322,0,sampled_negative,unknown,0,0,0,0,0,,,0,0,0,0,,0,0,,0,0,0,0,,,,0,0,0,0,0,0,0,,,,0,0,0,0,,,,,,8,0,0,,0,,0,,,,0
cg0646,cg0646,cg2984,cg2984,0,sampled_negative,unknown,0,0,0,0,0,,,0,0,0,0,,0,0,,0,0,0,0,,,,0,0,0,0,0,0,0,,,,0,0,0,0,,,,,,8,0,1,,0,,0,,,,0
cg3352,cg3352,cgl2610,cgl2610,0,sampled_negative,unknown,0,0,0,0,0,,,0,0,0,0,,0,0,,0,0,0,0,,,,0,6,6,0,0,0,0,,,,0,0,0,0,,,,,,8,0,0,,0,,0,,,,0
cg1648,cg1648,cg1895,cg1895,0,sampled_negative,unknown,0,0,0,0,0,,,0,0,0,0,,0,0,,0,0,0,0,,,,0,0,0,0,0,0,0,,,,0,0,0,0,,,,,,8,1,0,,0,,0,,,,0
cg1817,cg1817,cg0390,cg0390,0,sampled_negative,unknown,0,0,0,0,0,,,0,0,0,0,,0,0,,0,0,0,0,,,,0,4,1,0,0,0,0,,,,6,0,0,0,,,,,,8,0,0,,0,,0,,,,0
cg2103,cg2103,cgrrev00921,cgrrev00921,0,sampled_negative,unknown,0,0,0,0,0,,,0,0,0,0,,0,0,,0,0,0,0,,,,0,0,0,0,0,0,0,,,,0,0,0,0,,,,,,8,0,0,,0,,0,,,,0
cg0051,cg0051,cg0381,cg0381,0,sampled_negative,unknown,0,0,0,0,0,,,0,0,0,0,,0,0,,0,0,0,0,,,,0,1,1,0,0,0,0,,,,3,0,0,0,,,,,,8,0,0,,0,,0,,,,0
cg1324,cg1324,cg1763,cg1763,0,sampled_negative,unknown,0,0,0,0,0,,,0,0,0,0,,0,0,,0,0,0,0,,,,0,0,0,0,0,0,0,,,,2,0,0,0,,,,,,8,1,0,,0,,0,,,,0
cg2118,cg2118,cg0115,cg0115,0,sampled_negative,unknown,0,0,0,0,0,,,0,0,0,0,,0,0,,0,0,0,0,,,,0,7,7,0,0,0,0,,,,0,0,0,0,,,,,,8,1,0,,0,,0,,,,0
cg0350,cg0350,cg0294,cg0294,0,sampled_negative,unknown,0,0,0,0,0,,,0,0,0,0,,0,0,,0,0,0,0,,,,0,11,6,0,0,0,0,,,,0,0,0,0,,,,,,8,0,0,,0,,0,,,,0
cg2502,cg2502,ncgl0344,ncgl0344,0,sampled_negative,unknown,0,0,0,0,0,,,0,0,0,0,,0,0,,0,0,0,0,,,,0,0,0,0,0,0,0,,,,0,0,0,0,,,,,,8,0,0,,0,,0,,,,0
cg2118,cg2118,cgtrna_3530,cgtrna_3530,0,sampled_negative,unknown,0,0,0,0,0,,,0,0,0,0,,0,0,,0,0,0,0,,,,0,6,6,0,0,0,0,,,,0,0,0,0,,,,,,8,0,0,,0,,0,,,,0
cg3261,cg3261,cg2780,cg2780,0,sampled_negative,unknown,0,0,0,0,0,,,0,0,0,0,,0,0,,0,0,0,0,,,,0,19,7,0,0,0,0,,,,0,0,0,0,,,,,,8,0,0,,0,,0,,,,0
cg2910,cg2910,cgl1681,cgl1681,0,sampled_negative,unknown,0,0,0,0,0,,,0,0,0,0,,0,0,,0,0,0,0,,,,0,5,1,0,0,0,0,,,,0,0,0,0,,,,,,8,0,0,,0,,0,,,,0
cg0527,cg0527,cgl0286,cgl0286,0,sampled_negative,unknown,0,0,0,0,0,,,0,0,0,0,,0,0,,0,0,0,0,,,,0,112,6,0,0,0,0,,,,15,0,0,0,,,,,,8,0,1,,0,,0,,,,0
cg2615,cg2615,cgl2796,cgl2796,0,sampled_negative,unknown,0,0,0,0,0,,,0,0,0,0,,0,0,,0,0,0,0,,,,0,6,6,0,0,0,0,,,,0,0,0,0,,,,,,8,0,1,,0,,0,,,,0
cg0979,cg0979,cgrrev16655,cgrrev16655,0,sampled_negative,unknown,0,0,0,0,0,,,0,0,0,0,,0,0,,0,0,0,0,,,,0,0,0,0,0,0,0,,,,0,0,0,0,,,,,,8,0,1,,0,,0,,,,0
cg2624,cg2624,cgrfwd11868,cgrfwd11868,0,sampled_negative,unknown,0,0,0,0,0,,,0,0,0,0,,0,0,,0,0,0,0,,,,0,0,0,0,0,0,0,,,,0,0,0,0,,,,,,8,0,0,,0,,0,,,,0
cg2516,cg2516,cg2272,cg2272,0,sampled_negative,unknown,0,0,0,0,0,,,0,0,0,0,,0,0,,0,0,0,0,,,,0,1,1,0,0,0,0,,,,0,0,0,0,,,,,,8,0,0,,0,,0,,,,0
cg1486,cg1486,cgl1951,cgl1951,0,sampled_negative,unknown,0,0,0,0,0,,,0,0,0,0,,0,0,,0,0,0,0,,,,0,6,6,0,0,0,0,,,,0,0,0,0,,,,,,8,0,0,,0,,0,,,,0
cg2894,cg2894,cgrfwd12178,cgrfwd12178,0,sampled_negative,unknown,0,0,0,0,0,,,0,0,0,0,,0,0,,0,0,0,0,,,,0,0,0,0,0,0,0,,,,0,0,0,0,,,,,,8,0,1,,0,,0,,,,0
cg1486,cg1486,cg2272,cg2272,0,sampled_negative,unknown,0,0,0,0,0,,,0,0,0,0,,0,0,,0,0,0,0,,,,0,1,1,0,0,0,0,,,,0,0,0,0,,,,,,8,0,0,,0,,0,,,,0
cg2115,cg2115,cgrfwd12136,cgrfwd12136,0,sampled_negative,unknown,0,0,0,0,0,,,0,0,0,0,,0,0,,0,0,0,0,,,,0,0,0,0,0,0,0,,,,0,0,0,0,,,,,,8,0,0,,0,,0,,,,0
cg1861,cg1861,cgl2733,cgl2733,0,sampled_negative,unknown,0,0,0,0,0,,,0,0,0,0,,0,0,,0,0,0,0,,,,0,22,6,0,0,0,0,,,,12,1,5,0,,,,,,8,0,0,,0,,0,,,,0
cg2894,cg2894,cg1451,cg1451,0,sampled_negative,unknown,0,0,0,0,0,,,0,0,0,0,,0,0,,0,0,0,0,,,,0,6,6,0,0,0,0,,,,0,0,0,0,,,,,,8,0,1,,0,,0,,,,0
cg0112,cg0112,lcl_nc_006958_1_prot_wp_011014301_1_1315,lcl_nc_006958_1_prot_wp_011014301_1_1315,0,sampled_negative,unknown,0,0,0,0,0,,,0,0,0,0,,0,0,,0,0,0,0,,,,0,1,1,0,0,0,0,,,,1,0,0,0,,,,,,8,0,0,,0,,0,,,,0
cg2114,cg2114,cg2576,cg2576,0,sampled_negative,unknown,0,0,0,0,0,,,0,0,0,0,,0,0,,0,0,0,0,,,,0,1,1,0,0,0,0,,,,0,0,0,0,,,,,,8,0,0,,0,,0,,,,0
cg0897,cg0897,cgrrev05569,cgrrev05569,0,sampled_negative,unknown,0,0,0,0,0,,,0,0,0,0,,0,0,,0,0,0,0,,,,0,0,0,0,0,0,0,,,,0,0,0,0,,,,,,8,0,1,,0,,0,,,,0
cg2109,cg2109,lcl_nc_006958_1_prot_wp_003856633_1_2099,lcl_nc_006958_1_prot_wp_003856633_1_2099,0,sampled_negative,unknown,0,0,0,0,0,,,0,0,0,0,,0,0,,0,0,0,0,,,,0,1,1,0,0,0,0,,,,0,0,0,0,,,,,,8,0,1,,0,,0,,,,0
cg2942,cg2942,lcl_nc_006958_1_prot_wp_003860764_1_626,lcl_nc_006958_1_prot_wp_003860764_1_626,0,sampled_negative,unknown,0,0,0,0,0,,,0,0,0,0,,0,0,,0,0,0,0,,,,0,3,1,0,0,0,0,,,,0,0,0,0,,,,,,8,0,0,,0,,0,,,,0
cg2516,cg2516,cgl1676,cgl1676,0,sampled_negative,unknown,0,0,0,0,0,,,0,0,0,0,,0,0,,0,0,0,0,,,,0,1,1,0,0,0,0,,,,0,0,0,0,,,,,,8,0,0,,0,,0,,,,0
cg0019,cg0019,ncgl0354,ncgl0354,0,sampled_negative,unknown,0,0,0,0,0,,,0,0,0,0,,0,0,,0,0,0,0,,,,0,0,0,0,0,0,0,,,,0,0,0,0,,,,,,8,0,0,,0,,0,,,,0
cg2112,cg2112,cgl0914,cgl0914,0,sampled_negative,unknown,0,0,0,0,0,,,0,0,0,0,,0,0,,0,0,0,0,,,,0,1,1,0,0,0,0,,,,1,1,1,0,,,,,,8,0,1,,0,,0,,,,0
cg2894,cg2894,cgrfwd13944,cgrfwd13944,0,sampled_negative,unknown,0,0,0,0,0,,,0,0,0,0,,0,0,,0,0,0,0,,,,0,0,0,0,0,0,0,,,,0,0,0,0,,,,,,8,0,1,,0,,0,,,,0
cg0862,cg0862,lcl_nc_006958_1_prot_wp_011014218_1_1194,lcl_nc_006958_1_prot_wp_011014218_1_1194,0,sampled_negative,unknown,0,0,0,0,0,,,0,0,0,0,,0,0,,0,0,0,0,,,,0,2,1,0,0,0,0,,,,0,0,0,0,,,,,,8,0,0,,0,,0,,,,0
cg2309,cg2309,lcl_nc_006958_1_prot_wp_011013331_1_30,lcl_nc_006958_1_prot_wp_011013331_1_30,0,sampled_negative,unknown,0,0,0,0,0,,,0,0,0,0,,0,0,,0,0,0,0,,,,0,2,1,0,0,0,0,,,,0,0,0,0,,,,,,8,0,0,,0,,0,,,,0
cg1846,cg1846,cgl0862,cgl0862,0,sampled_negative,unknown,0,0,0,0,0,,,0,0,0,0,,0,0,,0,0,0,0,,,,0,8,7,0,0,0,0,,,,0,0,0,0,,,,,,8,0,0,,0,,0,,,,0
cg0343,cg0343,cg0986,cg0986,0,sampled_negative,unknown,0,0,0,0,0,,,0,0,0,0,,0,0,,0,0,0,0,,,,0,0,0,0,0,0,0,,,,0,0,0,0,,,,,,8,0,0,,0,,0,,,,0
cg1792,cg1792,cg1564,cg1564,0,sampled_negative,unknown,0,0,0,0,0,,,0,0,0,0,,0,0,,0,0,0,0,,,,0,1,1,0,0,0,0,,,,1,0,0,0,,,,,,8,1,0,,0,,0,,,,0
cg2152,cg2152,cgl2158,cgl2158,0,sampled_negative,unknown,0,0,0,0,0,,,0,0,0,0,,0,0,,0,0,0,0,,,,0,6,6,0,0,0,0,,,,0,0,0,0,,,,,,8,0,0,,0,,0,,,,0
cg2115,cg2115,cgrfwd17742,cgrfwd17742,0,sampled_negative,unknown,0,0,0,0,0,,,0,0,0,0,,0,0,,0,0,0,0,,,,0,0,0,0,0,0,0,,,,0,0,0,0,,,,,,8,0,0,,0,,0,,,,0
cg0313,cg0313,cgl0553,cgl0553,0,sampled_negative,unknown,0,0,0,0,0,,,0,0,0,0,,0,0,,0,0,0,0,,,,0,7,7,0,0,0,0,,,,0,0,0,0,,,,,,8,0,0,,0,,0,,,,0
cg0527,cg0527,cg0717,cg0717,0,sampled_negative,unknown,0,0,0,0,0,,,0,0,0,0,,0,0,,0,0,0,0,,,,0,2,1,0,0,0,0,,,,15,0,0,0,,,,,,8,2,1,,0,,0,,,,0
cg0709,cg0709,cg1602,cg1602,0,sampled_negative,unknown,0,0,0,0,0,,,0,0,0,0,,0,0,,0,0,0,0,,,,0,1,1,0,0,0,0,,,,0,0,0,0,,,,,,8,0,2,,0,,0,,,,0
cg1817,cg1817,lcl_nc_006958_1_prot_wp_003858678_1_1361,lcl_nc_006958_1_prot_wp_003858678_1_1361,0,sampled_negative,unknown,0,0,0,0,0,,,0,0,0,0,,0,0,,0,0,0,0,,,,0,1,1,0,0,0,0,,,,6,0,0,0,,,,,,8,0,0,,0,,0,,,,0
cg0527,cg0527,cgl1223,cgl1223,0,sampled_negative,unknown,0,0,0,0,0,,,0,0,0,0,,0,0,,0,0,0,0,,,,0,91,7,0,0,0,0,,,,15,0,0,0,,,,,,8,0,1,,0,,0,,,,0
cg2737,cg2737,cgl1390,cgl1390,0,sampled_negative,unknown,0,0,0,0,0,,,0,0,0,0,,0,0,,0,0,0,0,,,,0,6,6,0,0,0,0,,,,0,0,0,0,,,,,,8,0,0,,0,,0,,,,0
cg2200,cg2200,cg0891,cg0891,0,sampled_negative,unknown,0,0,0,0,0,,,0,0,0,0,,0,0,,0,0,0,0,,,,0,5,2,0,0,0,0,,,,0,0,0,0,,,,,,8,0,1,,0,,0,,,,0
cg3285,cg3285,cg3334,cg3334,0,sampled_negative,unknown,0,0,0,0,0,,,0,0,0,0,,0,0,,0,0,0,0,,,,0,11,6,0,0,0,0,,,,0,0,0,0,,,,,,8,0,1,,0,,0,,,,0
cg0317,cg0317,ncgl0193,ncgl0193,0,sampled_negative,unknown,0,0,0,0,0,,,0,0,0,0,,0,0,,0,0,0,0,,,,0,0,0,0,0,0,0,,,,2,0,0,0,,,,,,8,0,0,,0,,0,,,,0
cg0196,cg0196,cgrfwd17715,cgrfwd17715,0,sampled_negative,unknown,0,0,0,0,0,,,0,0,0,0,,0,0,,0,0,0,0,,,,0,0,0,0,0,0,0,,,,0,0,0,0,,,,,,8,0,0,,0,,0,,,,0
cg1053,cg1053,cgrfwd04321,cgrfwd04321,0,sampled_negative,unknown,0,0,0,0,0,,,0,0,0,0,,0,0,,0,0,0,0,,,,0,0,0,0,0,0,0,,,,0,0,0,0,,,,,,8,0,0,,0,,0,,,,0
cg1792,cg1792,lcl_nc_006958_1_prot_wp_011265932_1_2242,lcl_nc_006958_1_prot_wp_011265932_1_2242,0,sampled_negative,unknown,0,0,0,0,0,,,0,0,0,0,,0,0,,0,0,0,0,,,,0,1,1,0,0,0,0,,,,1,0,0,0,,,,,,8,0,0,,0,,0,,,,0
cg2783,cg2783,cgl1196,cgl1196,0,sampled_negative,unknown,0,0,0,0,0,,,0,0,0,0,,0,0,,0,0,0,0,,,,0,24,6,0,0,0,0,,,,2,0,0,0,,,,,,8,0,0,,0,,0,,,,0
cg0309,cg0309,cg2830,cg2830,0,sampled_negative,unknown,0,0,0,0,0,,,0,0,0,0,,0,0,,0,0,0,0,,,,0,1,1,0,0,0,0,,,,0,0,0,0,,,,,,8,2,0,,0,,0,,,,0
cg1831,cg1831,cgrrev00717,cgrrev00717,0,sampled_negative,unknown,0,0,0,0,0,,,0,0,0,0,,0,0,,0,0,0,0,,,,0,0,0,0,0,0,0,,,,0,0,0,0,,,,,,8,0,0,,0,,0,,,,0
cg0565,cg0565,ncgl2842,ncgl2842,0,sampled_negative,unknown,0,0,0,0,0,,,0,0,0,0,,0,0,,0,0,0,0,,,,0,0,0,0,0,0,0,,,,0,0,0,0,,,,,,8,0,1,,0,,0,,,,0
cg3082,cg3082,cgl1985,cgl1985,0,sampled_negative,unknown,0,0,0,0,0,,,0,0,0,0,,0,0,,0,0,0,0,,,,0,1,1,0,0,0,0,,,,0,0,0,0,,,,,,8,0,1,,0,,0,,,,0
cg0979,cg0979,ncgl1640,ncgl1640,0,sampled_negative,unknown,0,0,0,0,0,,,0,0,0,0,,0,0,,0,0,0,0,,,,0,0,0,0,0,0,0,,,,0,0,0,0,,,,,,8,0,1,,0,,0,,,,0
cg2624,cg2624,lcl_nc_006958_1_prot_wp_011015128_1_2324,lcl_nc_006958_1_prot_wp_011015128_1_2324,0,sampled_negative,unknown,0,0,0,0,0,,,0,0,0,0,,0,0,,0,0,0,0,,,,0,5,2,0,0,0,0,,,,0,0,0,0,,,,,,8,0,0,,0,,0,,,,0
cg1340,cg1340,cg0909,cg0909,0,sampled_negative,unknown,0,0,0,0,0,,,0,0,0,0,,0,0,,0,0,0,0,,,,0,6,1,0,0,0,0,,,,0,0,0,0,,,,,,8,0,0,,0,,0,,,,0
cg2115,cg2115,cgl1212,cgl1212,0,sampled_negative,unknown,0,0,0,0,0,,,0,0,0,0,,0,0,,0,0,0,0,,,,0,11,6,0,0,0,0,,,,0,0,0,0,,,,,,8,0,0,,0,,0,,,,0
cg0444,cg0444,ncgl0776,ncgl0776,0,sampled_negative,unknown,0,0,0,0,0,,,0,0,0,0,,0,0,,0,0,0,0,,,,0,0,0,0,0,0,0,,,,0,0,0,0,,,,,,8,0,1,,1,,0,,,,0
cg1410,cg1410,cg2886,cg2886,0,sampled_negative,unknown,0,0,0,0,0,,,0,0,0,0,,0,0,,0,0,0,0,,,,0,6,6,0,0,0,0,,,,2,0,0,0,,,,,,8,0,0,,0,,0,,,,0
cg1547,cg1547,cgrfwd10490,cgrfwd10490,0,sampled_negative,unknown,0,0,0,0,0,,,0,0,0,0,,0,0,,0,0,0,0,,,,0,0,0,0,0,0,0,,,,0,0,0,0,,,,,,8,0,0,,0,,0,,,,0
cg2200,cg2200,cg1760,cg1760,0,sampled_negative,unknown,0,0,0,0,0,,,0,0,0,0,,0,0,,0,0,0,0,,,,0,0,0,0,0,0,0,,,,0,0,0,0,,,,,,8,1,1,,0,,0,,,,0
cg0051,cg0051,cgrfwd14736,cgrfwd14736,0,sampled_negative,unknown,0,0,0,0,0,,,0,0,0,0,,0,0,,0,0,0,0,,,,0,0,0,0,0,0,0,,,,3,0,0,0,,,,,,8,0,0,,0,,0,,,,0
cg0696,cg0696,cgrrev06312,cgrrev06312,0,sampled_negative,unknown,0,0,0,0,0,,,0,0,0,0,,0,0,,0,0,0,0,,,,0,0,0,0,0,0,0,,,,0,0,0,0,,,,,,8,0,1,,0,,0,,,,0
cg0156,cg0156,lcl_nc_006958_1_prot_wp_003857703_1_90,lcl_nc_006958_1_prot_wp_003857703_1_90,0,sampled_negative,unknown,0,0,0,0,0,,,0,0,0,0,,0,0,,0,0,0,0,,,,0,1,1,0,0,0,0,,,,1,0,0,0,,,,,,8,0,0,,0,,0,,,,0
cg3239,cg3239,cgl2254,cgl2254,0,sampled_negative,unknown,0,0,0,0,0,,,0,0,0,0,,0,0,,0,0,0,0,,,,0,123,9,0,0,0,0,,,,0,0,0,0,,,,,,8,0,1,,0,,0,,,,0
cg0012,cg0012,cg3320,cg3320,0,sampled_negative,unknown,0,0,0,0,0,,,0,0,0,0,,0,0,,0,0,0,0,,,,0,0,0,0,0,0,0,,,,0,0,0,0,,,,,,8,0,1,,0,Group_1_sigma,0,,,,0
cg0702,cg0702,cgl2736,cgl2736,0,sampled_negative,unknown,0,0,0,0,0,,,0,0,0,0,,0,0,,0,0,0,0,,,,0,6,6,0,0,0,0,,,,6,0,0,0,,,,,,8,0,0,,0,,0,,,,0
cg3239,cg3239,cgl0423,cgl0423,0,sampled_negative,unknown,0,0,0,0,0,,,0,0,0,0,,0,0,,0,0,0,0,,,,0,6,6,0,0,0,0,,,,0,0,0,0,,,,,,8,0,1,,0,,0,,,,0
cg1552,cg1552,cg2383,cg2383,0,sampled_negative,unknown,0,0,0,0,0,,,0,0,0,0,,0,0,,0,0,0,0,,,,0,6,6,0,0,0,0,,,,2,0,0,0,,,,,,8,0,0,,0,,0,,,,0
cg2200,cg2200,wp_011014860_1,wp_011014860_1,0,sampled_negative,unknown,0,0,0,0,0,,,0,0,0,0,,0,0,,0,0,0,0,,,,0,1,1,0,0,0,0,,,,0,0,0,0,,,,,,8,0,1,,0,,0,,,,0
cg0454,cg0454,cg3540,cg3540,0,sampled_negative,unknown,0,0,0,0,0,,,0,0,0,0,,0,0,,0,0,0,0,,,,0,1,1,0,0,0,0,,,,1,0,0,0,,,,,,8,0,0,,0,,0,,,,0
cg0090,cg0090,cg1570,cg1570,0,sampled_negative,unknown,0,0,0,0,0,,,0,0,0,0,,0,0,,0,0,0,0,,,,0,42,6,0,0,0,0,,,,1,0,0,0,,,,,,8,0,0,,1,,0,,,,0
cg3315,cg3315,lcl_nc_006958_1_prot_wp_011013985_1_907,lcl_nc_006958_1_prot_wp_011013985_1_907,0,sampled_negative,unknown,0,0,0,0,0,,,0,0,0,0,,0,0,,0,0,0,0,,,,0,1,1,0,0,0,0,,,,0,0,0,0,,,,,,8,0,0,,0,,0,,,,0
cg1846,cg1846,cg3221,cg3221,0,sampled_negative,unknown,0,0,0,0,0,,,0,0,0,0,,0,0,,0,0,0,0,,,,0,0,0,0,0,0,0,,,,0,0,0,0,,,,,,8,1,0,,0,,0,,,,0
cg1032,cg1032,lcl_nc_006958_1_prot_wp_020948499_1_287,lcl_nc_006958_1_prot_wp_020948499_1_287,0,sampled_negative,unknown,0,0,0,0,0,,,0,0,0,0,,0,0,,0,0,0,0,,,,0,1,1,0,0,0,0,,,,0,0,0,0,,,,,,8,0,2,,0,,0,,,,0
cg1704,cg1704,lcl_nc_006958_1_prot_wp_011014223_1_1201,lcl_nc_006958_1_prot_wp_011014223_1_1201,0,sampled_negative,unknown,0,0,0,0,0,,,0,0,0,0,,0,0,,0,0,0,0,,,,0,1,1,0,0,0,0,,,,0,0,0,0,,,,,,8,0,0,,0,,0,,,,0
gntr1,gntr1,cgl2641,cgl2641,0,sampled_negative,unknown,0,0,0,0,0,,,0,0,0,0,,0,0,,0,0,0,0,,,,0,6,6,0,0,0,0,,,,0,0,0,0,,,,,,8,0,0,,0,,0,,,,0
cg3261,cg3261,cg3102,cg3102,0,sampled_negative,unknown,0,0,0,0,0,,,0,0,0,0,,0,0,,0,0,0,0,,,,0,6,6,0,0,0,0,,,,0,0,0,0,,,,,,8,1,0,,0,,0,,,,0
cg1340,cg1340,cg1257,cg1257,0,sampled_negative,unknown,0,0,0,0,0,,,0,0,0,0,,0,0,,0,0,0,0,,,,0,11,6,0,0,0,0,,,,0,0,0,0,,,,,,8,0,0,,0,,0,,,,0
cg0215,cg0215,cg2796,cg2796,0,sampled_negative,unknown,0,0,0,0,0,,,0,0,0,0,,0,0,,0,0,0,0,,,,0,11,6,0,0,0,0,,,,0,0,0,0,,,,,,8,0,0,,0,,0,,,,0
cg3315,cg3315,lcl_nc_006958_1_prot_wp_011014180_1_1145,lcl_nc_006958_1_prot_wp_011014180_1_1145,0,sampled_negative,unknown,0,0,0,0,0,,,0,0,0,0,,0,0,,0,0,0,0,,,,0,1,1,0,0,0,0,,,,0,0,0,0,,,,,,8,0,0,,0,,0,,,,0
cg0646,cg0646,lcl_nc_006958_1_prot_wp_011013593_1_348,lcl_nc_006958_1_prot_wp_011013593_1_348,0,sampled_negative,unknown,0,0,0,0,0,,,0,0,0,0,,0,0,,0,0,0,0,,,,0,1,1,0,0,0,0,,,,0,0,0,0,,,,,,8,0,1,,0,,0,,,,0
cg0371,cg0371,ncgl0193,ncgl0193,0,sampled_negative,unknown,0,0,0,0,0,,,0,0,0,0,,0,0,,0,0,0,0,,,,0,0,0,0,0,0,0,,,,0,0,0,0,,,,,,8,0,0,,0,,0,,,,0
cg0337,cg0337,cg1485,cg1485,0,sampled_negative,unknown,0,0,0,0,0,,,0,0,0,0,,0,0,,0,0,0,0,,,,0,7,7,0,0,0,0,,,,0,0,0,0,,,,,,8,0,0,,0,,0,,,,0
cg0215,cg0215,lcl_nc_006958_1_prot_wp_011265993_1_2587,lcl_nc_006958_1_prot_wp_011265993_1_2587,0,sampled_negative,unknown,0,0,0,0,0,,,0,0,0,0,,0,0,,0,0,0,0,,,,0,1,1,0,0,0,0,,,,0,0,0,0,,,,,,8,0,0,,0,,0,,,,0
cg0215,cg0215,cg0178,cg0178,0,sampled_negative,unknown,0,0,0,0,0,,,0,0,0,0,,0,0,,0,0,0,0,,,,0,1,1,0,0,0,0,,,,0,0,0,0,,,,,,8,0,0,,0,,0,,,,0
cg1053,cg1053,lcl_nc_006958_1_prot_wp_003856367_1_1960,lcl_nc_006958_1_prot_wp_003856367_1_1960,0,sampled_negative,unknown,0,0,0,0,0,,,0,0,0,0,,0,0,,0,0,0,0,,,,0,7,1,0,0,0,0,,,,0,0,0,0,,,,,,8,0,0,,0,,0,,,,0
cg1324,cg1324,cgl0214,cgl0214,0,sampled_negative,unknown,0,0,0,0,0,,,0,0,0,0,,0,0,,0,0,0,0,,,,0,6,6,0,0,0,0,,,,2,0,0,0,,,,,,8,0,0,,0,,0,,,,0
cg0051,cg0051,cg0815,cg0815,0,sampled_negative,unknown,0,0,0,0,0,,,0,0,0,0,,0,0,,0,0,0,0,,,,0,1,1,0,0,0,0,,,,3,0,0,0,,,,,,8,1,0,,0,,0,,,,0
cg1547,cg1547,lcl_nc_006958_1_prot_wp_011265998_1_2606,lcl_nc_006958_1_prot_wp_011265998_1_2606,0,sampled_negative,unknown,0,0,0,0,0,,,0,0,0,0,,0,0,,0,0,0,0,,,,0,2,1,0,0,0,0,,,,0,0,0,0,,,,,,8,0,0,,0,,0,,,,0
cg0337,cg0337,cg1647,cg1647,0,sampled_negative,unknown,0,0,0,0,0,,,0,0,0,0,,0,0,,0,0,0,0,,,,0,0,0,0,0,0,0,,,,0,0,0,0,,,,,,8,0,0,,0,,0,,,,0
cg2102,cg2102,cg1896,cg1896,0,sampled_negative,unknown,0,0,0,0,0,,,0,0,0,0,,0,0,,0,0,0,0,,,,0,5,1,0,0,0,0,,,,0,0,0,0,,,,,,8,1,0,,0,Group_2_sigma,0,,,,0
cg1053,cg1053,lcl_nc_006958_1_prot_wp_003861983_1_1992,lcl_nc_006958_1_prot_wp_003861983_1_1992,0,sampled_negative,unknown,0,0,0,0,0,,,0,0,0,0,,0,0,,0,0,0,0,,,,0,1,1,0,0,0,0,,,,0,0,0,0,,,,,,8,0,0,,0,,0,,,,0
cg1120,cg1120,lcl_nc_006958_1_prot_wp_011014218_1_1194,lcl_nc_006958_1_prot_wp_011014218_1_1194,0,sampled_negative,unknown,0,0,0,0,0,,,0,0,0,0,,0,0,,0,0,0,0,,,,0,2,1,0,0,0,0,,,,1,1,1,0,,,,,,8,0,1,,0,,0,,,,0
cg1486,cg1486,cgl0364,cgl0364,0,sampled_negative,unknown,0,0,0,0,0,,,0,0,0,0,,0,0,,0,0,0,0,,,,0,1,1,0,0,0,0,,,,0,0,0,0,,,,,,8,0,0,,0,,0,,,,0
cg0876,cg0876,cg2735,cg2735,0,sampled_negative,unknown,0,0,0,0,0,,,0,0,0,0,,0,0,,0,0,0,0,,,,0,2,1,0,0,0,0,,,,2,1,1,0,,,,,,8,0,0,,0,ECF_sigma,0,,,,0
cg0313,cg0313,cg2182,cg2182,0,sampled_negative,unknown,0,0,0,0,0,,,0,0,0,0,,0,0,,0,0,0,0,,,,0,23,1,0,0,0,0,,,,0,0,0,0,,,,,,8,0,0,,0,,0,,,,0
cg1817,cg1817,ncgl2592,ncgl2592,0,sampled_negative,unknown,0,0,0,0,0,,,0,0,0,0,,0,0,,0,0,0,0,,,,0,0,0,0,0,0,0,,,,6,0,0,0,,,,,,8,0,0,,0,,0,,,,0
cg1425,cg1425,cg1368,cg1368,0,sampled_negative,unknown,0,0,0,0,0,,,0,0,0,0,,0,0,,0,0,0,0,,,,0,11,6,0,0,0,0,,,,0,0,0,0,,,,,,8,0,0,,0,,0,,,,0
cg3247,cg3247,lcl_nc_006958_1_prot_wp_041625656_1_1114,lcl_nc_006958_1_prot_wp_041625656_1_1114,0,sampled_negative,unknown,0,0,0,0,0,,,0,0,0,0,,0,0,,0,0,0,0,,,,0,1,1,0,0,0,0,,,,0,0,0,0,,,,,,8,0,0,,0,,0,,,,0
cg3373,cg3373,cg0406,cg0406,0,sampled_negative,unknown,0,0,0,0,0,,,0,0,0,0,,0,0,,0,0,0,0,,,,0,1,1,0,0,0,0,,,,0,0,0,0,,,,,,8,0,0,,0,,0,,,,0
cg2102,cg2102,cg2687,cg2687,0,sampled_negative,unknown,0,0,0,0,0,,,0,0,0,0,,0,0,,0,0,0,0,,,,0,7,7,0,0,0,0,,,,0,0,0,0,,,,,,8,1,0,,0,Group_2_sigma,0,,,,0
cg1425,cg1425,cgl2240,cgl2240,0,sampled_negative,unknown,0,0,0,0,0,,,0,0,0,0,,0,0,,0,0,0,0,,,,0,1,1,0,0,0,0,,,,0,0,0,0,,,,,,8,0,0,,0,,0,,,,0
cg2965,cg2965,lcl_nc_006958_1_prot_wp_011015128_1_2324,lcl_nc_006958_1_prot_wp_011015128_1_2324,0,sampled_negative,unknown,0,0,0,0,0,,,0,0,0,0,,0,0,,0,0,0,0,,,,0,5,2,0,0,0,0,,,,0,0,0,0,,,,,,8,0,0,,0,,0,,,,0
cg2831,cg2831,cgl1410,cgl1410,0,sampled_negative,unknown,0,0,0,0,0,,,0,0,0,0,,0,0,,0,0,0,0,,,,0,2,1,0,0,0,0,,,,0,0,0,0,,,,,,8,0,2,,0,,0,,,,0
cg2516,cg2516,lcl_nc_006958_1_prot_wp_011013377_1_86,lcl_nc_006958_1_prot_wp_011013377_1_86,0,sampled_negative,unknown,0,0,0,0,0,,,0,0,0,0,,0,0,,0,0,0,0,,,,0,1,1,0,0,0,0,,,,0,0,0,0,,,,,,8,0,0,,0,,0,,,,0
cg0741,cg0741,cg1986,cg1986,0,sampled_negative,unknown,0,0,0,0,0,,,0,0,0,0,,0,0,,0,0,0,0,,,,0,1,1,0,0,0,0,,,,0,0,0,0,,,,,,8,0,1,,0,,0,,,,0
cg1648,cg1648,cg1007,cg1007,0,sampled_negative,unknown,0,0,0,0,0,,,0,0,0,0,,0,0,,0,0,0,0,,,,0,2,2,0,0,0,0,,,,0,0,0,0,,,,,,8,0,0,,0,,0,,,,0
cg1861,cg1861,cgl2002,cgl2002,0,sampled_negative,unknown,0,0,0,0,0,,,0,0,0,0,,0,0,,0,0,0,0,,,,0,3,1,0,0,0,0,,,,12,0,0,0,,,,,,8,0,0,,0,,0,,,,0
cg0979,cg0979,cg2406,cg2406,0,sampled_negative,unknown,0,0,0,0,0,,,0,0,0,0,,0,0,,0,0,0,0,,,,0,18,6,0,0,0,0,,,,0,0,0,0,,,,,,8,1,1,,0,,0,,,,0
cg0709,cg0709,cg0437,cg0437,0,sampled_negative,unknown,0,0,0,0,0,,,0,0,0,0,,0,0,,0,0,0,0,,,,0,1,1,0,0,0,0,,,,0,0,0,0,,,,,,8,1,2,,0,,0,,,,0
cg0215,cg0215,cgrfwd09337,cgrfwd09337,0,sampled_negative,unknown,0,0,0,0,0,,,0,0,0,0,,0,0,,0,0,0,0,,,,0,0,0,0,0,0,0,,,,0,0,0,0,,,,,,8,0,0,,0,,0,,,,0
cg2888,cg2888,ncgl0841,ncgl0841,0,sampled_negative,unknown,0,0,0,0,0,,,0,0,0,0,,0,0,,0,0,0,0,,,,0,0,0,0,0,0,0,,,,0,0,0,0,,,,,,8,0,0,,0,,0,,,,0
cg0709,cg0709,cgl0067,cgl0067,0,sampled_negative,unknown,0,0,0,0,0,,,0,0,0,0,,0,0,,0,0,0,0,,,,0,7,7,0,0,0,0,,,,0,0,0,0,,,,,,8,0,2,,0,,0,,,,0
cg3388,cg3388,lcl_nc_006958_1_prot_wp_003860004_1_1456,lcl_nc_006958_1_prot_wp_003860004_1_1456,0,sampled_negative,unknown,0,0,0,0,0,,,0,0,0,0,,0,0,,0,0,0,0,,,,0,1,1,0,0,0,0,,,,0,0,0,0,,,,,,8,0,0,,0,,0,,,,0
cg1765,cg1765,ncgl2128,ncgl2128,0,sampled_negative,unknown,0,0,0,0,0,,,0,0,0,0,,0,0,,0,0,0,0,,,,0,0,0,0,0,0,0,,,,0,0,0,0,,,,,,8,0,1,,0,,0,,,,0
cg2737,cg2737,cg1862,cg1862,0,sampled_negative,unknown,0,0,0,0,0,,,0,0,0,0,,0,0,,0,0,0,0,,,,0,6,6,0,0,0,0,,,,0,0,0,0,,,,,,8,1,0,,0,,0,,,,0
cg0702,cg0702,cg0727,cg0727,0,sampled_negative,unknown,0,0,0,0,0,,,0,0,0,0,,0,0,,0,0,0,0,,,,0,1,1,0,0,0,0,,,,6,0,0,0,,,,,,8,1,0,,0,,0,,,,0
cg0112,cg0112,cg0276,cg0276,0,sampled_negative,unknown,0,0,0,0,0,,,0,0,0,0,,0,0,,0,0,0,0,,,,0,10,2,0,0,0,0,,,,1,0,0,0,,,,,,8,0,0,,0,,0,,,,0
cg0695,cg0695,cg0666,cg0666,0,sampled_negative,unknown,0,0,0,0,0,,,0,0,0,0,,0,0,,0,0,0,0,,,,0,13,8,0,0,0,0,,,,0,0,0,0,,,,,,8,0,1,,0,,0,,,,0
cg1032,cg1032,cg3009,cg3009,0,sampled_negative,unknown,0,0,0,0,0,,,0,0,0,0,,0,0,,0,0,0,0,,,,0,0,0,0,0,0,0,,,,0,0,0,0,,,,,,8,0,2,,0,,0,,,,0
cg2152,cg2152,cgrfwd10057,cgrfwd10057,0,sampled_negative,unknown,0,0,0,0,0,,,0,0,0,0,,0,0,,0,0,0,0,,,,0,0,0,0,0,0,0,,,,0,0,0,0,,,,,,8,0,0,,0,,0,,,,0
cg3224,cg3224,cgrrev09732,cgrrev09732,0,sampled_negative,unknown,0,0,0,0,0,,,0,0,0,0,,0,0,,0,0,0,0,,,,0,0,0,0,0,0,0,,,,0,0,0,0,,,,,,8,0,1,,0,,0,,,,0
cg1211,cg1211,lcl_nc_006958_1_prot_wp_011013369_1_77,lcl_nc_006958_1_prot_wp_011013369_1_77,0,sampled_negative,unknown,0,0,0,0,0,,,0,0,0,0,,0,0,,0,0,0,0,,,,0,1,1,0,0,0,0,,,,0,0,0,0,,,,,,8,0,1,,0,,0,,,,0
cg1084,cg1084,cg2019,cg2019,0,sampled_negative,unknown,0,0,0,0,0,,,0,0,0,0,,0,0,,0,0,0,0,,,,0,1,1,0,0,0,0,,,,0,0,0,0,,,,,,8,1,1,,0,,0,,,,0
cg3239,cg3239,cgrrev16886,cgrrev16886,0,sampled_negative,unknown,0,0,0,0,0,,,0,0,0,0,,0,0,,0,0,0,0,,,,0,0,0,0,0,0,0,,,,0,0,0,0,,,,,,8,0,1,,0,,0,,,,0
cg0741,cg0741,cg1041,cg1041,0,sampled_negative,unknown,0,0,0,0,0,,,0,0,0,0,,0,0,,0,0,0,0,,,,0,19,7,0,0,0,0,,,,0,0,0,0,,,,,,8,0,1,,0,,0,,,,0
cg2112,cg2112,cg2113,cg2113,0,sampled_negative,unknown,0,0,0,0,0,,,0,0,0,0,,0,0,,0,0,0,0,,,,0,0,0,0,0,0,0,,,,1,0,0,0,,,,,,8,0,1,,0,,0,,,,0
cg2894,cg2894,ncgl0427,ncgl0427,0,sampled_negative,unknown,0,0,0,0,0,,,0,0,0,0,,0,0,,0,0,0,0,,,,0,0,0,0,0,0,0,,,,0,0,0,0,,,,,,8,0,1,,0,,0,,,,0
cg1211,cg1211,ncgl0841,ncgl0841,0,sampled_negative,unknown,0,0,0,0,0,,,0,0,0,0,,0,0,,0,0,0,0,,,,0,0,0,0,0,0,0,,,,0,0,0,0,,,,,,8,0,1,,0,,0,,,,0
cg0019,cg0019,cg2302,cg2302,0,sampled_negative,unknown,0,0,0,0,0,,,0,0,0,0,,0,0,,0,0,0,0,,,,0,1,1,0,0,0,0,,,,0,0,0,0,,,,,,8,0,0,,0,,0,,,,0
cg2200,cg2200,ncgl0639,ncgl0639,0,sampled_negative,unknown,0,0,0,0,0,,,0,0,0,0,,0,0,,0,0,0,0,,,,0,0,0,0,0,0,0,,,,0,0,0,0,,,,,,8,0,1,,0,,0,,,,0
cg1547,cg1547,lcl_nc_006958_1_prot_wp_003856053_1_1530,lcl_nc_006958_1_prot_wp_003856053_1_1530,0,sampled_negative,unknown,0,0,0,0,0,,,0,0,0,0,,0,0,,0,0,0,0,,,,0,1,1,0,0,0,0,,,,0,0,0,0,,,,,,8,0,0,,0,,0,,,,0
cg0800,cg0800,cg2721,cg2721,0,sampled_negative,unknown,0,0,0,0,0,,,0,0,0,0,,0,0,,0,0,0,0,,,,0,2,1,0,0,0,0,,,,0,0,0,0,,,,,,8,0,0,,0,,0,,,,0
cg0090,cg0090,cgl1463,cgl1463,0,sampled_negative,unknown,0,0,0,0,0,,,0,0,0,0,,0,0,,0,0,0,0,,,,0,12,6,0,0,0,0,,,,1,0,0,0,,,,,,8,0,0,,1,,0,,,,0
cg0500,cg0500,cgrrev03137,cgrrev03137,0,sampled_negative,unknown,0,0,0,0,0,,,0,0,0,0,,0,0,,0,0,0,0,,,,0,0,0,0,0,0,0,,,,0,0,0,0,,,,,,8,0,0,,0,,0,,,,0
cg0156,cg0156,lcl_nc_006958_1_prot_wp_003856581_1_2071,lcl_nc_006958_1_prot_wp_003856581_1_2071,0,sampled_negative,unknown,0,0,0,0,0,,,0,0,0,0,,0,0,,0,0,0,0,,,,0,1,1,0,0,0,0,,,,1,0,0,0,,,,,,8,0,0,,0,,0,,,,0
cg3082,cg3082,cgl0163,cgl0163,0,sampled_negative,unknown,0,0,0,0,0,,,0,0,0,0,,0,0,,0,0,0,0,,,,0,11,6,0,0,0,0,,,,0,0,0,0,,,,,,8,0,1,,0,,0,,,,0
cg0986,cg0986,cg3163,cg3163,0,sampled_negative,unknown,0,0,0,0,0,,,0,0,0,0,,0,0,,0,0,0,0,,,,0,81,8,0,0,0,0,,,,0,0,0,0,,,,,,8,0,0,,0,,0,,,,0
cg0090,cg0090,cg3284,cg3284,0,sampled_negative,unknown,0,0,0,0,0,,,0,0,0,0,,0,0,,0,0,0,0,,,,0,0,0,0,0,0,0,,,,1,0,0,0,,,,,,8,1,0,,1,,0,,,,0
cg3315,cg3315,lcl_nc_006958_1_prot_wp_011013637_1_406,lcl_nc_006958_1_prot_wp_011013637_1_406,0,sampled_negative,unknown,0,0,0,0,0,,,0,0,0,0,,0,0,,0,0,0,0,,,,0,1,1,0,0,0,0,,,,0,0,0,0,,,,,,8,0,0,,0,,0,,,,0
cg1648,cg1648,lcl_nc_006958_1_prot_wp_011013592_1_347,lcl_nc_006958_1_prot_wp_011013592_1_347,0,sampled_negative,unknown,0,0,0,0,0,,,0,0,0,0,,0,0,,0,0,0,0,,,,0,1,1,0,0,0,0,,,,0,0,0,0,,,,,,8,0,0,,0,,0,,,,0
cg2309,cg2309,lcl_nc_006958_1_prot_wp_003857948_1_2411,lcl_nc_006958_1_prot_wp_003857948_1_2411,0,sampled_negative,unknown,0,0,0,0,0,,,0,0,0,0,,0,0,,0,0,0,0,,,,0,1,1,0,0,0,0,,,,0,0,0,0,,,,,,8,0,0,,0,,0,,,,0
cg3352,cg3352,cg2200,cg2200,0,sampled_negative,unknown,0,0,0,0,0,,,0,0,0,0,,0,0,,0,0,0,0,,,,0,0,0,0,0,0,0,,,,0,0,0,0,,,,,,8,1,0,,0,,0,,,,0
cg1324,cg1324,cg3349,cg3349,0,sampled_negative,unknown,0,0,0,0,0,,,0,0,0,0,,0,0,,0,0,0,0,,,,0,0,0,0,0,0,0,,,,2,0,0,0,,,,,,8,1,0,,0,,0,,,,0
cg3261,cg3261,cgl2752,cgl2752,0,sampled_negative,unknown,0,0,0,0,0,,,0,0,0,0,,0,0,,0,0,0,0,,,,0,11,6,0,0,0,0,,,,0,0,0,0,,,,,,8,0,0,,0,,0,,,,0
cg0215,cg0215,ncgl0993,ncgl0993,0,sampled_negative,unknown,0,0,0,0,0,,,0,0,0,0,,0,0,,0,0,0,0,,,,0,0,0,0,0,0,0,,,,0,0,0,0,,,,,,8,0,0,,0,,0,,,,0
cg3352,cg3352,cg1763,cg1763,0,sampled_negative,unknown,0,0,0,0,0,,,0,0,0,0,,0,0,,0,0,0,0,,,,0,0,0,0,0,0,0,,,,0,0,0,0,,,,,,8,1,0,,0,,0,,,,0
cg0500,cg0500,cgl1271,cgl1271,0,sampled_negative,unknown,0,0,0,0,0,,,0,0,0,0,,0,0,,0,0,0,0,,,,0,12,6,0,0,0,0,,,,0,0,0,0,,,,,,8,0,0,,0,,0,,,,0
cg0112,cg0112,cg1236,cg1236,0,sampled_negative,unknown,0,0,0,0,0,,,0,0,0,0,,0,0,,0,0,0,0,,,,0,2,1,0,0,0,0,,,,1,0,0,0,,,,,,8,0,0,,0,,0,,,,0
cg0463,cg0463,cgrfwd12888,cgrfwd12888,0,sampled_negative,unknown,0,0,0,0,0,,,0,0,0,0,,0,0,,0,0,0,0,,,,0,0,0,0,0,0,0,,,,0,0,0,0,,,,,,8,0,0,,0,,0,,,,0
cg1935,cg1935,cg1885,cg1885,0,sampled_negative,unknown,0,0,0,0,0,,,0,0,0,0,,0,0,,0,0,0,0,,,,0,6,6,0,0,0,0,,,,1,0,0,0,,,,,,8,0,1,,1,,0,,,,0
cg0215,cg0215,cg3566,cg3566,0,sampled_negative,unknown,0,0,0,0,0,,,0,0,0,0,,0,0,,0,0,0,0,,,,0,6,6,0,0,0,0,,,,0,0,0,0,,,,,,8,0,0,,0,,0,,,,0
cg3285,cg3285,cgl1058,cgl1058,0,sampled_negative,unknown,0,0,0,0,0,,,0,0,0,0,,0,0,,0,0,0,0,,,,0,11,6,0,0,0,0,,,,0,0,0,0,,,,,,8,0,1,,0,,0,,,,0
cg0696,cg0696,cgl0036,cgl0036,0,sampled_negative,unknown,0,0,0,0,0,,,0,0,0,0,,0,0,,0,0,0,0,,,,0,6,6,0,0,0,0,,,,0,0,0,0,,,,,,8,0,1,,0,,0,,,,0
cg1846,cg1846,lcl_nc_006958_1_prot_wp_003863396_1_224,lcl_nc_006958_1_prot_wp_003863396_1_224,0,sampled_negative,unknown,0,0,0,0,0,,,0,0,0,0,,0,0,,0,0,0,0,,,,0,2,1,0,0,0,0,,,,0,0,0,0,,,,,,8,0,0,,0,,0,,,,0
cg2152,cg2152,lcl_nc_006958_1_prot_wp_011014741_1_1801,lcl_nc_006958_1_prot_wp_011014741_1_1801,0,sampled_negative,unknown,0,0,0,0,0,,,0,0,0,0,,0,0,,0,0,0,0,,,,0,1,1,0,0,0,0,,,,0,0,0,0,,,,,,8,0,0,,0,,0,,,,0
cg2641,cg2641,lcl_nc_006958_1_prot_wp_011013993_1_917,lcl_nc_006958_1_prot_wp_011013993_1_917,0,sampled_negative,unknown,0,0,0,0,0,,,0,0,0,0,,0,0,,0,0,0,0,,,,0,2,1,0,0,0,0,,,,0,0,0,0,,,,,,8,0,1,,0,,0,,,,0
cg0196,cg0196,cg2117,cg2117,0,sampled_negative,unknown,0,0,0,0,0,,,0,0,0,0,,0,0,,0,0,0,0,,,,0,55,7,0,0,0,0,,,,0,0,0,0,,,,,,8,1,0,,0,,0,,,,0
cg2112,cg2112,cg0062,cg0062,0,sampled_negative,unknown,0,0,0,0,0,,,0,0,0,0,,0,0,,0,0,0,0,,,,0,2,1,0,0,0,0,,,,1,1,1,0,,,,,,8,0,1,,0,,0,,,,0
cg0696,cg0696,lcl_nc_006958_1_prot_wp_011014138_1_1096,lcl_nc_006958_1_prot_wp_011014138_1_1096,0,sampled_negative,unknown,0,0,0,0,0,,,0,0,0,0,,0,0,,0,0,0,0,,,,0,1,1,0,0,0,0,,,,0,0,0,0,,,,,,8,0,1,,0,,0,,,,0
cg1271,cg1271,cgl0222,cgl0222,0,sampled_negative,unknown,0,0,0,0,0,,,0,0,0,0,,0,0,,0,0,0,0,,,,0,11,6,0,0,0,0,,,,0,0,0,0,,,,,,8,0,0,,0,ECF_sigma,0,,,,0
cg2516,cg2516,cg0767,cg0767,0,sampled_negative,unknown,0,0,0,0,0,,,0,0,0,0,,0,0,,0,0,0,0,,,,0,0,0,0,0,0,0,,,,0,0,0,0,,,,,,8,0,0,,0,,0,,,,0
cg1084,cg1084,cg2604,cg2604,0,sampled_negative,unknown,0,0,0,0,0,,,0,0,0,0,,0,0,,0,0,0,0,,,,0,6,1,0,0,0,0,,,,0,0,0,0,,,,,,8,0,1,,0,,0,,,,0
cg2624,cg2624,lcl_nc_006958_1_prot_wp_003855284_1_2947,lcl_nc_006958_1_prot_wp_003855284_1_2947,0,sampled_negative,unknown,0,0,0,0,0,,,0,0,0,0,,0,0,,0,0,0,0,,,,0,1,1,0,0,0,0,,,,0,0,0,0,,,,,,8,0,0,,0,,0,,,,0
cg3224,cg3224,cg0029,cg0029,0,sampled_negative,unknown,0,0,0,0,0,,,0,0,0,0,,0,0,,0,0,0,0,,,,0,5,3,0,0,0,0,,,,0,0,0,0,,,,,,8,0,1,,0,,0,,,,0
cg1738,cg1738,cgrfwd02664,cgrfwd02664,0,sampled_negative,unknown,0,0,0,0,0,,,0,0,0,0,,0,0,,0,0,0,0,,,,0,0,0,0,0,0,0,,,,0,0,0,0,,,,,,8,0,0,,0,,0,,,,0
cg0313,cg0313,ncgl0168,ncgl0168,0,sampled_negative,unknown,0,0,0,0,0,,,0,0,0,0,,0,0,,0,0,0,0,,,,0,0,0,0,0,0,0,,,,0,0,0,0,,,,,,8,0,0,,0,,0,,,,0
cg0454,cg0454,cg2498,cg2498,0,sampled_negative,unknown,0,0,0,0,0,,,0,0,0,0,,0,0,,0,0,0,0,,,,0,2,1,0,0,0,0,,,,1,0,0,0,,,,,,8,0,0,,0,,0,,,,0
cg2502,cg2502,cg2368,cg2368,0,sampled_negative,unknown,0,0,0,0,0,,,0,0,0,0,,0,0,,0,0,0,0,,,,0,7,7,0,0,0,0,,,,0,0,0,0,,,,,,8,0,0,,0,,0,,,,0
cg0876,cg0876,cgl1222,cgl1222,0,sampled_negative,unknown,0,0,0,0,0,,,0,0,0,0,,0,0,,0,0,0,0,,,,0,90,6,0,0,0,0,,,,2,0,0,0,,,,,,8,0,0,,0,ECF_sigma,0,,,,0
cg1324,cg1324,lcl_nc_006958_1_prot_wp_011013968_1_885,lcl_nc_006958_1_prot_wp_011013968_1_885,0,sampled_negative,unknown,0,0,0,0,0,,,0,0,0,0,,0,0,,0,0,0,0,,,,0,2,2,0,0,0,0,,,,2,0,0,0,,,,,,8,0,0,,0,,0,,,,0
cg3239,cg3239,cg2216,cg2216,0,sampled_negative,unknown,0,0,0,0,0,,,0,0,0,0,,0,0,,0,0,0,0,,,,0,43,7,0,0,0,0,,,,0,0,0,0,,,,,,8,0,1,,0,,0,,,,0
cg1486,cg1486,cgrfwd17901,cgrfwd17901,0,sampled_negative,unknown,0,0,0,0,0,,,0,0,0,0,,0,0,,0,0,0,0,,,,0,0,0,0,0,0,0,,,,0,0,0,0,,,,,,8,0,0,,0,,0,,,,0
cg2942,cg2942,cgl1898,cgl1898,0,sampled_negative,unknown,0,0,0,0,0,,,0,0,0,0,,0,0,,0,0,0,0,,,,0,1,1,0,0,0,0,,,,0,0,0,0,,,,,,8,0,0,,0,,0,,,,0
cg1486,cg1486,cgl2445,cgl2445,0,sampled_negative,unknown,0,0,0,0,0,,,0,0,0,0,,0,0,,0,0,0,0,,,,0,3,1,0,0,0,0,,,,0,0,0,0,,,,,,8,0,0,,0,,0,,,,0
cg0337,cg0337,cgl1079,cgl1079,0,sampled_negative,unknown,0,0,0,0,0,,,0,0,0,0,,0,0,,0,0,0,0,,,,0,6,6,0,0,0,0,,,,0,0,0,0,,,,,,8,0,0,,0,,0,,,,0
cg3315,cg3315,cg1832,cg1832,0,sampled_negative,unknown,0,0,0,0,0,,,0,0,0,0,,0,0,,0,0,0,0,,,,0,7,2,0,0,0,0,,,,0,0,0,0,,,,,,8,0,0,,0,,0,,,,0
cg1817,cg1817,cg0795,cg0795,0,sampled_negative,unknown,0,0,0,0,0,,,0,0,0,0,,0,0,,0,0,0,0,,,,0,0,0,0,0,0,0,,,,6,0,0,0,,,,,,8,0,0,,0,,0,,,,0
cg3202,cg3202,cg1088,cg1088,0,sampled_negative,unknown,0,0,0,0,0,,,0,0,0,0,,0,0,,0,0,0,0,,,,0,1,1,0,0,0,0,,,,0,0,0,0,,,,,,8,0,1,,0,,0,,,,0
cg1340,cg1340,ncgl2422,ncgl2422,0,sampled_negative,unknown,0,0,0,0,0,,,0,0,0,0,,0,0,,0,0,0,0,,,,0,0,0,0,0,0,0,,,,0,0,0,0,,,,,,8,0,0,,0,,0,,,,0
cg1211,cg1211,ncgl0943,ncgl0943,0,sampled_negative,unknown,0,0,0,0,0,,,0,0,0,0,,0,0,,0,0,0,0,,,,0,0,0,0,0,0,0,,,,0,0,0,0,,,,,,8,0,1,,0,,0,,,,0
cg0876,cg0876,cg2260,cg2260,0,sampled_negative,unknown,0,0,0,0,0,,,0,0,0,0,,0,0,,0,0,0,0,,,,0,0,0,0,0,0,0,,,,2,0,0,0,,,,,,8,0,0,,0,ECF_sigma,0,,,,0
cg2092,cg2092,cg1248,cg1248,0,sampled_negative,unknown,0,0,0,0,0,,,0,0,0,0,,0,0,,0,0,0,0,,,,0,1,1,0,0,0,0,,,,0,0,0,0,,,,,,8,1,1,,0,,0,,,,0
cg2965,cg2965,lcl_nc_006958_1_prot_wp_003856018_1_1549,lcl_nc_006958_1_prot_wp_003856018_1_1549,0,sampled_negative,unknown,0,0,0,0,0,,,0,0,0,0,,0,0,,0,0,0,0,,,,0,2,1,0,0,0,0,,,,0,0,0,0,,,,,,8,0,0,,0,,0,,,,0
cg1817,cg1817,cg0087,cg0087,0,sampled_negative,unknown,0,0,0,0,0,,,0,0,0,0,,0,0,,0,0,0,0,,,,0,1,1,0,0,0,0,,,,6,0,0,0,,,,,,8,0,0,,0,,0,,,,0
cg0146,cg0146,cgrrev16886,cgrrev16886,0,sampled_negative,unknown,0,0,0,0,0,,,0,0,0,0,,0,0,,0,0,0,0,,,,0,0,0,0,0,0,0,,,,0,0,0,0,,,,,,8,0,0,,1,,0,,,,0
cg2615,cg2615,cg0781,cg0781,0,sampled_negative,unknown,0,0,0,0,0,,,0,0,0,0,,0,0,,0,0,0,0,,,,0,0,0,0,0,0,0,,,,0,0,0,0,,,,,,8,0,1,,0,,0,,,,0
cg1846,cg1846,lcl_nc_006958_1_prot_wp_011015206_1_2431,lcl_nc_006958_1_prot_wp_011015206_1_2431,0,sampled_negative,unknown,0,0,0,0,0,,,0,0,0,0,,0,0,,0,0,0,0,,,,0,5,1,0,0,0,0,,,,0,0,0,0,,,,,,8,0,0,,0,,0,,,,0
cg2500,cg2500,ncgl1712,ncgl1712,0,sampled_negative,unknown,0,0,0,0,0,,,0,0,0,0,,0,0,,0,0,0,0,,,,0,0,0,0,0,0,0,,,,0,0,0,0,,,,,,8,0,0,,0,,0,,,,0
cg1308,cg1308,cg2148,cg2148,0,sampled_negative,unknown,0,0,0,0,0,,,0,0,0,0,,0,0,,0,0,0,0,,,,0,0,0,0,0,0,0,,,,0,0,0,0,,,,,,8,0,0,,0,,0,,,,0
cg0646,cg0646,ncgl1692,ncgl1692,0,sampled_negative,unknown,0,0,0,0,0,,,0,0,0,0,,0,0,,0,0,0,0,,,,0,0,0,0,0,0,0,,,,0,0,0,0,,,,,,8,0,1,,0,,0,,,,0
cg3239,cg3239,cgl0124,cgl0124,0,sampled_negative,unknown,0,0,0,0,0,,,0,0,0,0,,0,0,,0,0,0,0,,,,0,1,1,0,0,0,0,,,,0,0,0,0,,,,,,8,0,1,,0,,0,,,,0
cg2115,cg2115,cg0148,cg0148,0,sampled_negative,unknown,0,0,0,0,0,,,0,0,0,0,,0,0,,0,0,0,0,,,,0,6,6,0,0,0,0,,,,0,0,0,0,,,,,,8,0,0,,0,,0,,,,0
cg1817,cg1817,lcl_nc_006958_1_prot_wp_003854931_1_1118,lcl_nc_006958_1_prot_wp_003854931_1_1118,0,sampled_negative,unknown,0,0,0,0,0,,,0,0,0,0,,0,0,,0,0,0,0,,,,0,2,2,0,0,0,0,,,,6,0,0,0,,,,,,8,0,0,,0,,0,,,,0
cg0012,cg0012,cgl1610,cgl1610,0,sampled_negative,unknown,0,0,0,0,0,,,0,0,0,0,,0,0,,0,0,0,0,,,,0,6,6,0,0,0,0,,,,0,0,0,0,,,,,,8,0,1,,0,Group_1_sigma,0,,,,0
cg0019,cg0019,cgl2132,cgl2132,0,sampled_negative,unknown,0,0,0,0,0,,,0,0,0,0,,0,0,,0,0,0,0,,,,0,4,1,0,0,0,0,,,,0,0,0,0,,,,,,8,0,0,,0,,0,,,,0
cg2102,cg2102,cgr1646,cgr1646,0,sampled_negative,unknown,0,0,0,0,0,,,0,0,0,0,,0,0,,0,0,0,0,,,,0,0,0,0,0,0,0,,,,0,0,0,0,,,,,,8,0,0,,0,Group_2_sigma,0,,,,0
cg1846,cg1846,lcl_nc_006958_1_prot_wp_011015535_1_2840,lcl_nc_006958_1_prot_wp_011015535_1_2840,0,sampled_negative,unknown,0,0,0,0,0,,,0,0,0,0,,0,0,,0,0,0,0,,,,0,1,1,0,0,0,0,,,,0,0,0,0,,,,,,8,0,0,,0,,0,,,,0
cg0090,cg0090,ncgl0199,ncgl0199,0,sampled_negative,unknown,0,0,0,0,0,,,0,0,0,0,,0,0,,0,0,0,0,,,,0,0,0,0,0,0,0,,,,1,0,0,0,,,,,,8,0,0,,1,,0,,,,0
cg1271,cg1271,cg2605,cg2605,0,sampled_negative,unknown,0,0,0,0,0,,,0,0,0,0,,0,0,,0,0,0,0,,,,0,2,1,0,0,0,0,,,,0,0,0,0,,,,,,8,0,0,,0,ECF_sigma,0,,,,0
cg0112,cg0112,cg1474,cg1474,0,sampled_negative,unknown,0,0,0,0,0,,,0,0,0,0,,0,0,,0,0,0,0,,,,0,1,1,0,0,0,0,,,,1,0,0,0,,,,,,8,0,0,,0,,0,,,,0
cg2115,cg2115,cg2634,cg2634,0,sampled_negative,unknown,0,0,0,0,0,,,0,0,0,0,,0,0,,0,0,0,0,,,,0,2,2,0,0,0,0,,,,0,0,0,0,,,,,,8,0,0,,0,,0,,,,0
cg0876,cg0876,cgl0917,cgl0917,0,sampled_negative,unknown,0,0,0,0,0,,,0,0,0,0,,0,0,,0,0,0,0,,,,0,1,1,0,0,0,0,,,,2,0,0,0,,,,,,8,0,0,,0,ECF_sigma,0,,,,0
cg2942,cg2942,cg0617,cg0617,0,sampled_negative,unknown,0,0,0,0,0,,,0,0,0,0,,0,0,,0,0,0,0,,,,0,0,0,0,0,0,0,,,,0,0,0,0,,,,,,8,0,0,,0,,0,,,,0
cg0709,cg0709,cgl1798,cgl1798,0,sampled_negative,unknown,0,0,0,0,0,,,0,0,0,0,,0,0,,0,0,0,0,,,,0,1,1,0,0,0,0,,,,0,0,0,0,,,,,,8,0,2,,0,,0,,,,0
cg1648,cg1648,cg2413,cg2413,0,sampled_negative,unknown,0,0,0,0,0,,,0,0,0,0,,0,0,,0,0,0,0,,,,0,13,7,0,0,0,0,,,,0,0,0,0,,,,,,8,0,0,,0,,0,,,,0
cg2152,cg2152,cgtrna_3551,cgtrna_3551,0,sampled_negative,unknown,0,0,0,0,0,,,0,0,0,0,,0,0,,0,0,0,0,,,,0,6,6,0,0,0,0,,,,0,0,0,0,,,,,,8,0,0,,0,,0,,,,0
cg1765,cg1765,lcl_nc_006958_1_prot_wp_011266031_1_2777,lcl_nc_006958_1_prot_wp_011266031_1_2777,0,sampled_negative,unknown,0,0,0,0,0,,,0,0,0,0,,0,0,,0,0,0,0,,,,0,1,1,0,0,0,0,,,,0,0,0,0,,,,,,8,0,1,,0,,0,,,,0
cg1486,cg1486,cgrrev09585,cgrrev09585,0,sampled_negative,unknown,0,0,0,0,0,,,0,0,0,0,,0,0,,0,0,0,0,,,,0,0,0,0,0,0,0,,,,0,0,0,0,,,,,,8,0,0,,0,,0,,,,0
cg0309,cg0309,cgrrev08984,cgrrev08984,0,sampled_negative,unknown,0,0,0,0,0,,,0,0,0,0,,0,0,,0,0,0,0,,,,0,0,0,0,0,0,0,,,,0,0,0,0,,,,,,8,0,0,,0,,0,,,,0
cg0696,cg0696,cg0977,cg0977,0,sampled_negative,unknown,0,0,0,0,0,,,0,0,0,0,,0,0,,0,0,0,0,,,,0,0,0,0,0,0,0,,,,0,0,0,0,,,,,,8,0,1,,0,,0,,,,0
cg2500,cg2500,cg0701,cg0701,0,sampled_negative,unknown,0,0,0,0,0,,,0,0,0,0,,0,0,,0,0,0,0,,,,0,6,1,0,0,0,0,,,,0,0,0,0,,,,,,8,0,0,,0,,0,,,,0
cg1817,cg1817,lcl_nc_006958_1_prot_wp_011015264_1_2512,lcl_nc_006958_1_prot_wp_011015264_1_2512,0,sampled_negative,unknown,0,0,0,0,0,,,0,0,0,0,,0,0,,0,0,0,0,,,,0,1,1,0,0,0,0,,,,6,0,0,0,,,,,,8,0,0,,0,,0,,,,0
cg0309,cg0309,cgl0352,cgl0352,0,sampled_negative,unknown,0,0,0,0,0,,,0,0,0,0,,0,0,,0,0,0,0,,,,0,6,6,0,0,0,0,,,,0,0,0,0,,,,,,8,0,0,,0,,0,,,,0
cg1552,cg1552,cg2343,cg2343,0,sampled_negative,unknown,0,0,0,0,0,,,0,0,0,0,,0,0,,0,0,0,0,,,,0,6,6,0,0,0,0,,,,2,0,0,0,,,,,,8,0,0,,0,,0,,,,0
cg1271,cg1271,cgrfwd16321,cgrfwd16321,0,sampled_negative,unknown,0,0,0,0,0,,,0,0,0,0,,0,0,,0,0,0,0,,,,0,0,0,0,0,0,0,,,,0,0,0,0,,,,,,8,0,0,,0,ECF_sigma,0,,,,0
cg0317,cg0317,cg2162,cg2162,0,sampled_negative,unknown,0,0,0,0,0,,,0,0,0,0,,0,0,,0,0,0,0,,,,0,6,6,0,0,0,0,,,,2,0,0,0,,,,,,8,0,0,,0,,0,,,,0
cg0897,cg0897,cgl1188,cgl1188,0,sampled_negative,unknown,0,0,0,0,0,,,0,0,0,0,,0,0,,0,0,0,0,,,,0,18,7,0,0,0,0,,,,0,0,0,0,,,,,,8,0,1,,0,,0,,,,0
cg0741,cg0741,cg1792,cg1792,0,sampled_negative,unknown,0,0,0,0,0,,,0,0,0,0,,0,0,,0,0,0,0,,,,0,1,1,0,0,0,0,,,,0,0,0,0,,,,,,8,0,1,,0,,0,,,,0
cg0862,cg0862,cgrfwd10494,cgrfwd10494,0,sampled_negative,unknown,0,0,0,0,0,,,0,0,0,0,,0,0,,0,0,0,0,,,,0,0,0,0,0,0,0,,,,0,0,0,0,,,,,,8,0,0,,0,,0,,,,0
cg0500,cg0500,cg0224,cg0224,0,sampled_negative,unknown,0,0,0,0,0,,,0,0,0,0,,0,0,,0,0,0,0,,,,0,2,1,0,0,0,0,,,,0,0,0,0,,,,,,8,0,0,,0,,0,,,,0
cg3285,cg3285,cgl0827,cgl0827,0,sampled_negative,unknown,0,0,0,0,0,,,0,0,0,0,,0,0,,0,0,0,0,,,,0,1,1,0,0,0,0,,,,0,0,0,0,,,,,,8,0,1,,0,,0,,,,0
cg0741,cg0741,lcl_nc_006958_1_prot_wp_003853689_1_2617,lcl_nc_006958_1_prot_wp_003853689_1_2617,0,sampled_negative,unknown,0,0,0,0,0,,,0,0,0,0,,0,0,,0,0,0,0,,,,0,6,1,0,0,0,0,,,,0,0,0,0,,,,,,8,0,1,,0,,0,,,,0
cg2103,cg2103,cg2283,cg2283,0,sampled_negative,unknown,0,0,0,0,0,,,0,0,0,0,,0,0,,0,0,0,0,,,,0,7,7,0,0,0,0,,,,0,0,0,0,,,,,,8,0,0,,0,,0,,,,0
cg0371,cg0371,cg3177,cg3177,0,sampled_negative,unknown,0,0,0,0,0,,,0,0,0,0,,0,0,,0,0,0,0,,,,0,5,5,0,0,0,0,,,,0,0,0,0,,,,,,8,0,0,,0,,0,,,,0
cg0725,cg0725,cg3031,cg3031,0,sampled_negative,unknown,0,0,0,0,0,,,0,0,0,0,,0,0,,0,0,0,0,,,,0,6,6,0,0,0,0,,,,0,0,0,0,,,,,,8,0,1,,0,,0,,,,0
cg1817,cg1817,cg0444,cg0444,0,sampled_negative,unknown,0,0,0,0,0,,,0,0,0,0,,0,0,,0,0,0,0,,,,0,0,0,0,0,0,0,,,,6,0,0,0,,,,,,8,1,0,,0,,0,,,,0
cg2109,cg2109,cgr1600,cgr1600,0,sampled_negative,unknown,0,0,0,0,0,,,0,0,0,0,,0,0,,0,0,0,0,,,,0,0,0,0,0,0,0,,,,0,0,0,0,,,,,,8,0,1,,0,,0,,,,0
cg0146,cg0146,cg1705,cg1705,0,sampled_negative,unknown,0,0,0,0,0,,,0,0,0,0,,0,0,,0,0,0,0,,,,0,0,0,0,0,0,0,,,,0,0,0,0,,,,,,8,0,0,,1,,0,,,,0
cg0444,cg0444,cgl1815,cgl1815,0,sampled_negative,unknown,0,0,0,0,0,,,0,0,0,0,,0,0,,0,0,0,0,,,,0,1,1,0,0,0,0,,,,0,0,0,0,,,,,,8,0,1,,1,,0,,,,0
cg2268,cg2268,ncgl0098,ncgl0098,0,sampled_negative,unknown,0,0,0,0,0,,,0,0,0,0,,0,0,,0,0,0,0,,,,0,0,0,0,0,0,0,,,,2,0,0,0,,,,,,8,0,0,,0,,0,,,,0
cg1648,cg1648,ncgl0557,ncgl0557,0,sampled_negative,unknown,0,0,0,0,0,,,0,0,0,0,,0,0,,0,0,0,0,,,,0,0,0,0,0,0,0,,,,0,0,0,0,,,,,,8,0,0,,0,,0,,,,0
cg0862,cg0862,cgl1913,cgl1913,0,sampled_negative,unknown,0,0,0,0,0,,,0,0,0,0,,0,0,,0,0,0,0,,,,0,2,2,0,0,0,0,,,,0,0,0,0,,,,,,8,0,0,,0,,0,,,,0
cg2831,cg2831,cg0250,cg0250,0,sampled_negative,unknown,0,0,0,0,0,,,0,0,0,0,,0,0,,0,0,0,0,,,,0,12,7,0,0,0,0,,,,0,0,0,0,,,,,,8,0,2,,0,,0,,,,0
cg2627,cg2627,cg0374,cg0374,0,sampled_negative,unknown,0,0,0,0,0,,,0,0,0,0,,0,0,,0,0,0,0,,,,0,1,1,0,0,0,0,,,,1,0,0,0,,,,,,8,0,0,,0,,0,,,,0
cg1817,cg1817,cg1463,cg1463,0,sampled_negative,unknown,0,0,0,0,0,,,0,0,0,0,,0,0,,0,0,0,0,,,,0,7,7,0,0,0,0,,,,6,1,5,0,,,,,,8,0,0,,0,,0,,,,0
cg3097,cg3097,cgl2699,cgl2699,0,sampled_negative,unknown,0,0,0,0,0,,,0,0,0,0,,0,0,,0,0,0,0,,,,0,18,6,0,0,0,0,,,,0,0,0,0,,,,,,8,0,1,,0,,0,,,,0
cg0317,cg0317,cg1640,cg1640,0,sampled_negative,unknown,0,0,0,0,0,,,0,0,0,0,,0,0,,0,0,0,0,,,,0,0,0,0,0,0,0,,,,2,0,0,0,,,,,,8,0,0,,0,,0,,,,0
cg0876,cg0876,cg1833,cg1833,0,sampled_negative,unknown,0,0,0,0,0,,,0,0,0,0,,0,0,,0,0,0,0,,,,0,0,0,0,0,0,0,,,,2,0,0,0,,,,,,8,0,0,,0,ECF_sigma,0,,,,0
cg1324,cg1324,ncgl0279,ncgl0279,0,sampled_negative,unknown,0,0,0,0,0,,,0,0,0,0,,0,0,,0,0,0,0,,,,0,0,0,0,0,0,0,,,,2,0,0,0,,,,,,8,0,0,,0,,0,,,,0
cg2152,cg2152,cg3422,cg3422,0,sampled_negative,unknown,0,0,0,0,0,,,0,0,0,0,,0,0,,0,0,0,0,,,,0,6,6,0,0,0,0,,,,0,0,0,0,,,,,,8,0,0,,0,,0,,,,0
cg0156,cg0156,cg0789,cg0789,0,sampled_negative,unknown,0,0,0,0,0,,,0,0,0,0,,0,0,,0,0,0,0,,,,0,6,6,0,0,0,0,,,,1,0,0,0,,,,,,8,0,0,,0,,0,,,,0
cg1053,cg1053,cg2064,cg2064,0,sampled_negative,unknown,0,0,0,0,0,,,0,0,0,0,,0,0,,0,0,0,0,,,,0,3,1,0,0,0,0,,,,0,0,0,0,,,,,,8,2,0,,0,,0,,,,0
cg2831,cg2831,lcl_nc_006958_1_prot_wp_011014941_1_2077,lcl_nc_006958_1_prot_wp_011014941_1_2077,0,sampled_negative,unknown,0,0,0,0,0,,,0,0,0,0,,0,0,,0,0,0,0,,,,0,1,1,0,0,0,0,,,,0,0,0,0,,,,,,8,0,2,,0,,0,,,,0
cg0350,cg0350,cg2471,cg2471,0,sampled_negative,unknown,0,0,0,0,0,,,0,0,0,0,,0,0,,0,0,0,0,,,,0,1,1,0,0,0,0,,,,0,0,0,0,,,,,,8,1,0,,0,,0,,,,0
cg2200,cg2200,cg2608,cg2608,0,sampled_negative,unknown,0,0,0,0,0,,,0,0,0,0,,0,0,,0,0,0,0,,,,0,6,6,0,0,0,0,,,,0,0,0,0,,,,,,8,0,1,,0,,0,,,,0
cg3261,cg3261,ncgl2027,ncgl2027,0,sampled_negative,unknown,0,0,0,0,0,,,0,0,0,0,,0,0,,0,0,0,0,,,,0,0,0,0,0,0,0,,,,0,0,0,0,,,,,,8,0,0,,0,,0,,,,0
cg1704,cg1704,wp_011265637_1,wp_011265637_1,0,sampled_negative,unknown,0,0,0,0,0,,,0,0,0,0,,0,0,,0,0,0,0,,,,0,1,1,0,0,0,0,,,,0,0,0,0,,,,,,8,0,0,,0,,0,,,,0
cg0993,cg0993,cgl1222,cgl1222,0,sampled_negative,unknown,0,0,0,0,0,,,0,0,0,0,,0,0,,0,0,0,0,,,,0,90,6,0,0,0,0,,,,0,0,0,0,,,,,,8,0,2,,0,,0,,,,0
gntr1,gntr1,cgl0504,cgl0504,0,sampled_negative,unknown,0,0,0,0,0,,,0,0,0,0,,0,0,,0,0,0,0,,,,0,1,1,0,0,0,0,,,,0,0,0,0,,,,,,8,0,0,,0,,0,,,,0
cg0500,cg0500,ncgl1525,ncgl1525,0,sampled_negative,unknown,0,0,0,0,0,,,0,0,0,0,,0,0,,0,0,0,0,,,,0,0,0,0,0,0,0,,,,0,0,0,0,,,,,,8,0,0,,0,,0,,,,0
cg3373,cg3373,wp_011014860_1,wp_011014860_1,0,sampled_negative,unknown,0,0,0,0,0,,,0,0,0,0,,0,0,,0,0,0,0,,,,0,1,1,0,0,0,0,,,,0,0,0,0,,,,,,8,0,0,,0,,0,,,,0
cg0463,cg0463,cg1878,cg1878,0,sampled_negative,unknown,0,0,0,0,0,,,0,0,0,0,,0,0,,0,0,0,0,,,,0,43,7,0,0,0,0,,,,0,0,0,0,,,,,,8,0,0,,0,,0,,,,0
cg1120,cg1120,cg3195,cg3195,0,sampled_negative,unknown,0,0,0,0,0,,,0,0,0,0,,0,0,,0,0,0,0,,,,0,6,6,0,0,0,0,,,,1,0,0,0,,,,,,8,0,1,,0,,0,,,,0
cg0444,cg0444,cgl1395,cgl1395,0,sampled_negative,unknown,0,0,0,0,0,,,0,0,0,0,,0,0,,0,0,0,0,,,,0,18,7,0,0,0,0,,,,0,0,0,0,,,,,,8,0,1,,1,,0,,,,0
cg3253,cg3253,cgl1002,cgl1002,0,sampled_negative,unknown,0,0,0,0,0,,,0,0,0,0,,0,0,,0,0,0,0,,,,0,6,6,0,0,0,0,,,,0,0,0,0,,,,,,8,0,1,,0,,0,,,,0
cg2268,cg2268,cgl1347,cgl1347,0,sampled_negative,unknown,0,0,0,0,0,,,0,0,0,0,,0,0,,0,0,0,0,,,,0,5,1,0,0,0,0,,,,2,1,1,0,,,,,,8,0,0,,0,,0,,,,0
cg3239,cg3239,cg0375,cg0375,0,sampled_negative,unknown,0,0,0,0,0,,,0,0,0,0,,0,0,,0,0,0,0,,,,0,6,6,0,0,0,0,,,,0,0,0,0,,,,,,8,0,1,,0,,0,,,,0
cg1218,cg1218,cgrrev16885,cgrrev16885,0,sampled_negative,unknown,0,0,0,0,0,,,0,0,0,0,,0,0,,0,0,0,0,,,,0,0,0,0,0,0,0,,,,2,0,0,0,,,,,,8,0,1,,0,,0,,,,0
cg2783,cg2783,cg0615,cg0615,0,sampled_negative,unknown,0,0,0,0,0,,,0,0,0,0,,0,0,,0,0,0,0,,,,0,1,1,0,0,0,0,,,,2,0,0,0,,,,,,8,0,0,,0,,0,,,,0
cg0051,cg0051,lcl_nc_006958_1_prot_wp_003862217_1_1564,lcl_nc_006958_1_prot_wp_003862217_1_1564,0,sampled_negative,unknown,0,0,0,0,0,,,0,0,0,0,,0,0,,0,0,0,0,,,,0,1,1,0,0,0,0,,,,3,0,0,0,,,,,,8,0,0,,0,,0,,,,0
cg0146,cg0146,cg1739,cg1739,0,sampled_negative,unknown,0,0,0,0,0,,,0,0,0,0,,0,0,,0,0,0,0,,,,0,0,0,0,0,0,0,,,,0,0,0,0,,,,,,8,0,0,,1,,0,,,,0
cg3202,cg3202,cgrrev12067,cgrrev12067,0,sampled_negative,unknown,0,0,0,0,0,,,0,0,0,0,,0,0,,0,0,0,0,,,,0,0,0,0,0,0,0,,,,0,0,0,0,,,,,,8,0,1,,0,,0,,,,0
cg0019,cg0019,lcl_nc_006958_1_prot_wp_003862306_1_1499,lcl_nc_006958_1_prot_wp_003862306_1_1499,0,sampled_negative,unknown,0,0,0,0,0,,,0,0,0,0,,0,0,,0,0,0,0,,,,0,1,1,0,0,0,0,,,,0,0,0,0,,,,,,8,0,0,,0,,0,,,,0
cg0709,cg0709,cg1005,cg1005,0,sampled_negative,unknown,0,0,0,0,0,,,0,0,0,0,,0,0,,0,0,0,0,,,,0,24,6,0,0,0,0,,,,0,0,0,0,,,,,,8,0,2,,0,,0,,,,0
cg3253,cg3253,cg1971,cg1971,0,sampled_negative,unknown,0,0,0,0,0,,,0,0,0,0,,0,0,,0,0,0,0,,,,0,2,1,0,0,0,0,,,,0,0,0,0,,,,,,8,3,1,,0,,0,,,,0
cg2268,cg2268,cgrfwd02428,cgrfwd02428,0,sampled_negative,unknown,0,0,0,0,0,,,0,0,0,0,,0,0,,0,0,0,0,,,,0,0,0,0,0,0,0,,,,2,0,0,0,,,,,,8,0,0,,0,,0,,,,0
cg0878,cg0878,cg3077,cg3077,0,sampled_negative,unknown,0,0,0,0,0,,,0,0,0,0,,0,0,,0,0,0,0,,,,0,0,0,0,0,0,0,,,,0,0,0,0,,,,,,8,0,0,,0,,0,,,,0
cg2152,cg2152,cg0356,cg0356,0,sampled_negative,unknown,0,0,0,0,0,,,0,0,0,0,,0,0,,0,0,0,0,,,,0,11,6,0,0,0,0,,,,0,0,0,0,,,,,,8,0,0,,0,,0,,,,0
cg0463,cg0463,cg0978,cg0978,0,sampled_negative,unknown,0,0,0,0,0,,,0,0,0,0,,0,0,,0,0,0,0,,,,0,1,1,0,0,0,0,,,,0,0,0,0,,,,,,8,1,0,,0,,0,,,,0
cg1817,cg1817,cg0299,cg0299,0,sampled_negative,unknown,0,0,0,0,0,,,0,0,0,0,,0,0,,0,0,0,0,,,,0,1,1,0,0,0,0,,,,6,0,0,0,,,,,,8,0,0,,0,,0,,,,0
cg2894,cg2894,cgl1191,cgl1191,0,sampled_negative,unknown,0,0,0,0,0,,,0,0,0,0,,0,0,,0,0,0,0,,,,0,7,7,0,0,0,0,,,,0,0,0,0,,,,,,8,0,1,,0,,0,,,,0
cg0371,cg0371,cg0672,cg0672,0,sampled_negative,unknown,0,0,0,0,0,,,0,0,0,0,,0,0,,0,0,0,0,,,,0,1,1,0,0,0,0,,,,0,0,0,0,,,,,,8,1,0,,0,,0,,,,0
cg2103,cg2103,lcl_nc_006958_1_prot_wp_003863055_1_2505,lcl_nc_006958_1_prot_wp_003863055_1_2505,0,sampled_negative,unknown,0,0,0,0,0,,,0,0,0,0,,0,0,,0,0,0,0,,,,0,2,1,0,0,0,0,,,,0,0,0,0,,,,,,8,0,0,,0,,0,,,,0
cg0051,cg0051,cgl0471,cgl0471,0,sampled_negative,unknown,0,0,0,0,0,,,0,0,0,0,,0,0,,0,0,0,0,,,,0,12,6,0,0,0,0,,,,3,0,0,0,,,,,,8,0,0,,0,,0,,,,0
cg0337,cg0337,lcl_nc_006958_1_prot_wp_003863396_1_224,lcl_nc_006958_1_prot_wp_003863396_1_224,0,sampled_negative,unknown,0,0,0,0,0,,,0,0,0,0,,0,0,,0,0,0,0,,,,0,2,1,0,0,0,0,,,,0,0,0,0,,,,,,8,0,0,,0,,0,,,,0
cg0156,cg0156,cg1363,cg1363,0,sampled_negative,unknown,0,0,0,0,0,,,0,0,0,0,,0,0,,0,0,0,0,,,,0,10,5,0,0,0,0,,,,1,0,0,0,,,,,,8,0,0,,0,,0,,,,0
cg0463,cg0463,lcl_nc_006958_1_prot_wp_011013814_1_664,lcl_nc_006958_1_prot_wp_011013814_1_664,0,sampled_negative,unknown,0,0,0,0,0,,,0,0,0,0,,0,0,,0,0,0,0,,,,0,1,1,0,0,0,0,,,,0,0,0,0,,,,,,8,0,0,,0,,0,,,,0
cg1648,cg1648,cgl1578,cgl1578,0,sampled_negative,unknown,0,0,0,0,0,,,0,0,0,0,,0,0,,0,0,0,0,,,,0,6,6,0,0,0,0,,,,0,0,0,0,,,,,,8,0,0,,0,,0,,,,0
cg0646,cg0646,lcl_nc_006958_1_prot_wp_011013332_1_31,lcl_nc_006958_1_prot_wp_011013332_1_31,0,sampled_negative,unknown,0,0,0,0,0,,,0,0,0,0,,0,0,,0,0,0,0,,,,0,1,1,0,0,0,0,,,,0,0,0,0,,,,,,8,0,1,,0,,0,,,,0
cg1410,cg1410,cg1280,cg1280,0,sampled_negative,unknown,0,0,0,0,0,,,0,0,0,0,,0,0,,0,0,0,0,,,,0,12,7,0,0,0,0,,,,2,0,0,0,,,,,,8,0,0,,0,,0,,,,0
cg2942,cg2942,cgl2816,cgl2816,0,sampled_negative,unknown,0,0,0,0,0,,,0,0,0,0,,0,0,,0,0,0,0,,,,0,12,6,0,0,0,0,,,,0,0,0,0,,,,,,8,0,0,,0,,0,,,,0
cg0309,cg0309,ncgl0046,ncgl0046,0,sampled_negative,unknown,0,0,0,0,0,,,0,0,0,0,,0,0,,0,0,0,0,,,,0,0,0,0,0,0,0,,,,0,0,0,0,,,,,,8,0,0,,0,,0,,,,0
cg1324,cg1324,cgl2216,cgl2216,0,sampled_negative,unknown,0,0,0,0,0,,,0,0,0,0,,0,0,,0,0,0,0,,,,0,5,1,0,0,0,0,,,,2,0,0,0,,,,,,8,0,0,,0,,0,,,,0
cg3247,cg3247,cgrrev09789,cgrrev09789,0,sampled_negative,unknown,0,0,0,0,0,,,0,0,0,0,,0,0,,0,0,0,0,,,,0,0,0,0,0,0,0,,,,0,0,0,0,,,,,,8,0,0,,0,,0,,,,0
cg1308,cg1308,cgrfwd02665,cgrfwd02665,0,sampled_negative,unknown,0,0,0,0,0,,,0,0,0,0,,0,0,,0,0,0,0,,,,0,0,0,0,0,0,0,,,,0,0,0,0,,,,,,8,0,0,,0,,0,,,,0
cg3373,cg3373,cgl2295,cgl2295,0,sampled_negative,unknown,0,0,0,0,0,,,0,0,0,0,,0,0,,0,0,0,0,,,,0,2,1,0,0,0,0,,,,0,0,0,0,,,,,,8,0,0,,0,,0,,,,0
cg2103,cg2103,cg0834,cg0834,0,sampled_negative,unknown,0,0,0,0,0,,,0,0,0,0,,0,0,,0,0,0,0,,,,0,1,1,0,0,0,0,,,,0,0,0,0,,,,,,8,1,0,,0,,0,,,,0
cg2766,cg2766,cg0712,cg0712,0,sampled_negative,unknown,0,0,0,0,0,,,0,0,0,0,,0,0,,0,0,0,0,,,,0,0,0,0,0,0,0,,,,0,0,0,0,,,,,,8,1,0,,1,,0,,,,0
cg0695,cg0695,lcl_nc_006958_1_prot_wp_011015562_1_2875,lcl_nc_006958_1_prot_wp_011015562_1_2875,0,sampled_negative,unknown,0,0,0,0,0,,,0,0,0,0,,0,0,,0,0,0,0,,,,0,2,1,0,0,0,0,,,,0,0,0,0,,,,,,8,0,1,,0,,0,,,,0
cg2115,cg2115,cg0103,cg0103,0,sampled_negative,unknown,0,0,0,0,0,,,0,0,0,0,,0,0,,0,0,0,0,,,,0,0,0,0,0,0,0,,,,0,0,0,0,,,,,,8,2,0,,0,,0,,,,0
cg3373,cg3373,lcl_nc_006958_1_prot_wp_011013386_1_96,lcl_nc_006958_1_prot_wp_011013386_1_96,0,sampled_negative,unknown,0,0,0,0,0,,,0,0,0,0,,0,0,,0,0,0,0,,,,0,1,1,0,0,0,0,,,,0,0,0,0,,,,,,8,0,0,,0,,0,,,,0
cg0051,cg0051,cgrrev08296,cgrrev08296,0,sampled_negative,unknown,0,0,0,0,0,,,0,0,0,0,,0,0,,0,0,0,0,,,,0,0,0,0,0,0,0,,,,3,0,0,0,,,,,,8,0,0,,0,,0,,,,0
cg0317,cg0317,cg0614,cg0614,0,sampled_negative,unknown,0,0,0,0,0,,,0,0,0,0,,0,0,,0,0,0,0,,,,0,1,1,0,0,0,0,,,,2,0,0,0,,,,,,8,0,0,,0,,0,,,,0
cg0702,cg0702,lcl_nc_006958_1_prot_wp_011013561_1_316,lcl_nc_006958_1_prot_wp_011013561_1_316,0,sampled_negative,unknown,0,0,0,0,0,,,0,0,0,0,,0,0,,0,0,0,0,,,,0,1,1,0,0,0,0,,,,6,0,0,0,,,,,,8,0,0,,0,,0,,,,0
cg2114,cg2114,lcl_nc_006958_1_prot_wp_011014416_1_1472,lcl_nc_006958_1_prot_wp_011014416_1_1472,0,sampled_negative,unknown,0,0,0,0,0,,,0,0,0,0,,0,0,,0,0,0,0,,,,0,1,1,0,0,0,0,,,,0,0,0,0,,,,,,8,0,0,,0,,0,,,,0
cg1738,cg1738,cg2910,cg2910,0,sampled_negative,unknown,0,0,0,0,0,,,0,0,0,0,,0,0,,0,0,0,0,,,,0,0,0,0,0,0,0,,,,0,0,0,0,,,,,,8,0,0,,0,,0,,,,0
cg0897,cg0897,cg0325,cg0325,0,sampled_negative,unknown,0,0,0,0,0,,,0,0,0,0,,0,0,,0,0,0,0,,,,0,21,6,0,0,0,0,,,,0,0,0,0,,,,,,8,0,1,,0,,0,,,,0
cg2783,cg2783,cgl1664,cgl1664,0,sampled_negative,unknown,0,0,0,0,0,,,0,0,0,0,,0,0,,0,0,0,0,,,,0,6,6,0,0,0,0,,,,2,0,0,0,,,,,,8,0,0,,0,,0,,,,0
cg2092,cg2092,cgl0748,cgl0748,0,sampled_negative,unknown,0,0,0,0,0,,,0,0,0,0,,0,0,,0,0,0,0,,,,0,11,6,0,0,0,0,,,,0,0,0,0,,,,,,8,0,1,,0,,0,,,,0
cg1032,cg1032,ncgl0126,ncgl0126,0,sampled_negative,unknown,0,0,0,0,0,,,0,0,0,0,,0,0,,0,0,0,0,,,,0,0,0,0,0,0,0,,,,0,0,0,0,,,,,,8,0,2,,0,,0,,,,0
cg0051,cg0051,cg2079,cg2079,0,sampled_negative,unknown,0,0,0,0,0,,,0,0,0,0,,0,0,,0,0,0,0,,,,0,0,0,0,0,0,0,,,,3,0,0,0,,,,,,8,0,0,,0,,0,,,,0
cg0156,cg0156,lcl_nc_006958_1_prot_wp_011014377_1_1417,lcl_nc_006958_1_prot_wp_011014377_1_1417,0,sampled_negative,unknown,0,0,0,0,0,,,0,0,0,0,,0,0,,0,0,0,0,,,,0,2,1,0,0,0,0,,,,1,0,0,0,,,,,,8,0,0,,0,,0,,,,0
cg0800,cg0800,cg0544,cg0544,0,sampled_negative,unknown,0,0,0,0,0,,,0,0,0,0,,0,0,,0,0,0,0,,,,0,0,0,0,0,0,0,,,,0,0,0,0,,,,,,8,0,0,,0,,0,,,,0
cg1846,cg1846,cgl1271,cgl1271,0,sampled_negative,unknown,0,0,0,0,0,,,0,0,0,0,,0,0,,0,0,0,0,,,,0,12,6,0,0,0,0,,,,0,0,0,0,,,,,,8,0,0,,0,,0,,,,0
cg3097,cg3097,cg0212,cg0212,0,sampled_negative,unknown,0,0,0,0,0,,,0,0,0,0,,0,0,,0,0,0,0,,,,0,17,6,0,0,0,0,,,,0,0,0,0,,,,,,8,0,1,,0,,0,,,,0
cg1547,cg1547,cgl1813,cgl1813,0,sampled_negative,unknown,0,0,0,0,0,,,0,0,0,0,,0,0,,0,0,0,0,,,,0,3,1,0,0,0,0,,,,0,0,0,0,,,,,,8,0,0,,0,,0,,,,0
cg2103,cg2103,lcl_nc_006958_1_prot_wp_011015561_1_2874,lcl_nc_006958_1_prot_wp_011015561_1_2874,0,sampled_negative,unknown,0,0,0,0,0,,,0,0,0,0,,0,0,,0,0,0,0,,,,0,1,1,0,0,0,0,,,,0,0,0,0,,,,,,8,0,0,,0,,0,,,,0
cg0565,cg0565,cg3569,cg3569,0,sampled_negative,unknown,0,0,0,0,0,,,0,0,0,0,,0,0,,0,0,0,0,,,,0,6,6,0,0,0,0,,,,0,0,0,0,,,,,,8,0,1,,0,,0,,,,0
cg2641,cg2641,cg0205,cg0205,0,sampled_negative,unknown,0,0,0,0,0,,,0,0,0,0,,0,0,,0,0,0,0,,,,0,2,1,0,0,0,0,,,,0,0,0,0,,,,,,8,1,1,,0,,0,,,,0
cg3388,cg3388,cgl1071,cgl1071,0,sampled_negative,unknown,0,0,0,0,0,,,0,0,0,0,,0,0,,0,0,0,0,,,,0,3,1,0,0,0,0,,,,0,0,0,0,,,,,,8,0,0,,0,,0,,,,0
cg2544,cg2544,cg1011,cg1011,0,sampled_negative,unknown,0,0,0,0,0,,,0,0,0,0,,0,0,,0,0,0,0,,,,0,0,0,0,0,0,0,,,,0,0,0,0,,,,,,8,0,0,,0,,0,,,,0
cg0725,cg0725,cgl2773,cgl2773,0,sampled_negative,unknown,0,0,0,0,0,,,0,0,0,0,,0,0,,0,0,0,0,,,,0,11,6,0,0,0,0,,,,0,0,0,0,,,,,,8,0,1,,0,,0,,,,0
cg2102,cg2102,cg2643,cg2643,0,sampled_negative,unknown,0,0,0,0,0,,,0,0,0,0,,0,0,,0,0,0,0,,,,0,0,0,0,0,0,0,,,,0,0,0,0,,,,,,8,0,0,,0,Group_2_sigma,0,,,,0
cg2109,cg2109,cg2267,cg2267,0,sampled_negative,unknown,0,0,0,0,0,,,0,0,0,0,,0,0,,0,0,0,0,,,,0,1,1,0,0,0,0,,,,0,0,0,0,,,,,,8,0,1,,0,,0,,,,0
cg2544,cg2544,lcl_nc_006958_1_prot_wp_003855103_1_2863,lcl_nc_006958_1_prot_wp_003855103_1_2863,0,sampled_negative,unknown,0,0,0,0,0,,,0,0,0,0,,0,0,,0,0,0,0,,,,0,2,1,0,0,0,0,,,,0,0,0,0,,,,,,8,0,0,,0,,0,,,,0
cg2102,cg2102,cgr1540,cgr1540,0,sampled_negative,unknown,0,0,0,0,0,,,0,0,0,0,,0,0,,0,0,0,0,,,,0,0,0,0,0,0,0,,,,0,0,0,0,,,,,,8,0,0,,0,Group_2_sigma,0,,,,0
cg1846,cg1846,ncgl2482,ncgl2482,0,sampled_negative,unknown,0,0,0,0,0,,,0,0,0,0,,0,0,,0,0,0,0,,,,0,0,0,0,0,0,0,,,,0,0,0,0,,,,,,8,0,0,,0,,0,,,,0
cg3239,cg3239,cg3336,cg3336,0,sampled_negative,unknown,0,0,0,0,0,,,0,0,0,0,,0,0,,0,0,0,0,,,,0,6,6,0,0,0,0,,,,0,0,0,0,,,,,,8,0,1,,0,,0,,,,0
cg1410,cg1410,cgl0354,cgl0354,0,sampled_negative,unknown,0,0,0,0,0,,,0,0,0,0,,0,0,,0,0,0,0,,,,0,1,1,0,0,0,0,,,,2,0,0,0,,,,,,8,0,0,,0,,0,,,,0
cg1120,cg1120,cg2332,cg2332,0,sampled_negative,unknown,0,0,0,0,0,,,0,0,0,0,,0,0,,0,0,0,0,,,,0,0,0,0,0,0,0,,,,1,0,0,0,,,,,,8,0,1,,0,,0,,,,0
cg0876,cg0876,cg2508,cg2508,0,sampled_negative,unknown,0,0,0,0,0,,,0,0,0,0,,0,0,,0,0,0,0,,,,0,9,9,0,0,0,0,,,,2,0,0,0,,,,,,8,0,0,,0,ECF_sigma,0,,,,0
cg0646,cg0646,lcl_nc_006958_1_prot_wp_011015065_1_2241,lcl_nc_006958_1_prot_wp_011015065_1_2241,0,sampled_negative,unknown,0,0,0,0,0,,,0,0,0,0,,0,0,,0,0,0,0,,,,0,2,1,0,0,0,0,,,,0,0,0,0,,,,,,8,0,1,,0,,0,,,,0
cg1704,cg1704,cgr2280,cgr2280,0,sampled_negative,unknown,0,0,0,0,0,,,0,0,0,0,,0,0,,0,0,0,0,,,,0,0,0,0,0,0,0,,,,0,0,0,0,,,,,,8,0,0,,0,,0,,,,0
cg2309,cg2309,cgrfwd02428,cgrfwd02428,0,sampled_negative,unknown,0,0,0,0,0,,,0,0,0,0,,0,0,,0,0,0,0,,,,0,0,0,0,0,0,0,,,,0,0,0,0,,,,,,8,0,0,,0,,0,,,,0
cg0993,cg0993,lcl_nc_006958_1_prot_wp_011015221_1_2451,lcl_nc_006958_1_prot_wp_011015221_1_2451,0,sampled_negative,unknown,0,0,0,0,0,,,0,0,0,0,,0,0,,0,0,0,0,,,,0,1,1,0,0,0,0,,,,0,0,0,0,,,,,,8,0,2,,0,,0,,,,0
cg1704,cg1704,cgl0574,cgl0574,0,sampled_negative,unknown,0,0,0,0,0,,,0,0,0,0,,0,0,,0,0,0,0,,,,0,1,1,0,0,0,0,,,,0,0,0,0,,,,,,8,0,0,,0,,0,,,,0
cg0702,cg0702,cg2708,cg2708,0,sampled_negative,unknown,0,0,0,0,0,,,0,0,0,0,,0,0,,0,0,0,0,,,,0,5,5,0,0,0,0,,,,6,0,0,0,,,,,,8,1,0,,0,,0,,,,0
cg3247,cg3247,cg1986,cg1986,0,sampled_negative,unknown,0,0,0,0,0,,,0,0,0,0,,0,0,,0,0,0,0,,,,0,1,1,0,0,0,0,,,,0,0,0,0,,,,,,8,0,0,,0,,0,,,,0
cg2152,cg2152,cgl0082,cgl0082,0,sampled_negative,unknown,0,0,0,0,0,,,0,0,0,0,,0,0,,0,0,0,0,,,,0,2,1,0,0,0,0,,,,0,0,0,0,,,,,,8,0,0,,0,,0,,,,0
cg2112,cg2112,cgrrev06869,cgrrev06869,0,sampled_negative,unknown,0,0,0,0,0,,,0,0,0,0,,0,0,,0,0,0,0,,,,0,0,0,0,0,0,0,,,,1,0,0,0,,,,,,8,0,1,,0,,0,,,,0
cg2500,cg2500,cgl1200,cgl1200,0,sampled_negative,unknown,0,0,0,0,0,,,0,0,0,0,,0,0,,0,0,0,0,,,,0,1,1,0,0,0,0,,,,0,0,0,0,,,,,,8,0,0,,0,,0,,,,0
cg0993,cg0993,cg3033,cg3033,0,sampled_negative,unknown,0,0,0,0,0,,,0,0,0,0,,0,0,,0,0,0,0,,,,0,5,5,0,0,0,0,,,,0,0,0,0,,,,,,8,0,2,,0,,0,,,,0
cg0343,cg0343,cg2183,cg2183,0,sampled_negative,unknown,0,0,0,0,0,,,0,0,0,0,,0,0,,0,0,0,0,,,,0,0,0,0,0,0,0,,,,0,0,0,0,,,,,,8,0,0,,0,,0,,,,0
cg0051,cg0051,cg2345,cg2345,0,sampled_negative,unknown,0,0,0,0,0,,,0,0,0,0,,0,0,,0,0,0,0,,,,0,1,1,0,0,0,0,,,,3,1,1,0,,,,,,8,0,0,,0,,0,,,,0
cg1792,cg1792,ncgl2316,ncgl2316,0,sampled_negative,unknown,0,0,0,0,0,,,0,0,0,0,,0,0,,0,0,0,0,,,,0,0,0,0,0,0,0,,,,1,0,0,0,,,,,,8,0,0,,0,,0,,,,0
cg2737,cg2737,cgl2192,cgl2192,0,sampled_negative,unknown,0,0,0,0,0,,,0,0,0,0,,0,0,,0,0,0,0,,,,0,18,6,0,0,0,0,,,,0,0,0,0,,,,,,8,0,0,,0,,0,,,,0
cg2942,cg2942,ncgl0078,ncgl0078,0,sampled_negative,unknown,0,0,0,0,0,,,0,0,0,0,,0,0,,0,0,0,0,,,,0,0,0,0,0,0,0,,,,0,0,0,0,,,,,,8,0,0,,0,,0,,,,0
cg2152,cg2152,cgl1057,cgl1057,0,sampled_negative,unknown,0,0,0,0,0,,,0,0,0,0,,0,0,,0,0,0,0,,,,0,1,1,0,0,0,0,,,,0,0,0,0,,,,,,8,0,0,,0,,0,,,,0
cg1324,cg1324,cgl0296,cgl0296,0,sampled_negative,unknown,0,0,0,0,0,,,0,0,0,0,,0,0,,0,0,0,0,,,,0,11,6,0,0,0,0,,,,2,0,0,0,,,,,,8,0,0,,0,,0,,,,0
cg0800,cg0800,cg1737,cg1737,0,sampled_negative,unknown,0,0,0,0,0,,,0,0,0,0,,0,0,,0,0,0,0,,,,0,22,6,0,0,0,0,,,,0,0,0,0,,,,,,8,0,0,,0,,0,,,,0
cg0196,cg0196,cgr3032,cgr3032,0,sampled_negative,unknown,0,0,0,0,0,,,0,0,0,0,,0,0,,0,0,0,0,,,,0,0,0,0,0,0,0,,,,0,0,0,0,,,,,,8,0,0,,0,,0,,,,0
cg1425,cg1425,ncgl1940,ncgl1940,0,sampled_negative,unknown,0,0,0,0,0,,,0,0,0,0,,0,0,,0,0,0,0,,,,0,0,0,0,0,0,0,,,,0,0,0,0,,,,,,8,0,0,,0,,0,,,,0
cg0350,cg0350,cg3346,cg3346,0,sampled_negative,unknown,0,0,0,0,0,,,0,0,0,0,,0,0,,0,0,0,0,,,,0,6,6,0,0,0,0,,,,0,0,0,0,,,,,,8,0,0,,0,,0,,,,0
cg0012,cg0012,cg0098,cg0098,0,sampled_negative,unknown,0,0,0,0,0,,,0,0,0,0,,0,0,,0,0,0,0,,,,0,2,1,0,0,0,0,,,,0,0,0,0,,,,,,8,0,1,,0,Group_1_sigma,0,,,,0
cg1704,cg1704,cgl2268,cgl2268,0,sampled_negative,unknown,0,0,0,0,0,,,0,0,0,0,,0,0,,0,0,0,0,,,,0,1,1,0,0,0,0,,,,0,0,0,0,,,,,,8,0,0,,0,,0,,,,0
cg2309,cg2309,cgrfwd15124,cgrfwd15124,0,sampled_negative,unknown,0,0,0,0,0,,,0,0,0,0,,0,0,,0,0,0,0,,,,0,0,0,0,0,0,0,,,,0,0,0,0,,,,,,8,0,0,,0,,0,,,,0
cg0993,cg0993,cgl1832,cgl1832,0,sampled_negative,unknown,0,0,0,0,0,,,0,0,0,0,,0,0,,0,0,0,0,,,,0,1,1,0,0,0,0,,,,0,0,0,0,,,,,,8,0,2,,0,,0,,,,0
cg0012,cg0012,cg1451,cg1451,0,sampled_negative,unknown,0,0,0,0,0,,,0,0,0,0,,0,0,,0,0,0,0,,,,0,6,6,0,0,0,0,,,,0,0,0,0,,,,,,8,0,1,,0,Group_1_sigma,0,,,,0
cg3388,cg3388,lcl_nc_006958_1_prot_wp_011013477_1_213,lcl_nc_006958_1_prot_wp_011013477_1_213,0,sampled_negative,unknown,0,0,0,0,0,,,0,0,0,0,,0,0,,0,0,0,0,,,,0,3,1,0,0,0,0,,,,0,0,0,0,,,,,,8,0,0,,0,,0,,,,0
cg1552,cg1552,cg3357,cg3357,0,sampled_negative,unknown,0,0,0,0,0,,,0,0,0,0,,0,0,,0,0,0,0,,,,0,0,0,0,0,0,0,,,,2,0,0,0,,,,,,8,0,0,,0,,0,,,,0
cg3285,cg3285,cg2268,cg2268,0,sampled_negative,unknown,0,0,0,0,0,,,0,0,0,0,,0,0,,0,0,0,0,,,,0,2,1,0,0,0,0,,,,0,0,0,0,,,,,,8,0,1,,0,,0,,,,0
cg2114,cg2114,cgl2646,cgl2646,0,sampled_negative,unknown,0,0,0,0,0,,,0,0,0,0,,0,0,,0,0,0,0,,,,0,6,6,0,0,0,0,,,,0,0,0,0,,,,,,8,0,0,,0,,0,,,,0
cg2910,cg2910,ncgl1640,ncgl1640,0,sampled_negative,unknown,0,0,0,0,0,,,0,0,0,0,,0,0,,0,0,0,0,,,,0,0,0,0,0,0,0,,,,0,0,0,0,,,,,,8,0,0,,0,,0,,,,0
cg3420,cg3420,cg2987,cg2987,0,sampled_negative,unknown,0,0,0,0,0,,,0,0,0,0,,0,0,,0,0,0,0,,,,0,18,6,0,0,0,0,,,,0,0,0,0,,,,,,8,0,0,,0,ECF_sigma,0,,,,0
cg0090,cg0090,cg0648,cg0648,0,sampled_negative,unknown,0,0,0,0,0,,,0,0,0,0,,0,0,,0,0,0,0,,,,0,28,6,0,0,0,0,,,,1,0,0,0,,,,,,8,0,0,,1,,0,,,,0
cg2831,cg2831,cg3581,cg3581,0,sampled_negative,unknown,0,0,0,0,0,,,0,0,0,0,,0,0,,0,0,0,0,,,,0,1,1,0,0,0,0,,,,0,0,0,0,,,,,,8,0,2,,0,,0,,,,0
cg0986,cg0986,cg1583,cg1583,0,sampled_negative,unknown,0,0,0,0,0,,,0,0,0,0,,0,0,,0,0,0,0,,,,0,11,6,0,0,0,0,,,,0,0,0,0,,,,,,8,1,0,,0,,0,,,,0
cg1324,cg1324,cg0216,cg0216,0,sampled_negative,unknown,0,0,0,0,0,,,0,0,0,0,,0,0,,0,0,0,0,,,,0,11,2,0,0,0,0,,,,2,1,1,0,,,,,,8,0,0,,0,,0,,,,0
cg0800,cg0800,cgtrna_3529,cgtrna_3529,0,sampled_negative,unknown,0,0,0,0,0,,,0,0,0,0,,0,0,,0,0,0,0,,,,0,1,1,0,0,0,0,,,,0,0,0,0,,,,,,8,0,0,,0,,0,,,,0
cg0702,cg0702,ncgl1096,ncgl1096,0,sampled_negative,unknown,0,0,0,0,0,,,0,0,0,0,,0,0,,0,0,0,0,,,,0,0,0,0,0,0,0,,,,6,0,0,0,,,,,,8,0,0,,0,,0,,,,0
cg2910,cg2910,ncgl2350,ncgl2350,0,sampled_negative,unknown,0,0,0,0,0,,,0,0,0,0,,0,0,,0,0,0,0,,,,0,0,0,0,0,0,0,,,,0,0,0,0,,,,,,8,0,0,,0,,0,,,,0
cg0112,cg0112,cgl0687,cgl0687,0,sampled_negative,unknown,0,0,0,0,0,,,0,0,0,0,,0,0,,0,0,0,0,,,,0,11,6,0,0,0,0,,,,1,0,0,0,,,,,,8,0,0,,0,,0,,,,0
cg1324,cg1324,cgrfwd00605,cgrfwd00605,0,sampled_negative,unknown,0,0,0,0,0,,,0,0,0,0,,0,0,,0,0,0,0,,,,0,0,0,0,0,0,0,,,,2,0,0,0,,,,,,8,0,0,,0,,0,,,,0
cg1218,cg1218,cg2463,cg2463,0,sampled_negative,unknown,0,0,0,0,0,,,0,0,0,0,,0,0,,0,0,0,0,,,,0,1,1,0,0,0,0,,,,2,0,0,0,,,,,,8,0,1,,0,,0,,,,0
cg1792,cg1792,cgl0996,cgl0996,0,sampled_negative,unknown,0,0,0,0,0,,,0,0,0,0,,0,0,,0,0,0,0,,,,0,23,7,0,0,0,0,,,,1,0,0,0,,,,,,8,0,0,,0,,0,,,,0
cg1765,cg1765,cg1475,cg1475,0,sampled_negative,unknown,0,0,0,0,0,,,0,0,0,0,,0,0,,0,0,0,0,,,,0,1,1,0,0,0,0,,,,0,0,0,0,,,,,,8,0,1,,0,,0,,,,0
cg2942,cg2942,cg3218,cg3218,0,sampled_negative,unknown,0,0,0,0,0,,,0,0,0,0,,0,0,,0,0,0,0,,,,0,6,6,0,0,0,0,,,,0,0,0,0,,,,,,8,0,0,,0,,0,,,,0
cg0696,cg0696,lcl_nc_006958_1_prot_wp_011014157_1_1116,lcl_nc_006958_1_prot_wp_011014157_1_1116,0,sampled_negative,unknown,0,0,0,0,0,,,0,0,0,0,,0,0,,0,0,0,0,,,,0,1,1,0,0,0,0,,,,0,0,0,0,,,,,,8,0,1,,0,,0,,,,0
cg1218,cg1218,cgrrev09588,cgrrev09588,0,sampled_negative,unknown,0,0,0,0,0,,,0,0,0,0,,0,0,,0,0,0,0,,,,0,0,0,0,0,0,0,,,,2,0,0,0,,,,,,8,0,1,,0,,0,,,,0
cg0313,cg0313,cgl2601,cgl2601,0,sampled_negative,unknown,0,0,0,0,0,,,0,0,0,0,,0,0,,0,0,0,0,,,,0,1,1,0,0,0,0,,,,0,0,0,0,,,,,,8,0,0,,0,,0,,,,0
cg2115,cg2115,lcl_nc_006958_1_prot_wp_011014180_1_1145,lcl_nc_006958_1_prot_wp_011014180_1_1145,0,sampled_negative,unknown,0,0,0,0,0,,,0,0,0,0,,0,0,,0,0,0,0,,,,0,1,1,0,0,0,0,,,,0,0,0,0,,,,,,8,0,0,,0,,0,,,,0
cg2152,cg2152,cg0316,cg0316,0,sampled_negative,unknown,0,0,0,0,0,,,0,0,0,0,,0,0,,0,0,0,0,,,,0,1,1,0,0,0,0,,,,0,0,0,0,,,,,,8,0,0,,0,,0,,,,0
cg2910,cg2910,cg1145,cg1145,0,sampled_negative,unknown,0,0,0,0,0,,,0,0,0,0,,0,0,,0,0,0,0,,,,0,12,7,0,0,0,0,,,,0,0,0,0,,,,,,8,0,0,,0,,0,,,,0
cg0454,cg0454,cg0627,cg0627,0,sampled_negative,unknown,0,0,0,0,0,,,0,0,0,0,,0,0,,0,0,0,0,,,,0,6,6,0,0,0,0,,,,1,0,0,0,,,,,,8,0,0,,0,,0,,,,0
cg3388,cg3388,cgrrev04516,cgrrev04516,0,sampled_negative,unknown,0,0,0,0,0,,,0,0,0,0,,0,0,,0,0,0,0,,,,0,0,0,0,0,0,0,,,,0,0,0,0,,,,,,8,0,0,,0,,0,,,,0
cg1308,cg1308,cg1858,cg1858,0,sampled_negative,unknown,0,0,0,0,0,,,0,0,0,0,,0,0,,0,0,0,0,,,,0,2,1,0,0,0,0,,,,0,0,0,0,,,,,,8,0,0,,0,,0,,,,0
cg1765,cg1765,cgl1166,cgl1166,0,sampled_negative,unknown,0,0,0,0,0,,,0,0,0,0,,0,0,,0,0,0,0,,,,0,2,1,0,0,0,0,,,,0,0,0,0,,,,,,8,0,1,,0,,0,,,,0
cg2112,cg2112,cgrrev03335,cgrrev03335,0,sampled_negative,unknown,0,0,0,0,0,,,0,0,0,0,,0,0,,0,0,0,0,,,,0,0,0,0,0,0,0,,,,1,0,0,0,,,,,,8,0,1,,0,,0,,,,0
cg0565,cg0565,lcl_nc_006958_1_prot_wp_003857948_1_2411,lcl_nc_006958_1_prot_wp_003857948_1_2411,0,sampled_negative,unknown,0,0,0,0,0,,,0,0,0,0,,0,0,,0,0,0,0,,,,0,1,1,0,0,0,0,,,,0,0,0,0,,,,,,8,0,1,,0,,0,,,,0
cg2112,cg2112,cg1186,cg1186,0,sampled_negative,unknown,0,0,0,0,0,,,0,0,0,0,,0,0,,0,0,0,0,,,,0,4,1,0,0,0,0,,,,1,0,0,0,,,,,,8,0,1,,0,,0,,,,0
cg1410,cg1410,cgtrna_3573,cgtrna_3573,0,sampled_negative,unknown,0,0,0,0,0,,,0,0,0,0,,0,0,,0,0,0,0,,,,0,6,6,0,0,0,0,,,,2,0,0,0,,,,,,8,0,0,,0,,0,,,,0
cg2268,cg2268,cgrrev06279,cgrrev06279,0,sampled_negative,unknown,0,0,0,0,0,,,0,0,0,0,,0,0,,0,0,0,0,,,,0,0,0,0,0,0,0,,,,2,0,0,0,,,,,,8,0,0,,0,,0,,,,0
cg2152,cg2152,cgl1166,cgl1166,0,sampled_negative,unknown,0,0,0,0,0,,,0,0,0,0,,0,0,,0,0,0,0,,,,0,2,1,0,0,0,0,,,,0,0,0,0,,,,,,8,0,0,,0,,0,,,,0
cg0741,cg0741,cg1347,cg1347,0,sampled_negative,unknown,0,0,0,0,0,,,0,0,0,0,,0,0,,0,0,0,0,,,,0,1,1,0,0,0,0,,,,0,0,0,0,,,,,,8,0,1,,0,,0,,,,0
cg2888,cg2888,cgrrev11068,cgrrev11068,0,sampled_negative,unknown,0,0,0,0,0,,,0,0,0,0,,0,0,,0,0,0,0,,,,0,0,0,0,0,0,0,,,,0,0,0,0,,,,,,8,0,0,,0,,0,,,,0
cg1792,cg1792,cgl1143,cgl1143,0,sampled_negative,unknown,0,0,0,0,0,,,0,0,0,0,,0,0,,0,0,0,0,,,,0,6,6,0,0,0,0,,,,1,0,0,0,,,,,,8,0,0,,0,,0,,,,0
cg0741,cg0741,lcl_nc_006958_1_prot_wp_011014219_1_1195,lcl_nc_006958_1_prot_wp_011014219_1_1195,0,sampled_negative,unknown,0,0,0,0,0,,,0,0,0,0,,0,0,,0,0,0,0,,,,0,2,1,0,0,0,0,,,,0,0,0,0,,,,,,8,0,1,,0,,0,,,,0
cg2965,cg2965,cgl2084,cgl2084,0,sampled_negative,unknown,0,0,0,0,0,,,0,0,0,0,,0,0,,0,0,0,0,,,,0,1,1,0,0,0,0,,,,0,0,0,0,,,,,,8,0,0,,0,,0,,,,0
cg1211,cg1211,cgl1714,cgl1714,0,sampled_negative,unknown,0,0,0,0,0,,,0,0,0,0,,0,0,,0,0,0,0,,,,0,6,6,0,0,0,0,,,,0,0,0,0,,,,,,8,0,1,,0,,0,,,,0
cg1547,cg1547,cg0305,cg0305,0,sampled_negative,unknown,0,0,0,0,0,,,0,0,0,0,,0,0,,0,0,0,0,,,,0,0,0,0,0,0,0,,,,0,0,0,0,,,,,,8,0,0,,0,,0,,,,0
cg3373,cg3373,cgl2605,cgl2605,0,sampled_negative,unknown,0,0,0,0,0,,,0,0,0,0,,0,0,,0,0,0,0,,,,0,6,6,0,0,0,0,,,,0,0,0,0,,,,,,8,0,0,,0,,0,,,,0
cg2942,cg2942,cgrrev15809,cgrrev15809,0,sampled_negative,unknown,0,0,0,0,0,,,0,0,0,0,,0,0,,0,0,0,0,,,,0,0,0,0,0,0,0,,,,0,0,0,0,,,,,,8,0,0,,0,,0,,,,0
cg3224,cg3224,cgrfwd02429,cgrfwd02429,0,sampled_negative,unknown,0,0,0,0,0,,,0,0,0,0,,0,0,,0,0,0,0,,,,0,0,0,0,0,0,0,,,,0,0,0,0,,,,,,8,0,1,,0,,0,,,,0
cg1120,cg1120,cg2472,cg2472,0,sampled_negative,unknown,0,0,0,0,0,,,0,0,0,0,,0,0,,0,0,0,0,,,,0,123,9,0,0,0,0,,,,1,0,0,0,,,,,,8,0,1,,0,,0,,,,0
cg3388,cg3388,cgl2325,cgl2325,0,sampled_negative,unknown,0,0,0,0,0,,,0,0,0,0,,0,0,,0,0,0,0,,,,0,7,7,0,0,0,0,,,,0,0,0,0,,,,,,8,0,0,,0,,0,,,,0
cg2103,cg2103,cgrfwd12390,cgrfwd12390,0,sampled_negative,unknown,0,0,0,0,0,,,0,0,0,0,,0,0,,0,0,0,0,,,,0,0,0,0,0,0,0,,,,0,0,0,0,,,,,,8,0,0,,0,,0,,,,0
cg1218,cg1218,cgl2522,cgl2522,0,sampled_negative,unknown,0,0,0,0,0,,,0,0,0,0,,0,0,,0,0,0,0,,,,0,7,7,0,0,0,0,,,,2,0,0,0,,,,,,8,0,1,,0,,0,,,,0
cg0696,cg0696,cg0145,cg0145,0,sampled_negative,unknown,0,0,0,0,0,,,0,0,0,0,,0,0,,0,0,0,0,,,,0,1,1,0,0,0,0,,,,0,0,0,0,,,,,,8,0,1,,0,,0,,,,0
cg0146,cg0146,lcl_nc_006958_1_prot_wp_004567634_1_2280,lcl_nc_006958_1_prot_wp_004567634_1_2280,0,sampled_negative,unknown,0,0,0,0,0,,,0,0,0,0,,0,0,,0,0,0,0,,,,0,1,1,0,0,0,0,,,,0,0,0,0,,,,,,8,0,0,,1,,0,,,,0
cg3097,cg3097,ncgl0171,ncgl0171,0,sampled_negative,unknown,0,0,0,0,0,,,0,0,0,0,,0,0,,0,0,0,0,,,,0,0,0,0,0,0,0,,,,0,0,0,0,,,,,,8,0,1,,0,,0,,,,0
cg2544,cg2544,cg0648,cg0648,0,sampled_negative,unknown,0,0,0,0,0,,,0,0,0,0,,0,0,,0,0,0,0,,,,0,28,6,0,0,0,0,,,,0,0,0,0,,,,,,8,0,0,,0,,0,,,,0
cg1218,cg1218,lcl_nc_006958_1_prot_wp_011015597_1_2920,lcl_nc_006958_1_prot_wp_011015597_1_2920,0,sampled_negative,unknown,0,0,0,0,0,,,0,0,0,0,,0,0,,0,0,0,0,,,,0,6,2,0,0,0,0,,,,2,0,0,0,,,,,,8,0,1,,0,,0,,,,0
cg0350,cg0350,cgl2101,cgl2101,0,sampled_negative,unknown,0,0,0,0,0,,,0,0,0,0,,0,0,,0,0,0,0,,,,0,28,7,0,0,0,0,,,,0,0,0,0,,,,,,8,0,0,,0,,0,,,,0
cg2627,cg2627,cgl0743,cgl0743,0,sampled_negative,unknown,0,0,0,0,0,,,0,0,0,0,,0,0,,0,0,0,0,,,,0,1,1,0,0,0,0,,,,1,0,0,0,,,,,,8,0,0,,0,,0,,,,0
cg1704,cg1704,cg0663,cg0663,0,sampled_negative,unknown,0,0,0,0,0,,,0,0,0,0,,0,0,,0,0,0,0,,,,0,1,1,0,0,0,0,,,,0,0,0,0,,,,,,8,0,0,,0,,0,,,,0
cg0862,cg0862,ncgl0471,ncgl0471,0,sampled_negative,unknown,0,0,0,0,0,,,0,0,0,0,,0,0,,0,0,0,0,,,,0,0,0,0,0,0,0,,,,0,0,0,0,,,,,,8,0,0,,0,,0,,,,0
cg3202,cg3202,cg2110,cg2110,0,sampled_negative,unknown,0,0,0,0,0,,,0,0,0,0,,0,0,,0,0,0,0,,,,0,1,1,0,0,0,0,,,,0,0,0,0,,,,,,8,1,1,,0,,0,,,,0
cg1552,cg1552,lcl_nc_006958_1_prot_wp_011014034_1_965,lcl_nc_006958_1_prot_wp_011014034_1_965,0,sampled_negative,unknown,0,0,0,0,0,,,0,0,0,0,,0,0,,0,0,0,0,,,,0,1,1,0,0,0,0,,,,2,1,1,0,,,,,,8,0,0,,0,,0,,,,0
cg0343,cg0343,cgl2864,cgl2864,0,sampled_negative,unknown,0,0,0,0,0,,,0,0,0,0,,0,0,,0,0,0,0,,,,0,6,6,0,0,0,0,,,,0,0,0,0,,,,,,8,0,0,,0,,0,,,,0
cg2894,cg2894,cg0592,cg0592,0,sampled_negative,unknown,0,0,0,0,0,,,0,0,0,0,,0,0,,0,0,0,0,,,,0,1,1,0,0,0,0,,,,0,0,0,0,,,,,,8,1,1,,0,,0,,,,0
cg1765,cg1765,cg0322,cg0322,0,sampled_negative,unknown,0,0,0,0,0,,,0,0,0,0,,0,0,,0,0,0,0,,,,0,1,1,0,0,0,0,,,,0,0,0,0,,,,,,8,0,1,,0,,0,,,,0
cg2783,cg2783,cg1941,cg1941,0,sampled_negative,unknown,0,0,0,0,0,,,0,0,0,0,,0,0,,0,0,0,0,,,,0,1,1,0,0,0,0,,,,2,1,1,0,,,,,,8,0,0,,0,,0,,,,0
cg0350,cg0350,lcl_nc_006958_1_prot_wp_003860764_1_626,lcl_nc_006958_1_prot_wp_003860764_1_626,0,sampled_negative,unknown,0,0,0,0,0,,,0,0,0,0,,0,0,,0,0,0,0,,,,0,3,1,0,0,0,0,,,,0,0,0,0,,,,,,8,0,0,,0,,0,,,,0
cg2115,cg2115,cg2899,cg2899,0,sampled_negative,unknown,0,0,0,0,0,,,0,0,0,0,,0,0,,0,0,0,0,,,,0,2,1,0,0,0,0,,,,0,0,0,0,,,,,,8,0,0,,0,,0,,,,0
cg0897,cg0897,cg0417,cg0417,0,sampled_negative,unknown,0,0,0,0,0,,,0,0,0,0,,0,0,,0,0,0,0,,,,0,12,7,0,0,0,0,,,,0,0,0,0,,,,,,8,1,1,,0,,0,,,,0
cg0444,cg0444,cgrrev15788,cgrrev15788,0,sampled_negative,unknown,0,0,0,0,0,,,0,0,0,0,,0,0,,0,0,0,0,,,,0,0,0,0,0,0,0,,,,0,0,0,0,,,,,,8,0,1,,1,,0,,,,0
cg0337,cg0337,cgrfwd10492,cgrfwd10492,0,sampled_negative,unknown,0,0,0,0,0,,,0,0,0,0,,0,0,,0,0,0,0,,,,0,0,0,0,0,0,0,,,,0,0,0,0,,,,,,8,0,0,,0,,0,,,,0
cg1410,cg1410,cgrfwd12963,cgrfwd12963,0,sampled_negative,unknown,0,0,0,0,0,,,0,0,0,0,,0,0,,0,0,0,0,,,,0,0,0,0,0,0,0,,,,2,0,0,0,,,,,,8,0,0,,0,,0,,,,0
cg2641,cg2641,cg2096,cg2096,0,sampled_negative,unknown,0,0,0,0,0,,,0,0,0,0,,0,0,,0,0,0,0,,,,0,2,2,0,0,0,0,,,,0,0,0,0,,,,,,8,1,1,,0,,0,,,,0
cg0196,cg0196,ncgl0461,ncgl0461,0,sampled_negative,unknown,0,0,0,0,0,,,0,0,0,0,,0,0,,0,0,0,0,,,,0,0,0,0,0,0,0,,,,0,0,0,0,,,,,,8,0,0,,0,,0,,,,0
cg0695,cg0695,cg0952,cg0952,0,sampled_negative,unknown,0,0,0,0,0,,,0,0,0,0,,0,0,,0,0,0,0,,,,0,0,0,0,0,0,0,,,,0,0,0,0,,,,,,8,0,1,,0,,0,,,,0
cg0090,cg0090,cg1049,cg1049,0,sampled_negative,unknown,0,0,0,0,0,,,0,0,0,0,,0,0,,0,0,0,0,,,,0,15,7,0,0,0,0,,,,1,0,0,0,,,,,,8,0,0,,1,,0,,,,0
cg1547,cg1547,lcl_nc_006958_1_prot_wp_011015017_1_2176,lcl_nc_006958_1_prot_wp_011015017_1_2176,0,sampled_negative,unknown,0,0,0,0,0,,,0,0,0,0,,0,0,,0,0,0,0,,,,0,1,1,0,0,0,0,,,,0,0,0,0,,,,,,8,0,0,,0,,0,,,,0
cg1648,cg1648,cg0325,cg0325,0,sampled_negative,unknown,0,0,0,0,0,,,0,0,0,0,,0,0,,0,0,0,0,,,,0,21,6,0,0,0,0,,,,0,0,0,0,,,,,,8,0,0,,0,,0,,,,0
cg2500,cg2500,cgl1042,cgl1042,0,sampled_negative,unknown,0,0,0,0,0,,,0,0,0,0,,0,0,,0,0,0,0,,,,0,13,1,0,0,0,0,,,,0,0,0,0,,,,,,8,0,0,,0,,0,,,,0
cg1552,cg1552,cgl0271,cgl0271,0,sampled_negative,unknown,0,0,0,0,0,,,0,0,0,0,,0,0,,0,0,0,0,,,,0,2,1,0,0,0,0,,,,2,1,1,0,,,,,,8,0,0,,0,,0,,,,0
cg1648,cg1648,cg0642,cg0642,0,sampled_negative,unknown,0,0,0,0,0,,,0,0,0,0,,0,0,,0,0,0,0,,,,0,6,6,0,0,0,0,,,,0,0,0,0,,,,,,8,1,0,,0,,0,,,,0
cg0454,cg0454,cg2189,cg2189,0,sampled_negative,unknown,0,0,0,0,0,,,0,0,0,0,,0,0,,0,0,0,0,,,,0,6,6,0,0,0,0,,,,1,0,0,0,,,,,,8,1,0,,0,,0,,,,0
cg0196,cg0196,lcl_nc_006958_1_prot_wp_011265645_1_867,lcl_nc_006958_1_prot_wp_011265645_1_867,0,sampled_negative,unknown,0,0,0,0,0,,,0,0,0,0,,0,0,,0,0,0,0,,,,0,1,1,0,0,0,0,,,,0,0,0,0,,,,,,8,0,0,,0,,0,,,,0
cg2627,cg2627,lcl_nc_006958_1_prot_wp_011265496_1_202,lcl_nc_006958_1_prot_wp_011265496_1_202,0,sampled_negative,unknown,0,0,0,0,0,,,0,0,0,0,,0,0,,0,0,0,0,,,,0,1,1,0,0,0,0,,,,1,0,0,0,,,,,,8,0,0,,0,,0,,,,0
cg2766,cg2766,cg2622,cg2622,0,sampled_negative,unknown,0,0,0,0,0,,,0,0,0,0,,0,0,,0,0,0,0,,,,0,0,0,0,0,0,0,,,,0,0,0,0,,,,,,8,0,0,,1,,0,,,,0
cg1120,cg1120,cg2625,cg2625,0,sampled_negative,unknown,0,0,0,0,0,,,0,0,0,0,,0,0,,0,0,0,0,,,,0,11,6,0,0,0,0,,,,1,0,0,0,,,,,,8,0,1,,0,,0,,,,0
cg0090,cg0090,lcl_nc_006958_1_prot_wp_003855176_1_2899,lcl_nc_006958_1_prot_wp_003855176_1_2899,0,sampled_negative,unknown,0,0,0,0,0,,,0,0,0,0,,0,0,,0,0,0,0,,,,0,2,1,0,0,0,0,,,,1,1,1,0,,,,,,8,0,0,,1,,0,,,,0
cg3247,cg3247,cg1792,cg1792,0,sampled_negative,unknown,0,0,0,0,0,,,0,0,0,0,,0,0,,0,0,0,0,,,,0,1,1,0,0,0,0,,,,0,0,0,0,,,,,,8,0,0,,0,,0,,,,0
cg0313,cg0313,cgl2342,cgl2342,0,sampled_negative,unknown,0,0,0,0,0,,,0,0,0,0,,0,0,,0,0,0,0,,,,0,1,1,0,0,0,0,,,,0,0,0,0,,,,,,8,0,0,,0,,0,,,,0
cg2641,cg2641,cg0870,cg0870,0,sampled_negative,unknown,0,0,0,0,0,,,0,0,0,0,,0,0,,0,0,0,0,,,,0,6,6,0,0,0,0,,,,0,0,0,0,,,,,,8,0,1,,0,,0,,,,0
cg3388,cg3388,lcl_nc_006958_1_prot_wp_011265968_1_2445,lcl_nc_006958_1_prot_wp_011265968_1_2445,0,sampled_negative,unknown,0,0,0,0,0,,,0,0,0,0,,0,0,,0,0,0,0,,,,0,1,1,0,0,0,0,,,,0,0,0,0,,,,,,8,0,0,,0,,0,,,,0
cg1032,cg1032,lcl_nc_006958_1_prot_wp_003863112_1_2474,lcl_nc_006958_1_prot_wp_003863112_1_2474,0,sampled_negative,unknown,0,0,0,0,0,,,0,0,0,0,,0,0,,0,0,0,0,,,,0,3,1,0,0,0,0,,,,0,0,0,0,,,,,,8,0,2,,0,,0,,,,0
cg3373,cg3373,cg1164,cg1164,0,sampled_negative,unknown,0,0,0,0,0,,,0,0,0,0,,0,0,,0,0,0,0,,,,0,12,6,0,0,0,0,,,,0,0,0,0,,,,,,8,0,0,,0,,0,,,,0
cg3352,cg3352,cgrrev01135,cgrrev01135,0,sampled_negative,unknown,0,0,0,0,0,,,0,0,0,0,,0,0,,0,0,0,0,,,,0,0,0,0,0,0,0,,,,0,0,0,0,,,,,,8,0,0,,0,,0,,,,0
cg0463,cg0463,cgrrev16027,cgrrev16027,0,sampled_negative,unknown,0,0,0,0,0,,,0,0,0,0,,0,0,,0,0,0,0,,,,0,0,0,0,0,0,0,,,,0,0,0,0,,,,,,8,0,0,,0,,0,,,,0
cg2516,cg2516,cgl0470,cgl0470,0,sampled_negative,unknown,0,0,0,0,0,,,0,0,0,0,,0,0,,0,0,0,0,,,,0,14,6,0,0,0,0,,,,0,0,0,0,,,,,,8,0,0,,0,,0,,,,0
cg0725,cg0725,cg3582,cg3582,0,sampled_negative,unknown,0,0,0,0,0,,,0,0,0,0,,0,0,,0,0,0,0,,,,0,1,1,0,0,0,0,,,,0,0,0,0,,,,,,8,0,1,,0,,0,,,,0
cg1765,cg1765,cgl1197,cgl1197,0,sampled_negative,unknown,0,0,0,0,0,,,0,0,0,0,,0,0,,0,0,0,0,,,,0,6,6,0,0,0,0,,,,0,0,0,0,,,,,,8,0,1,,0,,0,,,,0
cg0696,cg0696,cgl0377,cgl0377,0,sampled_negative,unknown,0,0,0,0,0,,,0,0,0,0,,0,0,,0,0,0,0,,,,0,2,1,0,0,0,0,,,,0,0,0,0,,,,,,8,0,1,,0,,0,,,,0
cg1704,cg1704,ncgl1304,ncgl1304,0,sampled_negative,unknown,0,0,0,0,0,,,0,0,0,0,,0,0,,0,0,0,0,,,,0,0,0,0,0,0,0,,,,0,0,0,0,,,,,,8,0,0,,0,,0,,,,0
cg2102,cg2102,cgl0952,cgl0952,0,sampled_negative,unknown,0,0,0,0,0,,,0,0,0,0,,0,0,,0,0,0,0,,,,0,1,1,0,0,0,0,,,,0,0,0,0,,,,,,8,0,0,,0,Group_2_sigma,0,,,,0
cg0878,cg0878,lcl_nc_006958_1_prot_wp_011013967_1_884,lcl_nc_006958_1_prot_wp_011013967_1_884,0,sampled_negative,unknown,0,0,0,0,0,,,0,0,0,0,,0,0,,0,0,0,0,,,,0,1,1,0,0,0,0,,,,0,0,0,0,,,,,,8,0,0,,0,,0,,,,0
cg0876,cg0876,cgrfwd10054,cgrfwd10054,0,sampled_negative,unknown,0,0,0,0,0,,,0,0,0,0,,0,0,,0,0,0,0,,,,0,0,0,0,0,0,0,,,,2,0,0,0,,,,,,8,0,0,,0,ECF_sigma,0,,,,0
cg2783,cg2783,cgl2346,cgl2346,0,sampled_negative,unknown,0,0,0,0,0,,,0,0,0,0,,0,0,,0,0,0,0,,,,0,1,1,0,0,0,0,,,,2,0,0,0,,,,,,8,0,0,,0,,0,,,,0
cg2910,cg2910,cg2523,cg2523,0,sampled_negative,unknown,0,0,0,0,0,,,0,0,0,0,,0,0,,0,0,0,0,,,,0,25,7,0,0,0,0,,,,0,0,0,0,,,,,,8,0,0,,0,,0,,,,0
cg2783,cg2783,cgl2583,cgl2583,0,sampled_negative,unknown,0,0,0,0,0,,,0,0,0,0,,0,0,,0,0,0,0,,,,0,6,6,0,0,0,0,,,,2,0,0,0,,,,,,8,0,0,,0,,0,,,,0
cg3388,cg3388,cg3533,cg3533,0,sampled_negative,unknown,0,0,0,0,0,,,0,0,0,0,,0,0,,0,0,0,0,,,,0,1,1,0,0,0,0,,,,0,0,0,0,,,,,,8,0,0,,0,,0,,,,0
cg2309,cg2309,cgrfwd09070,cgrfwd09070,0,sampled_negative,unknown,0,0,0,0,0,,,0,0,0,0,,0,0,,0,0,0,0,,,,0,0,0,0,0,0,0,,,,0,0,0,0,,,,,,8,0,0,,0,,0,,,,0
cg1738,cg1738,cgl0990,cgl0990,0,sampled_negative,unknown,0,0,0,0,0,,,0,0,0,0,,0,0,,0,0,0,0,,,,0,6,6,0,0,0,0,,,,0,0,0,0,,,,,,8,0,0,,0,,0,,,,0
cg1324,cg1324,cgl0934,cgl0934,0,sampled_negative,unknown,0,0,0,0,0,,,0,0,0,0,,0,0,,0,0,0,0,,,,0,1,1,0,0,0,0,,,,2,0,0,0,,,,,,8,0,0,,0,,0,,,,0
cg1792,cg1792,cgl0055,cgl0055,0,sampled_negative,unknown,0,0,0,0,0,,,0,0,0,0,,0,0,,0,0,0,0,,,,0,6,6,0,0,0,0,,,,1,0,0,0,,,,,,8,0,0,,0,,0,,,,0
cg1340,cg1340,cg0029,cg0029,0,sampled_negative,unknown,0,0,0,0,0,,,0,0,0,0,,0,0,,0,0,0,0,,,,0,5,3,0,0,0,0,,,,0,0,0,0,,,,,,8,0,0,,0,,0,,,,0
cg0702,cg0702,cgl0327,cgl0327,0,sampled_negative,unknown,0,0,0,0,0,,,0,0,0,0,,0,0,,0,0,0,0,,,,0,14,7,0,0,0,0,,,,6,0,0,0,,,,,,8,0,0,,0,,0,,,,0
cg0527,cg0527,cgl0694,cgl0694,0,sampled_negative,unknown,0,0,0,0,0,,,0,0,0,0,,0,0,,0,0,0,0,,,,0,11,6,0,0,0,0,,,,15,0,0,0,,,,,,8,0,1,,0,,0,,,,0
cg0527,cg0527,cgtrna_3574,cgtrna_3574,0,sampled_negative,unknown,0,0,0,0,0,,,0,0,0,0,,0,0,,0,0,0,0,,,,0,6,6,0,0,0,0,,,,15,0,0,0,,,,,,8,0,1,,0,,0,,,,0
cg3239,cg3239,cgtrna_3573,cgtrna_3573,0,sampled_negative,unknown,0,0,0,0,0,,,0,0,0,0,,0,0,,0,0,0,0,,,,0,6,6,0,0,0,0,,,,0,0,0,0,,,,,,8,0,1,,0,,0,,,,0
cg0500,cg0500,cgrrev04512,cgrrev04512,0,sampled_negative,unknown,0,0,0,0,0,,,0,0,0,0,,0,0,,0,0,0,0,,,,0,0,0,0,0,0,0,,,,0,0,0,0,,,,,,8,0,0,,0,,0,,,,0
cg0993,cg0993,cgl2240,cgl2240,0,sampled_negative,unknown,0,0,0,0,0,,,0,0,0,0,,0,0,,0,0,0,0,,,,0,1,1,0,0,0,0,,,,0,0,0,0,,,,,,8,0,2,,0,,0,,,,0
cg2112,cg2112,cg2623,cg2623,0,sampled_negative,unknown,0,0,0,0,0,,,0,0,0,0,,0,0,,0,0,0,0,,,,0,0,0,0,0,0,0,,,,1,0,0,0,,,,,,8,0,1,,0,,0,,,,0
cg0444,cg0444,cgl1991,cgl1991,0,sampled_negative,unknown,0,0,0,0,0,,,0,0,0,0,,0,0,,0,0,0,0,,,,0,23,1,0,0,0,0,,,,0,0,0,0,,,,,,8,0,1,,1,,0,,,,0
cg1340,cg1340,cg1832,cg1832,0,sampled_negative,unknown,0,0,0,0,0,,,0,0,0,0,,0,0,,0,0,0,0,,,,0,7,2,0,0,0,0,,,,0,0,0,0,,,,,,8,0,0,,0,,0,,,,0
cg3352,cg3352,cg0677,cg0677,0,sampled_negative,unknown,0,0,0,0,0,,,0,0,0,0,,0,0,,0,0,0,0,,,,0,1,1,0,0,0,0,,,,0,0,0,0,,,,,,8,0,0,,0,,0,,,,0
cg0876,cg0876,lcl_nc_006958_1_prot_wp_011015094_1_2286,lcl_nc_006958_1_prot_wp_011015094_1_2286,0,sampled_negative,unknown,0,0,0,0,0,,,0,0,0,0,,0,0,,0,0,0,0,,,,0,1,1,0,0,0,0,,,,2,0,0,0,,,,,,8,0,0,,0,ECF_sigma,0,,,,0
cg1486,cg1486,cg0044,cg0044,0,sampled_negative,unknown,0,0,0,0,0,,,0,0,0,0,,0,0,,0,0,0,0,,,,0,8,6,0,0,0,0,,,,0,0,0,0,,,,,,8,0,0,,0,,0,,,,0
cg0012,cg0012,ncgl2968,ncgl2968,0,sampled_negative,unknown,0,0,0,0,0,,,0,0,0,0,,0,0,,0,0,0,0,,,,0,0,0,0,0,0,0,,,,0,0,0,0,,,,,,8,0,1,,0,Group_1_sigma,0,,,,0
cg0500,cg0500,cgl2084,cgl2084,0,sampled_negative,unknown,0,0,0,0,0,,,0,0,0,0,,0,0,,0,0,0,0,,,,0,1,1,0,0,0,0,,,,0,0,0,0,,,,,,8,0,0,,0,,0,,,,0
cg2831,cg2831,cg0979,cg0979,0,sampled_negative,unknown,0,0,0,0,0,,,0,0,0,0,,0,0,,0,0,0,0,,,,0,0,0,0,0,0,0,,,,0,0,0,0,,,,,,8,1,2,,0,,0,,,,0
cg1648,cg1648,cgl1243,cgl1243,0,sampled_negative,unknown,0,0,0,0,0,,,0,0,0,0,,0,0,,0,0,0,0,,,,0,1,1,0,0,0,0,,,,0,0,0,0,,,,,,8,0,0,,0,,0,,,,0
cg2092,cg2092,cgl1275,cgl1275,0,sampled_negative,unknown,0,0,0,0,0,,,0,0,0,0,,0,0,,0,0,0,0,,,,0,1,1,0,0,0,0,,,,0,0,0,0,,,,,,8,0,1,,0,,0,,,,0
cg0463,cg0463,ncgl1324,ncgl1324,0,sampled_negative,unknown,0,0,0,0,0,,,0,0,0,0,,0,0,,0,0,0,0,,,,0,0,0,0,0,0,0,,,,0,0,0,0,,,,,,8,0,0,,0,,0,,,,0
cg0019,cg0019,cg0803,cg0803,0,sampled_negative,unknown,0,0,0,0,0,,,0,0,0,0,,0,0,,0,0,0,0,,,,0,12,7,0,0,0,0,,,,0,0,0,0,,,,,,8,0,0,,0,,0,,,,0
cg0309,cg0309,cgl1316,cgl1316,0,sampled_negative,unknown,0,0,0,0,0,,,0,0,0,0,,0,0,,0,0,0,0,,,,0,23,7,0,0,0,0,,,,0,0,0,0,,,,,,8,0,0,,0,,0,,,,0
cg3261,cg3261,cg3236,cg3236,0,sampled_negative,unknown,0,0,0,0,0,,,0,0,0,0,,0,0,,0,0,0,0,,,,0,6,6,0,0,0,0,,,,0,0,0,0,,,,,,8,1,0,,0,,0,,,,0
cg3202,cg3202,cgrrev07690,cgrrev07690,0,sampled_negative,unknown,0,0,0,0,0,,,0,0,0,0,,0,0,,0,0,0,0,,,,0,0,0,0,0,0,0,,,,0,0,0,0,,,,,,8,0,1,,0,,0,,,,0
cg0800,cg0800,cg3226,cg3226,0,sampled_negative,unknown,0,0,0,0,0,,,0,0,0,0,,0,0,,0,0,0,0,,,,0,0,0,0,0,0,0,,,,0,0,0,0,,,,,,8,1,0,,0,,0,,,,0
cg1765,cg1765,cg3350,cg3350,0,sampled_negative,unknown,0,0,0,0,0,,,0,0,0,0,,0,0,,0,0,0,0,,,,0,0,0,0,0,0,0,,,,0,0,0,0,,,,,,8,1,1,,0,,0,,,,0
cg0196,cg0196,cg1070,cg1070,0,sampled_negative,unknown,0,0,0,0,0,,,0,0,0,0,,0,0,,0,0,0,0,,,,0,5,2,0,0,0,0,,,,0,0,0,0,,,,,,8,0,0,,0,,0,,,,0
cg2965,cg2965,cgl0160,cgl0160,0,sampled_negative,unknown,0,0,0,0,0,,,0,0,0,0,,0,0,,0,0,0,0,,,,0,13,8,0,0,0,0,,,,0,0,0,0,,,,,,8,0,0,,0,,0,,,,0
cg2102,cg2102,cgl2470,cgl2470,0,sampled_negative,unknown,0,0,0,0,0,,,0,0,0,0,,0,0,,0,0,0,0,,,,0,15,7,0,0,0,0,,,,0,0,0,0,,,,,,8,0,0,,0,Group_2_sigma,0,,,,0
cg3097,cg3097,cgl0260,cgl0260,0,sampled_negative,unknown,0,0,0,0,0,,,0,0,0,0,,0,0,,0,0,0,0,,,,0,1,1,0,0,0,0,,,,0,0,0,0,,,,,,8,0,1,,0,,0,,,,0
cg3239,cg3239,cg2905,cg2905,0,sampled_negative,unknown,0,0,0,0,0,,,0,0,0,0,,0,0,,0,0,0,0,,,,0,0,0,0,0,0,0,,,,0,0,0,0,,,,,,8,0,1,,0,,0,,,,0
cg3388,cg3388,cg2662,cg2662,0,sampled_negative,unknown,0,0,0,0,0,,,0,0,0,0,,0,0,,0,0,0,0,,,,0,12,7,0,0,0,0,,,,0,0,0,0,,,,,,8,0,0,,0,,0,,,,0
cg3388,cg3388,lcl_nc_006958_1_prot_wp_011014333_1_1356,lcl_nc_006958_1_prot_wp_011014333_1_1356,0,sampled_negative,unknown,0,0,0,0,0,,,0,0,0,0,,0,0,,0,0,0,0,,,,0,2,1,0,0,0,0,,,,0,0,0,0,,,,,,8,0,0,,0,,0,,,,0
cg2114,cg2114,cg0452,cg0452,0,sampled_negative,unknown,0,0,0,0,0,,,0,0,0,0,,0,0,,0,0,0,0,,,,0,2,1,0,0,0,0,,,,0,0,0,0,,,,,,8,0,0,,0,,0,,,,0
cg0741,cg0741,cg0387,cg0387,0,sampled_negative,unknown,0,0,0,0,0,,,0,0,0,0,,0,0,,0,0,0,0,,,,0,11,6,0,0,0,0,,,,0,0,0,0,,,,,,8,0,1,,0,,0,,,,0
cg3373,cg3373,cg2188,cg2188,0,sampled_negative,unknown,0,0,0,0,0,,,0,0,0,0,,0,0,,0,0,0,0,,,,0,1,1,0,0,0,0,,,,0,0,0,0,,,,,,8,1,0,,0,,0,,,,0
cg0309,cg0309,cg1454,cg1454,0,sampled_negative,unknown,0,0,0,0,0,,,0,0,0,0,,0,0,,0,0,0,0,,,,0,1,1,0,0,0,0,,,,0,0,0,0,,,,,,8,0,0,,0,,0,,,,0
cg1211,cg1211,lcl_nc_006958_1_prot_wp_011013637_1_406,lcl_nc_006958_1_prot_wp_011013637_1_406,0,sampled_negative,unknown,0,0,0,0,0,,,0,0,0,0,,0,0,,0,0,0,0,,,,0,1,1,0,0,0,0,,,,0,0,0,0,,,,,,8,0,1,,0,,0,,,,0
cg0695,cg0695,lcl_nc_006958_1_prot_wp_003859882_1_1621,lcl_nc_006958_1_prot_wp_003859882_1_1621,0,sampled_negative,unknown,0,0,0,0,0,,,0,0,0,0,,0,0,,0,0,0,0,,,,0,1,1,0,0,0,0,,,,0,0,0,0,,,,,,8,0,1,,0,,0,,,,0
cg1084,cg1084,ncgl0155,ncgl0155,0,sampled_negative,unknown,0,0,0,0,0,,,0,0,0,0,,0,0,,0,0,0,0,,,,0,0,0,0,0,0,0,,,,0,0,0,0,,,,,,8,0,1,,0,,0,,,,0
cg0317,cg0317,cgl1972,cgl1972,0,sampled_negative,unknown,0,0,0,0,0,,,0,0,0,0,,0,0,,0,0,0,0,,,,0,6,6,0,0,0,0,,,,2,0,0,0,,,,,,8,0,0,,0,,0,,,,0
cg0350,cg0350,lcl_nc_006958_1_prot_wp_003853711_1_2609,lcl_nc_006958_1_prot_wp_003853711_1_2609,0,sampled_negative,unknown,0,0,0,0,0,,,0,0,0,0,,0,0,,0,0,0,0,,,,0,1,1,0,0,0,0,,,,0,0,0,0,,,,,,8,0,0,,0,,0,,,,0
cg0350,cg0350,cgl0297,cgl0297,0,sampled_negative,unknown,0,0,0,0,0,,,0,0,0,0,,0,0,,0,0,0,0,,,,0,42,6,0,0,0,0,,,,0,0,0,0,,,,,,8,0,0,,0,,0,,,,0
cg2309,cg2309,cgl1121,cgl1121,0,sampled_negative,unknown,0,0,0,0,0,,,0,0,0,0,,0,0,,0,0,0,0,,,,0,3,1,0,0,0,0,,,,0,0,0,0,,,,,,8,0,0,,0,,0,,,,0
cg0897,cg0897,cgrrev09701,cgrrev09701,0,sampled_negative,unknown,0,0,0,0,0,,,0,0,0,0,,0,0,,0,0,0,0,,,,0,0,0,0,0,0,0,,,,0,0,0,0,,,,,,8,0,1,,0,,0,,,,0
cg2118,cg2118,cgrrev17864,cgrrev17864,0,sampled_negative,unknown,0,0,0,0,0,,,0,0,0,0,,0,0,,0,0,0,0,,,,0,0,0,0,0,0,0,,,,0,0,0,0,,,,,,8,0,0,,0,,0,,,,0
cg3202,cg3202,lcl_nc_006958_1_prot_wp_011265608_1_688,lcl_nc_006958_1_prot_wp_011265608_1_688,0,sampled_negative,unknown,0,0,0,0,0,,,0,0,0,0,,0,0,,0,0,0,0,,,,0,1,1,0,0,0,0,,,,0,0,0,0,,,,,,8,0,1,,0,,0,,,,0
cg3352,cg3352,cgl2044,cgl2044,0,sampled_negative,unknown,0,0,0,0,0,,,0,0,0,0,,0,0,,0,0,0,0,,,,0,1,1,0,0,0,0,,,,0,0,0,0,,,,,,8,0,0,,0,,0,,,,0
cg0876,cg0876,cgl1378,cgl1378,0,sampled_negative,unknown,0,0,0,0,0,,,0,0,0,0,,0,0,,0,0,0,0,,,,0,1,1,0,0,0,0,,,,2,0,0,0,,,,,,8,0,0,,0,ECF_sigma,0,,,,0
cg1552,cg1552,cgl1043,cgl1043,0,sampled_negative,unknown,0,0,0,0,0,,,0,0,0,0,,0,0,,0,0,0,0,,,,0,11,1,0,0,0,0,,,,2,0,0,0,,,,,,8,0,0,,0,,0,,,,0
cg3239,cg3239,cgl2303,cgl2303,0,sampled_negative,unknown,0,0,0,0,0,,,0,0,0,0,,0,0,,0,0,0,0,,,,0,12,7,0,0,0,0,,,,0,0,0,0,,,,,,8,0,1,,0,,0,,,,0
cg1218,cg1218,cgl0725,cgl0725,0,sampled_negative,unknown,0,0,0,0,0,,,0,0,0,0,,0,0,,0,0,0,0,,,,0,2,1,0,0,0,0,,,,2,1,1,0,,,,,,8,0,1,,0,,0,,,,0
cg2109,cg2109,lcl_nc_006958_1_prot_wp_011014543_1_1643,lcl_nc_006958_1_prot_wp_011014543_1_1643,0,sampled_negative,unknown,0,0,0,0,0,,,0,0,0,0,,0,0,,0,0,0,0,,,,0,2,1,0,0,0,0,,,,0,0,0,0,,,,,,8,0,1,,0,,0,,,,0
cg1120,cg1120,cg1850,cg1850,0,sampled_negative,unknown,0,0,0,0,0,,,0,0,0,0,,0,0,,0,0,0,0,,,,0,1,1,0,0,0,0,,,,1,0,0,0,,,,,,8,0,1,,0,,0,,,,0
cg2627,cg2627,cg2409,cg2409,0,sampled_negative,unknown,0,0,0,0,0,,,0,0,0,0,,0,0,,0,0,0,0,,,,0,24,7,0,0,0,0,,,,1,0,0,0,,,,,,8,0,0,,0,,0,,,,0
cg0709,cg0709,cg1783,cg1783,0,sampled_negative,unknown,0,0,0,0,0,,,0,0,0,0,,0,0,,0,0,0,0,,,,0,6,6,0,0,0,0,,,,0,0,0,0,,,,,,8,0,2,,0,,0,,,,0
cg2894,cg2894,cgrfwd09387,cgrfwd09387,0,sampled_negative,unknown,0,0,0,0,0,,,0,0,0,0,,0,0,,0,0,0,0,,,,0,0,0,0,0,0,0,,,,0,0,0,0,,,,,,8,0,1,,0,,0,,,,0
cg0463,cg0463,cg2284,cg2284,0,sampled_negative,unknown,0,0,0,0,0,,,0,0,0,0,,0,0,,0,0,0,0,,,,0,7,7,0,0,0,0,,,,0,0,0,0,,,,,,8,0,0,,0,,0,,,,0
cg2544,cg2544,lcl_nc_006958_1_prot_wp_011014123_1_1070,lcl_nc_006958_1_prot_wp_011014123_1_1070,0,sampled_negative,unknown,0,0,0,0,0,,,0,0,0,0,,0,0,,0,0,0,0,,,,0,5,2,0,0,0,0,,,,0,0,0,0,,,,,,8,0,0,,0,,0,,,,0
cg3202,cg3202,cg0247,cg0247,0,sampled_negative,unknown,0,0,0,0,0,,,0,0,0,0,,0,0,,0,0,0,0,,,,0,0,0,0,0,0,0,,,,0,0,0,0,,,,,,8,0,1,,0,,0,,,,0
cg0979,cg0979,cgl2571,cgl2571,0,sampled_negative,unknown,0,0,0,0,0,,,0,0,0,0,,0,0,,0,0,0,0,,,,0,9,2,0,0,0,0,,,,0,0,0,0,,,,,,8,0,1,,0,,0,,,,0
cg3261,cg3261,cg1567,cg1567,0,sampled_negative,unknown,0,0,0,0,0,,,0,0,0,0,,0,0,,0,0,0,0,,,,0,1,1,0,0,0,0,,,,0,0,0,0,,,,,,8,0,0,,0,,0,,,,0
cg0709,cg0709,cgl0714,cgl0714,0,sampled_negative,unknown,0,0,0,0,0,,,0,0,0,0,,0,0,,0,0,0,0,,,,0,12,7,0,0,0,0,,,,0,0,0,0,,,,,,8,0,2,,0,,0,,,,0
cg3239,cg3239,cgl2525,cgl2525,0,sampled_negative,unknown,0,0,0,0,0,,,0,0,0,0,,0,0,,0,0,0,0,,,,0,24,6,0,0,0,0,,,,0,0,0,0,,,,,,8,0,1,,0,,0,,,,0
cg2309,cg2309,cg1462,cg1462,0,sampled_negative,unknown,0,0,0,0,0,,,0,0,0,0,,0,0,,0,0,0,0,,,,0,12,7,0,0,0,0,,,,0,0,0,0,,,,,,8,0,0,,0,,0,,,,0
cg0337,cg0337,cg1695,cg1695,0,sampled_negative,unknown,0,0,0,0,0,,,0,0,0,0,,0,0,,0,0,0,0,,,,0,0,0,0,0,0,0,,,,0,0,0,0,,,,,,8,0,0,,0,,0,,,,0
cg1308,cg1308,cgrfwd17883,cgrfwd17883,0,sampled_negative,unknown,0,0,0,0,0,,,0,0,0,0,,0,0,,0,0,0,0,,,,0,0,0,0,0,0,0,,,,0,0,0,0,,,,,,8,0,0,,0,,0,,,,0
cg0702,cg0702,cg0129,cg0129,0,sampled_negative,unknown,0,0,0,0,0,,,0,0,0,0,,0,0,,0,0,0,0,,,,0,12,6,0,0,0,0,,,,6,0,0,0,,,,,,8,0,0,,0,,0,,,,0
cg1817,cg1817,ncgl0461,ncgl0461,0,sampled_negative,unknown,0,0,0,0,0,,,0,0,0,0,,0,0,,0,0,0,0,,,,0,0,0,0,0,0,0,,,,6,0,0,0,,,,,,8,0,0,,0,,0,,,,0
cg1340,cg1340,cg1352,cg1352,0,sampled_negative,unknown,0,0,0,0,0,,,0,0,0,0,,0,0,,0,0,0,0,,,,0,6,6,0,0,0,0,,,,0,0,0,0,,,,,,8,0,0,,0,,0,,,,0
cg2831,cg2831,cg1266,cg1266,0,sampled_negative,unknown,0,0,0,0,0,,,0,0,0,0,,0,0,,0,0,0,0,,,,0,0,0,0,0,0,0,,,,0,0,0,0,,,,,,8,0,2,,0,,0,,,,0
cg1738,cg1738,cgl1829,cgl1829,0,sampled_negative,unknown,0,0,0,0,0,,,0,0,0,0,,0,0,,0,0,0,0,,,,0,1,1,0,0,0,0,,,,0,0,0,0,,,,,,8,0,0,,0,,0,,,,0
cg2500,cg2500,cg2052,cg2052,0,sampled_negative,unknown,0,0,0,0,0,,,0,0,0,0,,0,0,,0,0,0,0,,,,0,0,0,0,0,0,0,,,,0,0,0,0,,,,,,8,0,0,,0,,0,,,,0
cg1585,cg1585,cg1332,cg1332,0,sampled_negative,unknown,0,0,0,0,0,,,0,0,0,0,,0,0,,0,0,0,0,,,,0,6,6,0,0,0,0,,,,0,0,0,0,,,,,,8,0,1,,0,,0,,,,0
cg2092,cg2092,cgl2238,cgl2238,0,sampled_negative,unknown,0,0,0,0,0,,,0,0,0,0,,0,0,,0,0,0,0,,,,0,6,1,0,0,0,0,,,,0,0,0,0,,,,,,8,0,1,,0,,0,,,,0
cg0454,cg0454,cg1495,cg1495,0,sampled_negative,unknown,0,0,0,0,0,,,0,0,0,0,,0,0,,0,0,0,0,,,,0,6,6,0,0,0,0,,,,1,0,0,0,,,,,,8,0,0,,0,,0,,,,0
cg0500,cg0500,cg0721,cg0721,0,sampled_negative,unknown,0,0,0,0,0,,,0,0,0,0,,0,0,,0,0,0,0,,,,0,2,1,0,0,0,0,,,,0,0,0,0,,,,,,8,1,0,,0,,0,,,,0
cg0090,cg0090,cg1640,cg1640,0,sampled_negative,unknown,0,0,0,0,0,,,0,0,0,0,,0,0,,0,0,0,0,,,,0,0,0,0,0,0,0,,,,1,0,0,0,,,,,,8,0,0,,1,,0,,,,0
cg2118,cg2118,cg1671,cg1671,0,sampled_negative,unknown,0,0,0,0,0,,,0,0,0,0,,0,0,,0,0,0,0,,,,0,0,0,0,0,0,0,,,,0,0,0,0,,,,,,8,0,0,,0,,0,,,,0
cg1817,cg1817,lcl_nc_006958_1_prot_wp_003858698_1_1355,lcl_nc_006958_1_prot_wp_003858698_1_1355,0,sampled_negative,unknown,0,0,0,0,0,,,0,0,0,0,,0,0,,0,0,0,0,,,,0,1,1,0,0,0,0,,,,6,0,0,0,,,,,,8,0,0,,0,,0,,,,0
cg3224,cg3224,cg0196,cg0196,0,sampled_negative,unknown,0,0,0,0,0,,,0,0,0,0,,0,0,,0,0,0,0,,,,0,0,0,0,0,0,0,,,,0,0,0,0,,,,,,8,0,1,,0,,0,,,,0
cg0696,cg0696,ncgl2768,ncgl2768,0,sampled_negative,unknown,0,0,0,0,0,,,0,0,0,0,,0,0,,0,0,0,0,,,,0,0,0,0,0,0,0,,,,0,0,0,0,,,,,,8,0,1,,0,,0,,,,0
cg2200,cg2200,ncgl0420,ncgl0420,0,sampled_negative,unknown,0,0,0,0,0,,,0,0,0,0,,0,0,,0,0,0,0,,,,0,0,0,0,0,0,0,,,,0,0,0,0,,,,,,8,0,1,,0,,0,,,,0
cg0309,cg0309,cgl2580,cgl2580,0,sampled_negative,unknown,0,0,0,0,0,,,0,0,0,0,,0,0,,0,0,0,0,,,,0,6,6,0,0,0,0,,,,0,0,0,0,,,,,,8,0,0,,0,,0,,,,0
cg2118,cg2118,cgl1068,cgl1068,0,sampled_negative,unknown,0,0,0,0,0,,,0,0,0,0,,0,0,,0,0,0,0,,,,0,9,7,0,0,0,0,,,,0,0,0,0,,,,,,8,0,0,,0,,0,,,,0
cg0454,cg0454,cgl0210,cgl0210,0,sampled_negative,unknown,0,0,0,0,0,,,0,0,0,0,,0,0,,0,0,0,0,,,,0,6,6,0,0,0,0,,,,1,0,0,0,,,,,,8,0,0,,0,,0,,,,0
cg1547,cg1547,ncgl2939,ncgl2939,0,sampled_negative,unknown,0,0,0,0,0,,,0,0,0,0,,0,0,,0,0,0,0,,,,0,0,0,0,0,0,0,,,,0,0,0,0,,,,,,8,0,0,,0,,0,,,,0
cg2888,cg2888,cgl1327,cgl1327,0,sampled_negative,unknown,0,0,0,0,0,,,0,0,0,0,,0,0,,0,0,0,0,,,,0,1,1,0,0,0,0,,,,0,0,0,0,,,,,,8,0,0,,0,,0,,,,0
cg1324,cg1324,cg2563,cg2563,0,sampled_negative,unknown,0,0,0,0,0,,,0,0,0,0,,0,0,,0,0,0,0,,,,0,1,1,0,0,0,0,,,,2,1,1,0,,,,,,8,0,0,,0,,0,,,,0
cg1271,cg1271,cg0361,cg0361,0,sampled_negative,unknown,0,0,0,0,0,,,0,0,0,0,,0,0,,0,0,0,0,,,,0,1,1,0,0,0,0,,,,0,0,0,0,,,,,,8,0,0,,0,ECF_sigma,0,,,,0
cg2500,cg2500,cg3536,cg3536,0,sampled_negative,unknown,0,0,0,0,0,,,0,0,0,0,,0,0,,0,0,0,0,,,,0,1,1,0,0,0,0,,,,0,0,0,0,,,,,,8,0,0,,0,,0,,,,0
cg2502,cg2502,cg0902,cg0902,0,sampled_negative,unknown,0,0,0,0,0,,,0,0,0,0,,0,0,,0,0,0,0,,,,0,1,1,0,0,0,0,,,,0,0,0,0,,,,,,8,0,0,,0,,0,,,,0
cg1120,cg1120,lcl_nc_006958_1_prot_wp_011015247_1_2489,lcl_nc_006958_1_prot_wp_011015247_1_2489,0,sampled_negative,unknown,0,0,0,0,0,,,0,0,0,0,,0,0,,0,0,0,0,,,,0,1,1,0,0,0,0,,,,1,0,0,0,,,,,,8,0,1,,0,,0,,,,0
cg1861,cg1861,ncgl0557,ncgl0557,0,sampled_negative,unknown,0,0,0,0,0,,,0,0,0,0,,0,0,,0,0,0,0,,,,0,0,0,0,0,0,0,,,,12,0,0,0,,,,,,8,0,0,,0,,0,,,,0
cg0725,cg0725,cgl0744,cgl0744,0,sampled_negative,unknown,0,0,0,0,0,,,0,0,0,0,,0,0,,0,0,0,0,,,,0,112,6,0,0,0,0,,,,0,0,0,0,,,,,,8,0,1,,0,,0,,,,0
cg1861,cg1861,cg0527,cg0527,0,sampled_negative,unknown,0,0,0,0,0,,,0,0,0,0,,0,0,,0,0,0,0,,,,0,15,1,0,0,0,0,,,,12,0,0,0,,,,,,8,1,0,,0,,0,,,,0
cg2200,cg2200,cg0160,cg0160,0,sampled_negative,unknown,0,0,0,0,0,,,0,0,0,0,,0,0,,0,0,0,0,,,,0,1,1,0,0,0,0,,,,0,0,0,0,,,,,,8,0,1,,0,,0,,,,0
cg1765,cg1765,lcl_nc_006958_1_prot_wp_011013532_1_281,lcl_nc_006958_1_prot_wp_011013532_1_281,0,sampled_negative,unknown,0,0,0,0,0,,,0,0,0,0,,0,0,,0,0,0,0,,,,0,15,3,0,0,0,0,,,,0,0,0,0,,,,,,8,0,1,,0,,0,,,,0
cg1308,cg1308,cgrfwd17744,cgrfwd17744,0,sampled_negative,unknown,0,0,0,0,0,,,0,0,0,0,,0,0,,0,0,0,0,,,,0,0,0,0,0,0,0,,,,0,0,0,0,,,,,,8,0,0,,0,,0,,,,0
cg3247,cg3247,cg0113,cg0113,0,sampled_negative,unknown,0,0,0,0,0,,,0,0,0,0,,0,0,,0,0,0,0,,,,0,7,7,0,0,0,0,,,,0,0,0,0,,,,,,8,0,0,,0,,0,,,,0
cg0196,cg0196,lcl_nc_006958_1_prot_wp_003857948_1_2411,lcl_nc_006958_1_prot_wp_003857948_1_2411,0,sampled_negative,unknown,0,0,0,0,0,,,0,0,0,0,,0,0,,0,0,0,0,,,,0,1,1,0,0,0,0,,,,0,0,0,0,,,,,,8,0,0,,0,,0,,,,0
cg0500,cg0500,cg2444,cg2444,0,sampled_negative,unknown,0,0,0,0,0,,,0,0,0,0,,0,0,,0,0,0,0,,,,0,1,1,0,0,0,0,,,,0,0,0,0,,,,,,8,0,0,,0,,0,,,,0
cg3202,cg3202,lcl_nc_006958_1_prot_wp_011013576_1_331,lcl_nc_006958_1_prot_wp_011013576_1_331,0,sampled_negative,unknown,0,0,0,0,0,,,0,0,0,0,,0,0,,0,0,0,0,,,,0,1,1,0,0,0,0,,,,0,0,0,0,,,,,,8,0,1,,0,,0,,,,0
cg1585,cg1585,ncgl0786,ncgl0786,0,sampled_negative,unknown,0,0,0,0,0,,,0,0,0,0,,0,0,,0,0,0,0,,,,0,0,0,0,0,0,0,,,,0,0,0,0,,,,,,8,0,1,,0,,0,,,,0
cg0090,cg0090,cg2324,cg2324,0,sampled_negative,unknown,0,0,0,0,0,,,0,0,0,0,,0,0,,0,0,0,0,,,,0,5,2,0,0,0,0,,,,1,0,0,0,,,,,,8,2,0,,1,,0,,,,0
cg2112,cg2112,cgrrev06595,cgrrev06595,0,sampled_negative,unknown,0,0,0,0,0,,,0,0,0,0,,0,0,,0,0,0,0,,,,0,0,0,0,0,0,0,,,,1,0,0,0,,,,,,8,0,1,,0,,0,,,,0
cg1324,cg1324,cg3540,cg3540,0,sampled_negative,unknown,0,0,0,0,0,,,0,0,0,0,,0,0,,0,0,0,0,,,,0,1,1,0,0,0,0,,,,2,0,0,0,,,,,,8,0,0,,0,,0,,,,0
cg1585,cg1585,cg3413,cg3413,0,sampled_negative,unknown,0,0,0,0,0,,,0,0,0,0,,0,0,,0,0,0,0,,,,0,2,1,0,0,0,0,,,,0,0,0,0,,,,,,8,2,1,,0,,0,,,,0
cg2783,cg2783,cgl2038,cgl2038,0,sampled_negative,unknown,0,0,0,0,0,,,0,0,0,0,,0,0,,0,0,0,0,,,,0,6,6,0,0,0,0,,,,2,0,0,0,,,,,,8,0,0,,0,,0,,,,0
cg2516,cg2516,cg0782,cg0782,0,sampled_negative,unknown,0,0,0,0,0,,,0,0,0,0,,0,0,,0,0,0,0,,,,0,18,6,0,0,0,0,,,,0,0,0,0,,,,,,8,0,0,,0,,0,,,,0
cg2500,cg2500,cg1348,cg1348,0,sampled_negative,unknown,0,0,0,0,0,,,0,0,0,0,,0,0,,0,0,0,0,,,,0,1,1,0,0,0,0,,,,0,0,0,0,,,,,,8,0,0,,0,,0,,,,0
cg1486,cg1486,ncgl2211,ncgl2211,0,sampled_negative,unknown,0,0,0,0,0,,,0,0,0,0,,0,0,,0,0,0,0,,,,0,0,0,0,0,0,0,,,,0,0,0,0,,,,,,8,0,0,,0,,0,,,,0
cg2112,cg2112,lcl_nc_006958_1_prot_wp_003856367_1_1960,lcl_nc_006958_1_prot_wp_003856367_1_1960,0,sampled_negative,unknown,0,0,0,0,0,,,0,0,0,0,,0,0,,0,0,0,0,,,,0,7,1,0,0,0,0,,,,1,0,0,0,,,,,,8,0,1,,0,,0,,,,0
cg0090,cg0090,lcl_nc_006958_1_prot_wp_011013348_1_51,lcl_nc_006958_1_prot_wp_011013348_1_51,0,sampled_negative,unknown,0,0,0,0,0,,,0,0,0,0,,0,0,,0,0,0,0,,,,0,3,2,0,0,0,0,,,,1,0,0,0,,,,,,8,0,0,,1,,0,,,,0
cg2200,cg2200,cg1215,cg1215,0,sampled_negative,unknown,0,0,0,0,0,,,0,0,0,0,,0,0,,0,0,0,0,,,,0,9,7,0,0,0,0,,,,0,0,0,0,,,,,,8,1,1,,0,,0,,,,0
cg0317,cg0317,lcl_nc_006958_1_prot_wp_003862394_1_821,lcl_nc_006958_1_prot_wp_003862394_1_821,0,sampled_negative,unknown,0,0,0,0,0,,,0,0,0,0,,0,0,,0,0,0,0,,,,0,1,1,0,0,0,0,,,,2,1,1,0,,,,,,8,0,0,,0,,0,,,,0
cg1425,cg1425,cg3031,cg3031,0,sampled_negative,unknown,0,0,0,0,0,,,0,0,0,0,,0,0,,0,0,0,0,,,,0,6,6,0,0,0,0,,,,0,0,0,0,,,,,,8,0,0,,0,,0,,,,0
cg0337,cg0337,cg0782,cg0782,0,sampled_negative,unknown,0,0,0,0,0,,,0,0,0,0,,0,0,,0,0,0,0,,,,0,18,6,0,0,0,0,,,,0,0,0,0,,,,,,8,0,0,,0,,0,,,,0
cg0696,cg0696,ncgl0505,ncgl0505,0,sampled_negative,unknown,0,0,0,0,0,,,0,0,0,0,,0,0,,0,0,0,0,,,,0,0,0,0,0,0,0,,,,0,0,0,0,,,,,,8,0,1,,0,,0,,,,0
cg0878,cg0878,cg1387,cg1387,0,sampled_negative,unknown,0,0,0,0,0,,,0,0,0,0,,0,0,,0,0,0,0,,,,0,3,1,0,0,0,0,,,,0,0,0,0,,,,,,8,0,0,,0,,0,,,,0
gntr1,gntr1,lcl_nc_006958_1_prot_wp_011013325_1_23,lcl_nc_006958_1_prot_wp_011013325_1_23,0,sampled_negative,unknown,0,0,0,0,0,,,0,0,0,0,,0,0,,0,0,0,0,,,,0,2,1,0,0,0,0,,,,0,0,0,0,,,,,,8,0,0,,0,,0,,,,0
cg0741,cg0741,cg0765,cg0765,0,sampled_negative,unknown,0,0,0,0,0,,,0,0,0,0,,0,0,,0,0,0,0,,,,0,1,1,0,0,0,0,,,,0,0,0,0,,,,,,8,1,1,,0,,0,,,,0
cg2152,cg2152,ncgl1053,ncgl1053,0,sampled_negative,unknown,0,0,0,0,0,,,0,0,0,0,,0,0,,0,0,0,0,,,,0,0,0,0,0,0,0,,,,0,0,0,0,,,,,,8,0,0,,0,,0,,,,0
cg0709,cg0709,cgl2648,cgl2648,0,sampled_negative,unknown,0,0,0,0,0,,,0,0,0,0,,0,0,,0,0,0,0,,,,0,11,6,0,0,0,0,,,,0,0,0,0,,,,,,8,0,2,,0,,0,,,,0
cg3247,cg3247,cgl1750,cgl1750,0,sampled_negative,unknown,0,0,0,0,0,,,0,0,0,0,,0,0,,0,0,0,0,,,,0,3,1,0,0,0,0,,,,0,0,0,0,,,,,,8,0,0,,0,,0,,,,0
cg3261,cg3261,cgrrev03103,cgrrev03103,0,sampled_negative,unknown,0,0,0,0,0,,,0,0,0,0,,0,0,,0,0,0,0,,,,0,0,0,0,0,0,0,,,,0,0,0,0,,,,,,8,0,0,,0,,0,,,,0
cg1340,cg1340,lcl_nc_006958_1_prot_wp_011015038_1_2204,lcl_nc_006958_1_prot_wp_011015038_1_2204,0,sampled_negative,unknown,0,0,0,0,0,,,0,0,0,0,,0,0,,0,0,0,0,,,,0,1,1,0,0,0,0,,,,0,0,0,0,,,,,,8,0,0,,0,,0,,,,0
cg0051,cg0051,lcl_nc_006958_1_prot_wp_011014095_1_1035,lcl_nc_006958_1_prot_wp_011014095_1_1035,0,sampled_negative,unknown,0,0,0,0,0,,,0,0,0,0,,0,0,,0,0,0,0,,,,0,1,1,0,0,0,0,,,,3,0,0,0,,,,,,8,0,0,,0,,0,,,,0
cg0012,cg0012,cgl1217,cgl1217,0,sampled_negative,unknown,0,0,0,0,0,,,0,0,0,0,,0,0,,0,0,0,0,,,,0,1,1,0,0,0,0,,,,0,0,0,0,,,,,,8,0,1,,0,Group_1_sigma,0,,,,0
cg0343,cg0343,cg1354,cg1354,0,sampled_negative,unknown,0,0,0,0,0,,,0,0,0,0,,0,0,,0,0,0,0,,,,0,0,0,0,0,0,0,,,,0,0,0,0,,,,,,8,0,0,,0,,0,,,,0
cg0897,cg0897,cg0520,cg0520,0,sampled_negative,unknown,0,0,0,0,0,,,0,0,0,0,,0,0,,0,0,0,0,,,,0,0,0,0,0,0,0,,,,0,0,0,0,,,,,,8,0,1,,0,,0,,,,0
cg0454,cg0454,cgtrna_3557,cgtrna_3557,0,sampled_negative,unknown,0,0,0,0,0,,,0,0,0,0,,0,0,,0,0,0,0,,,,0,6,6,0,0,0,0,,,,1,0,0,0,,,,,,8,0,0,,0,,0,,,,0
cg0156,cg0156,lcl_nc_006958_1_prot_wp_003854900_1_1147,lcl_nc_006958_1_prot_wp_003854900_1_1147,0,sampled_negative,unknown,0,0,0,0,0,,,0,0,0,0,,0,0,,0,0,0,0,,,,0,2,1,0,0,0,0,,,,1,0,0,0,,,,,,8,0,0,,0,,0,,,,0
cg0215,cg0215,cg3385,cg3385,0,sampled_negative,unknown,0,0,0,0,0,,,0,0,0,0,,0,0,,0,0,0,0,,,,0,0,0,0,0,0,0,,,,0,0,0,0,,,,,,8,1,0,,0,,0,,,,0
cg0313,cg0313,lcl_nc_006958_1_prot_wp_011014287_1_1280,lcl_nc_006958_1_prot_wp_011014287_1_1280,0,sampled_negative,unknown,0,0,0,0,0,,,0,0,0,0,,0,0,,0,0,0,0,,,,0,1,1,0,0,0,0,,,,0,0,0,0,,,,,,8,0,0,,0,,0,,,,0
cg0463,cg0463,cg2800,cg2800,0,sampled_negative,unknown,0,0,0,0,0,,,0,0,0,0,,0,0,,0,0,0,0,,,,0,11,6,0,0,0,0,,,,0,0,0,0,,,,,,8,0,0,,0,,0,,,,0
cg2544,cg2544,cg1052,cg1052,0,sampled_negative,unknown,0,0,0,0,0,,,0,0,0,0,,0,0,,0,0,0,0,,,,0,1,1,0,0,0,0,,,,0,0,0,0,,,,,,8,0,0,,0,,0,,,,0
cg0343,cg0343,cg3078,cg3078,0,sampled_negative,unknown,0,0,0,0,0,,,0,0,0,0,,0,0,,0,0,0,0,,,,0,0,0,0,0,0,0,,,,0,0,0,0,,,,,,8,0,0,,0,,0,,,,0
cg0800,cg0800,lcl_nc_006958_1_prot_wp_011015562_1_2875,lcl_nc_006958_1_prot_wp_011015562_1_2875,0,sampled_negative,unknown,0,0,0,0,0,,,0,0,0,0,,0,0,,0,0,0,0,,,,0,2,1,0,0,0,0,,,,0,0,0,0,,,,,,8,0,0,,0,,0,,,,0
cg2910,cg2910,cg2964,cg2964,0,sampled_negative,unknown,0,0,0,0,0,,,0,0,0,0,,0,0,,0,0,0,0,,,,0,6,6,0,0,0,0,,,,0,0,0,0,,,,,,8,1,0,,0,,0,,,,0
cg2942,cg2942,cg1486,cg1486,0,sampled_negative,unknown,0,0,0,0,0,,,0,0,0,0,,0,0,,0,0,0,0,,,,0,0,0,0,0,0,0,,,,0,0,0,0,,,,,,8,0,0,,0,,0,,,,0
cg2942,cg2942,cgl2044,cgl2044,0,sampled_negative,unknown,0,0,0,0,0,,,0,0,0,0,,0,0,,0,0,0,0,,,,0,1,1,0,0,0,0,,,,0,0,0,0,,,,,,8,0,0,,0,,0,,,,0
cg3420,cg3420,cg2520,cg2520,0,sampled_negative,unknown,0,0,0,0,0,,,0,0,0,0,,0,0,,0,0,0,0,,,,0,2,1,0,0,0,0,,,,0,0,0,0,,,,,,8,0,0,,0,ECF_sigma,0,,,,0
cg3224,cg3224,cgl0162,cgl0162,0,sampled_negative,unknown,0,0,0,0,0,,,0,0,0,0,,0,0,,0,0,0,0,,,,0,7,7,0,0,0,0,,,,0,0,0,0,,,,,,8,0,1,,0,,0,,,,0
cg1547,cg1547,cg0810,cg0810,0,sampled_negative,unknown,0,0,0,0,0,,,0,0,0,0,,0,0,,0,0,0,0,,,,0,13,2,0,0,0,0,,,,0,0,0,0,,,,,,8,0,0,,0,,0,,,,0
cg1831,cg1831,cgl1196,cgl1196,0,sampled_negative,unknown,0,0,0,0,0,,,0,0,0,0,,0,0,,0,0,0,0,,,,0,24,6,0,0,0,0,,,,0,0,0,0,,,,,,8,0,0,,0,,0,,,,0
cg2268,cg2268,cgtrna_3538,cgtrna_3538,0,sampled_negative,unknown,0,0,0,0,0,,,0,0,0,0,,0,0,,0,0,0,0,,,,0,6,6,0,0,0,0,,,,2,0,0,0,,,,,,8,0,0,,0,,0,,,,0
cg0337,cg0337,cg0458,cg0458,0,sampled_negative,unknown,0,0,0,0,0,,,0,0,0,0,,0,0,,0,0,0,0,,,,0,15,7,0,0,0,0,,,,0,0,0,0,,,,,,8,0,0,,0,,0,,,,0
cg0741,cg0741,lcl_nc_006958_1_prot_wp_011014096_1_1036,lcl_nc_006958_1_prot_wp_011014096_1_1036,0,sampled_negative,unknown,0,0,0,0,0,,,0,0,0,0,,0,0,,0,0,0,0,,,,0,1,1,0,0,0,0,,,,0,0,0,0,,,,,,8,0,1,,0,,0,,,,0
cg1218,cg1218,ncgl0023,ncgl0023,0,sampled_negative,unknown,0,0,0,0,0,,,0,0,0,0,,0,0,,0,0,0,0,,,,0,0,0,0,0,0,0,,,,2,0,0,0,,,,,,8,0,1,,0,,0,,,,0
cg2500,cg2500,cg2149,cg2149,0,sampled_negative,unknown,0,0,0,0,0,,,0,0,0,0,,0,0,,0,0,0,0,,,,0,0,0,0,0,0,0,,,,0,0,0,0,,,,,,8,0,0,,0,,0,,,,0
cg0196,cg0196,ncgl0484,ncgl0484,0,sampled_negative,unknown,0,0,0,0,0,,,0,0,0,0,,0,0,,0,0,0,0,,,,0,0,0,0,0,0,0,,,,0,0,0,0,,,,,,8,0,0,,0,,0,,,,0
cg1792,cg1792,cg3345,cg3345,0,sampled_negative,unknown,0,0,0,0,0,,,0,0,0,0,,0,0,,0,0,0,0,,,,0,0,0,0,0,0,0,,,,1,0,0,0,,,,,,8,1,0,,0,,0,,,,0
cg2118,cg2118,cg2247,cg2247,0,sampled_negative,unknown,0,0,0,0,0,,,0,0,0,0,,0,0,,0,0,0,0,,,,0,0,0,0,0,0,0,,,,0,0,0,0,,,,,,8,0,0,,0,,0,,,,0
cg2936,cg2936,cg3535,cg3535,0,sampled_negative,unknown,0,0,0,0,0,,,0,0,0,0,,0,0,,0,0,0,0,,,,0,6,6,0,0,0,0,,,,2,0,0,0,,,,,,8,0,0,,0,,0,,,,0
cg2783,cg2783,cg0131,cg0131,0,sampled_negative,unknown,0,0,0,0,0,,,0,0,0,0,,0,0,,0,0,0,0,,,,0,6,6,0,0,0,0,,,,2,0,0,0,,,,,,8,0,0,,0,,0,,,,0
cg3388,cg3388,cgl1148,cgl1148,0,sampled_negative,unknown,0,0,0,0,0,,,0,0,0,0,,0,0,,0,0,0,0,,,,0,1,1,0,0,0,0,,,,0,0,0,0,,,,,,8,0,0,,0,,0,,,,0
cg0309,cg0309,cgl1324,cgl1324,0,sampled_negative,unknown,0,0,0,0,0,,,0,0,0,0,,0,0,,0,0,0,0,,,,0,1,1,0,0,0,0,,,,0,0,0,0,,,,,,8,0,0,,0,,0,,,,0
cg0112,cg0112,cg2673,cg2673,0,sampled_negative,unknown,0,0,0,0,0,,,0,0,0,0,,0,0,,0,0,0,0,,,,0,1,1,0,0,0,0,,,,1,0,0,0,,,,,,8,0,0,,0,,0,,,,0
cg0993,cg0993,cg3544,cg3544,0,sampled_negative,unknown,0,0,0,0,0,,,0,0,0,0,,0,0,,0,0,0,0,,,,0,6,6,0,0,0,0,,,,0,0,0,0,,,,,,8,0,2,,0,,0,,,,0
cg2615,cg2615,cg1239,cg1239,0,sampled_negative,unknown,0,0,0,0,0,,,0,0,0,0,,0,0,,0,0,0,0,,,,0,6,6,0,0,0,0,,,,0,0,0,0,,,,,,8,0,1,,0,,0,,,,0
cg0725,cg0725,cgl2240,cgl2240,0,sampled_negative,unknown,0,0,0,0,0,,,0,0,0,0,,0,0,,0,0,0,0,,,,0,1,1,0,0,0,0,,,,0,0,0,0,,,,,,8,0,1,,0,,0,,,,0
cg0309,cg0309,cgl0212,cgl0212,0,sampled_negative,unknown,0,0,0,0,0,,,0,0,0,0,,0,0,,0,0,0,0,,,,0,24,6,0,0,0,0,,,,0,0,0,0,,,,,,8,0,0,,0,,0,,,,0
cg3247,cg3247,cgrfwd10054,cgrfwd10054,0,sampled_negative,unknown,0,0,0,0,0,,,0,0,0,0,,0,0,,0,0,0,0,,,,0,0,0,0,0,0,0,,,,0,0,0,0,,,,,,8,0,0,,0,,0,,,,0
cg3420,cg3420,cg1876,cg1876,0,sampled_negative,unknown,0,0,0,0,0,,,0,0,0,0,,0,0,,0,0,0,0,,,,0,2,1,0,0,0,0,,,,0,0,0,0,,,,,,8,0,0,,0,ECF_sigma,0,,,,0
cg3352,cg3352,lcl_nc_006958_1_prot_wp_011014744_1_1804,lcl_nc_006958_1_prot_wp_011014744_1_1804,0,sampled_negative,unknown,0,0,0,0,0,,,0,0,0,0,,0,0,,0,0,0,0,,,,0,2,2,0,0,0,0,,,,0,0,0,0,,,,,,8,0,0,,0,,0,,,,0
cg0897,cg0897,lcl_nc_006958_1_prot_wp_011014736_1_1795,lcl_nc_006958_1_prot_wp_011014736_1_1795,0,sampled_negative,unknown,0,0,0,0,0,,,0,0,0,0,,0,0,,0,0,0,0,,,,0,1,1,0,0,0,0,,,,0,0,0,0,,,,,,8,0,1,,0,,0,,,,0
cg2516,cg2516,cgl3004,cgl3004,0,sampled_negative,unknown,0,0,0,0,0,,,0,0,0,0,,0,0,,0,0,0,0,,,,0,18,6,0,0,0,0,,,,0,0,0,0,,,,,,8,0,0,,0,,0,,,,0
cg3097,cg3097,cg0425,cg0425,0,sampled_negative,unknown,0,0,0,0,0,,,0,0,0,0,,0,0,,0,0,0,0,,,,0,1,1,0,0,0,0,,,,0,0,0,0,,,,,,8,0,1,,0,,0,,,,0
cg0862,cg0862,cg1275,cg1275,0,sampled_negative,unknown,0,0,0,0,0,,,0,0,0,0,,0,0,,0,0,0,0,,,,0,2,1,0,0,0,0,,,,0,0,0,0,,,,,,8,0,0,,0,,0,,,,0
cg3082,cg3082,lcl_nc_006958_1_prot_wp_011013863_1_717,lcl_nc_006958_1_prot_wp_011013863_1_717,0,sampled_negative,unknown,0,0,0,0,0,,,0,0,0,0,,0,0,,0,0,0,0,,,,0,2,1,0,0,0,0,,,,0,0,0,0,,,,,,8,0,1,,0,,0,,,,0
cg1831,cg1831,lcl_nc_006958_1_prot_wp_011013616_1_373,lcl_nc_006958_1_prot_wp_011013616_1_373,0,sampled_negative,unknown,0,0,0,0,0,,,0,0,0,0,,0,0,,0,0,0,0,,,,0,1,1,0,0,0,0,,,,0,0,0,0,,,,,,8,0,0,,0,,0,,,,0
cg3082,cg3082,cgrfwd01564,cgrfwd01564,0,sampled_negative,unknown,0,0,0,0,0,,,0,0,0,0,,0,0,,0,0,0,0,,,,0,0,0,0,0,0,0,,,,0,0,0,0,,,,,,8,0,1,,0,,0,,,,0
cg2942,cg2942,cg3394,cg3394,0,sampled_negative,unknown,0,0,0,0,0,,,0,0,0,0,,0,0,,0,0,0,0,,,,0,0,0,0,0,0,0,,,,0,0,0,0,,,,,,8,1,0,,0,,0,,,,0
cg0112,cg0112,cgl1114,cgl1114,0,sampled_negative,unknown,0,0,0,0,0,,,0,0,0,0,,0,0,,0,0,0,0,,,,0,4,1,0,0,0,0,,,,1,0,0,0,,,,,,8,0,0,,0,,0,,,,0
cg3224,cg3224,cgl0435,cgl0435,0,sampled_negative,unknown,0,0,0,0,0,,,0,0,0,0,,0,0,,0,0,0,0,,,,0,6,6,0,0,0,0,,,,0,0,0,0,,,,,,8,0,1,,0,,0,,,,0
cg0878,cg0878,cgl2251,cgl2251,0,sampled_negative,unknown,0,0,0,0,0,,,0,0,0,0,,0,0,,0,0,0,0,,,,0,1,1,0,0,0,0,,,,0,0,0,0,,,,,,8,0,0,,0,,0,,,,0
cg1547,cg1547,cgl0163,cgl0163,0,sampled_negative,unknown,0,0,0,0,0,,,0,0,0,0,,0,0,,0,0,0,0,,,,0,11,6,0,0,0,0,,,,0,0,0,0,,,,,,8,0,0,,0,,0,,,,0
cg0309,cg0309,ncgl2569,ncgl2569,0,sampled_negative,unknown,0,0,0,0,0,,,0,0,0,0,,0,0,,0,0,0,0,,,,0,0,0,0,0,0,0,,,,0,0,0,0,,,,,,8,0,0,,0,,0,,,,0
cg2200,cg2200,lcl_nc_006958_1_prot_wp_011015083_1_2268,lcl_nc_006958_1_prot_wp_011015083_1_2268,0,sampled_negative,unknown,0,0,0,0,0,,,0,0,0,0,,0,0,,0,0,0,0,,,,0,2,1,0,0,0,0,,,,0,0,0,0,,,,,,8,0,1,,0,,0,,,,0
cg0309,cg0309,cgrfwd12827,cgrfwd12827,0,sampled_negative,unknown,0,0,0,0,0,,,0,0,0,0,,0,0,,0,0,0,0,,,,0,0,0,0,0,0,0,,,,0,0,0,0,,,,,,8,0,0,,0,,0,,,,0
cg2910,cg2910,cgrrev08400,cgrrev08400,0,sampled_negative,unknown,0,0,0,0,0,,,0,0,0,0,,0,0,,0,0,0,0,,,,0,0,0,0,0,0,0,,,,0,0,0,0,,,,,,8,0,0,,0,,0,,,,0
cg1765,cg1765,cg3049,cg3049,0,sampled_negative,unknown,0,0,0,0,0,,,0,0,0,0,,0,0,,0,0,0,0,,,,0,0,0,0,0,0,0,,,,0,0,0,0,,,,,,8,0,1,,0,,0,,,,0
cg3285,cg3285,cg2931,cg2931,0,sampled_negative,unknown,0,0,0,0,0,,,0,0,0,0,,0,0,,0,0,0,0,,,,0,6,6,0,0,0,0,,,,0,0,0,0,,,,,,8,0,1,,0,,0,,,,0
cg2831,cg2831,cg1753,cg1753,0,sampled_negative,unknown,0,0,0,0,0,,,0,0,0,0,,0,0,,0,0,0,0,,,,0,0,0,0,0,0,0,,,,0,0,0,0,,,,,,8,1,2,,0,,0,,,,0
cg0454,cg0454,cgrrev00582,cgrrev00582,0,sampled_negative,unknown,0,0,0,0,0,,,0,0,0,0,,0,0,,0,0,0,0,,,,0,0,0,0,0,0,0,,,,1,0,0,0,,,,,,8,0,0,,0,,0,,,,0
cg0317,cg0317,cg1606,cg1606,0,sampled_negative,unknown,0,0,0,0,0,,,0,0,0,0,,0,0,,0,0,0,0,,,,0,8,7,0,0,0,0,,,,2,1,1,0,,,,,,8,0,0,,0,,0,,,,0
cg1861,cg1861,cgl1305,cgl1305,0,sampled_negative,unknown,0,0,0,0,0,,,0,0,0,0,,0,0,,0,0,0,0,,,,0,6,6,0,0,0,0,,,,12,1,6,0,,,,,,8,0,0,,0,,0,,,,0
cg0444,cg0444,cgl1251,cgl1251,0,sampled_negative,unknown,0,0,0,0,0,,,0,0,0,0,,0,0,,0,0,0,0,,,,0,2,2,0,0,0,0,,,,0,0,0,0,,,,,,8,0,1,,1,,0,,,,0
cg3420,cg3420,cg1797,cg1797,0,sampled_negative,unknown,0,0,0,0,0,,,0,0,0,0,,0,0,,0,0,0,0,,,,0,7,7,0,0,0,0,,,,0,0,0,0,,,,,,8,0,0,,0,ECF_sigma,0,,,,0
cg2500,cg2500,lcl_nc_006958_1_prot_wp_011013574_1_329,lcl_nc_006958_1_prot_wp_011013574_1_329,0,sampled_negative,unknown,0,0,0,0,0,,,0,0,0,0,,0,0,,0,0,0,0,,,,0,1,1,0,0,0,0,,,,0,0,0,0,,,,,,8,0,0,,0,,0,,,,0
cg0897,cg0897,cg3195,cg3195,0,sampled_negative,unknown,0,0,0,0,0,,,0,0,0,0,,0,0,,0,0,0,0,,,,0,6,6,0,0,0,0,,,,0,0,0,0,,,,,,8,0,1,,0,,0,,,,0
cg1324,cg1324,cgl0624,cgl0624,0,sampled_negative,unknown,0,0,0,0,0,,,0,0,0,0,,0,0,,0,0,0,0,,,,0,2,1,0,0,0,0,,,,2,1,1,0,,,,,,8,0,0,,0,,0,,,,0
cg2910,cg2910,lcl_nc_006958_1_prot_wp_011015489_1_2786,lcl_nc_006958_1_prot_wp_011015489_1_2786,0,sampled_negative,unknown,0,0,0,0,0,,,0,0,0,0,,0,0,,0,0,0,0,,,,0,1,1,0,0,0,0,,,,0,0,0,0,,,,,,8,0,0,,0,,0,,,,0
cg0565,cg0565,cgrrev10197,cgrrev10197,0,sampled_negative,unknown,0,0,0,0,0,,,0,0,0,0,,0,0,,0,0,0,0,,,,0,0,0,0,0,0,0,,,,0,0,0,0,,,,,,8,0,1,,0,,0,,,,0
cg1552,cg1552,lcl_nc_006958_1_prot_wp_011013873_1_739,lcl_nc_006958_1_prot_wp_011013873_1_739,0,sampled_negative,unknown,0,0,0,0,0,,,0,0,0,0,,0,0,,0,0,0,0,,,,0,1,1,0,0,0,0,,,,2,1,1,0,,,,,,8,0,0,,0,,0,,,,0
cg1792,cg1792,cg2981,cg2981,0,sampled_negative,unknown,0,0,0,0,0,,,0,0,0,0,,0,0,,0,0,0,0,,,,0,11,6,0,0,0,0,,,,1,0,0,0,,,,,,8,0,0,,0,,0,,,,0
cg1547,cg1547,cg3009,cg3009,0,sampled_negative,unknown,0,0,0,0,0,,,0,0,0,0,,0,0,,0,0,0,0,,,,0,0,0,0,0,0,0,,,,0,0,0,0,,,,,,8,0,0,,0,,0,,,,0
cg2103,cg2103,cg0676,cg0676,0,sampled_negative,unknown,0,0,0,0,0,,,0,0,0,0,,0,0,,0,0,0,0,,,,0,0,0,0,0,0,0,,,,0,0,0,0,,,,,,8,0,0,,0,,0,,,,0
cg0317,cg0317,lcl_nc_006958_1_prot_wp_011013616_1_373,lcl_nc_006958_1_prot_wp_011013616_1_373,0,sampled_negative,unknown,0,0,0,0,0,,,0,0,0,0,,0,0,,0,0,0,0,,,,0,1,1,0,0,0,0,,,,2,0,0,0,,,,,,8,0,0,,0,,0,,,,0
cg2783,cg2783,cg2414,cg2414,0,sampled_negative,unknown,0,0,0,0,0,,,0,0,0,0,,0,0,,0,0,0,0,,,,0,6,6,0,0,0,0,,,,2,0,0,0,,,,,,8,0,0,,0,,0,,,,0
cg1218,cg1218,cgl2508,cgl2508,0,sampled_negative,unknown,0,0,0,0,0,,,0,0,0,0,,0,0,,0,0,0,0,,,,0,3,1,0,0,0,0,,,,2,0,0,0,,,,,,8,0,1,,0,,0,,,,0
cg0986,cg0986,lcl_nc_006958_1_prot_wp_011014952_1_2088,lcl_nc_006958_1_prot_wp_011014952_1_2088,0,sampled_negative,unknown,0,0,0,0,0,,,0,0,0,0,,0,0,,0,0,0,0,,,,0,1,1,0,0,0,0,,,,0,0,0,0,,,,,,8,0,0,,0,,0,,,,0
cg2965,cg2965,cg2772,cg2772,0,sampled_negative,unknown,0,0,0,0,0,,,0,0,0,0,,0,0,,0,0,0,0,,,,0,0,0,0,0,0,0,,,,0,0,0,0,,,,,,8,1,0,,0,,0,,,,0
cg2783,cg2783,cgrfwd08257,cgrfwd08257,0,sampled_negative,unknown,0,0,0,0,0,,,0,0,0,0,,0,0,,0,0,0,0,,,,0,0,0,0,0,0,0,,,,2,0,0,0,,,,,,8,0,0,,0,,0,,,,0
cg1831,cg1831,lcl_nc_006958_1_prot_wp_011013661_1_441,lcl_nc_006958_1_prot_wp_011013661_1_441,0,sampled_negative,unknown,0,0,0,0,0,,,0,0,0,0,,0,0,,0,0,0,0,,,,0,1,1,0,0,0,0,,,,0,0,0,0,,,,,,8,0,0,,0,,0,,,,0
cg3224,cg3224,ncgl0333,ncgl0333,0,sampled_negative,unknown,0,0,0,0,0,,,0,0,0,0,,0,0,,0,0,0,0,,,,0,0,0,0,0,0,0,,,,0,0,0,0,,,,,,8,0,1,,0,,0,,,,0
cg1084,cg1084,cgl0382,cgl0382,0,sampled_negative,unknown,0,0,0,0,0,,,0,0,0,0,,0,0,,0,0,0,0,,,,0,6,6,0,0,0,0,,,,0,0,0,0,,,,,,8,0,1,,0,,0,,,,0
cg0500,cg0500,cgtrna_3570,cgtrna_3570,0,sampled_negative,unknown,0,0,0,0,0,,,0,0,0,0,,0,0,,0,0,0,0,,,,0,6,6,0,0,0,0,,,,0,0,0,0,,,,,,8,0,0,,0,,0,,,,0
cg1211,cg1211,cgrrev08085,cgrrev08085,0,sampled_negative,unknown,0,0,0,0,0,,,0,0,0,0,,0,0,,0,0,0,0,,,,0,0,0,0,0,0,0,,,,0,0,0,0,,,,,,8,0,1,,0,,0,,,,0
cg1486,cg1486,lcl_nc_006958_1_prot_wp_003858678_1_1361,lcl_nc_006958_1_prot_wp_003858678_1_1361,0,sampled_negative,unknown,0,0,0,0,0,,,0,0,0,0,,0,0,,0,0,0,0,,,,0,1,1,0,0,0,0,,,,0,0,0,0,,,,,,8,0,0,,0,,0,,,,0
cg1053,cg1053,cgr3007,cgr3007,0,sampled_negative,unknown,0,0,0,0,0,,,0,0,0,0,,0,0,,0,0,0,0,,,,0,0,0,0,0,0,0,,,,0,0,0,0,,,,,,8,0,0,,0,,0,,,,0
cg0986,cg0986,cg0689,cg0689,0,sampled_negative,unknown,0,0,0,0,0,,,0,0,0,0,,0,0,,0,0,0,0,,,,0,2,2,0,0,0,0,,,,0,0,0,0,,,,,,8,0,0,,0,,0,,,,0
cg2894,cg2894,cg2346,cg2346,0,sampled_negative,unknown,0,0,0,0,0,,,0,0,0,0,,0,0,,0,0,0,0,,,,0,2,1,0,0,0,0,,,,0,0,0,0,,,,,,8,0,1,,0,,0,,,,0
cg0215,cg0215,cg2613,cg2613,0,sampled_negative,unknown,0,0,0,0,0,,,0,0,0,0,,0,0,,0,0,0,0,,,,0,17,6,0,0,0,0,,,,0,0,0,0,,,,,,8,0,0,,0,,0,,,,0
cg2103,cg2103,lcl_nc_006958_1_prot_wp_011014123_1_1070,lcl_nc_006958_1_prot_wp_011014123_1_1070,0,sampled_negative,unknown,0,0,0,0,0,,,0,0,0,0,,0,0,,0,0,0,0,,,,0,5,2,0,0,0,0,,,,0,0,0,0,,,,,,8,0,0,,0,,0,,,,0
cg0709,cg0709,ncgl0929,ncgl0929,0,sampled_negative,unknown,0,0,0,0,0,,,0,0,0,0,,0,0,,0,0,0,0,,,,0,0,0,0,0,0,0,,,,0,0,0,0,,,,,,8,0,2,,0,,0,,,,0
cg0371,cg0371,cgl2138,cgl2138,0,sampled_negative,unknown,0,0,0,0,0,,,0,0,0,0,,0,0,,0,0,0,0,,,,0,2,1,0,0,0,0,,,,0,0,0,0,,,,,,8,0,0,,0,,0,,,,0
cg1846,cg1846,cgrrev08398,cgrrev08398,0,sampled_negative,unknown,0,0,0,0,0,,,0,0,0,0,,0,0,,0,0,0,0,,,,0,0,0,0,0,0,0,,,,0,0,0,0,,,,,,8,0,0,,0,,0,,,,0
cg0500,cg0500,cg2200,cg2200,0,sampled_negative,unknown,0,0,0,0,0,,,0,0,0,0,,0,0,,0,0,0,0,,,,0,0,0,0,0,0,0,,,,0,0,0,0,,,,,,8,1,0,,0,,0,,,,0
cg0012,cg0012,cgrrev00750,cgrrev00750,0,sampled_negative,unknown,0,0,0,0,0,,,0,0,0,0,,0,0,,0,0,0,0,,,,0,0,0,0,0,0,0,,,,0,0,0,0,,,,,,8,0,1,,0,Group_1_sigma,0,,,,0
cg1846,cg1846,cg0691,cg0691,0,sampled_negative,unknown,0,0,0,0,0,,,0,0,0,0,,0,0,,0,0,0,0,,,,0,1,1,0,0,0,0,,,,0,0,0,0,,,,,,8,0,0,,0,,0,,,,0
cg0090,cg0090,cg2162,cg2162,0,sampled_negative,unknown,0,0,0,0,0,,,0,0,0,0,,0,0,,0,0,0,0,,,,0,6,6,0,0,0,0,,,,1,0,0,0,,,,,,8,0,0,,1,,0,,,,0
cg0146,cg0146,cg3413,cg3413,0,sampled_negative,unknown,0,0,0,0,0,,,0,0,0,0,,0,0,,0,0,0,0,,,,0,2,1,0,0,0,0,,,,0,0,0,0,,,,,,8,2,0,,1,,0,,,,0
cg2309,cg2309,lcl_nc_006958_1_prot_wp_011015238_1_2477,lcl_nc_006958_1_prot_wp_011015238_1_2477,0,sampled_negative,unknown,0,0,0,0,0,,,0,0,0,0,,0,0,,0,0,0,0,,,,0,2,1,0,0,0,0,,,,0,0,0,0,,,,,,8,0,0,,0,,0,,,,0
cg0565,cg0565,cgl0989,cgl0989,0,sampled_negative,unknown,0,0,0,0,0,,,0,0,0,0,,0,0,,0,0,0,0,,,,0,4,1,0,0,0,0,,,,0,0,0,0,,,,,,8,0,1,,0,,0,,,,0
cg1053,cg1053,cg1575,cg1575,0,sampled_negative,unknown,0,0,0,0,0,,,0,0,0,0,,0,0,,0,0,0,0,,,,0,6,6,0,0,0,0,,,,0,0,0,0,,,,,,8,0,0,,0,,0,,,,0
cg2910,cg2910,cgl1990,cgl1990,0,sampled_negative,unknown,0,0,0,0,0,,,0,0,0,0,,0,0,,0,0,0,0,,,,0,4,1,0,0,0,0,,,,0,0,0,0,,,,,,8,0,0,,0,,0,,,,0
cg2965,cg2965,cgl1189,cgl1189,0,sampled_negative,unknown,0,0,0,0,0,,,0,0,0,0,,0,0,,0,0,0,0,,,,0,19,8,0,0,0,0,,,,0,0,0,0,,,,,,8,0,0,,0,,0,,,,0
cg3420,cg3420,cg0809,cg0809,0,sampled_negative,unknown,0,0,0,0,0,,,0,0,0,0,,0,0,,0,0,0,0,,,,0,0,0,0,0,0,0,,,,0,0,0,0,,,,,,8,0,0,,0,ECF_sigma,0,,,,0
cg2115,cg2115,lcl_nc_006958_1_prot_wp_011013477_1_213,lcl_nc_006958_1_prot_wp_011013477_1_213,0,sampled_negative,unknown,0,0,0,0,0,,,0,0,0,0,,0,0,,0,0,0,0,,,,0,3,1,0,0,0,0,,,,0,0,0,0,,,,,,8,0,0,,0,,0,,,,0
cg0454,cg0454,cg0397,cg0397,0,sampled_negative,unknown,0,0,0,0,0,,,0,0,0,0,,0,0,,0,0,0,0,,,,0,84,6,0,0,0,0,,,,1,0,0,0,,,,,,8,0,0,,0,,0,,,,0
cg0337,cg0337,lcl_nc_006958_1_prot_314,lcl_nc_006958_1_prot_314,0,sampled_negative,unknown,0,0,0,0,0,,,0,0,0,0,,0,0,,0,0,0,0,,,,0,1,1,0,0,0,0,,,,0,0,0,0,,,,,,8,0,0,,0,,0,,,,0
cg0337,cg0337,cg2216,cg2216,0,sampled_negative,unknown,0,0,0,0,0,,,0,0,0,0,,0,0,,0,0,0,0,,,,0,43,7,0,0,0,0,,,,0,0,0,0,,,,,,8,0,0,,0,,0,,,,0
cg1271,cg1271,cgl0744,cgl0744,0,sampled_negative,unknown,0,0,0,0,0,,,0,0,0,0,,0,0,,0,0,0,0,,,,0,112,6,0,0,0,0,,,,0,0,0,0,,,,,,8,0,0,,0,ECF_sigma,0,,,,0
cg1792,cg1792,lcl_nc_006958_1_prot_wp_011013606_1_362,lcl_nc_006958_1_prot_wp_011013606_1_362,0,sampled_negative,unknown,0,0,0,0,0,,,0,0,0,0,,0,0,,0,0,0,0,,,,0,1,1,0,0,0,0,,,,1,0,0,0,,,,,,8,0,0,,0,,0,,,,0
cg2109,cg2109,cgl1917,cgl1917,0,sampled_negative,unknown,0,0,0,0,0,,,0,0,0,0,,0,0,,0,0,0,0,,,,0,1,1,0,0,0,0,,,,0,0,0,0,,,,,,8,0,1,,0,,0,,,,0
cg1831,cg1831,cg0548,cg0548,0,sampled_negative,unknown,0,0,0,0,0,,,0,0,0,0,,0,0,,0,0,0,0,,,,0,6,6,0,0,0,0,,,,0,0,0,0,,,,,,8,0,0,,0,,0,,,,0
cg2112,cg2112,cgl0977,cgl0977,0,sampled_negative,unknown,0,0,0,0,0,,,0,0,0,0,,0,0,,0,0,0,0,,,,0,7,7,0,0,0,0,,,,1,0,0,0,,,,,,8,0,1,,0,,0,,,,0
cg0454,cg0454,cg3288,cg3288,0,sampled_negative,unknown,0,0,0,0,0,,,0,0,0,0,,0,0,,0,0,0,0,,,,0,0,0,0,0,0,0,,,,1,0,0,0,,,,,,8,0,0,,0,,0,,,,0
cg1792,cg1792,cgl0450,cgl0450,0,sampled_negative,unknown,0,0,0,0,0,,,0,0,0,0,,0,0,,0,0,0,0,,,,0,7,7,0,0,0,0,,,,1,0,0,0,,,,,,8,0,0,,0,,0,,,,0
cg1831,cg1831,cgl1356,cgl1356,0,sampled_negative,unknown,0,0,0,0,0,,,0,0,0,0,,0,0,,0,0,0,0,,,,0,1,1,0,0,0,0,,,,0,0,0,0,,,,,,8,0,0,,0,,0,,,,0
cg2737,cg2737,cgl1389,cgl1389,0,sampled_negative,unknown,0,0,0,0,0,,,0,0,0,0,,0,0,,0,0,0,0,,,,0,6,6,0,0,0,0,,,,0,0,0,0,,,,,,8,0,0,,0,,0,,,,0
cg1324,cg1324,ncgl2826,ncgl2826,0,sampled_negative,unknown,0,0,0,0,0,,,0,0,0,0,,0,0,,0,0,0,0,,,,0,0,0,0,0,0,0,,,,2,0,0,0,,,,,,8,0,0,,0,,0,,,,0
cg3285,cg3285,cgl3033,cgl3033,0,sampled_negative,unknown,0,0,0,0,0,,,0,0,0,0,,0,0,,0,0,0,0,,,,0,18,6,0,0,0,0,,,,0,0,0,0,,,,,,8,0,1,,0,,0,,,,0
cg1324,cg1324,lcl_nc_006958_1_prot_wp_011014216_1_1190,lcl_nc_006958_1_prot_wp_011014216_1_1190,0,sampled_negative,unknown,0,0,0,0,0,,,0,0,0,0,,0,0,,0,0,0,0,,,,0,1,1,0,0,0,0,,,,2,0,0,0,,,,,,8,0,0,,0,,0,,,,0
cg0350,cg0350,cg3357,cg3357,0,sampled_negative,unknown,0,0,0,0,0,,,0,0,0,0,,0,0,,0,0,0,0,,,,0,0,0,0,0,0,0,,,,0,0,0,0,,,,,,8,0,0,,0,,0,,,,0
cg3202,cg3202,ncgl1512,ncgl1512,0,sampled_negative,unknown,0,0,0,0,0,,,0,0,0,0,,0,0,,0,0,0,0,,,,0,0,0,0,0,0,0,,,,0,0,0,0,,,,,,8,0,1,,0,,0,,,,0
cg1547,cg1547,lcl_nc_006958_1_prot_wp_011015363_1_2644,lcl_nc_006958_1_prot_wp_011015363_1_2644,0,sampled_negative,unknown,0,0,0,0,0,,,0,0,0,0,,0,0,,0,0,0,0,,,,0,1,1,0,0,0,0,,,,0,0,0,0,,,,,,8,0,0,,0,,0,,,,0
cg0741,cg0741,cg2768,cg2768,0,sampled_negative,unknown,0,0,0,0,0,,,0,0,0,0,,0,0,,0,0,0,0,,,,0,1,1,0,0,0,0,,,,0,0,0,0,,,,,,8,1,1,0.005912,0,,0,,,,0
cg1817,cg1817,cg2499,cg2499,0,sampled_negative,unknown,0,0,0,0,0,,,0,0,0,0,,0,0,,0,0,0,0,,,,0,6,6,0,0,0,0,,,,6,1,5,0,,,,,,8,0,0,,0,,0,,,,0
cg2965,cg2965,cg2441,cg2441,0,sampled_negative,unknown,0,0,0,0,0,,,0,0,0,0,,0,0,,0,0,0,0,,,,0,4,1,0,0,0,0,,,,0,0,0,0,,,,,,8,0,0,,0,,0,,,,0
cg2112,cg2112,cgl0295,cgl0295,0,sampled_negative,unknown,0,0,0,0,0,,,0,0,0,0,,0,0,,0,0,0,0,,,,0,12,7,0,0,0,0,,,,1,0,0,0,,,,,,8,0,1,,0,,0,,,,0
cg2112,cg2112,cg1070,cg1070,0,sampled_negative,unknown,0,0,0,0,0,,,0,0,0,0,,0,0,,0,0,0,0,,,,0,5,2,0,0,0,0,,,,1,1,1,0,,,,,,8,0,1,,0,,0,,,,0
cg0646,cg0646,cg1545,cg1545,0,sampled_negative,unknown,0,0,0,0,0,,,0,0,0,0,,0,0,,0,0,0,0,,,,0,0,0,0,0,0,0,,,,0,0,0,0,,,,,,8,0,1,,0,,0,,,,0
cg2152,cg2152,ncgl0106,ncgl0106,0,sampled_negative,unknown,0,0,0,0,0,,,0,0,0,0,,0,0,,0,0,0,0,,,,0,0,0,0,0,0,0,,,,0,0,0,0,,,,,,8,0,0,,0,,0,,,,0
cg2627,cg2627,cg2588,cg2588,0,sampled_negative,unknown,0,0,0,0,0,,,0,0,0,0,,0,0,,0,0,0,0,,,,0,8,8,0,0,0,0,,,,1,0,0,0,,,,,,8,0,0,,0,,0,,,,0
cg0500,cg0500,cg3336,cg3336,0,sampled_negative,unknown,0,0,0,0,0,,,0,0,0,0,,0,0,,0,0,0,0,,,,0,6,6,0,0,0,0,,,,0,0,0,0,,,,,,8,0,0,,0,,0,,,,0
cg0695,cg0695,cg0326,cg0326,0,sampled_negative,unknown,0,0,0,0,0,,,0,0,0,0,,0,0,,0,0,0,0,,,,0,40,8,0,0,0,0,,,,0,0,0,0,,,,,,8,0,1,,0,,0,,,,0
cg1648,cg1648,cg2065,cg2065,0,sampled_negative,unknown,0,0,0,0,0,,,0,0,0,0,,0,0,,0,0,0,0,,,,0,2,1,0,0,0,0,,,,0,0,0,0,,,,,,8,1,0,,0,,0,,,,0
cg0051,cg0051,cgl2358,cgl2358,0,sampled_negative,unknown,0,0,0,0,0,,,0,0,0,0,,0,0,,0,0,0,0,,,,0,23,6,0,0,0,0,,,,3,0,0,0,,,,,,8,0,0,,0,,0,,,,0
cg2115,cg2115,cgrrev07357,cgrrev07357,0,sampled_negative,unknown,0,0,0,0,0,,,0,0,0,0,,0,0,,0,0,0,0,,,,0,0,0,0,0,0,0,,,,0,0,0,0,,,,,,8,0,0,,0,,0,,,,0
cg0019,cg0019,cg2198,cg2198,0,sampled_negative,unknown,0,0,0,0,0,,,0,0,0,0,,0,0,,0,0,0,0,,,,0,1,1,0,0,0,0,,,,0,0,0,0,,,,,,8,0,0,,0,,0,,,,0
cg1053,cg1053,cgl1275,cgl1275,0,sampled_negative,unknown,0,0,0,0,0,,,0,0,0,0,,0,0,,0,0,0,0,,,,0,1,1,0,0,0,0,,,,0,0,0,0,,,,,,8,0,0,,0,,0,,,,0
cg3202,cg3202,cg2705,cg2705,0,sampled_negative,unknown,0,0,0,0,0,,,0,0,0,0,,0,0,,0,0,0,0,,,,0,6,6,0,0,0,0,,,,0,0,0,0,,,,,,8,0,1,,0,,0,,,,0
cg1410,cg1410,cg2297,cg2297,0,sampled_negative,unknown,0,0,0,0,0,,,0,0,0,0,,0,0,,0,0,0,0,,,,0,6,6,0,0,0,0,,,,2,0,0,0,,,,,,8,0,0,,0,,0,,,,0
cg0695,cg0695,lcl_nc_006958_1_prot_wp_011014865_1_1971,lcl_nc_006958_1_prot_wp_011014865_1_1971,0,sampled_negative,unknown,0,0,0,0,0,,,0,0,0,0,,0,0,,0,0,0,0,,,,0,2,1,0,0,0,0,,,,0,0,0,0,,,,,,8,0,1,,0,,0,,,,0
cg1410,cg1410,cgrfwd12146,cgrfwd12146,0,sampled_negative,unknown,0,0,0,0,0,,,0,0,0,0,,0,0,,0,0,0,0,,,,0,0,0,0,0,0,0,,,,2,0,0,0,,,,,,8,0,0,,0,,0,,,,0
cg1585,cg1585,cgl0926,cgl0926,0,sampled_negative,unknown,0,0,0,0,0,,,0,0,0,0,,0,0,,0,0,0,0,,,,0,1,1,0,0,0,0,,,,0,0,0,0,,,,,,8,0,1,,0,,0,,,,0
cg0313,cg0313,cg0523,cg0523,0,sampled_negative,unknown,0,0,0,0,0,,,0,0,0,0,,0,0,,0,0,0,0,,,,0,0,0,0,0,0,0,,,,0,0,0,0,,,,,,8,0,0,,0,,0,,,,0
cg0343,cg0343,ncgl2217,ncgl2217,0,sampled_negative,unknown,0,0,0,0,0,,,0,0,0,0,,0,0,,0,0,0,0,,,,0,0,0,0,0,0,0,,,,0,0,0,0,,,,,,8,0,0,,0,,0,,,,0
cg0012,cg0012,cgl0276,cgl0276,0,sampled_negative,unknown,0,0,0,0,0,,,0,0,0,0,,0,0,,0,0,0,0,,,,0,7,7,0,0,0,0,,,,0,0,0,0,,,,,,8,0,1,,0,Group_1_sigma,0,,,,0
cg0313,cg0313,cgl2370,cgl2370,0,sampled_negative,unknown,0,0,0,0,0,,,0,0,0,0,,0,0,,0,0,0,0,,,,0,88,6,0,0,0,0,,,,0,0,0,0,,,,,,8,0,0,,0,,0,,,,0
cg3373,cg3373,lcl_nc_006958_1_prot_wp_011015276_1_2524,lcl_nc_006958_1_prot_wp_011015276_1_2524,0,sampled_negative,unknown,0,0,0,0,0,,,0,0,0,0,,0,0,,0,0,0,0,,,,0,1,1,0,0,0,0,,,,0,0,0,0,,,,,,8,0,0,,0,,0,,,,0
cg2516,cg2516,lcl_nc_006958_1_prot_wp_003858289_1_661,lcl_nc_006958_1_prot_wp_003858289_1_661,0,sampled_negative,unknown,0,0,0,0,0,,,0,0,0,0,,0,0,,0,0,0,0,,,,0,1,1,0,0,0,0,,,,0,0,0,0,,,,,,8,0,0,,0,,0,,,,0
cg0500,cg0500,cgl1996,cgl1996,0,sampled_negative,unknown,0,0,0,0,0,,,0,0,0,0,,0,0,,0,0,0,0,,,,0,1,1,0,0,0,0,,,,0,0,0,0,,,,,,8,0,0,,0,,0,,,,0
cg0196,cg0196,wp_011014784_1,wp_011014784_1,0,sampled_negative,unknown,0,0,0,0,0,,,0,0,0,0,,0,0,,0,0,0,0,,,,0,1,1,0,0,0,0,,,,0,0,0,0,,,,,,8,0,0,,0,,0,,,,0
cg2624,cg2624,cgl1024,cgl1024,0,sampled_negative,unknown,0,0,0,0,0,,,0,0,0,0,,0,0,,0,0,0,0,,,,0,10,1,0,0,0,0,,,,0,0,0,0,,,,,,8,0,0,,0,,0,,,,0
cg0696,cg0696,cg3424,cg3424,0,sampled_negative,unknown,0,0,0,0,0,,,0,0,0,0,,0,0,,0,0,0,0,,,,0,0,0,0,0,0,0,,,,0,0,0,0,,,,,,8,0,1,,0,,0,,,,0
cg0196,cg0196,cgl2507,cgl2507,0,sampled_negative,unknown,0,0,0,0,0,,,0,0,0,0,,0,0,,0,0,0,0,,,,0,1,1,0,0,0,0,,,,0,0,0,0,,,,,,8,0,0,,0,,0,,,,0
cg1120,cg1120,cgrrev04514,cgrrev04514,0,sampled_negative,unknown,0,0,0,0,0,,,0,0,0,0,,0,0,,0,0,0,0,,,,0,0,0,0,0,0,0,,,,1,0,0,0,,,,,,8,0,1,,0,,0,,,,0
cg2268,cg2268,ncgl1104,ncgl1104,0,sampled_negative,unknown,0,0,0,0,0,,,0,0,0,0,,0,0,,0,0,0,0,,,,0,0,0,0,0,0,0,,,,2,0,0,0,,,,,,8,0,0,,0,,0,,,,0
cg1053,cg1053,cg1533,cg1533,0,sampled_negative,unknown,0,0,0,0,0,,,0,0,0,0,,0,0,,0,0,0,0,,,,0,1,1,0,0,0,0,,,,0,0,0,0,,,,,,8,0,0,,0,,0,,,,0
cg1324,cg1324,cg0275,cg0275,0,sampled_negative,unknown,0,0,0,0,0,,,0,0,0,0,,0,0,,0,0,0,0,,,,0,11,6,0,0,0,0,,,,2,0,0,0,,,,,,8,0,0,,0,,0,,,,0
cg0897,cg0897,cg2365,cg2365,0,sampled_negative,unknown,0,0,0,0,0,,,0,0,0,0,,0,0,,0,0,0,0,,,,0,0,0,0,0,0,0,,,,0,0,0,0,,,,,,8,0,1,,0,,0,,,,0
cg3224,cg3224,cgl1512,cgl1512,0,sampled_negative,unknown,0,0,0,0,0,,,0,0,0,0,,0,0,,0,0,0,0,,,,0,6,6,0,0,0,0,,,,0,0,0,0,,,,,,8,0,1,,0,,0,,,,0
cg2737,cg2737,cg2434,cg2434,0,sampled_negative,unknown,0,0,0,0,0,,,0,0,0,0,,0,0,,0,0,0,0,,,,0,0,0,0,0,0,0,,,,0,0,0,0,,,,,,8,0,0,,0,,0,,,,0
cg2102,cg2102,cgrrev04513,cgrrev04513,0,sampled_negative,unknown,0,0,0,0,0,,,0,0,0,0,,0,0,,0,0,0,0,,,,0,0,0,0,0,0,0,,,,0,0,0,0,,,,,,8,0,0,,0,Group_2_sigma,0,,,,0
cg0500,cg0500,cg0722,cg0722,0,sampled_negative,unknown,0,0,0,0,0,,,0,0,0,0,,0,0,,0,0,0,0,,,,0,0,0,0,0,0,0,,,,0,0,0,0,,,,,,8,1,0,,0,,0,,,,0
cg0702,cg0702,cgl0775,cgl0775,0,sampled_negative,unknown,0,0,0,0,0,,,0,0,0,0,,0,0,,0,0,0,0,,,,0,2,2,0,0,0,0,,,,6,1,1,0,,,,,,8,0,0,,0,,0,,,,0
cg0463,cg0463,cg0085,cg0085,0,sampled_negative,unknown,0,0,0,0,0,,,0,0,0,0,,0,0,,0,0,0,0,,,,0,1,1,0,0,0,0,,,,0,0,0,0,,,,,,8,0,0,,0,,0,,,,0
cg2627,cg2627,cg0811,cg0811,0,sampled_negative,unknown,0,0,0,0,0,,,0,0,0,0,,0,0,,0,0,0,0,,,,0,11,6,0,0,0,0,,,,1,0,0,0,,,,,,8,0,0,,0,,0,,,,0
cg0051,cg0051,lcl_nc_006958_1_prot_wp_011013487_1_226,lcl_nc_006958_1_prot_wp_011013487_1_226,0,sampled_negative,unknown,0,0,0,0,0,,,0,0,0,0,,0,0,,0,0,0,0,,,,0,1,1,0,0,0,0,,,,3,0,0,0,,,,,,8,0,0,,0,,0,,,,0
cg0090,cg0090,cgrfwd18338,cgrfwd18338,0,sampled_negative,unknown,0,0,0,0,0,,,0,0,0,0,,0,0,,0,0,0,0,,,,0,0,0,0,0,0,0,,,,1,0,0,0,,,,,,8,0,0,,1,,0,,,,0
cg0350,cg0350,cg3364,cg3364,0,sampled_negative,unknown,0,0,0,0,0,,,0,0,0,0,,0,0,,0,0,0,0,,,,0,18,6,0,0,0,0,,,,0,0,0,0,,,,,,8,0,0,,0,,0,,,,0
cg1271,cg1271,cg0279,cg0279,0,sampled_negative,unknown,0,0,0,0,0,,,0,0,0,0,,0,0,,0,0,0,0,,,,0,6,6,0,0,0,0,,,,0,0,0,0,,,,,,8,0,0,,0,ECF_sigma,0,,,,0
cg0156,cg0156,cgl0088,cgl0088,0,sampled_negative,unknown,0,0,0,0,0,,,0,0,0,0,,0,0,,0,0,0,0,,,,0,11,6,0,0,0,0,,,,1,0,0,0,,,,,,8,0,0,,0,,0,,,,0
cg3315,cg3315,cg1859,cg1859,0,sampled_negative,unknown,0,0,0,0,0,,,0,0,0,0,,0,0,,0,0,0,0,,,,0,1,1,0,0,0,0,,,,0,0,0,0,,,,,,8,0,0,,0,,0,,,,0
cg1792,cg1792,cgtrna_2531,cgtrna_2531,0,sampled_negative,unknown,0,0,0,0,0,,,0,0,0,0,,0,0,,0,0,0,0,,,,0,6,6,0,0,0,0,,,,1,0,0,0,,,,,,8,0,0,,0,,0,,,,0
cg2092,cg2092,cg2851,cg2851,0,sampled_negative,unknown,0,0,0,0,0,,,0,0,0,0,,0,0,,0,0,0,0,,,,0,6,6,0,0,0,0,,,,0,0,0,0,,,,,,8,1,1,,0,,0,,,,0
cg3239,cg3239,cg3026,cg3026,0,sampled_negative,unknown,0,0,0,0,0,,,0,0,0,0,,0,0,,0,0,0,0,,,,0,37,6,0,0,0,0,,,,0,0,0,0,,,,,,8,0,1,,0,,0,,,,0
cg1585,cg1585,cgrrev17848,cgrrev17848,0,sampled_negative,unknown,0,0,0,0,0,,,0,0,0,0,,0,0,,0,0,0,0,,,,0,0,0,0,0,0,0,,,,0,0,0,0,,,,,,8,0,1,,0,,0,,,,0
cg2516,cg2516,cg2502,cg2502,0,sampled_negative,unknown,0,0,0,0,0,,,0,0,0,0,,0,0,,0,0,0,0,,,,0,0,0,0,0,0,0,,,,0,0,0,0,,,,,,8,0,0,,0,,0,,,,0
cg2766,cg2766,cg2052,cg2052,0,sampled_negative,unknown,0,0,0,0,0,,,0,0,0,0,,0,0,,0,0,0,0,,,,0,0,0,0,0,0,0,,,,0,0,0,0,,,,,,8,0,0,,1,,0,,,,0
cg0878,cg0878,lcl_nc_006958_1_prot_wp_003859254_1_2273,lcl_nc_006958_1_prot_wp_003859254_1_2273,0,sampled_negative,unknown,0,0,0,0,0,,,0,0,0,0,,0,0,,0,0,0,0,,,,0,1,1,0,0,0,0,,,,0,0,0,0,,,,,,8,0,0,,0,,0,,,,0
cg2112,cg2112,cg1530,cg1530,0,sampled_negative,unknown,0,0,0,0,0,,,0,0,0,0,,0,0,,0,0,0,0,,,,0,1,1,0,0,0,0,,,,1,0,0,0,,,,,,8,0,1,,0,,0,,,,0
cg2092,cg2092,ncgl1133,ncgl1133,0,sampled_negative,unknown,0,0,0,0,0,,,0,0,0,0,,0,0,,0,0,0,0,,,,0,0,0,0,0,0,0,,,,0,0,0,0,,,,,,8,0,1,,0,,0,,,,0
cg2309,cg2309,cgrfwd17372,cgrfwd17372,0,sampled_negative,unknown,0,0,0,0,0,,,0,0,0,0,,0,0,,0,0,0,0,,,,0,0,0,0,0,0,0,,,,0,0,0,0,,,,,,8,0,0,,0,,0,,,,0
cg3261,cg3261,cgr2999,cgr2999,0,sampled_negative,unknown,0,0,0,0,0,,,0,0,0,0,,0,0,,0,0,0,0,,,,0,0,0,0,0,0,0,,,,0,0,0,0,,,,,,8,0,0,,0,,0,,,,0
cg1547,cg1547,cg1896,cg1896,0,sampled_negative,unknown,0,0,0,0,0,,,0,0,0,0,,0,0,,0,0,0,0,,,,0,5,1,0,0,0,0,,,,0,0,0,0,,,,,,8,1,0,,0,,0,,,,0
cg0337,cg0337,ncgl0425,ncgl0425,0,sampled_negative,unknown,0,0,0,0,0,,,0,0,0,0,,0,0,,0,0,0,0,,,,0,0,0,0,0,0,0,,,,0,0,0,0,,,,,,8,0,0,,0,,0,,,,0
cg0112,cg0112,cg0825,cg0825,0,sampled_negative,unknown,0,0,0,0,0,,,0,0,0,0,,0,0,,0,0,0,0,,,,0,144,6,0,0,0,0,,,,1,0,0,0,,,,,,8,0,0,,0,,0,,,,0
cg0725,cg0725,lcl_nc_006958_1_prot_wp_011015199_1_2420,lcl_nc_006958_1_prot_wp_011015199_1_2420,0,sampled_negative,unknown,0,0,0,0,0,,,0,0,0,0,,0,0,,0,0,0,0,,,,0,1,1,0,0,0,0,,,,0,0,0,0,,,,,,8,0,1,,0,,0,,,,0
cg0527,cg0527,cgl1088,cgl1088,0,sampled_negative,unknown,0,0,0,0,0,,,0,0,0,0,,0,0,,0,0,0,0,,,,0,1,1,0,0,0,0,,,,15,0,0,0,,,,,,8,0,1,,0,,0,,,,0
cg0350,cg0350,cgl2095,cgl2095,0,sampled_negative,unknown,0,0,0,0,0,,,0,0,0,0,,0,0,,0,0,0,0,,,,0,6,6,0,0,0,0,,,,0,0,0,0,,,,,,8,0,0,,0,,0,,,,0
cg2894,cg2894,cg2473,cg2473,0,sampled_negative,unknown,0,0,0,0,0,,,0,0,0,0,,0,0,,0,0,0,0,,,,0,42,6,0,0,0,0,,,,0,0,0,0,,,,,,8,1,1,,0,,0,,,,0
cg0196,cg0196,cg1440,cg1440,0,sampled_negative,unknown,0,0,0,0,0,,,0,0,0,0,,0,0,,0,0,0,0,,,,0,1,1,0,0,0,0,,,,0,0,0,0,,,,,,8,0,0,,0,,0,,,,0
cg0709,cg0709,cgl1184,cgl1184,0,sampled_negative,unknown,0,0,0,0,0,,,0,0,0,0,,0,0,,0,0,0,0,,,,0,6,6,0,0,0,0,,,,0,0,0,0,,,,,,8,0,2,,0,,0,,,,0
cg3352,cg3352,cg1610,cg1610,0,sampled_negative,unknown,0,0,0,0,0,,,0,0,0,0,,0,0,,0,0,0,0,,,,0,1,1,0,0,0,0,,,,0,0,0,0,,,,,,8,0,0,,0,,0,,,,0
cg0051,cg0051,cgl2196,cgl2196,0,sampled_negative,unknown,0,0,0,0,0,,,0,0,0,0,,0,0,,0,0,0,0,,,,0,12,6,0,0,0,0,,,,3,0,0,0,,,,,,8,0,0,,0,,0,,,,0
cg2118,cg2118,cgl1288,cgl1288,0,sampled_negative,unknown,0,0,0,0,0,,,0,0,0,0,,0,0,,0,0,0,0,,,,0,1,1,0,0,0,0,,,,0,0,0,0,,,,,,8,0,0,,0,,0,,,,0
cg1120,cg1120,ncgl0377,ncgl0377,0,sampled_negative,unknown,0,0,0,0,0,,,0,0,0,0,,0,0,,0,0,0,0,,,,0,0,0,0,0,0,0,,,,1,0,0,0,,,,,,8,0,1,,0,,0,,,,0
gntr1,gntr1,lcl_nc_006958_1_prot_wp_011265680_1_1044,lcl_nc_006958_1_prot_wp_011265680_1_1044,0,sampled_negative,unknown,0,0,0,0,0,,,0,0,0,0,,0,0,,0,0,0,0,,,,0,1,1,0,0,0,0,,,,0,0,0,0,,,,,,8,0,0,,0,,0,,,,0
cg2641,cg2641,cg2278,cg2278,0,sampled_negative,unknown,0,0,0,0,0,,,0,0,0,0,,0,0,,0,0,0,0,,,,0,1,1,0,0,0,0,,,,0,0,0,0,,,,,,8,0,1,,0,,0,,,,0
cg0350,cg0350,cg0850,cg0850,0,sampled_negative,unknown,0,0,0,0,0,,,0,0,0,0,,0,0,,0,0,0,0,,,,0,1,1,0,0,0,0,,,,0,0,0,0,,,,,,8,0,0,,0,,0,,,,0
cg0012,cg0012,cg3178,cg3178,0,sampled_negative,unknown,0,0,0,0,0,,,0,0,0,0,,0,0,,0,0,0,0,,,,0,0,0,0,0,0,0,,,,0,0,0,0,,,,,,8,0,1,,0,Group_1_sigma,0,,,,0
cg0993,cg0993,cg1730,cg1730,0,sampled_negative,unknown,0,0,0,0,0,,,0,0,0,0,,0,0,,0,0,0,0,,,,0,0,0,0,0,0,0,,,,0,0,0,0,,,,,,8,0,2,,0,,0,,,,0
cg2624,cg2624,ncgl2466,ncgl2466,0,sampled_negative,unknown,0,0,0,0,0,,,0,0,0,0,,0,0,,0,0,0,0,,,,0,0,0,0,0,0,0,,,,0,0,0,0,,,,,,8,0,0,,0,,0,,,,0
cg2102,cg2102,cgl1366,cgl1366,0,sampled_negative,unknown,0,0,0,0,0,,,0,0,0,0,,0,0,,0,0,0,0,,,,0,6,6,0,0,0,0,,,,0,0,0,0,,,,,,8,0,0,,0,Group_2_sigma,0,,,,0
cg3239,cg3239,cg0635,cg0635,0,sampled_negative,unknown,0,0,0,0,0,,,0,0,0,0,,0,0,,0,0,0,0,,,,0,1,1,0,0,0,0,,,,0,0,0,0,,,,,,8,1,1,,0,,0,,,,0
cg3253,cg3253,cg2545,cg2545,0,sampled_negative,unknown,0,0,0,0,0,,,0,0,0,0,,0,0,,0,0,0,0,,,,0,11,1,0,0,0,0,,,,0,0,0,0,,,,,,8,0,1,,0,,0,,,,0
cg3388,cg3388,cgtrna_3574,cgtrna_3574,0,sampled_negative,unknown,0,0,0,0,0,,,0,0,0,0,,0,0,,0,0,0,0,,,,0,6,6,0,0,0,0,,,,0,0,0,0,,,,,,8,0,0,,0,,0,,,,0
cg2502,cg2502,cg0484,cg0484,0,sampled_negative,unknown,0,0,0,0,0,,,0,0,0,0,,0,0,,0,0,0,0,,,,0,1,1,0,0,0,0,,,,0,0,0,0,,,,,,8,0,0,,0,,0,,,,0
cg1846,cg1846,cgrrev08747,cgrrev08747,0,sampled_negative,unknown,0,0,0,0,0,,,0,0,0,0,,0,0,,0,0,0,0,,,,0,0,0,0,0,0,0,,,,0,0,0,0,,,,,,8,0,0,,0,,0,,,,0
cg0215,cg0215,cg2216,cg2216,0,sampled_negative,unknown,0,0,0,0,0,,,0,0,0,0,,0,0,,0,0,0,0,,,,0,43,7,0,0,0,0,,,,0,0,0,0,,,,,,8,0,0,,0,,0,,,,0
cg1547,cg1547,lcl_nc_006958_1_prot_wp_003862391_1_820,lcl_nc_006958_1_prot_wp_003862391_1_820,0,sampled_negative,unknown,0,0,0,0,0,,,0,0,0,0,,0,0,,0,0,0,0,,,,0,1,1,0,0,0,0,,,,0,0,0,0,,,,,,8,0,0,,0,,0,,,,0
cg3285,cg3285,cg0562,cg0562,0,sampled_negative,unknown,0,0,0,0,0,,,0,0,0,0,,0,0,,0,0,0,0,,,,0,2,1,0,0,0,0,,,,0,0,0,0,,,,,,8,1,1,,0,,0,,,,0
cg3082,cg3082,lcl_nc_006958_1_prot_wp_011013917_1_810,lcl_nc_006958_1_prot_wp_011013917_1_810,0,sampled_negative,unknown,0,0,0,0,0,,,0,0,0,0,,0,0,,0,0,0,0,,,,0,13,2,0,0,0,0,,,,0,0,0,0,,,,,,8,0,1,,0,,0,,,,0
cg3388,cg3388,cgrrev01088,cgrrev01088,0,sampled_negative,unknown,0,0,0,0,0,,,0,0,0,0,,0,0,,0,0,0,0,,,,0,0,0,0,0,0,0,,,,0,0,0,0,,,,,,8,0,0,,0,,0,,,,0
cg3247,cg3247,cg0041,cg0041,0,sampled_negative,unknown,0,0,0,0,0,,,0,0,0,0,,0,0,,0,0,0,0,,,,0,6,6,0,0,0,0,,,,0,0,0,0,,,,,,8,1,0,,0,,0,,,,0
cg0313,cg0313,cgrfwd12133,cgrfwd12133,0,sampled_negative,unknown,0,0,0,0,0,,,0,0,0,0,,0,0,,0,0,0,0,,,,0,0,0,0,0,0,0,,,,0,0,0,0,,,,,,8,0,0,,0,,0,,,,0
cg0800,cg0800,cgl1328,cgl1328,0,sampled_negative,unknown,0,0,0,0,0,,,0,0,0,0,,0,0,,0,0,0,0,,,,0,1,1,0,0,0,0,,,,0,0,0,0,,,,,,8,0,0,,0,,0,,,,0
cg1861,cg1861,lcl_nc_006958_1_prot_wp_011014024_1_953,lcl_nc_006958_1_prot_wp_011014024_1_953,0,sampled_negative,unknown,0,0,0,0,0,,,0,0,0,0,,0,0,,0,0,0,0,,,,0,1,1,0,0,0,0,,,,12,0,0,0,,,,,,8,0,0,,0,,0,,,,0
cg1935,cg1935,cgrfwd13574,cgrfwd13574,0,sampled_negative,unknown,0,0,0,0,0,,,0,0,0,0,,0,0,,0,0,0,0,,,,0,0,0,0,0,0,0,,,,1,0,0,0,,,,,,8,0,1,,1,,0,,,,0
cg1547,cg1547,cg0854,cg0854,0,sampled_negative,unknown,0,0,0,0,0,,,0,0,0,0,,0,0,,0,0,0,0,,,,0,11,6,0,0,0,0,,,,0,0,0,0,,,,,,8,0,0,,0,,0,,,,0
cg1817,cg1817,cg1640,cg1640,0,sampled_negative,unknown,0,0,0,0,0,,,0,0,0,0,,0,0,,0,0,0,0,,,,0,0,0,0,0,0,0,,,,6,0,0,0,,,,,,8,0,0,,0,,0,,,,0
cg0565,cg0565,cgl1114,cgl1114,0,sampled_negative,unknown,0,0,0,0,0,,,0,0,0,0,,0,0,,0,0,0,0,,,,0,4,1,0,0,0,0,,,,0,0,0,0,,,,,,8,0,1,,0,,0,,,,0
cg1324,cg1324,cgrrev06866,cgrrev06866,0,sampled_negative,unknown,0,0,0,0,0,,,0,0,0,0,,0,0,,0,0,0,0,,,,0,0,0,0,0,0,0,,,,2,0,0,0,,,,,,8,0,0,,0,,0,,,,0
cg1792,cg1792,cg0591,cg0591,0,sampled_negative,unknown,0,0,0,0,0,,,0,0,0,0,,0,0,,0,0,0,0,,,,0,1,1,0,0,0,0,,,,1,0,0,0,,,,,,8,1,0,,0,,0,,,,0
cg2092,cg2092,lcl_nc_006958_1_prot_wp_011013453_1_183,lcl_nc_006958_1_prot_wp_011013453_1_183,0,sampled_negative,unknown,0,0,0,0,0,,,0,0,0,0,,0,0,,0,0,0,0,,,,0,1,1,0,0,0,0,,,,0,0,0,0,,,,,,8,0,1,,0,,0,,,,0
cg1218,cg1218,cgrfwd06598,cgrfwd06598,0,sampled_negative,unknown,0,0,0,0,0,,,0,0,0,0,,0,0,,0,0,0,0,,,,0,0,0,0,0,0,0,,,,2,0,0,0,,,,,,8,0,1,,0,,0,,,,0
cg0444,cg0444,cgtrna_3554,cgtrna_3554,0,sampled_negative,unknown,0,0,0,0,0,,,0,0,0,0,,0,0,,0,0,0,0,,,,0,1,1,0,0,0,0,,,,0,0,0,0,,,,,,8,0,1,,1,,0,,,,0
cg1053,cg1053,cg0562,cg0562,0,sampled_negative,unknown,0,0,0,0,0,,,0,0,0,0,,0,0,,0,0,0,0,,,,0,2,1,0,0,0,0,,,,0,0,0,0,,,,,,8,1,0,,0,,0,,,,0
cg2965,cg2965,cgtrna_3533,cgtrna_3533,0,sampled_negative,unknown,0,0,0,0,0,,,0,0,0,0,,0,0,,0,0,0,0,,,,0,1,1,0,0,0,0,,,,0,0,0,0,,,,,,8,0,0,,0,,0,,,,0
cg0709,cg0709,cgrfwd10492,cgrfwd10492,0,sampled_negative,unknown,0,0,0,0,0,,,0,0,0,0,,0,0,,0,0,0,0,,,,0,0,0,0,0,0,0,,,,0,0,0,0,,,,,,8,0,2,,0,,0,,,,0
cg1552,cg1552,ncgl0553,ncgl0553,0,sampled_negative,unknown,0,0,0,0,0,,,0,0,0,0,,0,0,,0,0,0,0,,,,0,0,0,0,0,0,0,,,,2,0,0,0,,,,,,8,0,0,,0,,0,,,,0
cg0463,cg0463,cg1156,cg1156,0,sampled_negative,unknown,0,0,0,0,0,,,0,0,0,0,,0,0,,0,0,0,0,,,,0,0,0,0,0,0,0,,,,0,0,0,0,,,,,,8,1,0,,0,,0,,,,0
cg0317,cg0317,lcl_nc_006958_1_prot_314,lcl_nc_006958_1_prot_314,0,sampled_negative,unknown,0,0,0,0,0,,,0,0,0,0,,0,0,,0,0,0,0,,,,0,1,1,0,0,0,0,,,,2,1,1,0,,,,,,8,0,0,,0,,0,,,,0
cg2888,cg2888,cgl1801,cgl1801,0,sampled_negative,unknown,0,0,0,0,0,,,0,0,0,0,,0,0,,0,0,0,0,,,,0,1,1,0,0,0,0,,,,0,0,0,0,,,,,,8,0,0,,0,,0,,,,0
cg3285,cg3285,cgl0373,cgl0373,0,sampled_negative,unknown,0,0,0,0,0,,,0,0,0,0,,0,0,,0,0,0,0,,,,0,6,6,0,0,0,0,,,,0,0,0,0,,,,,,8,0,1,,0,,0,,,,0
cg2624,cg2624,lcl_nc_006958_1_prot_wp_011014510_1_1602,lcl_nc_006958_1_prot_wp_011014510_1_1602,0,sampled_negative,unknown,0,0,0,0,0,,,0,0,0,0,,0,0,,0,0,0,0,,,,0,1,1,0,0,0,0,,,,0,0,0,0,,,,,,8,0,0,,0,,0,,,,0
cg2910,cg2910,cg1195,cg1195,0,sampled_negative,unknown,0,0,0,0,0,,,0,0,0,0,,0,0,,0,0,0,0,,,,0,2,1,0,0,0,0,,,,0,0,0,0,,,,,,8,0,0,,0,,0,,,,0
cg0051,cg0051,cg1387,cg1387,0,sampled_negative,unknown,0,0,0,0,0,,,0,0,0,0,,0,0,,0,0,0,0,,,,0,3,1,0,0,0,0,,,,3,0,0,0,,,,,,8,0,0,,0,,0,,,,0
cg2268,cg2268,cgrrev17849,cgrrev17849,0,sampled_negative,unknown,0,0,0,0,0,,,0,0,0,0,,0,0,,0,0,0,0,,,,0,0,0,0,0,0,0,,,,2,0,0,0,,,,,,8,0,0,,0,,0,,,,0
cg0565,cg0565,lcl_nc_006958_1_prot_wp_003856814_1_978,lcl_nc_006958_1_prot_wp_003856814_1_978,0,sampled_negative,unknown,0,0,0,0,0,,,0,0,0,0,,0,0,,0,0,0,0,,,,0,1,1,0,0,0,0,,,,0,0,0,0,,,,,,8,0,1,,0,,0,,,,0
cg1211,cg1211,cg2469,cg2469,0,sampled_negative,unknown,0,0,0,0,0,,,0,0,0,0,,0,0,,0,0,0,0,,,,0,1,1,0,0,0,0,,,,0,0,0,0,,,,,,8,0,1,,0,,0,,,,0
cg2965,cg2965,ncgl0184,ncgl0184,0,sampled_negative,unknown,0,0,0,0,0,,,0,0,0,0,,0,0,,0,0,0,0,,,,0,0,0,0,0,0,0,,,,0,0,0,0,,,,,,8,0,0,,0,,0,,,,0
cg1084,cg1084,cgl2662,cgl2662,0,sampled_negative,unknown,0,0,0,0,0,,,0,0,0,0,,0,0,,0,0,0,0,,,,0,1,1,0,0,0,0,,,,0,0,0,0,,,,,,8,0,1,,0,,0,,,,0
cg1585,cg1585,cgr1102,cgr1102,0,sampled_negative,unknown,0,0,0,0,0,,,0,0,0,0,,0,0,,0,0,0,0,,,,0,0,0,0,0,0,0,,,,0,0,0,0,,,,,,8,0,1,,0,,0,,,,0
cg2831,cg2831,cgl1832,cgl1832,0,sampled_negative,unknown,0,0,0,0,0,,,0,0,0,0,,0,0,,0,0,0,0,,,,0,1,1,0,0,0,0,,,,0,0,0,0,,,,,,8,0,2,,0,,0,,,,0
cg3420,cg3420,cgl1921,cgl1921,0,sampled_negative,unknown,0,0,0,0,0,,,0,0,0,0,,0,0,,0,0,0,0,,,,0,11,6,0,0,0,0,,,,0,0,0,0,,,,,,8,0,0,,0,ECF_sigma,0,,,,0
cg2737,cg2737,cg1377,cg1377,0,sampled_negative,unknown,0,0,0,0,0,,,0,0,0,0,,0,0,,0,0,0,0,,,,0,92,7,0,0,0,0,,,,0,0,0,0,,,,,,8,0,0,,0,,0,,,,0
cg1324,cg1324,cgl0030,cgl0030,0,sampled_negative,unknown,0,0,0,0,0,,,0,0,0,0,,0,0,,0,0,0,0,,,,0,8,6,0,0,0,0,,,,2,0,0,0,,,,,,8,0,0,,0,,0,,,,0
cg1032,cg1032,cgl0271,cgl0271,0,sampled_negative,unknown,0,0,0,0,0,,,0,0,0,0,,0,0,,0,0,0,0,,,,0,2,1,0,0,0,0,,,,0,0,0,0,,,,,,8,0,2,,0,,0,,,,0
cg1831,cg1831,cgl1916,cgl1916,0,sampled_negative,unknown,0,0,0,0,0,,,0,0,0,0,,0,0,,0,0,0,0,,,,0,2,2,0,0,0,0,,,,0,0,0,0,,,,,,8,0,0,,0,,0,,,,0
cg0500,cg0500,lcl_nc_006958_1_prot_wp_003856418_1_1988,lcl_nc_006958_1_prot_wp_003856418_1_1988,0,sampled_negative,unknown,0,0,0,0,0,,,0,0,0,0,,0,0,,0,0,0,0,,,,0,2,1,0,0,0,0,,,,0,0,0,0,,,,,,8,0,0,,0,,0,,,,0
cg2118,cg2118,cgl0675,cgl0675,0,sampled_negative,unknown,0,0,0,0,0,,,0,0,0,0,,0,0,,0,0,0,0,,,,0,2,2,0,0,0,0,,,,0,0,0,0,,,,,,8,0,0,,0,,0,,,,0
cg0371,cg0371,cgl0706,cgl0706,0,sampled_negative,unknown,0,0,0,0,0,,,0,0,0,0,,0,0,,0,0,0,0,,,,0,13,2,0,0,0,0,,,,0,0,0,0,,,,,,8,0,0,,0,,0,,,,0
cg2894,cg2894,cg0548,cg0548,0,sampled_negative,unknown,0,0,0,0,0,,,0,0,0,0,,0,0,,0,0,0,0,,,,0,6,6,0,0,0,0,,,,0,0,0,0,,,,,,8,0,1,,0,,0,,,,0
gntr1,gntr1,cgl0344,cgl0344,0,sampled_negative,unknown,0,0,0,0,0,,,0,0,0,0,,0,0,,0,0,0,0,,,,0,13,2,0,0,0,0,,,,0,0,0,0,,,,,,8,0,0,,0,,0,,,,0
cg2115,cg2115,cgrfwd15123,cgrfwd15123,0,sampled_negative,unknown,0,0,0,0,0,,,0,0,0,0,,0,0,,0,0,0,0,,,,0,0,0,0,0,0,0,,,,0,0,0,0,,,,,,8,0,0,,0,,0,,,,0
cg3388,cg3388,cgrrev07965,cgrrev07965,0,sampled_negative,unknown,0,0,0,0,0,,,0,0,0,0,,0,0,,0,0,0,0,,,,0,0,0,0,0,0,0,,,,0,0,0,0,,,,,,8,0,0,,0,,0,,,,0
cg2942,cg2942,lcl_nc_006958_1_prot_wp_011013534_1_283,lcl_nc_006958_1_prot_wp_011013534_1_283,0,sampled_negative,unknown,0,0,0,0,0,,,0,0,0,0,,0,0,,0,0,0,0,,,,0,11,2,0,0,0,0,,,,0,0,0,0,,,,,,8,0,0,,0,,0,,,,0
cg0979,cg0979,cg1436,cg1436,0,sampled_negative,unknown,0,0,0,0,0,,,0,0,0,0,,0,0,,0,0,0,0,,,,0,12,6,0,0,0,0,,,,0,0,0,0,,,,,,8,0,1,,0,,0,,,,0
cg0350,cg0350,cgl1257,cgl1257,0,sampled_negative,unknown,0,0,0,0,0,,,0,0,0,0,,0,0,,0,0,0,0,,,,0,4,1,0,0,0,0,,,,0,0,0,0,,,,,,8,0,0,,0,,0,,,,0
cg3388,cg3388,cg1044,cg1044,0,sampled_negative,unknown,0,0,0,0,0,,,0,0,0,0,,0,0,,0,0,0,0,,,,0,1,1,0,0,0,0,,,,0,0,0,0,,,,,,8,0,0,,0,,0,,,,0
cg1053,cg1053,lcl_nc_006958_1_prot_wp_041625656_1_1114,lcl_nc_006958_1_prot_wp_041625656_1_1114,0,sampled_negative,unknown,0,0,0,0,0,,,0,0,0,0,,0,0,,0,0,0,0,,,,0,1,1,0,0,0,0,,,,0,0,0,0,,,,,,8,0,0,,0,,0,,,,0
cg3239,cg3239,lcl_nc_006958_1_prot_wp_011014488_1_1578,lcl_nc_006958_1_prot_wp_011014488_1_1578,0,sampled_negative,unknown,0,0,0,0,0,,,0,0,0,0,,0,0,,0,0,0,0,,,,0,1,1,0,0,0,0,,,,0,0,0,0,,,,,,8,0,1,,0,,0,,,,0
cg3224,cg3224,lcl_nc_006958_1_prot_wp_011015405_1_2689,lcl_nc_006958_1_prot_wp_011015405_1_2689,0,sampled_negative,unknown,0,0,0,0,0,,,0,0,0,0,,0,0,,0,0,0,0,,,,0,3,1,0,0,0,0,,,,0,0,0,0,,,,,,8,0,1,,0,,0,,,,0
cg3388,cg3388,lcl_nc_006958_1_prot_wp_011014133_1_1085,lcl_nc_006958_1_prot_wp_011014133_1_1085,0,sampled_negative,unknown,0,0,0,0,0,,,0,0,0,0,,0,0,,0,0,0,0,,,,0,1,1,0,0,0,0,,,,0,0,0,0,,,,,,8,0,0,,0,,0,,,,0
cg0463,cg0463,cgl1951,cgl1951,0,sampled_negative,unknown,0,0,0,0,0,,,0,0,0,0,,0,0,,0,0,0,0,,,,0,6,6,0,0,0,0,,,,0,0,0,0,,,,,,8,0,0,,0,,0,,,,0
cg0337,cg0337,cgrfwd13084,cgrfwd13084,0,sampled_negative,unknown,0,0,0,0,0,,,0,0,0,0,,0,0,,0,0,0,0,,,,0,0,0,0,0,0,0,,,,0,0,0,0,,,,,,8,0,0,,0,,0,,,,0
cg1817,cg1817,cg2113,cg2113,0,sampled_negative,unknown,0,0,0,0,0,,,0,0,0,0,,0,0,,0,0,0,0,,,,0,0,0,0,0,0,0,,,,6,0,0,0,,,,,,8,0,0,,0,,0,,,,0
cg1271,cg1271,lcl_nc_006958_1_prot_wp_003855300_1_2953,lcl_nc_006958_1_prot_wp_003855300_1_2953,0,sampled_negative,unknown,0,0,0,0,0,,,0,0,0,0,,0,0,,0,0,0,0,,,,0,1,1,0,0,0,0,,,,0,0,0,0,,,,,,8,0,0,,0,ECF_sigma,0,,,,0
cg1053,cg1053,ncgl2384,ncgl2384,0,sampled_negative,unknown,0,0,0,0,0,,,0,0,0,0,,0,0,,0,0,0,0,,,,0,0,0,0,0,0,0,,,,0,0,0,0,,,,,,8,0,0,,0,,0,,,,0
cg0196,cg0196,ncgl0732,ncgl0732,0,sampled_negative,unknown,0,0,0,0,0,,,0,0,0,0,,0,0,,0,0,0,0,,,,0,0,0,0,0,0,0,,,,0,0,0,0,,,,,,8,0,0,,0,,0,,,,0
cg2112,cg2112,cg2851,cg2851,0,sampled_negative,unknown,0,0,0,0,0,,,0,0,0,0,,0,0,,0,0,0,0,,,,0,6,6,0,0,0,0,,,,1,0,0,0,,,,,,8,1,1,,0,,0,,,,0
cg1486,cg1486,cgrfwd09069,cgrfwd09069,0,sampled_negative,unknown,0,0,0,0,0,,,0,0,0,0,,0,0,,0,0,0,0,,,,0,0,0,0,0,0,0,,,,0,0,0,0,,,,,,8,0,0,,0,,0,,,,0
cg1218,cg1218,cgl0463,cgl0463,0,sampled_negative,unknown,0,0,0,0,0,,,0,0,0,0,,0,0,,0,0,0,0,,,,0,6,6,0,0,0,0,,,,2,0,0,0,,,,,,8,0,1,,0,,0,,,,0
cg3224,cg3224,cg2052,cg2052,0,sampled_negative,unknown,0,0,0,0,0,,,0,0,0,0,,0,0,,0,0,0,0,,,,0,0,0,0,0,0,0,,,,0,0,0,0,,,,,,8,0,1,,0,,0,,,,0
cg2888,cg2888,ncgl2491,ncgl2491,0,sampled_negative,unknown,0,0,0,0,0,,,0,0,0,0,,0,0,,0,0,0,0,,,,0,0,0,0,0,0,0,,,,0,0,0,0,,,,,,8,0,0,,0,,0,,,,0
cg2615,cg2615,cgl2083,cgl2083,0,sampled_negative,unknown,0,0,0,0,0,,,0,0,0,0,,0,0,,0,0,0,0,,,,0,1,1,0,0,0,0,,,,0,0,0,0,,,,,,8,0,1,,0,,0,,,,0
cg2641,cg2641,cgl2255,cgl2255,0,sampled_negative,unknown,0,0,0,0,0,,,0,0,0,0,,0,0,,0,0,0,0,,,,0,42,6,0,0,0,0,,,,0,0,0,0,,,,,,8,0,1,,0,,0,,,,0
cg1308,cg1308,ncgl2874,ncgl2874,0,sampled_negative,unknown,0,0,0,0,0,,,0,0,0,0,,0,0,,0,0,0,0,,,,0,0,0,0,0,0,0,,,,0,0,0,0,,,,,,8,0,0,,0,,0,,,,0
cg0343,cg0343,cgl0711,cgl0711,0,sampled_negative,unknown,0,0,0,0,0,,,0,0,0,0,,0,0,,0,0,0,0,,,,0,6,6,0,0,0,0,,,,0,0,0,0,,,,,,8,0,0,,0,,0,,,,0
cg2888,cg2888,cg0719,cg0719,0,sampled_negative,unknown,0,0,0,0,0,,,0,0,0,0,,0,0,,0,0,0,0,,,,0,0,0,0,0,0,0,,,,0,0,0,0,,,,,,8,1,0,,0,,0,,,,0
cg0146,cg0146,cgl1512,cgl1512,0,sampled_negative,unknown,0,0,0,0,0,,,0,0,0,0,,0,0,,0,0,0,0,,,,0,6,6,0,0,0,0,,,,0,0,0,0,,,,,,8,0,0,,1,,0,,,,0
cg1053,cg1053,cg1869,cg1869,0,sampled_negative,unknown,0,0,0,0,0,,,0,0,0,0,,0,0,,0,0,0,0,,,,0,1,1,0,0,0,0,,,,0,0,0,0,,,,,,8,0,0,,0,,0,,,,0
cg0313,cg0313,lcl_nc_006958_1_prot_wp_011015188_1_2403,lcl_nc_006958_1_prot_wp_011015188_1_2403,0,sampled_negative,unknown,0,0,0,0,0,,,0,0,0,0,,0,0,,0,0,0,0,,,,0,1,1,0,0,0,0,,,,0,0,0,0,,,,,,8,0,0,,0,,0,,,,0
cg0112,cg0112,lcl_nc_006958_1_prot_wp_011014160_1_1120,lcl_nc_006958_1_prot_wp_011014160_1_1120,0,sampled_negative,unknown,0,0,0,0,0,,,0,0,0,0,,0,0,,0,0,0,0,,,,0,1,1,0,0,0,0,,,,1,0,0,0,,,,,,8,0,0,,0,,0,,,,0
cg0313,cg0313,ncgl0829,ncgl0829,0,sampled_negative,unknown,0,0,0,0,0,,,0,0,0,0,,0,0,,0,0,0,0,,,,0,0,0,0,0,0,0,,,,0,0,0,0,,,,,,8,0,0,,0,,0,,,,0
cg0012,cg0012,cg0202,cg0202,0,sampled_negative,unknown,0,0,0,0,0,,,0,0,0,0,,0,0,,0,0,0,0,,,,0,7,7,0,0,0,0,,,,0,0,0,0,,,,,,8,1,1,,0,Group_1_sigma,0,,,,0
cg0156,cg0156,cgl0087,cgl0087,0,sampled_negative,unknown,0,0,0,0,0,,,0,0,0,0,,0,0,,0,0,0,0,,,,0,11,6,0,0,0,0,,,,1,0,0,0,,,,,,8,0,0,,0,,0,,,,0
cg3388,cg3388,cg1203,cg1203,0,sampled_negative,unknown,0,0,0,0,0,,,0,0,0,0,,0,0,,0,0,0,0,,,,0,1,1,0,0,0,0,,,,0,0,0,0,,,,,,8,1,0,,0,,0,,,,0
cg1308,cg1308,cgrrev01467,cgrrev01467,0,sampled_negative,unknown,0,0,0,0,0,,,0,0,0,0,,0,0,,0,0,0,0,,,,0,0,0,0,0,0,0,,,,0,0,0,0,,,,,,8,0,0,,0,,0,,,,0
cg0646,cg0646,cg2870,cg2870,0,sampled_negative,unknown,0,0,0,0,0,,,0,0,0,0,,0,0,,0,0,0,0,,,,0,6,6,0,0,0,0,,,,0,0,0,0,,,,,,8,0,1,,0,,0,,,,0
cg1308,cg1308,cgrfwd18018,cgrfwd18018,0,sampled_negative,unknown,0,0,0,0,0,,,0,0,0,0,,0,0,,0,0,0,0,,,,0,0,0,0,0,0,0,,,,0,0,0,0,,,,,,8,0,0,,0,,0,,,,0
cg0702,cg0702,ncgl2216,ncgl2216,0,sampled_negative,unknown,0,0,0,0,0,,,0,0,0,0,,0,0,,0,0,0,0,,,,0,0,0,0,0,0,0,,,,6,0,0,0,,,,,,8,0,0,,0,,0,,,,0
cg0350,cg0350,cg2371,cg2371,0,sampled_negative,unknown,0,0,0,0,0,,,0,0,0,0,,0,0,,0,0,0,0,,,,0,6,6,0,0,0,0,,,,0,0,0,0,,,,,,8,0,0,,0,,0,,,,0
cg0112,cg0112,lcl_nc_006958_1_prot_wp_003863776_1_1387,lcl_nc_006958_1_prot_wp_003863776_1_1387,0,sampled_negative,unknown,0,0,0,0,0,,,0,0,0,0,,0,0,,0,0,0,0,,,,0,3,1,0,0,0,0,,,,1,0,0,0,,,,,,8,0,0,,0,,0,,,,0
cg0012,cg0012,cgl2580,cgl2580,0,sampled_negative,unknown,0,0,0,0,0,,,0,0,0,0,,0,0,,0,0,0,0,,,,0,6,6,0,0,0,0,,,,0,0,0,0,,,,,,8,0,1,,0,Group_1_sigma,0,,,,0
cg1271,cg1271,cg1032,cg1032,0,sampled_negative,unknown,0,0,0,0,0,,,0,0,0,0,,0,0,,0,0,0,0,,,,0,0,0,0,0,0,0,,,,0,0,0,0,,,,,,8,2,0,,0,ECF_sigma,0,,,,0
cg1211,cg1211,cg0834,cg0834,0,sampled_negative,unknown,0,0,0,0,0,,,0,0,0,0,,0,0,,0,0,0,0,,,,0,1,1,0,0,0,0,,,,0,0,0,0,,,,,,8,1,1,0.006192,0,,0,,,,0
cg1410,cg1410,cg0425,cg0425,0,sampled_negative,unknown,0,0,0,0,0,,,0,0,0,0,,0,0,,0,0,0,0,,,,0,1,1,0,0,0,0,,,,2,0,0,0,,,,,,8,0,0,,0,,0,,,,0
cg3315,cg3315,lcl_nc_006958_1_prot_wp_011014410_1_1465,lcl_nc_006958_1_prot_wp_011014410_1_1465,0,sampled_negative,unknown,0,0,0,0,0,,,0,0,0,0,,0,0,,0,0,0,0,,,,0,3,2,0,0,0,0,,,,0,0,0,0,,,,,,8,0,0,,0,,0,,,,0
cg1271,cg1271,cg3584,cg3584,0,sampled_negative,unknown,0,0,0,0,0,,,0,0,0,0,,0,0,,0,0,0,0,,,,0,6,6,0,0,0,0,,,,0,0,0,0,,,,,,8,0,0,,0,ECF_sigma,0,,,,0
cg2544,cg2544,cg2985,cg2985,0,sampled_negative,unknown,0,0,0,0,0,,,0,0,0,0,,0,0,,0,0,0,0,,,,0,6,6,0,0,0,0,,,,0,0,0,0,,,,,,8,0,0,,0,,0,,,,0
cg0463,cg0463,lcl_nc_006958_1_prot_wp_011013380_1_89,lcl_nc_006958_1_prot_wp_011013380_1_89,0,sampled_negative,unknown,0,0,0,0,0,,,0,0,0,0,,0,0,,0,0,0,0,,,,0,1,1,0,0,0,0,,,,0,0,0,0,,,,,,8,0,0,,0,,0,,,,0
cg3285,cg3285,cgl2444,cgl2444,0,sampled_negative,unknown,0,0,0,0,0,,,0,0,0,0,,0,0,,0,0,0,0,,,,0,3,1,0,0,0,0,,,,0,0,0,0,,,,,,8,0,1,,0,,0,,,,0
cg2737,cg2737,cg1403,cg1403,0,sampled_negative,unknown,0,0,0,0,0,,,0,0,0,0,,0,0,,0,0,0,0,,,,0,5,5,0,0,0,0,,,,0,0,0,0,,,,,,8,0,0,,0,,0,,,,0
cg1053,cg1053,cg3284,cg3284,0,sampled_negative,unknown,0,0,0,0,0,,,0,0,0,0,,0,0,,0,0,0,0,,,,0,0,0,0,0,0,0,,,,0,0,0,0,,,,,,8,1,0,,0,,0,,,,0
cg2500,cg2500,cgl0061,cgl0061,0,sampled_negative,unknown,0,0,0,0,0,,,0,0,0,0,,0,0,,0,0,0,0,,,,0,6,6,0,0,0,0,,,,0,0,0,0,,,,,,8,0,0,,0,,0,,,,0
cg2766,cg2766,cgl2370,cgl2370,0,sampled_negative,unknown,0,0,0,0,0,,,0,0,0,0,,0,0,,0,0,0,0,,,,0,88,6,0,0,0,0,,,,0,0,0,0,,,,,,8,0,0,,1,,0,,,,0
cg2092,cg2092,lcl_nc_006958_1_prot_wp_011015547_1_2855,lcl_nc_006958_1_prot_wp_011015547_1_2855,0,sampled_negative,unknown,0,0,0,0,0,,,0,0,0,0,,0,0,,0,0,0,0,,,,0,1,1,0,0,0,0,,,,0,0,0,0,,,,,,8,0,1,,0,,0,,,,0
cg1765,cg1765,cgrfwd14740,cgrfwd14740,0,sampled_negative,unknown,0,0,0,0,0,,,0,0,0,0,,0,0,,0,0,0,0,,,,0,0,0,0,0,0,0,,,,0,0,0,0,,,,,,8,0,1,,0,,0,,,,0
cg1218,cg1218,cgtrna_3558,cgtrna_3558,0,sampled_negative,unknown,0,0,0,0,0,,,0,0,0,0,,0,0,,0,0,0,0,,,,0,6,6,0,0,0,0,,,,2,0,0,0,,,,,,8,0,1,,0,,0,,,,0
cg0800,cg0800,cg2883,cg2883,0,sampled_negative,unknown,0,0,0,0,0,,,0,0,0,0,,0,0,,0,0,0,0,,,,0,0,0,0,0,0,0,,,,0,0,0,0,,,,,,8,0,0,,0,,0,,,,0
cg1792,cg1792,cg0781,cg0781,0,sampled_negative,unknown,0,0,0,0,0,,,0,0,0,0,,0,0,,0,0,0,0,,,,0,0,0,0,0,0,0,,,,1,0,0,0,,,,,,8,0,0,,0,,0,,,,0
cg3097,cg3097,cgl0333,cgl0333,0,sampled_negative,unknown,0,0,0,0,0,,,0,0,0,0,,0,0,,0,0,0,0,,,,0,6,6,0,0,0,0,,,,0,0,0,0,,,,,,8,0,1,,0,,0,,,,0
cg1084,cg1084,cgl0595,cgl0595,0,sampled_negative,unknown,0,0,0,0,0,,,0,0,0,0,,0,0,,0,0,0,0,,,,0,1,1,0,0,0,0,,,,0,0,0,0,,,,,,8,0,1,,0,,0,,,,0
cg0986,cg0986,cgl0913,cgl0913,0,sampled_negative,unknown,0,0,0,0,0,,,0,0,0,0,,0,0,,0,0,0,0,,,,0,19,7,0,0,0,0,,,,0,0,0,0,,,,,,8,0,0,,0,,0,,,,0
cg3420,cg3420,cg1943,cg1943,0,sampled_negative,unknown,0,0,0,0,0,,,0,0,0,0,,0,0,,0,0,0,0,,,,0,0,0,0,0,0,0,,,,0,0,0,0,,,,,,8,0,0,,0,ECF_sigma,0,,,,0
cg1032,cg1032,cgtrna_3576,cgtrna_3576,0,sampled_negative,unknown,0,0,0,0,0,,,0,0,0,0,,0,0,,0,0,0,0,,,,0,1,1,0,0,0,0,,,,0,0,0,0,,,,,,8,0,2,,0,,0,,,,0
cg2115,cg2115,ncgl2466,ncgl2466,0,sampled_negative,unknown,0,0,0,0,0,,,0,0,0,0,,0,0,,0,0,0,0,,,,0,0,0,0,0,0,0,,,,0,0,0,0,,,,,,8,0,0,,0,,0,,,,0
cg0215,cg0215,cg0965,cg0965,0,sampled_negative,unknown,0,0,0,0,0,,,0,0,0,0,,0,0,,0,0,0,0,,,,0,12,7,0,0,0,0,,,,0,0,0,0,,,,,,8,1,0,,0,,0,,,,0
cg1765,cg1765,cg2675,cg2675,0,sampled_negative,unknown,0,0,0,0,0,,,0,0,0,0,,0,0,,0,0,0,0,,,,0,2,1,0,0,0,0,,,,0,0,0,0,,,,,,8,1,1,,0,,0,,,,0
cg0993,cg0993,lcl_nc_006958_1_prot_wp_011013978_1_898,lcl_nc_006958_1_prot_wp_011013978_1_898,0,sampled_negative,unknown,0,0,0,0,0,,,0,0,0,0,,0,0,,0,0,0,0,,,,0,1,1,0,0,0,0,,,,0,0,0,0,,,,,,8,0,2,,0,,0,,,,0
cg0862,cg0862,cg2835,cg2835,0,sampled_negative,unknown,0,0,0,0,0,,,0,0,0,0,,0,0,,0,0,0,0,,,,0,0,0,0,0,0,0,,,,0,0,0,0,,,,,,8,1,0,,0,,0,,,,0
cg0527,cg0527,lcl_nc_006958_1_prot_wp_011265464_1_115,lcl_nc_006958_1_prot_wp_011265464_1_115,0,sampled_negative,unknown,0,0,0,0,0,,,0,0,0,0,,0,0,,0,0,0,0,,,,0,1,1,0,0,0,0,,,,15,0,0,0,,,,,,8,0,1,,0,,0,,,,0
cg1486,cg1486,cgl0251,cgl0251,0,sampled_negative,unknown,0,0,0,0,0,,,0,0,0,0,,0,0,,0,0,0,0,,,,0,11,6,0,0,0,0,,,,0,0,0,0,,,,,,8,0,0,,0,,0,,,,0
cg3239,cg3239,cgl2188,cgl2188,0,sampled_negative,unknown,0,0,0,0,0,,,0,0,0,0,,0,0,,0,0,0,0,,,,0,1,1,0,0,0,0,,,,0,0,0,0,,,,,,8,0,1,,0,,0,,,,0
cg2910,cg2910,ncgl0377,ncgl0377,0,sampled_negative,unknown,0,0,0,0,0,,,0,0,0,0,,0,0,,0,0,0,0,,,,0,0,0,0,0,0,0,,,,0,0,0,0,,,,,,8,0,0,,0,,0,,,,0
cg1308,cg1308,lcl_nc_006958_1_prot_wp_011015199_1_2420,lcl_nc_006958_1_prot_wp_011015199_1_2420,0,sampled_negative,unknown,0,0,0,0,0,,,0,0,0,0,,0,0,,0,0,0,0,,,,0,1,1,0,0,0,0,,,,0,0,0,0,,,,,,8,0,0,,0,,0,,,,0
cg2200,cg2200,cg1366,cg1366,0,sampled_negative,unknown,0,0,0,0,0,,,0,0,0,0,,0,0,,0,0,0,0,,,,0,11,6,0,0,0,0,,,,0,0,0,0,,,,,,8,0,1,,0,,0,,,,0
cg3261,cg3261,lcl_nc_006958_1_prot_wp_003861894_1_1935,lcl_nc_006958_1_prot_wp_003861894_1_1935,0,sampled_negative,unknown,0,0,0,0,0,,,0,0,0,0,,0,0,,0,0,0,0,,,,0,1,1,0,0,0,0,,,,0,0,0,0,,,,,,8,0,0,,0,,0,,,,0
cg0696,cg0696,cgl2346,cgl2346,0,sampled_negative,unknown,0,0,0,0,0,,,0,0,0,0,,0,0,,0,0,0,0,,,,0,1,1,0,0,0,0,,,,0,0,0,0,,,,,,8,0,1,,0,,0,,,,0
cg2115,cg2115,cgrfwd18338,cgrfwd18338,0,sampled_negative,unknown,0,0,0,0,0,,,0,0,0,0,,0,0,,0,0,0,0,,,,0,0,0,0,0,0,0,,,,0,0,0,0,,,,,,8,0,0,,0,,0,,,,0
cg0146,cg0146,cgrfwd13767,cgrfwd13767,0,sampled_negative,unknown,0,0,0,0,0,,,0,0,0,0,,0,0,,0,0,0,0,,,,0,0,0,0,0,0,0,,,,0,0,0,0,,,,,,8,0,0,,1,,0,,,,0
cg1271,cg1271,cgrfwd17901,cgrfwd17901,0,sampled_negative,unknown,0,0,0,0,0,,,0,0,0,0,,0,0,,0,0,0,0,,,,0,0,0,0,0,0,0,,,,0,0,0,0,,,,,,8,0,0,,0,ECF_sigma,0,,,,0
cg2615,cg2615,cg1528,cg1528,0,sampled_negative,unknown,0,0,0,0,0,,,0,0,0,0,,0,0,,0,0,0,0,,,,0,1,1,0,0,0,0,,,,0,0,0,0,,,,,,8,0,1,,0,,0,,,,0
cg2112,cg2112,cgl1462,cgl1462,0,sampled_negative,unknown,0,0,0,0,0,,,0,0,0,0,,0,0,,0,0,0,0,,,,0,6,6,0,0,0,0,,,,1,0,0,0,,,,,,8,0,1,,0,,0,,,,0
cg2114,cg2114,cg1649,cg1649,0,sampled_negative,unknown,0,0,0,0,0,,,0,0,0,0,,0,0,,0,0,0,0,,,,0,90,6,0,0,0,0,,,,0,0,0,0,,,,,,8,0,0,,0,,0,,,,0
cg1765,cg1765,cg1540,cg1540,0,sampled_negative,unknown,0,0,0,0,0,,,0,0,0,0,,0,0,,0,0,0,0,,,,0,1,1,0,0,0,0,,,,0,0,0,0,,,,,,8,1,1,,0,,0,,,,0
cg0897,cg0897,lcl_nc_006958_1_prot_wp_003863574_1_721,lcl_nc_006958_1_prot_wp_003863574_1_721,0,sampled_negative,unknown,0,0,0,0,0,,,0,0,0,0,,0,0,,0,0,0,0,,,,0,2,1,0,0,0,0,,,,0,0,0,0,,,,,,8,0,1,,0,,0,,,,0
cg1552,cg1552,lcl_nc_006958_1_prot_wp_080558841_1_2909,lcl_nc_006958_1_prot_wp_080558841_1_2909,0,sampled_negative,unknown,0,0,0,0,0,,,0,0,0,0,,0,0,,0,0,0,0,,,,0,1,1,0,0,0,0,,,,2,0,0,0,,,,,,8,0,0,,0,,0,,,,0
cg0709,cg0709,cgl0960,cgl0960,0,sampled_negative,unknown,0,0,0,0,0,,,0,0,0,0,,0,0,,0,0,0,0,,,,0,1,1,0,0,0,0,,,,0,0,0,0,,,,,,8,0,2,,0,,0,,,,0
cg0979,cg0979,cg2208,cg2208,0,sampled_negative,unknown,0,0,0,0,0,,,0,0,0,0,,0,0,,0,0,0,0,,,,0,6,6,0,0,0,0,,,,0,0,0,0,,,,,,8,1,1,,0,,0,,,,0
cg3373,cg3373,cg2902,cg2902,0,sampled_negative,unknown,0,0,0,0,0,,,0,0,0,0,,0,0,,0,0,0,0,,,,0,3,1,0,0,0,0,,,,0,0,0,0,,,,,,8,0,0,,0,,0,,,,0
cg2103,cg2103,cgrfwd04322,cgrfwd04322,0,sampled_negative,unknown,0,0,0,0,0,,,0,0,0,0,,0,0,,0,0,0,0,,,,0,0,0,0,0,0,0,,,,0,0,0,0,,,,,,8,0,0,,0,,0,,,,0
cg0090,cg0090,cg2451,cg2451,0,sampled_negative,unknown,0,0,0,0,0,,,0,0,0,0,,0,0,,0,0,0,0,,,,0,1,1,0,0,0,0,,,,1,0,0,0,,,,,,8,0,0,,1,,0,,,,0
cg0196,cg0196,cgl0206,cgl0206,0,sampled_negative,unknown,0,0,0,0,0,,,0,0,0,0,,0,0,,0,0,0,0,,,,0,2,1,0,0,0,0,,,,0,0,0,0,,,,,,8,0,0,,0,,0,,,,0
cg3373,cg3373,lcl_nc_006958_1_prot_wp_011014015_1_941,lcl_nc_006958_1_prot_wp_011014015_1_941,0,sampled_negative,unknown,0,0,0,0,0,,,0,0,0,0,,0,0,,0,0,0,0,,,,0,1,1,0,0,0,0,,,,0,0,0,0,,,,,,8,0,0,,0,,0,,,,0
cg2888,cg2888,cgrrev06590,cgrrev06590,0,sampled_negative,unknown,0,0,0,0,0,,,0,0,0,0,,0,0,,0,0,0,0,,,,0,0,0,0,0,0,0,,,,0,0,0,0,,,,,,8,0,0,,0,,0,,,,0
cg2309,cg2309,cgrfwd15123,cgrfwd15123,0,sampled_negative,unknown,0,0,0,0,0,,,0,0,0,0,,0,0,,0,0,0,0,,,,0,0,0,0,0,0,0,,,,0,0,0,0,,,,,,8,0,0,,0,,0,,,,0
cg1817,cg1817,cg2296,cg2296,0,sampled_negative,unknown,0,0,0,0,0,,,0,0,0,0,,0,0,,0,0,0,0,,,,0,6,6,0,0,0,0,,,,6,1,5,0,,,,,,8,0,0,,0,,0,,,,0
cg1738,cg1738,cg1787,cg1787,0,sampled_negative,unknown,0,0,0,0,0,,,0,0,0,0,,0,0,,0,0,0,0,,,,0,6,6,0,0,0,0,,,,0,0,0,0,,,,,,8,0,0,,0,,0,,,,0
cg1935,cg1935,cg3102,cg3102,0,sampled_negative,unknown,0,0,0,0,0,,,0,0,0,0,,0,0,,0,0,0,0,,,,0,6,6,0,0,0,0,,,,1,0,0,0,,,,,,8,1,1,,1,,0,,,,0
cg2103,cg2103,cg1608,cg1608,0,sampled_negative,unknown,0,0,0,0,0,,,0,0,0,0,,0,0,,0,0,0,0,,,,0,6,6,0,0,0,0,,,,0,0,0,0,,,,,,8,0,0,,0,,0,,,,0
cg2118,cg2118,lcl_nc_006958_1_prot_wp_011014303_1_1318,lcl_nc_006958_1_prot_wp_011014303_1_1318,0,sampled_negative,unknown,0,0,0,0,0,,,0,0,0,0,,0,0,,0,0,0,0,,,,0,2,1,0,0,0,0,,,,0,0,0,0,,,,,,8,0,0,,0,,0,,,,0
cg0309,cg0309,cgrfwd11097,cgrfwd11097,0,sampled_negative,unknown,0,0,0,0,0,,,0,0,0,0,,0,0,,0,0,0,0,,,,0,0,0,0,0,0,0,,,,0,0,0,0,,,,,,8,0,0,,0,,0,,,,0
cg3247,cg3247,cgl1093,cgl1093,0,sampled_negative,unknown,0,0,0,0,0,,,0,0,0,0,,0,0,,0,0,0,0,,,,0,18,7,0,0,0,0,,,,0,0,0,0,,,,,,8,0,0,,0,,0,,,,0
cg0090,cg0090,ncgl0268,ncgl0268,0,sampled_negative,unknown,0,0,0,0,0,,,0,0,0,0,,0,0,,0,0,0,0,,,,0,0,0,0,0,0,0,,,,1,0,0,0,,,,,,8,0,0,,1,,0,,,,0
cg2115,cg2115,lcl_nc_006958_1_prot_wp_011014921_1_2050,lcl_nc_006958_1_prot_wp_011014921_1_2050,0,sampled_negative,unknown,0,0,0,0,0,,,0,0,0,0,,0,0,,0,0,0,0,,,,0,1,1,0,0,0,0,,,,0,0,0,0,,,,,,8,0,0,,0,,0,,,,0
cg1846,cg1846,cgl2184,cgl2184,0,sampled_negative,unknown,0,0,0,0,0,,,0,0,0,0,,0,0,,0,0,0,0,,,,0,44,7,0,0,0,0,,,,0,0,0,0,,,,,,8,0,0,,0,,0,,,,0
cg2500,cg2500,lcl_nc_006958_1_prot_wp_011014232_1_1215,lcl_nc_006958_1_prot_wp_011014232_1_1215,0,sampled_negative,unknown,0,0,0,0,0,,,0,0,0,0,,0,0,,0,0,0,0,,,,0,3,1,0,0,0,0,,,,0,0,0,0,,,,,,8,0,0,,0,,0,,,,0
cg3388,cg3388,cg2619,cg2619,0,sampled_negative,unknown,0,0,0,0,0,,,0,0,0,0,,0,0,,0,0,0,0,,,,0,0,0,0,0,0,0,,,,0,0,0,0,,,,,,8,0,0,,0,,0,,,,0
cg2114,cg2114,cgl2702,cgl2702,0,sampled_negative,unknown,0,0,0,0,0,,,0,0,0,0,,0,0,,0,0,0,0,,,,0,6,6,0,0,0,0,,,,0,0,0,0,,,,,,8,0,0,,0,,0,,,,0
cg3420,cg3420,cg0764,cg0764,0,sampled_negative,unknown,0,0,0,0,0,,,0,0,0,0,,0,0,,0,0,0,0,,,,0,1,1,0,0,0,0,,,,0,0,0,0,,,,,,8,1,0,,0,ECF_sigma,0,,,,0
cg1340,cg1340,cg1550,cg1550,0,sampled_negative,unknown,0,0,0,0,0,,,0,0,0,0,,0,0,,0,0,0,0,,,,0,1,1,0,0,0,0,,,,0,0,0,0,,,,,,8,0,0,,0,,0,,,,0
cg2200,cg2200,srna,srna,0,sampled_negative,unknown,0,0,0,0,0,,,0,0,0,0,,0,0,,0,0,0,0,,,,0,0,0,0,0,0,0,,,,0,0,0,0,,,,,,8,0,1,,0,,0,,,,0
cg1053,cg1053,cgl0222,cgl0222,0,sampled_negative,unknown,0,0,0,0,0,,,0,0,0,0,,0,0,,0,0,0,0,,,,0,11,6,0,0,0,0,,,,0,0,0,0,,,,,,8,0,0,,0,,0,,,,0
cg3253,cg3253,lcl_nc_006958_1_prot_wp_003857230_1_111,lcl_nc_006958_1_prot_wp_003857230_1_111,0,sampled_negative,unknown,0,0,0,0,0,,,0,0,0,0,,0,0,,0,0,0,0,,,,0,2,1,0,0,0,0,,,,0,0,0,0,,,,,,8,0,1,,0,,0,,,,0
cg0313,cg0313,ncgl0840,ncgl0840,0,sampled_negative,unknown,0,0,0,0,0,,,0,0,0,0,,0,0,,0,0,0,0,,,,0,0,0,0,0,0,0,,,,0,0,0,0,,,,,,8,0,0,,0,,0,,,,0
cg0897,cg0897,cg1279,cg1279,0,sampled_negative,unknown,0,0,0,0,0,,,0,0,0,0,,0,0,,0,0,0,0,,,,0,0,0,0,0,0,0,,,,0,0,0,0,,,,,,8,0,1,,0,,0,,,,0
cg2200,cg2200,cg1475,cg1475,0,sampled_negative,unknown,0,0,0,0,0,,,0,0,0,0,,0,0,,0,0,0,0,,,,0,1,1,0,0,0,0,,,,0,0,0,0,,,,,,8,0,1,,0,,0,,,,0
cg2783,cg2783,lcl_nc_006958_1_prot_wp_003859211_1_2302,lcl_nc_006958_1_prot_wp_003859211_1_2302,0,sampled_negative,unknown,0,0,0,0,0,,,0,0,0,0,,0,0,,0,0,0,0,,,,0,1,1,0,0,0,0,,,,2,0,0,0,,,,,,8,0,0,,0,,0,,,,0
cg3285,cg3285,cgrrev06989,cgrrev06989,0,sampled_negative,unknown,0,0,0,0,0,,,0,0,0,0,,0,0,,0,0,0,0,,,,0,0,0,0,0,0,0,,,,0,0,0,0,,,,,,8,0,1,,0,,0,,,,0
cg0702,cg0702,ncgl0978,ncgl0978,0,sampled_negative,unknown,0,0,0,0,0,,,0,0,0,0,,0,0,,0,0,0,0,,,,0,0,0,0,0,0,0,,,,6,0,0,0,,,,,,8,0,0,,0,,0,,,,0
cg2766,cg2766,cgl1994,cgl1994,0,sampled_negative,unknown,0,0,0,0,0,,,0,0,0,0,,0,0,,0,0,0,0,,,,0,6,6,0,0,0,0,,,,0,0,0,0,,,,,,8,0,0,,1,,0,,,,0
cg0696,cg0696,cg2622,cg2622,0,sampled_negative,unknown,0,0,0,0,0,,,0,0,0,0,,0,0,,0,0,0,0,,,,0,0,0,0,0,0,0,,,,0,0,0,0,,,,,,8,0,1,,0,,0,,,,0
cg0463,cg0463,cg2240,cg2240,0,sampled_negative,unknown,0,0,0,0,0,,,0,0,0,0,,0,0,,0,0,0,0,,,,0,2,2,0,0,0,0,,,,0,0,0,0,,,,,,8,0,0,,0,,0,,,,0
cg2965,cg2965,cgrfwd08869,cgrfwd08869,0,sampled_negative,unknown,0,0,0,0,0,,,0,0,0,0,,0,0,,0,0,0,0,,,,0,0,0,0,0,0,0,,,,0,0,0,0,,,,,,8,0,0,,0,,0,,,,0
cg2766,cg2766,cgl2520,cgl2520,0,sampled_negative,unknown,0,0,0,0,0,,,0,0,0,0,,0,0,,0,0,0,0,,,,0,1,1,0,0,0,0,,,,0,0,0,0,,,,,,8,0,0,,1,,0,,,,0
cg2965,cg2965,cgrfwd05404,cgrfwd05404,0,sampled_negative,unknown,0,0,0,0,0,,,0,0,0,0,,0,0,,0,0,0,0,,,,0,0,0,0,0,0,0,,,,0,0,0,0,,,,,,8,0,0,,0,,0,,,,0
cg2114,cg2114,cgl0289,cgl0289,0,sampled_negative,unknown,0,0,0,0,0,,,0,0,0,0,,0,0,,0,0,0,0,,,,0,73,7,0,0,0,0,,,,0,0,0,0,,,,,,8,0,0,,0,,0,,,,0
cg2092,cg2092,cgl0806,cgl0806,0,sampled_negative,unknown,0,0,0,0,0,,,0,0,0,0,,0,0,,0,0,0,0,,,,0,2,1,0,0,0,0,,,,0,0,0,0,,,,,,8,0,1,,0,,0,,,,0
cg0862,cg0862,cg0717,cg0717,0,sampled_negative,unknown,0,0,0,0,0,,,0,0,0,0,,0,0,,0,0,0,0,,,,0,2,1,0,0,0,0,,,,0,0,0,0,,,,,,8,2,0,,0,,0,,,,0
cg0986,cg0986,cgl1200,cgl1200,0,sampled_negative,unknown,0,0,0,0,0,,,0,0,0,0,,0,0,,0,0,0,0,,,,0,1,1,0,0,0,0,,,,0,0,0,0,,,,,,8,0,0,,0,,0,,,,0
cg2103,cg2103,cg0103,cg0103,0,sampled_negative,unknown,0,0,0,0,0,,,0,0,0,0,,0,0,,0,0,0,0,,,,0,0,0,0,0,0,0,,,,0,0,0,0,,,,,,8,2,0,,0,,0,,,,0
cg0463,cg0463,lcl_nc_006958_1_prot_wp_011015115_1_2310,lcl_nc_006958_1_prot_wp_011015115_1_2310,0,sampled_negative,unknown,0,0,0,0,0,,,0,0,0,0,,0,0,,0,0,0,0,,,,0,1,1,0,0,0,0,,,,0,0,0,0,,,,,,8,0,0,,0,,0,,,,0
cg0051,cg0051,wp_011265565_1,wp_011265565_1,0,sampled_negative,unknown,0,0,0,0,0,,,0,0,0,0,,0,0,,0,0,0,0,,,,0,1,1,0,0,0,0,,,,3,0,0,0,,,,,,8,0,0,,0,,0,,,,0
cg2092,cg2092,ncgl1769,ncgl1769,0,sampled_negative,unknown,0,0,0,0,0,,,0,0,0,0,,0,0,,0,0,0,0,,,,0,0,0,0,0,0,0,,,,0,0,0,0,,,,,,8,0,1,,0,,0,,,,0
cg2115,cg2115,cgrrev07361,cgrrev07361,0,sampled_negative,unknown,0,0,0,0,0,,,0,0,0,0,,0,0,,0,0,0,0,,,,0,0,0,0,0,0,0,,,,0,0,0,0,,,,,,8,0,0,,0,,0,,,,0
cg0695,cg0695,cg0506,cg0506,0,sampled_negative,unknown,0,0,0,0,0,,,0,0,0,0,,0,0,,0,0,0,0,,,,0,6,6,0,0,0,0,,,,0,0,0,0,,,,,,8,0,1,,0,,0,,,,0
cg3315,cg3315,cg3208,cg3208,0,sampled_negative,unknown,0,0,0,0,0,,,0,0,0,0,,0,0,,0,0,0,0,,,,0,1,1,0,0,0,0,,,,0,0,0,0,,,,,,8,0,0,,0,,0,,,,0
cg2831,cg2831,cgrfwd02694,cgrfwd02694,0,sampled_negative,unknown,0,0,0,0,0,,,0,0,0,0,,0,0,,0,0,0,0,,,,0,0,0,0,0,0,0,,,,0,0,0,0,,,,,,8,0,2,,0,,0,,,,0
cg1211,cg1211,cg2313,cg2313,0,sampled_negative,unknown,0,0,0,0,0,,,0,0,0,0,,0,0,,0,0,0,0,,,,0,11,6,0,0,0,0,,,,0,0,0,0,,,,,,8,0,1,,0,,0,,,,0
cg3097,cg3097,cg1286,cg1286,0,sampled_negative,unknown,0,0,0,0,0,,,0,0,0,0,,0,0,,0,0,0,0,,,,0,1,1,0,0,0,0,,,,0,0,0,0,,,,,,8,0,1,,0,,0,,,,0
cg3261,cg3261,cg0745,cg0745,0,sampled_negative,unknown,0,0,0,0,0,,,0,0,0,0,,0,0,,0,0,0,0,,,,0,6,6,0,0,0,0,,,,0,0,0,0,,,,,,8,1,0,,0,,0,,,,0
cg0444,cg0444,cg2476,cg2476,0,sampled_negative,unknown,0,0,0,0,0,,,0,0,0,0,,0,0,,0,0,0,0,,,,0,1,1,0,0,0,0,,,,0,0,0,0,,,,,,8,0,1,,1,,0,,,,0
cg0800,cg0800,cgrrev07360,cgrrev07360,0,sampled_negative,unknown,0,0,0,0,0,,,0,0,0,0,,0,0,,0,0,0,0,,,,0,0,0,0,0,0,0,,,,0,0,0,0,,,,,,8,0,0,,0,,0,,,,0
cg2936,cg2936,cg0023,cg0023,0,sampled_negative,unknown,0,0,0,0,0,,,0,0,0,0,,0,0,,0,0,0,0,,,,0,2,1,0,0,0,0,,,,2,0,0,0,,,,,,8,0,0,,0,,0,,,,0
cg0215,cg0215,lcl_nc_006958_1_prot_wp_011015083_1_2268,lcl_nc_006958_1_prot_wp_011015083_1_2268,0,sampled_negative,unknown,0,0,0,0,0,,,0,0,0,0,,0,0,,0,0,0,0,,,,0,2,1,0,0,0,0,,,,0,0,0,0,,,,,,8,0,0,,0,,0,,,,0
cg2766,cg2766,cg1330,cg1330,0,sampled_negative,unknown,0,0,0,0,0,,,0,0,0,0,,0,0,,0,0,0,0,,,,0,6,6,0,0,0,0,,,,0,0,0,0,,,,,,8,0,0,,1,,0,,,,0
cg2118,cg2118,cgl0054,cgl0054,0,sampled_negative,unknown,0,0,0,0,0,,,0,0,0,0,,0,0,,0,0,0,0,,,,0,9,7,0,0,0,0,,,,0,0,0,0,,,,,,8,0,0,,0,,0,,,,0
cg2641,cg2641,cgtrna_3530,cgtrna_3530,0,sampled_negative,unknown,0,0,0,0,0,,,0,0,0,0,,0,0,,0,0,0,0,,,,0,6,6,0,0,0,0,,,,0,0,0,0,,,,,,8,0,1,,0,,0,,,,0
cg1704,cg1704,cg0857,cg0857,0,sampled_negative,unknown,0,0,0,0,0,,,0,0,0,0,,0,0,,0,0,0,0,,,,0,1,1,0,0,0,0,,,,0,0,0,0,,,,,,8,0,0,,0,,0,,,,0
cg1340,cg1340,cg0906,cg0906,0,sampled_negative,unknown,0,0,0,0,0,,,0,0,0,0,,0,0,,0,0,0,0,,,,0,1,1,0,0,0,0,,,,0,0,0,0,,,,,,8,0,0,,0,,0,,,,0
cg3261,cg3261,wp_011014125_1,wp_011014125_1,0,sampled_negative,unknown,0,0,0,0,0,,,0,0,0,0,,0,0,,0,0,0,0,,,,0,3,1,0,0,0,0,,,,0,0,0,0,,,,,,8,0,0,,0,,0,,,,0
cg1585,cg1585,lcl_nc_006958_1_prot_wp_011015172_1_2380,lcl_nc_006958_1_prot_wp_011015172_1_2380,0,sampled_negative,unknown,0,0,0,0,0,,,0,0,0,0,,0,0,,0,0,0,0,,,,0,2,1,0,0,0,0,,,,0,0,0,0,,,,,,8,0,1,,0,,0,,,,0
cg1053,cg1053,cgl0309,cgl0309,0,sampled_negative,unknown,0,0,0,0,0,,,0,0,0,0,,0,0,,0,0,0,0,,,,0,1,1,0,0,0,0,,,,0,0,0,0,,,,,,8,0,0,,0,,0,,,,0
cg2103,cg2103,cgl1604,cgl1604,0,sampled_negative,unknown,0,0,0,0,0,,,0,0,0,0,,0,0,,0,0,0,0,,,,0,12,6,0,0,0,0,,,,0,0,0,0,,,,,,8,0,0,,0,,0,,,,0
cg2268,cg2268,lcl_nc_006958_1_prot_wp_011015336_1_2602,lcl_nc_006958_1_prot_wp_011015336_1_2602,0,sampled_negative,unknown,0,0,0,0,0,,,0,0,0,0,,0,0,,0,0,0,0,,,,0,2,1,0,0,0,0,,,,2,1,1,0,,,,,,8,0,0,,0,,0,,,,0
cg2888,cg2888,cgl0228,cgl0228,0,sampled_negative,unknown,0,0,0,0,0,,,0,0,0,0,,0,0,,0,0,0,0,,,,0,21,9,0,0,0,0,,,,0,0,0,0,,,,,,8,0,0,,0,,0,,,,0
cg0343,cg0343,cgrrev09703,cgrrev09703,0,sampled_negative,unknown,0,0,0,0,0,,,0,0,0,0,,0,0,,0,0,0,0,,,,0,0,0,0,0,0,0,,,,0,0,0,0,,,,,,8,0,0,,0,,0,,,,0
cg2103,cg2103,ncgl0659,ncgl0659,0,sampled_negative,unknown,0,0,0,0,0,,,0,0,0,0,,0,0,,0,0,0,0,,,,0,0,0,0,0,0,0,,,,0,0,0,0,,,,,,8,0,0,,0,,0,,,,0
cg1218,cg1218,cgl0380,cgl0380,0,sampled_negative,unknown,0,0,0,0,0,,,0,0,0,0,,0,0,,0,0,0,0,,,,0,3,1,0,0,0,0,,,,2,0,0,0,,,,,,8,0,1,,0,,0,,,,0
gntr1,gntr1,cg1346,cg1346,0,sampled_negative,unknown,0,0,0,0,0,,,0,0,0,0,,0,0,,0,0,0,0,,,,0,7,7,0,0,0,0,,,,0,0,0,0,,,,,,8,0,0,,0,,0,,,,0
cg1861,cg1861,cg1081,cg1081,0,sampled_negative,unknown,0,0,0,0,0,,,0,0,0,0,,0,0,,0,0,0,0,,,,0,0,0,0,0,0,0,,,,12,0,0,0,,,,,,8,1,0,,0,,0,,,,0
cg1765,cg1765,cgrfwd11362,cgrfwd11362,0,sampled_negative,unknown,0,0,0,0,0,,,0,0,0,0,,0,0,,0,0,0,0,,,,0,0,0,0,0,0,0,,,,0,0,0,0,,,,,,8,0,1,,0,,0,,,,0
cg0646,cg0646,lcl_nc_006958_1_prot_wp_011015498_1_2793,lcl_nc_006958_1_prot_wp_011015498_1_2793,0,sampled_negative,unknown,0,0,0,0,0,,,0,0,0,0,,0,0,,0,0,0,0,,,,0,1,1,0,0,0,0,,,,0,0,0,0,,,,,,8,0,1,,0,,0,,,,0
cg3097,cg3097,cgrrev05647,cgrrev05647,0,sampled_negative,unknown,0,0,0,0,0,,,0,0,0,0,,0,0,,0,0,0,0,,,,0,0,0,0,0,0,0,,,,0,0,0,0,,,,,,8,0,1,,0,,0,,,,0
cg0878,cg0878,cgrfwd00605,cgrfwd00605,0,sampled_negative,unknown,0,0,0,0,0,,,0,0,0,0,,0,0,,0,0,0,0,,,,0,0,0,0,0,0,0,,,,0,0,0,0,,,,,,8,0,0,,0,,0,,,,0
cg0862,cg0862,cgl1051,cgl1051,0,sampled_negative,unknown,0,0,0,0,0,,,0,0,0,0,,0,0,,0,0,0,0,,,,0,2,1,0,0,0,0,,,,0,0,0,0,,,,,,8,0,0,,0,,0,,,,0
cg0019,cg0019,cg2902,cg2902,0,sampled_negative,unknown,0,0,0,0,0,,,0,0,0,0,,0,0,,0,0,0,0,,,,0,3,1,0,0,0,0,,,,0,0,0,0,,,,,,8,0,0,,0,,0,,,,0
cg0463,cg0463,cgrfwd15359,cgrfwd15359,0,sampled_negative,unknown,0,0,0,0,0,,,0,0,0,0,,0,0,,0,0,0,0,,,,0,0,0,0,0,0,0,,,,0,0,0,0,,,,,,8,0,0,,0,,0,,,,0
cg3285,cg3285,ncgl1614,ncgl1614,0,sampled_negative,unknown,0,0,0,0,0,,,0,0,0,0,,0,0,,0,0,0,0,,,,0,0,0,0,0,0,0,,,,0,0,0,0,,,,,,8,0,1,,0,,0,,,,0
cg1053,cg1053,lcl_nc_006958_1_prot_wp_003856609_1_2082,lcl_nc_006958_1_prot_wp_003856609_1_2082,0,sampled_negative,unknown,0,0,0,0,0,,,0,0,0,0,,0,0,,0,0,0,0,,,,0,1,1,0,0,0,0,,,,0,0,0,0,,,,,,8,0,0,,0,,0,,,,0
cg3253,cg3253,lcl_nc_006958_1_prot_wp_011013928_1_827,lcl_nc_006958_1_prot_wp_011013928_1_827,0,sampled_negative,unknown,0,0,0,0,0,,,0,0,0,0,,0,0,,0,0,0,0,,,,0,1,1,0,0,0,0,,,,0,0,0,0,,,,,,8,0,1,,0,,0,,,,0
cg0862,cg0862,cgtrna_3561,cgtrna_3561,0,sampled_negative,unknown,0,0,0,0,0,,,0,0,0,0,,0,0,,0,0,0,0,,,,0,6,6,0,0,0,0,,,,0,0,0,0,,,,,,8,0,0,,0,,0,,,,0
cg2737,cg2737,lcl_nc_006958_1_prot_wp_011015311_1_2563,lcl_nc_006958_1_prot_wp_011015311_1_2563,0,sampled_negative,unknown,0,0,0,0,0,,,0,0,0,0,,0,0,,0,0,0,0,,,,0,1,1,0,0,0,0,,,,0,0,0,0,,,,,,8,0,0,,0,,0,,,,0
cg2103,cg2103,cgrfwd08688,cgrfwd08688,0,sampled_negative,unknown,0,0,0,0,0,,,0,0,0,0,,0,0,,0,0,0,0,,,,0,0,0,0,0,0,0,,,,0,0,0,0,,,,,,8,0,0,,0,,0,,,,0
cg2115,cg2115,lcl_nc_006958_1_prot_wp_011013803_1_644,lcl_nc_006958_1_prot_wp_011013803_1_644,0,sampled_negative,unknown,0,0,0,0,0,,,0,0,0,0,,0,0,,0,0,0,0,,,,0,1,1,0,0,0,0,,,,0,0,0,0,,,,,,8,0,0,,0,,0,,,,0
cg2502,cg2502,cgl0175,cgl0175,0,sampled_negative,unknown,0,0,0,0,0,,,0,0,0,0,,0,0,,0,0,0,0,,,,0,11,2,0,0,0,0,,,,0,0,0,0,,,,,,8,0,0,,0,,0,,,,0
cg1831,cg1831,lcl_nc_006958_1_prot_wp_011015133_1_2331,lcl_nc_006958_1_prot_wp_011015133_1_2331,0,sampled_negative,unknown,0,0,0,0,0,,,0,0,0,0,,0,0,,0,0,0,0,,,,0,10,2,0,0,0,0,,,,0,0,0,0,,,,,,8,0,0,,0,,0,,,,0
cg2112,cg2112,cg0795,cg0795,0,sampled_negative,unknown,0,0,0,0,0,,,0,0,0,0,,0,0,,0,0,0,0,,,,0,0,0,0,0,0,0,,,,1,0,0,0,,,,,,8,0,1,,0,,0,,,,0
cg1324,cg1324,cgrfwd10161,cgrfwd10161,0,sampled_negative,unknown,0,0,0,0,0,,,0,0,0,0,,0,0,,0,0,0,0,,,,0,0,0,0,0,0,0,,,,2,0,0,0,,,,,,8,0,0,,0,,0,,,,0
cg1935,cg1935,ncgl2384,ncgl2384,0,sampled_negative,unknown,0,0,0,0,0,,,0,0,0,0,,0,0,,0,0,0,0,,,,0,0,0,0,0,0,0,,,,1,0,0,0,,,,,,8,0,1,,1,,0,,,,0
cg2516,cg2516,cg3099,cg3099,0,sampled_negative,unknown,0,0,0,0,0,,,0,0,0,0,,0,0,,0,0,0,0,,,,0,0,0,0,0,0,0,,,,0,0,0,0,,,,,,8,1,0,,0,,0,,,,0
cg2942,cg2942,cgrfwd17885,cgrfwd17885,0,sampled_negative,unknown,0,0,0,0,0,,,0,0,0,0,,0,0,,0,0,0,0,,,,0,0,0,0,0,0,0,,,,0,0,0,0,,,,,,8,0,0,,0,,0,,,,0
cg0986,cg0986,lcl_nc_006958_1_prot_wp_011265547_1_377,lcl_nc_006958_1_prot_wp_011265547_1_377,0,sampled_negative,unknown,0,0,0,0,0,,,0,0,0,0,,0,0,,0,0,0,0,,,,0,2,1,0,0,0,0,,,,0,0,0,0,,,,,,8,0,0,,0,,0,,,,0
cg3239,cg3239,cg0760,cg0760,0,sampled_negative,unknown,0,0,0,0,0,,,0,0,0,0,,0,0,,0,0,0,0,,,,0,11,6,0,0,0,0,,,,0,0,0,0,,,,,,8,1,1,,0,,0,,,,0
cg2092,cg2092,cg2716,cg2716,0,sampled_negative,unknown,0,0,0,0,0,,,0,0,0,0,,0,0,,0,0,0,0,,,,0,11,6,0,0,0,0,,,,0,0,0,0,,,,,,8,2,1,,0,,0,,,,0
cg3253,cg3253,cgl2329,cgl2329,0,sampled_negative,unknown,0,0,0,0,0,,,0,0,0,0,,0,0,,0,0,0,0,,,,0,1,1,0,0,0,0,,,,0,0,0,0,,,,,,8,0,1,,0,,0,,,,0
cg0051,cg0051,cg1541,cg1541,0,sampled_negative,unknown,0,0,0,0,0,,,0,0,0,0,,0,0,,0,0,0,0,,,,0,1,1,0,0,0,0,,,,3,0,0,0,,,,,,8,1,0,,0,,0,,,,0
cg0317,cg0317,lcl_nc_006958_1_prot_wp_003856385_1_1972,lcl_nc_006958_1_prot_wp_003856385_1_1972,0,sampled_negative,unknown,0,0,0,0,0,,,0,0,0,0,,0,0,,0,0,0,0,,,,0,1,1,0,0,0,0,,,,2,1,1,0,,,,,,8,0,0,,0,,0,,,,0
cg2942,cg2942,cg2512,cg2512,0,sampled_negative,unknown,0,0,0,0,0,,,0,0,0,0,,0,0,,0,0,0,0,,,,0,1,1,0,0,0,0,,,,0,0,0,0,,,,,,8,1,0,,0,,0,,,,0
cg2615,cg2615,cgl1316,cgl1316,0,sampled_negative,unknown,0,0,0,0,0,,,0,0,0,0,,0,0,,0,0,0,0,,,,0,23,7,0,0,0,0,,,,0,0,0,0,,,,,,8,0,1,,0,,0,,,,0
cg3224,cg3224,cgl0344,cgl0344,0,sampled_negative,unknown,0,0,0,0,0,,,0,0,0,0,,0,0,,0,0,0,0,,,,0,13,2,0,0,0,0,,,,0,0,0,0,,,,,,8,0,1,,0,,0,,,,0
cg3097,cg3097,cg2796,cg2796,0,sampled_negative,unknown,0,0,0,0,0,,,0,0,0,0,,0,0,,0,0,0,0,,,,0,11,6,0,0,0,0,,,,0,0,0,0,,,,,,8,0,1,,0,,0,,,,0
cg1648,cg1648,cgrfwd12178,cgrfwd12178,0,sampled_negative,unknown,0,0,0,0,0,,,0,0,0,0,,0,0,,0,0,0,0,,,,0,0,0,0,0,0,0,,,,0,0,0,0,,,,,,8,0,0,,0,,0,,,,0
cg0725,cg0725,cgrfwd01564,cgrfwd01564,0,sampled_negative,unknown,0,0,0,0,0,,,0,0,0,0,,0,0,,0,0,0,0,,,,0,0,0,0,0,0,0,,,,0,0,0,0,,,,,,8,0,1,,0,,0,,,,0
cg1704,cg1704,cgl0449,cgl0449,0,sampled_negative,unknown,0,0,0,0,0,,,0,0,0,0,,0,0,,0,0,0,0,,,,0,1,1,0,0,0,0,,,,0,0,0,0,,,,,,8,0,0,,0,,0,,,,0
cg3315,cg3315,cg0326,cg0326,0,sampled_negative,unknown,0,0,0,0,0,,,0,0,0,0,,0,0,,0,0,0,0,,,,0,40,8,0,0,0,0,,,,0,0,0,0,,,,,,8,0,0,,0,,0,,,,0
cg2888,cg2888,lcl_nc_006958_1_prot_wp_011013723_1_531,lcl_nc_006958_1_prot_wp_011013723_1_531,0,sampled_negative,unknown,0,0,0,0,0,,,0,0,0,0,,0,0,,0,0,0,0,,,,0,1,1,0,0,0,0,,,,0,0,0,0,,,,,,8,0,0,,0,,0,,,,0
cg2109,cg2109,cg3391,cg3391,0,sampled_negative,unknown,0,0,0,0,0,,,0,0,0,0,,0,0,,0,0,0,0,,,,0,11,6,0,0,0,0,,,,0,0,0,0,,,,,,8,0,1,,0,,0,,,,0
cg0090,cg0090,lcl_nc_006958_1_prot_wp_011013847_1_701,lcl_nc_006958_1_prot_wp_011013847_1_701,0,sampled_negative,unknown,0,0,0,0,0,,,0,0,0,0,,0,0,,0,0,0,0,,,,0,6,1,0,0,0,0,,,,1,0,0,0,,,,,,8,0,0,,1,,0,,,,0
cg1792,cg1792,cg1859,cg1859,0,sampled_negative,unknown,0,0,0,0,0,,,0,0,0,0,,0,0,,0,0,0,0,,,,0,1,1,0,0,0,0,,,,1,0,0,0,,,,,,8,0,0,,0,,0,,,,0
cg2783,cg2783,cgl2565,cgl2565,0,sampled_negative,unknown,0,0,0,0,0,,,0,0,0,0,,0,0,,0,0,0,0,,,,0,6,6,0,0,0,0,,,,2,0,0,0,,,,,,8,0,0,,0,,0,,,,0
cg2641,cg2641,cg2247,cg2247,0,sampled_negative,unknown,0,0,0,0,0,,,0,0,0,0,,0,0,,0,0,0,0,,,,0,0,0,0,0,0,0,,,,0,0,0,0,,,,,,8,0,1,,0,,0,,,,0
cg0695,cg0695,lcl_nc_006958_1_prot_wp_011013985_1_907,lcl_nc_006958_1_prot_wp_011013985_1_907,0,sampled_negative,unknown,0,0,0,0,0,,,0,0,0,0,,0,0,,0,0,0,0,,,,0,1,1,0,0,0,0,,,,0,0,0,0,,,,,,8,0,1,,0,,0,,,,0
cg1552,cg1552,lcl_nc_006958_1_prot_wp_011014930_1_2064,lcl_nc_006958_1_prot_wp_011014930_1_2064,0,sampled_negative,unknown,0,0,0,0,0,,,0,0,0,0,,0,0,,0,0,0,0,,,,0,3,1,0,0,0,0,,,,2,1,1,0,,,,,,8,0,0,,0,,0,,,,0
cg1032,cg1032,cgl1604,cgl1604,0,sampled_negative,unknown,0,0,0,0,0,,,0,0,0,0,,0,0,,0,0,0,0,,,,0,12,6,0,0,0,0,,,,0,0,0,0,,,,,,8,0,2,,0,,0,,,,0
cg1410,cg1410,cg1046,cg1046,0,sampled_negative,unknown,0,0,0,0,0,,,0,0,0,0,,0,0,,0,0,0,0,,,,0,1,1,0,0,0,0,,,,2,1,1,0,,,,,,8,0,0,,0,,0,,,,0
cg1704,cg1704,cgrrev03719,cgrrev03719,0,sampled_negative,unknown,0,0,0,0,0,,,0,0,0,0,,0,0,,0,0,0,0,,,,0,0,0,0,0,0,0,,,,0,0,0,0,,,,,,8,0,0,,0,,0,,,,0
cg2936,cg2936,cg0029,cg0029,0,sampled_negative,unknown,0,0,0,0,0,,,0,0,0,0,,0,0,,0,0,0,0,,,,0,5,3,0,0,0,0,,,,2,1,1,0,,,,,,8,0,0,,0,,0,,,,0
cg2152,cg2152,cg1910,cg1910,0,sampled_negative,unknown,0,0,0,0,0,,,0,0,0,0,,0,0,,0,0,0,0,,,,0,3,1,0,0,0,0,,,,0,0,0,0,,,,,,8,0,0,,0,,0,,,,0
cg1211,cg1211,lcl_nc_006958_1_prot_wp_003859440_1_2180,lcl_nc_006958_1_prot_wp_003859440_1_2180,0,sampled_negative,unknown,0,0,0,0,0,,,0,0,0,0,,0,0,,0,0,0,0,,,,0,1,1,0,0,0,0,,,,0,0,0,0,,,,,,8,0,1,,0,,0,,,,0
cg0565,cg0565,cg3096,cg3096,0,sampled_negative,unknown,0,0,0,0,0,,,0,0,0,0,,0,0,,0,0,0,0,,,,0,6,6,0,0,0,0,,,,0,0,0,0,,,,,,8,1,1,,0,,0,,,,0
cg0313,cg0313,cgl0322,cgl0322,0,sampled_negative,unknown,0,0,0,0,0,,,0,0,0,0,,0,0,,0,0,0,0,,,,0,4,1,0,0,0,0,,,,0,0,0,0,,,,,,8,0,0,,0,,0,,,,0
cg1218,cg1218,cgtrna_3555,cgtrna_3555,0,sampled_negative,unknown,0,0,0,0,0,,,0,0,0,0,,0,0,,0,0,0,0,,,,0,1,1,0,0,0,0,,,,2,0,0,0,,,,,,8,0,1,,0,,0,,,,0
cg0878,cg0878,cgl0261,cgl0261,0,sampled_negative,unknown,0,0,0,0,0,,,0,0,0,0,,0,0,,0,0,0,0,,,,0,2,2,0,0,0,0,,,,0,0,0,0,,,,,,8,0,0,,0,,0,,,,0
cg0337,cg0337,lcl_nc_006958_1_prot_wp_003859635_1_2107,lcl_nc_006958_1_prot_wp_003859635_1_2107,0,sampled_negative,unknown,0,0,0,0,0,,,0,0,0,0,,0,0,,0,0,0,0,,,,0,1,1,0,0,0,0,,,,0,0,0,0,,,,,,8,0,0,,0,,0,,,,0
cg3239,cg3239,cgtrna_3530,cgtrna_3530,0,sampled_negative,unknown,0,0,0,0,0,,,0,0,0,0,,0,0,,0,0,0,0,,,,0,6,6,0,0,0,0,,,,0,0,0,0,,,,,,8,0,1,,0,,0,,,,0
cg3224,cg3224,cgl2537,cgl2537,0,sampled_negative,unknown,0,0,0,0,0,,,0,0,0,0,,0,0,,0,0,0,0,,,,0,18,6,0,0,0,0,,,,0,0,0,0,,,,,,8,0,1,,0,,0,,,,0
cg0215,cg0215,cgrrev10199,cgrrev10199,0,sampled_negative,unknown,0,0,0,0,0,,,0,0,0,0,,0,0,,0,0,0,0,,,,0,0,0,0,0,0,0,,,,0,0,0,0,,,,,,8,0,0,,0,,0,,,,0
cg3239,cg3239,cg0736,cg0736,0,sampled_negative,unknown,0,0,0,0,0,,,0,0,0,0,,0,0,,0,0,0,0,,,,0,6,6,0,0,0,0,,,,0,0,0,0,,,,,,8,1,1,,0,,0,,,,0
cg1324,cg1324,cgrrev06067,cgrrev06067,0,sampled_negative,unknown,0,0,0,0,0,,,0,0,0,0,,0,0,,0,0,0,0,,,,0,0,0,0,0,0,0,,,,2,0,0,0,,,,,,8,0,0,,0,,0,,,,0
cg2118,cg2118,cgl2609,cgl2609,0,sampled_negative,unknown,0,0,0,0,0,,,0,0,0,0,,0,0,,0,0,0,0,,,,0,2,1,0,0,0,0,,,,0,0,0,0,,,,,,8,0,0,,0,,0,,,,0
cg2888,cg2888,cg2202,cg2202,0,sampled_negative,unknown,0,0,0,0,0,,,0,0,0,0,,0,0,,0,0,0,0,,,,0,0,0,0,0,0,0,,,,0,0,0,0,,,,,,8,0,0,,0,,0,,,,0
cg0527,cg0527,lcl_nc_006958_1_prot_wp_011014455_1_1528,lcl_nc_006958_1_prot_wp_011014455_1_1528,0,sampled_negative,unknown,0,0,0,0,0,,,0,0,0,0,,0,0,,0,0,0,0,,,,0,1,1,0,0,0,0,,,,15,0,0,0,,,,,,8,0,1,,0,,0,,,,0
cg2109,cg2109,cg0821,cg0821,0,sampled_negative,unknown,0,0,0,0,0,,,0,0,0,0,,0,0,,0,0,0,0,,,,0,1,1,0,0,0,0,,,,0,0,0,0,,,,,,8,0,1,,0,,0,,,,0
cg0862,cg0862,cg1143,cg1143,0,sampled_negative,unknown,0,0,0,0,0,,,0,0,0,0,,0,0,,0,0,0,0,,,,0,0,0,0,0,0,0,,,,0,0,0,0,,,,,,8,0,0,,0,,0,,,,0
gntr1,gntr1,cg2479,cg2479,0,sampled_negative,unknown,0,0,0,0,0,,,0,0,0,0,,0,0,,0,0,0,0,,,,0,1,1,0,0,0,0,,,,0,0,0,0,,,,,,8,0,0,,0,,0,,,,0
cg1410,cg1410,lcl_nc_006958_1_prot_wp_011014187_1_1153,lcl_nc_006958_1_prot_wp_011014187_1_1153,0,sampled_negative,unknown,0,0,0,0,0,,,0,0,0,0,,0,0,,0,0,0,0,,,,0,1,1,0,0,0,0,,,,2,0,0,0,,,,,,8,0,0,,0,,0,,,,0
cg0371,cg0371,cgrrev00748,cgrrev00748,0,sampled_negative,unknown,0,0,0,0,0,,,0,0,0,0,,0,0,,0,0,0,0,,,,0,0,0,0,0,0,0,,,,0,0,0,0,,,,,,8,0,0,,0,,0,,,,0
cg3253,cg3253,cg1652,cg1652,0,sampled_negative,unknown,0,0,0,0,0,,,0,0,0,0,,0,0,,0,0,0,0,,,,0,75,5,0,0,0,0,,,,0,0,0,0,,,,,,8,0,1,,0,,0,,,,0
cg0725,cg0725,lcl_nc_006958_1_prot_wp_011013642_1_414,lcl_nc_006958_1_prot_wp_011013642_1_414,0,sampled_negative,unknown,0,0,0,0,0,,,0,0,0,0,,0,0,,0,0,0,0,,,,0,13,2,0,0,0,0,,,,0,0,0,0,,,,,,8,0,1,,0,,0,,,,0
cg0454,cg0454,cg2563,cg2563,0,sampled_negative,unknown,0,0,0,0,0,,,0,0,0,0,,0,0,,0,0,0,0,,,,0,1,1,0,0,0,0,,,,1,1,1,0,,,,,,8,0,0,,0,,0,,,,0
cg2965,cg2965,cgl0100,cgl0100,0,sampled_negative,unknown,0,0,0,0,0,,,0,0,0,0,,0,0,,0,0,0,0,,,,0,6,6,0,0,0,0,,,,0,0,0,0,,,,,,8,0,0,,0,,0,,,,0
cg2109,cg2109,cg0809,cg0809,0,sampled_negative,unknown,0,0,0,0,0,,,0,0,0,0,,0,0,,0,0,0,0,,,,0,0,0,0,0,0,0,,,,0,0,0,0,,,,,,8,0,1,,0,,0,,,,0
cg3261,cg3261,lcl_nc_006958_1_prot_wp_011015000_1_2155,lcl_nc_006958_1_prot_wp_011015000_1_2155,0,sampled_negative,unknown,0,0,0,0,0,,,0,0,0,0,,0,0,,0,0,0,0,,,,0,1,1,0,0,0,0,,,,0,0,0,0,,,,,,8,0,0,,0,,0,,,,0
cg1552,cg1552,cgrfwd15124,cgrfwd15124,0,sampled_negative,unknown,0,0,0,0,0,,,0,0,0,0,,0,0,,0,0,0,0,,,,0,0,0,0,0,0,0,,,,2,0,0,0,,,,,,8,0,0,,0,,0,,,,0
cg1846,cg1846,cgl0124,cgl0124,0,sampled_negative,unknown,0,0,0,0,0,,,0,0,0,0,,0,0,,0,0,0,0,,,,0,1,1,0,0,0,0,,,,0,0,0,0,,,,,,8,0,0,,0,,0,,,,0
cg0725,cg0725,cg1863,cg1863,0,sampled_negative,unknown,0,0,0,0,0,,,0,0,0,0,,0,0,,0,0,0,0,,,,0,1,1,0,0,0,0,,,,0,0,0,0,,,,,,8,0,1,,0,,0,,,,0
cg2624,cg2624,cgl0918,cgl0918,0,sampled_negative,unknown,0,0,0,0,0,,,0,0,0,0,,0,0,,0,0,0,0,,,,0,6,6,0,0,0,0,,,,0,0,0,0,,,,,,8,0,0,,0,,0,,,,0
cg0309,cg0309,cg1978,cg1978,0,sampled_negative,unknown,0,0,0,0,0,,,0,0,0,0,,0,0,,0,0,0,0,,,,0,0,0,0,0,0,0,,,,0,0,0,0,,,,,,8,1,0,,0,,0,,,,0
cg1218,cg1218,cg3533,cg3533,0,sampled_negative,unknown,0,0,0,0,0,,,0,0,0,0,,0,0,,0,0,0,0,,,,0,1,1,0,0,0,0,,,,2,0,0,0,,,,,,8,0,1,,0,,0,,,,0
cg0309,cg0309,cg3149,cg3149,0,sampled_negative,unknown,0,0,0,0,0,,,0,0,0,0,,0,0,,0,0,0,0,,,,0,17,6,0,0,0,0,,,,0,0,0,0,,,,,,8,0,0,,0,,0,,,,0
cg2910,cg2910,cgl1183,cgl1183,0,sampled_negative,unknown,0,0,0,0,0,,,0,0,0,0,,0,0,,0,0,0,0,,,,0,19,8,0,0,0,0,,,,0,0,0,0,,,,,,8,0,0,,0,,0,,,,0
cg3239,cg3239,lcl_nc_006958_1_prot_wp_011013466_1_199,lcl_nc_006958_1_prot_wp_011013466_1_199,0,sampled_negative,unknown,0,0,0,0,0,,,0,0,0,0,,0,0,,0,0,0,0,,,,0,1,1,0,0,0,0,,,,0,0,0,0,,,,,,8,0,1,,0,,0,,,,0
cg0876,cg0876,cgl0349,cgl0349,0,sampled_negative,unknown,0,0,0,0,0,,,0,0,0,0,,0,0,,0,0,0,0,,,,0,12,6,0,0,0,0,,,,2,0,0,0,,,,,,8,0,0,,0,ECF_sigma,0,,,,0
cg0696,cg0696,cg0673,cg0673,0,sampled_negative,unknown,0,0,0,0,0,,,0,0,0,0,,0,0,,0,0,0,0,,,,0,1,1,0,0,0,0,,,,0,0,0,0,,,,,,8,0,1,,0,,0,,,,0
cg2624,cg2624,ncgl2577,ncgl2577,0,sampled_negative,unknown,0,0,0,0,0,,,0,0,0,0,,0,0,,0,0,0,0,,,,0,0,0,0,0,0,0,,,,0,0,0,0,,,,,,8,0,0,,0,,0,,,,0
cg0019,cg0019,cg2310,cg2310,0,sampled_negative,unknown,0,0,0,0,0,,,0,0,0,0,,0,0,,0,0,0,0,,,,0,1,1,0,0,0,0,,,,0,0,0,0,,,,,,8,0,0,,0,,0,,,,0
cg1120,cg1120,cgrfwd11685,cgrfwd11685,0,sampled_negative,unknown,0,0,0,0,0,,,0,0,0,0,,0,0,,0,0,0,0,,,,0,0,0,0,0,0,0,,,,1,0,0,0,,,,,,8,0,1,,0,,0,,,,0
cg0444,cg0444,lcl_nc_006958_1_prot_wp_011015619_1_2945,lcl_nc_006958_1_prot_wp_011015619_1_2945,0,sampled_negative,unknown,0,0,0,0,0,,,0,0,0,0,,0,0,,0,0,0,0,,,,0,3,1,0,0,0,0,,,,0,0,0,0,,,,,,8,0,1,,1,,0,,,,0
cg1738,cg1738,cg0690,cg0690,0,sampled_negative,unknown,0,0,0,0,0,,,0,0,0,0,,0,0,,0,0,0,0,,,,0,0,0,0,0,0,0,,,,0,0,0,0,,,,,,8,0,0,,0,,0,,,,0
cg1831,cg1831,cgl1829,cgl1829,0,sampled_negative,unknown,0,0,0,0,0,,,0,0,0,0,,0,0,,0,0,0,0,,,,0,1,1,0,0,0,0,,,,0,0,0,0,,,,,,8,0,0,,0,,0,,,,0
cg3420,cg3420,lcl_nc_006958_1_prot_wp_003863776_1_1387,lcl_nc_006958_1_prot_wp_003863776_1_1387,0,sampled_negative,unknown,0,0,0,0,0,,,0,0,0,0,,0,0,,0,0,0,0,,,,0,3,1,0,0,0,0,,,,0,0,0,0,,,,,,8,0,0,,0,ECF_sigma,0,,,,0
cg3224,cg3224,cg2624,cg2624,0,sampled_negative,unknown,0,0,0,0,0,,,0,0,0,0,,0,0,,0,0,0,0,,,,0,0,0,0,0,0,0,,,,0,0,0,0,,,,,,8,0,1,,0,,0,,,,0
cg0878,cg0878,ncgl0171,ncgl0171,0,sampled_negative,unknown,0,0,0,0,0,,,0,0,0,0,,0,0,,0,0,0,0,,,,0,0,0,0,0,0,0,,,,0,0,0,0,,,,,,8,0,0,,0,,0,,,,0
cg2516,cg2516,cgl2878,cgl2878,0,sampled_negative,unknown,0,0,0,0,0,,,0,0,0,0,,0,0,,0,0,0,0,,,,0,12,6,0,0,0,0,,,,0,0,0,0,,,,,,8,0,0,,0,,0,,,,0
cg2627,cg2627,cgl3083,cgl3083,0,sampled_negative,unknown,0,0,0,0,0,,,0,0,0,0,,0,0,,0,0,0,0,,,,0,2,1,0,0,0,0,,,,1,0,0,0,,,,,,8,0,0,,0,,0,,,,0
cg0444,cg0444,cgl1173,cgl1173,0,sampled_negative,unknown,0,0,0,0,0,,,0,0,0,0,,0,0,,0,0,0,0,,,,0,1,1,0,0,0,0,,,,0,0,0,0,,,,,,8,0,1,,1,,0,,,,0
cg1308,cg1308,cgrrev03334,cgrrev03334,0,sampled_negative,unknown,0,0,0,0,0,,,0,0,0,0,,0,0,,0,0,0,0,,,,0,0,0,0,0,0,0,,,,0,0,0,0,,,,,,8,0,0,,0,,0,,,,0
cg0337,cg0337,cgl0021,cgl0021,0,sampled_negative,unknown,0,0,0,0,0,,,0,0,0,0,,0,0,,0,0,0,0,,,,0,5,3,0,0,0,0,,,,0,0,0,0,,,,,,8,0,0,,0,,0,,,,0
cg3247,cg3247,cgrfwd17717,cgrfwd17717,0,sampled_negative,unknown,0,0,0,0,0,,,0,0,0,0,,0,0,,0,0,0,0,,,,0,0,0,0,0,0,0,,,,0,0,0,0,,,,,,8,0,0,,0,,0,,,,0
cg3253,cg3253,cg3549,cg3549,0,sampled_negative,unknown,0,0,0,0,0,,,0,0,0,0,,0,0,,0,0,0,0,,,,0,6,6,0,0,0,0,,,,0,0,0,0,,,,,,8,0,1,,0,,0,,,,0
cg1861,cg1861,cgrrev16886,cgrrev16886,0,sampled_negative,unknown,0,0,0,0,0,,,0,0,0,0,,0,0,,0,0,0,0,,,,0,0,0,0,0,0,0,,,,12,0,0,0,,,,,,8,0,0,,0,,0,,,,0
cg1552,cg1552,cg0641,cg0641,0,sampled_negative,unknown,0,0,0,0,0,,,0,0,0,0,,0,0,,0,0,0,0,,,,0,1,1,0,0,0,0,,,,2,1,1,0,,,,,,8,1,0,,0,,0,,,,0
cg1308,cg1308,cgl0583,cgl0583,0,sampled_negative,unknown,0,0,0,0,0,,,0,0,0,0,,0,0,,0,0,0,0,,,,0,11,6,0,0,0,0,,,,0,0,0,0,,,,,,8,0,0,,0,,0,,,,0
cg1425,cg1425,lcl_nc_006958_1_prot_wp_011265496_1_202,lcl_nc_006958_1_prot_wp_011265496_1_202,0,sampled_negative,unknown,0,0,0,0,0,,,0,0,0,0,,0,0,,0,0,0,0,,,,0,1,1,0,0,0,0,,,,0,0,0,0,,,,,,8,0,0,,0,,0,,,,0
cg2516,cg2516,cg1913,cg1913,0,sampled_negative,unknown,0,0,0,0,0,,,0,0,0,0,,0,0,,0,0,0,0,,,,0,1,1,0,0,0,0,,,,0,0,0,0,,,,,,8,1,0,,0,,0,,,,0
cg0800,cg0800,lcl_nc_006958_1_prot_wp_011015247_1_2489,lcl_nc_006958_1_prot_wp_011015247_1_2489,0,sampled_negative,unknown,0,0,0,0,0,,,0,0,0,0,,0,0,,0,0,0,0,,,,0,1,1,0,0,0,0,,,,0,0,0,0,,,,,,8,0,0,,0,,0,,,,0
cg2783,cg2783,cg3116,cg3116,0,sampled_negative,unknown,0,0,0,0,0,,,0,0,0,0,,0,0,,0,0,0,0,,,,0,12,6,0,0,0,0,,,,2,0,0,0,,,,,,8,2,0,,0,,0,,,,0
cg1704,cg1704,cg0585,cg0585,0,sampled_negative,unknown,0,0,0,0,0,,,0,0,0,0,,0,0,,0,0,0,0,,,,0,1,1,0,0,0,0,,,,0,0,0,0,,,,,,8,0,0,,0,,0,,,,0
cg0215,cg0215,lcl_nc_006958_1_prot_wp_011013705_1_507,lcl_nc_006958_1_prot_wp_011013705_1_507,0,sampled_negative,unknown,0,0,0,0,0,,,0,0,0,0,,0,0,,0,0,0,0,,,,0,1,1,0,0,0,0,,,,0,0,0,0,,,,,,8,0,0,,0,,0,,,,0
cg0876,cg0876,cgl1572,cgl1572,0,sampled_negative,unknown,0,0,0,0,0,,,0,0,0,0,,0,0,,0,0,0,0,,,,0,18,6,0,0,0,0,,,,2,0,0,0,,,,,,8,0,0,,0,ECF_sigma,0,,,,0
cg1053,cg1053,cgl0937,cgl0937,0,sampled_negative,unknown,0,0,0,0,0,,,0,0,0,0,,0,0,,0,0,0,0,,,,0,11,6,0,0,0,0,,,,0,0,0,0,,,,,,8,0,0,,0,,0,,,,0
cg0878,cg0878,cg1551,cg1551,0,sampled_negative,unknown,0,0,0,0,0,,,0,0,0,0,,0,0,,0,0,0,0,,,,0,2,1,0,0,0,0,,,,0,0,0,0,,,,,,8,0,0,,0,,0,,,,0
cg1211,cg1211,cg3047,cg3047,0,sampled_negative,unknown,0,0,0,0,0,,,0,0,0,0,,0,0,,0,0,0,0,,,,0,11,6,0,0,0,0,,,,0,0,0,0,,,,,,8,0,1,,0,,0,,,,0
cg2965,cg2965,cgl2356,cgl2356,0,sampled_negative,unknown,0,0,0,0,0,,,0,0,0,0,,0,0,,0,0,0,0,,,,0,8,8,0,0,0,0,,,,0,0,0,0,,,,,,8,0,0,,0,,0,,,,0
cg1032,cg1032,cg0500,cg0500,0,sampled_negative,unknown,0,0,0,0,0,,,0,0,0,0,,0,0,,0,0,0,0,,,,0,0,0,0,0,0,0,,,,0,0,0,0,,,,,,8,0,2,,0,,0,,,,0
cg2268,cg2268,cg0770,cg0770,0,sampled_negative,unknown,0,0,0,0,0,,,0,0,0,0,,0,0,,0,0,0,0,,,,0,1,1,0,0,0,0,,,,2,0,0,0,,,,,,8,1,0,,0,,0,,,,0
cg2544,cg2544,cgl2460,cgl2460,0,sampled_negative,unknown,0,0,0,0,0,,,0,0,0,0,,0,0,,0,0,0,0,,,,0,6,6,0,0,0,0,,,,0,0,0,0,,,,,,8,0,0,,0,,0,,,,0
cg3247,cg3247,cgl2507,cgl2507,0,sampled_negative,unknown,0,0,0,0,0,,,0,0,0,0,,0,0,,0,0,0,0,,,,0,1,1,0,0,0,0,,,,0,0,0,0,,,,,,8,0,0,,0,,0,,,,0
cg0309,cg0309,cgl3018,cgl3018,0,sampled_negative,unknown,0,0,0,0,0,,,0,0,0,0,,0,0,,0,0,0,0,,,,0,6,6,0,0,0,0,,,,0,0,0,0,,,,,,8,0,0,,0,,0,,,,0
cg2737,cg2737,cgr1709,cgr1709,0,sampled_negative,unknown,0,0,0,0,0,,,0,0,0,0,,0,0,,0,0,0,0,,,,0,0,0,0,0,0,0,,,,0,0,0,0,,,,,,8,0,0,,0,,0,,,,0
cg1585,cg1585,cgrfwd09337,cgrfwd09337,0,sampled_negative,unknown,0,0,0,0,0,,,0,0,0,0,,0,0,,0,0,0,0,,,,0,0,0,0,0,0,0,,,,0,0,0,0,,,,,,8,0,1,,0,,0,,,,0
cg2118,cg2118,cg1977,cg1977,0,sampled_negative,unknown,0,0,0,0,0,,,0,0,0,0,,0,0,,0,0,0,0,,,,0,0,0,0,0,0,0,,,,0,0,0,0,,,,,,8,0,0,,0,,0,,,,0
cg2888,cg2888,cgl1039,cgl1039,0,sampled_negative,unknown,0,0,0,0,0,,,0,0,0,0,,0,0,,0,0,0,0,,,,0,1,1,0,0,0,0,,,,0,0,0,0,,,,,,8,0,0,,0,,0,,,,0
cg1935,cg1935,cg1295,cg1295,0,sampled_negative,unknown,0,0,0,0,0,,,0,0,0,0,,0,0,,0,0,0,0,,,,0,6,6,0,0,0,0,,,,1,0,0,0,,,,,,8,2,1,,1,,0,,,,0
cg2500,cg2500,cgl1978,cgl1978,0,sampled_negative,unknown,0,0,0,0,0,,,0,0,0,0,,0,0,,0,0,0,0,,,,0,19,7,0,0,0,0,,,,0,0,0,0,,,,,,8,0,0,,0,,0,,,,0
cg1340,cg1340,cg2280,cg2280,0,sampled_negative,unknown,0,0,0,0,0,,,0,0,0,0,,0,0,,0,0,0,0,,,,0,7,7,0,0,0,0,,,,0,0,0,0,,,,,,8,0,0,,0,,0,,,,0
cg0878,cg0878,cg2099,cg2099,0,sampled_negative,unknown,0,0,0,0,0,,,0,0,0,0,,0,0,,0,0,0,0,,,,0,1,1,0,0,0,0,,,,0,0,0,0,,,,,,8,1,0,,0,,0,,,,0
cg1846,cg1846,cg1412,cg1412,0,sampled_negative,unknown,0,0,0,0,0,,,0,0,0,0,,0,0,,0,0,0,0,,,,0,14,6,0,0,0,0,,,,0,0,0,0,,,,,,8,1,0,,0,,0,,,,0
cg2942,cg2942,cgtrna_3529,cgtrna_3529,0,sampled_negative,unknown,0,0,0,0,0,,,0,0,0,0,,0,0,,0,0,0,0,,,,0,1,1,0,0,0,0,,,,0,0,0,0,,,,,,8,0,0,,0,,0,,,,0
cg0800,cg0800,cg1354,cg1354,0,sampled_negative,unknown,0,0,0,0,0,,,0,0,0,0,,0,0,,0,0,0,0,,,,0,0,0,0,0,0,0,,,,0,0,0,0,,,,,,8,0,0,,0,,0,,,,0
cg2200,cg2200,cg0593,cg0593,0,sampled_negative,unknown,0,0,0,0,0,,,0,0,0,0,,0,0,,0,0,0,0,,,,0,1,1,0,0,0,0,,,,0,0,0,0,,,,,,8,1,1,,0,,0,,,,0
cg0313,cg0313,cgl1212,cgl1212,0,sampled_negative,unknown,0,0,0,0,0,,,0,0,0,0,,0,0,,0,0,0,0,,,,0,11,6,0,0,0,0,,,,0,0,0,0,,,,,,8,0,0,,0,,0,,,,0
cg0454,cg0454,cgl0212,cgl0212,0,sampled_negative,unknown,0,0,0,0,0,,,0,0,0,0,,0,0,,0,0,0,0,,,,0,24,6,0,0,0,0,,,,1,0,0,0,,,,,,8,0,0,,0,,0,,,,0
cg0702,cg0702,cgl0839,cgl0839,0,sampled_negative,unknown,0,0,0,0,0,,,0,0,0,0,,0,0,,0,0,0,0,,,,0,6,6,0,0,0,0,,,,6,0,0,0,,,,,,8,0,0,,0,,0,,,,0
cg2114,cg2114,cgl1296,cgl1296,0,sampled_negative,unknown,0,0,0,0,0,,,0,0,0,0,,0,0,,0,0,0,0,,,,0,1,1,0,0,0,0,,,,0,0,0,0,,,,,,8,0,0,,0,,0,,,,0
cg2624,cg2624,cg1301,cg1301,0,sampled_negative,unknown,0,0,0,0,0,,,0,0,0,0,,0,0,,0,0,0,0,,,,0,0,0,0,0,0,0,,,,0,0,0,0,,,,,,8,1,0,,0,,0,,,,0
cg1410,cg1410,lcl_nc_006958_1_prot_wp_011013379_1_88,lcl_nc_006958_1_prot_wp_011013379_1_88,0,sampled_negative,unknown,0,0,0,0,0,,,0,0,0,0,,0,0,,0,0,0,0,,,,0,1,1,0,0,0,0,,,,2,0,0,0,,,,,,8,0,0,,0,,0,,,,0
cg3388,cg3388,cgl2588,cgl2588,0,sampled_negative,unknown,0,0,0,0,0,,,0,0,0,0,,0,0,,0,0,0,0,,,,0,6,6,0,0,0,0,,,,0,0,0,0,,,,,,8,0,0,,0,,0,,,,0
cg1935,cg1935,ncgl1153,ncgl1153,0,sampled_negative,unknown,0,0,0,0,0,,,0,0,0,0,,0,0,,0,0,0,0,,,,0,0,0,0,0,0,0,,,,1,0,0,0,,,,,,8,0,1,,1,,0,,,,0
cg1792,cg1792,cgl2064,cgl2064,0,sampled_negative,unknown,0,0,0,0,0,,,0,0,0,0,,0,0,,0,0,0,0,,,,0,1,1,0,0,0,0,,,,1,0,0,0,,,,,,8,0,0,,0,,0,,,,0
cg1792,cg1792,cgl2084,cgl2084,0,sampled_negative,unknown,0,0,0,0,0,,,0,0,0,0,,0,0,,0,0,0,0,,,,0,1,1,0,0,0,0,,,,1,0,0,0,,,,,,8,0,0,,0,,0,,,,0
cg0702,cg0702,lcl_nc_006958_1_prot_wp_003862609_1_2768,lcl_nc_006958_1_prot_wp_003862609_1_2768,0,sampled_negative,unknown,0,0,0,0,0,,,0,0,0,0,,0,0,,0,0,0,0,,,,0,1,1,0,0,0,0,,,,6,0,0,0,,,,,,8,0,0,,0,,0,,,,0
cg1817,cg1817,ncgl0106,ncgl0106,0,sampled_negative,unknown,0,0,0,0,0,,,0,0,0,0,,0,0,,0,0,0,0,,,,0,0,0,0,0,0,0,,,,6,0,0,0,,,,,,8,0,0,,0,,0,,,,0
cg0309,cg0309,cg3068,cg3068,0,sampled_negative,unknown,0,0,0,0,0,,,0,0,0,0,,0,0,,0,0,0,0,,,,0,11,6,0,0,0,0,,,,0,0,0,0,,,,,,8,1,0,,0,,0,,,,0
cg3253,cg3253,cgl2239,cgl2239,0,sampled_negative,unknown,0,0,0,0,0,,,0,0,0,0,,0,0,,0,0,0,0,,,,0,6,6,0,0,0,0,,,,0,0,0,0,,,,,,8,0,1,,0,,0,,,,0
cg0741,cg0741,cg1292,cg1292,0,sampled_negative,unknown,0,0,0,0,0,,,0,0,0,0,,0,0,,0,0,0,0,,,,0,5,5,0,0,0,0,,,,0,0,0,0,,,,,,8,1,1,,0,,0,,,,0
cg1585,cg1585,lcl_nc_006958_1_prot_wp_003856680_1_904,lcl_nc_006958_1_prot_wp_003856680_1_904,0,sampled_negative,unknown,0,0,0,0,0,,,0,0,0,0,,0,0,,0,0,0,0,,,,0,6,1,0,0,0,0,,,,0,0,0,0,,,,,,8,0,1,,0,,0,,,,0
cg1120,cg1120,cg0135,cg0135,0,sampled_negative,unknown,0,0,0,0,0,,,0,0,0,0,,0,0,,0,0,0,0,,,,0,1,1,0,0,0,0,,,,1,0,0,0,,,,,,8,1,1,,0,,0,,,,0
cg2544,cg2544,cgtrna_3556,cgtrna_3556,0,sampled_negative,unknown,0,0,0,0,0,,,0,0,0,0,,0,0,,0,0,0,0,,,,0,6,6,0,0,0,0,,,,0,0,0,0,,,,,,8,0,0,,0,,0,,,,0
cg0215,cg0215,cgrfwd15358,cgrfwd15358,0,sampled_negative,unknown,0,0,0,0,0,,,0,0,0,0,,0,0,,0,0,0,0,,,,0,0,0,0,0,0,0,,,,0,0,0,0,,,,,,8,0,0,,0,,0,,,,0
cg0695,cg0695,cgtrna_3544,cgtrna_3544,0,sampled_negative,unknown,0,0,0,0,0,,,0,0,0,0,,0,0,,0,0,0,0,,,,0,6,6,0,0,0,0,,,,0,0,0,0,,,,,,8,0,1,,0,,0,,,,0
cg2115,cg2115,cgl0744,cgl0744,0,sampled_negative,unknown,0,0,0,0,0,,,0,0,0,0,,0,0,,0,0,0,0,,,,0,112,6,0,0,0,0,,,,0,0,0,0,,,,,,8,0,0,,0,,0,,,,0
gntr1,gntr1,cgl0781,cgl0781,0,sampled_negative,unknown,0,0,0,0,0,,,0,0,0,0,,0,0,,0,0,0,0,,,,0,2,1,0,0,0,0,,,,0,0,0,0,,,,,,8,0,0,,0,,0,,,,0
cg2309,cg2309,ncgl2719,ncgl2719,0,sampled_negative,unknown,0,0,0,0,0,,,0,0,0,0,,0,0,,0,0,0,0,,,,0,0,0,0,0,0,0,,,,0,0,0,0,,,,,,8,0,0,,0,,0,,,,0
cg1846,cg1846,cg0133,cg0133,0,sampled_negative,unknown,0,0,0,0,0,,,0,0,0,0,,0,0,,0,0,0,0,,,,0,0,0,0,0,0,0,,,,0,0,0,0,,,,,,8,0,0,,0,,0,,,,0
cg0646,cg0646,cg0607,cg0607,0,sampled_negative,unknown,0,0,0,0,0,,,0,0,0,0,,0,0,,0,0,0,0,,,,0,0,0,0,0,0,0,,,,0,0,0,0,,,,,,8,1,1,,0,,0,,,,0
cg2766,cg2766,cg1574,cg1574,0,sampled_negative,unknown,0,0,0,0,0,,,0,0,0,0,,0,0,,0,0,0,0,,,,0,6,6,0,0,0,0,,,,0,0,0,0,,,,,,8,0,0,,1,,0,,,,0
cg0313,cg0313,cgl1714,cgl1714,0,sampled_negative,unknown,0,0,0,0,0,,,0,0,0,0,,0,0,,0,0,0,0,,,,0,6,6,0,0,0,0,,,,0,0,0,0,,,,,,8,0,0,,0,,0,,,,0
cg2092,cg2092,cg0836,cg0836,0,sampled_negative,unknown,0,0,0,0,0,,,0,0,0,0,,0,0,,0,0,0,0,,,,0,1,1,0,0,0,0,,,,0,0,0,0,,,,,,8,2,1,,0,,0,,,,0
cg2627,cg2627,cgl0364,cgl0364,0,sampled_negative,unknown,0,0,0,0,0,,,0,0,0,0,,0,0,,0,0,0,0,,,,0,1,1,0,0,0,0,,,,1,0,0,0,,,,,,8,0,0,,0,,0,,,,0
cg1211,cg1211,cg3074,cg3074,0,sampled_negative,unknown,0,0,0,0,0,,,0,0,0,0,,0,0,,0,0,0,0,,,,0,12,7,0,0,0,0,,,,0,0,0,0,,,,,,8,0,1,,0,,0,,,,0
cg2544,cg2544,cgrfwd13721,cgrfwd13721,0,sampled_negative,unknown,0,0,0,0,0,,,0,0,0,0,,0,0,,0,0,0,0,,,,0,0,0,0,0,0,0,,,,0,0,0,0,,,,,,8,0,0,,0,,0,,,,0
cg0876,cg0876,cgrrev08299,cgrrev08299,0,sampled_negative,unknown,0,0,0,0,0,,,0,0,0,0,,0,0,,0,0,0,0,,,,0,0,0,0,0,0,0,,,,2,0,0,0,,,,,,8,0,0,,0,ECF_sigma,0,,,,0
cg1218,cg1218,cg2283,cg2283,0,sampled_negative,unknown,0,0,0,0,0,,,0,0,0,0,,0,0,,0,0,0,0,,,,0,7,7,0,0,0,0,,,,2,0,0,0,,,,,,8,0,1,,0,,0,,,,0
cg2910,cg2910,cg2512,cg2512,0,sampled_negative,unknown,0,0,0,0,0,,,0,0,0,0,,0,0,,0,0,0,0,,,,0,1,1,0,0,0,0,,,,0,0,0,0,,,,,,8,1,0,,0,,0,,,,0
cg1053,cg1053,cg1295,cg1295,0,sampled_negative,unknown,0,0,0,0,0,,,0,0,0,0,,0,0,,0,0,0,0,,,,0,6,6,0,0,0,0,,,,0,0,0,0,,,,,,8,2,0,,0,,0,,,,0
cg0317,cg0317,cg0816,cg0816,0,sampled_negative,unknown,0,0,0,0,0,,,0,0,0,0,,0,0,,0,0,0,0,,,,0,6,6,0,0,0,0,,,,2,0,0,0,,,,,,8,1,0,,0,,0,,,,0
cg0527,cg0527,cgl1334,cgl1334,0,sampled_negative,unknown,0,0,0,0,0,,,0,0,0,0,,0,0,,0,0,0,0,,,,0,2,1,0,0,0,0,,,,15,0,0,0,,,,,,8,0,1,,0,,0,,,,0
cg3315,cg3315,lcl_nc_006958_1_prot_wp_011015188_1_2403,lcl_nc_006958_1_prot_wp_011015188_1_2403,0,sampled_negative,unknown,0,0,0,0,0,,,0,0,0,0,,0,0,,0,0,0,0,,,,0,1,1,0,0,0,0,,,,0,0,0,0,,,,,,8,0,0,,0,,0,,,,0
cg3082,cg3082,ncgl1873,ncgl1873,0,sampled_negative,unknown,0,0,0,0,0,,,0,0,0,0,,0,0,,0,0,0,0,,,,0,0,0,0,0,0,0,,,,0,0,0,0,,,,,,8,0,1,,0,,0,,,,0
cg1218,cg1218,cg3315,cg3315,0,sampled_negative,unknown,0,0,0,0,0,,,0,0,0,0,,0,0,,0,0,0,0,,,,0,0,0,0,0,0,0,,,,2,0,0,0,,,,,,8,0,1,,0,,0,,,,0
cg1738,cg1738,cg2311,cg2311,0,sampled_negative,unknown,0,0,0,0,0,,,0,0,0,0,,0,0,,0,0,0,0,,,,0,0,0,0,0,0,0,,,,0,0,0,0,,,,,,8,0,0,,0,,0,,,,0
cg2942,cg2942,cgrrev04736,cgrrev04736,0,sampled_negative,unknown,0,0,0,0,0,,,0,0,0,0,,0,0,,0,0,0,0,,,,0,0,0,0,0,0,0,,,,0,0,0,0,,,,,,8,0,0,,0,,0,,,,0
cg1935,cg1935,cgl2466,cgl2466,0,sampled_negative,unknown,0,0,0,0,0,,,0,0,0,0,,0,0,,0,0,0,0,,,,0,2,1,0,0,0,0,,,,1,0,0,0,,,,,,8,0,1,,1,,0,,,,0
cg2894,cg2894,lcl_nc_006958_1_prot_wp_011015032_1_2195,lcl_nc_006958_1_prot_wp_011015032_1_2195,0,sampled_negative,unknown,0,0,0,0,0,,,0,0,0,0,,0,0,,0,0,0,0,,,,0,2,1,0,0,0,0,,,,0,0,0,0,,,,,,8,0,1,,0,,0,,,,0
cg0156,cg0156,cg1595,cg1595,0,sampled_negative,unknown,0,0,0,0,0,,,0,0,0,0,,0,0,,0,0,0,0,,,,0,0,0,0,0,0,0,,,,1,0,0,0,,,,,,8,0,0,,0,,0,,,,0
cg2888,cg2888,cg3232,cg3232,0,sampled_negative,unknown,0,0,0,0,0,,,0,0,0,0,,0,0,,0,0,0,0,,,,0,6,6,0,0,0,0,,,,0,0,0,0,,,,,,8,0,0,,0,,0,,,,0
cg2118,cg2118,cgl2163,cgl2163,0,sampled_negative,unknown,0,0,0,0,0,,,0,0,0,0,,0,0,,0,0,0,0,,,,0,14,7,0,0,0,0,,,,0,0,0,0,,,,,,8,0,0,,0,,0,,,,0
cg1340,cg1340,cgl1109,cgl1109,0,sampled_negative,unknown,0,0,0,0,0,,,0,0,0,0,,0,0,,0,0,0,0,,,,0,6,6,0,0,0,0,,,,0,0,0,0,,,,,,8,0,0,,0,,0,,,,0
cg0646,cg0646,cg0680,cg0680,0,sampled_negative,unknown,0,0,0,0,0,,,0,0,0,0,,0,0,,0,0,0,0,,,,0,0,0,0,0,0,0,,,,0,0,0,0,,,,,,8,0,1,,0,,0,,,,0
