confidence_rank,predicted_confidence,tf_locus,tf_name,target_locus,target_name,label,sample_type,regulation_role,is_activation,is_repression,is_sigma_factor,has_binding_site,binding_site_length,binding_site_gc_fraction,evidence_text,evidence_score,has_experimental_evidence,has_pmid,pmid_count,source,has_database_source,source_coryneregnet,target_operon,target_in_operon,target_operon_size,tf_target_same_operon,target_has_srna_prediction,target_best_srna_rank,target_best_srna_copra_fdr,target_best_srna_energy,target_srna_count_rank_le_10,target_mapped_reaction_count,target_mapped_pathway_count,target_enzyme_constrained_reaction_count,target_has_enzyme_constraint,target_ec_number_count,target_uniprot_count,target_kcat_median,target_molecular_weight_median,target_kcat_mw_median,tf_mapped_reaction_count,tf_target_share_metabolic_pathway,tf_target_shared_pathway_count,expression_feature_available,expression_correlation,expression_pvalue,feature_missing_count,target_imodulon_count,tf_imodulon_count,imodulon_coactivation_score,tf_is_tcs_regulator,tf_sigma_class
1,1.000000,cg0012,cg0012,cg1147,cg1147,1,curated_positive,A,1,0,0,1,21,0.2381,experimental,0.8,1,1,1,CoryneRegNet,1,1,,0,0,0,1,7,0.9107,-8.85,1,0,0,0,0,0,0,,,,0,0,0,0,,,4,0,0,,0,
2,1.000000,cg0012,cg0012,cg1151,ssiE,1,curated_positive,A,1,0,0,1,21,0.381,experimental,0.8,1,1,1,CoryneRegNet,1,1,OP_cg1151,1,3,0,1,1,0.942,-13.13,2,0,0,0,0,0,0,,,,0,0,0,0,,,4,0,0,,0,
3,1.000000,cg0012,cg0012,cg1156,ssuD2,1,curated_positive,A,1,0,0,1,21,0.4762,experimental,0.8,1,1,1,CoryneRegNet,1,1,,0,0,0,0,,,,0,0,0,0,0,0,0,,,,0,0,0,0,,,7,0,0,,0,
4,1.000000,cg0012,cg0012,cg1376,ssuD1,1,curated_positive,A,1,0,0,1,21,0.381,experimental,0.8,1,1,1,CoryneRegNet,1,1,OP_cg1376,1,4,0,1,3,0.9187,-14.21,2,0,0,0,0,0,0,,,,0,0,0,0,,,4,0,0,,0,
5,1.000000,cg0146,cg0146,cg0146,cg0146,1,curated_positive,R,0,1,0,1,40,0.25,experimental,0.8,1,1,2,CoryneRegNet,1,1,OP_cg0146,1,2,1,1,9,0.9469,-12.85,1,0,0,0,0,0,0,,,,0,0,0,0,,,4,0,0,,0,
6,1.000000,cg0146,cg0146,cg3107,adhA,1,curated_positive,R,0,1,0,1,10,0.5,experimental,0.8,1,1,2,CoryneRegNet,1,1,,0,0,0,1,1,0,-79.82,4,0,0,0,0,0,0,,,,0,0,0,0,,,4,0,0,,0,
7,1.000000,cg0196,cg0196,cg0196,cg0196,1,curated_positive,R,0,1,0,1,40,0.45,experimental,0.8,1,1,1,CoryneRegNet,1,1,,0,0,0,0,,,,0,0,0,0,0,0,0,,,,0,0,0,0,,,7,0,0,,0,
8,1.000000,cg0196,cg0196,cg0223,cg0223,1,curated_positive,R,0,1,0,1,20,0.45,experimental,0.8,1,1,1,CoryneRegNet,1,1,,0,0,0,1,2,0.4558,-10.06,2,0,0,0,0,0,0,,,,0,0,0,0,,,4,0,0,,0,
9,1.000000,cg0196,cg0196,cg3169,pck,1,curated_positive,R,0,1,0,1,10,0.3,experimental,0.8,1,1,2,CoryneRegNet,1,1,,0,0,0,1,7,0.7605,-13.58,2,0,0,0,0,0,0,,,,0,0,0,0,,,4,0,0,,0,
10,1.000000,cg0317,cg0317,cg1705,arsC2,1,curated_positive,R,0,1,0,1,32,0.2812,experimental,0.8,1,1,1,CoryneRegNet,1,1,OP_cg1705,1,3,0,1,8,0.8337,-14.56,1,0,0,0,0,0,0,,,,0,0,0,0,,,4,0,0,,0,
11,1.000000,cg0350,cg0350,cg0088,citP,1,curated_positive,R,0,1,0,1,16,0.75,experimental,0.8,1,1,1,CoryneRegNet,1,1,,0,0,0,1,2,0.9107,-9.23,2,0,0,0,0,0,0,,,,0,0,0,0,,,4,0,0,,0,
12,1.000000,cg0350,cg0350,cg0229,gltB,1,curated_positive,A,1,0,0,1,16,0.375,predicted,0.25,0,1,1,CoryneRegNet,1,1,OP_cg0229,1,2,0,1,8,0.6212,-13.4,1,0,0,0,0,0,0,,,,0,0,0,0,,,4,0,0,,0,
13,1.000000,cg0350,cg0350,cg0247,cg0247,1,curated_positive,R,0,1,0,1,16,0.75,predicted,0.25,0,1,1,CoryneRegNet,1,1,OP_cg0247,1,2,0,1,2,0.3518,-21.34,2,0,0,0,0,0,0,,,,0,0,0,0,,,4,0,0,,0,
14,1.000000,cg0350,cg0350,cg0337,whiB4,1,curated_positive,R,0,1,0,1,16,0.4375,predicted,0.25,0,1,2,CoryneRegNet,1,1,,0,0,0,1,3,0.5122,-14.82,1,0,0,0,0,0,0,,,,0,0,0,0,,,4,0,0,,0,
15,1.000000,cg0350,cg0350,cg0444,cg0444,1,curated_positive,R,0,1,0,1,16,0.5625,experimental,0.8,1,1,1,CoryneRegNet,1,1,,0,0,0,0,,,,0,0,0,0,0,0,0,,,,0,0,0,0,,,7,0,0,,0,
16,1.000000,cg0350,cg0350,cg0445,sdhCD,1,curated_positive,A,1,0,0,1,16,0.5625,experimental,0.8,1,1,2,CoryneRegNet,1,1,OP_cg0445,1,5,0,1,3,0.3369,-22.87,1,0,0,0,0,0,0,,,,0,0,0,0,,,4,0,0,,0,
17,1.000000,cg0350,cg0350,cg0566,gabT,1,curated_positive,R,0,1,0,1,16,0.4375,experimental,0.8,1,1,1,CoryneRegNet,1,1,OP_cg0566,1,2,0,0,,,,0,0,0,0,0,0,0,,,,0,0,0,0,,,7,0,0,,0,
18,1.000000,cg0350,cg0350,cg0759,prpD2,1,curated_positive,R,0,1,0,1,16,0.4375,experimental,0.8,1,1,1,CoryneRegNet,1,1,OP_cg0759,1,3,0,0,,,,0,0,0,0,0,0,0,,,,0,0,0,0,,,7,0,0,,0,
19,1.000000,cg0350,cg0350,cg0836,cg0836,1,curated_positive,R,0,1,0,1,16,0.5625,experimental,0.8,1,1,1,CoryneRegNet,1,1,,0,0,0,0,,,,0,0,0,0,0,0,0,,,,0,0,0,0,,,7,0,0,,0,
20,1.000000,cg0350,cg0350,cg0936,cg0936,1,curated_positive,A,1,0,0,1,16,0.25,predicted,0.25,0,1,1,CoryneRegNet,1,1,,0,0,0,1,1,0,-112.23,2,0,0,0,0,0,0,,,,0,0,0,0,,,4,0,0,,0,
21,1.000000,cg0350,cg0350,cg0948,serC,1,curated_positive,A,1,0,0,1,16,0.5625,predicted,0.25,0,1,2,CoryneRegNet,1,1,,0,0,0,1,2,0.9545,-24.31,2,0,0,0,0,0,0,,,,0,0,0,0,,,4,0,0,,0,
22,1.000000,cg0350,cg0350,cg0949,gltA,1,curated_positive,R,0,1,0,1,16,0.5,experimental,0.8,1,1,2,CoryneRegNet,1,1,OP_cg0949,1,2,0,1,6,0.1465,-19.5,1,0,0,0,0,0,0,,,,0,0,0,0,,,4,0,0,,0,
23,1.000000,cg0350,cg0350,cg0951,accDA,1,curated_positive,R,0,1,0,1,16,0.4375,predicted,0.25,0,1,1,CoryneRegNet,1,1,,0,0,0,0,,,,0,0,0,0,0,0,0,,,,0,0,0,0,,,7,0,0,,0,
24,1.000000,cg0350,cg0350,cg0968,cg0968,1,curated_positive,R,0,1,0,1,16,0.4375,experimental,0.8,1,1,1,CoryneRegNet,1,1,OP_cg0968,1,3,0,0,,,,0,0,0,0,0,0,0,,,,0,0,0,0,,,7,0,0,,0,
25,1.000000,cg0350,cg0350,cg1061,cg1061,1,curated_positive,R,0,1,0,1,16,0.4375,predicted,0.25,0,1,2,CoryneRegNet,1,1,OP_cg1061,1,5,0,1,9,0.36,-13.52,1,0,0,0,0,0,0,,,,0,0,0,0,,,4,0,0,,0,
26,1.000000,cg0350,cg0350,cg1086,cg1086,1,curated_positive,R,0,1,0,1,16,0.4375,predicted,0.25,0,1,1,CoryneRegNet,1,1,,0,0,0,0,,,,0,0,0,0,0,0,0,,,,0,0,0,0,,,7,0,0,,0,
27,1.000000,cg0350,cg0350,cg1132,coaA,1,curated_positive,R,0,1,0,1,16,0.4375,predicted,0.25,0,1,2,CoryneRegNet,1,1,,0,0,0,1,2,0.06306,-22.34,2,0,0,0,0,0,0,,,,0,0,0,0,,,4,0,0,,0,
28,1.000000,cg0350,cg0350,cg1145,fum,1,curated_positive,R,0,1,0,1,64,0.3906,experimental,0.8,1,1,1,CoryneRegNet,1,1,,0,0,0,1,4,0.8727,-10.84,2,0,0,0,0,0,0,,,,0,0,0,0,,,4,0,0,,0,
29,1.000000,cg0350,cg0350,cg1226,pobB,1,curated_positive,R,0,1,0,1,32,0.4375,predicted,0.25,0,1,1,CoryneRegNet,1,1,OP_cg1226,1,2,0,0,,,,0,0,0,0,0,0,0,,,,0,0,0,0,,,7,0,0,,0,
30,1.000000,cg0350,cg0350,cg1309,cg1309,1,curated_positive,R,0,1,0,1,16,0.375,predicted,0.25,0,1,1,CoryneRegNet,1,1,OP_cg1309,1,3,0,1,4,0.448,-24.96,3,0,0,0,0,0,0,,,,0,0,0,0,,,4,0,0,,0,
31,1.000000,cg0350,cg0350,cg1314,putP,1,curated_positive,R,0,1,0,1,16,0.375,predicted,0.25,0,1,2,CoryneRegNet,1,1,,0,0,0,0,,,,0,0,0,0,0,0,0,,,,0,0,0,0,,,7,0,0,,0,
32,1.000000,cg0350,cg0350,cg1409,pfkA,1,curated_positive,A,1,0,0,1,16,0.5625,predicted,0.25,0,1,2,CoryneRegNet,1,1,,0,0,0,1,1,0.001872,-21.5,3,0,0,0,0,0,0,,,,0,0,0,0,,,4,0,0,,0,
33,1.000000,cg0350,cg0350,cg1435,ilvB,1,curated_positive,R,0,1,0,1,16,0.4375,predicted,0.25,0,1,2,CoryneRegNet,1,1,OP_cg1435,1,3,0,0,,,,0,0,0,0,0,0,0,,,,0,0,0,0,,,7,0,0,,0,
34,1.000000,cg0350,cg0350,cg1537,ptsG,1,curated_positive,R,0,1,0,1,16,0.4375,predicted,0.25,0,1,2,CoryneRegNet,1,1,,0,0,0,0,,,,0,0,0,0,0,0,0,,,,0,0,0,0,,,7,0,0,,0,
35,1.000000,cg0350,cg0350,cg1568,ugpA,1,curated_positive,R,0,1,0,1,16,0.4375,predicted,0.25,0,1,2,CoryneRegNet,1,1,OP_cg1568,1,4,0,1,4,0.2677,-16.61,1,0,0,0,0,0,0,,,,0,0,0,0,,,4,0,0,,0,
36,1.000000,cg0350,cg0350,cg1595,uspA2,1,curated_positive,R,0,1,0,1,16,0.4375,predicted,0.25,0,1,1,CoryneRegNet,1,1,,0,0,0,0,,,,0,0,0,0,0,0,0,,,,0,0,0,0,,,7,0,0,,0,
37,1.000000,cg0350,cg0350,cg1735,cg1735,1,curated_positive,A,1,0,0,1,16,0.3125,predicted,0.25,0,1,2,CoryneRegNet,1,1,,0,0,0,0,,,,0,0,0,0,0,0,0,,,,0,0,0,0,,,7,0,0,,0,
38,1.000000,cg0350,cg0350,cg1737,acn,1,curated_positive,R,0,1,0,1,16,0.5,experimental,0.8,1,1,2,CoryneRegNet,1,1,OP_cg1737,1,2,0,1,6,0.7028,-11.17,2,0,0,0,0,0,0,,,,0,0,0,0,,,4,0,0,,0,
39,1.000000,cg0350,cg0350,cg2117,ptsI,1,curated_positive,R,0,1,0,1,16,0.5,predicted,0.25,0,1,1,CoryneRegNet,1,1,,0,0,0,1,4,0.5776,-15.36,3,0,0,0,0,0,0,,,,0,0,0,0,,,4,0,0,,0,
40,1.000000,cg0350,cg0350,cg2118,cg2118,1,curated_positive,R,0,1,0,1,16,0.5,predicted,0.25,0,1,1,CoryneRegNet,1,1,OP_cg2118,1,3,0,1,5,0.2183,-20.76,1,0,0,0,0,0,0,,,,0,0,0,0,,,4,0,0,,0,
41,1.000000,cg0350,cg0350,cg2136,gluA,1,curated_positive,R,0,1,0,1,16,0.5,predicted,0.25,0,1,1,CoryneRegNet,1,1,OP_cg2136,1,4,0,1,2,0.1322,-23.33,1,0,0,0,0,0,0,,,,0,0,0,0,,,4,0,0,,0,
42,1.000000,cg0350,cg0350,cg2261,amtB,1,curated_positive,R,0,1,0,1,16,0.375,predicted,0.25,0,1,2,CoryneRegNet,1,1,OP_cg2261,1,3,0,1,3,0.3177,-13.06,2,0,0,0,0,0,0,,,,0,0,0,0,,,4,0,0,,0,
43,1.000000,cg0350,cg0350,cg2280,gdh,1,curated_positive,R,0,1,0,1,16,0.375,predicted,0.25,0,1,1,CoryneRegNet,1,1,,0,0,0,0,,,,0,0,0,0,0,0,0,,,,0,0,0,0,,,7,0,0,,0,
44,1.000000,cg0350,cg0350,cg2559,aceB,1,curated_positive,R,0,1,0,1,32,0.4375,experimental,0.8,1,1,5,CoryneRegNet,1,1,,0,0,0,0,,,,0,0,0,0,0,0,0,,,,0,0,0,0,,,7,0,0,,0,
45,1.000000,cg0350,cg0350,cg2560,aceA,1,curated_positive,R,0,1,0,1,16,0.625,experimental,0.8,1,1,3,CoryneRegNet,1,1,,0,0,0,1,8,0.2,-15.75,1,0,0,0,0,0,0,,,,0,0,0,0,,,4,0,0,,0,
46,1.000000,cg0350,cg0350,cg2610,cg2610,1,curated_positive,R,0,1,0,1,16,0.5625,experimental,0.8,1,1,1,CoryneRegNet,1,1,,0,0,0,0,,,,0,0,0,0,0,0,0,,,,0,0,0,0,,,7,0,0,,0,
47,1.000000,cg0350,cg0350,cg2616,vanA,1,curated_positive,R,0,1,0,1,16,0.375,predicted,0.25,0,1,1,CoryneRegNet,1,1,OP_cg2616,1,3,0,1,2,0.6617,-25.35,3,0,0,0,0,0,0,,,,0,0,0,0,,,4,0,0,,0,
48,1.000000,cg0350,cg0350,cg2636,catA1,1,curated_positive,R,0,1,0,1,16,0.5,predicted,0.25,0,1,1,CoryneRegNet,1,1,,0,0,0,0,,,,0,0,0,0,0,0,0,,,,0,0,0,0,,,7,0,0,,0,
49,1.000000,cg0350,cg0350,cg2642,benK1,1,curated_positive,R,0,1,0,1,16,0.4375,predicted,0.25,0,1,1,CoryneRegNet,1,1,OP_cg2642,1,2,0,1,3,0.1994,-14.17,1,0,0,0,0,0,0,,,,0,0,0,0,,,4,0,0,,0,
50,1.000000,cg0350,cg0350,cg2708,msiK1,1,curated_positive,R,0,1,0,1,16,0.4375,predicted,0.25,0,1,1,CoryneRegNet,1,1,OP_cg2708,1,2,0,1,7,0.8045,-12.71,1,0,0,0,0,0,0,,,,0,0,0,0,,,4,0,0,,0,
51,1.000000,cg0350,cg0350,cg2732,gntV,1,curated_positive,R,0,1,0,1,32,0.5,experimental,0.8,1,1,2,CoryneRegNet,1,1,,0,0,0,1,9,0.2122,-16.18,1,0,0,0,0,0,0,,,,0,0,0,0,,,4,0,0,,0,
52,1.000000,cg0350,cg0350,cg2824,cg2824,1,curated_positive,A,1,0,0,1,16,0.4375,experimental,0.8,1,1,1,CoryneRegNet,1,1,,0,0,0,1,2,0.7339,-18.55,1,0,0,0,0,0,0,,,,0,0,0,0,,,4,0,0,,0,
53,1.000000,cg0350,cg0350,cg2837,sucC,1,curated_positive,R,0,1,0,1,32,0.4062,experimental,0.8,1,1,3,CoryneRegNet,1,1,OP_cg2837,1,2,0,1,9,0.7809,-16.33,1,0,0,0,0,0,0,,,,0,0,0,0,,,4,0,0,,0,
54,1.000000,cg0350,cg0350,cg2966,cg2966,1,curated_positive,R,0,1,0,1,16,0.375,predicted,0.25,0,1,1,CoryneRegNet,1,1,,0,0,0,1,2,0.9456,-21.83,2,0,0,0,0,0,0,,,,0,0,0,0,,,4,0,0,,0,
55,1.000000,cg0350,cg0350,cg3048,pta,1,curated_positive,R,0,1,0,1,16,0.25,predicted,0.25,0,1,1,CoryneRegNet,1,1,OP_cg3048,1,2,0,1,3,0.9357,-20.69,2,0,0,0,0,0,0,,,,0,0,0,0,,,4,0,0,,0,
56,1.000000,cg0350,cg0350,cg3107,adhA,1,curated_positive,R,0,1,0,1,32,0.2812,predicted,0.25,0,1,1,CoryneRegNet,1,1,,0,0,0,1,1,0,-79.82,4,0,0,0,0,0,0,,,,0,0,0,0,,,4,0,0,,0,
57,1.000000,cg0350,cg0350,cg3169,pck,1,curated_positive,R,0,1,0,1,16,0.5,experimental,0.8,1,1,2,CoryneRegNet,1,1,,0,0,0,1,7,0.7605,-13.58,2,0,0,0,0,0,0,,,,0,0,0,0,,,4,0,0,,0,
58,1.000000,cg0350,cg0350,cg3195,cg3195,1,curated_positive,R,0,1,0,1,16,0.5,experimental,0.8,1,1,1,CoryneRegNet,1,1,,0,0,0,0,,,,0,0,0,0,0,0,0,,,,0,0,0,0,,,7,0,0,,0,
59,1.000000,cg0350,cg0350,cg3216,gntP,1,curated_positive,R,0,1,0,1,16,0.4375,experimental,0.8,1,1,2,CoryneRegNet,1,1,,0,0,0,0,,,,0,0,0,0,0,0,0,,,,0,0,0,0,,,7,0,0,,0,
60,1.000000,cg0350,cg0350,cg3251,cg3251,1,curated_positive,R,0,1,0,1,16,0.625,predicted,0.25,0,1,1,CoryneRegNet,1,1,OP_cg3251,1,2,0,1,1,0,-93.87,1,0,0,0,0,0,0,,,,0,0,0,0,,,4,0,0,,0,
61,1.000000,cg0350,cg0350,cg3352,cg3352,1,curated_positive,R,0,1,0,1,16,0.5,experimental + predicted,0.8,1,1,2,CoryneRegNet,1,1,,0,0,0,1,3,0.03635,-18.88,2,0,0,0,0,0,0,,,,0,0,0,0,,,4,0,0,,0,
62,1.000000,cg0350,cg0350,cg3353,benK2,1,curated_positive,R,0,1,0,1,32,0.4688,experimental + predicted,0.8,1,1,2,CoryneRegNet,1,1,OP_cg3353,1,2,0,1,6,0.9542,-18.58,1,0,0,0,0,0,0,,,,0,0,0,0,,,4,0,0,,0,
63,1.000000,cg0350,cg0350,cg3382,cg3382,1,curated_positive,A,1,0,0,1,16,0.1875,predicted,0.25,0,1,1,CoryneRegNet,1,1,,0,0,0,1,3,0.3551,-17.74,1,0,0,0,0,0,0,,,,0,0,0,0,,,4,0,0,,0,
64,1.000000,cg0444,cg0444,cg0052,cg0052,1,curated_positive,R,0,1,0,1,13,0.3846,predicted,0.25,0,1,1,CoryneRegNet,1,1,OP_cg0052,1,3,0,1,7,0.527,-19.59,1,0,0,0,0,0,0,,,,0,0,0,0,,,4,0,0,,0,
65,1.000000,cg0444,cg0444,cg0378,cg0378,1,curated_positive,R,0,1,0,1,13,0.3077,predicted,0.25,0,1,1,CoryneRegNet,1,1,,0,0,0,1,2,0.931,-14.45,6,0,0,0,0,0,0,,,,0,0,0,0,,,4,0,0,,0,
66,1.000000,cg0444,cg0444,cg0444,cg0444,1,curated_positive,R,0,1,0,1,13,0.3846,experimental,0.8,1,1,2,CoryneRegNet,1,1,,0,0,0,0,,,,0,0,0,0,0,0,0,,,,0,0,0,0,,,7,0,0,,0,
67,1.000000,cg0444,cg0444,cg0445,sdhCD,1,curated_positive,R,0,1,0,1,13,0.3846,predicted,0.25,0,1,2,CoryneRegNet,1,1,OP_cg0445,1,5,0,1,3,0.3369,-22.87,1,0,0,0,0,0,0,,,,0,0,0,0,,,4,0,0,,0,
68,1.000000,cg0444,cg0444,cg0763,mdh2,1,curated_positive,R,0,1,0,1,13,0.3846,predicted,0.25,0,1,1,CoryneRegNet,1,1,,0,0,0,1,8,0.1464,-14.14,1,0,0,0,0,0,0,,,,0,0,0,0,,,4,0,0,,0,
69,1.000000,cg0444,cg0444,cg0770,cg0770,1,curated_positive,R,0,1,0,1,13,0.2308,predicted,0.25,0,1,1,CoryneRegNet,1,1,OP_cg0771,1,5,0,1,7,0.3233,-22.56,1,0,0,0,0,0,0,,,,0,0,0,0,,,4,0,0,,0,
70,1.000000,cg0444,cg0444,cg0791,pyc,1,curated_positive,R,0,1,0,1,26,0.2692,experimental + predicted,0.8,1,1,2,CoryneRegNet,1,1,,0,0,0,1,2,0.5556,-17.04,5,0,0,0,0,0,0,,,,0,0,0,0,,,4,0,0,,0,
71,1.000000,cg0444,cg0444,cg0948,serC,1,curated_positive,R,0,1,0,1,11,0.2727,predicted,0.25,0,1,1,CoryneRegNet,1,1,,0,0,0,1,2,0.9545,-24.31,2,0,0,0,0,0,0,,,,0,0,0,0,,,4,0,0,,0,
72,1.000000,cg0444,cg0444,cg0949,gltA,1,curated_positive,R,0,1,0,1,26,0.2692,experimental + predicted,0.8,1,1,3,CoryneRegNet,1,1,OP_cg0949,1,2,0,1,6,0.1465,-19.5,1,0,0,0,0,0,0,,,,0,0,0,0,,,4,0,0,,0,
73,1.000000,cg0444,cg0444,cg0951,accDA,1,curated_positive,R,0,1,0,1,13,0.3077,predicted,0.25,0,1,1,CoryneRegNet,1,1,,0,0,0,0,,,,0,0,0,0,0,0,0,,,,0,0,0,0,,,7,0,0,,0,
74,1.000000,cg0444,cg0444,cg0952,cg0952,1,curated_positive,R,0,1,0,1,13,0.3077,experimental,0.8,1,1,1,CoryneRegNet,1,1,OP_cg0952,1,2,0,1,7,0.7473,-14.15,1,0,0,0,0,0,0,,,,0,0,0,0,,,4,0,0,,0,
75,1.000000,cg0444,cg0444,cg1537,ptsG,1,curated_positive,R,0,1,0,1,26,0.2692,experimental + predicted,0.8,1,1,2,CoryneRegNet,1,1,,0,0,0,0,,,,0,0,0,0,0,0,0,,,,0,0,0,0,,,7,0,0,,0,
76,1.000000,cg0444,cg0444,cg1737,acn,1,curated_positive,R,0,1,0,1,26,0.4231,predicted,0.25,0,1,1,CoryneRegNet,1,1,OP_cg1737,1,2,0,1,6,0.7028,-11.17,2,0,0,0,0,0,0,,,,0,0,0,0,,,4,0,0,,0,
77,1.000000,cg0444,cg0444,cg2079,cg2079,1,curated_positive,R,0,1,0,1,13,0.2308,predicted,0.25,0,1,1,CoryneRegNet,1,1,,0,0,0,1,3,0.4178,-18.3,3,0,0,0,0,0,0,,,,0,0,0,0,,,4,0,0,,0,
78,1.000000,cg0444,cg0444,cg2080,cg2080,1,curated_positive,R,0,1,0,1,13,0.2308,predicted,0.25,0,1,1,CoryneRegNet,1,1,,0,0,0,1,3,0.4503,-22.05,2,0,0,0,0,0,0,,,,0,0,0,0,,,4,0,0,,0,
79,1.000000,cg0444,cg0444,cg2234,cg2234,1,curated_positive,R,0,1,0,1,13,0.1538,predicted,0.25,0,1,1,CoryneRegNet,1,1,,0,0,0,0,,,,0,0,0,0,0,0,0,,,,0,0,0,0,,,7,0,0,,0,
80,1.000000,cg0444,cg0444,cg2466,aceE,1,curated_positive,A,1,0,0,1,13,0.2308,experimental,0.8,1,1,1,CoryneRegNet,1,1,,0,0,0,0,,,,0,0,0,0,0,0,0,,,,0,0,0,0,,,7,0,0,,0,
81,1.000000,cg0444,cg0444,cg2559,aceB,1,curated_positive,R,0,1,0,1,13,0.3077,experimental,0.8,1,1,2,CoryneRegNet,1,1,,0,0,0,0,,,,0,0,0,0,0,0,0,,,,0,0,0,0,,,7,0,0,,0,
82,1.000000,cg0444,cg0444,cg2560,aceA,1,curated_positive,R,0,1,0,1,13,0.3077,experimental,0.8,1,1,2,CoryneRegNet,1,1,,0,0,0,1,8,0.2,-15.75,1,0,0,0,0,0,0,,,,0,0,0,0,,,4,0,0,,0,
83,1.000000,cg0444,cg0444,cg2833,cysK,1,curated_positive,R,0,1,0,1,13,0.2308,predicted,0.25,0,1,1,CoryneRegNet,1,1,,0,0,0,1,4,0.7573,-18.27,1,0,0,0,0,0,0,,,,0,0,0,0,,,4,0,0,,0,
84,1.000000,cg0444,cg0444,cg2837,sucC,1,curated_positive,R,0,1,0,1,13,0.2308,predicted,0.25,0,1,1,CoryneRegNet,1,1,OP_cg2837,1,2,0,1,9,0.7809,-16.33,1,0,0,0,0,0,0,,,,0,0,0,0,,,4,0,0,,0,
85,1.000000,cg0444,cg0444,cg2925,ptsS,1,curated_positive,R,0,1,0,1,13,0.3077,experimental + predicted,0.8,1,1,2,CoryneRegNet,1,1,,0,0,0,1,13,0.9116,-12.39,0,0,0,0,0,0,0,,,,0,0,0,0,,,4,0,0,,0,
86,1.000000,cg0444,cg0444,cg3048,pta,1,curated_positive,R,0,1,0,1,26,0.2308,experimental,0.8,1,1,2,CoryneRegNet,1,1,OP_cg3048,1,2,0,1,3,0.9357,-20.69,2,0,0,0,0,0,0,,,,0,0,0,0,,,4,0,0,,0,
87,1.000000,cg0444,cg0444,cg3068,fda,1,curated_positive,R,0,1,0,1,13,0.3077,predicted,0.25,0,1,1,CoryneRegNet,1,1,,0,0,0,1,1,0,-112.25,2,0,0,0,0,0,0,,,,0,0,0,0,,,4,0,0,,0,
88,1.000000,cg0444,cg0444,cg3096,cg3096,1,curated_positive,R,0,1,0,1,13,0.1538,experimental,0.8,1,1,2,CoryneRegNet,1,1,,0,0,0,1,2,0.8607,-28.14,6,0,0,0,0,0,0,,,,0,0,0,0,,,4,0,0,,0,
89,1.000000,cg0444,cg0444,cg3107,adhA,1,curated_positive,R,0,1,0,1,26,0.2692,experimental,0.8,1,1,2,CoryneRegNet,1,1,,0,0,0,1,1,0,-79.82,4,0,0,0,0,0,0,,,,0,0,0,0,,,4,0,0,,0,
90,1.000000,cg0444,cg0444,cg3169,pck,1,curated_positive,R,0,1,0,1,26,0.2308,predicted,0.25,0,1,1,CoryneRegNet,1,1,,0,0,0,1,7,0.7605,-13.58,2,0,0,0,0,0,0,,,,0,0,0,0,,,4,0,0,,0,
91,1.000000,cg0454,cg0454,cg0454,cg0454,1,curated_positive,R,0,1,0,1,45,0.4444,predicted,0.1,0,0,0,CoryneRegNet,1,1,OP_cg0454,1,3,1,1,10,0.8361,-12.69,1,0,0,0,0,0,0,,,,0,0,0,0,,,4,0,0,,0,
92,1.000000,cg0463,cg0463,cg0464,ctpA,1,curated_positive,R,0,1,0,1,17,0.5294,experimental,0.8,1,1,3,CoryneRegNet,1,1,OP_cg0464,1,2,1,1,4,0.7691,-13.78,1,0,0,0,0,0,0,,,,0,0,0,0,,,4,0,0,,0,
93,1.000000,cg0463,cg0463,cg3282,cg3282,1,curated_positive,R,0,1,0,1,17,0.4706,experimental,0.8,1,1,2,CoryneRegNet,1,1,,0,0,0,0,,,,0,0,0,0,0,0,0,,,,0,0,0,0,,,7,0,0,,0,
94,1.000000,cg0463,cg0463,cg3411,cg3411,1,curated_positive,R,0,1,0,1,17,0.5294,experimental,0.8,1,1,1,CoryneRegNet,1,1,,0,0,0,0,,,,0,0,0,0,0,0,0,,,,0,0,0,0,,,7,0,0,,0,
95,1.000000,cg0862,mtrA,cg0133,cg0133,1,curated_positive,A,1,0,0,1,19,0.3158,experimental,0.8,1,1,1,CoryneRegNet,1,1,OP_cg0133,1,2,0,1,6,0.4167,-15.23,1,0,0,0,0,0,0,,,,0,0,0,0,,,4,0,0,,0,
96,1.000000,cg0862,mtrA,cg0859,cg0859,1,curated_positive,A,1,0,0,1,19,0.2105,experimental,0.8,1,1,1,CoryneRegNet,1,1,,0,0,0,0,,,,0,0,0,0,0,0,0,,,,0,0,0,0,,,7,0,0,,0,
97,1.000000,cg0862,mtrA,cg0896,cg0896,1,curated_positive,A,1,0,0,1,19,0.3158,experimental,0.8,1,1,1,CoryneRegNet,1,1,,0,0,0,0,,,,0,0,0,0,0,0,0,,,,0,0,0,0,,,7,0,0,,0,
98,1.000000,cg0862,mtrA,cg1016,betP,1,curated_positive,A,1,0,0,1,19,0.3158,experimental,0.8,1,1,2,CoryneRegNet,1,1,,0,0,0,0,,,,0,0,0,0,0,0,0,,,,0,0,0,0,,,7,0,0,,0,
99,1.000000,cg0862,mtrA,cg1612,cg1612,1,curated_positive,A,1,0,0,1,19,0.3158,experimental,0.8,1,1,1,CoryneRegNet,1,1,,0,0,0,0,,,,0,0,0,0,0,0,0,,,,0,0,0,0,,,7,0,0,,0,
100,1.000000,cg0862,mtrA,cg1665,cg1665,1,curated_positive,A,1,0,0,1,19,0.3158,experimental,0.8,1,1,1,CoryneRegNet,1,1,,0,0,0,1,2,0.8863,-9.99,6,0,0,0,0,0,0,,,,0,0,0,0,,,4,0,0,,0,
101,1.000000,cg0862,mtrA,cg1942,cg1942,1,curated_positive,A,1,0,0,1,19,0.2105,experimental,0.8,1,1,1,CoryneRegNet,1,1,,0,0,0,0,,,,0,0,0,0,0,0,0,,,,0,0,0,0,,,7,0,0,,0,
102,1.000000,cg0862,mtrA,cg1943,cg1943,1,curated_positive,A,1,0,0,1,19,0.4737,experimental,0.8,1,1,1,CoryneRegNet,1,1,,0,0,0,1,2,2.694e-06,-40.44,1,0,0,0,0,0,0,,,,0,0,0,0,,,4,0,0,,0,
103,1.000000,cg0862,mtrA,cg2096,cg2096,1,curated_positive,A,1,0,0,1,19,0.2105,experimental,0.8,1,1,1,CoryneRegNet,1,1,,0,0,0,1,6,0.2292,-15.38,1,0,0,0,0,0,0,,,,0,0,0,0,,,4,0,0,,0,
104,1.000000,cg0862,mtrA,cg2747,cg2747,1,curated_positive,R,0,1,0,1,19,0.4211,experimental,0.8,1,1,2,CoryneRegNet,1,1,,0,0,0,0,,,,0,0,0,0,0,0,0,,,,0,0,0,0,,,7,0,0,,0,
105,1.000000,cg0862,mtrA,cg2789,nrdH,1,curated_positive,A,1,0,0,1,19,0.4211,experimental,0.8,1,1,1,CoryneRegNet,1,1,OP_cg2789,1,3,0,0,,,,0,0,0,0,0,0,0,,,,0,0,0,0,,,7,0,0,,0,
106,1.000000,cg0862,mtrA,cg3138,cg3138,1,curated_positive,R,0,1,0,1,18,0.4444,experimental,0.8,1,1,1,CoryneRegNet,1,1,OP_cg3138,1,2,0,1,1,0.002754,-17.79,2,0,0,0,0,0,0,,,,0,0,0,0,,,4,0,0,,0,
107,1.000000,cg0862,mtrA,cg3395,proP,1,curated_positive,A,1,0,0,1,19,0.3158,experimental,0.8,1,1,2,CoryneRegNet,1,1,,0,0,0,1,7,0.4332,-8.87,2,0,0,0,0,0,0,,,,0,0,0,0,,,4,0,0,,0,
108,1.000000,cg0979,cg0979,cg0979,cg0979,1,curated_positive,R,0,1,0,1,13,0.4615,experimental,0.65,1,0,0,CoryneRegNet,1,1,OP_cg0979,1,3,1,0,,,,0,0,0,0,0,0,0,,,,0,0,0,0,,,7,0,0,,0,
109,1.000000,cg0986,amtR,cg0103,cg0103,1,curated_positive,R,0,1,0,1,98,0.2857,experimental,0.8,1,1,4,CoryneRegNet,1,1,,0,0,0,1,7,0.8219,-10.83,1,0,0,0,0,0,0,,,,0,0,0,0,,,4,0,0,,0,
110,1.000000,cg0986,amtR,cg0104,codA,1,curated_positive,R,0,1,0,1,42,0.3571,experimental,0.8,1,1,4,CoryneRegNet,1,1,,0,0,0,0,,,,0,0,0,0,0,0,0,,,,0,0,0,0,,,7,0,0,,0,
111,1.000000,cg0986,amtR,cg0228,cg0228,1,curated_positive,R,0,1,0,1,84,0.369,predicted,0.25,0,1,3,CoryneRegNet,1,1,,0,0,0,1,7,0.6175,-15.11,1,0,0,0,0,0,0,,,,0,0,0,0,,,4,0,0,,0,
112,1.000000,cg0986,amtR,cg0229,gltB,1,curated_positive,R,0,1,0,1,84,0.369,experimental,0.8,1,1,4,CoryneRegNet,1,1,OP_cg0229,1,2,0,1,8,0.6212,-13.4,1,0,0,0,0,0,0,,,,0,0,0,0,,,4,0,0,,0,
113,1.000000,cg0986,amtR,cg1256,dapD,1,curated_positive,R,0,1,0,1,14,0.5,experimental,0.8,1,1,2,CoryneRegNet,1,1,OP_cg1259,1,3,0,0,,,,0,0,0,0,0,0,0,,,,0,0,0,0,,,7,0,0,,0,
114,1.000000,cg0986,amtR,cg1295,cg1295,1,curated_positive,R,0,1,0,1,42,0.2381,experimental,0.8,1,1,3,CoryneRegNet,1,1,,0,0,0,1,1,0.1469,-25.05,2,0,0,0,0,0,0,,,,0,0,0,0,,,4,0,0,,0,
115,1.000000,cg0986,amtR,cg1785,amt,1,curated_positive,R,0,1,0,1,83,0.3373,experimental,0.8,1,1,4,CoryneRegNet,1,1,OP_cg1785,1,3,0,1,6,0.5324,-19.75,1,0,0,0,0,0,0,,,,0,0,0,0,,,4,0,0,,0,
116,1.000000,cg0986,amtR,cg2136,gluA,1,curated_positive,R,0,1,0,1,42,0.3095,experimental,0.8,1,1,4,CoryneRegNet,1,1,OP_cg2136,1,4,0,1,2,0.1322,-23.33,1,0,0,0,0,0,0,,,,0,0,0,0,,,4,0,0,,0,
117,1.000000,cg0986,amtR,cg2261,amtB,1,curated_positive,R,0,1,0,1,98,0.2959,experimental,0.8,1,1,4,CoryneRegNet,1,1,OP_cg2261,1,3,0,1,3,0.3177,-13.06,2,0,0,0,0,0,0,,,,0,0,0,0,,,4,0,0,,0,
118,1.000000,cg0986,amtR,cg2280,gdh,1,curated_positive,R,0,1,0,1,70,0.2429,experimental + predicted,0.8,1,1,3,CoryneRegNet,1,1,,0,0,0,0,,,,0,0,0,0,0,0,0,,,,0,0,0,0,,,7,0,0,,0,
119,1.000000,cg0993,cg0993,cg0993,cg0993,1,curated_positive,R,0,1,0,1,16,0.4375,predicted,0.1,0,0,0,CoryneRegNet,1,1,OP_cg0993,1,2,1,1,1,0,-102.18,1,0,0,0,0,0,0,,,,0,0,0,0,,,4,0,0,,0,
120,1.000000,cg1032,cg1032,cg1032,cg1032,1,curated_positive,R,0,1,0,1,32,0.5,experimental,0.65,1,0,0,CoryneRegNet,1,1,OP_cg1032,1,2,1,1,10,0.9074,-11.44,1,0,0,0,0,0,0,,,,0,0,0,0,,,4,0,0,,0,
121,1.000000,cg1053,cg1053,cg1054,mmpL2,1,curated_positive,R,0,1,0,1,17,0.5294,experimental,0.65,1,0,0,CoryneRegNet,1,1,OP_cg1054,1,2,1,1,1,0,-89.64,1,0,0,0,0,0,0,,,,0,0,0,0,,,4,0,0,,0,
122,1.000000,cg1120,cg1120,cg0445,sdhCD,1,curated_positive,R,0,1,0,1,36,0.6111,experimental,0.8,1,1,1,CoryneRegNet,1,1,OP_cg0445,1,5,0,1,3,0.3369,-22.87,1,0,0,0,0,0,0,,,,0,0,0,0,,,4,0,0,,0,
123,1.000000,cg1120,cg1120,cg1737,acn,1,curated_positive,R,0,1,0,1,36,0.5278,experimental,0.8,1,1,2,CoryneRegNet,1,1,OP_cg1737,1,2,0,1,6,0.7028,-11.17,2,0,0,0,0,0,0,,,,0,0,0,0,,,4,0,0,,0,
124,1.000000,cg1120,cg1120,cg2636,catA1,1,curated_positive,R,0,1,0,1,18,0.5,experimental,0.8,1,1,1,CoryneRegNet,1,1,,0,0,0,0,,,,0,0,0,0,0,0,0,,,,0,0,0,0,,,7,0,0,,0,
125,1.000000,cg1120,cg1120,cg3048,pta,1,curated_positive,R,0,1,0,1,36,0.5278,experimental,0.8,1,1,1,CoryneRegNet,1,1,OP_cg3048,1,2,0,1,3,0.9357,-20.69,2,0,0,0,0,0,0,,,,0,0,0,0,,,4,0,0,,0,
126,1.000000,cg1211,cg1211,cg1212,cg1212,1,curated_positive,R,0,1,0,1,34,0.3235,predicted,0.1,0,0,0,CoryneRegNet,1,1,,0,0,0,1,6,0.3818,-19.57,2,0,0,0,0,0,0,,,,0,0,0,0,,,4,0,0,,0,
127,1.000000,cg1218,cg1218,cg1218,cg1218,1,curated_positive,R,0,1,0,1,42,0.3333,experimental + predicted,0.8,1,1,3,CoryneRegNet,1,1,OP_cg1218,1,4,1,1,13,0.1751,-11.15,0,0,0,0,0,0,0,,,,0,0,0,0,,,4,0,0,,0,
128,1.000000,cg1308,cg1308,cg1309,cg1309,1,curated_positive,R,0,1,0,1,49,0.2653,experimental,0.8,1,1,4,CoryneRegNet,1,1,OP_cg1309,1,3,0,1,4,0.448,-24.96,3,0,0,0,0,0,0,,,,0,0,0,0,,,4,0,0,,0,
129,1.000000,cg1324,cg1324,cg1150,cg1150,1,curated_positive,R,0,1,0,1,18,0.2778,experimental,0.8,1,1,1,CoryneRegNet,1,1,,0,0,0,0,,,,0,0,0,0,0,0,0,,,,0,0,0,0,,,7,0,0,,0,
130,1.000000,cg1324,cg1324,cg1426,cg1426,1,curated_positive,R,0,1,0,1,18,0.2778,experimental,0.8,1,1,1,CoryneRegNet,1,1,,0,0,0,1,6,0.7237,-16.41,1,0,0,0,0,0,0,,,,0,0,0,0,,,4,0,0,,0,
131,1.000000,cg1324,cg1324,cg2329,cg2329,1,curated_positive,R,0,1,0,1,18,0.2222,experimental,0.8,1,1,1,CoryneRegNet,1,1,,0,0,0,0,,,,0,0,0,0,0,0,0,,,,0,0,0,0,,,7,0,0,,0,
132,1.000000,cg1324,cg1324,cg3237,sod,1,curated_positive,R,0,1,0,1,18,0.3333,predicted,0.25,0,1,1,CoryneRegNet,1,1,,0,0,0,1,5,0.936,-15.91,1,0,0,0,0,0,0,,,,0,0,0,0,,,4,0,0,,0,
133,1.000000,cg1340,cg1340,cg3141,hmp,1,curated_positive,R,0,1,0,1,10,0,experimental,0.8,1,1,2,CoryneRegNet,1,1,,0,0,0,1,5,0.9273,-18.19,1,0,0,0,0,0,0,,,,0,0,0,0,,,4,0,0,,0,
134,1.000000,cg1410,cg1410,cg1410,cg1410,1,curated_positive,R,0,1,0,1,14,0.4286,experimental,0.8,1,1,1,CoryneRegNet,1,1,OP_cg1410,1,5,1,1,4,0.4106,-14.49,2,0,0,0,0,0,0,,,,0,0,0,0,,,4,0,0,,0,
135,1.000000,cg1410,cg1410,cg1547,ccpA1,1,curated_positive,R,0,1,0,1,28,0.3571,experimental,0.8,1,1,1,CoryneRegNet,1,1,OP_cg1547,1,4,0,1,6,0.503,-18.26,2,0,0,0,0,0,0,,,,0,0,0,0,,,4,0,0,,0,
136,1.000000,cg1410,cg1410,cg2554,rbsK2,1,curated_positive,R,0,1,0,1,14,0.3571,experimental,0.8,1,1,1,CoryneRegNet,1,1,,0,0,0,0,,,,0,0,0,0,0,0,0,,,,0,0,0,0,,,7,0,0,,0,
137,1.000000,cg1425,lysG,cg1424,lysE,1,curated_positive,A,1,0,0,1,13,0.4615,experimental,0.8,1,1,2,CoryneRegNet,1,1,,0,0,0,1,2,0.284,-12.67,2,0,0,0,0,0,0,,,,0,0,0,0,,,4,0,0,,0,
138,1.000000,cg1547,ccpA1,cg1410,cg1410,1,curated_positive,R,0,1,0,1,14,0.4286,experimental,0.8,1,1,1,CoryneRegNet,1,1,OP_cg1410,1,5,0,1,4,0.4106,-14.49,2,0,0,0,0,0,0,,,,0,0,0,0,,,4,0,0,,0,
139,1.000000,cg1547,ccpA1,cg1547,ccpA1,1,curated_positive,R,0,1,0,1,28,0.3571,experimental,0.8,1,1,1,CoryneRegNet,1,1,OP_cg1547,1,4,1,1,6,0.503,-18.26,2,0,0,0,0,0,0,,,,0,0,0,0,,,4,0,0,,0,
140,1.000000,cg1547,ccpA1,cg2554,rbsK2,1,curated_positive,R,0,1,0,1,14,0.3571,experimental + predicted,0.8,1,1,1,CoryneRegNet,1,1,,0,0,0,0,,,,0,0,0,0,0,0,0,,,,0,0,0,0,,,7,0,0,,0,
141,1.000000,cg1552,cg1552,cg1552,cg1552,1,curated_positive,R,0,1,0,1,50,0.26,experimental,0.8,1,1,1,CoryneRegNet,1,1,,0,0,0,0,,,,0,0,0,0,0,0,0,,,,0,0,0,0,,,7,0,0,,0,
142,1.000000,cg1585,argR,cg1580,argC,1,curated_positive,R,0,1,0,1,26,0.3077,experimental,0.8,1,1,1,CoryneRegNet,1,1,OP_cg1580,1,6,1,1,7,0.9022,-11.23,1,0,0,0,0,0,0,,,,0,0,0,0,,,4,0,0,,0,
143,1.000000,cg1704,cg1704,cg1705,arsC2,1,curated_positive,R,0,1,0,1,32,0.2812,experimental,0.8,1,1,3,CoryneRegNet,1,1,OP_cg1705,1,3,0,1,8,0.8337,-14.56,1,0,0,0,0,0,0,,,,0,0,0,0,,,4,0,0,,0,
144,1.000000,cg1738,cg1738,cg1737,acn,1,curated_positive,R,0,1,0,1,16,0.5,experimental,0.8,1,1,2,CoryneRegNet,1,1,OP_cg1737,1,2,1,1,6,0.7028,-11.17,2,0,0,0,0,0,0,,,,0,0,0,0,,,4,0,0,,0,
145,1.000000,cg1817,pyrR,cg1817,pyrR,1,curated_positive,R,0,1,0,1,24,0.7083,experimental,0.8,1,1,1,CoryneRegNet,1,1,OP_cg1817,1,3,1,1,10,0.942,-10.76,1,0,0,0,0,0,0,,,,0,0,0,0,,,4,0,0,,0,
146,1.000000,cg1831,cg1831,cg1832,cg1832,1,curated_positive,R,0,1,0,1,20,0.3,predicted,0.1,0,0,0,CoryneRegNet,1,1,OP_cg1832,1,3,0,1,4,0.8413,-14.66,2,0,0,0,0,0,0,,,,0,0,0,0,,,4,0,0,,0,
147,1.000000,cg1846,cg1846,cg1845,cg1845,1,curated_positive,R,0,1,0,1,20,0.5,experimental,0.65,1,0,0,CoryneRegNet,1,1,OP_cg1845,1,2,0,1,2,0.14,-19.83,2,0,0,0,0,0,0,,,,0,0,0,0,,,4,0,0,,0,
148,1.000000,cg1935,cg1935,cg1537,ptsG,1,curated_positive,A,1,0,0,1,15,0.2,experimental,0.8,1,1,1,CoryneRegNet,1,1,,0,0,0,0,,,,0,0,0,0,0,0,0,,,,0,0,0,0,,,7,0,0,,0,
149,1.000000,cg1935,cg1935,cg1643,gnd,1,curated_positive,R,0,1,0,1,15,0.3333,experimental,0.8,1,1,1,CoryneRegNet,1,1,,0,0,0,0,,,,0,0,0,0,0,0,0,,,,0,0,0,0,,,7,0,0,,0,
150,1.000000,cg1935,cg1935,cg2732,gntV,1,curated_positive,R,0,1,0,1,15,0.2667,experimental,0.8,1,1,1,CoryneRegNet,1,1,,0,0,0,1,9,0.2122,-16.18,1,0,0,0,0,0,0,,,,0,0,0,0,,,4,0,0,,0,
151,1.000000,cg1935,cg1935,cg3216,gntP,1,curated_positive,R,0,1,0,1,15,0.2,experimental,0.8,1,1,1,CoryneRegNet,1,1,,0,0,0,0,,,,0,0,0,0,0,0,0,,,,0,0,0,0,,,7,0,0,,0,
152,1.000000,cg2092,sigA,cg0095,bioB,1,curated_positive,A,1,0,0,1,26,0.3846,experimental,0.8,1,1,1,CoryneRegNet,1,1,,0,0,0,1,2,0.3347,-14.62,4,0,0,0,0,0,0,,,,0,0,0,0,,,4,0,0,,0,
153,1.000000,cg2092,sigA,cg0146,cg0146,1,curated_positive,A,1,0,0,1,40,0.25,experimental,0.8,1,1,1,CoryneRegNet,1,1,OP_cg0146,1,2,0,1,9,0.9469,-12.85,1,0,0,0,0,0,0,,,,0,0,0,0,,,4,0,0,,0,
154,1.000000,cg2092,sigA,cg2147,cg2147,1,curated_positive,A,1,0,0,1,13,0.3846,experimental,0.8,1,1,1,CoryneRegNet,1,1,OP_cg2147,1,3,0,0,,,,0,0,0,0,0,0,0,,,,0,0,0,0,,,7,0,0,,0,
155,1.000000,cg2092,sigA,cg2885,bioA,1,curated_positive,A,1,0,0,1,13,0.3846,experimental,0.8,1,1,1,CoryneRegNet,1,1,OP_cg2885,1,2,0,0,,,,0,0,0,0,0,0,0,,,,0,0,0,0,,,7,0,0,,0,
156,1.000000,cg2103,dtxR,cg0445,sdhCD,1,curated_positive,A,1,0,0,1,19,0.3158,experimental,0.8,1,1,1,CoryneRegNet,1,1,OP_cg0445,1,5,0,1,3,0.3369,-22.87,1,0,0,0,0,0,0,,,,0,0,0,0,,,4,0,0,,0,
157,1.000000,cg2103,dtxR,cg0922,cg0922,1,curated_positive,R,0,1,0,1,19,0.3158,experimental,0.8,1,1,1,CoryneRegNet,1,1,OP_cg0922,1,2,0,1,8,0.9343,-19.73,1,0,0,0,0,0,0,,,,0,0,0,0,,,4,0,0,,0,
158,1.000000,cg2103,dtxR,cg0924,cg0924,1,curated_positive,R,0,1,0,1,19,0.4211,experimental,0.8,1,1,1,CoryneRegNet,1,1,,0,0,0,0,,,,0,0,0,0,0,0,0,,,,0,0,0,0,,,7,0,0,,0,
159,1.000000,cg2103,dtxR,cg1405,cg1405,1,curated_positive,R,0,1,0,1,19,0.4211,experimental,0.8,1,1,1,CoryneRegNet,1,1,,0,0,0,0,,,,0,0,0,0,0,0,0,,,,0,0,0,0,,,7,0,0,,0,
160,1.000000,cg2103,dtxR,cg1642,cg1642,1,curated_positive,R,0,1,0,1,19,0.4211,experimental,0.8,1,1,1,CoryneRegNet,1,1,,0,0,0,1,2,0.1132,-19.21,1,0,0,0,0,0,0,,,,0,0,0,0,,,4,0,0,,0,
161,1.000000,cg2103,dtxR,cg2234,cg2234,1,curated_positive,R,0,1,0,1,19,0.4211,experimental,0.8,1,1,1,CoryneRegNet,1,1,,0,0,0,0,,,,0,0,0,0,0,0,0,,,,0,0,0,0,,,7,0,0,,0,
162,1.000000,cg2103,dtxR,cg2311,cg2311,1,curated_positive,R,0,1,0,1,19,0.3158,experimental,0.8,1,1,1,CoryneRegNet,1,1,,0,0,0,1,6,0.311,-18.84,1,0,0,0,0,0,0,,,,0,0,0,0,,,4,0,0,,0,
163,1.000000,cg2103,dtxR,cg2445,hmuO,1,curated_positive,R,0,1,0,1,19,0.4737,experimental,0.8,1,1,1,CoryneRegNet,1,1,,0,0,0,1,1,0,-111.6,1,0,0,0,0,0,0,,,,0,0,0,0,,,4,0,0,,0,
164,1.000000,cg2103,dtxR,cg2782,ftn,1,curated_positive,A,1,0,0,1,19,0.4211,experimental,0.8,1,1,1,CoryneRegNet,1,1,,0,0,0,0,,,,0,0,0,0,0,0,0,,,,0,0,0,0,,,7,0,0,,0,
165,1.000000,cg2103,dtxR,cg2796,cg2796,1,curated_positive,R,0,1,0,1,19,0.4211,experimental,0.8,1,1,1,CoryneRegNet,1,1,,0,0,0,1,7,0.45,-14.9,2,0,0,0,0,0,0,,,,0,0,0,0,,,4,0,0,,0,
166,1.000000,cg2103,dtxR,cg3119,cysJ,1,curated_positive,R,0,1,0,1,19,0.4737,experimental,0.8,1,1,1,CoryneRegNet,1,1,,0,0,0,1,3,0.3971,-19.36,1,0,0,0,0,0,0,,,,0,0,0,0,,,4,0,0,,0,
167,1.000000,cg2103,dtxR,cg3327,dps,1,curated_positive,A,1,0,0,1,19,0.4211,experimental,0.8,1,1,1,CoryneRegNet,1,1,,0,0,0,1,1,0.002552,-23.92,3,0,0,0,0,0,0,,,,0,0,0,0,,,4,0,0,,0,
168,1.000000,cg2103,dtxR,cg3394,cg3394,1,curated_positive,R,0,1,0,1,19,0.3158,experimental,0.8,1,1,1,CoryneRegNet,1,1,,0,0,0,1,4,0.6964,-16.63,1,0,0,0,0,0,0,,,,0,0,0,0,,,4,0,0,,0,
169,1.000000,cg2103,dtxR,cg3404,cg3404,1,curated_positive,R,0,1,0,1,19,0.4211,experimental,0.8,1,1,1,CoryneRegNet,1,1,,0,0,0,1,6,0.7979,-23.3,1,0,0,0,0,0,0,,,,0,0,0,0,,,4,0,0,,0,
170,1.000000,cg2109,oxyR,cg2782,ftn,1,curated_positive,R,0,1,0,1,65,0.2923,experimental,0.8,1,1,2,CoryneRegNet,1,1,,0,0,0,0,,,,0,0,0,0,0,0,0,,,,0,0,0,0,,,7,0,0,,0,
171,1.000000,cg2112,cg2112,cg2789,nrdH,1,curated_positive,R,0,1,0,1,48,0.4375,predicted,0.25,0,1,1,CoryneRegNet,1,1,OP_cg2789,1,3,0,0,,,,0,0,0,0,0,0,0,,,,0,0,0,0,,,7,0,0,,0,
172,1.000000,cg2114,lexA,cg0713,cg0713,1,curated_positive,R,0,1,0,1,16,0.5,experimental,0.8,1,1,1,CoryneRegNet,1,1,OP_cg0713,1,2,0,1,4,0.1405,-14.63,1,0,0,0,0,0,0,,,,0,0,0,0,,,4,0,0,,0,
173,1.000000,cg2114,lexA,cg0738,dnaE2,1,curated_positive,R,0,1,0,1,16,0.25,experimental,0.8,1,1,1,CoryneRegNet,1,1,,0,0,0,1,4,0.8785,-10.08,3,0,0,0,0,0,0,,,,0,0,0,0,,,4,0,0,,0,
174,1.000000,cg2114,lexA,cg0742,cg0742,1,curated_positive,R,0,1,0,1,16,0.4375,experimental,0.8,1,1,1,CoryneRegNet,1,1,,0,0,0,1,1,0.113,-13.97,2,0,0,0,0,0,0,,,,0,0,0,0,,,4,0,0,,0,
175,1.000000,cg2114,lexA,cg0834,cg0834,1,curated_positive,A,1,0,0,1,16,0.4375,experimental,0.8,1,1,1,CoryneRegNet,1,1,,0,0,0,0,,,,0,0,0,0,0,0,0,,,,0,0,0,0,,,7,0,0,,0,
176,1.000000,cg2114,lexA,cg0841,cg0841,1,curated_positive,R,0,1,0,1,16,0.375,experimental,0.8,1,1,1,CoryneRegNet,1,1,,0,0,0,0,,,,0,0,0,0,0,0,0,,,,0,0,0,0,,,7,0,0,,0,
177,1.000000,cg2114,lexA,cg0898,cg0898,1,curated_positive,A,1,0,0,1,16,0.3125,experimental,0.8,1,1,1,CoryneRegNet,1,1,OP_cg0898,1,2,0,1,7,0.3847,-23.39,2,0,0,0,0,0,0,,,,0,0,0,0,,,4,0,0,,0,
178,1.000000,cg2114,lexA,cg1255,cg1255,1,curated_positive,R,0,1,0,1,16,0.3125,experimental,0.8,1,1,1,CoryneRegNet,1,1,,0,0,0,0,,,,0,0,0,0,0,0,0,,,,0,0,0,0,,,7,0,0,,0,
179,1.000000,cg2114,lexA,cg1314,putP,1,curated_positive,A,1,0,0,1,16,0.5,experimental,0.8,1,1,1,CoryneRegNet,1,1,,0,0,0,0,,,,0,0,0,0,0,0,0,,,,0,0,0,0,,,7,0,0,,0,
180,1.000000,cg2114,lexA,cg1408,cg1408,1,curated_positive,R,0,1,0,1,16,0.4375,experimental,0.8,1,1,1,CoryneRegNet,1,1,,0,0,0,0,,,,0,0,0,0,0,0,0,,,,0,0,0,0,,,7,0,0,,0,
181,1.000000,cg2114,lexA,cg1560,uvrA,1,curated_positive,R,0,1,0,1,16,0.4375,experimental,0.8,1,1,1,CoryneRegNet,1,1,,0,0,0,1,1,0.011,-24.76,1,0,0,0,0,0,0,,,,0,0,0,0,,,4,0,0,,0,
182,1.000000,cg2114,lexA,cg1602,recN,1,curated_positive,R,0,1,0,1,16,0.375,experimental,0.8,1,1,1,CoryneRegNet,1,1,,0,0,0,0,,,,0,0,0,0,0,0,0,,,,0,0,0,0,,,7,0,0,,0,
183,1.000000,cg2114,lexA,cg1871,ruvC,1,curated_positive,R,0,1,0,1,16,0.4375,experimental,0.8,1,1,1,CoryneRegNet,1,1,OP_cg1871,1,3,0,1,3,0.1144,-18.11,1,0,0,0,0,0,0,,,,0,0,0,0,,,4,0,0,,0,
184,1.000000,cg2114,lexA,cg1884,cg1884,1,curated_positive,R,0,1,0,1,32,0.4062,experimental,0.8,1,1,1,CoryneRegNet,1,1,OP_cg1884,1,3,0,0,,,,0,0,0,0,0,0,0,,,,0,0,0,0,,,7,0,0,,0,
185,1.000000,cg2114,lexA,cg1977,cg1977,1,curated_positive,R,0,1,0,1,32,0.3125,experimental,0.8,1,1,1,CoryneRegNet,1,1,,0,0,0,0,,,,0,0,0,0,0,0,0,,,,0,0,0,0,,,7,0,0,,0,
186,1.000000,cg2114,lexA,cg2026,cg2026,1,curated_positive,R,0,1,0,1,16,0.25,experimental,0.8,1,1,1,CoryneRegNet,1,1,,0,0,0,0,,,,0,0,0,0,0,0,0,,,,0,0,0,0,,,7,0,0,,0,
187,1.000000,cg2114,lexA,cg2034,cg2034,1,curated_positive,R,0,1,0,1,16,0.375,experimental,0.8,1,1,1,CoryneRegNet,1,1,,0,0,0,1,8,0.6509,-17.95,1,0,0,0,0,0,0,,,,0,0,0,0,,,4,0,0,,0,
188,1.000000,cg2114,lexA,cg2113,cg2113,1,curated_positive,R,0,1,0,1,16,0.5,experimental,0.8,1,1,1,CoryneRegNet,1,1,OP_cg2113,1,2,0,0,,,,0,0,0,0,0,0,0,,,,0,0,0,0,,,7,0,0,,0,
189,1.000000,cg2114,lexA,cg2141,recA,1,curated_positive,R,0,1,0,1,16,0.5,experimental,0.8,1,1,1,CoryneRegNet,1,1,OP_cg2141,1,2,0,1,1,0,-89.3,1,0,0,0,0,0,0,,,,0,0,0,0,,,4,0,0,,0,
190,1.000000,cg2114,lexA,cg2381,cg2381,1,curated_positive,R,0,1,0,1,16,0.3125,experimental,0.8,1,1,1,CoryneRegNet,1,1,,0,0,0,1,3,0.3305,-24.93,2,0,0,0,0,0,0,,,,0,0,0,0,,,4,0,0,,0,
191,1.000000,cg2114,lexA,cg2449,cg2449,1,curated_positive,R,0,1,0,1,16,0.4375,experimental,0.8,1,1,1,CoryneRegNet,1,1,,0,0,0,1,5,0.953,-16.17,1,0,0,0,0,0,0,,,,0,0,0,0,,,4,0,0,,0,
192,1.000000,cg2114,lexA,cg2504,cg2504,1,curated_positive,R,0,1,0,1,16,0.375,experimental,0.8,1,1,1,CoryneRegNet,1,1,,0,0,0,0,,,,0,0,0,0,0,0,0,,,,0,0,0,0,,,7,0,0,,0,
193,1.000000,cg2114,lexA,cg2683,cg2683,1,curated_positive,R,0,1,0,1,16,0.625,experimental,0.8,1,1,1,CoryneRegNet,1,1,,0,0,0,1,8,0.7285,-17.06,1,0,0,0,0,0,0,,,,0,0,0,0,,,4,0,0,,0,
194,1.000000,cg2114,lexA,cg2733,cg2733,1,curated_positive,R,0,1,0,1,16,0.375,experimental,0.8,1,1,1,CoryneRegNet,1,1,,0,0,0,1,4,0.2165,-20.96,1,0,0,0,0,0,0,,,,0,0,0,0,,,4,0,0,,0,
195,1.000000,cg2114,lexA,cg2950,radA,1,curated_positive,R,0,1,0,1,16,0.5,experimental,0.8,1,1,1,CoryneRegNet,1,1,OP_cg2950,1,2,0,1,3,0.9234,-17.75,2,0,0,0,0,0,0,,,,0,0,0,0,,,4,0,0,,0,
196,1.000000,cg2114,lexA,cg3345,cg3345,1,curated_positive,R,0,1,0,1,16,0.375,experimental,0.8,1,1,1,CoryneRegNet,1,1,,0,0,0,0,,,,0,0,0,0,0,0,0,,,,0,0,0,0,,,7,0,0,,0,
197,1.000000,cg2115,cg2115,cg1537,ptsG,1,curated_positive,R,0,1,0,1,9,0.4444,experimental,0.8,1,1,4,CoryneRegNet,1,1,,0,0,0,0,,,,0,0,0,0,0,0,0,,,,0,0,0,0,,,7,0,0,,0,
198,1.000000,cg2115,cg2115,cg2115,cg2115,1,curated_positive,R,0,1,0,1,9,0.4444,predicted,0.25,0,1,2,CoryneRegNet,1,1,OP_cg2115,1,2,1,1,7,0.1506,-17.54,2,0,0,0,0,0,0,,,,0,0,0,0,,,4,0,0,,0,
199,1.000000,cg2115,cg2115,cg2118,cg2118,1,curated_positive,R,0,1,0,1,9,0.5556,experimental,0.8,1,1,4,CoryneRegNet,1,1,OP_cg2118,1,3,0,1,5,0.2183,-20.76,1,0,0,0,0,0,0,,,,0,0,0,0,,,4,0,0,,0,
200,1.000000,cg2152,cg2152,cg0892,cg0892,1,curated_positive,A,1,0,0,1,18,0.5,experimental,0.8,1,1,1,CoryneRegNet,1,1,,0,0,0,1,8,0.5696,-12.05,1,0,0,0,0,0,0,,,,0,0,0,0,,,4,0,0,,0,
201,1.000000,cg2152,cg2152,cg2126,cg2126,1,curated_positive,A,1,0,0,1,18,0.6111,experimental,0.8,1,1,1,CoryneRegNet,1,1,,0,0,0,1,8,0.9386,-15.72,2,0,0,0,0,0,0,,,,0,0,0,0,,,4,0,0,,0,
202,1.000000,cg2152,cg2152,cg2645,clpP1,1,curated_positive,A,1,0,0,1,18,0.4444,experimental,0.8,1,1,2,CoryneRegNet,1,1,OP_cg2645,1,2,0,1,2,0.7004,-16.12,1,0,0,0,0,0,0,,,,0,0,0,0,,,4,0,0,,0,
203,1.000000,cg2152,cg2152,cg2873,ptrB,1,curated_positive,A,1,0,0,1,18,0.5556,experimental,0.8,1,1,1,CoryneRegNet,1,1,,0,0,0,1,6,0.9198,-11.53,1,0,0,0,0,0,0,,,,0,0,0,0,,,4,0,0,,0,
204,1.000000,cg2152,cg2152,cg2963,clpC,1,curated_positive,A,1,0,0,1,18,0.5556,experimental,0.8,1,1,2,CoryneRegNet,1,1,,0,0,0,1,1,0.4607,-13.37,3,0,0,0,0,0,0,,,,0,0,0,0,,,4,0,0,,0,
205,1.000000,cg2200,cg2200,cg2202,cg2202,1,curated_positive,A,1,0,0,1,25,0.56,experimental,0.8,1,1,1,CoryneRegNet,1,1,OP_cg2202,1,2,0,1,4,0.9397,-18.57,1,0,0,0,0,0,0,,,,0,0,0,0,,,4,0,0,,0,
206,1.000000,cg2309,cg2309,cg0095,bioB,1,curated_positive,R,0,1,0,1,60,0.3667,experimental + predicted,0.8,1,1,2,CoryneRegNet,1,1,,0,0,0,1,2,0.3347,-14.62,4,0,0,0,0,0,0,,,,0,0,0,0,,,4,0,0,,0,
207,1.000000,cg2309,cg2309,cg2147,cg2147,1,curated_positive,R,0,1,0,1,30,0.4333,experimental + predicted,0.8,1,1,2,CoryneRegNet,1,1,OP_cg2147,1,3,0,0,,,,0,0,0,0,0,0,0,,,,0,0,0,0,,,7,0,0,,0,
208,1.000000,cg2502,fur,cg0042,cg0042,1,curated_positive,R,0,1,0,1,21,0.2381,experimental,0.8,1,1,1,CoryneRegNet,1,1,OP_cg0042,1,3,0,1,8,0.8423,-10.68,1,0,0,0,0,0,0,,,,0,0,0,0,,,4,0,0,,0,
209,1.000000,cg2502,fur,cg0794,cg0794,1,curated_positive,R,0,1,0,1,42,0.2143,experimental,0.8,1,1,1,CoryneRegNet,1,1,,0,0,0,1,1,0.03551,-52.25,2,0,0,0,0,0,0,,,,0,0,0,0,,,4,0,0,,0,
210,1.000000,cg2502,fur,cg2911,cg2911,1,curated_positive,R,0,1,0,1,21,0.2857,experimental,0.8,1,1,1,CoryneRegNet,1,1,OP_cg2911,1,3,0,1,5,0.6085,-14.91,1,0,0,0,0,0,0,,,,0,0,0,0,,,4,0,0,,0,
211,1.000000,cg2516,hrcA,cg0690,groES,1,curated_positive,R,0,1,0,1,54,0.5741,experimental + predicted,0.8,1,1,3,CoryneRegNet,1,1,OP_cg0690,1,2,0,1,2,0.7229,-19.75,3,0,0,0,0,0,0,,,,0,0,0,0,,,4,0,0,,0,
212,1.000000,cg2516,hrcA,cg3011,groEL,1,curated_positive,R,0,1,0,1,54,0.4815,experimental + predicted,0.8,1,1,3,CoryneRegNet,1,1,,0,0,0,1,1,0,-85.95,4,0,0,0,0,0,0,,,,0,0,0,0,,,4,0,0,,0,
213,1.000000,cg2615,cg2615,cg2616,vanA,1,curated_positive,R,0,1,0,1,47,0.2553,experimental,0.8,1,1,3,CoryneRegNet,1,1,OP_cg2616,1,3,0,1,2,0.6617,-25.35,3,0,0,0,0,0,0,,,,0,0,0,0,,,4,0,0,,0,
214,1.000000,cg2624,pcaR,cg1226,pobB,1,curated_positive,R,0,1,0,1,15,0.6,predicted,0.25,0,1,1,CoryneRegNet,1,1,OP_cg1226,1,2,0,0,,,,0,0,0,0,0,0,0,,,,0,0,0,0,,,7,0,0,,0,
215,1.000000,cg2624,pcaR,cg2623,scoA,1,curated_positive,R,0,1,0,1,15,0.5333,experimental,0.8,1,1,1,CoryneRegNet,1,1,OP_cg2623,1,2,0,0,,,,0,0,0,0,0,0,0,,,,0,0,0,0,,,7,0,0,,0,
216,1.000000,cg2624,pcaR,cg2624,pcaR,1,curated_positive,R,0,1,0,1,15,0.5333,predicted,0.1,0,0,0,CoryneRegNet,1,1,OP_cg2624,1,4,1,1,13,0.9304,-11.22,0,0,0,0,0,0,0,,,,0,0,0,0,,,4,0,0,,0,
217,1.000000,cg2624,pcaR,cg2631,pcaH,1,curated_positive,R,0,1,0,1,15,0.7333,predicted,0.25,0,1,1,CoryneRegNet,1,1,OP_cg2631,1,4,0,1,9,0.2205,-17.81,1,0,0,0,0,0,0,,,,0,0,0,0,,,4,0,0,,0,
218,1.000000,cg2627,cg2627,cg2631,pcaH,1,curated_positive,A,1,0,0,1,20,0.6,experimental,0.8,1,1,1,CoryneRegNet,1,1,OP_cg2631,1,4,0,1,9,0.2205,-17.81,1,0,0,0,0,0,0,,,,0,0,0,0,,,4,0,0,,0,
219,1.000000,cg2737,cg2737,cg0802,accBC,1,curated_positive,R,0,1,0,1,29,0.4138,experimental,0.8,1,1,1,CoryneRegNet,1,1,,0,0,0,1,1,0,-104.18,1,0,0,0,0,0,0,,,,0,0,0,0,,,4,0,0,,0,
220,1.000000,cg2783,cg2783,cg0766,icd,1,curated_positive,A,1,0,0,1,15,0.4,experimental,0.8,1,1,1,CoryneRegNet,1,1,,0,0,0,1,5,0.5803,-22.13,2,0,0,0,0,0,0,,,,0,0,0,0,,,4,0,0,,0,
221,1.000000,cg2783,cg2783,cg1069,gapX,1,curated_positive,A,1,0,0,1,15,0.2667,experimental,0.8,1,1,1,CoryneRegNet,1,1,,0,0,0,1,3,0.8922,-18.71,3,0,0,0,0,0,0,,,,0,0,0,0,,,4,0,0,,0,
222,1.000000,cg2783,cg2783,cg1537,ptsG,1,curated_positive,A,1,0,0,1,15,0.2,experimental,0.8,1,1,1,CoryneRegNet,1,1,,0,0,0,0,,,,0,0,0,0,0,0,0,,,,0,0,0,0,,,7,0,0,,0,
223,1.000000,cg2783,cg2783,cg2291,pyk,1,curated_positive,R,0,1,0,1,15,0.4,experimental,0.8,1,1,1,CoryneRegNet,1,1,,0,0,0,1,9,0.3262,-15.15,1,0,0,0,0,0,0,,,,0,0,0,0,,,4,0,0,,0,
224,1.000000,cg2783,cg2783,cg2732,gntV,1,curated_positive,R,0,1,0,1,15,0.2667,experimental,0.8,1,1,1,CoryneRegNet,1,1,,0,0,0,1,9,0.2122,-16.18,1,0,0,0,0,0,0,,,,0,0,0,0,,,4,0,0,,0,
225,1.000000,cg2783,cg2783,cg3216,gntP,1,curated_positive,R,0,1,0,1,15,0.2,experimental,0.8,1,1,1,CoryneRegNet,1,1,,0,0,0,0,,,,0,0,0,0,0,0,0,,,,0,0,0,0,,,7,0,0,,0,
226,1.000000,cg2831,cg2831,cg0445,sdhCD,1,curated_positive,A,1,0,0,1,16,0.6875,experimental + predicted,0.8,1,1,3,CoryneRegNet,1,1,OP_cg0445,1,5,0,1,3,0.3369,-22.87,1,0,0,0,0,0,0,,,,0,0,0,0,,,4,0,0,,0,
227,1.000000,cg2831,cg2831,cg0952,cg0952,1,curated_positive,A,1,0,0,1,33,0.6061,experimental,0.8,1,1,1,CoryneRegNet,1,1,OP_cg0952,1,2,0,1,7,0.7473,-14.15,1,0,0,0,0,0,0,,,,0,0,0,0,,,4,0,0,,0,
228,1.000000,cg2831,cg2831,cg1737,acn,1,curated_positive,A,1,0,0,1,19,0.6316,experimental + predicted,0.8,1,1,3,CoryneRegNet,1,1,OP_cg1737,1,2,0,1,6,0.7028,-11.17,2,0,0,0,0,0,0,,,,0,0,0,0,,,4,0,0,,0,
229,1.000000,cg2831,cg2831,cg1791,gap,1,curated_positive,A,1,0,0,1,37,0.7568,experimental,0.8,1,1,2,CoryneRegNet,1,1,,0,0,0,1,1,0.005371,-16.88,3,0,0,0,0,0,0,,,,0,0,0,0,,,4,0,0,,0,
230,1.000000,cg2831,cg2831,cg2115,cg2115,1,curated_positive,A,1,0,0,1,32,0.6875,experimental,0.8,1,1,1,CoryneRegNet,1,1,OP_cg2115,1,2,0,1,7,0.1506,-17.54,2,0,0,0,0,0,0,,,,0,0,0,0,,,4,0,0,,0,
231,1.000000,cg2831,cg2831,cg2559,aceB,1,curated_positive,A,1,0,0,1,34,0.7647,experimental,0.8,1,1,1,CoryneRegNet,1,1,,0,0,0,0,,,,0,0,0,0,0,0,0,,,,0,0,0,0,,,7,0,0,,0,
232,1.000000,cg2831,cg2831,cg2560,aceA,1,curated_positive,A,1,0,0,1,34,0.7647,experimental,0.8,1,1,1,CoryneRegNet,1,1,,0,0,0,1,8,0.2,-15.75,1,0,0,0,0,0,0,,,,0,0,0,0,,,4,0,0,,0,
233,1.000000,cg2831,cg2831,cg3048,pta,1,curated_positive,A,1,0,0,1,35,0.6286,experimental,0.8,1,1,1,CoryneRegNet,1,1,OP_cg3048,1,2,0,1,3,0.9357,-20.69,2,0,0,0,0,0,0,,,,0,0,0,0,,,4,0,0,,0,
234,1.000000,cg2831,cg2831,cg3169,pck,1,curated_positive,A,1,0,0,1,16,0.625,experimental + predicted,0.8,1,1,3,CoryneRegNet,1,1,,0,0,0,1,7,0.7605,-13.58,2,0,0,0,0,0,0,,,,0,0,0,0,,,4,0,0,,0,
235,1.000000,cg2888,cgtR3,cg0085,phoH1,1,curated_positive,A,1,0,0,1,38,0.4474,experimental,0.8,1,1,1,CoryneRegNet,1,1,,0,0,0,1,8,0.6772,-20.33,1,0,0,0,0,0,0,,,,0,0,0,0,,,4,0,0,,0,
236,1.000000,cg2888,cgtR3,cg1568,ugpA,1,curated_positive,A,1,0,0,1,19,0.5789,experimental,0.8,1,1,1,CoryneRegNet,1,1,OP_cg1568,1,4,0,1,4,0.2677,-16.61,1,0,0,0,0,0,0,,,,0,0,0,0,,,4,0,0,,0,
237,1.000000,cg2888,cgtR3,cg2888,cgtR3,1,curated_positive,A,1,0,0,1,19,0.3158,experimental,0.8,1,1,2,CoryneRegNet,1,1,OP_cg2888,1,2,1,1,6,0.5305,-20.66,1,0,0,0,0,0,0,,,,0,0,0,0,,,4,0,0,,0,
238,1.000000,cg2894,cg2894,cg2893,cg2893,1,curated_positive,R,0,1,0,1,30,0.4333,experimental,0.8,1,1,2,CoryneRegNet,1,1,OP_cg2893,1,2,1,1,2,0.9357,-21.62,3,0,0,0,0,0,0,,,,0,0,0,0,,,4,0,0,,0,
239,1.000000,cg2910,cg2910,cg0534,cg0534,1,curated_positive,R,0,1,0,1,32,0.4375,experimental,0.8,1,1,1,CoryneRegNet,1,1,,0,0,0,0,,,,0,0,0,0,0,0,0,,,,0,0,0,0,,,7,0,0,,0,
240,1.000000,cg2910,cg2910,cg1421,cg1421,1,curated_positive,R,0,1,0,1,16,0.4375,experimental,0.8,1,1,1,CoryneRegNet,1,1,,0,0,0,1,3,0.07177,-18.2,2,0,0,0,0,0,0,,,,0,0,0,0,,,4,0,0,,0,
241,1.000000,cg2910,cg2910,cg3195,cg3195,1,curated_positive,A,1,0,0,1,16,0.5,experimental,0.8,1,1,1,CoryneRegNet,1,1,,0,0,0,0,,,,0,0,0,0,0,0,0,,,,0,0,0,0,,,7,0,0,,0,
242,1.000000,cg2910,cg2910,cg3210,cg3210,1,curated_positive,A,1,0,0,1,16,0.4375,experimental,0.8,1,1,1,CoryneRegNet,1,1,,0,0,0,0,,,,0,0,0,0,0,0,0,,,,0,0,0,0,,,7,0,0,,0,
243,1.000000,cg2910,cg2910,cg3323,cg3323,1,curated_positive,A,1,0,0,1,32,0.4375,experimental,0.8,1,1,1,CoryneRegNet,1,1,,0,0,0,0,,,,0,0,0,0,0,0,0,,,,0,0,0,0,,,7,0,0,,0,
244,1.000000,cg3097,hspR,cg2152,cg2152,1,curated_positive,R,0,1,0,1,21,0.4762,experimental,0.8,1,1,2,CoryneRegNet,1,1,,0,0,0,1,4,0.2214,-17.04,1,0,0,0,0,0,0,,,,0,0,0,0,,,4,0,0,,0,
245,1.000000,cg3097,hspR,cg3079,clpB,1,curated_positive,R,0,1,0,1,42,0.4524,experimental + predicted,0.8,1,1,4,CoryneRegNet,1,1,,0,0,0,0,,,,0,0,0,0,0,0,0,,,,0,0,0,0,,,7,0,0,,0,
246,1.000000,cg3202,cg3202,cg2280,gdh,1,curated_positive,R,0,1,0,1,20,0.45,experimental,0.8,1,1,1,CoryneRegNet,1,1,,0,0,0,0,,,,0,0,0,0,0,0,0,,,,0,0,0,0,,,7,0,0,,0,
247,1.000000,cg3239,cg3239,cg3239,cg3239,1,curated_positive,R,0,1,0,1,15,0.3333,predicted,0.1,0,0,0,CoryneRegNet,1,1,,0,0,0,1,9,0.9028,-13.44,2,0,0,0,0,0,0,,,,0,0,0,0,,,4,0,0,,0,
248,1.000000,cg3253,mcbR,cg0012,cg0012,1,curated_positive,R,0,1,0,1,32,0.4375,predicted,0.25,0,1,1,CoryneRegNet,1,1,,0,0,0,1,4,0.19,-16.88,1,0,0,0,0,0,0,,,,0,0,0,0,,,4,0,0,,0,
249,1.000000,cg3253,mcbR,cg0156,cg0156,1,curated_positive,R,0,1,0,1,32,0.4688,predicted,0.25,0,1,1,CoryneRegNet,1,1,,0,0,0,1,1,0,-79.39,3,0,0,0,0,0,0,,,,0,0,0,0,,,4,0,0,,0,
250,1.000000,cg3253,mcbR,cg0755,metY,1,curated_positive,R,0,1,0,1,32,0.4062,experimental,0.8,1,1,2,CoryneRegNet,1,1,,0,0,0,1,2,0.9187,-16.33,3,0,0,0,0,0,0,,,,0,0,0,0,,,4,0,0,,0,
251,1.000000,cg3253,mcbR,cg1147,cg1147,1,curated_positive,R,0,1,0,1,16,0.3125,predicted,0.25,0,1,1,CoryneRegNet,1,1,,0,0,0,1,7,0.9107,-8.85,1,0,0,0,0,0,0,,,,0,0,0,0,,,4,0,0,,0,
252,1.000000,cg3253,mcbR,cg1151,ssiE,1,curated_positive,R,0,1,0,1,16,0.3125,predicted,0.25,0,1,1,CoryneRegNet,1,1,OP_cg1151,1,3,0,1,1,0.942,-13.13,2,0,0,0,0,0,0,,,,0,0,0,0,,,4,0,0,,0,
253,1.000000,cg3253,mcbR,cg1156,ssuD2,1,curated_positive,R,0,1,0,1,16,0.5,predicted,0.25,0,1,1,CoryneRegNet,1,1,,0,0,0,0,,,,0,0,0,0,0,0,0,,,,0,0,0,0,,,7,0,0,,0,
254,1.000000,cg3253,mcbR,cg1376,ssuD1,1,curated_positive,R,0,1,0,1,48,0.4792,predicted,0.25,0,1,1,CoryneRegNet,1,1,OP_cg1376,1,4,0,1,3,0.9187,-14.21,2,0,0,0,0,0,0,,,,0,0,0,0,,,4,0,0,,0,
255,1.000000,cg3253,mcbR,cg1386,fixA,1,curated_positive,R,0,1,0,1,16,0.4375,predicted,0.25,0,1,1,CoryneRegNet,1,1,OP_cg1386,1,3,0,0,,,,0,0,0,0,0,0,0,,,,0,0,0,0,,,7,0,0,,0,
256,1.000000,cg3253,mcbR,cg1739,cg1739,1,curated_positive,R,0,1,0,1,16,0.4375,predicted,0.25,0,1,1,CoryneRegNet,1,1,,0,0,0,1,6,0.8841,-15.46,2,0,0,0,0,0,0,,,,0,0,0,0,,,4,0,0,,0,
257,1.000000,cg3253,mcbR,cg2687,metB,1,curated_positive,R,0,1,0,1,16,0.5,predicted,0.25,0,1,2,CoryneRegNet,1,1,,0,0,0,1,6,0.2787,-12.25,2,0,0,0,0,0,0,,,,0,0,0,0,,,4,0,0,,0,
258,1.000000,cg3253,mcbR,cg2833,cysK,1,curated_positive,R,0,1,0,1,16,0.375,experimental,0.8,1,1,2,CoryneRegNet,1,1,,0,0,0,1,4,0.7573,-18.27,1,0,0,0,0,0,0,,,,0,0,0,0,,,4,0,0,,0,
259,1.000000,cg3253,mcbR,cg3119,cysJ,1,curated_positive,R,0,1,0,1,16,0.5625,predicted,0.25,0,1,2,CoryneRegNet,1,1,,0,0,0,1,3,0.3971,-19.36,1,0,0,0,0,0,0,,,,0,0,0,0,,,4,0,0,,0,
260,1.000000,cg3253,mcbR,cg3253,mcbR,1,curated_positive,R,0,1,0,1,16,0.5,experimental,0.8,1,1,1,CoryneRegNet,1,1,,0,0,0,0,,,,0,0,0,0,0,0,0,,,,0,0,0,0,,,7,0,0,,0,
261,1.000000,cg3253,mcbR,cg3372,cg3372,1,curated_positive,R,0,1,0,1,16,0.4375,predicted,0.25,0,1,1,CoryneRegNet,1,1,OP_cg3372,1,4,0,1,6,0.9397,-17.33,1,0,0,0,0,0,0,,,,0,0,0,0,,,4,0,0,,0,
262,1.000000,cg3285,cgtR9,cg3286,cg3286,1,curated_positive,A,1,0,0,1,20,0.25,experimental,0.8,1,1,1,CoryneRegNet,1,1,,0,0,0,1,1,0.1717,-16.8,1,0,0,0,0,0,0,,,,0,0,0,0,,,4,0,0,,0,
263,1.000000,cg3315,cg3315,cg3315,cg3315,1,curated_positive,R,0,1,0,1,27,0.4444,experimental,0.8,1,1,1,CoryneRegNet,1,1,OP_cg3315,1,2,1,1,4,0.9412,-14.3,1,0,0,0,0,0,0,,,,0,0,0,0,,,4,0,0,,0,
264,1.000000,cg3352,cg3352,cg3352,cg3352,1,curated_positive,R,0,1,0,1,17,0.4706,experimental,0.8,1,1,1,CoryneRegNet,1,1,,0,0,0,1,3,0.03635,-18.88,2,0,0,0,0,0,0,,,,0,0,0,0,,,4,0,0,,0,
265,1.000000,cg3352,cg3352,cg3353,benK2,1,curated_positive,A,1,0,0,1,17,0.4118,experimental + predicted,0.8,1,1,1,CoryneRegNet,1,1,OP_cg3353,1,2,0,1,6,0.9542,-18.58,1,0,0,0,0,0,0,,,,0,0,0,0,,,4,0,0,,0,
266,0.999741,cg2103,dtxR,cg3118,cysI,1,curated_positive,R,0,1,0,1,19,0.4737,experimental,0.8,1,1,1,CoryneRegNet,1,1,OP_cg3118,1,7,0,1,4,0.9337,-9.69,2,0,0,0,0,0,0,,,,0,0,0,0,,,4,0,0,,0,
267,0.999741,cg3253,mcbR,cg3118,cysI,1,curated_positive,R,0,1,0,1,16,0.4375,experimental,0.8,1,1,2,CoryneRegNet,1,1,OP_cg3118,1,7,0,1,4,0.9337,-9.69,2,0,0,0,0,0,0,,,,0,0,0,0,,,4,0,0,,0,
268,0.999405,cg3253,mcbR,cg1701,metH,1,curated_positive,R,0,1,0,1,32,0.4688,predicted,0.25,0,1,2,CoryneRegNet,1,1,,0,0,0,1,2,0.5765,-26.7,3,0,0,0,0,0,0,,,,0,0,0,0,,,4,0,0,,0,
269,0.999394,cg3253,mcbR,cg0754,metX,1,curated_positive,R,0,1,0,1,16,0.5,predicted,0.25,0,1,2,CoryneRegNet,1,1,,0,0,0,1,2,0.05436,-21.08,1,0,0,0,0,0,0,,,,0,0,0,0,,,4,0,0,,0,
270,0.999157,cg0350,cg0350,cg1037,cg1037,1,curated_positive,A,1,0,0,1,16,0.5625,experimental,0.8,1,1,1,CoryneRegNet,1,1,OP_cg1037,1,5,0,1,2,0.8963,-14.8,4,0,0,0,0,0,0,,,,0,0,0,0,,,4,0,0,,0,
271,0.999157,cg0444,cg0444,cg1037,cg1037,1,curated_positive,R,0,1,0,1,13,0.2308,experimental,0.8,1,1,1,CoryneRegNet,1,1,OP_cg1037,1,5,0,1,2,0.8963,-14.8,4,0,0,0,0,0,0,,,,0,0,0,0,,,4,0,0,,0,
272,0.999157,cg2831,cg2831,cg1037,cg1037,1,curated_positive,A,1,0,0,1,17,0.6471,experimental,0.8,1,1,1,CoryneRegNet,1,1,OP_cg1037,1,5,0,1,2,0.8963,-14.8,4,0,0,0,0,0,0,,,,0,0,0,0,,,4,0,0,,0,
273,0.999083,cg0862,mtrA,cg0980,cg0980,1,curated_positive,A,1,0,0,1,19,0.3158,experimental,0.8,1,1,1,CoryneRegNet,1,1,,0,0,0,1,2,0.9558,-8.88,2,0,0,0,0,0,0,,,,0,0,0,0,,,4,0,0,,0,
274,0.999083,cg0986,amtR,cg1296,cg1296,1,curated_positive,R,0,1,0,1,42,0.2381,experimental,0.8,1,1,3,CoryneRegNet,1,1,,0,0,0,1,3,0.2113,-21.19,4,0,0,0,0,0,0,,,,0,0,0,0,,,4,0,0,,0,
275,0.999083,cg1340,cg1340,cg1340,cg1340,1,curated_positive,A,1,0,0,1,10,0,experimental,0.8,1,1,2,CoryneRegNet,1,1,,0,0,0,1,1,0,-47.92,4,0,0,0,0,0,0,,,,0,0,0,0,,,4,0,0,,0,
276,0.999083,cg3239,cg3239,cg3240,cg3240,1,curated_positive,A,1,0,0,1,15,0.3333,predicted,0.1,0,0,0,CoryneRegNet,1,1,,0,0,0,1,4,0.9528,-11.9,1,0,0,0,0,0,0,,,,0,0,0,0,,,4,0,0,,0,
277,0.999045,cg0317,cg0317,cg0318,arsC1,1,curated_positive,R,0,1,0,1,28,0.3571,experimental,0.8,1,1,3,CoryneRegNet,1,1,OP_cg0318,1,2,0,1,10,0.9326,-17.39,1,0,0,0,0,0,0,,,,0,0,0,0,,,4,0,0,,0,
278,0.999045,cg0350,cg0350,cg0796,prpD1,1,curated_positive,R,0,1,0,1,16,0.5625,predicted,0.25,0,1,2,CoryneRegNet,1,1,OP_cg0796,1,3,0,1,13,0.9357,-18.64,0,0,0,0,0,0,0,,,,0,0,0,0,,,4,0,0,,0,
279,0.999045,cg0350,cg0350,cg1790,pgk,1,curated_positive,R,0,1,0,1,16,0.25,predicted,0.25,0,1,2,CoryneRegNet,1,1,OP_cg1790,1,3,0,1,10,0.7997,-16.17,1,0,0,0,0,0,0,,,,0,0,0,0,,,4,0,0,,0,
280,0.999045,cg0350,cg0350,cg2409,ctaC,1,curated_positive,A,1,0,0,1,16,0.5,predicted,0.25,0,1,1,CoryneRegNet,1,1,OP_cg2409,1,2,0,1,13,0.3847,-15.09,0,0,0,0,0,0,0,,,,0,0,0,0,,,4,0,0,,0,
281,0.999045,cg0350,cg0350,cg3388,cg3388,1,curated_positive,R,0,1,0,1,16,0.4375,predicted,0.25,0,1,1,CoryneRegNet,1,1,,0,0,0,1,10,0.5382,-13.73,1,0,0,0,0,0,0,,,,0,0,0,0,,,4,0,0,,0,
282,0.999045,cg0444,cg0444,cg0350,cg0350,1,curated_positive,R,0,1,0,1,13,0.2308,experimental,0.8,1,1,1,CoryneRegNet,1,1,,0,0,0,1,12,0.2761,-17.24,0,0,0,0,0,0,0,,,,0,0,0,0,,,4,0,0,,0,
283,0.999045,cg0444,cg0444,cg1268,glgA,1,curated_positive,R,0,1,0,1,13,0.1538,experimental,0.8,1,1,1,CoryneRegNet,1,1,,0,0,0,1,14,0.5214,-17.38,0,0,0,0,0,0,0,,,,0,0,0,0,,,4,0,0,,0,
284,0.999045,cg0444,cg0444,cg3335,mez,1,curated_positive,R,0,1,0,1,39,0.359,experimental + predicted,0.8,1,1,2,CoryneRegNet,1,1,,0,0,0,1,13,0.3374,-16.17,0,0,0,0,0,0,0,,,,0,0,0,0,,,4,0,0,,0,
285,0.999045,cg0500,cg0500,cg0501,cg0501,1,curated_positive,A,1,0,0,1,34,0.2941,experimental + predicted,0.8,1,1,2,CoryneRegNet,1,1,,0,0,0,1,10,0.9542,-18.18,1,0,0,0,0,0,0,,,,0,0,0,0,,,4,0,0,,0,
286,0.999045,cg0862,mtrA,cg0282,cg0282,1,curated_positive,A,1,0,0,1,19,0.2632,experimental,0.8,1,1,1,CoryneRegNet,1,1,,0,0,0,1,10,0.9432,-16.86,1,0,0,0,0,0,0,,,,0,0,0,0,,,4,0,0,,0,
287,0.999045,cg0862,mtrA,cg3254,cg3254,1,curated_positive,A,1,0,0,1,19,0.2105,experimental,0.8,1,1,1,CoryneRegNet,1,1,,0,0,0,1,12,0.3881,-14.77,0,0,0,0,0,0,0,,,,0,0,0,0,,,4,0,0,,0,
288,0.999045,cg0986,amtR,cg3335,mez,1,curated_positive,R,0,1,0,1,14,0.3571,experimental,0.8,1,1,3,CoryneRegNet,1,1,,0,0,0,1,13,0.3374,-16.17,0,0,0,0,0,0,0,,,,0,0,0,0,,,4,0,0,,0,
289,0.999045,cg1120,cg1120,cg1487,leuC,1,curated_positive,R,0,1,0,1,18,0.6111,experimental,0.8,1,1,1,CoryneRegNet,1,1,OP_cg1487,1,2,0,1,10,0.4295,-15.36,1,0,0,0,0,0,0,,,,0,0,0,0,,,4,0,0,,0,
290,0.999045,cg1308,cg1308,cg1308,cg1308,1,curated_positive,R,0,1,0,1,29,0.2759,experimental,0.8,1,1,1,CoryneRegNet,1,1,,0,0,0,1,12,0.6138,-14.04,0,0,0,0,0,0,0,,,,0,0,0,0,,,4,0,0,,0,
291,0.999045,cg1324,cg1324,cg1322,cg1322,1,curated_positive,R,0,1,0,1,18,0.3333,experimental,0.8,1,1,1,CoryneRegNet,1,1,,0,0,0,1,10,0.9545,-21.32,1,0,0,0,0,0,0,,,,0,0,0,0,,,4,0,0,,0,
292,0.999045,cg1324,cg1324,cg3236,msrA,1,curated_positive,R,0,1,0,1,18,0.3333,predicted,0.1,0,0,0,CoryneRegNet,1,1,,0,0,0,1,10,0.9655,-21.57,1,0,0,0,0,0,0,,,,0,0,0,0,,,4,0,0,,0,
293,0.999045,cg1486,cg1486,cg1487,leuC,1,curated_positive,R,0,1,0,1,12,0.3333,experimental,0.8,1,1,1,CoryneRegNet,1,1,OP_cg1487,1,2,0,1,10,0.4295,-15.36,1,0,0,0,0,0,0,,,,0,0,0,0,,,4,0,0,,0,
294,0.999045,cg1552,cg1552,cg1553,cg1553,1,curated_positive,R,0,1,0,1,50,0.26,experimental,0.8,1,1,1,CoryneRegNet,1,1,,0,0,0,1,15,0.9294,-13.86,0,0,0,0,0,0,0,,,,0,0,0,0,,,4,0,0,,0,
295,0.999045,cg1585,argR,cg1814,carA,1,curated_positive,R,0,1,0,1,39,0.3077,predicted,0.1,0,0,0,CoryneRegNet,1,1,OP_cg1814,1,2,0,1,13,0.3971,-15.15,0,0,0,0,0,0,0,,,,0,0,0,0,,,4,0,0,,0,
296,0.999045,cg1704,cg1704,cg0318,arsC1,1,curated_positive,R,0,1,0,1,28,0.3571,experimental,0.65,1,0,0,CoryneRegNet,1,1,OP_cg0318,1,2,0,1,10,0.9326,-17.39,1,0,0,0,0,0,0,,,,0,0,0,0,,,4,0,0,,0,
297,0.999045,cg2114,lexA,cg1318,cg1318,1,curated_positive,R,0,1,0,1,16,0.3125,experimental,0.8,1,1,1,CoryneRegNet,1,1,OP_cg1318,1,2,0,1,11,0.5581,-14.51,0,0,0,0,0,0,0,,,,0,0,0,0,,,4,0,0,,0,
298,0.999045,cg2152,cg2152,cg0297,cg0297,1,curated_positive,A,1,0,0,1,18,0.5556,experimental,0.8,1,1,1,CoryneRegNet,1,1,OP_cg0297,1,2,0,1,11,0.486,-21.39,0,0,0,0,0,0,0,,,,0,0,0,0,,,4,0,0,,0,
299,0.999045,cg2200,cg2200,cg3247,cgtR11,1,curated_positive,R,0,1,0,1,25,0.36,experimental,0.8,1,1,1,CoryneRegNet,1,1,,0,0,0,1,10,0.9564,-18.93,1,0,0,0,0,0,0,,,,0,0,0,0,,,4,0,0,,0,
300,0.999045,cg2502,fur,cg0043,cg0043,1,curated_positive,R,0,1,0,1,21,0.2381,experimental,0.8,1,1,1,CoryneRegNet,1,1,,0,0,0,1,12,0.9174,-16.22,0,0,0,0,0,0,0,,,,0,0,0,0,,,4,0,0,,0,
301,0.999045,cg2516,hrcA,cg1553,cg1553,1,curated_positive,R,0,1,0,1,27,0.2963,experimental,0.8,1,1,1,CoryneRegNet,1,1,,0,0,0,1,15,0.9294,-13.86,0,0,0,0,0,0,0,,,,0,0,0,0,,,4,0,0,,0,
302,0.999045,cg2544,cg2544,cg0350,cg0350,1,curated_positive,A,1,0,0,1,15,0.2667,experimental,0.8,1,1,1,CoryneRegNet,1,1,,0,0,0,1,12,0.2761,-17.24,0,0,0,0,0,0,0,,,,0,0,0,0,,,4,0,0,,0,
303,0.999045,cg2737,cg2737,cg0812,dtsR1,1,curated_positive,R,0,1,0,1,29,0.3448,experimental,0.8,1,1,2,CoryneRegNet,1,1,,0,0,0,1,12,0.5944,-12.89,0,0,0,0,0,0,0,,,,0,0,0,0,,,4,0,0,,0,
304,0.999045,cg2783,cg2783,cg3335,mez,1,curated_positive,A,1,0,0,1,15,0.3333,experimental,0.8,1,1,1,CoryneRegNet,1,1,,0,0,0,1,13,0.3374,-16.17,0,0,0,0,0,0,0,,,,0,0,0,0,,,4,0,0,,0,
305,0.999045,cg2888,cgtR3,cg1109,porB,1,curated_positive,A,1,0,0,1,19,0.3158,experimental,0.8,1,1,1,CoryneRegNet,1,1,,0,0,0,1,10,0.9328,-23.53,1,0,0,0,0,0,0,,,,0,0,0,0,,,4,0,0,,0,
306,0.999045,cg3315,cg3315,cg3335,mez,1,curated_positive,R,0,1,0,1,18,0.2222,experimental,0.8,1,1,1,CoryneRegNet,1,1,,0,0,0,1,13,0.3374,-16.17,0,0,0,0,0,0,0,,,,0,0,0,0,,,4,0,0,,0,
307,0.999015,cg1120,cg1120,cg1345,narK,1,curated_positive,R,0,1,0,1,36,0.4444,experimental,0.8,1,1,1,CoryneRegNet,1,1,OP_cg1345,1,5,0,0,,,,0,0,0,0,0,0,0,,,,0,0,0,0,,,7,0,0,,0,
308,0.998951,cg0350,cg0350,cg0344,fabG1,1,curated_positive,R,0,1,0,1,16,0.5,predicted,0.25,0,1,1,CoryneRegNet,1,1,OP_cg0344,1,4,0,1,1,0.01427,-20.15,3,0,0,0,0,0,0,,,,0,0,0,0,,,4,0,0,,0,
309,0.998951,cg0350,cg0350,cg2846,pstS,1,curated_positive,A,1,0,0,1,16,0.4375,experimental + predicted,0.8,1,1,3,CoryneRegNet,1,1,OP_cg2846,1,4,0,1,2,0.02495,-21.03,2,0,0,0,0,0,0,,,,0,0,0,0,,,4,0,0,,0,
310,0.998867,cg0862,mtrA,cg1517,cg1517,1,curated_positive,A,1,0,0,1,19,0.2105,experimental,0.8,1,1,1,CoryneRegNet,1,1,OP_cg1517,1,2,0,0,,,,0,0,0,0,0,0,0,,,,0,0,0,0,,,7,0,0,,0,
311,0.998867,cg2103,dtxR,cg0470,cg0470,1,curated_positive,R,0,1,0,1,19,0.3158,experimental,0.8,1,1,1,CoryneRegNet,1,1,OP_cg0470,1,2,0,0,,,,0,0,0,0,0,0,0,,,,0,0,0,0,,,7,0,0,,0,
312,0.998867,cg2114,lexA,cg0470,cg0470,1,curated_positive,R,0,1,0,1,16,0.3125,experimental,0.8,1,1,1,CoryneRegNet,1,1,OP_cg0470,1,2,0,0,,,,0,0,0,0,0,0,0,,,,0,0,0,0,,,7,0,0,,0,
313,0.998867,cg2309,cg2309,cg2885,bioA,1,curated_positive,R,0,1,0,1,30,0.3333,experimental + predicted,0.8,1,1,2,CoryneRegNet,1,1,OP_cg2885,1,2,0,0,,,,0,0,0,0,0,0,0,,,,0,0,0,0,,,7,0,0,,0,
314,0.998867,cg2502,fur,cg1447,cg1447,1,curated_positive,R,0,1,0,1,21,0.2381,experimental,0.8,1,1,1,CoryneRegNet,1,1,OP_cg1447,1,2,0,0,,,,0,0,0,0,0,0,0,,,,0,0,0,0,,,7,0,0,,0,
315,0.998851,cg0350,cg0350,cg2631,pcaH,1,curated_positive,R,0,1,0,1,16,0.3125,predicted,0.25,0,1,1,CoryneRegNet,1,1,OP_cg2631,1,4,0,1,9,0.2205,-17.81,1,0,0,0,0,0,0,,,,0,0,0,0,,,4,0,0,,0,
316,0.998851,cg0444,cg0444,cg2406,ctaE,1,curated_positive,R,0,1,0,1,13,0.3077,predicted,0.25,0,1,1,CoryneRegNet,1,1,OP_cg2406,1,4,0,1,9,0.4719,-12.01,2,0,0,0,0,0,0,,,,0,0,0,0,,,4,0,0,,0,
317,0.998823,cg0350,cg0350,cg3096,cg3096,1,curated_positive,R,0,1,0,1,16,0.5625,predicted,0.25,0,1,2,CoryneRegNet,1,1,,0,0,0,1,2,0.8607,-28.14,6,0,0,0,0,0,0,,,,0,0,0,0,,,4,0,0,,0,
318,0.998805,cg0444,cg0444,cg0737,cg0737,1,curated_positive,R,0,1,0,1,13,0.3077,predicted,0.25,0,1,1,CoryneRegNet,1,1,OP_cg0737,1,3,0,1,11,0.9557,-33.38,0,0,0,0,0,0,0,,,,0,0,0,0,,,4,0,0,,0,
319,0.998799,cg0897,pdxR,cg0897,pdxR,1,curated_positive,R,0,1,0,1,11,0.3636,predicted,0.25,0,1,1,CoryneRegNet,1,1,,0,0,0,0,,,,0,0,0,0,0,0,0,,,,0,0,0,0,,,7,0,0,,0,
320,0.998799,cg2092,sigA,cg0897,pdxR,1,curated_positive,A,1,0,0,1,11,0.3636,experimental,0.8,1,1,1,CoryneRegNet,1,1,,0,0,0,0,,,,0,0,0,0,0,0,0,,,,0,0,0,0,,,7,0,0,,0,
321,0.998755,cg2103,dtxR,cg3082,cg3082,1,curated_positive,R,0,1,0,1,19,0.3158,experimental,0.8,1,1,1,CoryneRegNet,1,1,OP_cg3082,1,4,0,1,1,0.2594,-25.09,2,0,0,0,0,0,0,,,,0,0,0,0,,,4,0,0,,0,
322,0.998755,cg2910,cg2910,cg0046,cg0046,1,curated_positive,A,1,0,0,1,16,0.25,experimental,0.8,1,1,1,CoryneRegNet,1,1,OP_cg0044,1,3,0,1,1,0.9548,-30.68,1,0,0,0,0,0,0,,,,0,0,0,0,,,4,0,0,,0,
323,0.998724,cg0986,amtR,cg1061,cg1061,1,curated_positive,R,0,1,0,1,84,0.369,experimental,0.8,1,1,4,CoryneRegNet,1,1,OP_cg1061,1,5,0,1,9,0.36,-13.52,1,0,0,0,0,0,0,,,,0,0,0,0,,,4,0,0,,0,
324,0.998711,cg3253,mcbR,cg1806,metK,1,curated_positive,R,0,1,0,1,32,0.375,experimental,0.8,1,1,2,CoryneRegNet,1,1,OP_cg1807,1,3,0,1,14,0.9385,-13.74,0,0,0,0,0,0,0,,,,0,0,0,0,,,4,0,0,,0,
325,0.998698,cg0146,cg0146,cg0350,cg0350,1,curated_positive,A,1,0,0,1,30,0.5333,experimental,0.8,1,1,1,CoryneRegNet,1,1,,0,0,0,1,12,0.2761,-17.24,0,0,0,0,0,0,0,,,,0,0,0,0,,,4,0,0,,0,
326,0.998698,cg0350,cg0350,cg0350,cg0350,1,curated_positive,R,0,1,0,1,16,0.5,experimental,0.8,1,1,2,CoryneRegNet,1,1,,0,0,0,1,12,0.2761,-17.24,0,0,0,0,0,0,0,,,,0,0,0,0,,,4,0,0,,0,
327,0.998698,cg2103,dtxR,cg1120,cg1120,1,curated_positive,R,0,1,0,1,19,0.4737,experimental,0.8,1,1,2,CoryneRegNet,1,1,,0,0,0,1,11,0.1446,-17.01,0,0,0,0,0,0,0,,,,0,0,0,0,,,4,0,0,,0,
328,0.998607,cg1120,cg1120,cg0310,katA,1,curated_positive,R,0,1,0,1,54,0.6852,experimental,0.8,1,1,1,CoryneRegNet,1,1,,0,0,0,1,1,0.1254,-17.31,5,0,0,0,0,0,0,,,,0,0,0,0,,,4,0,0,,0,
329,0.998607,cg3253,mcbR,cg1290,metE,1,curated_positive,R,0,1,0,1,32,0.4688,predicted,0.25,0,1,2,CoryneRegNet,1,1,,0,0,0,1,1,0.06306,-16.83,5,0,0,0,0,0,0,,,,0,0,0,0,,,4,0,0,,0,
330,0.998554,cg2114,lexA,cg2277,cg2277,1,curated_positive,R,0,1,0,1,16,0.375,experimental,0.8,1,1,1,CoryneRegNet,1,1,OP_cg2277,1,2,0,1,6,0.8607,-24.91,3,0,0,0,0,0,0,,,,0,0,0,0,,,4,0,0,,0,
331,0.998534,cg0350,cg0350,cg1656,ndh,1,curated_positive,A,1,0,0,1,16,0.4375,predicted,0.25,0,1,1,CoryneRegNet,1,1,,0,0,0,1,1,0,-183.66,1,0,0,0,0,0,0,,,,0,0,0,0,,,4,0,0,,0,
332,0.998534,cg0350,cg0350,cg2780,ctaD,1,curated_positive,A,1,0,0,1,16,0.5,predicted,0.25,0,1,1,CoryneRegNet,1,1,,0,0,0,1,1,0,-226.68,1,0,0,0,0,0,0,,,,0,0,0,0,,,4,0,0,,0,
333,0.998534,cg0350,cg0350,cg2840,actA,1,curated_positive,A,1,0,0,1,16,0.4375,predicted,0.25,0,1,2,CoryneRegNet,1,1,,0,0,0,1,1,0,-185.35,2,0,0,0,0,0,0,,,,0,0,0,0,,,4,0,0,,0,
334,0.998534,cg0444,cg0444,cg2840,actA,1,curated_positive,R,0,1,0,1,13,0.07692,predicted,0.25,0,1,1,CoryneRegNet,1,1,,0,0,0,1,1,0,-185.35,2,0,0,0,0,0,0,,,,0,0,0,0,,,4,0,0,,0,
335,0.998534,cg0862,mtrA,cg0858,cg0858,1,curated_positive,R,0,1,0,1,19,0.2105,experimental,0.8,1,1,1,CoryneRegNet,1,1,,0,0,0,1,1,0,-226.31,2,0,0,0,0,0,0,,,,0,0,0,0,,,4,0,0,,0,
336,0.998534,cg3097,hspR,cg3100,dnaK,1,curated_positive,R,0,1,0,1,21,0.5238,experimental + predicted,0.8,1,1,3,CoryneRegNet,1,1,OP_cg3100,1,4,1,1,1,0,-182.55,2,0,0,0,0,0,0,,,,0,0,0,0,,,4,0,0,,0,
337,0.998525,cg0350,cg0350,cg3220,cg3220,1,curated_positive,R,0,1,0,1,16,0.25,predicted,0.25,0,1,1,CoryneRegNet,1,1,OP_cg3220,1,2,0,1,13,0.904,-12.73,0,0,0,0,0,0,0,,,,0,0,0,0,,,4,0,0,,0,
338,0.998480,cg3253,mcbR,cg1337,hom,1,curated_positive,R,0,1,0,1,16,0.4375,experimental,0.8,1,1,1,CoryneRegNet,1,1,OP_cg1337,1,2,0,1,3,0.8963,-19,5,0,0,0,0,0,0,,,,0,0,0,0,,,4,0,0,,0,
339,0.998442,cg0350,cg0350,cg1345,narK,1,curated_positive,A,1,0,0,1,16,0.375,experimental + predicted,0.8,1,1,3,CoryneRegNet,1,1,OP_cg1345,1,5,0,0,,,,0,0,0,0,0,0,0,,,,0,0,0,0,,,7,0,0,,0,
340,0.998442,cg3253,mcbR,cg2678,cg2678,1,curated_positive,R,0,1,0,1,16,0.375,predicted,0.25,0,1,1,CoryneRegNet,1,1,OP_cg2678,1,5,0,0,,,,0,0,0,0,0,0,0,,,,0,0,0,0,,,7,0,0,,0,
341,0.998440,cg2103,dtxR,cg0527,cg0527,1,curated_positive,R,0,1,0,1,19,0.4211,experimental,0.8,1,1,1,CoryneRegNet,1,1,,0,0,0,1,13,0.9394,-12.89,0,0,0,0,0,0,0,,,,0,0,0,0,,,4,0,0,,0,
342,0.998369,cg2114,lexA,cg2158,ftsK,1,curated_positive,R,0,1,0,1,16,0.375,experimental,0.8,1,1,1,CoryneRegNet,1,1,,0,0,0,1,2,0.07606,-15.45,2,0,0,0,0,0,0,,,,0,0,0,0,,,4,0,0,,0,
343,0.998352,cg1486,cg1486,cg1453,leuB,1,curated_positive,R,0,1,0,1,12,0.3333,experimental,0.8,1,1,1,CoryneRegNet,1,1,,0,0,0,1,1,0.414,-12.89,8,0,0,0,0,0,0,,,,0,0,0,0,,,4,0,0,,0,
344,0.998289,cg0350,cg0350,cg0879,cg0879,1,curated_positive,A,1,0,0,1,16,0.5625,predicted,0.25,0,1,1,CoryneRegNet,1,1,,0,0,0,1,5,0.7877,-9.3,1,0,0,0,0,0,0,,,,0,0,0,0,,,4,0,0,,0,
345,0.998289,cg0350,cg0350,cg1307,cg1307,1,curated_positive,R,0,1,0,1,16,0.5,experimental,0.8,1,1,1,CoryneRegNet,1,1,,0,0,0,1,5,0.6867,-17.16,2,0,0,0,0,0,0,,,,0,0,0,0,,,4,0,0,,0,
346,0.998289,cg1425,lysG,cg1425,lysG,1,curated_positive,R,0,1,0,1,13,0.4615,predicted,0.1,0,0,0,CoryneRegNet,1,1,,0,0,0,1,5,0.6485,-20.74,1,0,0,0,0,0,0,,,,0,0,0,0,,,4,0,0,,0,
347,0.998114,cg1324,cg1324,cg1345,narK,1,curated_positive,A,1,0,0,1,18,0.2778,experimental,0.8,1,1,1,CoryneRegNet,1,1,OP_cg1345,1,5,0,0,,,,0,0,0,0,0,0,0,,,,0,0,0,0,,,7,0,0,,0,
348,0.998114,cg1340,cg1340,cg1345,narK,1,curated_positive,R,0,1,0,1,10,0,experimental,0.8,1,1,2,CoryneRegNet,1,1,OP_cg1345,1,5,0,0,,,,0,0,0,0,0,0,0,,,,0,0,0,0,,,7,0,0,,0,
349,0.998101,cg0350,cg0350,cg0791,pyc,1,curated_positive,R,0,1,0,1,16,0.5,predicted,0.25,0,1,1,CoryneRegNet,1,1,,0,0,0,1,2,0.5556,-17.04,5,0,0,0,0,0,0,,,,0,0,0,0,,,4,0,0,,0,
350,0.998101,cg0350,cg0350,cg3226,cg3226,1,curated_positive,R,0,1,0,1,16,0.5625,predicted,0.25,0,1,1,CoryneRegNet,1,1,OP_cg3226,1,2,0,1,12,0.9676,-15.89,0,0,0,0,0,0,0,,,,0,0,0,0,,,4,0,0,,0,
351,0.998101,cg0350,cg0350,cg3389,cg3389,1,curated_positive,R,0,1,0,1,16,0.5,experimental,0.8,1,1,1,CoryneRegNet,1,1,OP_cg3389,1,4,0,1,15,0.9655,-21,0,0,0,0,0,0,0,,,,0,0,0,0,,,4,0,0,,0,
352,0.998101,cg2114,lexA,cg1059,cg1059,1,curated_positive,R,0,1,0,1,32,0.4062,experimental,0.8,1,1,1,CoryneRegNet,1,1,,0,0,0,1,2,0.5597,-15.29,5,0,0,0,0,0,0,,,,0,0,0,0,,,4,0,0,,0,
353,0.998088,cg2115,cg2115,cg2925,ptsS,1,curated_positive,R,0,1,0,1,9,0.5556,experimental,0.8,1,1,4,CoryneRegNet,1,1,,0,0,0,1,13,0.9116,-12.39,0,0,0,0,0,0,0,,,,0,0,0,0,,,4,0,0,,0,
354,0.998000,cg0350,cg0350,cg1142,cg1142,1,curated_positive,R,0,1,0,1,16,0.4375,predicted,0.25,0,1,1,CoryneRegNet,1,1,OP_cg1142,1,4,0,1,6,0.7007,-14.77,3,0,0,0,0,0,0,,,,0,0,0,0,,,4,0,0,,0,
355,0.998000,cg0350,cg0350,cg1956,recJ,1,curated_positive,R,0,1,0,1,16,0.4375,predicted,0.25,0,1,1,CoryneRegNet,1,1,,0,0,0,1,4,0.04406,-19.06,1,0,0,0,0,0,0,,,,0,0,0,0,,,4,0,0,,0,
356,0.998000,cg0350,cg0350,cg2406,ctaE,1,curated_positive,A,1,0,0,1,16,0.5,predicted,0.25,0,1,1,CoryneRegNet,1,1,OP_cg2406,1,4,0,1,9,0.4719,-12.01,2,0,0,0,0,0,0,,,,0,0,0,0,,,4,0,0,,0,
357,0.998000,cg0350,cg0350,cg2781,nrdF,1,curated_positive,R,0,1,0,1,16,0.4375,predicted,0.25,0,1,1,CoryneRegNet,1,1,,0,0,0,1,4,0.1526,-28.44,1,0,0,0,0,0,0,,,,0,0,0,0,,,4,0,0,,0,
358,0.998000,cg0527,cg0527,cg1133,glyA,1,curated_positive,A,1,0,0,1,10,0.4,experimental,0.8,1,1,1,CoryneRegNet,1,1,,0,0,0,1,4,0.0412,-22.31,2,0,0,0,0,0,0,,,,0,0,0,0,,,4,0,0,,0,
359,0.998000,cg0897,pdxR,cg0898,cg0898,1,curated_positive,A,1,0,0,1,11,0.3636,experimental,0.8,1,1,2,CoryneRegNet,1,1,OP_cg0898,1,2,0,1,7,0.3847,-23.39,2,0,0,0,0,0,0,,,,0,0,0,0,,,4,0,0,,0,
360,0.998000,cg1211,cg1211,cg1211,cg1211,1,curated_positive,R,0,1,0,1,34,0.3235,predicted,0.1,0,0,0,CoryneRegNet,1,1,,0,0,0,1,5,0.216,-17.78,2,0,0,0,0,0,0,,,,0,0,0,0,,,4,0,0,,0,
361,0.998000,cg1324,cg1324,cg1324,cg1324,1,curated_positive,R,0,1,0,1,36,0.3611,experimental,0.8,1,1,1,CoryneRegNet,1,1,,0,0,0,1,4,0.1339,-18.03,2,0,0,0,0,0,0,,,,0,0,0,0,,,4,0,0,,0,
362,0.998000,cg2092,sigA,cg0898,cg0898,1,curated_positive,A,1,0,0,1,11,0.3636,experimental,0.8,1,1,1,CoryneRegNet,1,1,OP_cg0898,1,2,0,1,7,0.3847,-23.39,2,0,0,0,0,0,0,,,,0,0,0,0,,,4,0,0,,0,
363,0.998000,cg2103,dtxR,cg0465,cg0465,1,curated_positive,R,0,1,0,1,19,0.3158,experimental,0.8,1,1,1,CoryneRegNet,1,1,,0,0,0,1,1,0,-62.65,1,0,0,0,0,0,0,,,,0,0,0,0,,,4,0,0,,0,
364,0.998000,cg2109,oxyR,cg1301,cydA,1,curated_positive,R,0,1,0,1,82,0.2805,experimental,0.8,1,1,2,CoryneRegNet,1,1,OP_cg1301,1,4,0,1,6,0.2224,-23.16,1,0,0,0,0,0,0,,,,0,0,0,0,,,4,0,0,,0,
365,0.998000,cg2109,oxyR,cg3327,dps,1,curated_positive,R,0,1,0,1,52,0.3846,experimental,0.8,1,1,2,CoryneRegNet,1,1,,0,0,0,1,1,0.002552,-23.92,3,0,0,0,0,0,0,,,,0,0,0,0,,,4,0,0,,0,
366,0.998000,cg2114,lexA,cg1559,cg1559,1,curated_positive,R,0,1,0,1,16,0.4375,experimental,0.8,1,1,1,CoryneRegNet,1,1,,0,0,0,1,6,0.5721,-14.78,3,0,0,0,0,0,0,,,,0,0,0,0,,,4,0,0,,0,
367,0.998000,cg2115,cg2115,cg2121,ptsH,1,curated_positive,R,0,1,0,1,9,0.4444,experimental,0.8,1,1,4,CoryneRegNet,1,1,,0,0,0,1,7,0.2415,-17.85,2,0,0,0,0,0,0,,,,0,0,0,0,,,4,0,0,,0,
368,0.998000,cg3285,cgtR9,cg3285,cgtR9,1,curated_positive,A,1,0,0,1,20,0.25,experimental,0.8,1,1,1,CoryneRegNet,1,1,,0,0,0,1,2,0.223,-16.78,2,0,0,0,0,0,0,,,,0,0,0,0,,,4,0,0,,0,
369,0.997861,cg3253,mcbR,cg0737,cg0737,1,curated_positive,R,0,1,0,1,16,0.4375,predicted,0.25,0,1,1,CoryneRegNet,1,1,OP_cg0737,1,3,0,1,11,0.9557,-33.38,0,0,0,0,0,0,0,,,,0,0,0,0,,,4,0,0,,0,
370,0.997614,cg2888,cgtR3,cg1572,glpQ2,1,curated_positive,A,1,0,0,1,38,0.6053,experimental,0.8,1,1,1,CoryneRegNet,1,1,,0,0,0,1,10,0.6097,-25.09,1,0,0,0,0,0,0,,,,0,0,0,0,,,4,0,0,,0,
371,0.997600,cg0986,amtR,cg2429,glnA,1,curated_positive,R,0,1,0,1,56,0.3393,experimental,0.8,1,1,4,CoryneRegNet,1,1,,0,0,0,1,15,0.7955,-12.92,0,0,0,0,0,0,0,,,,0,0,0,0,,,4,0,0,,0,
372,0.997537,cg3352,cg3352,cg0645,cytP,1,curated_positive,A,1,0,0,1,17,0.4118,predicted,0.1,0,0,0,CoryneRegNet,1,1,OP_cg0645,1,4,0,0,,,,0,0,0,0,0,0,0,,,,0,0,0,0,,,7,0,0,,0,
373,0.997505,cg0350,cg0350,cg0814,birA,1,curated_positive,R,0,1,0,1,16,0.375,predicted,0.25,0,1,1,CoryneRegNet,1,1,,0,0,0,1,12,0.1989,-15.7,0,0,0,0,0,0,0,,,,0,0,0,0,,,4,0,0,,0,
374,0.997452,cg2109,oxyR,cg0310,katA,1,curated_positive,R,0,1,0,1,65,0.3385,experimental,0.8,1,1,2,CoryneRegNet,1,1,,0,0,0,1,1,0.1254,-17.31,5,0,0,0,0,0,0,,,,0,0,0,0,,,4,0,0,,0,
375,0.997254,cg0350,cg0350,cg2429,glnA,1,curated_positive,R,0,1,0,1,16,0.375,predicted,0.25,0,1,1,CoryneRegNet,1,1,,0,0,0,1,15,0.7955,-12.92,0,0,0,0,0,0,0,,,,0,0,0,0,,,4,0,0,,0,
376,0.997045,cg0350,cg0350,cg2965,cg2965,1,curated_positive,R,0,1,0,1,16,0.375,predicted,0.25,0,1,1,CoryneRegNet,1,1,,0,0,0,1,11,0.6123,-14.78,0,0,0,0,0,0,0,,,,0,0,0,0,,,4,0,0,,0,
377,0.997002,cg0350,cg0350,cg0812,dtsR1,1,curated_positive,R,0,1,0,1,16,0.375,predicted,0.25,0,1,2,CoryneRegNet,1,1,,0,0,0,1,12,0.5944,-12.89,0,0,0,0,0,0,0,,,,0,0,0,0,,,4,0,0,,0,
378,0.996854,cg0350,cg0350,cg2402,cg2402,1,curated_positive,A,1,0,0,1,16,0.375,predicted,0.25,0,1,1,CoryneRegNet,1,1,,0,0,0,1,7,0.9558,-12.37,3,0,0,0,0,0,0,,,,0,0,0,0,,,4,0,0,,0,
379,0.996854,cg0862,mtrA,cg2402,cg2402,1,curated_positive,R,0,1,0,1,38,0.4211,experimental,0.8,1,1,2,CoryneRegNet,1,1,,0,0,0,1,7,0.9558,-12.37,3,0,0,0,0,0,0,,,,0,0,0,0,,,4,0,0,,0,
380,0.996803,cg2114,lexA,cg2114,lexA,1,curated_positive,R,0,1,0,1,48,0.4583,experimental,0.8,1,1,1,CoryneRegNet,1,1,,0,0,0,1,3,0.932,-9.75,6,0,0,0,0,0,0,,,,0,0,0,0,,,4,0,0,,0,
381,0.996756,cg0986,amtR,cg2181,cg2181,1,curated_positive,R,0,1,0,1,42,0.2381,experimental,0.8,1,1,3,CoryneRegNet,1,1,OP_cg2181,1,4,0,1,1,0.104,-22.97,3,0,0,0,0,0,0,,,,0,0,0,0,,,4,0,0,,0,
382,0.996569,cg0350,cg0350,cg1753,cg1753,1,curated_positive,R,0,1,0,1,16,0.375,predicted,0.25,0,1,2,CoryneRegNet,1,1,,0,0,0,1,9,0.7775,-21.13,1,0,0,0,0,0,0,,,,0,0,0,0,,,4,0,0,,0,
383,0.996540,cg0444,cg0444,cg1817,pyrR,1,curated_positive,R,0,1,0,1,13,0.3846,predicted,0.25,0,1,1,CoryneRegNet,1,1,OP_cg1817,1,3,0,1,10,0.942,-10.76,1,0,0,0,0,0,0,,,,0,0,0,0,,,4,0,0,,0,
384,0.996534,cg0350,cg0350,cg2361,cg2361,1,curated_positive,A,1,0,0,1,16,0.375,predicted,0.25,0,1,2,CoryneRegNet,1,1,,0,0,0,1,1,0,-227.06,2,0,0,0,0,0,0,,,,0,0,0,0,,,4,0,0,,0,
385,0.996534,cg0862,mtrA,cg2052,cg2052,1,curated_positive,A,1,0,0,1,19,0.2632,experimental,0.8,1,1,1,CoryneRegNet,1,1,,0,0,0,1,1,0,-188.17,1,0,0,0,0,0,0,,,,0,0,0,0,,,4,0,0,,0,
386,0.996392,cg1765,cg1765,cg1765,cg1765,1,curated_positive,R,0,1,0,1,24,0.375,experimental,0.8,1,1,1,CoryneRegNet,1,1,OP_cg1765,1,7,1,1,1,0.379,-21.37,10,0,0,0,0,0,0,,,,0,0,0,0,,,4,0,0,,0,
387,0.996369,cg0444,cg0444,cg2766,cg2766,1,curated_positive,R,0,1,0,1,13,0.3077,predicted,0.25,0,1,1,CoryneRegNet,1,1,,0,0,0,1,1,0.03061,-13.19,1,0,0,0,0,0,0,,,,0,0,0,0,,,4,0,0,,0,
388,0.996352,cg2114,lexA,cg1080,cg1080,1,curated_positive,R,0,1,0,1,16,0.1875,experimental,0.8,1,1,1,CoryneRegNet,1,1,,0,0,0,1,1,0.2048,-21.74,8,0,0,0,0,0,0,,,,0,0,0,0,,,4,0,0,,0,
389,0.996095,cg2783,cg2783,cg1643,gnd,1,curated_positive,R,0,1,0,1,30,0.3667,experimental,0.8,1,1,2,CoryneRegNet,1,1,,0,0,0,0,,,,0,0,0,0,0,0,0,,,,0,0,0,0,,,7,0,0,,0,
390,0.996000,cg0350,cg0350,cg2410,ltsA,1,curated_positive,A,1,0,0,1,16,0.5,predicted,0.25,0,1,1,CoryneRegNet,1,1,,0,0,0,1,9,0.947,-19.23,1,0,0,0,0,0,0,,,,0,0,0,0,,,4,0,0,,0,
391,0.996000,cg0741,sirR,cg1623,cg1623,1,curated_positive,R,0,1,0,1,18,0.3889,experimental,0.8,1,1,1,CoryneRegNet,1,1,,0,0,0,1,2,0.003951,-18.24,5,0,0,0,0,0,0,,,,0,0,0,0,,,4,0,0,,0,
392,0.996000,cg2114,lexA,cg0875,cg0875,1,curated_positive,R,0,1,0,1,16,0.3125,experimental,0.8,1,1,1,CoryneRegNet,1,1,,0,0,0,1,1,0.9894,-12.3,6,0,0,0,0,0,0,,,,0,0,0,0,,,4,0,0,,0,
393,0.995840,cg1846,cg1846,cg1846,cg1846,1,curated_positive,R,0,1,0,1,20,0.5,experimental,0.65,1,0,0,CoryneRegNet,1,1,OP_cg1846,1,2,1,1,3,0.2488,-7.43,3,0,0,0,0,0,0,,,,0,0,0,0,,,4,0,0,,0,
394,0.995815,cg0986,amtR,cg0113,ureA,1,curated_positive,R,0,1,0,1,42,0.4524,experimental,0.8,1,1,4,CoryneRegNet,1,1,OP_cg0113,1,7,0,1,4,0.9127,-7.53,1,0,0,0,0,0,0,,,,0,0,0,0,,,4,0,0,,0,
395,0.995801,cg2103,dtxR,cg0771,irp1,1,curated_positive,R,0,1,0,1,19,0.5789,experimental,0.8,1,1,1,CoryneRegNet,1,1,OP_cg0771,1,5,0,1,9,0.9337,-10.86,1,0,0,0,0,0,0,,,,0,0,0,0,,,4,0,0,,0,
396,0.995624,cg2114,lexA,cg1427,cg1427,1,curated_positive,R,0,1,0,1,16,0.375,experimental,0.8,1,1,1,CoryneRegNet,1,1,,0,0,0,1,13,0.6415,-11.99,0,0,0,0,0,0,0,,,,0,0,0,0,,,4,0,0,,0,
397,0.995537,cg0350,cg0350,cg1766,cg1766,1,curated_positive,A,1,0,0,1,16,0.375,predicted,0.25,0,1,1,CoryneRegNet,1,1,OP_cg1766,1,4,0,0,,,,0,0,0,0,0,0,0,,,,0,0,0,0,,,7,0,0,,0,
398,0.995394,cg1324,cg1324,cg1848,cg1848,1,curated_positive,R,0,1,0,1,36,0.3611,experimental,0.8,1,1,1,CoryneRegNet,1,1,,0,0,0,1,10,0.6843,-11.15,1,0,0,0,0,0,0,,,,0,0,0,0,,,4,0,0,,0,
399,0.995356,cg0350,cg0350,cg0957,fas-IB,1,curated_positive,R,0,1,0,1,16,0.5,predicted,0.25,0,1,1,CoryneRegNet,1,1,,0,0,0,1,2,0.4438,-8.72,2,0,0,0,0,0,0,,,,0,0,0,0,,,4,0,0,,0,
400,0.995356,cg2737,cg2737,cg0957,fas-IB,1,curated_positive,R,0,1,0,1,29,0.4138,experimental,0.8,1,1,1,CoryneRegNet,1,1,,0,0,0,1,2,0.4438,-8.72,2,0,0,0,0,0,0,,,,0,0,0,0,,,4,0,0,,0,
401,0.995310,cg0350,cg0350,cg1791,gap,1,curated_positive,R,0,1,0,1,32,0.3438,experimental,0.8,1,1,3,CoryneRegNet,1,1,,0,0,0,1,1,0.005371,-16.88,3,0,0,0,0,0,0,,,,0,0,0,0,,,4,0,0,,0,
402,0.995222,cg0350,cg0350,cg2637,benA,1,curated_positive,R,0,1,0,1,16,0.3125,predicted,0.25,0,1,1,CoryneRegNet,1,1,OP_cg2637,1,4,0,0,,,,0,0,0,0,0,0,0,,,,0,0,0,0,,,7,0,0,,0,
403,0.995222,cg1324,cg1324,cg3084,cg3084,1,curated_positive,R,0,1,0,1,18,0.2778,experimental,0.8,1,1,1,CoryneRegNet,1,1,OP_cg3082,1,4,0,0,,,,0,0,0,0,0,0,0,,,,0,0,0,0,,,7,0,0,,0,
404,0.995222,cg2103,dtxR,cg0466,cg0466,1,curated_positive,R,0,1,0,1,19,0.3158,experimental,0.8,1,1,1,CoryneRegNet,1,1,OP_cg0466,1,4,0,0,,,,0,0,0,0,0,0,0,,,,0,0,0,0,,,7,0,0,,0,
405,0.995218,cg0350,cg0350,cg1840,cg1840,1,curated_positive,R,0,1,0,1,16,0.375,predicted,0.25,0,1,1,CoryneRegNet,1,1,,0,0,0,1,1,0,-116.69,1,0,0,0,0,0,0,,,,0,0,0,0,,,4,0,0,,0,
406,0.995048,cg0350,cg0350,cg0878,whiB1,1,curated_positive,A,1,0,0,1,16,0.375,predicted,0.25,0,1,1,CoryneRegNet,1,1,,0,0,0,1,1,0,-196.83,3,0,0,0,0,0,0,,,,0,0,0,0,,,4,0,0,,0,
407,0.995003,cg2888,cgtR3,cg0397,cg0397,1,curated_positive,A,1,0,0,1,19,0.3684,experimental,0.8,1,1,1,CoryneRegNet,1,1,,0,0,0,1,7,0.5695,-12.92,1,0,0,0,0,0,0,,,,0,0,0,0,,,4,0,0,,0,
408,0.994800,cg2103,dtxR,cg0926,cg0926,1,curated_positive,R,0,1,0,1,19,0.3158,experimental,0.8,1,1,1,CoryneRegNet,1,1,OP_cg0926,1,3,0,0,,,,0,0,0,0,0,0,0,,,,0,0,0,0,,,7,0,0,,0,
409,0.994800,cg2103,dtxR,cg1996,cglIM,1,curated_positive,R,0,1,0,1,19,0.3158,experimental,0.8,1,1,1,CoryneRegNet,1,1,OP_cg1996,1,3,0,0,,,,0,0,0,0,0,0,0,,,,0,0,0,0,,,7,0,0,,0,
410,0.994567,cg0350,cg0350,cg2831,cg2831,1,curated_positive,A,1,0,0,1,16,0.375,experimental,0.8,1,1,1,CoryneRegNet,1,1,,0,0,0,1,8,0.7288,-8.33,2,0,0,0,0,0,0,,,,0,0,0,0,,,4,0,0,,0,
411,0.994567,cg2115,cg2115,cg2831,cg2831,1,curated_positive,R,0,1,0,1,18,0.5,experimental + predicted,0.8,1,1,2,CoryneRegNet,1,1,,0,0,0,1,8,0.7288,-8.33,2,0,0,0,0,0,0,,,,0,0,0,0,,,4,0,0,,0,
412,0.994352,cg3253,mcbR,cg3132,cg3132,1,curated_positive,R,0,1,0,1,32,0.4062,predicted,0.25,0,1,1,CoryneRegNet,1,1,,0,0,0,1,2,0.2008,-32.65,7,0,0,0,0,0,0,,,,0,0,0,0,,,4,0,0,,0,
413,0.994116,cg3373,cg3373,cg3374,cg3374,1,curated_positive,R,0,1,0,0,0,,experimental,0.75,1,1,1,CoryneRegNet,1,1,OP_cg3372,1,4,1,1,7,0.8936,-12.48,1,0,0,0,0,0,0,,,,0,0,0,0,,,5,0,0,,0,
414,0.994096,cg1410,cg1410,cg1414,cg1414,1,curated_positive,R,0,1,0,0,0,,experimental,0.75,1,1,1,CoryneRegNet,1,1,OP_cg1410,1,5,1,1,4,0.8841,-16.7,1,0,0,0,0,0,0,,,,0,0,0,0,,,5,0,0,,0,
415,0.993764,cg0350,cg0350,cg0961,cg0961,1,curated_positive,R,0,1,0,1,16,0.5625,predicted,0.25,0,1,1,CoryneRegNet,1,1,,0,0,0,1,10,0.1509,-10.64,1,0,0,0,0,0,0,,,,0,0,0,0,,,4,0,0,,0,
416,0.993148,cg0350,cg0350,cg2743,fas-IA,1,curated_positive,A,1,0,0,1,16,0.5625,predicted,0.25,0,1,1,CoryneRegNet,1,1,,0,0,0,1,15,0.6837,-9.27,0,0,0,0,0,0,0,,,,0,0,0,0,,,4,0,0,,0,
417,0.993148,cg2737,cg2737,cg2743,fas-IA,1,curated_positive,R,0,1,0,1,29,0.3793,experimental,0.8,1,1,2,CoryneRegNet,1,1,,0,0,0,1,15,0.6837,-9.27,0,0,0,0,0,0,0,,,,0,0,0,0,,,4,0,0,,0,
418,0.992819,cg0350,cg0350,cg3219,ldh,1,curated_positive,A,1,0,0,1,16,0.25,predicted,0.25,0,1,1,CoryneRegNet,1,1,,0,0,0,1,8,0.6875,-7.21,2,0,0,0,0,0,0,,,,0,0,0,0,,,4,0,0,,0,
419,0.992819,cg2115,cg2115,cg3219,ldh,1,curated_positive,R,0,1,0,1,9,0.4444,experimental,0.8,1,1,3,CoryneRegNet,1,1,,0,0,0,1,8,0.6875,-7.21,2,0,0,0,0,0,0,,,,0,0,0,0,,,4,0,0,,0,
420,0.992583,cg0350,cg0350,cg3127,cg3127,1,curated_positive,R,0,1,0,1,32,0.5312,predicted,0.25,0,1,2,CoryneRegNet,1,1,OP_cg3127,1,3,0,1,14,0.9177,-7.11,0,0,0,0,0,0,0,,,,0,0,0,0,,,4,0,0,,0,
421,0.992157,cg1218,cg1218,cg1214,cg1214,1,curated_positive,R,0,1,0,0,0,,experimental + predicted,0.75,1,1,3,CoryneRegNet,1,1,OP_cg1218,1,4,1,0,,,,0,0,0,0,0,0,0,,,,0,0,0,0,,,8,0,0,,0,
422,0.992157,cg1547,ccpA1,cg1546,rbsK1,1,curated_positive,R,0,1,0,0,0,,experimental,0.75,1,1,1,CoryneRegNet,1,1,OP_cg1547,1,4,1,0,,,,0,0,0,0,0,0,0,,,,0,0,0,0,,,8,0,0,,0,
423,0.992157,cg2624,pcaR,cg2625,pcaF,1,curated_positive,R,0,1,0,0,0,,experimental,0.75,1,1,1,CoryneRegNet,1,1,OP_cg2624,1,4,1,0,,,,0,0,0,0,0,0,0,,,,0,0,0,0,,,8,0,0,,0,
424,0.992157,cg3082,cg3082,cg3084,cg3084,1,curated_positive,R,0,1,0,0,0,,experimental,0.6,1,0,0,CoryneRegNet,1,1,OP_cg3082,1,4,1,0,,,,0,0,0,0,0,0,0,,,,0,0,0,0,,,8,0,0,,0,
425,0.992157,cg3373,cg3373,cg3373,cg3373,1,curated_positive,R,0,1,0,0,0,,experimental,0.75,1,1,1,CoryneRegNet,1,1,OP_cg3372,1,4,1,0,,,,0,0,0,0,0,0,0,,,,0,0,0,0,,,8,0,0,,0,
426,0.991847,cg0862,mtrA,cg1037,cg1037,1,curated_positive,R,0,1,0,1,19,0.3684,experimental,0.8,1,1,1,CoryneRegNet,1,1,OP_cg1037,1,5,0,1,2,0.8963,-14.8,4,0,0,0,0,0,0,,,,0,0,0,0,,,4,0,0,,0,
427,0.991168,cg0350,cg0350,cg0875,cg0875,1,curated_positive,R,0,1,0,1,16,0.5,experimental,0.8,1,1,1,CoryneRegNet,1,1,,0,0,0,1,1,0.9894,-12.3,6,0,0,0,0,0,0,,,,0,0,0,0,,,4,0,0,,0,
428,0.991093,cg0350,cg0350,cg2953,xylC,1,curated_positive,R,0,1,0,1,16,0.375,predicted,0.25,0,1,1,CoryneRegNet,1,1,,0,0,0,1,10,0.9528,-10.51,1,0,0,0,0,0,0,,,,0,0,0,0,,,4,0,0,,0,
429,0.990370,cg0350,cg0350,cg3351,nagI,1,curated_positive,R,0,1,0,1,16,0.375,experimental + predicted,0.8,1,1,2,CoryneRegNet,1,1,OP_cg3351,1,3,0,1,10,0.9337,-8.35,1,0,0,0,0,0,0,,,,0,0,0,0,,,4,0,0,,0,
430,0.990370,cg3352,cg3352,cg3351,nagI,1,curated_positive,A,1,0,0,1,32,0.4375,experimental,0.8,1,1,2,CoryneRegNet,1,1,OP_cg3351,1,3,0,1,10,0.9337,-8.35,1,0,0,0,0,0,0,,,,0,0,0,0,,,4,0,0,,0,
431,0.989939,cg2103,dtxR,cg1418,cg1418,1,curated_positive,R,0,1,0,1,19,0.3684,experimental,0.8,1,1,1,CoryneRegNet,1,1,,0,0,0,1,2,0.284,-14.91,3,0,0,0,0,0,0,,,,0,0,0,0,,,4,0,0,,0,
432,0.989665,cg0350,cg0350,cg3170,cg3170,1,curated_positive,R,0,1,0,1,16,0.5625,predicted,0.25,0,1,1,CoryneRegNet,1,1,,0,0,0,1,5,0.9127,-7.2,1,0,0,0,0,0,0,,,,0,0,0,0,,,4,0,0,,0,
433,0.988645,cg0862,mtrA,cg0715,cg0715,1,curated_positive,A,1,0,0,1,19,0.3684,experimental,0.8,1,1,1,CoryneRegNet,1,1,,0,0,0,1,7,0.2863,-20.87,1,0,0,0,0,0,0,,,,0,0,0,0,,,4,0,0,,0,
434,0.988064,cg0862,mtrA,cg2777,cg2777,1,curated_positive,A,1,0,0,1,19,0.3684,experimental,0.8,1,1,1,CoryneRegNet,1,1,,0,0,0,1,7,0.9262,-16.9,1,0,0,0,0,0,0,,,,0,0,0,0,,,4,0,0,,0,
435,0.987835,cg1410,cg1410,cg1411,cg1411,1,curated_positive,R,0,1,0,0,0,,experimental,0.75,1,1,1,CoryneRegNet,1,1,OP_cg1410,1,5,1,1,7,0.8683,-11.84,1,0,0,0,0,0,0,,,,0,0,0,0,,,5,0,0,,0,
436,0.987585,cg1738,cg1738,cg1738,cg1738,1,curated_positive,R,0,1,0,0,0,,experimental,0.75,1,1,2,CoryneRegNet,1,1,OP_cg1737,1,2,1,1,4,0.8961,-11.44,1,0,0,0,0,0,0,,,,0,0,0,0,,,5,0,0,,0,
437,0.987380,cg3082,cg3082,cg3085,cg3085,1,curated_positive,R,0,1,0,0,0,,experimental,0.6,1,0,0,CoryneRegNet,1,1,OP_cg3082,1,4,1,1,8,0.9174,-16.9,1,0,0,0,0,0,0,,,,0,0,0,0,,,5,0,0,,0,
438,0.985949,cg2103,dtxR,cg0591,cg0591,1,curated_positive,R,0,1,0,1,19,0.3684,experimental,0.8,1,1,1,CoryneRegNet,1,1,OP_cg0591,1,3,0,1,7,0.7874,-14.44,1,0,0,0,0,0,0,,,,0,0,0,0,,,4,0,0,,0,
439,0.985337,cg1831,cg1831,cg1831,cg1831,1,curated_positive,R,0,1,0,1,20,0.3,predicted,0.1,0,0,0,CoryneRegNet,1,1,,0,0,0,1,8,0.9016,-6.83,2,0,0,0,0,0,0,,,,0,0,0,0,,,4,0,0,,0,
440,0.984165,cg1817,pyrR,cg1815,pyrC,1,curated_positive,R,0,1,0,0,0,,experimental + predicted,0.75,1,1,1,CoryneRegNet,1,1,OP_cg1817,1,3,1,1,5,0.6644,-20.87,2,0,0,0,0,0,0,,,,0,0,0,0,,,5,0,0,,0,
441,0.983807,cg1486,cg1486,cg3359,trpE,1,curated_positive,R,0,1,0,1,12,0.5,experimental,0.8,1,1,1,CoryneRegNet,1,1,OP_cg3359,1,6,0,0,,,,0,0,0,0,0,0,0,,,,0,0,0,0,,,7,0,0,,0,
442,0.983272,cg2888,cgtR3,cg2846,pstS,1,curated_positive,A,1,0,0,1,38,0.3684,experimental,0.8,1,1,1,CoryneRegNet,1,1,OP_cg2846,1,4,0,1,2,0.02495,-21.03,2,0,0,0,0,0,0,,,,0,0,0,0,,,4,0,0,,0,
443,0.983055,cg3097,hspR,cg3097,hspR,1,curated_positive,R,0,1,0,0,0,,experimental + predicted,0.75,1,1,3,CoryneRegNet,1,1,OP_cg3100,1,4,1,1,8,0.744,-15.77,3,0,0,0,0,0,0,,,,0,0,0,0,,,5,0,0,,0,
444,0.982255,cg2114,lexA,cg1288,cg1288,1,curated_positive,R,0,1,0,1,16,0.25,experimental,0.8,1,1,1,CoryneRegNet,1,1,OP_cg1288,1,2,0,1,1,0.8785,-14.71,11,0,0,0,0,0,0,,,,0,0,0,0,,,4,0,0,,0,
445,0.981843,cg1547,ccpA1,cg1543,iunH3,1,curated_positive,R,0,1,0,0,0,,experimental,0.75,1,1,1,CoryneRegNet,1,1,OP_cg1547,1,4,1,1,5,0.9412,-14.26,1,0,0,0,0,0,0,,,,0,0,0,0,,,5,0,0,,0,
446,0.981794,cg3082,cg3082,cg3083,cg3083,1,curated_positive,R,0,1,0,0,0,,experimental,0.6,1,0,0,CoryneRegNet,1,1,OP_cg3082,1,4,1,1,2,0.4321,-24.35,2,0,0,0,0,0,0,,,,0,0,0,0,,,5,0,0,,0,
447,0.981648,cg2103,dtxR,cg0748,cg0748,1,curated_positive,R,0,1,0,1,19,0.3684,experimental,0.8,1,1,1,CoryneRegNet,1,1,,0,0,0,0,,,,0,0,0,0,0,0,0,,,,0,0,0,0,,,7,0,0,,0,
448,0.981648,cg2888,cgtR3,cg2868,nuc,1,curated_positive,A,1,0,0,1,19,0.3684,experimental,0.8,1,1,1,CoryneRegNet,1,1,,0,0,0,0,,,,0,0,0,0,0,0,0,,,,0,0,0,0,,,7,0,0,,0,
449,0.981648,cg2888,cgtR3,cg3393,cg3393,1,curated_positive,A,1,0,0,1,19,0.3684,experimental,0.8,1,1,1,CoryneRegNet,1,1,,0,0,0,0,,,,0,0,0,0,0,0,0,,,,0,0,0,0,,,7,0,0,,0,
450,0.980749,cg2103,dtxR,cg0405,cg0405,1,curated_positive,R,0,1,0,1,19,0.3684,experimental,0.8,1,1,1,CoryneRegNet,1,1,,0,0,0,1,3,0.9225,-8.35,3,0,0,0,0,0,0,,,,0,0,0,0,,,4,0,0,,0,
451,0.980252,cg2103,dtxR,cg3156,cg3156,1,curated_positive,R,0,1,0,1,19,0.3684,experimental,0.8,1,1,1,CoryneRegNet,1,1,,0,0,0,1,1,0.01487,-17.67,3,0,0,0,0,0,0,,,,0,0,0,0,,,4,0,0,,0,
452,0.979487,cg0741,sirR,cg0741,sirR,1,curated_positive,R,0,1,0,0,0,,predicted,0.05,0,0,0,CoryneRegNet,1,1,OP_cg0739,1,3,1,1,3,0.6629,-16.28,2,0,0,0,0,0,0,,,,0,0,0,0,,,5,0,0,,0,
453,0.978601,cg1410,cg1410,cg1412,cg1412,1,curated_positive,R,0,1,0,0,0,,experimental,0.75,1,1,1,CoryneRegNet,1,1,OP_cg1410,1,5,1,0,,,,0,0,0,0,0,0,0,,,,0,0,0,0,,,8,0,0,,0,
454,0.977685,cg3373,cg3373,cg3375,cg3375,1,curated_positive,R,0,1,0,0,0,,experimental,0.75,1,1,1,CoryneRegNet,1,1,OP_cg3372,1,4,1,1,6,0.9416,-11.09,1,0,0,0,0,0,0,,,,0,0,0,0,,,5,0,0,,0,
455,0.977246,cg2103,dtxR,cg3247,cgtR11,1,curated_positive,R,0,1,0,1,19,0.3684,experimental,0.8,1,1,1,CoryneRegNet,1,1,,0,0,0,1,10,0.9564,-18.93,1,0,0,0,0,0,0,,,,0,0,0,0,,,4,0,0,,0,
456,0.976606,cg2502,fur,cg0795,cg0795,1,curated_positive,R,0,1,0,1,42,0.2143,experimental,0.8,1,1,1,CoryneRegNet,1,1,,0,0,0,1,3,0.8654,-3.18,3,0,0,0,0,0,0,,,,0,0,0,0,,,4,0,0,,0,
457,0.976064,cg2103,dtxR,cg0955,cg0955,1,curated_positive,R,0,1,0,1,19,0.5263,experimental,0.8,1,1,1,CoryneRegNet,1,1,,0,0,0,1,9,0.7877,-8.08,1,0,0,0,0,0,0,,,,0,0,0,0,,,4,0,0,,0,
458,0.975496,cg2103,dtxR,cg0160,cg0160,1,curated_positive,R,0,1,0,1,19,0.3684,experimental,0.8,1,1,1,CoryneRegNet,1,1,OP_cg0160,1,2,0,1,10,0.9496,-15.03,1,0,0,0,0,0,0,,,,0,0,0,0,,,4,0,0,,0,
459,0.975250,cg1410,cg1410,cg1413,cg1413,1,curated_positive,R,0,1,0,0,0,,experimental,0.75,1,1,1,CoryneRegNet,1,1,OP_cg1410,1,5,1,1,9,0.6978,-18.03,1,0,0,0,0,0,0,,,,0,0,0,0,,,5,0,0,,0,
460,0.975031,cg0146,cg0146,cg0147,xylB,1,curated_positive,R,0,1,0,0,0,,experimental,0.75,1,1,2,CoryneRegNet,1,1,OP_cg0146,1,2,1,1,4,0.911,-17.52,2,0,0,0,0,0,0,,,,0,0,0,0,,,5,0,0,,0,
461,0.973017,cg1547,ccpA1,cg1545,cg1545,1,curated_positive,R,0,1,0,0,0,,experimental,0.75,1,1,1,CoryneRegNet,1,1,OP_cg1547,1,4,1,1,6,0.9357,-19.44,1,0,0,0,0,0,0,,,,0,0,0,0,,,5,0,0,,0,
462,0.972627,cg2888,cgtR3,cg0545,pitA,1,curated_positive,A,1,0,0,1,19,0.3684,experimental,0.8,1,1,1,CoryneRegNet,1,1,OP_cg0545,1,2,0,1,13,0.3837,-9.34,0,0,0,0,0,0,0,,,,0,0,0,0,,,4,0,0,,0,
463,0.969563,cg2103,dtxR,cg1930,cg1930,1,curated_positive,R,0,1,0,1,19,0.3684,experimental,0.8,1,1,1,CoryneRegNet,1,1,OP_cg1930,1,2,0,1,11,0.4851,-13.84,0,0,0,0,0,0,0,,,,0,0,0,0,,,4,0,0,,0,
464,0.969100,cg3097,hspR,cg3099,grpE,1,curated_positive,R,0,1,0,0,0,,experimental + predicted,0.75,1,1,3,CoryneRegNet,1,1,OP_cg3100,1,4,1,1,2,0.6281,-16.22,1,0,0,0,0,0,0,,,,0,0,0,0,,,5,0,0,,0,
465,0.967507,cg2118,cg2118,cg2120,ptsF,1,curated_positive,R,0,1,0,0,0,,experimental,0.75,1,1,1,CoryneRegNet,1,1,OP_cg2118,1,3,1,1,5,0.4394,-18.56,2,0,0,0,0,0,0,,,,0,0,0,0,,,5,0,0,,0,
466,0.966339,cg1765,cg1765,cg1760,cg1760,1,curated_positive,R,0,1,0,0,0,,experimental,0.75,1,1,1,CoryneRegNet,1,1,OP_cg1765,1,7,1,1,8,0.616,-21.02,1,0,0,0,0,0,0,,,,0,0,0,0,,,5,0,0,,0,
467,0.965003,cg1765,cg1765,cg1761,nifS2,1,curated_positive,R,0,1,0,0,0,,experimental,0.75,1,1,1,CoryneRegNet,1,1,OP_cg1765,1,7,1,1,5,0.1733,-21.59,2,0,0,0,0,0,0,,,,0,0,0,0,,,5,0,0,,0,
468,0.962207,cg1585,argR,cg1582,argB,1,curated_positive,R,0,1,0,0,0,,experimental,0.75,1,1,2,CoryneRegNet,1,1,OP_cg1580,1,6,1,1,4,0.9383,-19.44,1,0,0,0,0,0,0,,,,0,0,0,0,,,5,0,0,,0,
469,0.961854,cg0741,sirR,cg0740,cg0740,1,curated_positive,R,0,1,0,0,0,,predicted,0.05,0,0,0,CoryneRegNet,1,1,OP_cg0739,1,3,1,1,5,0.7221,-6.32,2,0,0,0,0,0,0,,,,0,0,0,0,,,5,0,0,,0,
470,0.960875,cg0454,cg0454,cg0455,cg0455,1,curated_positive,R,0,1,0,0,0,,predicted,0.05,0,0,0,CoryneRegNet,1,1,OP_cg0454,1,3,1,0,,,,0,0,0,0,0,0,0,,,,0,0,0,0,,,8,0,0,,0,
471,0.960055,cg0196,cg0196,cg0197,iolC,1,curated_positive,R,0,1,0,1,20,0.45,experimental,0.8,1,1,1,CoryneRegNet,1,1,OP_cg0197,1,8,0,1,3,0.9456,-20.77,3,0,0,0,0,0,0,,,,0,0,0,0,,,4,0,0,,0,
472,0.960055,cg0350,cg0350,cg0197,iolC,1,curated_positive,R,0,1,0,1,16,0.6875,experimental,0.8,1,1,1,CoryneRegNet,1,1,OP_cg0197,1,8,0,1,3,0.9456,-20.77,3,0,0,0,0,0,0,,,,0,0,0,0,,,4,0,0,,0,
473,0.959900,cg1218,cg1218,cg1215,nadC,1,curated_positive,R,0,1,0,0,0,,experimental + predicted,0.75,1,1,3,CoryneRegNet,1,1,OP_cg1218,1,4,1,1,4,0.6432,-11.93,1,0,0,0,0,0,0,,,,0,0,0,0,,,5,0,0,,0,
474,0.959349,cg0350,cg0350,cg1038,ksgA,1,curated_positive,A,1,0,0,0,0,,predicted,0.2,0,1,1,CoryneRegNet,1,1,OP_cg1037,1,5,0,1,7,0.7602,-17.46,2,0,0,0,0,0,0,,,,0,0,0,0,,,5,0,0,,0,
475,0.959349,cg0444,cg0444,cg1038,ksgA,1,curated_positive,R,0,1,0,0,0,,predicted,0.2,0,1,1,CoryneRegNet,1,1,OP_cg1037,1,5,0,1,7,0.7602,-17.46,2,0,0,0,0,0,0,,,,0,0,0,0,,,5,0,0,,0,
476,0.959349,cg0862,mtrA,cg1038,ksgA,1,curated_positive,R,0,1,0,0,0,,experimental,0.75,1,1,1,CoryneRegNet,1,1,OP_cg1037,1,5,0,1,7,0.7602,-17.46,2,0,0,0,0,0,0,,,,0,0,0,0,,,5,0,0,,0,
477,0.959349,cg2092,sigA,cg1038,ksgA,1,curated_positive,A,1,0,0,0,0,,experimental,0.75,1,1,1,CoryneRegNet,1,1,OP_cg1037,1,5,0,1,7,0.7602,-17.46,2,0,0,0,0,0,0,,,,0,0,0,0,,,5,0,0,,0,
478,0.959349,cg2831,cg2831,cg1038,ksgA,1,curated_positive,A,1,0,0,0,0,,predicted,0.2,0,1,1,CoryneRegNet,1,1,OP_cg1037,1,5,0,1,7,0.7602,-17.46,2,0,0,0,0,0,0,,,,0,0,0,0,,,5,0,0,,0,
479,0.959320,cg2888,cgtR3,cg2887,cgtS3,1,curated_positive,A,1,0,0,0,0,,experimental,0.75,1,1,2,CoryneRegNet,1,1,OP_cg2888,1,2,1,1,5,0.905,-7.55,1,0,0,0,0,0,0,,,,0,0,0,0,,,5,0,0,,0,
480,0.959114,cg0709,cgtR7,cg0710,cg0710,1,curated_positive,A,1,0,0,0,0,,experimental,0.75,1,1,1,CoryneRegNet,1,1,OP_cg0707,1,3,1,1,6,0.9323,-20.99,2,0,0,0,0,0,0,,,,0,0,0,0,,,5,0,0,,0,
481,0.958611,cg2500,cg2500,cg2502,fur,1,curated_positive,R,0,1,0,0,0,,predicted,0.2,0,1,1,CoryneRegNet,1,1,OP_cg2500,1,2,1,1,2,0.9387,-18.11,2,0,0,0,0,0,0,,,,0,0,0,0,,,5,0,0,,0,
482,0.958316,cg0979,cg0979,cg0977,cg0977,1,curated_positive,R,0,1,0,0,0,,experimental,0.6,1,0,0,CoryneRegNet,1,1,OP_cg0979,1,3,1,1,4,0.9116,-14.61,3,0,0,0,0,0,0,,,,0,0,0,0,,,5,0,0,,0,
483,0.956320,cg0350,cg0350,cg1041,pdxK,1,curated_positive,A,1,0,0,0,0,,predicted,0.2,0,1,1,CoryneRegNet,1,1,OP_cg1037,1,5,0,1,3,0.4377,-21.63,2,0,0,0,0,0,0,,,,0,0,0,0,,,5,0,0,,0,
484,0.956320,cg0444,cg0444,cg1041,pdxK,1,curated_positive,R,0,1,0,0,0,,predicted,0.2,0,1,1,CoryneRegNet,1,1,OP_cg1037,1,5,0,1,3,0.4377,-21.63,2,0,0,0,0,0,0,,,,0,0,0,0,,,5,0,0,,0,
485,0.956320,cg0862,mtrA,cg1041,pdxK,1,curated_positive,R,0,1,0,0,0,,experimental,0.75,1,1,1,CoryneRegNet,1,1,OP_cg1037,1,5,0,1,3,0.4377,-21.63,2,0,0,0,0,0,0,,,,0,0,0,0,,,5,0,0,,0,
486,0.956320,cg2092,sigA,cg1041,pdxK,1,curated_positive,A,1,0,0,0,0,,experimental,0.75,1,1,1,CoryneRegNet,1,1,OP_cg1037,1,5,0,1,3,0.4377,-21.63,2,0,0,0,0,0,0,,,,0,0,0,0,,,5,0,0,,0,
487,0.956320,cg2831,cg2831,cg1041,pdxK,1,curated_positive,A,1,0,0,0,0,,predicted,0.2,0,1,1,CoryneRegNet,1,1,OP_cg1037,1,5,0,1,3,0.4377,-21.63,2,0,0,0,0,0,0,,,,0,0,0,0,,,5,0,0,,0,
488,0.956320,cg2115,sugR,cg1041,pdxK,0,sampled_negative,unknown,0,0,0,0,0,,,0,0,0,0,,0,0,OP_cg1037,1,5,0,1,3,0.4377,-21.63,2,0,0,0,0,0,0,,,,0,0,0,0,,,5,0,0,,0,
489,0.955244,cg2624,pcaR,cg2626,pcaL,1,curated_positive,R,0,1,0,0,0,,experimental,0.75,1,1,1,CoryneRegNet,1,1,OP_cg2624,1,4,1,1,6,0.4306,-8.59,3,0,0,0,0,0,0,,,,0,0,0,0,,,5,0,0,,0,
490,0.953777,cg0350,cg0350,cg1143,cg1143,1,curated_positive,R,0,1,0,1,16,0.4375,predicted,0.25,0,1,1,CoryneRegNet,1,1,OP_cg1143,1,2,0,1,12,0.926,-4.33,0,0,0,0,0,0,0,,,,0,0,0,0,,,4,0,0,,0,
491,0.947626,cg1053,cg1053,cg1053,cg1053,1,curated_positive,R,0,1,0,0,0,,experimental,0.6,1,0,0,CoryneRegNet,1,1,OP_cg1054,1,2,1,1,4,0.3819,-24.03,3,0,0,0,0,0,0,,,,0,0,0,0,,,5,0,0,,0,
492,0.942267,cg3082,cg3082,cg3082,cg3082,1,curated_positive,R,0,1,0,0,0,,experimental,0.6,1,0,0,CoryneRegNet,1,1,OP_cg3082,1,4,1,1,1,0.2594,-25.09,2,0,0,0,0,0,0,,,,0,0,0,0,,,5,0,0,,0,
493,0.940762,cg2118,cg2118,cg2119,pfkB,1,curated_positive,R,0,1,0,0,0,,experimental,0.75,1,1,1,CoryneRegNet,1,1,OP_cg2118,1,3,1,1,7,0.2269,-16.11,2,0,0,0,0,0,0,,,,0,0,0,0,,,5,0,0,,0,
494,0.940512,cg1585,argR,cg1585,argR,1,curated_positive,R,0,1,0,0,0,,experimental,0.75,1,1,1,CoryneRegNet,1,1,OP_cg1580,1,6,1,1,6,0.9324,-26.64,2,0,0,0,0,0,0,,,,0,0,0,0,,,5,0,0,,0,
495,0.939173,cg0463,cg0463,cg0463,cg0463,1,curated_positive,R,0,1,0,0,0,,experimental,0.75,1,1,3,CoryneRegNet,1,1,OP_cg0464,1,2,1,1,1,0.4237,-19.33,3,0,0,0,0,0,0,,,,0,0,0,0,,,5,0,0,,0,
496,0.939097,cg2500,cg2500,cg2500,cg2500,1,curated_positive,R,0,1,0,0,0,,predicted,0.2,0,1,1,CoryneRegNet,1,1,OP_cg2500,1,2,1,1,9,0.3846,-19.34,2,0,0,0,0,0,0,,,,0,0,0,0,,,5,0,0,,0,
497,0.938384,cg1765,cg1765,cg1763,sufD,1,curated_positive,R,0,1,0,0,0,,experimental,0.75,1,1,1,CoryneRegNet,1,1,OP_cg1765,1,7,1,1,1,0.3744,-15.47,3,0,0,0,0,0,0,,,,0,0,0,0,,,5,0,0,,0,
498,0.936369,cg1585,argR,cg1584,argF,1,curated_positive,R,0,1,0,0,0,,experimental,0.75,1,1,1,CoryneRegNet,1,1,OP_cg1580,1,6,1,1,8,0.905,-8.07,1,0,0,0,0,0,0,,,,0,0,0,0,,,5,0,0,,0,
499,0.935114,cg2118,cg2118,cg2118,cg2118,1,curated_positive,R,0,1,0,0,0,,experimental,0.75,1,1,1,CoryneRegNet,1,1,OP_cg2118,1,3,1,1,5,0.2183,-20.76,1,0,0,0,0,0,0,,,,0,0,0,0,,,5,0,0,,0,
500,0.934687,cg0156,cg0156,cg3117,cg3117,1,curated_positive,A,1,0,0,0,0,,predicted,0.2,0,1,1,CoryneRegNet,1,1,OP_cg3118,1,7,0,1,4,0.4503,-24.8,2,0,0,0,0,0,0,,,,0,0,0,0,,,5,0,0,,0,
501,0.934687,cg2092,sigA,cg3117,cg3117,1,curated_positive,A,1,0,0,0,0,,experimental,0.75,1,1,1,CoryneRegNet,1,1,OP_cg3118,1,7,0,1,4,0.4503,-24.8,2,0,0,0,0,0,0,,,,0,0,0,0,,,5,0,0,,0,
502,0.934687,cg2103,dtxR,cg3117,cg3117,1,curated_positive,R,0,1,0,0,0,,experimental,0.75,1,1,1,CoryneRegNet,1,1,OP_cg3118,1,7,0,1,4,0.4503,-24.8,2,0,0,0,0,0,0,,,,0,0,0,0,,,5,0,0,,0,
503,0.934687,cg3253,mcbR,cg3117,cg3117,1,curated_positive,R,0,1,0,0,0,,predicted,0.2,0,1,2,CoryneRegNet,1,1,OP_cg3118,1,7,0,1,4,0.4503,-24.8,2,0,0,0,0,0,0,,,,0,0,0,0,,,5,0,0,,0,
504,0.934687,cg1765,sufR,cg3117,cg3117,0,sampled_negative,unknown,0,0,0,0,0,,,0,0,0,0,,0,0,OP_cg3118,1,7,0,1,4,0.4503,-24.8,2,0,0,0,0,0,0,,,,0,0,0,0,,,5,0,0,,0,
505,0.931767,cg0696,sigD,cg0697,cg0697,1,curated_positive,A,1,0,0,0,0,,experimental,0.75,1,1,1,CoryneRegNet,1,1,OP_cg0696,1,2,1,1,5,0.2035,-17.47,1,0,0,0,0,0,0,,,,0,0,0,0,,,5,0,0,,0,
506,0.931660,cg0876,sigH,cg0877,cg0877,1,curated_positive,unknown,0,0,1,0,0,,experimental + predicted,0.75,1,1,3,CoryneRegNet,1,1,OP_cg0876,1,2,1,0,,,,0,0,0,0,0,0,0,,,,0,0,0,0,,,8,0,0,,0,
507,0.931660,cg0993,cg0993,cg0992,cg0992,1,curated_positive,R,0,1,0,0,0,,predicted,0.05,0,0,0,CoryneRegNet,1,1,OP_cg0993,1,2,1,0,,,,0,0,0,0,0,0,0,,,,0,0,0,0,,,8,0,0,,0,
508,0.931660,cg2894,cg2894,cg2894,cg2894,1,curated_positive,R,0,1,0,0,0,,experimental,0.75,1,1,2,CoryneRegNet,1,1,OP_cg2893,1,2,1,0,,,,0,0,0,0,0,0,0,,,,0,0,0,0,,,8,0,0,,0,
509,0.931660,cg3315,cg3315,cg3316,cg3316,1,curated_positive,R,0,1,0,0,0,,experimental,0.75,1,1,1,CoryneRegNet,1,1,OP_cg3315,1,2,1,0,,,,0,0,0,0,0,0,0,,,,0,0,0,0,,,8,0,0,,0,
510,0.931314,cg0709,cgtR7,cg3078,cg3078,1,curated_positive,A,1,0,0,0,0,,experimental,0.75,1,1,1,CoryneRegNet,1,1,,0,0,0,1,2,0.08172,-19.36,1,0,0,0,0,0,0,,,,0,0,0,0,,,5,0,0,,0,
511,0.931314,cg0876,sigH,cg3078,cg3078,1,curated_positive,unknown,0,0,1,0,0,,experimental,0.75,1,1,1,CoryneRegNet,1,1,,0,0,0,1,2,0.08172,-19.36,1,0,0,0,0,0,0,,,,0,0,0,0,,,5,0,0,,0,
512,0.931314,cg2092,sigA,cg3078,cg3078,1,curated_positive,A,1,0,0,0,0,,experimental,0.75,1,1,1,CoryneRegNet,1,1,,0,0,0,1,2,0.08172,-19.36,1,0,0,0,0,0,0,,,,0,0,0,0,,,5,0,0,,0,
513,0.931314,cg3097,hspR,cg3078,cg3078,1,curated_positive,R,0,1,0,0,0,,experimental,0.75,1,1,4,CoryneRegNet,1,1,,0,0,0,1,2,0.08172,-19.36,1,0,0,0,0,0,0,,,,0,0,0,0,,,5,0,0,,0,
514,0.931314,cg3420,sigM,cg3078,cg3078,1,curated_positive,unknown,0,0,1,0,0,,predicted,0.2,0,1,1,CoryneRegNet,1,1,,0,0,0,1,2,0.08172,-19.36,1,0,0,0,0,0,0,,,,0,0,0,0,,,5,0,0,,0,
515,0.925034,cg0350,cg0350,cg1738,cg1738,1,curated_positive,R,0,1,0,0,0,,experimental + predicted,0.75,1,1,2,CoryneRegNet,1,1,OP_cg1737,1,2,0,1,4,0.8961,-11.44,1,0,0,0,0,0,0,,,,0,0,0,0,,,5,0,0,,0,
516,0.925034,cg0444,cg0444,cg1738,cg1738,1,curated_positive,R,0,1,0,0,0,,predicted,0.05,0,0,0,CoryneRegNet,1,1,OP_cg1737,1,2,0,1,4,0.8961,-11.44,1,0,0,0,0,0,0,,,,0,0,0,0,,,5,0,0,,0,
517,0.925034,cg1120,cg1120,cg1738,cg1738,1,curated_positive,R,0,1,0,0,0,,predicted,0.2,0,1,2,CoryneRegNet,1,1,OP_cg1737,1,2,0,1,4,0.8961,-11.44,1,0,0,0,0,0,0,,,,0,0,0,0,,,5,0,0,,0,
518,0.925034,cg2092,sigA,cg1738,cg1738,1,curated_positive,A,1,0,0,0,0,,experimental,0.75,1,1,1,CoryneRegNet,1,1,OP_cg1737,1,2,0,1,4,0.8961,-11.44,1,0,0,0,0,0,0,,,,0,0,0,0,,,5,0,0,,0,
519,0.925034,cg2831,cg2831,cg1738,cg1738,1,curated_positive,A,1,0,0,0,0,,predicted,0.05,0,0,0,CoryneRegNet,1,1,OP_cg1737,1,2,0,1,4,0.8961,-11.44,1,0,0,0,0,0,0,,,,0,0,0,0,,,5,0,0,,0,
520,0.925034,cg1648,cg1648,cg1738,acnR,0,sampled_negative,unknown,0,0,0,0,0,,,0,0,0,0,,0,0,OP_cg1737,1,2,0,1,4,0.8961,-11.44,1,0,0,0,0,0,0,,,,0,0,0,0,,,5,0,0,,0,
521,0.922797,cg0350,cg0350,cg1343,narH,1,curated_positive,A,1,0,0,0,0,,experimental + predicted,0.75,1,1,3,CoryneRegNet,1,1,OP_cg1345,1,5,0,1,2,0.9591,-9.6,2,0,0,0,0,0,0,,,,0,0,0,0,,,5,0,0,,0,
522,0.922797,cg1120,cg1120,cg1343,narH,1,curated_positive,R,0,1,0,0,0,,experimental,0.75,1,1,1,CoryneRegNet,1,1,OP_cg1345,1,5,0,1,2,0.9591,-9.6,2,0,0,0,0,0,0,,,,0,0,0,0,,,5,0,0,,0,
523,0.922797,cg1324,cg1324,cg1343,narH,1,curated_positive,A,1,0,0,0,0,,experimental,0.75,1,1,1,CoryneRegNet,1,1,OP_cg1345,1,5,0,1,2,0.9591,-9.6,2,0,0,0,0,0,0,,,,0,0,0,0,,,5,0,0,,0,
524,0.922797,cg1340,cg1340,cg1343,narH,1,curated_positive,R,0,1,0,0,0,,experimental,0.75,1,1,2,CoryneRegNet,1,1,OP_cg1345,1,5,0,1,2,0.9591,-9.6,2,0,0,0,0,0,0,,,,0,0,0,0,,,5,0,0,,0,
525,0.922797,cg2092,sigA,cg1343,narH,1,curated_positive,A,1,0,0,0,0,,experimental,0.75,1,1,1,CoryneRegNet,1,1,OP_cg1345,1,5,0,1,2,0.9591,-9.6,2,0,0,0,0,0,0,,,,0,0,0,0,,,5,0,0,,0,
526,0.922747,cg1935,cg1935,cg1780,devB,1,curated_positive,R,0,1,0,0,0,,experimental,0.75,1,1,1,CoryneRegNet,1,1,OP_cg1774,1,5,0,1,2,0.5699,-22.44,3,0,0,0,0,0,0,,,,0,0,0,0,,,5,0,0,,0,
527,0.922747,cg2115,cg2115,cg1780,devB,1,curated_positive,R,0,1,0,0,0,,predicted,0.05,0,0,0,CoryneRegNet,1,1,OP_cg1774,1,5,0,1,2,0.5699,-22.44,3,0,0,0,0,0,0,,,,0,0,0,0,,,5,0,0,,0,
528,0.922747,cg2783,cg2783,cg1780,devB,1,curated_positive,R,0,1,0,0,0,,experimental,0.75,1,1,1,CoryneRegNet,1,1,OP_cg1774,1,5,0,1,2,0.5699,-22.44,3,0,0,0,0,0,0,,,,0,0,0,0,,,5,0,0,,0,
529,0.922747,cg2831,cg2831,cg1780,devB,1,curated_positive,R,0,1,0,0,0,,experimental,0.75,1,1,1,CoryneRegNet,1,1,OP_cg1774,1,5,0,1,2,0.5699,-22.44,3,0,0,0,0,0,0,,,,0,0,0,0,,,5,0,0,,0,
530,0.922747,cg1831,cg1831,cg1780,devB,0,sampled_negative,unknown,0,0,0,0,0,,,0,0,0,0,,0,0,OP_cg1774,1,5,0,1,2,0.5699,-22.44,3,0,0,0,0,0,0,,,,0,0,0,0,,,5,0,0,,0,
531,0.922747,cg2103,dtxR,cg1780,devB,0,sampled_negative,unknown,0,0,0,0,0,,,0,0,0,0,,0,0,OP_cg1774,1,5,0,1,2,0.5699,-22.44,3,0,0,0,0,0,0,,,,0,0,0,0,,,5,0,0,,0,
532,0.921450,cg1765,cg1765,cg1762,sufC,1,curated_positive,R,0,1,0,0,0,,experimental,0.75,1,1,1,CoryneRegNet,1,1,OP_cg1765,1,7,1,1,10,0.2536,-17.46,1,0,0,0,0,0,0,,,,0,0,0,0,,,5,0,0,,0,
533,0.920491,cg2624,pcaR,cg2627,cg2627,1,curated_positive,R,0,1,0,0,0,,experimental,0.75,1,1,1,CoryneRegNet,1,1,OP_cg2624,1,4,1,1,2,0.009365,-22.53,2,0,0,0,0,0,0,,,,0,0,0,0,,,5,0,0,,0,
534,0.918356,cg1032,cg1032,cg1033,cg1033,1,curated_positive,R,0,1,0,0,0,,experimental,0.6,1,0,0,CoryneRegNet,1,1,OP_cg1032,1,2,1,1,1,0.08782,-23.14,3,0,0,0,0,0,0,,,,0,0,0,0,,,5,0,0,,0,
535,0.915381,cg1765,cg1765,cg1759,cg1759,1,curated_positive,R,0,1,0,0,0,,experimental,0.75,1,1,1,CoryneRegNet,1,1,OP_cg1765,1,7,1,0,,,,0,0,0,0,0,0,0,,,,0,0,0,0,,,8,0,0,,0,
536,0.914921,cg1935,cg1935,cg1774,tkt,1,curated_positive,R,0,1,0,0,0,,experimental,0.75,1,1,1,CoryneRegNet,1,1,OP_cg1774,1,5,0,1,1,0.9328,-19.69,2,0,0,0,0,0,0,,,,0,0,0,0,,,5,0,0,,0,
537,0.914921,cg2115,cg2115,cg1774,tkt,1,curated_positive,R,0,1,0,0,0,,predicted,0.2,0,1,1,CoryneRegNet,1,1,OP_cg1774,1,5,0,1,1,0.9328,-19.69,2,0,0,0,0,0,0,,,,0,0,0,0,,,5,0,0,,0,
538,0.914921,cg2783,cg2783,cg1774,tkt,1,curated_positive,R,0,1,0,0,0,,experimental,0.75,1,1,1,CoryneRegNet,1,1,OP_cg1774,1,5,0,1,1,0.9328,-19.69,2,0,0,0,0,0,0,,,,0,0,0,0,,,5,0,0,,0,
539,0.914921,cg2831,cg2831,cg1774,tkt,1,curated_positive,R,0,1,0,0,0,,experimental,0.75,1,1,1,CoryneRegNet,1,1,OP_cg1774,1,5,0,1,1,0.9328,-19.69,2,0,0,0,0,0,0,,,,0,0,0,0,,,5,0,0,,0,
540,0.912739,cg0156,cg0156,cg3374,cg3374,1,curated_positive,A,1,0,0,0,0,,predicted,0.2,0,1,1,CoryneRegNet,1,1,OP_cg3372,1,4,0,1,7,0.8936,-12.48,1,0,0,0,0,0,0,,,,0,0,0,0,,,5,0,0,,0,
541,0.912739,cg2092,sigA,cg3374,cg3374,1,curated_positive,A,1,0,0,0,0,,experimental,0.75,1,1,1,CoryneRegNet,1,1,OP_cg3372,1,4,0,1,7,0.8936,-12.48,1,0,0,0,0,0,0,,,,0,0,0,0,,,5,0,0,,0,
542,0.912739,cg3253,mcbR,cg3374,cg3374,1,curated_positive,R,0,1,0,0,0,,predicted,0.2,0,1,1,CoryneRegNet,1,1,OP_cg3372,1,4,0,1,7,0.8936,-12.48,1,0,0,0,0,0,0,,,,0,0,0,0,,,5,0,0,,0,
543,0.912739,cg2103,dtxR,cg3374,cg3374,0,sampled_negative,unknown,0,0,0,0,0,,,0,0,0,0,,0,0,OP_cg3372,1,4,0,1,7,0.8936,-12.48,1,0,0,0,0,0,0,,,,0,0,0,0,,,5,0,0,,0,
544,0.909225,cg1846,cg1846,cg1847,cg1847,1,curated_positive,R,0,1,0,0,0,,experimental,0.6,1,0,0,CoryneRegNet,1,1,OP_cg1846,1,2,1,1,6,0.8727,-12.92,3,0,0,0,0,0,0,,,,0,0,0,0,,,5,0,0,,0,
545,0.908779,cg0156,cg0156,cg3139,cg3139,1,curated_positive,R,0,1,0,0,0,,predicted,0.2,0,1,1,CoryneRegNet,1,1,OP_cg3138,1,2,0,1,10,0.5581,-14.51,1,0,0,0,0,0,0,,,,0,0,0,0,,,5,0,0,,0,
546,0.908779,cg0862,mtrA,cg3139,cg3139,1,curated_positive,R,0,1,0,0,0,,experimental,0.75,1,1,1,CoryneRegNet,1,1,OP_cg3138,1,2,0,1,10,0.5581,-14.51,1,0,0,0,0,0,0,,,,0,0,0,0,,,5,0,0,,0,
547,0.908779,cg2092,sigA,cg3139,cg3139,1,curated_positive,A,1,0,0,0,0,,experimental,0.75,1,1,1,CoryneRegNet,1,1,OP_cg3138,1,2,0,1,10,0.5581,-14.51,1,0,0,0,0,0,0,,,,0,0,0,0,,,5,0,0,,0,
548,0.908494,cg0156,cg0156,cg3114,cysN,1,curated_positive,A,1,0,0,0,0,,predicted,0.2,0,1,1,CoryneRegNet,1,1,OP_cg3118,1,7,0,1,9,0.5264,-15.68,2,0,0,0,0,0,0,,,,0,0,0,0,,,5,0,0,,0,
549,0.908494,cg2092,sigA,cg3114,cysN,1,curated_positive,A,1,0,0,0,0,,experimental,0.75,1,1,1,CoryneRegNet,1,1,OP_cg3118,1,7,0,1,9,0.5264,-15.68,2,0,0,0,0,0,0,,,,0,0,0,0,,,5,0,0,,0,
550,0.908494,cg2103,dtxR,cg3114,cysN,1,curated_positive,R,0,1,0,0,0,,experimental,0.75,1,1,1,CoryneRegNet,1,1,OP_cg3118,1,7,0,1,9,0.5264,-15.68,2,0,0,0,0,0,0,,,,0,0,0,0,,,5,0,0,,0,
551,0.908494,cg3253,mcbR,cg3114,cysN,1,curated_positive,R,0,1,0,0,0,,predicted,0.2,0,1,2,CoryneRegNet,1,1,OP_cg3118,1,7,0,1,9,0.5264,-15.68,2,0,0,0,0,0,0,,,,0,0,0,0,,,5,0,0,,0,
552,0.905881,cg0709,cgtR7,cg0707,cgtS7,1,curated_positive,A,1,0,0,0,0,,experimental,0.75,1,1,1,CoryneRegNet,1,1,OP_cg0707,1,3,1,1,3,0.661,-17.43,6,0,0,0,0,0,0,,,,0,0,0,0,,,5,0,0,,0,
553,0.905199,cg1218,cg1218,cg1216,nadA,1,curated_positive,R,0,1,0,0,0,,experimental + predicted,0.75,1,1,3,CoryneRegNet,1,1,OP_cg1218,1,4,1,1,9,0.744,-13.92,2,0,0,0,0,0,0,,,,0,0,0,0,,,5,0,0,,0,
554,0.904732,cg0350,cg0350,cg1040,cg1040,1,curated_positive,A,1,0,0,0,0,,predicted,0.2,0,1,1,CoryneRegNet,1,1,OP_cg1037,1,5,0,1,3,0.1405,-14.68,1,0,0,0,0,0,0,,,,0,0,0,0,,,5,0,0,,0,
555,0.904732,cg0444,cg0444,cg1040,cg1040,1,curated_positive,R,0,1,0,0,0,,predicted,0.2,0,1,1,CoryneRegNet,1,1,OP_cg1037,1,5,0,1,3,0.1405,-14.68,1,0,0,0,0,0,0,,,,0,0,0,0,,,5,0,0,,0,
556,0.904732,cg0862,mtrA,cg1040,cg1040,1,curated_positive,R,0,1,0,0,0,,experimental,0.75,1,1,1,CoryneRegNet,1,1,OP_cg1037,1,5,0,1,3,0.1405,-14.68,1,0,0,0,0,0,0,,,,0,0,0,0,,,5,0,0,,0,
557,0.904732,cg2092,sigA,cg1040,cg1040,1,curated_positive,A,1,0,0,0,0,,experimental,0.75,1,1,1,CoryneRegNet,1,1,OP_cg1037,1,5,0,1,3,0.1405,-14.68,1,0,0,0,0,0,0,,,,0,0,0,0,,,5,0,0,,0,
558,0.904732,cg2831,cg2831,cg1040,cg1040,1,curated_positive,A,1,0,0,0,0,,predicted,0.2,0,1,1,CoryneRegNet,1,1,OP_cg1037,1,5,0,1,3,0.1405,-14.68,1,0,0,0,0,0,0,,,,0,0,0,0,,,5,0,0,,0,
559,0.904330,cg0709,cgtR7,cg0709,cgtR7,1,curated_positive,A,1,0,0,0,0,,experimental,0.75,1,1,1,CoryneRegNet,1,1,OP_cg0707,1,3,1,1,2,0.08316,-25.55,4,0,0,0,0,0,0,,,,0,0,0,0,,,5,0,0,,0,
560,0.904209,cg0012,cg0012,cg1379,ssuB,1,curated_positive,A,1,0,0,0,0,,experimental,0.75,1,1,1,CoryneRegNet,1,1,OP_cg1376,1,4,0,1,2,0.9184,-11.47,4,0,0,0,0,0,0,,,,0,0,0,0,,,5,0,0,,0,
561,0.904209,cg2092,sigA,cg1379,ssuB,1,curated_positive,A,1,0,0,0,0,,experimental,0.75,1,1,1,CoryneRegNet,1,1,OP_cg1376,1,4,0,1,2,0.9184,-11.47,4,0,0,0,0,0,0,,,,0,0,0,0,,,5,0,0,,0,
562,0.904209,cg3253,mcbR,cg1379,ssuB,1,curated_positive,R,0,1,0,0,0,,predicted,0.2,0,1,1,CoryneRegNet,1,1,OP_cg1376,1,4,0,1,2,0.9184,-11.47,4,0,0,0,0,0,0,,,,0,0,0,0,,,5,0,0,,0,
563,0.901665,cg0876,sigH,cg1778,zwf,1,curated_positive,unknown,0,0,1,0,0,,predicted,0.2,0,1,1,CoryneRegNet,1,1,OP_cg1774,1,5,0,1,6,0.9376,-13.14,2,0,0,0,0,0,0,,,,0,0,0,0,,,5,0,0,,0,
564,0.901665,cg1935,cg1935,cg1778,zwf,1,curated_positive,R,0,1,0,0,0,,experimental,0.75,1,1,1,CoryneRegNet,1,1,OP_cg1774,1,5,0,1,6,0.9376,-13.14,2,0,0,0,0,0,0,,,,0,0,0,0,,,5,0,0,,0,
565,0.901665,cg2115,cg2115,cg1778,zwf,1,curated_positive,R,0,1,0,0,0,,predicted,0.05,0,0,0,CoryneRegNet,1,1,OP_cg1774,1,5,0,1,6,0.9376,-13.14,2,0,0,0,0,0,0,,,,0,0,0,0,,,5,0,0,,0,
566,0.901665,cg2783,cg2783,cg1778,zwf,1,curated_positive,R,0,1,0,0,0,,experimental,0.75,1,1,1,CoryneRegNet,1,1,OP_cg1774,1,5,0,1,6,0.9376,-13.14,2,0,0,0,0,0,0,,,,0,0,0,0,,,5,0,0,,0,
567,0.901665,cg2831,cg2831,cg1778,zwf,1,curated_positive,R,0,1,0,0,0,,experimental,0.75,1,1,1,CoryneRegNet,1,1,OP_cg1774,1,5,0,1,6,0.9376,-13.14,2,0,0,0,0,0,0,,,,0,0,0,0,,,5,0,0,,0,
568,0.901478,cg0350,cg0350,cg3047,ackA,1,curated_positive,R,0,1,0,0,0,,predicted,0.2,0,1,1,CoryneRegNet,1,1,OP_cg3048,1,2,0,1,8,0.9273,-17.8,1,0,0,0,0,0,0,,,,0,0,0,0,,,5,0,0,,0,
569,0.901478,cg0444,cg0444,cg3047,ackA,1,curated_positive,R,0,1,0,0,0,,experimental,0.75,1,1,2,CoryneRegNet,1,1,OP_cg3048,1,2,0,1,8,0.9273,-17.8,1,0,0,0,0,0,0,,,,0,0,0,0,,,5,0,0,,0,
570,0.901478,cg1120,cg1120,cg3047,ackA,1,curated_positive,R,0,1,0,0,0,,experimental,0.75,1,1,1,CoryneRegNet,1,1,OP_cg3048,1,2,0,1,8,0.9273,-17.8,1,0,0,0,0,0,0,,,,0,0,0,0,,,5,0,0,,0,
571,0.901478,cg2092,sigA,cg3047,ackA,1,curated_positive,A,1,0,0,0,0,,experimental,0.75,1,1,1,CoryneRegNet,1,1,OP_cg3048,1,2,0,1,8,0.9273,-17.8,1,0,0,0,0,0,0,,,,0,0,0,0,,,5,0,0,,0,
572,0.901478,cg2831,cg2831,cg3047,ackA,1,curated_positive,A,1,0,0,0,0,,experimental,0.75,1,1,1,CoryneRegNet,1,1,OP_cg3048,1,2,0,1,8,0.9273,-17.8,1,0,0,0,0,0,0,,,,0,0,0,0,,,5,0,0,,0,
573,0.900015,cg1817,pyrR,cg1816,pyrB,1,curated_positive,R,0,1,0,0,0,,experimental + predicted,0.75,1,1,1,CoryneRegNet,1,1,OP_cg1817,1,3,1,1,12,0.8851,-9.53,0,0,0,0,0,0,0,,,,0,0,0,0,,,5,0,0,,0,
574,0.899906,cg0350,cg0350,cg1039,cg1039,1,curated_positive,A,1,0,0,0,0,,predicted,0.2,0,1,1,CoryneRegNet,1,1,OP_cg1037,1,5,0,1,2,0.08301,-22.09,3,0,0,0,0,0,0,,,,0,0,0,0,,,5,0,0,,0,
575,0.899906,cg0444,cg0444,cg1039,cg1039,1,curated_positive,R,0,1,0,0,0,,predicted,0.2,0,1,1,CoryneRegNet,1,1,OP_cg1037,1,5,0,1,2,0.08301,-22.09,3,0,0,0,0,0,0,,,,0,0,0,0,,,5,0,0,,0,
576,0.899906,cg0862,mtrA,cg1039,cg1039,1,curated_positive,R,0,1,0,0,0,,experimental,0.75,1,1,1,CoryneRegNet,1,1,OP_cg1037,1,5,0,1,2,0.08301,-22.09,3,0,0,0,0,0,0,,,,0,0,0,0,,,5,0,0,,0,
577,0.899906,cg2092,sigA,cg1039,cg1039,1,curated_positive,A,1,0,0,0,0,,experimental,0.75,1,1,1,CoryneRegNet,1,1,OP_cg1037,1,5,0,1,2,0.08301,-22.09,3,0,0,0,0,0,0,,,,0,0,0,0,,,5,0,0,,0,
578,0.899906,cg2831,cg2831,cg1039,cg1039,1,curated_positive,A,1,0,0,0,0,,predicted,0.2,0,1,1,CoryneRegNet,1,1,OP_cg1037,1,5,0,1,2,0.08301,-22.09,3,0,0,0,0,0,0,,,,0,0,0,0,,,5,0,0,,0,
579,0.898131,cg1120,cg1120,cg1488,leuD,1,curated_positive,R,0,1,0,0,0,,experimental,0.75,1,1,1,CoryneRegNet,1,1,OP_cg1487,1,2,0,1,4,0.7602,-17.86,3,0,0,0,0,0,0,,,,0,0,0,0,,,5,0,0,,0,
580,0.898131,cg1486,cg1486,cg1488,leuD,1,curated_positive,R,0,1,0,0,0,,experimental,0.75,1,1,1,CoryneRegNet,1,1,OP_cg1487,1,2,0,1,4,0.7602,-17.86,3,0,0,0,0,0,0,,,,0,0,0,0,,,5,0,0,,0,
581,0.898131,cg2092,sigA,cg1488,leuD,1,curated_positive,A,1,0,0,0,0,,experimental,0.75,1,1,1,CoryneRegNet,1,1,OP_cg1487,1,2,0,1,4,0.7602,-17.86,3,0,0,0,0,0,0,,,,0,0,0,0,,,5,0,0,,0,
582,0.897564,cg3097,hspR,cg3098,dnaJ,1,curated_positive,R,0,1,0,0,0,,experimental + predicted,0.75,1,1,3,CoryneRegNet,1,1,OP_cg3100,1,4,1,1,1,0,-56.15,2,0,0,0,0,0,0,,,,0,0,0,0,,,5,0,0,,0,
583,0.893115,cg2115,cg2115,cg2116,cg2116,1,curated_positive,R,0,1,0,0,0,,predicted,0.05,0,0,0,CoryneRegNet,1,1,OP_cg2115,1,2,1,1,10,0.9416,-10.92,1,0,0,0,0,0,0,,,,0,0,0,0,,,5,0,0,,0,
584,0.891248,cg1648,cg1648,cg1653,pgp1,1,curated_positive,R,0,1,0,0,0,,predicted,0.05,0,0,0,CoryneRegNet,1,1,OP_cg1653,1,6,1,1,1,0.953,-20.04,6,0,0,0,0,0,0,,,,0,0,0,0,,,5,0,0,,0,
585,0.890706,cg1935,cg1935,cg1779,opcA,1,curated_positive,R,0,1,0,0,0,,experimental,0.75,1,1,1,CoryneRegNet,1,1,OP_cg1774,1,5,0,1,3,0.3521,-17.66,2,0,0,0,0,0,0,,,,0,0,0,0,,,5,0,0,,0,
586,0.890706,cg2115,cg2115,cg1779,opcA,1,curated_positive,R,0,1,0,0,0,,predicted,0.05,0,0,0,CoryneRegNet,1,1,OP_cg1774,1,5,0,1,3,0.3521,-17.66,2,0,0,0,0,0,0,,,,0,0,0,0,,,5,0,0,,0,
587,0.890706,cg2783,cg2783,cg1779,opcA,1,curated_positive,R,0,1,0,0,0,,experimental,0.75,1,1,1,CoryneRegNet,1,1,OP_cg1774,1,5,0,1,3,0.3521,-17.66,2,0,0,0,0,0,0,,,,0,0,0,0,,,5,0,0,,0,
588,0.890706,cg2831,cg2831,cg1779,opcA,1,curated_positive,R,0,1,0,0,0,,experimental,0.75,1,1,1,CoryneRegNet,1,1,OP_cg1774,1,5,0,1,3,0.3521,-17.66,2,0,0,0,0,0,0,,,,0,0,0,0,,,5,0,0,,0,
589,0.889795,cg1585,argR,cg1581,argJ,1,curated_positive,R,0,1,0,0,0,,experimental,0.75,1,1,1,CoryneRegNet,1,1,OP_cg1580,1,6,1,0,,,,0,0,0,0,0,0,0,,,,0,0,0,0,,,8,0,0,,0,
590,0.889795,cg1648,cg1648,cg1648,cg1648,1,curated_positive,R,0,1,0,0,0,,predicted,0.05,0,0,0,CoryneRegNet,1,1,OP_cg1653,1,6,1,0,,,,0,0,0,0,0,0,0,,,,0,0,0,0,,,8,0,0,,0,
591,0.884922,cg2936,cg2936,cg2935,nanP,1,curated_positive,R,0,1,0,0,0,,experimental,0.75,1,1,1,CoryneRegNet,1,1,OP_cg2936,1,2,1,1,10,0.948,-14.86,1,0,0,0,0,0,0,,,,0,0,0,0,,,5,0,0,,0,
592,0.884786,cg1765,cg1765,cg1764,sufB,1,curated_positive,R,0,1,0,0,0,,experimental,0.75,1,1,1,CoryneRegNet,1,1,OP_cg1765,1,7,1,1,1,0,-135.87,1,0,0,0,0,0,0,,,,0,0,0,0,,,5,0,0,,0,
593,0.883874,cg0156,cg0156,cg3116,cysH,1,curated_positive,A,1,0,0,0,0,,predicted,0.2,0,1,1,CoryneRegNet,1,1,OP_cg3118,1,7,0,1,3,0.9673,-27.04,2,0,0,0,0,0,0,,,,0,0,0,0,,,5,0,0,,0,
594,0.883874,cg2092,sigA,cg3116,cysH,1,curated_positive,A,1,0,0,0,0,,experimental,0.75,1,1,1,CoryneRegNet,1,1,OP_cg3118,1,7,0,1,3,0.9673,-27.04,2,0,0,0,0,0,0,,,,0,0,0,0,,,5,0,0,,0,
595,0.883874,cg2103,dtxR,cg3116,cysH,1,curated_positive,R,0,1,0,0,0,,experimental,0.75,1,1,1,CoryneRegNet,1,1,OP_cg3118,1,7,0,1,3,0.9673,-27.04,2,0,0,0,0,0,0,,,,0,0,0,0,,,5,0,0,,0,
596,0.883874,cg3253,mcbR,cg3116,cysH,1,curated_positive,R,0,1,0,0,0,,predicted,0.2,0,1,2,CoryneRegNet,1,1,OP_cg3118,1,7,0,1,3,0.9673,-27.04,2,0,0,0,0,0,0,,,,0,0,0,0,,,5,0,0,,0,
597,0.883874,cg0309,sigC,cg3116,cysH,0,sampled_negative,unknown,0,0,0,0,0,,,0,0,0,0,,0,0,OP_cg3118,1,7,0,1,3,0.9673,-27.04,2,0,0,0,0,0,0,,,,0,0,0,0,,,5,0,0,,0,
598,0.881424,cg1547,ccpA1,cg1414,cg1414,1,curated_positive,R,0,1,0,0,0,,experimental,0.75,1,1,1,CoryneRegNet,1,1,OP_cg1410,1,5,0,1,4,0.8841,-16.7,1,0,0,0,0,0,0,,,,0,0,0,0,,,5,0,0,,0,
599,0.881424,cg2092,sigA,cg1414,cg1414,1,curated_positive,A,1,0,0,0,0,,experimental,0.75,1,1,1,CoryneRegNet,1,1,OP_cg1410,1,5,0,1,4,0.8841,-16.7,1,0,0,0,0,0,0,,,,0,0,0,0,,,5,0,0,,0,
600,0.881424,cg0725,crtR,cg1414,cg1414,0,sampled_negative,unknown,0,0,0,0,0,,,0,0,0,0,,0,0,OP_cg1410,1,5,0,1,4,0.8841,-16.7,1,0,0,0,0,0,0,,,,0,0,0,0,,,5,0,0,,0,
601,0.880473,cg1585,argR,cg1583,argD,1,curated_positive,R,0,1,0,0,0,,experimental,0.75,1,1,1,CoryneRegNet,1,1,OP_cg1580,1,6,1,1,3,0.9074,-13.08,6,0,0,0,0,0,0,,,,0,0,0,0,,,5,0,0,,0,
602,0.877862,cg1547,ccpA1,cg1411,cg1411,1,curated_positive,R,0,1,0,0,0,,experimental,0.75,1,1,1,CoryneRegNet,1,1,OP_cg1410,1,5,0,1,7,0.8683,-11.84,1,0,0,0,0,0,0,,,,0,0,0,0,,,5,0,0,,0,
603,0.877862,cg2092,sigA,cg1411,cg1411,1,curated_positive,A,1,0,0,0,0,,experimental,0.75,1,1,1,CoryneRegNet,1,1,OP_cg1410,1,5,0,1,7,0.8683,-11.84,1,0,0,0,0,0,0,,,,0,0,0,0,,,5,0,0,,0,
604,0.876811,cg0012,cg0012,cg1153,ssiG,1,curated_positive,A,1,0,0,0,0,,experimental,0.75,1,1,1,CoryneRegNet,1,1,OP_cg1151,1,3,0,1,8,0.4422,-17.91,1,0,0,0,0,0,0,,,,0,0,0,0,,,5,0,0,,0,
605,0.876811,cg2092,sigA,cg1153,ssiG,1,curated_positive,A,1,0,0,0,0,,experimental,0.75,1,1,1,CoryneRegNet,1,1,OP_cg1151,1,3,0,1,8,0.4422,-17.91,1,0,0,0,0,0,0,,,,0,0,0,0,,,5,0,0,,0,
606,0.876811,cg3253,mcbR,cg1153,ssiG,1,curated_positive,R,0,1,0,0,0,,predicted,0.2,0,1,1,CoryneRegNet,1,1,OP_cg1151,1,3,0,1,8,0.4422,-17.91,1,0,0,0,0,0,0,,,,0,0,0,0,,,5,0,0,,0,
607,0.868223,cg0444,cg0444,cg0767,cg0767,1,curated_positive,R,0,1,0,0,0,,predicted,0.05,0,0,0,CoryneRegNet,1,1,OP_cg0771,1,5,0,1,5,0.5699,-21.41,4,0,0,0,0,0,0,,,,0,0,0,0,,,5,0,0,,0,
608,0.868223,cg2092,sigA,cg0767,cg0767,1,curated_positive,A,1,0,0,0,0,,experimental,0.75,1,1,1,CoryneRegNet,1,1,OP_cg0771,1,5,0,1,5,0.5699,-21.41,4,0,0,0,0,0,0,,,,0,0,0,0,,,5,0,0,,0,
609,0.868223,cg2103,dtxR,cg0767,cg0767,1,curated_positive,R,0,1,0,0,0,,experimental,0.75,1,1,1,CoryneRegNet,1,1,OP_cg0771,1,5,0,1,5,0.5699,-21.41,4,0,0,0,0,0,0,,,,0,0,0,0,,,5,0,0,,0,
610,0.868223,cg0876,sigH,cg0767,cg0767,0,sampled_negative,unknown,0,0,0,0,0,,,0,0,0,0,,0,0,OP_cg0771,1,5,0,1,5,0.5699,-21.41,4,0,0,0,0,0,0,,,,0,0,0,0,,,5,0,0,,0,
611,0.866073,cg1084,cgtR10,cg1083,cgtS10,1,curated_positive,A,1,0,0,0,0,,experimental,0.75,1,1,1,CoryneRegNet,1,1,OP_cg1083,1,2,1,1,1,0.118,-22.43,2,0,0,0,0,0,0,,,,0,0,0,0,,,5,0,0,,0,
612,0.865873,cg0454,cg0454,cg0456,cg0456,1,curated_positive,R,0,1,0,0,0,,predicted,0.05,0,0,0,CoryneRegNet,1,1,OP_cg0454,1,3,1,1,1,0.002116,-20.73,1,0,0,0,0,0,0,,,,0,0,0,0,,,5,0,0,,0,
613,0.860184,cg0112,ureR,cg0117,ureF,1,curated_positive,R,0,1,0,0,0,,predicted,0.2,0,1,1,CoryneRegNet,1,1,OP_cg0113,1,7,0,1,9,0.6509,-17.92,1,0,0,0,0,0,0,,,,0,0,0,0,,,5,0,0,,0,
614,0.860184,cg0986,amtR,cg0117,ureF,1,curated_positive,R,0,1,0,0,0,,experimental,0.75,1,1,4,CoryneRegNet,1,1,OP_cg0113,1,7,0,1,9,0.6509,-17.92,1,0,0,0,0,0,0,,,,0,0,0,0,,,5,0,0,,0,
615,0.859727,cg1547,ccpA1,cg1413,cg1413,1,curated_positive,R,0,1,0,0,0,,experimental,0.75,1,1,1,CoryneRegNet,1,1,OP_cg1410,1,5,0,1,9,0.6978,-18.03,1,0,0,0,0,0,0,,,,0,0,0,0,,,5,0,0,,0,
616,0.859727,cg2092,sigA,cg1413,cg1413,1,curated_positive,A,1,0,0,0,0,,experimental,0.75,1,1,1,CoryneRegNet,1,1,OP_cg1410,1,5,0,1,9,0.6978,-18.03,1,0,0,0,0,0,0,,,,0,0,0,0,,,5,0,0,,0,
617,0.858526,cg2936,cg2936,cg2936,cg2936,1,curated_positive,R,0,1,0,0,0,,experimental,0.75,1,1,1,CoryneRegNet,1,1,OP_cg2936,1,2,1,1,11,0.7809,-16.47,0,0,0,0,0,0,0,,,,0,0,0,0,,,5,0,0,,0,
618,0.856469,cg0156,cg0156,cg3113,cg3113,1,curated_positive,A,1,0,0,0,0,,predicted,0.2,0,1,1,CoryneRegNet,1,1,OP_cg3118,1,7,0,1,6,0.9077,-16.87,3,0,0,0,0,0,0,,,,0,0,0,0,,,5,0,0,,0,
619,0.856469,cg2092,sigA,cg3113,cg3113,1,curated_positive,A,1,0,0,0,0,,experimental,0.75,1,1,1,CoryneRegNet,1,1,OP_cg3118,1,7,0,1,6,0.9077,-16.87,3,0,0,0,0,0,0,,,,0,0,0,0,,,5,0,0,,0,
620,0.856469,cg2103,dtxR,cg3113,cg3113,1,curated_positive,R,0,1,0,0,0,,experimental,0.75,1,1,1,CoryneRegNet,1,1,OP_cg3118,1,7,0,1,6,0.9077,-16.87,3,0,0,0,0,0,0,,,,0,0,0,0,,,5,0,0,,0,
621,0.856469,cg3253,mcbR,cg3113,cg3113,1,curated_positive,R,0,1,0,0,0,,predicted,0.2,0,1,2,CoryneRegNet,1,1,OP_cg3118,1,7,0,1,6,0.9077,-16.87,3,0,0,0,0,0,0,,,,0,0,0,0,,,5,0,0,,0,
622,0.855438,cg1084,cgtR10,cg1084,cgtR10,1,curated_positive,A,1,0,0,0,0,,experimental,0.75,1,1,1,CoryneRegNet,1,1,OP_cg1083,1,2,1,1,12,0.952,-9.69,0,0,0,0,0,0,0,,,,0,0,0,0,,,5,0,0,,0,
623,0.850847,cg0979,cg0979,cg0978,cg0978,1,curated_positive,R,0,1,0,0,0,,experimental,0.6,1,0,0,CoryneRegNet,1,1,OP_cg0979,1,3,1,1,15,0.905,-6.2,0,0,0,0,0,0,0,,,,0,0,0,0,,,5,0,0,,0,
624,0.849897,cg1648,cg1648,cg1650,pctC,1,curated_positive,R,0,1,0,0,0,,predicted,0.05,0,0,0,CoryneRegNet,1,1,OP_cg1653,1,6,1,1,2,0.05152,-23.41,2,0,0,0,0,0,0,,,,0,0,0,0,,,5,0,0,,0,
625,0.846740,cg0350,cg0350,cg1571,ugpC,1,curated_positive,R,0,1,0,0,0,,predicted,0.2,0,1,2,CoryneRegNet,1,1,OP_cg1568,1,4,0,1,5,0.6432,-19.51,3,0,0,0,0,0,0,,,,0,0,0,0,,,5,0,0,,0,
626,0.846740,cg2092,sigA,cg1571,ugpC,1,curated_positive,A,1,0,0,0,0,,experimental,0.75,1,1,1,CoryneRegNet,1,1,OP_cg1568,1,4,0,1,5,0.6432,-19.51,3,0,0,0,0,0,0,,,,0,0,0,0,,,5,0,0,,0,
627,0.846740,cg2888,cgtR3,cg1571,ugpC,1,curated_positive,A,1,0,0,0,0,,experimental,0.75,1,1,1,CoryneRegNet,1,1,OP_cg1568,1,4,0,1,5,0.6432,-19.51,3,0,0,0,0,0,0,,,,0,0,0,0,,,5,0,0,,0,
628,0.845973,cg1792,cg1792,cg2363,cg2363,1,curated_positive,A,1,0,0,0,0,,experimental,0.75,1,1,1,CoryneRegNet,1,1,OP_cg2366,1,4,0,1,4,0.5291,-27.2,3,0,0,0,0,0,0,,,,0,0,0,0,,,5,0,0,,0,
629,0.845973,cg2092,sigA,cg2363,cg2363,1,curated_positive,A,1,0,0,0,0,,experimental,0.75,1,1,1,CoryneRegNet,1,1,OP_cg2366,1,4,0,1,4,0.5291,-27.2,3,0,0,0,0,0,0,,,,0,0,0,0,,,5,0,0,,0,
630,0.843641,cg0646,cg0646,cg0642,cg0642,1,curated_positive,R,0,1,0,0,0,,predicted,0.2,0,1,1,CoryneRegNet,1,1,OP_cg0645,1,4,0,1,7,0.7835,-11.36,1,0,0,0,0,0,0,,,,0,0,0,0,,,5,0,0,,0,
631,0.843641,cg2115,cg2115,cg0642,cg0642,1,curated_positive,R,0,1,0,0,0,,predicted,0.05,0,0,0,CoryneRegNet,1,1,OP_cg0645,1,4,0,1,7,0.7835,-11.36,1,0,0,0,0,0,0,,,,0,0,0,0,,,5,0,0,,0,
632,0.843641,cg3352,cg3352,cg0642,cg0642,1,curated_positive,A,1,0,0,0,0,,predicted,0.05,0,0,0,CoryneRegNet,1,1,OP_cg0645,1,4,0,1,7,0.7835,-11.36,1,0,0,0,0,0,0,,,,0,0,0,0,,,5,0,0,,0,
633,0.843641,cg2102,sigB,cg0642,cg0642,0,sampled_negative,unknown,0,0,0,0,0,,,0,0,0,0,,0,0,OP_cg0645,1,4,0,1,7,0.7835,-11.36,1,0,0,0,0,0,0,,,,0,0,0,0,,,5,0,0,,0,
634,0.843298,cg0350,cg0350,cg2843,pstB,1,curated_positive,A,1,0,0,0,0,,experimental + predicted,0.75,1,1,3,CoryneRegNet,1,1,OP_cg2846,1,4,0,1,4,0.6364,-9.04,4,0,0,0,0,0,0,,,,0,0,0,0,,,5,0,0,,0,
635,0.843298,cg2092,sigA,cg2843,pstB,1,curated_positive,A,1,0,0,0,0,,experimental,0.75,1,1,1,CoryneRegNet,1,1,OP_cg2846,1,4,0,1,4,0.6364,-9.04,4,0,0,0,0,0,0,,,,0,0,0,0,,,5,0,0,,0,
636,0.843298,cg2888,cgtR3,cg2843,pstB,1,curated_positive,A,1,0,0,0,0,,experimental,0.75,1,1,1,CoryneRegNet,1,1,OP_cg2846,1,4,0,1,4,0.6364,-9.04,4,0,0,0,0,0,0,,,,0,0,0,0,,,5,0,0,,0,
637,0.843298,cg0725,crtR,cg2843,pstB,0,sampled_negative,unknown,0,0,0,0,0,,,0,0,0,0,,0,0,OP_cg2846,1,4,0,1,4,0.6364,-9.04,4,0,0,0,0,0,0,,,,0,0,0,0,,,5,0,0,,0,
638,0.840320,cg0156,cg0156,cg3112,cg3112,1,curated_positive,A,1,0,0,0,0,,predicted,0.2,0,1,1,CoryneRegNet,1,1,OP_cg3118,1,7,0,1,1,0.9735,-23.22,5,0,0,0,0,0,0,,,,0,0,0,0,,,5,0,0,,0,
639,0.840320,cg2092,sigA,cg3112,cg3112,1,curated_positive,A,1,0,0,0,0,,experimental,0.75,1,1,1,CoryneRegNet,1,1,OP_cg3118,1,7,0,1,1,0.9735,-23.22,5,0,0,0,0,0,0,,,,0,0,0,0,,,5,0,0,,0,
640,0.840320,cg2103,dtxR,cg3112,cg3112,1,curated_positive,R,0,1,0,0,0,,experimental,0.75,1,1,1,CoryneRegNet,1,1,OP_cg3118,1,7,0,1,1,0.9735,-23.22,5,0,0,0,0,0,0,,,,0,0,0,0,,,5,0,0,,0,
641,0.840320,cg3253,mcbR,cg3112,cg3112,1,curated_positive,R,0,1,0,0,0,,predicted,0.2,0,1,2,CoryneRegNet,1,1,OP_cg3118,1,7,0,1,1,0.9735,-23.22,5,0,0,0,0,0,0,,,,0,0,0,0,,,5,0,0,,0,
642,0.839901,cg2092,sigA,cg3219,ldh,1,curated_positive,A,1,0,0,0,0,,experimental,0.75,1,1,1,CoryneRegNet,1,1,,0,0,0,1,8,0.6875,-7.21,2,0,0,0,0,0,0,,,,0,0,0,0,,,5,0,0,,0,
643,0.839901,cg2831,cg2831,cg3219,ldh,1,curated_positive,R,0,1,0,0,0,,experimental,0.75,1,1,1,CoryneRegNet,1,1,,0,0,0,1,8,0.6875,-7.21,2,0,0,0,0,0,0,,,,0,0,0,0,,,5,0,0,,0,
644,0.839901,cg3224,cg3224,cg3219,ldh,1,curated_positive,R,0,1,0,0,0,,experimental,0.75,1,1,1,CoryneRegNet,1,1,,0,0,0,1,8,0.6875,-7.21,2,0,0,0,0,0,0,,,,0,0,0,0,,,5,0,0,,0,
645,0.836927,cg2766,cg2766,cg2675,cg2675,1,curated_positive,R,0,1,0,0,0,,predicted,0.05,0,0,0,CoryneRegNet,1,1,OP_cg2678,1,5,0,1,14,0.3072,-15.34,0,0,0,0,0,0,0,,,,0,0,0,0,,,5,0,0,,0,
646,0.836927,cg3253,mcbR,cg2675,cg2675,1,curated_positive,R,0,1,0,0,0,,predicted,0.2,0,1,1,CoryneRegNet,1,1,OP_cg2678,1,5,0,1,14,0.3072,-15.34,0,0,0,0,0,0,0,,,,0,0,0,0,,,5,0,0,,0,
647,0.831782,cg2092,sigA,cg2831,cg2831,1,curated_positive,A,1,0,0,0,0,,experimental,0.75,1,1,1,CoryneRegNet,1,1,,0,0,0,1,8,0.7288,-8.33,2,0,0,0,0,0,0,,,,0,0,0,0,,,5,0,0,,0,
648,0.831782,cg2831,cg2831,cg2831,cg2831,1,curated_positive,R,0,1,0,0,0,,experimental + predicted,0.75,1,1,1,CoryneRegNet,1,1,,0,0,0,1,8,0.7288,-8.33,2,0,0,0,0,0,0,,,,0,0,0,0,,,5,0,0,,0,
649,0.827792,cg1648,cg1648,cg1652,pctA,1,curated_positive,R,0,1,0,0,0,,predicted,0.05,0,0,0,CoryneRegNet,1,1,OP_cg1653,1,6,1,1,1,0.08008,-20.56,3,0,0,0,0,0,0,,,,0,0,0,0,,,5,0,0,,0,
650,0.827374,cg0156,cg0156,cg3115,cysD,1,curated_positive,A,1,0,0,0,0,,predicted,0.2,0,1,1,CoryneRegNet,1,1,OP_cg3118,1,7,0,1,3,0.05411,-22.42,1,0,0,0,0,0,0,,,,0,0,0,0,,,5,0,0,,0,
651,0.827374,cg2092,sigA,cg3115,cysD,1,curated_positive,A,1,0,0,0,0,,experimental,0.75,1,1,1,CoryneRegNet,1,1,OP_cg3118,1,7,0,1,3,0.05411,-22.42,1,0,0,0,0,0,0,,,,0,0,0,0,,,5,0,0,,0,
652,0.827374,cg2103,dtxR,cg3115,cysD,1,curated_positive,R,0,1,0,0,0,,experimental,0.75,1,1,1,CoryneRegNet,1,1,OP_cg3118,1,7,0,1,3,0.05411,-22.42,1,0,0,0,0,0,0,,,,0,0,0,0,,,5,0,0,,0,
653,0.827374,cg3253,mcbR,cg3115,cysD,1,curated_positive,R,0,1,0,0,0,,predicted,0.2,0,1,2,CoryneRegNet,1,1,OP_cg3118,1,7,0,1,3,0.05411,-22.42,1,0,0,0,0,0,0,,,,0,0,0,0,,,5,0,0,,0,
654,0.825993,cg2092,sigA,cg2112,cg2112,1,curated_positive,A,1,0,0,0,0,,experimental,0.75,1,1,1,CoryneRegNet,1,1,OP_cg2113,1,2,0,1,10,0.5668,-15.82,1,0,0,0,0,0,0,,,,0,0,0,0,,,5,0,0,,0,
655,0.825993,cg2114,lexA,cg2112,cg2112,1,curated_positive,R,0,1,0,0,0,,experimental,0.75,1,1,1,CoryneRegNet,1,1,OP_cg2113,1,2,0,1,10,0.5668,-15.82,1,0,0,0,0,0,0,,,,0,0,0,0,,,5,0,0,,0,
656,0.825421,cg2092,sigA,cg3395,proP,1,curated_positive,A,1,0,0,0,0,,experimental,0.75,1,1,1,CoryneRegNet,1,1,,0,0,0,1,7,0.4332,-8.87,2,0,0,0,0,0,0,,,,0,0,0,0,,,5,0,0,,0,
657,0.825421,cg2109,oxyR,cg3395,proP,1,curated_positive,R,0,1,0,0,0,,experimental,0.75,1,1,1,CoryneRegNet,1,1,,0,0,0,1,7,0.4332,-8.87,2,0,0,0,0,0,0,,,,0,0,0,0,,,5,0,0,,0,
658,0.825421,cg2115,sugR,cg3395,proP,0,sampled_negative,unknown,0,0,0,0,0,,,0,0,0,0,,0,0,,0,0,0,1,7,0.4332,-8.87,2,0,0,0,0,0,0,,,,0,0,0,0,,,5,0,0,,0,
659,0.823317,cg0146,cg0146,cg0143,mtlD,1,curated_positive,R,0,1,0,0,0,,experimental,0.75,1,1,1,CoryneRegNet,1,1,OP_cg0144,1,3,0,1,4,0.902,-10.93,1,0,0,0,0,0,0,,,,0,0,0,0,,,5,0,0,,0,
660,0.823317,cg2092,sigA,cg0143,mtlD,1,curated_positive,A,1,0,0,0,0,,experimental,0.75,1,1,1,CoryneRegNet,1,1,OP_cg0144,1,3,0,1,4,0.902,-10.93,1,0,0,0,0,0,0,,,,0,0,0,0,,,5,0,0,,0,
661,0.822163,cg0444,cg0444,cg0769,cg0769,1,curated_positive,R,0,1,0,0,0,,predicted,0.05,0,0,0,CoryneRegNet,1,1,OP_cg0771,1,5,0,1,13,0.5489,-16.82,0,0,0,0,0,0,0,,,,0,0,0,0,,,5,0,0,,0,
662,0.822163,cg2092,sigA,cg0769,cg0769,1,curated_positive,A,1,0,0,0,0,,experimental,0.75,1,1,1,CoryneRegNet,1,1,OP_cg0771,1,5,0,1,13,0.5489,-16.82,0,0,0,0,0,0,0,,,,0,0,0,0,,,5,0,0,,0,
663,0.822163,cg2103,dtxR,cg0769,cg0769,1,curated_positive,R,0,1,0,0,0,,experimental,0.75,1,1,1,CoryneRegNet,1,1,OP_cg0771,1,5,0,1,13,0.5489,-16.82,0,0,0,0,0,0,0,,,,0,0,0,0,,,5,0,0,,0,
664,0.821919,cg2109,oxyR,cg1734,hemH,1,curated_positive,R,0,1,0,0,0,,experimental,0.75,1,1,1,CoryneRegNet,1,1,,0,0,0,1,5,0.5696,-10.67,1,0,0,0,0,0,0,,,,0,0,0,0,,,5,0,0,,0,
665,0.821919,cg3247,cgtR11,cg1734,hemH,1,curated_positive,R,0,1,0,0,0,,experimental,0.75,1,1,1,CoryneRegNet,1,1,,0,0,0,1,5,0.5696,-10.67,1,0,0,0,0,0,0,,,,0,0,0,0,,,5,0,0,,0,
666,0.817596,cg2092,sigA,cg0690,groES,1,curated_positive,A,1,0,0,0,0,,experimental,0.75,1,1,1,CoryneRegNet,1,1,OP_cg0690,1,2,0,1,2,0.7229,-19.75,3,0,0,0,0,0,0,,,,0,0,0,0,,,5,0,0,,0,
667,0.817596,cg3420,sigM,cg0690,groES,1,curated_positive,unknown,0,0,1,0,0,,predicted,0.2,0,1,1,CoryneRegNet,1,1,OP_cg0690,1,2,0,1,2,0.7229,-19.75,3,0,0,0,0,0,0,,,,0,0,0,0,,,5,0,0,,0,
668,0.815523,cg1585,argR,cg0229,gltB,1,curated_positive,R,0,1,0,0,0,,predicted,0.2,0,1,1,CoryneRegNet,1,1,OP_cg0229,1,2,0,1,8,0.6212,-13.4,1,0,0,0,0,0,0,,,,0,0,0,0,,,5,0,0,,0,
669,0.815523,cg2092,sigA,cg0229,gltB,1,curated_positive,A,1,0,0,0,0,,experimental,0.75,1,1,1,CoryneRegNet,1,1,OP_cg0229,1,2,0,1,8,0.6212,-13.4,1,0,0,0,0,0,0,,,,0,0,0,0,,,5,0,0,,0,
670,0.815261,cg0112,ureR,cg0116,ureE,1,curated_positive,R,0,1,0,0,0,,predicted,0.2,0,1,1,CoryneRegNet,1,1,OP_cg0113,1,7,0,1,6,0.9584,-18.64,2,0,0,0,0,0,0,,,,0,0,0,0,,,5,0,0,,0,
671,0.815261,cg0986,amtR,cg0116,ureE,1,curated_positive,R,0,1,0,0,0,,experimental,0.75,1,1,4,CoryneRegNet,1,1,OP_cg0113,1,7,0,1,6,0.9584,-18.64,2,0,0,0,0,0,0,,,,0,0,0,0,,,5,0,0,,0,
672,0.812272,cg0876,sigH,cg0876,sigH,1,curated_positive,unknown,0,0,1,0,0,,experimental,0.75,1,1,1,CoryneRegNet,1,1,OP_cg0876,1,2,1,1,12,0.7829,-12.01,0,0,0,0,0,0,0,,,,0,0,0,0,,,5,0,0,,0,
673,0.811655,cg0350,cg0350,cg0762,prpC2,1,curated_positive,R,0,1,0,0,0,,experimental,0.75,1,1,1,CoryneRegNet,1,1,OP_cg0759,1,3,0,1,5,0.904,-14.91,1,0,0,0,0,0,0,,,,0,0,0,0,,,5,0,0,,0,
674,0.811655,cg0800,cg0800,cg0762,prpC2,1,curated_positive,A,1,0,0,0,0,,experimental,0.75,1,1,2,CoryneRegNet,1,1,OP_cg0759,1,3,0,1,5,0.904,-14.91,1,0,0,0,0,0,0,,,,0,0,0,0,,,5,0,0,,0,
675,0.811655,cg2092,sigA,cg0762,prpC2,1,curated_positive,A,1,0,0,0,0,,experimental,0.75,1,1,1,CoryneRegNet,1,1,OP_cg0759,1,3,0,1,5,0.904,-14.91,1,0,0,0,0,0,0,,,,0,0,0,0,,,5,0,0,,0,
676,0.811655,cg2831,cg2831,cg0762,prpC2,1,curated_positive,A,1,0,0,0,0,,experimental,0.75,1,1,1,CoryneRegNet,1,1,OP_cg0759,1,3,0,1,5,0.904,-14.91,1,0,0,0,0,0,0,,,,0,0,0,0,,,5,0,0,,0,
677,0.811400,cg2766,cg2766,cg2677,cg2677,1,curated_positive,R,0,1,0,0,0,,predicted,0.05,0,0,0,CoryneRegNet,1,1,OP_cg2678,1,5,0,1,7,0.1651,-18.44,1,0,0,0,0,0,0,,,,0,0,0,0,,,5,0,0,,0,
678,0.811400,cg3253,mcbR,cg2677,cg2677,1,curated_positive,R,0,1,0,0,0,,predicted,0.2,0,1,1,CoryneRegNet,1,1,OP_cg2678,1,5,0,1,7,0.1651,-18.44,1,0,0,0,0,0,0,,,,0,0,0,0,,,5,0,0,,0,
679,0.811400,cg2102,sigB,cg2677,cg2677,0,sampled_negative,unknown,0,0,0,0,0,,,0,0,0,0,,0,0,OP_cg2678,1,5,0,1,7,0.1651,-18.44,1,0,0,0,0,0,0,,,,0,0,0,0,,,5,0,0,,0,
680,0.810725,cg0112,ureR,cg0118,ureG,1,curated_positive,R,0,1,0,0,0,,predicted,0.2,0,1,1,CoryneRegNet,1,1,OP_cg0113,1,7,0,1,3,0.9558,-9.52,1,0,0,0,0,0,0,,,,0,0,0,0,,,5,0,0,,0,
681,0.810725,cg0986,amtR,cg0118,ureG,1,curated_positive,R,0,1,0,0,0,,experimental,0.75,1,1,4,CoryneRegNet,1,1,OP_cg0113,1,7,0,1,3,0.9558,-9.52,1,0,0,0,0,0,0,,,,0,0,0,0,,,5,0,0,,0,
682,0.810725,cg0337,whiB4(whcA),cg0118,ureG,0,sampled_negative,unknown,0,0,0,0,0,,,0,0,0,0,,0,0,OP_cg0113,1,7,0,1,3,0.9558,-9.52,1,0,0,0,0,0,0,,,,0,0,0,0,,,5,0,0,,0,
683,0.810377,cg1648,cg1648,cg1649,pctD,1,curated_positive,R,0,1,0,0,0,,predicted,0.05,0,0,0,CoryneRegNet,1,1,OP_cg1653,1,6,1,1,5,0.9223,-5.8,1,0,0,0,0,0,0,,,,0,0,0,0,,,5,0,0,,0,
684,0.809428,cg2092,sigA,cg1037,cg1037,1,curated_positive,A,1,0,0,0,0,,experimental,0.75,1,1,1,CoryneRegNet,1,1,OP_cg1037,1,5,0,1,2,0.8963,-14.8,4,0,0,0,0,0,0,,,,0,0,0,0,,,5,0,0,,0,
685,0.809024,cg0350,cg0350,cg0446,sdhA,1,curated_positive,A,1,0,0,0,0,,predicted,0.2,0,1,1,CoryneRegNet,1,1,OP_cg0445,1,5,0,1,8,0.6147,-16.69,1,0,0,0,0,0,0,,,,0,0,0,0,,,5,0,0,,0,
686,0.809024,cg0444,cg0444,cg0446,sdhA,1,curated_positive,R,0,1,0,0,0,,predicted,0.2,0,1,2,CoryneRegNet,1,1,OP_cg0445,1,5,0,1,8,0.6147,-16.69,1,0,0,0,0,0,0,,,,0,0,0,0,,,5,0,0,,0,
687,0.809024,cg1120,cg1120,cg0446,sdhA,1,curated_positive,R,0,1,0,0,0,,experimental,0.75,1,1,1,CoryneRegNet,1,1,OP_cg0445,1,5,0,1,8,0.6147,-16.69,1,0,0,0,0,0,0,,,,0,0,0,0,,,5,0,0,,0,
688,0.809024,cg2092,sigA,cg0446,sdhA,1,curated_positive,A,1,0,0,0,0,,experimental,0.75,1,1,1,CoryneRegNet,1,1,OP_cg0445,1,5,0,1,8,0.6147,-16.69,1,0,0,0,0,0,0,,,,0,0,0,0,,,5,0,0,,0,
689,0.809024,cg2103,dtxR,cg0446,sdhA,1,curated_positive,A,1,0,0,0,0,,experimental,0.75,1,1,1,CoryneRegNet,1,1,OP_cg0445,1,5,0,1,8,0.6147,-16.69,1,0,0,0,0,0,0,,,,0,0,0,0,,,5,0,0,,0,
690,0.809024,cg2831,cg2831,cg0446,sdhA,1,curated_positive,A,1,0,0,0,0,,experimental + predicted,0.75,1,1,3,CoryneRegNet,1,1,OP_cg0445,1,5,0,1,8,0.6147,-16.69,1,0,0,0,0,0,0,,,,0,0,0,0,,,5,0,0,,0,
691,0.809024,cg2112,cg2112,cg0446,sdhA,0,sampled_negative,unknown,0,0,0,0,0,,,0,0,0,0,,0,0,OP_cg0445,1,5,0,1,8,0.6147,-16.69,1,0,0,0,0,0,0,,,,0,0,0,0,,,5,0,0,,0,
692,0.808385,cg0876,sigH,cg1761,nifS2,1,curated_positive,unknown,0,0,1,0,0,,predicted,0.05,0,0,0,CoryneRegNet,1,1,OP_cg1765,1,7,0,1,5,0.1733,-21.59,2,0,0,0,0,0,0,,,,0,0,0,0,,,5,0,0,,0,
693,0.808385,cg2109,oxyR,cg1761,nifS2,1,curated_positive,R,0,1,0,0,0,,experimental,0.75,1,1,1,CoryneRegNet,1,1,OP_cg1765,1,7,0,1,5,0.1733,-21.59,2,0,0,0,0,0,0,,,,0,0,0,0,,,5,0,0,,0,
694,0.808385,cg3420,sigM,cg1761,nifS2,1,curated_positive,unknown,0,0,1,0,0,,experimental,0.75,1,1,1,CoryneRegNet,1,1,OP_cg1765,1,7,0,1,5,0.1733,-21.59,2,0,0,0,0,0,0,,,,0,0,0,0,,,5,0,0,,0,
695,0.806815,cg1648,cg1648,cg1651,pctB,1,curated_positive,R,0,1,0,0,0,,predicted,0.05,0,0,0,CoryneRegNet,1,1,OP_cg1653,1,6,1,1,1,0.02841,-18.76,1,0,0,0,0,0,0,,,,0,0,0,0,,,5,0,0,,0,
696,0.805530,cg0090,citB,cg3127,cg3127,1,curated_positive,A,1,0,0,0,0,,experimental,0.75,1,1,1,CoryneRegNet,1,1,OP_cg3127,1,3,0,1,14,0.9177,-7.11,0,0,0,0,0,0,0,,,,0,0,0,0,,,5,0,0,,0,
697,0.805530,cg2092,sigA,cg3127,cg3127,1,curated_positive,A,1,0,0,0,0,,experimental,0.75,1,1,1,CoryneRegNet,1,1,OP_cg3127,1,3,0,1,14,0.9177,-7.11,0,0,0,0,0,0,0,,,,0,0,0,0,,,5,0,0,,0,
698,0.804935,cg2109,oxyR,cg1292,cg1292,1,curated_positive,R,0,1,0,0,0,,experimental,0.75,1,1,1,CoryneRegNet,1,1,,0,0,0,1,13,0.2727,-15.54,0,0,0,0,0,0,0,,,,0,0,0,0,,,5,0,0,,0,
699,0.802897,cg0876,sigH,cg1765,cg1765,1,curated_positive,unknown,0,0,1,0,0,,experimental,0.75,1,1,2,CoryneRegNet,1,1,OP_cg1765,1,7,0,1,1,0.379,-21.37,10,0,0,0,0,0,0,,,,0,0,0,0,,,5,0,0,,0,
700,0.802897,cg2109,oxyR,cg1765,cg1765,1,curated_positive,R,0,1,0,0,0,,experimental,0.75,1,1,1,CoryneRegNet,1,1,OP_cg1765,1,7,0,1,1,0.379,-21.37,10,0,0,0,0,0,0,,,,0,0,0,0,,,5,0,0,,0,
701,0.802897,cg3420,sigM,cg1765,cg1765,1,curated_positive,unknown,0,0,1,0,0,,experimental,0.75,1,1,1,CoryneRegNet,1,1,OP_cg1765,1,7,0,1,1,0.379,-21.37,10,0,0,0,0,0,0,,,,0,0,0,0,,,5,0,0,,0,
702,0.798021,cg0350,cg0350,cg2617,vanB,1,curated_positive,R,0,1,0,0,0,,predicted,0.2,0,1,1,CoryneRegNet,1,1,OP_cg2616,1,3,0,1,3,0.7602,-24.79,4,0,0,0,0,0,0,,,,0,0,0,0,,,5,0,0,,0,
703,0.798021,cg2092,sigA,cg2617,vanB,1,curated_positive,A,1,0,0,0,0,,experimental,0.75,1,1,1,CoryneRegNet,1,1,OP_cg2616,1,3,0,1,3,0.7602,-24.79,4,0,0,0,0,0,0,,,,0,0,0,0,,,5,0,0,,0,
704,0.798021,cg2615,cg2615,cg2617,vanB,1,curated_positive,R,0,1,0,0,0,,experimental,0.75,1,1,3,CoryneRegNet,1,1,OP_cg2616,1,3,0,1,3,0.7602,-24.79,4,0,0,0,0,0,0,,,,0,0,0,0,,,5,0,0,,0,
705,0.796918,cg0156,cg0156,cg3118,cysI,1,curated_positive,A,1,0,0,0,0,,experimental,0.75,1,1,1,CoryneRegNet,1,1,OP_cg3118,1,7,0,1,4,0.9337,-9.69,2,0,0,0,0,0,0,,,,0,0,0,0,,,5,0,0,,0,
706,0.796918,cg2092,sigA,cg3118,cysI,1,curated_positive,A,1,0,0,0,0,,experimental,0.75,1,1,1,CoryneRegNet,1,1,OP_cg3118,1,7,0,1,4,0.9337,-9.69,2,0,0,0,0,0,0,,,,0,0,0,0,,,5,0,0,,0,
707,0.796918,cg1861,rel(relA),cg3118,cysI,0,sampled_negative,unknown,0,0,0,0,0,,,0,0,0,0,,0,0,OP_cg3118,1,7,0,1,4,0.9337,-9.69,2,0,0,0,0,0,0,,,,0,0,0,0,,,5,0,0,,0,
708,0.796918,cg3224,lldR,cg3118,cysI,0,sampled_negative,unknown,0,0,0,0,0,,,0,0,0,0,,0,0,OP_cg3118,1,7,0,1,4,0.9337,-9.69,2,0,0,0,0,0,0,,,,0,0,0,0,,,5,0,0,,0,
709,0.795819,cg2092,sigA,cg1069,gapX,1,curated_positive,A,1,0,0,0,0,,experimental,0.75,1,1,1,CoryneRegNet,1,1,,0,0,0,1,3,0.8922,-18.71,3,0,0,0,0,0,0,,,,0,0,0,0,,,5,0,0,,0,
710,0.795819,cg2831,cg2831,cg1069,gapX,1,curated_positive,A,1,0,0,0,0,,experimental,0.75,1,1,1,CoryneRegNet,1,1,,0,0,0,1,3,0.8922,-18.71,3,0,0,0,0,0,0,,,,0,0,0,0,,,5,0,0,,0,
711,0.795819,cg1271,sigE,cg1069,gapX,0,sampled_negative,unknown,0,0,0,0,0,,,0,0,0,0,,0,0,,0,0,0,1,3,0.8922,-18.71,3,0,0,0,0,0,0,,,,0,0,0,0,,,5,0,0,,0,
712,0.790545,cg0876,sigH,cg1760,cg1760,1,curated_positive,unknown,0,0,1,0,0,,predicted,0.05,0,0,0,CoryneRegNet,1,1,OP_cg1765,1,7,0,1,8,0.616,-21.02,1,0,0,0,0,0,0,,,,0,0,0,0,,,5,0,0,,0,
713,0.790545,cg2109,oxyR,cg1760,cg1760,1,curated_positive,R,0,1,0,0,0,,experimental,0.75,1,1,1,CoryneRegNet,1,1,OP_cg1765,1,7,0,1,8,0.616,-21.02,1,0,0,0,0,0,0,,,,0,0,0,0,,,5,0,0,,0,
714,0.790545,cg3420,sigM,cg1760,cg1760,1,curated_positive,unknown,0,0,1,0,0,,experimental,0.75,1,1,1,CoryneRegNet,1,1,OP_cg1765,1,7,0,1,8,0.616,-21.02,1,0,0,0,0,0,0,,,,0,0,0,0,,,5,0,0,,0,
715,0.790545,cg3202,farR,cg1760,cg1760,0,sampled_negative,unknown,0,0,0,0,0,,,0,0,0,0,,0,0,OP_cg1765,1,7,0,1,8,0.616,-21.02,1,0,0,0,0,0,0,,,,0,0,0,0,,,5,0,0,,0,
716,0.787852,cg0090,citB,cg3125,cg3125,1,curated_positive,A,1,0,0,0,0,,experimental,0.75,1,1,1,CoryneRegNet,1,1,OP_cg3127,1,3,0,1,4,0.3803,-17.79,4,0,0,0,0,0,0,,,,0,0,0,0,,,5,0,0,,0,
717,0.787852,cg0350,cg0350,cg3125,cg3125,1,curated_positive,R,0,1,0,0,0,,predicted,0.2,0,1,2,CoryneRegNet,1,1,OP_cg3127,1,3,0,1,4,0.3803,-17.79,4,0,0,0,0,0,0,,,,0,0,0,0,,,5,0,0,,0,
718,0.787852,cg2092,sigA,cg3125,cg3125,1,curated_positive,A,1,0,0,0,0,,experimental,0.75,1,1,1,CoryneRegNet,1,1,OP_cg3127,1,3,0,1,4,0.3803,-17.79,4,0,0,0,0,0,0,,,,0,0,0,0,,,5,0,0,,0,
719,0.786760,cg2092,sigA,cg3096,cg3096,1,curated_positive,A,1,0,0,0,0,,experimental,0.75,1,1,1,CoryneRegNet,1,1,,0,0,0,1,2,0.8607,-28.14,6,0,0,0,0,0,0,,,,0,0,0,0,,,5,0,0,,0,
720,0.786760,cg2831,cg2831,cg3096,cg3096,1,curated_positive,A,1,0,0,0,0,,experimental,0.75,1,1,2,CoryneRegNet,1,1,,0,0,0,1,2,0.8607,-28.14,6,0,0,0,0,0,0,,,,0,0,0,0,,,5,0,0,,0,
721,0.785686,cg0051,cg0051,cg0054,cg0054,1,curated_positive,A,1,0,0,0,0,,predicted,0.05,0,0,0,CoryneRegNet,1,1,OP_cg0052,1,3,0,1,2,0.4174,-23.76,2,0,0,0,0,0,0,,,,0,0,0,0,,,5,0,0,,0,
722,0.785686,cg0444,cg0444,cg0054,cg0054,1,curated_positive,R,0,1,0,0,0,,predicted,0.2,0,1,1,CoryneRegNet,1,1,OP_cg0052,1,3,0,1,2,0.4174,-23.76,2,0,0,0,0,0,0,,,,0,0,0,0,,,5,0,0,,0,
723,0.785686,cg2102,sigB,cg0054,cg0054,0,sampled_negative,unknown,0,0,0,0,0,,,0,0,0,0,,0,0,OP_cg0052,1,3,0,1,2,0.4174,-23.76,2,0,0,0,0,0,0,,,,0,0,0,0,,,5,0,0,,0,
724,0.785477,cg0709,cgtR7,cg3097,hspR,1,curated_positive,A,1,0,0,0,0,,experimental,0.75,1,1,1,CoryneRegNet,1,1,OP_cg3100,1,4,0,1,8,0.744,-15.77,3,0,0,0,0,0,0,,,,0,0,0,0,,,5,0,0,,0,
725,0.785477,cg0876,sigH,cg3097,hspR,1,curated_positive,unknown,0,0,1,0,0,,predicted,0.2,0,1,1,CoryneRegNet,1,1,OP_cg3100,1,4,0,1,8,0.744,-15.77,3,0,0,0,0,0,0,,,,0,0,0,0,,,5,0,0,,0,
726,0.785477,cg2092,sigA,cg3097,hspR,1,curated_positive,A,1,0,0,0,0,,experimental,0.75,1,1,1,CoryneRegNet,1,1,OP_cg3100,1,4,0,1,8,0.744,-15.77,3,0,0,0,0,0,0,,,,0,0,0,0,,,5,0,0,,0,
727,0.780622,cg0112,ureR,cg0115,ureC,1,curated_positive,R,0,1,0,0,0,,predicted,0.2,0,1,1,CoryneRegNet,1,1,OP_cg0113,1,7,0,1,4,0.7007,-7.47,1,0,0,0,0,0,0,,,,0,0,0,0,,,5,0,0,,0,
728,0.780622,cg0986,amtR,cg0115,ureC,1,curated_positive,R,0,1,0,0,0,,experimental,0.75,1,1,4,CoryneRegNet,1,1,OP_cg0113,1,7,0,1,4,0.7007,-7.47,1,0,0,0,0,0,0,,,,0,0,0,0,,,5,0,0,,0,
729,0.779899,cg2092,sigA,cg2732,gntV,1,curated_positive,A,1,0,0,0,0,,experimental,0.75,1,1,1,CoryneRegNet,1,1,,0,0,0,1,9,0.2122,-16.18,1,0,0,0,0,0,0,,,,0,0,0,0,,,5,0,0,,0,
730,0.777206,cg0350,cg0350,cg1739,cg1739,1,curated_positive,R,0,1,0,0,0,,experimental,0.75,1,1,2,CoryneRegNet,1,1,,0,0,0,1,6,0.8841,-15.46,2,0,0,0,0,0,0,,,,0,0,0,0,,,5,0,0,,0,
731,0.777206,cg1120,cg1120,cg1739,cg1739,1,curated_positive,R,0,1,0,0,0,,predicted,0.2,0,1,2,CoryneRegNet,1,1,,0,0,0,1,6,0.8841,-15.46,2,0,0,0,0,0,0,,,,0,0,0,0,,,5,0,0,,0,
732,0.777206,cg1738,cg1738,cg1739,cg1739,1,curated_positive,R,0,1,0,0,0,,predicted,0.2,0,1,2,CoryneRegNet,1,1,,0,0,0,1,6,0.8841,-15.46,2,0,0,0,0,0,0,,,,0,0,0,0,,,5,0,0,,0,
733,0.777206,cg2092,sigA,cg1739,cg1739,1,curated_positive,A,1,0,0,0,0,,experimental,0.75,1,1,1,CoryneRegNet,1,1,,0,0,0,1,6,0.8841,-15.46,2,0,0,0,0,0,0,,,,0,0,0,0,,,5,0,0,,0,
734,0.777206,cg2831,cg2831,cg1739,cg1739,1,curated_positive,A,1,0,0,0,0,,predicted,0.05,0,0,0,CoryneRegNet,1,1,,0,0,0,1,6,0.8841,-15.46,2,0,0,0,0,0,0,,,,0,0,0,0,,,5,0,0,,0,
735,0.777206,cg1324,rosR,cg1739,cg1739,0,sampled_negative,unknown,0,0,0,0,0,,,0,0,0,0,,0,0,,0,0,0,1,6,0.8841,-15.46,2,0,0,0,0,0,0,,,,0,0,0,0,,,5,0,0,,0,
736,0.772198,cg0350,cg0350,cg0448,cg0448,1,curated_positive,R,0,1,0,0,0,,predicted,0.2,0,1,1,CoryneRegNet,1,1,OP_cg0445,1,5,0,1,8,0.3924,-19.49,1,0,0,0,0,0,0,,,,0,0,0,0,,,5,0,0,,0,
737,0.772198,cg0444,cg0444,cg0448,cg0448,1,curated_positive,R,0,1,0,0,0,,predicted,0.05,0,0,0,CoryneRegNet,1,1,OP_cg0445,1,5,0,1,8,0.3924,-19.49,1,0,0,0,0,0,0,,,,0,0,0,0,,,5,0,0,,0,
738,0.772198,cg1120,cg1120,cg0448,cg0448,1,curated_positive,R,0,1,0,0,0,,predicted,0.05,0,0,0,CoryneRegNet,1,1,OP_cg0445,1,5,0,1,8,0.3924,-19.49,1,0,0,0,0,0,0,,,,0,0,0,0,,,5,0,0,,0,
739,0.772198,cg2092,sigA,cg0448,cg0448,1,curated_positive,A,1,0,0,0,0,,experimental,0.75,1,1,1,CoryneRegNet,1,1,OP_cg0445,1,5,0,1,8,0.3924,-19.49,1,0,0,0,0,0,0,,,,0,0,0,0,,,5,0,0,,0,
740,0.772198,cg2103,dtxR,cg0448,cg0448,1,curated_positive,A,1,0,0,0,0,,experimental,0.75,1,1,1,CoryneRegNet,1,1,OP_cg0445,1,5,0,1,8,0.3924,-19.49,1,0,0,0,0,0,0,,,,0,0,0,0,,,5,0,0,,0,
741,0.772198,cg2831,cg2831,cg0448,cg0448,1,curated_positive,A,1,0,0,0,0,,predicted,0.05,0,0,0,CoryneRegNet,1,1,OP_cg0445,1,5,0,1,8,0.3924,-19.49,1,0,0,0,0,0,0,,,,0,0,0,0,,,5,0,0,,0,
742,0.772198,cg1084,cgtR10,cg0448,cg0448,0,sampled_negative,unknown,0,0,0,0,0,,,0,0,0,0,,0,0,OP_cg0445,1,5,0,1,8,0.3924,-19.49,1,0,0,0,0,0,0,,,,0,0,0,0,,,5,0,0,,0,
743,0.772198,cg0979,cg0979,cg0448,cg0448,0,sampled_negative,unknown,0,0,0,0,0,,,0,0,0,0,,0,0,OP_cg0445,1,5,0,1,8,0.3924,-19.49,1,0,0,0,0,0,0,,,,0,0,0,0,,,5,0,0,,0,
744,0.770976,cg1324,cg1324,cg3085,cg3085,1,curated_positive,R,0,1,0,0,0,,experimental,0.75,1,1,1,CoryneRegNet,1,1,OP_cg3082,1,4,0,1,8,0.9174,-16.9,1,0,0,0,0,0,0,,,,0,0,0,0,,,5,0,0,,0,
745,0.770976,cg2103,dtxR,cg3085,cg3085,1,curated_positive,R,0,1,0,0,0,,experimental,0.75,1,1,1,CoryneRegNet,1,1,OP_cg3082,1,4,0,1,8,0.9174,-16.9,1,0,0,0,0,0,0,,,,0,0,0,0,,,5,0,0,,0,
746,0.769342,cg0350,cg0350,cg2640,benD,1,curated_positive,R,0,1,0,0,0,,predicted,0.2,0,1,1,CoryneRegNet,1,1,OP_cg2637,1,4,0,1,6,0.6282,-19.84,2,0,0,0,0,0,0,,,,0,0,0,0,,,5,0,0,,0,
747,0.769342,cg2641,cg2641,cg2640,benD,1,curated_positive,A,1,0,0,0,0,,predicted,0.05,0,0,0,CoryneRegNet,1,1,OP_cg2637,1,4,0,1,6,0.6282,-19.84,2,0,0,0,0,0,0,,,,0,0,0,0,,,5,0,0,,0,
748,0.767200,cg0090,citB,cg3126,cg3126,1,curated_positive,A,1,0,0,0,0,,experimental,0.75,1,1,1,CoryneRegNet,1,1,OP_cg3127,1,3,0,1,9,0.4509,-13.57,1,0,0,0,0,0,0,,,,0,0,0,0,,,5,0,0,,0,
749,0.767200,cg0350,cg0350,cg3126,cg3126,1,curated_positive,R,0,1,0,0,0,,predicted,0.2,0,1,2,CoryneRegNet,1,1,OP_cg3127,1,3,0,1,9,0.4509,-13.57,1,0,0,0,0,0,0,,,,0,0,0,0,,,5,0,0,,0,
750,0.767200,cg2092,sigA,cg3126,cg3126,1,curated_positive,A,1,0,0,0,0,,experimental,0.75,1,1,1,CoryneRegNet,1,1,OP_cg3127,1,3,0,1,9,0.4509,-13.57,1,0,0,0,0,0,0,,,,0,0,0,0,,,5,0,0,,0,
751,0.767200,cg0309,sigC,cg3126,cg3126,0,sampled_negative,unknown,0,0,0,0,0,,,0,0,0,0,,0,0,OP_cg3127,1,3,0,1,9,0.4509,-13.57,1,0,0,0,0,0,0,,,,0,0,0,0,,,5,0,0,,0,
752,0.764504,cg2092,sigA,cg0949,gltA,1,curated_positive,A,1,0,0,0,0,,experimental,0.75,1,1,1,CoryneRegNet,1,1,OP_cg0949,1,2,0,1,6,0.1465,-19.5,1,0,0,0,0,0,0,,,,0,0,0,0,,,5,0,0,,0,
753,0.764504,cg2831,cg2831,cg0949,gltA,1,curated_positive,A,1,0,0,0,0,,experimental,0.75,1,1,2,CoryneRegNet,1,1,OP_cg0949,1,2,0,1,6,0.1465,-19.5,1,0,0,0,0,0,0,,,,0,0,0,0,,,5,0,0,,0,
754,0.764067,cg0350,cg0350,cg1344,narG,1,curated_positive,A,1,0,0,0,0,,experimental + predicted,0.75,1,1,3,CoryneRegNet,1,1,OP_cg1345,1,5,0,1,5,0.1646,-13.5,3,0,0,0,0,0,0,,,,0,0,0,0,,,5,0,0,,0,
755,0.764067,cg1120,cg1120,cg1344,narG,1,curated_positive,R,0,1,0,0,0,,experimental,0.75,1,1,1,CoryneRegNet,1,1,OP_cg1345,1,5,0,1,5,0.1646,-13.5,3,0,0,0,0,0,0,,,,0,0,0,0,,,5,0,0,,0,
756,0.764067,cg1324,cg1324,cg1344,narG,1,curated_positive,A,1,0,0,0,0,,experimental,0.75,1,1,1,CoryneRegNet,1,1,OP_cg1345,1,5,0,1,5,0.1646,-13.5,3,0,0,0,0,0,0,,,,0,0,0,0,,,5,0,0,,0,
757,0.764067,cg1340,cg1340,cg1344,narG,1,curated_positive,R,0,1,0,0,0,,experimental,0.75,1,1,2,CoryneRegNet,1,1,OP_cg1345,1,5,0,1,5,0.1646,-13.5,3,0,0,0,0,0,0,,,,0,0,0,0,,,5,0,0,,0,
758,0.764067,cg2092,sigA,cg1344,narG,1,curated_positive,A,1,0,0,0,0,,experimental,0.75,1,1,1,CoryneRegNet,1,1,OP_cg1345,1,5,0,1,5,0.1646,-13.5,3,0,0,0,0,0,0,,,,0,0,0,0,,,5,0,0,,0,
759,0.764067,cg0112,ureR,cg1344,narG,0,sampled_negative,unknown,0,0,0,0,0,,,0,0,0,0,,0,0,OP_cg1345,1,5,0,1,5,0.1646,-13.5,3,0,0,0,0,0,0,,,,0,0,0,0,,,5,0,0,,0,
760,0.763574,cg3224,lldR,cg0913,prfB,0,sampled_negative,unknown,0,0,0,0,0,,,0,0,0,0,,0,0,OP_cg0913,1,5,0,1,7,0.4431,-17.47,3,0,0,0,0,0,0,,,,0,0,0,0,,,5,0,0,,0,
761,0.758379,cg0350,cg0350,cg2844,pstA,1,curated_positive,A,1,0,0,0,0,,experimental + predicted,0.75,1,1,3,CoryneRegNet,1,1,OP_cg2846,1,4,0,1,2,0.2698,-12.69,6,0,0,0,0,0,0,,,,0,0,0,0,,,5,0,0,,0,
762,0.758379,cg2092,sigA,cg2844,pstA,1,curated_positive,A,1,0,0,0,0,,experimental,0.75,1,1,1,CoryneRegNet,1,1,OP_cg2846,1,4,0,1,2,0.2698,-12.69,6,0,0,0,0,0,0,,,,0,0,0,0,,,5,0,0,,0,
763,0.758379,cg2888,cgtR3,cg2844,pstA,1,curated_positive,A,1,0,0,0,0,,experimental,0.75,1,1,1,CoryneRegNet,1,1,OP_cg2846,1,4,0,1,2,0.2698,-12.69,6,0,0,0,0,0,0,,,,0,0,0,0,,,5,0,0,,0,
764,0.757862,cg0876,sigH,cg2644,clpP2,1,curated_positive,unknown,0,0,1,0,0,,experimental,0.75,1,1,1,CoryneRegNet,1,1,OP_cg2645,1,2,0,1,2,0.02355,-16.34,4,0,0,0,0,0,0,,,,0,0,0,0,,,5,0,0,,0,
765,0.757862,cg2092,sigA,cg2644,clpP2,1,curated_positive,A,1,0,0,0,0,,experimental,0.75,1,1,1,CoryneRegNet,1,1,OP_cg2645,1,2,0,1,2,0.02355,-16.34,4,0,0,0,0,0,0,,,,0,0,0,0,,,5,0,0,,0,
766,0.757862,cg2152,cg2152,cg2644,clpP2,1,curated_positive,A,1,0,0,0,0,,experimental,0.75,1,1,2,CoryneRegNet,1,1,OP_cg2645,1,2,0,1,2,0.02355,-16.34,4,0,0,0,0,0,0,,,,0,0,0,0,,,5,0,0,,0,
767,0.755251,cg2092,sigA,cg0350,cg0350,1,curated_positive,A,1,0,0,0,0,,experimental,0.75,1,1,1,CoryneRegNet,1,1,,0,0,0,1,12,0.2761,-17.24,0,0,0,0,0,0,0,,,,0,0,0,0,,,5,0,0,,0,
768,0.755251,cg0725,crtR,cg0350,glxR,0,sampled_negative,unknown,0,0,0,0,0,,,0,0,0,0,,0,0,,0,0,0,1,12,0.2761,-17.24,0,0,0,0,0,0,0,,,,0,0,0,0,,,5,0,0,,0,
769,0.755125,cg0696,sigD,cg1056,cg1056,1,curated_positive,A,1,0,0,0,0,,experimental,0.75,1,1,1,CoryneRegNet,1,1,,0,0,0,1,13,0.2375,-15.02,0,0,0,0,0,0,0,,,,0,0,0,0,,,5,0,0,,0,
770,0.751828,cg0146,cg0146,cg0144,rbtT,1,curated_positive,R,0,1,0,0,0,,experimental,0.75,1,1,1,CoryneRegNet,1,1,OP_cg0144,1,3,0,1,14,0.2588,-14.85,0,0,0,0,0,0,0,,,,0,0,0,0,,,5,0,0,,0,
771,0.751828,cg2092,sigA,cg0144,rbtT,1,curated_positive,A,1,0,0,0,0,,experimental,0.75,1,1,1,CoryneRegNet,1,1,OP_cg0144,1,3,0,1,14,0.2588,-14.85,0,0,0,0,0,0,0,,,,0,0,0,0,,,5,0,0,,0,
772,0.751017,cg0709,cgtR7,cg1325,cg1325,1,curated_positive,A,1,0,0,0,0,,experimental,0.75,1,1,1,CoryneRegNet,1,1,,0,0,0,1,7,0.6081,-10.28,2,0,0,0,0,0,0,,,,0,0,0,0,,,5,0,0,,0,
773,0.750949,cg0350,cg0350,cg0230,gltD,1,curated_positive,R,0,1,0,0,0,,predicted,0.2,0,1,1,CoryneRegNet,1,1,OP_cg0229,1,2,0,1,2,0.024,-23.49,3,0,0,0,0,0,0,,,,0,0,0,0,,,5,0,0,,0,
774,0.750949,cg0986,amtR,cg0230,gltD,1,curated_positive,R,0,1,0,0,0,,experimental,0.75,1,1,4,CoryneRegNet,1,1,OP_cg0229,1,2,0,1,2,0.024,-23.49,3,0,0,0,0,0,0,,,,0,0,0,0,,,5,0,0,,0,
775,0.750949,cg1585,argR,cg0230,gltD,1,curated_positive,R,0,1,0,0,0,,predicted,0.2,0,1,1,CoryneRegNet,1,1,OP_cg0229,1,2,0,1,2,0.024,-23.49,3,0,0,0,0,0,0,,,,0,0,0,0,,,5,0,0,,0,
776,0.750949,cg0800,prpR,cg0230,gltD,0,sampled_negative,unknown,0,0,0,0,0,,,0,0,0,0,,0,0,OP_cg0229,1,2,0,1,2,0.024,-23.49,3,0,0,0,0,0,0,,,,0,0,0,0,,,5,0,0,,0,
777,0.744161,cg0317,cg0317,cg0319,arsX,1,curated_positive,R,0,1,0,0,0,,experimental,0.75,1,1,3,CoryneRegNet,1,1,OP_cg0318,1,2,0,1,5,0.7311,-25.37,1,0,0,0,0,0,0,,,,0,0,0,0,,,5,0,0,,0,
778,0.744161,cg1704,cg1704,cg0319,arsX,1,curated_positive,R,0,1,0,0,0,,experimental,0.6,1,0,0,CoryneRegNet,1,1,OP_cg0318,1,2,0,1,5,0.7311,-25.37,1,0,0,0,0,0,0,,,,0,0,0,0,,,5,0,0,,0,
779,0.741992,cg0112,ureR,cg0113,ureA,1,curated_positive,R,0,1,0,0,0,,predicted,0.2,0,1,1,CoryneRegNet,1,1,OP_cg0113,1,7,0,1,4,0.9127,-7.53,1,0,0,0,0,0,0,,,,0,0,0,0,,,5,0,0,,0,
780,0.740532,cg0876,sigH,cg1762,sufC,1,curated_positive,unknown,0,0,1,0,0,,predicted,0.05,0,0,0,CoryneRegNet,1,1,OP_cg1765,1,7,0,1,10,0.2536,-17.46,1,0,0,0,0,0,0,,,,0,0,0,0,,,5,0,0,,0,
781,0.740532,cg2109,oxyR,cg1762,sufC,1,curated_positive,R,0,1,0,0,0,,experimental,0.75,1,1,1,CoryneRegNet,1,1,OP_cg1765,1,7,0,1,10,0.2536,-17.46,1,0,0,0,0,0,0,,,,0,0,0,0,,,5,0,0,,0,
782,0.740532,cg3420,sigM,cg1762,sufC,1,curated_positive,unknown,0,0,1,0,0,,experimental,0.75,1,1,1,CoryneRegNet,1,1,OP_cg1765,1,7,0,1,10,0.2536,-17.46,1,0,0,0,0,0,0,,,,0,0,0,0,,,5,0,0,,0,
783,0.740095,cg2092,sigA,cg1701,metH,1,curated_positive,A,1,0,0,0,0,,experimental,0.75,1,1,1,CoryneRegNet,1,1,,0,0,0,1,2,0.5765,-26.7,3,0,0,0,0,0,0,,,,0,0,0,0,,,5,0,0,,0,
784,0.740095,cg1861,rel(relA),cg1701,metH,0,sampled_negative,unknown,0,0,0,0,0,,,0,0,0,0,,0,0,,0,0,0,1,2,0.5765,-26.7,3,0,0,0,0,0,0,,,,0,0,0,0,,,5,0,0,,0,
785,0.740095,cg0337,whiB4(whcA),cg1701,metH,0,sampled_negative,unknown,0,0,0,0,0,,,0,0,0,0,,0,0,,0,0,0,1,2,0.5765,-26.7,3,0,0,0,0,0,0,,,,0,0,0,0,,,5,0,0,,0,
786,0.735463,cg1935,cg1935,cg2925,ptsS,1,curated_positive,A,1,0,0,0,0,,experimental,0.75,1,1,1,CoryneRegNet,1,1,,0,0,0,1,13,0.9116,-12.39,0,0,0,0,0,0,0,,,,0,0,0,0,,,5,0,0,,0,
787,0.735463,cg2092,sigA,cg2925,ptsS,1,curated_positive,A,1,0,0,0,0,,experimental,0.75,1,1,1,CoryneRegNet,1,1,,0,0,0,1,13,0.9116,-12.39,0,0,0,0,0,0,0,,,,0,0,0,0,,,5,0,0,,0,
788,0.735463,cg2783,cg2783,cg2925,ptsS,1,curated_positive,A,1,0,0,0,0,,experimental,0.75,1,1,1,CoryneRegNet,1,1,,0,0,0,1,13,0.9116,-12.39,0,0,0,0,0,0,0,,,,0,0,0,0,,,5,0,0,,0,
789,0.735463,cg2109,oxyR,cg2925,ptsS,0,sampled_negative,unknown,0,0,0,0,0,,,0,0,0,0,,0,0,,0,0,0,1,13,0.9116,-12.39,0,0,0,0,0,0,0,,,,0,0,0,0,,,5,0,0,,0,
790,0.731844,cg1935,cg1935,cg3169,pck,1,curated_positive,A,1,0,0,0,0,,experimental,0.75,1,1,1,CoryneRegNet,1,1,,0,0,0,1,7,0.7605,-13.58,2,0,0,0,0,0,0,,,,0,0,0,0,,,5,0,0,,0,
791,0.731844,cg2092,sigA,cg3169,pck,1,curated_positive,A,1,0,0,0,0,,experimental,0.75,1,1,1,CoryneRegNet,1,1,,0,0,0,1,7,0.7605,-13.58,2,0,0,0,0,0,0,,,,0,0,0,0,,,5,0,0,,0,
792,0.731844,cg2783,cg2783,cg3169,pck,1,curated_positive,A,1,0,0,0,0,,experimental,0.75,1,1,1,CoryneRegNet,1,1,,0,0,0,1,7,0.7605,-13.58,2,0,0,0,0,0,0,,,,0,0,0,0,,,5,0,0,,0,
793,0.731844,cg1032,cg1032,cg3169,pck,0,sampled_negative,unknown,0,0,0,0,0,,,0,0,0,0,,0,0,,0,0,0,1,7,0.7605,-13.58,2,0,0,0,0,0,0,,,,0,0,0,0,,,5,0,0,,0,
794,0.730917,cg0876,sigH,cg1763,sufD,1,curated_positive,unknown,0,0,1,0,0,,predicted,0.05,0,0,0,CoryneRegNet,1,1,OP_cg1765,1,7,0,1,1,0.3744,-15.47,3,0,0,0,0,0,0,,,,0,0,0,0,,,5,0,0,,0,
795,0.730917,cg2109,oxyR,cg1763,sufD,1,curated_positive,R,0,1,0,0,0,,experimental,0.75,1,1,1,CoryneRegNet,1,1,OP_cg1765,1,7,0,1,1,0.3744,-15.47,3,0,0,0,0,0,0,,,,0,0,0,0,,,5,0,0,,0,
796,0.730917,cg3420,sigM,cg1763,sufD,1,curated_positive,unknown,0,0,1,0,0,,experimental,0.75,1,1,1,CoryneRegNet,1,1,OP_cg1765,1,7,0,1,1,0.3744,-15.47,3,0,0,0,0,0,0,,,,0,0,0,0,,,5,0,0,,0,
797,0.727577,cg2092,sigA,cg1785,amt,1,curated_positive,A,1,0,0,0,0,,experimental,0.75,1,1,1,CoryneRegNet,1,1,OP_cg1785,1,3,0,1,6,0.5324,-19.75,1,0,0,0,0,0,0,,,,0,0,0,0,,,5,0,0,,0,
798,0.727489,cg0350,cg0350,cg2138,gluC,1,curated_positive,R,0,1,0,0,0,,predicted,0.2,0,1,1,CoryneRegNet,1,1,OP_cg2136,1,4,0,1,2,0.5242,-16.36,3,0,0,0,0,0,0,,,,0,0,0,0,,,5,0,0,,0,
799,0.727489,cg0986,amtR,cg2138,gluC,1,curated_positive,R,0,1,0,0,0,,experimental,0.75,1,1,4,CoryneRegNet,1,1,OP_cg2136,1,4,0,1,2,0.5242,-16.36,3,0,0,0,0,0,0,,,,0,0,0,0,,,5,0,0,,0,
800,0.723983,cg0444,cg0444,cg0768,cg0768,1,curated_positive,R,0,1,0,0,0,,predicted,0.05,0,0,0,CoryneRegNet,1,1,OP_cg0771,1,5,0,1,5,0.6998,-18.5,2,0,0,0,0,0,0,,,,0,0,0,0,,,5,0,0,,0,
801,0.723983,cg2092,sigA,cg0768,cg0768,1,curated_positive,A,1,0,0,0,0,,experimental,0.75,1,1,1,CoryneRegNet,1,1,OP_cg0771,1,5,0,1,5,0.6998,-18.5,2,0,0,0,0,0,0,,,,0,0,0,0,,,5,0,0,,0,
802,0.723983,cg2103,dtxR,cg0768,cg0768,1,curated_positive,R,0,1,0,0,0,,experimental,0.75,1,1,1,CoryneRegNet,1,1,OP_cg0771,1,5,0,1,5,0.6998,-18.5,2,0,0,0,0,0,0,,,,0,0,0,0,,,5,0,0,,0,
803,0.723983,cg2737,cg2737,cg0768,cg0768,0,sampled_negative,unknown,0,0,0,0,0,,,0,0,0,0,,0,0,OP_cg0771,1,5,0,1,5,0.6998,-18.5,2,0,0,0,0,0,0,,,,0,0,0,0,,,5,0,0,,0,
804,0.718795,cg0309,sigC,cg2403,qcrB,1,curated_positive,A,1,0,0,0,0,,experimental,0.75,1,1,1,CoryneRegNet,1,1,OP_cg2406,1,4,0,1,14,0.9028,-12.66,0,0,0,0,0,0,0,,,,0,0,0,0,,,5,0,0,,0,
805,0.718795,cg0350,cg0350,cg2403,qcrB,1,curated_positive,A,1,0,0,0,0,,predicted,0.2,0,1,1,CoryneRegNet,1,1,OP_cg2406,1,4,0,1,14,0.9028,-12.66,0,0,0,0,0,0,0,,,,0,0,0,0,,,5,0,0,,0,
806,0.718795,cg3247,cgtR11,cg2403,qcrB,1,curated_positive,A,1,0,0,0,0,,experimental,0.75,1,1,1,CoryneRegNet,1,1,OP_cg2406,1,4,0,1,14,0.9028,-12.66,0,0,0,0,0,0,0,,,,0,0,0,0,,,5,0,0,,0,
807,0.718795,cg1846,cssR,cg2403,qcrB,0,sampled_negative,unknown,0,0,0,0,0,,,0,0,0,0,,0,0,OP_cg2406,1,4,0,1,14,0.9028,-12.66,0,0,0,0,0,0,0,,,,0,0,0,0,,,5,0,0,,0,
808,0.718330,cg0309,sigC,cg0814,birA,0,sampled_negative,unknown,0,0,0,0,0,,,0,0,0,0,,0,0,,0,0,0,1,12,0.1989,-15.7,0,0,0,0,0,0,0,,,,0,0,0,0,,,5,0,0,,0,
809,0.718330,cg1271,sigE,cg0814,birA,0,sampled_negative,unknown,0,0,0,0,0,,,0,0,0,0,,0,0,,0,0,0,1,12,0.1989,-15.7,0,0,0,0,0,0,0,,,,0,0,0,0,,,5,0,0,,0,
810,0.717671,cg0156,cg0156,cg3119,cysJ,1,curated_positive,A,1,0,0,0,0,,predicted,0.2,0,1,1,CoryneRegNet,1,1,,0,0,0,1,3,0.3971,-19.36,1,0,0,0,0,0,0,,,,0,0,0,0,,,5,0,0,,0,
811,0.717671,cg2092,sigA,cg3119,cysJ,1,curated_positive,A,1,0,0,0,0,,experimental,0.75,1,1,1,CoryneRegNet,1,1,,0,0,0,1,3,0.3971,-19.36,1,0,0,0,0,0,0,,,,0,0,0,0,,,5,0,0,,0,
812,0.717537,cg2092,sigA,cg0096,cg0096,1,curated_positive,A,1,0,0,0,0,,experimental,0.75,1,1,1,CoryneRegNet,1,1,OP_cg0096,1,2,0,1,6,0.5306,-14.17,3,0,0,0,0,0,0,,,,0,0,0,0,,,5,0,0,,0,
813,0.717537,cg2102,sigB,cg0096,cg0096,1,curated_positive,unknown,0,0,1,0,0,,predicted,0.2,0,1,1,CoryneRegNet,1,1,OP_cg0096,1,2,0,1,6,0.5306,-14.17,3,0,0,0,0,0,0,,,,0,0,0,0,,,5,0,0,,0,
814,0.717537,cg2309,cg2309,cg0096,cg0096,1,curated_positive,R,0,1,0,0,0,,experimental,0.75,1,1,1,CoryneRegNet,1,1,OP_cg0096,1,2,0,1,6,0.5306,-14.17,3,0,0,0,0,0,0,,,,0,0,0,0,,,5,0,0,,0,
815,0.713724,cg0646,cg0646,cg0640,fdxB,1,curated_positive,R,0,1,0,0,0,,predicted,0.2,0,1,1,CoryneRegNet,1,1,OP_cg0640,1,4,0,1,8,0.8996,-14.43,1,0,0,0,0,0,0,,,,0,0,0,0,,,5,0,0,,0,
816,0.713724,cg3352,cg3352,cg0640,fdxB,1,curated_positive,A,1,0,0,0,0,,predicted,0.05,0,0,0,CoryneRegNet,1,1,OP_cg0640,1,4,0,1,8,0.8996,-14.43,1,0,0,0,0,0,0,,,,0,0,0,0,,,5,0,0,,0,
817,0.713724,cg1340,arnR,cg0640,fdxB,0,sampled_negative,unknown,0,0,0,0,0,,,0,0,0,0,,0,0,OP_cg0640,1,4,0,1,8,0.8996,-14.43,1,0,0,0,0,0,0,,,,0,0,0,0,,,5,0,0,,0,
818,0.712398,cg0986,amtR,cg2184,cg2184,1,curated_positive,R,0,1,0,0,0,,experimental,0.75,1,1,3,CoryneRegNet,1,1,OP_cg2181,1,4,0,1,14,0.9354,-13.2,0,0,0,0,0,0,0,,,,0,0,0,0,,,5,0,0,,0,
819,0.705819,cg2103,dtxR,cg3083,cg3083,1,curated_positive,R,0,1,0,0,0,,experimental,0.75,1,1,1,CoryneRegNet,1,1,OP_cg3082,1,4,0,1,2,0.4321,-24.35,2,0,0,0,0,0,0,,,,0,0,0,0,,,5,0,0,,0,
820,0.704826,cg2092,sigA,cg1992,cg1992,1,curated_positive,A,1,0,0,0,0,,experimental,0.75,1,1,1,CoryneRegNet,1,1,,0,0,0,1,4,0.5721,-14.97,1,0,0,0,0,0,0,,,,0,0,0,0,,,5,0,0,,0,
821,0.702668,cg0156,cg0156,cg0012,cg0012,1,curated_positive,A,1,0,0,0,0,,predicted,0.2,0,1,1,CoryneRegNet,1,1,,0,0,0,1,4,0.19,-16.88,1,0,0,0,0,0,0,,,,0,0,0,0,,,5,0,0,,0,
822,0.702668,cg2092,sigA,cg0012,cg0012,1,curated_positive,A,1,0,0,0,0,,experimental,0.75,1,1,1,CoryneRegNet,1,1,,0,0,0,1,4,0.19,-16.88,1,0,0,0,0,0,0,,,,0,0,0,0,,,5,0,0,,0,
823,0.702668,cg0371,cspA2,cg0012,ssuR,0,sampled_negative,unknown,0,0,0,0,0,,,0,0,0,0,,0,0,,0,0,0,1,4,0.19,-16.88,1,0,0,0,0,0,0,,,,0,0,0,0,,,5,0,0,,0,
824,0.700875,cg2103,dtxR,cg2236,thiE,0,sampled_negative,unknown,0,0,0,0,0,,,0,0,0,0,,0,0,OP_cg2236,1,5,0,1,5,0.9187,-16.52,4,0,0,0,0,0,0,,,,0,0,0,0,,,5,0,0,,0,
825,0.700875,cg1831,cg1831,cg2236,thiE,0,sampled_negative,unknown,0,0,0,0,0,,,0,0,0,0,,0,0,OP_cg2236,1,5,0,1,5,0.9187,-16.52,4,0,0,0,0,0,0,,,,0,0,0,0,,,5,0,0,,0,
826,0.700875,cg2627,cg2627,cg2236,thiE,0,sampled_negative,unknown,0,0,0,0,0,,,0,0,0,0,,0,0,OP_cg2236,1,5,0,1,5,0.9187,-16.52,4,0,0,0,0,0,0,,,,0,0,0,0,,,5,0,0,,0,
827,0.697269,cg0337,whiB4,cg3423,trxC,1,curated_positive,R,0,1,0,0,0,,predicted,0.2,0,1,1,CoryneRegNet,1,1,OP_cg3423,1,2,0,1,1,0.7691,-20.31,5,0,0,0,0,0,0,,,,0,0,0,0,,,5,0,0,,0,
828,0.697269,cg0876,sigH,cg3423,trxC,1,curated_positive,unknown,0,0,1,0,0,,experimental,0.75,1,1,1,CoryneRegNet,1,1,OP_cg3423,1,2,0,1,1,0.7691,-20.31,5,0,0,0,0,0,0,,,,0,0,0,0,,,5,0,0,,0,
829,0.697269,cg0878,whiB1,cg3423,trxC,1,curated_positive,A,1,0,0,0,0,,predicted,0.2,0,1,1,CoryneRegNet,1,1,OP_cg3423,1,2,0,1,1,0.7691,-20.31,5,0,0,0,0,0,0,,,,0,0,0,0,,,5,0,0,,0,
830,0.697269,cg3420,sigM,cg3423,trxC,1,curated_positive,unknown,0,0,1,0,0,,experimental,0.75,1,1,1,CoryneRegNet,1,1,OP_cg3423,1,2,0,1,1,0.7691,-20.31,5,0,0,0,0,0,0,,,,0,0,0,0,,,5,0,0,,0,
831,0.696947,cg0350,cg0350,cg2629,pcaB1,1,curated_positive,R,0,1,0,0,0,,predicted,0.2,0,1,1,CoryneRegNet,1,1,OP_cg2631,1,4,0,1,2,0.7653,-13.01,2,0,0,0,0,0,0,,,,0,0,0,0,,,5,0,0,,0,
832,0.696947,cg2624,pcaR,cg2629,pcaB1,1,curated_positive,R,0,1,0,0,0,,predicted,0.2,0,1,1,CoryneRegNet,1,1,OP_cg2631,1,4,0,1,2,0.7653,-13.01,2,0,0,0,0,0,0,,,,0,0,0,0,,,5,0,0,,0,
833,0.696947,cg2627,cg2627,cg2629,pcaB1,1,curated_positive,A,1,0,0,0,0,,experimental,0.75,1,1,1,CoryneRegNet,1,1,OP_cg2631,1,4,0,1,2,0.7653,-13.01,2,0,0,0,0,0,0,,,,0,0,0,0,,,5,0,0,,0,
834,0.696142,cg3388,cg3388,cg3386,tcbF,1,curated_positive,A,1,0,0,0,0,,predicted,0.2,0,1,1,CoryneRegNet,1,1,OP_cg3387,1,3,0,1,7,0.5699,-20.68,1,0,0,0,0,0,0,,,,0,0,0,0,,,5,0,0,,0,
835,0.696142,cg2544,gntR3,cg3386,tcbF,0,sampled_negative,unknown,0,0,0,0,0,,,0,0,0,0,,0,0,OP_cg3387,1,3,0,1,7,0.5699,-20.68,1,0,0,0,0,0,0,,,,0,0,0,0,,,5,0,0,,0,
836,0.695794,cg2092,sigA,cg1280,odhA,1,curated_positive,A,1,0,0,0,0,,experimental,0.75,1,1,1,CoryneRegNet,1,1,,0,0,0,1,4,0.1187,-16.15,1,0,0,0,0,0,0,,,,0,0,0,0,,,5,0,0,,0,
837,0.695794,cg2544,gntR3,cg1280,odhA,0,sampled_negative,unknown,0,0,0,0,0,,,0,0,0,0,,0,0,,0,0,0,1,4,0.1187,-16.15,1,0,0,0,0,0,0,,,,0,0,0,0,,,5,0,0,,0,
838,0.694059,cg0696,sigD,cg1246,cg1246,1,curated_positive,A,1,0,0,0,0,,predicted,0.2,0,1,1,CoryneRegNet,1,1,OP_cg1247,1,2,0,1,7,0.5508,-15.2,1,0,0,0,0,0,0,,,,0,0,0,0,,,5,0,0,,0,
839,0.688579,cg0313,lrp,cg0315,brnE,1,curated_positive,A,1,0,0,0,0,,experimental,0.75,1,1,1,CoryneRegNet,1,1,OP_cg0314,1,2,0,1,8,0.6161,-15.73,1,0,0,0,0,0,0,,,,0,0,0,0,,,5,0,0,,0,
840,0.688579,cg2092,sigA,cg0315,brnE,1,curated_positive,A,1,0,0,0,0,,experimental,0.75,1,1,1,CoryneRegNet,1,1,OP_cg0314,1,2,0,1,8,0.6161,-15.73,1,0,0,0,0,0,0,,,,0,0,0,0,,,5,0,0,,0,
841,0.688579,cg0051,cg0051,cg0315,brnE,0,sampled_negative,unknown,0,0,0,0,0,,,0,0,0,0,,0,0,OP_cg0314,1,2,0,1,8,0.6161,-15.73,1,0,0,0,0,0,0,,,,0,0,0,0,,,5,0,0,,0,
842,0.687346,cg0343,cg0343,cg0346,fadE,1,curated_positive,R,0,1,0,0,0,,experimental,0.75,1,1,1,CoryneRegNet,1,1,OP_cg0344,1,4,0,1,8,0.9469,-13.48,1,0,0,0,0,0,0,,,,0,0,0,0,,,5,0,0,,0,
843,0.687346,cg0350,cg0350,cg0346,fadE,1,curated_positive,R,0,1,0,0,0,,predicted,0.2,0,1,1,CoryneRegNet,1,1,OP_cg0344,1,4,0,1,8,0.9469,-13.48,1,0,0,0,0,0,0,,,,0,0,0,0,,,5,0,0,,0,
844,0.686928,cg2092,sigA,cg2537,brnQ,1,curated_positive,A,1,0,0,0,0,,experimental,0.75,1,1,1,CoryneRegNet,1,1,OP_cg2536,1,2,0,1,6,0.7228,-15.1,1,0,0,0,0,0,0,,,,0,0,0,0,,,5,0,0,,0,
845,0.686286,cg0350,cg0350,cg1062,cg1062,1,curated_positive,R,0,1,0,0,0,,predicted,0.2,0,1,2,CoryneRegNet,1,1,OP_cg1061,1,5,0,1,2,0.9852,-21.95,1,0,0,0,0,0,0,,,,0,0,0,0,,,5,0,0,,0,
846,0.686286,cg0986,amtR,cg1062,cg1062,1,curated_positive,R,0,1,0,0,0,,experimental,0.75,1,1,4,CoryneRegNet,1,1,OP_cg1061,1,5,0,1,2,0.9852,-21.95,1,0,0,0,0,0,0,,,,0,0,0,0,,,5,0,0,,0,
847,0.684973,cg2766,cg2766,cg2674,cg2674,1,curated_positive,R,0,1,0,0,0,,predicted,0.05,0,0,0,CoryneRegNet,1,1,OP_cg2678,1,5,0,1,4,0.6629,-16.03,1,0,0,0,0,0,0,,,,0,0,0,0,,,5,0,0,,0,
848,0.684973,cg3253,mcbR,cg2674,cg2674,1,curated_positive,R,0,1,0,0,0,,predicted,0.2,0,1,1,CoryneRegNet,1,1,OP_cg2678,1,5,0,1,4,0.6629,-16.03,1,0,0,0,0,0,0,,,,0,0,0,0,,,5,0,0,,0,
849,0.684973,cg0709,cgtR7(esrR),cg2674,cg2674,0,sampled_negative,unknown,0,0,0,0,0,,,0,0,0,0,,0,0,OP_cg2678,1,5,0,1,4,0.6629,-16.03,1,0,0,0,0,0,0,,,,0,0,0,0,,,5,0,0,,0,
850,0.684742,cg0709,cgtR7,cg3322,cg3322,1,curated_positive,A,1,0,0,0,0,,experimental,0.75,1,1,1,CoryneRegNet,1,1,OP_cg3322,1,3,0,1,5,0.9326,-19.36,2,0,0,0,0,0,0,,,,0,0,0,0,,,5,0,0,,0,
851,0.683870,cg0725,cg0725,cg0723,crtE,1,curated_positive,R,0,1,0,1,4,0,experimental,0.8,1,1,1,CoryneRegNet,1,1,,0,0,0,1,7,0.2661,-17.4,1,0,0,0,0,0,0,,,,0,0,0,0,,,4,0,0,,0,
852,0.683594,cg0876,sigH,cg1687,cg1687,1,curated_positive,unknown,0,0,1,0,0,,predicted,0.05,0,0,0,CoryneRegNet,1,1,OP_cg1689,1,7,0,1,8,0.958,-19.06,2,0,0,0,0,0,0,,,,0,0,0,0,,,5,0,0,,0,
853,0.683594,cg0309,sigC,cg1687,cg1687,0,sampled_negative,unknown,0,0,0,0,0,,,0,0,0,0,,0,0,OP_cg1689,1,7,0,1,8,0.958,-19.06,2,0,0,0,0,0,0,,,,0,0,0,0,,,5,0,0,,0,
854,0.682400,cg0725,cg0725,cg0725,cg0725,1,curated_positive,R,0,1,0,1,4,0,experimental,0.8,1,1,1,CoryneRegNet,1,1,,0,0,0,0,,,,0,0,0,0,0,0,0,,,,0,0,0,0,,,7,0,0,,0,
855,0.682056,cg0350,cg0350,cg0447,sdhB,1,curated_positive,A,1,0,0,0,0,,predicted,0.2,0,1,1,CoryneRegNet,1,1,OP_cg0445,1,5,0,0,,,,0,0,0,0,0,0,0,,,,0,0,0,0,,,8,0,0,,0,
856,0.682056,cg0350,cg0350,cg4001,cg4001,1,curated_positive,A,1,0,0,0,0,,predicted,0.2,0,1,1,CoryneRegNet,1,1,OP_cg0445,1,5,0,0,,,,0,0,0,0,0,0,0,,,,0,0,0,0,,,8,0,0,,0,
857,0.682056,cg0444,cg0444,cg0447,sdhB,1,curated_positive,R,0,1,0,0,0,,predicted,0.2,0,1,2,CoryneRegNet,1,1,OP_cg0445,1,5,0,0,,,,0,0,0,0,0,0,0,,,,0,0,0,0,,,8,0,0,,0,
858,0.682056,cg0444,cg0444,cg4001,cg4001,1,curated_positive,R,0,1,0,0,0,,predicted,0.05,0,0,0,CoryneRegNet,1,1,OP_cg0445,1,5,0,0,,,,0,0,0,0,0,0,0,,,,0,0,0,0,,,8,0,0,,0,
859,0.682056,cg0876,sigH,cg1776,tal,1,curated_positive,unknown,0,0,1,0,0,,experimental,0.75,1,1,1,CoryneRegNet,1,1,OP_cg1774,1,5,0,0,,,,0,0,0,0,0,0,0,,,,0,0,0,0,,,8,0,0,,0,
860,0.682056,cg1120,cg1120,cg0447,sdhB,1,curated_positive,R,0,1,0,0,0,,experimental,0.75,1,1,1,CoryneRegNet,1,1,OP_cg0445,1,5,0,0,,,,0,0,0,0,0,0,0,,,,0,0,0,0,,,8,0,0,,0,
861,0.682056,cg1120,cg1120,cg4001,cg4001,1,curated_positive,R,0,1,0,0,0,,predicted,0.05,0,0,0,CoryneRegNet,1,1,OP_cg0445,1,5,0,0,,,,0,0,0,0,0,0,0,,,,0,0,0,0,,,8,0,0,,0,
862,0.682056,cg1547,ccpA1,cg1412,cg1412,1,curated_positive,R,0,1,0,0,0,,experimental,0.75,1,1,1,CoryneRegNet,1,1,OP_cg1410,1,5,0,0,,,,0,0,0,0,0,0,0,,,,0,0,0,0,,,8,0,0,,0,
863,0.682056,cg1935,cg1935,cg1776,tal,1,curated_positive,R,0,1,0,0,0,,experimental,0.75,1,1,1,CoryneRegNet,1,1,OP_cg1774,1,5,0,0,,,,0,0,0,0,0,0,0,,,,0,0,0,0,,,8,0,0,,0,
864,0.682056,cg2092,sigA,cg0447,sdhB,1,curated_positive,A,1,0,0,0,0,,experimental,0.75,1,1,1,CoryneRegNet,1,1,OP_cg0445,1,5,0,0,,,,0,0,0,0,0,0,0,,,,0,0,0,0,,,8,0,0,,0,
865,0.682056,cg2092,sigA,cg1345,narK,1,curated_positive,A,1,0,0,0,0,,experimental,0.75,1,1,1,CoryneRegNet,1,1,OP_cg1345,1,5,0,0,,,,0,0,0,0,0,0,0,,,,0,0,0,0,,,8,0,0,,0,
866,0.682056,cg2092,sigA,cg1412,cg1412,1,curated_positive,A,1,0,0,0,0,,experimental,0.75,1,1,1,CoryneRegNet,1,1,OP_cg1410,1,5,0,0,,,,0,0,0,0,0,0,0,,,,0,0,0,0,,,8,0,0,,0,
867,0.682056,cg2103,dtxR,cg0447,sdhB,1,curated_positive,A,1,0,0,0,0,,experimental,0.75,1,1,1,CoryneRegNet,1,1,OP_cg0445,1,5,0,0,,,,0,0,0,0,0,0,0,,,,0,0,0,0,,,8,0,0,,0,
868,0.682056,cg2103,dtxR,cg4001,cg4001,1,curated_positive,A,1,0,0,0,0,,experimental,0.75,1,1,1,CoryneRegNet,1,1,OP_cg0445,1,5,0,0,,,,0,0,0,0,0,0,0,,,,0,0,0,0,,,8,0,0,,0,
869,0.682056,cg2115,cg2115,cg1776,tal,1,curated_positive,R,0,1,0,0,0,,predicted,0.05,0,0,0,CoryneRegNet,1,1,OP_cg1774,1,5,0,0,,,,0,0,0,0,0,0,0,,,,0,0,0,0,,,8,0,0,,0,
870,0.682056,cg2766,cg2766,cg2676,cg2676,1,curated_positive,R,0,1,0,0,0,,predicted,0.05,0,0,0,CoryneRegNet,1,1,OP_cg2678,1,5,0,0,,,,0,0,0,0,0,0,0,,,,0,0,0,0,,,8,0,0,,0,
871,0.682056,cg2766,cg2766,cg2678,cg2678,1,curated_positive,R,0,1,0,0,0,,predicted,0.05,0,0,0,CoryneRegNet,1,1,OP_cg2678,1,5,0,0,,,,0,0,0,0,0,0,0,,,,0,0,0,0,,,8,0,0,,0,
872,0.682056,cg2783,cg2783,cg1776,tal,1,curated_positive,R,0,1,0,0,0,,experimental,0.75,1,1,1,CoryneRegNet,1,1,OP_cg1774,1,5,0,0,,,,0,0,0,0,0,0,0,,,,0,0,0,0,,,8,0,0,,0,
873,0.682056,cg2831,cg2831,cg0447,sdhB,1,curated_positive,A,1,0,0,0,0,,experimental + predicted,0.75,1,1,3,CoryneRegNet,1,1,OP_cg0445,1,5,0,0,,,,0,0,0,0,0,0,0,,,,0,0,0,0,,,8,0,0,,0,
874,0.682056,cg2831,cg2831,cg1776,tal,1,curated_positive,R,0,1,0,0,0,,experimental,0.75,1,1,1,CoryneRegNet,1,1,OP_cg1774,1,5,0,0,,,,0,0,0,0,0,0,0,,,,0,0,0,0,,,8,0,0,,0,
875,0.682056,cg3253,mcbR,cg2676,cg2676,1,curated_positive,R,0,1,0,0,0,,predicted,0.2,0,1,1,CoryneRegNet,1,1,OP_cg2678,1,5,0,0,,,,0,0,0,0,0,0,0,,,,0,0,0,0,,,8,0,0,,0,
876,0.682056,cg1120,ripA,cg1792,whiA,0,sampled_negative,unknown,0,0,0,0,0,,,0,0,0,0,,0,0,OP_cg1796,1,5,0,0,,,,0,0,0,0,0,0,0,,,,0,0,0,0,,,8,0,0,,0,
877,0.682056,cg0051,cg0051,cg2239,thiG,0,sampled_negative,unknown,0,0,0,0,0,,,0,0,0,0,,0,0,OP_cg2236,1,5,0,0,,,,0,0,0,0,0,0,0,,,,0,0,0,0,,,8,0,0,,0,
878,0.682056,cg2936,nanR,cg1776,tal,0,sampled_negative,unknown,0,0,0,0,0,,,0,0,0,0,,0,0,OP_cg1774,1,5,0,0,,,,0,0,0,0,0,0,0,,,,0,0,0,0,,,8,0,0,,0,
879,0.682056,cg0500,qsuR,cg1412,cg1412,0,sampled_negative,unknown,0,0,0,0,0,,,0,0,0,0,,0,0,OP_cg1410,1,5,0,0,,,,0,0,0,0,0,0,0,,,,0,0,0,0,,,8,0,0,,0,
880,0.682056,cg2309,bioQ,cg1345,narK,0,sampled_negative,unknown,0,0,0,0,0,,,0,0,0,0,,0,0,OP_cg1345,1,5,0,0,,,,0,0,0,0,0,0,0,,,,0,0,0,0,,,8,0,0,,0,
881,0.682056,cg0979,cg0979,cg2239,thiG,0,sampled_negative,unknown,0,0,0,0,0,,,0,0,0,0,,0,0,OP_cg2236,1,5,0,0,,,,0,0,0,0,0,0,0,,,,0,0,0,0,,,8,0,0,,0,
882,0.682056,cg2309,bioQ,cg1776,tal,0,sampled_negative,unknown,0,0,0,0,0,,,0,0,0,0,,0,0,OP_cg1774,1,5,0,0,,,,0,0,0,0,0,0,0,,,,0,0,0,0,,,8,0,0,,0,
883,0.682056,cg1324,rosR,cg2676,cg2676,0,sampled_negative,unknown,0,0,0,0,0,,,0,0,0,0,,0,0,OP_cg2678,1,5,0,0,,,,0,0,0,0,0,0,0,,,,0,0,0,0,,,8,0,0,,0,
884,0.682056,cg1648,cg1648,cg0447,sdhB,0,sampled_negative,unknown,0,0,0,0,0,,,0,0,0,0,,0,0,OP_cg0445,1,5,0,0,,,,0,0,0,0,0,0,0,,,,0,0,0,0,,,8,0,0,,0,
885,0.681859,cg0350,cg0350,cg2836,sucD,1,curated_positive,R,0,1,0,0,0,,predicted,0.2,0,1,2,CoryneRegNet,1,1,OP_cg2837,1,2,0,1,2,0.1675,-7.27,4,0,0,0,0,0,0,,,,0,0,0,0,,,5,0,0,,0,
886,0.681859,cg0444,cg0444,cg2836,sucD,1,curated_positive,R,0,1,0,0,0,,predicted,0.2,0,1,1,CoryneRegNet,1,1,OP_cg2837,1,2,0,1,2,0.1675,-7.27,4,0,0,0,0,0,0,,,,0,0,0,0,,,5,0,0,,0,
887,0.681859,cg2092,sigA,cg2836,sucD,1,curated_positive,A,1,0,0,0,0,,experimental,0.75,1,1,1,CoryneRegNet,1,1,OP_cg2837,1,2,0,1,2,0.1675,-7.27,4,0,0,0,0,0,0,,,,0,0,0,0,,,5,0,0,,0,
888,0.681859,cg2831,cg2831,cg2836,sucD,1,curated_positive,A,1,0,0,0,0,,experimental,0.75,1,1,1,CoryneRegNet,1,1,OP_cg2837,1,2,0,1,2,0.1675,-7.27,4,0,0,0,0,0,0,,,,0,0,0,0,,,5,0,0,,0,
889,0.681859,cg1792,whiA,cg2836,sucD,0,sampled_negative,unknown,0,0,0,0,0,,,0,0,0,0,,0,0,OP_cg2837,1,2,0,1,2,0.1675,-7.27,4,0,0,0,0,0,0,,,,0,0,0,0,,,5,0,0,,0,
890,0.675995,cg0350,cg0350,cg1342,narJ,1,curated_positive,A,1,0,0,0,0,,experimental + predicted,0.75,1,1,3,CoryneRegNet,1,1,OP_cg1345,1,5,0,1,10,0.6632,-14.74,1,0,0,0,0,0,0,,,,0,0,0,0,,,5,0,0,,0,
891,0.675995,cg1120,cg1120,cg1342,narJ,1,curated_positive,R,0,1,0,0,0,,experimental,0.75,1,1,1,CoryneRegNet,1,1,OP_cg1345,1,5,0,1,10,0.6632,-14.74,1,0,0,0,0,0,0,,,,0,0,0,0,,,5,0,0,,0,
892,0.675995,cg1324,cg1324,cg1342,narJ,1,curated_positive,A,1,0,0,0,0,,experimental,0.75,1,1,1,CoryneRegNet,1,1,OP_cg1345,1,5,0,1,10,0.6632,-14.74,1,0,0,0,0,0,0,,,,0,0,0,0,,,5,0,0,,0,
893,0.675995,cg1340,cg1340,cg1342,narJ,1,curated_positive,R,0,1,0,0,0,,experimental,0.75,1,1,2,CoryneRegNet,1,1,OP_cg1345,1,5,0,1,10,0.6632,-14.74,1,0,0,0,0,0,0,,,,0,0,0,0,,,5,0,0,,0,
894,0.675995,cg2092,sigA,cg1342,narJ,1,curated_positive,A,1,0,0,0,0,,experimental,0.75,1,1,1,CoryneRegNet,1,1,OP_cg1345,1,5,0,1,10,0.6632,-14.74,1,0,0,0,0,0,0,,,,0,0,0,0,,,5,0,0,,0,
895,0.675995,cg3247,cgtR11(hrrA),cg1342,narJ,0,sampled_negative,unknown,0,0,0,0,0,,,0,0,0,0,,0,0,OP_cg1345,1,5,0,1,10,0.6632,-14.74,1,0,0,0,0,0,0,,,,0,0,0,0,,,5,0,0,,0,
896,0.675995,cg1486,ltbR,cg1342,narJ,0,sampled_negative,unknown,0,0,0,0,0,,,0,0,0,0,,0,0,OP_cg1345,1,5,0,1,10,0.6632,-14.74,1,0,0,0,0,0,0,,,,0,0,0,0,,,5,0,0,,0,
897,0.675995,cg0897,pdxR,cg1342,narJ,0,sampled_negative,unknown,0,0,0,0,0,,,0,0,0,0,,0,0,OP_cg1345,1,5,0,1,10,0.6632,-14.74,1,0,0,0,0,0,0,,,,0,0,0,0,,,5,0,0,,0,
898,0.675995,cg0876,sigH,cg1342,narJ,0,sampled_negative,unknown,0,0,0,0,0,,,0,0,0,0,,0,0,OP_cg1345,1,5,0,1,10,0.6632,-14.74,1,0,0,0,0,0,0,,,,0,0,0,0,,,5,0,0,,0,
899,0.675461,cg0156,cg0156,cg3138,cg3138,1,curated_positive,R,0,1,0,0,0,,predicted,0.2,0,1,1,CoryneRegNet,1,1,OP_cg3138,1,2,0,1,1,0.002754,-17.79,2,0,0,0,0,0,0,,,,0,0,0,0,,,5,0,0,,0,
900,0.675461,cg2092,sigA,cg3138,cg3138,1,curated_positive,A,1,0,0,0,0,,experimental,0.75,1,1,1,CoryneRegNet,1,1,OP_cg3138,1,2,0,1,1,0.002754,-17.79,2,0,0,0,0,0,0,,,,0,0,0,0,,,5,0,0,,0,
901,0.675461,cg0876,sigH,cg3138,cg3138,0,sampled_negative,unknown,0,0,0,0,0,,,0,0,0,0,,0,0,OP_cg3138,1,2,0,1,1,0.002754,-17.79,2,0,0,0,0,0,0,,,,0,0,0,0,,,5,0,0,,0,
902,0.673616,cg2092,sigA,cg2888,cgtR3,1,curated_positive,A,1,0,0,0,0,,experimental,0.75,1,1,1,CoryneRegNet,1,1,OP_cg2888,1,2,0,1,6,0.5305,-20.66,1,0,0,0,0,0,0,,,,0,0,0,0,,,5,0,0,,0,
903,0.673356,cg0709,cgtR7,cg0781,cg0781,1,curated_positive,A,1,0,0,0,0,,experimental,0.75,1,1,1,CoryneRegNet,1,1,,0,0,0,1,12,0.2667,-13.49,0,0,0,0,0,0,0,,,,0,0,0,0,,,5,0,0,,0,
904,0.673356,cg1218,nrtR,cg0781,cg0781,0,sampled_negative,unknown,0,0,0,0,0,,,0,0,0,0,,0,0,,0,0,0,1,12,0.2667,-13.49,0,0,0,0,0,0,0,,,,0,0,0,0,,,5,0,0,,0,
905,0.672390,cg2092,sigA,cg1145,fum,1,curated_positive,A,1,0,0,0,0,,experimental,0.75,1,1,1,CoryneRegNet,1,1,,0,0,0,1,4,0.8727,-10.84,2,0,0,0,0,0,0,,,,0,0,0,0,,,5,0,0,,0,
906,0.672390,cg2102,sigB,cg1145,fum,1,curated_positive,unknown,0,0,1,0,0,,predicted,0.2,0,1,1,CoryneRegNet,1,1,,0,0,0,1,4,0.8727,-10.84,2,0,0,0,0,0,0,,,,0,0,0,0,,,5,0,0,,0,
907,0.672390,cg2831,cg2831,cg1145,fum,1,curated_positive,A,1,0,0,0,0,,experimental,0.75,1,1,1,CoryneRegNet,1,1,,0,0,0,1,4,0.8727,-10.84,2,0,0,0,0,0,0,,,,0,0,0,0,,,5,0,0,,0,
908,0.669989,cg0350,cg0350,cg1064,cg1064,1,curated_positive,R,0,1,0,0,0,,predicted,0.2,0,1,2,CoryneRegNet,1,1,OP_cg1061,1,5,0,1,4,0.2389,-19.89,2,0,0,0,0,0,0,,,,0,0,0,0,,,5,0,0,,0,
909,0.669989,cg0986,amtR,cg1064,cg1064,1,curated_positive,R,0,1,0,0,0,,experimental,0.75,1,1,4,CoryneRegNet,1,1,OP_cg1061,1,5,0,1,4,0.2389,-19.89,2,0,0,0,0,0,0,,,,0,0,0,0,,,5,0,0,,0,
910,0.669282,cg0646,cg0646,cg0636,cg0636,1,curated_positive,R,0,1,0,0,0,,predicted,0.2,0,1,1,CoryneRegNet,1,1,,0,0,0,1,10,0.4734,-16.17,1,0,0,0,0,0,0,,,,0,0,0,0,,,5,0,0,,0,
911,0.669275,cg2502,fur,cg0040,cg0040,1,curated_positive,R,0,1,0,0,0,,experimental,0.75,1,1,1,CoryneRegNet,1,1,OP_cg0042,1,3,0,1,1,0.4484,-14.89,3,0,0,0,0,0,0,,,,0,0,0,0,,,5,0,0,,0,
912,0.668523,cg0350,cg0350,cg2638,benB,1,curated_positive,R,0,1,0,0,0,,predicted,0.2,0,1,1,CoryneRegNet,1,1,OP_cg2637,1,4,0,1,5,0.4263,-18.85,2,0,0,0,0,0,0,,,,0,0,0,0,,,5,0,0,,0,
913,0.668523,cg2641,cg2641,cg2638,benB,1,curated_positive,A,1,0,0,0,0,,predicted,0.05,0,0,0,CoryneRegNet,1,1,OP_cg2637,1,4,0,1,5,0.4263,-18.85,2,0,0,0,0,0,0,,,,0,0,0,0,,,5,0,0,,0,
914,0.667332,cg3247,cgtR11,cg0517,hemY,1,curated_positive,R,0,1,0,0,0,,experimental,0.75,1,1,1,CoryneRegNet,1,1,OP_cg0516,1,8,0,1,1,0.9357,-21.93,1,0,0,0,0,0,0,,,,0,0,0,0,,,5,0,0,,0,
915,0.667187,cg0876,sigH,cg3107,adhA,1,curated_positive,unknown,0,0,1,0,0,,experimental,0.75,1,1,1,CoryneRegNet,1,1,,0,0,0,1,1,0,-79.82,4,0,0,0,0,0,0,,,,0,0,0,0,,,5,0,0,,0,
916,0.667187,cg2092,sigA,cg3107,adhA,1,curated_positive,A,1,0,0,0,0,,experimental,0.75,1,1,1,CoryneRegNet,1,1,,0,0,0,1,1,0,-79.82,4,0,0,0,0,0,0,,,,0,0,0,0,,,5,0,0,,0,
917,0.667187,cg2831,cg2831,cg3107,adhA,1,curated_positive,A,1,0,0,0,0,,experimental,0.75,1,1,2,CoryneRegNet,1,1,,0,0,0,1,1,0,-79.82,4,0,0,0,0,0,0,,,,0,0,0,0,,,5,0,0,,0,
918,0.667187,cg2615,vanR,cg3107,adhA,0,sampled_negative,unknown,0,0,0,0,0,,,0,0,0,0,,0,0,,0,0,0,1,1,0,-79.82,4,0,0,0,0,0,0,,,,0,0,0,0,,,5,0,0,,0,
919,0.666279,cg0350,cg0350,cg1341,narI,1,curated_positive,A,1,0,0,0,0,,experimental + predicted,0.75,1,1,3,CoryneRegNet,1,1,OP_cg1345,1,5,0,1,13,0.9324,-23.32,0,0,0,0,0,0,0,,,,0,0,0,0,,,5,0,0,,0,
920,0.666279,cg1120,cg1120,cg1341,narI,1,curated_positive,R,0,1,0,0,0,,experimental,0.75,1,1,1,CoryneRegNet,1,1,OP_cg1345,1,5,0,1,13,0.9324,-23.32,0,0,0,0,0,0,0,,,,0,0,0,0,,,5,0,0,,0,
921,0.666279,cg1324,cg1324,cg1341,narI,1,curated_positive,A,1,0,0,0,0,,experimental,0.75,1,1,1,CoryneRegNet,1,1,OP_cg1345,1,5,0,1,13,0.9324,-23.32,0,0,0,0,0,0,0,,,,0,0,0,0,,,5,0,0,,0,
922,0.666279,cg1340,cg1340,cg1341,narI,1,curated_positive,R,0,1,0,0,0,,experimental,0.75,1,1,2,CoryneRegNet,1,1,OP_cg1345,1,5,0,1,13,0.9324,-23.32,0,0,0,0,0,0,0,,,,0,0,0,0,,,5,0,0,,0,
923,0.666279,cg2092,sigA,cg1341,narI,1,curated_positive,A,1,0,0,0,0,,experimental,0.75,1,1,1,CoryneRegNet,1,1,OP_cg1345,1,5,0,1,13,0.9324,-23.32,0,0,0,0,0,0,0,,,,0,0,0,0,,,5,0,0,,0,
924,0.666279,cg0196,iolR,cg1341,narI,0,sampled_negative,unknown,0,0,0,0,0,,,0,0,0,0,,0,0,OP_cg1345,1,5,0,1,13,0.9324,-23.32,0,0,0,0,0,0,0,,,,0,0,0,0,,,5,0,0,,0,
925,0.666279,cg2109,oxyR,cg1341,narI,0,sampled_negative,unknown,0,0,0,0,0,,,0,0,0,0,,0,0,OP_cg1345,1,5,0,1,13,0.9324,-23.32,0,0,0,0,0,0,0,,,,0,0,0,0,,,5,0,0,,0,
926,0.664674,cg0350,cg0350,cg1065,cg1065,1,curated_positive,R,0,1,0,0,0,,predicted,0.2,0,1,2,CoryneRegNet,1,1,OP_cg1061,1,5,0,1,12,0.3955,-18.91,0,0,0,0,0,0,0,,,,0,0,0,0,,,5,0,0,,0,
927,0.664674,cg0986,amtR,cg1065,cg1065,1,curated_positive,R,0,1,0,0,0,,experimental,0.75,1,1,4,CoryneRegNet,1,1,OP_cg1061,1,5,0,1,12,0.3955,-18.91,0,0,0,0,0,0,0,,,,0,0,0,0,,,5,0,0,,0,
928,0.661094,cg2092,sigA,cg2883,cg2883,1,curated_positive,A,1,0,0,0,0,,experimental,0.75,1,1,1,CoryneRegNet,1,1,,0,0,0,1,6,0.9107,-8.88,3,0,0,0,0,0,0,,,,0,0,0,0,,,5,0,0,,0,
929,0.661094,cg2309,cg2309,cg2883,cg2883,1,curated_positive,R,0,1,0,0,0,,experimental,0.75,1,1,1,CoryneRegNet,1,1,,0,0,0,1,6,0.9107,-8.88,3,0,0,0,0,0,0,,,,0,0,0,0,,,5,0,0,,0,
930,0.661094,cg0196,iolR,cg2883,cg2883,0,sampled_negative,unknown,0,0,0,0,0,,,0,0,0,0,,0,0,,0,0,0,1,6,0.9107,-8.88,3,0,0,0,0,0,0,,,,0,0,0,0,,,5,0,0,,0,
931,0.660065,cg0876,sigH,cg1764,sufB,1,curated_positive,unknown,0,0,1,0,0,,predicted,0.05,0,0,0,CoryneRegNet,1,1,OP_cg1765,1,7,0,1,1,0,-135.87,1,0,0,0,0,0,0,,,,0,0,0,0,,,5,0,0,,0,
932,0.660065,cg2109,oxyR,cg1764,sufB,1,curated_positive,R,0,1,0,0,0,,experimental,0.75,1,1,1,CoryneRegNet,1,1,OP_cg1765,1,7,0,1,1,0,-135.87,1,0,0,0,0,0,0,,,,0,0,0,0,,,5,0,0,,0,
933,0.660065,cg3420,sigM,cg1764,sufB,1,curated_positive,unknown,0,0,1,0,0,,experimental,0.75,1,1,1,CoryneRegNet,1,1,OP_cg1765,1,7,0,1,1,0,-135.87,1,0,0,0,0,0,0,,,,0,0,0,0,,,5,0,0,,0,
934,0.658939,cg2092,sigA,cg1011,cg1011,1,curated_positive,A,1,0,0,0,0,,experimental,0.75,1,1,1,CoryneRegNet,1,1,OP_cg1010,1,3,0,1,4,0.5656,-13.56,3,0,0,0,0,0,0,,,,0,0,0,0,,,5,0,0,,0,
935,0.658939,cg2894,cg2894,cg1011,cg1011,0,sampled_negative,unknown,0,0,0,0,0,,,0,0,0,0,,0,0,OP_cg1010,1,3,0,1,4,0.5656,-13.56,3,0,0,0,0,0,0,,,,0,0,0,0,,,5,0,0,,0,
936,0.658584,cg0337,whiB4,cg3424,cwlM,1,curated_positive,R,0,1,0,0,0,,predicted,0.2,0,1,1,CoryneRegNet,1,1,OP_cg3423,1,2,0,1,2,0.1407,-16.47,4,0,0,0,0,0,0,,,,0,0,0,0,,,5,0,0,,0,
937,0.658584,cg0878,whiB1,cg3424,cwlM,1,curated_positive,A,1,0,0,0,0,,predicted,0.05,0,0,0,CoryneRegNet,1,1,OP_cg3423,1,2,0,1,2,0.1407,-16.47,4,0,0,0,0,0,0,,,,0,0,0,0,,,5,0,0,,0,
938,0.658584,cg3420,sigM,cg3424,cwlM,1,curated_positive,unknown,0,0,1,0,0,,experimental,0.75,1,1,1,CoryneRegNet,1,1,OP_cg3423,1,2,0,1,2,0.1407,-16.47,4,0,0,0,0,0,0,,,,0,0,0,0,,,5,0,0,,0,
939,0.658584,cg1738,acnR,cg3424,cwlM,0,sampled_negative,unknown,0,0,0,0,0,,,0,0,0,0,,0,0,OP_cg3423,1,2,0,1,2,0.1407,-16.47,4,0,0,0,0,0,0,,,,0,0,0,0,,,5,0,0,,0,
940,0.658370,cg1765,sufR,cg0657,truA,0,sampled_negative,unknown,0,0,0,0,0,,,0,0,0,0,,0,0,OP_cg0651,1,7,0,1,6,0.8586,-15.78,2,0,0,0,0,0,0,,,,0,0,0,0,,,5,0,0,,0,
941,0.656667,cg2092,sigA,cg0922,cg0922,1,curated_positive,A,1,0,0,0,0,,experimental,0.75,1,1,1,CoryneRegNet,1,1,OP_cg0922,1,2,0,1,8,0.9343,-19.73,1,0,0,0,0,0,0,,,,0,0,0,0,,,5,0,0,,0,
942,0.655277,cg0876,sigH,cg2301,cg2301,1,curated_positive,unknown,0,0,1,0,0,,experimental,0.75,1,1,1,CoryneRegNet,1,1,OP_cg2305,1,5,0,1,2,0.3367,-18.14,4,0,0,0,0,0,0,,,,0,0,0,0,,,5,0,0,,0,
943,0.653362,cg2115,cg2115,cg2291,pyk,1,curated_positive,R,0,1,0,0,0,,experimental,0.75,1,1,1,CoryneRegNet,1,1,,0,0,0,1,9,0.3262,-15.15,1,0,0,0,0,0,0,,,,0,0,0,0,,,5,0,0,,0,
944,0.653362,cg2831,cg2831,cg2291,pyk,1,curated_positive,R,0,1,0,0,0,,experimental,0.75,1,1,1,CoryneRegNet,1,1,,0,0,0,1,9,0.3262,-15.15,1,0,0,0,0,0,0,,,,0,0,0,0,,,5,0,0,,0,
945,0.652086,cg0986,amtR,cg1784,ocd,1,curated_positive,R,0,1,0,0,0,,experimental,0.75,1,1,4,CoryneRegNet,1,1,OP_cg1785,1,3,0,1,2,0.4167,-16.05,2,0,0,0,0,0,0,,,,0,0,0,0,,,5,0,0,,0,
946,0.652086,cg2092,sigA,cg1784,ocd,1,curated_positive,A,1,0,0,0,0,,experimental,0.75,1,1,1,CoryneRegNet,1,1,OP_cg1785,1,3,0,1,2,0.4167,-16.05,2,0,0,0,0,0,0,,,,0,0,0,0,,,5,0,0,,0,
947,0.652086,cg0702,cg0702,cg1784,ocd,0,sampled_negative,unknown,0,0,0,0,0,,,0,0,0,0,,0,0,OP_cg1785,1,3,0,1,2,0.4167,-16.05,2,0,0,0,0,0,0,,,,0,0,0,0,,,5,0,0,,0,
948,0.650932,cg0313,lrp,cg0314,brnF,1,curated_positive,A,1,0,0,0,0,,experimental,0.75,1,1,1,CoryneRegNet,1,1,OP_cg0314,1,2,0,1,15,0.9184,-9.33,0,0,0,0,0,0,0,,,,0,0,0,0,,,5,0,0,,0,
949,0.650932,cg2092,sigA,cg0314,brnF,1,curated_positive,A,1,0,0,0,0,,experimental,0.75,1,1,1,CoryneRegNet,1,1,OP_cg0314,1,2,0,1,15,0.9184,-9.33,0,0,0,0,0,0,0,,,,0,0,0,0,,,5,0,0,,0,
950,0.650932,cg2627,cg2627,cg0314,brnF,0,sampled_negative,unknown,0,0,0,0,0,,,0,0,0,0,,0,0,OP_cg0314,1,2,0,1,15,0.9184,-9.33,0,0,0,0,0,0,0,,,,0,0,0,0,,,5,0,0,,0,
951,0.650932,cg2112,cg2112,cg0314,brnF,0,sampled_negative,unknown,0,0,0,0,0,,,0,0,0,0,,0,0,OP_cg0314,1,2,0,1,15,0.9184,-9.33,0,0,0,0,0,0,0,,,,0,0,0,0,,,5,0,0,,0,
952,0.650055,cg2092,sigA,cg2886,bioD,1,curated_positive,A,1,0,0,0,0,,experimental,0.75,1,1,1,CoryneRegNet,1,1,OP_cg2885,1,2,0,1,3,0.958,-20.5,2,0,0,0,0,0,0,,,,0,0,0,0,,,5,0,0,,0,
953,0.650055,cg2309,cg2309,cg2886,bioD,1,curated_positive,R,0,1,0,0,0,,experimental + predicted,0.75,1,1,2,CoryneRegNet,1,1,OP_cg2885,1,2,0,1,3,0.958,-20.5,2,0,0,0,0,0,0,,,,0,0,0,0,,,5,0,0,,0,
954,0.650055,cg3373,cg3373,cg2886,bioD,0,sampled_negative,unknown,0,0,0,0,0,,,0,0,0,0,,0,0,OP_cg2885,1,2,0,1,3,0.958,-20.5,2,0,0,0,0,0,0,,,,0,0,0,0,,,5,0,0,,0,
955,0.649977,cg1792,cg1792,cg2366,ftsZ,1,curated_positive,A,1,0,0,0,0,,experimental,0.75,1,1,1,CoryneRegNet,1,1,OP_cg2366,1,4,0,1,5,0.5776,-13.36,3,0,0,0,0,0,0,,,,0,0,0,0,,,5,0,0,,0,
956,0.649977,cg2092,sigA,cg2366,ftsZ,1,curated_positive,A,1,0,0,0,0,,experimental,0.75,1,1,1,CoryneRegNet,1,1,OP_cg2366,1,4,0,1,5,0.5776,-13.36,3,0,0,0,0,0,0,,,,0,0,0,0,,,5,0,0,,0,
957,0.649977,cg0979,cg0979,cg2366,ftsZ,0,sampled_negative,unknown,0,0,0,0,0,,,0,0,0,0,,0,0,OP_cg2366,1,4,0,1,5,0.5776,-13.36,3,0,0,0,0,0,0,,,,0,0,0,0,,,5,0,0,,0,
958,0.649546,cg2092,sigA,cg2613,mdh,1,curated_positive,A,1,0,0,0,0,,experimental,0.75,1,1,1,CoryneRegNet,1,1,,0,0,0,1,3,0.9187,-15.46,5,0,0,0,0,0,0,,,,0,0,0,0,,,5,0,0,,0,
959,0.649546,cg2831,cg2831,cg2613,mdh,1,curated_positive,R,0,1,0,0,0,,experimental,0.75,1,1,1,CoryneRegNet,1,1,,0,0,0,1,3,0.9187,-15.46,5,0,0,0,0,0,0,,,,0,0,0,0,,,5,0,0,,0,
960,0.649546,cg1552,qorR,cg2613,mdh,0,sampled_negative,unknown,0,0,0,0,0,,,0,0,0,0,,0,0,,0,0,0,1,3,0.9187,-15.46,5,0,0,0,0,0,0,,,,0,0,0,0,,,5,0,0,,0,
961,0.648994,cg0350,cg0350,cg3354,cg3354,1,curated_positive,R,0,1,0,0,0,,experimental + predicted,0.75,1,1,2,CoryneRegNet,1,1,OP_cg3353,1,2,0,1,2,0.3177,-17.33,3,0,0,0,0,0,0,,,,0,0,0,0,,,5,0,0,,0,
962,0.648994,cg3352,cg3352,cg3354,cg3354,1,curated_positive,A,1,0,0,0,0,,predicted,0.05,0,0,0,CoryneRegNet,1,1,OP_cg3353,1,2,0,1,2,0.3177,-17.33,3,0,0,0,0,0,0,,,,0,0,0,0,,,5,0,0,,0,
963,0.648104,cg0696,sigD,cg2572,cg2572,1,curated_positive,A,1,0,0,0,0,,experimental,0.75,1,1,1,CoryneRegNet,1,1,,0,0,0,1,7,0.9516,-12.08,1,0,0,0,0,0,0,,,,0,0,0,0,,,5,0,0,,0,
964,0.646601,cg0090,citB,cg0088,citP,1,curated_positive,A,1,0,0,0,0,,experimental,0.75,1,1,1,CoryneRegNet,1,1,,0,0,0,1,2,0.9107,-9.23,2,0,0,0,0,0,0,,,,0,0,0,0,,,5,0,0,,0,
965,0.646601,cg2092,sigA,cg0088,citP,1,curated_positive,A,1,0,0,0,0,,experimental,0.75,1,1,1,CoryneRegNet,1,1,,0,0,0,1,2,0.9107,-9.23,2,0,0,0,0,0,0,,,,0,0,0,0,,,5,0,0,,0,
966,0.646451,cg2936,cg2936,cg2939,cg2939,1,curated_positive,R,0,1,0,0,0,,experimental,0.75,1,1,1,CoryneRegNet,1,1,OP_cg2939,1,2,0,1,4,0.8463,-21.36,3,0,0,0,0,0,0,,,,0,0,0,0,,,5,0,0,,0,
967,0.646442,cg0444,cg0444,cg1815,pyrC,1,curated_positive,R,0,1,0,0,0,,predicted,0.2,0,1,1,CoryneRegNet,1,1,OP_cg1817,1,3,0,1,5,0.6644,-20.87,2,0,0,0,0,0,0,,,,0,0,0,0,,,5,0,0,,0,
968,0.644126,cg3285,cgtR9,cg3284,cgtS9,1,curated_positive,A,1,0,0,0,0,,experimental,0.75,1,1,1,CoryneRegNet,1,1,,0,0,0,1,9,0.3183,-13.53,2,0,0,0,0,0,0,,,,0,0,0,0,,,5,0,0,,0,
969,0.643868,cg2092,sigA,cg2334,ilvA,1,curated_positive,A,1,0,0,0,0,,experimental,0.75,1,1,1,CoryneRegNet,1,1,,0,0,0,1,9,0.4964,-17.02,1,0,0,0,0,0,0,,,,0,0,0,0,,,5,0,0,,0,
970,0.643868,cg0337,whiB4(whcA),cg2334,ilvA,0,sampled_negative,unknown,0,0,0,0,0,,,0,0,0,0,,0,0,,0,0,0,1,9,0.4964,-17.02,1,0,0,0,0,0,0,,,,0,0,0,0,,,5,0,0,,0,
971,0.643715,cg0309,sigC,cg2404,qcrA1,1,curated_positive,A,1,0,0,0,0,,experimental,0.75,1,1,1,CoryneRegNet,1,1,OP_cg2406,1,4,0,1,5,0.9432,-18.09,1,0,0,0,0,0,0,,,,0,0,0,0,,,5,0,0,,0,
972,0.643715,cg0350,cg0350,cg2404,qcrA1,1,curated_positive,A,1,0,0,0,0,,predicted,0.2,0,1,1,CoryneRegNet,1,1,OP_cg2406,1,4,0,1,5,0.9432,-18.09,1,0,0,0,0,0,0,,,,0,0,0,0,,,5,0,0,,0,
973,0.643715,cg3247,cgtR11,cg2404,qcrA1,1,curated_positive,A,1,0,0,0,0,,experimental,0.75,1,1,1,CoryneRegNet,1,1,OP_cg2406,1,4,0,1,5,0.9432,-18.09,1,0,0,0,0,0,0,,,,0,0,0,0,,,5,0,0,,0,
974,0.642839,cg2092,sigA,cg1486,cg1486,1,curated_positive,A,1,0,0,0,0,,experimental,0.75,1,1,1,CoryneRegNet,1,1,,0,0,0,1,7,0.953,-12.03,1,0,0,0,0,0,0,,,,0,0,0,0,,,5,0,0,,0,
975,0.639720,cg2092,sigA,cg0766,icd,1,curated_positive,A,1,0,0,0,0,,experimental,0.75,1,1,1,CoryneRegNet,1,1,,0,0,0,1,5,0.5803,-22.13,2,0,0,0,0,0,0,,,,0,0,0,0,,,5,0,0,,0,
976,0.639413,cg2092,sigA,cg0043,cg0043,1,curated_positive,A,1,0,0,0,0,,experimental,0.75,1,1,1,CoryneRegNet,1,1,,0,0,0,1,12,0.9174,-16.22,0,0,0,0,0,0,0,,,,0,0,0,0,,,5,0,0,,0,
977,0.637653,cg2910,cg2910,cg0045,cg0045,1,curated_positive,A,1,0,0,0,0,,experimental,0.75,1,1,1,CoryneRegNet,1,1,OP_cg0044,1,3,0,1,15,0.944,-8.46,0,0,0,0,0,0,0,,,,0,0,0,0,,,5,0,0,,0,
978,0.637653,cg1765,sufR,cg0045,cg0045,0,sampled_negative,unknown,0,0,0,0,0,,,0,0,0,0,,0,0,OP_cg0044,1,3,0,1,15,0.944,-8.46,0,0,0,0,0,0,0,,,,0,0,0,0,,,5,0,0,,0,
979,0.637582,cg0876,sigH,cg2645,clpP1,1,curated_positive,unknown,0,0,1,0,0,,experimental,0.75,1,1,2,CoryneRegNet,1,1,OP_cg2645,1,2,0,1,2,0.7004,-16.12,1,0,0,0,0,0,0,,,,0,0,0,0,,,5,0,0,,0,
980,0.637582,cg2092,sigA,cg2645,clpP1,1,curated_positive,A,1,0,0,0,0,,experimental,0.75,1,1,1,CoryneRegNet,1,1,OP_cg2645,1,2,0,1,2,0.7004,-16.12,1,0,0,0,0,0,0,,,,0,0,0,0,,,5,0,0,,0,
981,0.637348,cg0646,cg0646,cg0637,betB,1,curated_positive,R,0,1,0,0,0,,predicted,0.2,0,1,1,CoryneRegNet,1,1,OP_cg0640,1,4,0,1,11,0.9127,-6.53,0,0,0,0,0,0,0,,,,0,0,0,0,,,5,0,0,,0,
982,0.637348,cg2115,cg2115,cg0637,betB,1,curated_positive,R,0,1,0,0,0,,predicted,0.05,0,0,0,CoryneRegNet,1,1,OP_cg0640,1,4,0,1,11,0.9127,-6.53,0,0,0,0,0,0,0,,,,0,0,0,0,,,5,0,0,,0,
983,0.637348,cg3352,cg3352,cg0637,betB,1,curated_positive,A,1,0,0,0,0,,predicted,0.05,0,0,0,CoryneRegNet,1,1,OP_cg0640,1,4,0,1,11,0.9127,-6.53,0,0,0,0,0,0,0,,,,0,0,0,0,,,5,0,0,,0,
984,0.637348,cg3420,sigM,cg0637,betB,0,sampled_negative,unknown,0,0,0,0,0,,,0,0,0,0,,0,0,OP_cg0640,1,4,0,1,11,0.9127,-6.53,0,0,0,0,0,0,0,,,,0,0,0,0,,,5,0,0,,0,
985,0.636210,cg2092,sigA,cg2148,cg2148,1,curated_positive,A,1,0,0,0,0,,experimental,0.75,1,1,1,CoryneRegNet,1,1,OP_cg2147,1,3,0,1,4,0.9126,-16.71,3,0,0,0,0,0,0,,,,0,0,0,0,,,5,0,0,,0,
986,0.636210,cg2309,cg2309,cg2148,cg2148,1,curated_positive,R,0,1,0,0,0,,experimental + predicted,0.75,1,1,2,CoryneRegNet,1,1,OP_cg2147,1,3,0,1,4,0.9126,-16.71,3,0,0,0,0,0,0,,,,0,0,0,0,,,5,0,0,,0,
987,0.636210,cg0993,cg0993,cg2148,cg2148,0,sampled_negative,unknown,0,0,0,0,0,,,0,0,0,0,,0,0,OP_cg2147,1,3,0,1,4,0.9126,-16.71,3,0,0,0,0,0,0,,,,0,0,0,0,,,5,0,0,,0,
988,0.635998,cg0317,cg0317,cg1706,cg1706,1,curated_positive,R,0,1,0,0,0,,experimental,0.75,1,1,1,CoryneRegNet,1,1,OP_cg1705,1,3,0,1,2,0.6354,-17.45,3,0,0,0,0,0,0,,,,0,0,0,0,,,5,0,0,,0,
989,0.635998,cg1704,cg1704,cg1706,cg1706,1,curated_positive,R,0,1,0,0,0,,experimental,0.75,1,1,3,CoryneRegNet,1,1,OP_cg1705,1,3,0,1,2,0.6354,-17.45,3,0,0,0,0,0,0,,,,0,0,0,0,,,5,0,0,,0,
990,0.635998,cg2641,benR,cg1706,cg1706,0,sampled_negative,unknown,0,0,0,0,0,,,0,0,0,0,,0,0,OP_cg1705,1,3,0,1,2,0.6354,-17.45,3,0,0,0,0,0,0,,,,0,0,0,0,,,5,0,0,,0,
991,0.635998,cg2627,cg2627,cg1706,cg1706,0,sampled_negative,unknown,0,0,0,0,0,,,0,0,0,0,,0,0,OP_cg1705,1,3,0,1,2,0.6354,-17.45,3,0,0,0,0,0,0,,,,0,0,0,0,,,5,0,0,,0,
992,0.633451,cg2092,sigA,cg2837,sucC,1,curated_positive,A,1,0,0,0,0,,experimental,0.75,1,1,1,CoryneRegNet,1,1,OP_cg2837,1,2,0,1,9,0.7809,-16.33,1,0,0,0,0,0,0,,,,0,0,0,0,,,5,0,0,,0,
993,0.633451,cg2831,cg2831,cg2837,sucC,1,curated_positive,A,1,0,0,0,0,,experimental,0.75,1,1,1,CoryneRegNet,1,1,OP_cg2837,1,2,0,1,9,0.7809,-16.33,1,0,0,0,0,0,0,,,,0,0,0,0,,,5,0,0,,0,
994,0.633451,cg0051,cg0051,cg2837,sucC,0,sampled_negative,unknown,0,0,0,0,0,,,0,0,0,0,,0,0,OP_cg2837,1,2,0,1,9,0.7809,-16.33,1,0,0,0,0,0,0,,,,0,0,0,0,,,5,0,0,,0,
995,0.631399,cg0500,cg0500,cg0503,aroD,1,curated_positive,A,1,0,0,0,0,,experimental,0.75,1,1,2,CoryneRegNet,1,1,OP_cg0502,1,3,0,1,13,0.9198,-10.5,0,0,0,0,0,0,0,,,,0,0,0,0,,,5,0,0,,0,
996,0.631387,cg2092,sigA,cg2121,ptsH,1,curated_positive,A,1,0,0,0,0,,experimental,0.75,1,1,1,CoryneRegNet,1,1,,0,0,0,1,7,0.2415,-17.85,2,0,0,0,0,0,0,,,,0,0,0,0,,,5,0,0,,0,
997,0.631387,cg2118,cg2118,cg2121,ptsH,1,curated_positive,R,0,1,0,0,0,,experimental,0.75,1,1,1,CoryneRegNet,1,1,,0,0,0,1,7,0.2415,-17.85,2,0,0,0,0,0,0,,,,0,0,0,0,,,5,0,0,,0,
998,0.631387,cg2831,cg2831,cg2121,ptsH,1,curated_positive,R,0,1,0,0,0,,experimental,0.75,1,1,1,CoryneRegNet,1,1,,0,0,0,1,7,0.2415,-17.85,2,0,0,0,0,0,0,,,,0,0,0,0,,,5,0,0,,0,
999,0.631387,cg2942,cg2942,cg2121,ptsH,0,sampled_negative,unknown,0,0,0,0,0,,,0,0,0,0,,0,0,,0,0,0,1,7,0.2415,-17.85,2,0,0,0,0,0,0,,,,0,0,0,0,,,5,0,0,,0,
1000,0.631260,cg2092,sigA,cg2536,aecD,1,curated_positive,A,1,0,0,0,0,,experimental,0.75,1,1,1,CoryneRegNet,1,1,OP_cg2536,1,2,0,1,5,0.9713,-21.37,2,0,0,0,0,0,0,,,,0,0,0,0,,,5,0,0,,0,
1001,0.631260,cg1765,sufR,cg2536,aecD,0,sampled_negative,unknown,0,0,0,0,0,,,0,0,0,0,,0,0,OP_cg2536,1,2,0,1,5,0.9713,-21.37,2,0,0,0,0,0,0,,,,0,0,0,0,,,5,0,0,,0,
1002,0.625301,cg0112,ureR,cg0114,ureB,1,curated_positive,R,0,1,0,0,0,,predicted,0.2,0,1,1,CoryneRegNet,1,1,OP_cg0113,1,7,0,1,6,0.3583,-19.81,1,0,0,0,0,0,0,,,,0,0,0,0,,,5,0,0,,0,
1003,0.625301,cg0986,amtR,cg0114,ureB,1,curated_positive,R,0,1,0,0,0,,experimental,0.75,1,1,4,CoryneRegNet,1,1,OP_cg0113,1,7,0,1,6,0.3583,-19.81,1,0,0,0,0,0,0,,,,0,0,0,0,,,5,0,0,,0,
1004,0.625301,cg1765,sufR,cg0114,ureB,0,sampled_negative,unknown,0,0,0,0,0,,,0,0,0,0,,0,0,OP_cg0113,1,7,0,1,6,0.3583,-19.81,1,0,0,0,0,0,0,,,,0,0,0,0,,,5,0,0,,0,
1005,0.625301,cg2942,cg2942,cg0114,ureB,0,sampled_negative,unknown,0,0,0,0,0,,,0,0,0,0,,0,0,OP_cg0113,1,7,0,1,6,0.3583,-19.81,1,0,0,0,0,0,0,,,,0,0,0,0,,,5,0,0,,0,
1006,0.625301,cg0800,prpR,cg0114,ureB,0,sampled_negative,unknown,0,0,0,0,0,,,0,0,0,0,,0,0,OP_cg0113,1,7,0,1,6,0.3583,-19.81,1,0,0,0,0,0,0,,,,0,0,0,0,,,5,0,0,,0,
1007,0.624835,cg0463,cg0463,cg3281,cg3281,1,curated_positive,R,0,1,0,0,0,,experimental,0.75,1,1,2,CoryneRegNet,1,1,,0,0,0,1,2,0.1454,-19.25,1,0,0,0,0,0,0,,,,0,0,0,0,,,5,0,0,,0,
1008,0.624835,cg3285,cgtR9,cg3281,cg3281,1,curated_positive,A,1,0,0,0,0,,experimental,0.75,1,1,1,CoryneRegNet,1,1,,0,0,0,1,2,0.1454,-19.25,1,0,0,0,0,0,0,,,,0,0,0,0,,,5,0,0,,0,
1009,0.624835,cg2936,nanR,cg3281,cg3281,0,sampled_negative,unknown,0,0,0,0,0,,,0,0,0,0,,0,0,,0,0,0,1,2,0.1454,-19.25,1,0,0,0,0,0,0,,,,0,0,0,0,,,5,0,0,,0,
1010,0.624039,cg2092,sigA,cg3011,groEL,1,curated_positive,A,1,0,0,0,0,,experimental,0.75,1,1,1,CoryneRegNet,1,1,,0,0,0,1,1,0,-85.95,4,0,0,0,0,0,0,,,,0,0,0,0,,,5,0,0,,0,
1011,0.624039,cg3097,hspR,cg3011,groEL,1,curated_positive,R,0,1,0,0,0,,predicted,0.2,0,1,1,CoryneRegNet,1,1,,0,0,0,1,1,0,-85.95,4,0,0,0,0,0,0,,,,0,0,0,0,,,5,0,0,,0,
1012,0.624039,cg1120,ripA,cg3011,groEL,0,sampled_negative,unknown,0,0,0,0,0,,,0,0,0,0,,0,0,,0,0,0,1,1,0,-85.95,4,0,0,0,0,0,0,,,,0,0,0,0,,,5,0,0,,0,
1013,0.623683,cg0876,sigH,cg2152,cg2152,1,curated_positive,unknown,0,0,1,0,0,,experimental,0.75,1,1,4,CoryneRegNet,1,1,,0,0,0,1,4,0.2214,-17.04,1,0,0,0,0,0,0,,,,0,0,0,0,,,5,0,0,,0,
1014,0.623683,cg2092,sigA,cg2152,cg2152,1,curated_positive,A,1,0,0,0,0,,experimental,0.75,1,1,1,CoryneRegNet,1,1,,0,0,0,1,4,0.2214,-17.04,1,0,0,0,0,0,0,,,,0,0,0,0,,,5,0,0,,0,
1015,0.623262,cg0196,cg0196,cg0203,iolE,1,curated_positive,R,0,1,0,0,0,,experimental,0.75,1,1,1,CoryneRegNet,1,1,OP_cg0197,1,8,0,1,2,0.9112,-31.64,1,0,0,0,0,0,0,,,,0,0,0,0,,,5,0,0,,0,
1016,0.623262,cg0350,cg0350,cg0203,iolE,1,curated_positive,R,0,1,0,0,0,,experimental,0.75,1,1,1,CoryneRegNet,1,1,OP_cg0197,1,8,0,1,2,0.9112,-31.64,1,0,0,0,0,0,0,,,,0,0,0,0,,,5,0,0,,0,
1017,0.622745,cg2092,sigA,cg0938,cg0938,1,curated_positive,A,1,0,0,0,0,,experimental,0.75,1,1,1,CoryneRegNet,1,1,,0,0,0,1,7,0.09284,-10.52,1,0,0,0,0,0,0,,,,0,0,0,0,,,5,0,0,,0,
1018,0.622427,cg2092,sigA,cg2192,mqo,1,curated_positive,A,1,0,0,0,0,,experimental,0.75,1,1,1,CoryneRegNet,1,1,,0,0,0,1,10,0.4812,-20,2,0,0,0,0,0,0,,,,0,0,0,0,,,5,0,0,,0,
1019,0.622427,cg2831,cg2831,cg2192,mqo,1,curated_positive,A,1,0,0,0,0,,experimental,0.75,1,1,1,CoryneRegNet,1,1,,0,0,0,1,10,0.4812,-20,2,0,0,0,0,0,0,,,,0,0,0,0,,,5,0,0,,0,
1020,0.622427,cg3420,sigM,cg2192,mqo,0,sampled_negative,unknown,0,0,0,0,0,,,0,0,0,0,,0,0,,0,0,0,1,10,0.4812,-20,2,0,0,0,0,0,0,,,,0,0,0,0,,,5,0,0,,0,
1021,0.621139,cg0876,sigH,cg1338,thrB,1,curated_positive,unknown,0,0,1,0,0,,experimental,0.75,1,1,1,CoryneRegNet,1,1,OP_cg1337,1,2,0,1,7,0.2395,-14.14,1,0,0,0,0,0,0,,,,0,0,0,0,,,5,0,0,,0,
1022,0.621139,cg2092,sigA,cg1338,thrB,1,curated_positive,A,1,0,0,0,0,,experimental,0.75,1,1,1,CoryneRegNet,1,1,OP_cg1337,1,2,0,1,7,0.2395,-14.14,1,0,0,0,0,0,0,,,,0,0,0,0,,,5,0,0,,0,
1023,0.621139,cg3253,mcbR,cg1338,thrB,1,curated_positive,R,0,1,0,0,0,,experimental,0.75,1,1,1,CoryneRegNet,1,1,OP_cg1337,1,2,0,1,7,0.2395,-14.14,1,0,0,0,0,0,0,,,,0,0,0,0,,,5,0,0,,0,
1024,0.621139,cg0196,iolR,cg1338,thrB,0,sampled_negative,unknown,0,0,0,0,0,,,0,0,0,0,,0,0,OP_cg1337,1,2,0,1,7,0.2395,-14.14,1,0,0,0,0,0,0,,,,0,0,0,0,,,5,0,0,,0,
1025,0.619045,cg2766,cg2766,cg0533,menE,1,curated_positive,R,0,1,0,0,0,,predicted,0.05,0,0,0,CoryneRegNet,1,1,,0,0,0,1,3,0.1464,-10.5,3,0,0,0,0,0,0,,,,0,0,0,0,,,5,0,0,,0,
1026,0.619045,cg2910,cg2910,cg0533,menE,1,curated_positive,R,0,1,0,0,0,,experimental,0.75,1,1,1,CoryneRegNet,1,1,,0,0,0,1,3,0.1464,-10.5,3,0,0,0,0,0,0,,,,0,0,0,0,,,5,0,0,,0,
1027,0.619045,cg1765,sufR,cg0533,menE,0,sampled_negative,unknown,0,0,0,0,0,,,0,0,0,0,,0,0,,0,0,0,1,3,0.1464,-10.5,3,0,0,0,0,0,0,,,,0,0,0,0,,,5,0,0,,0,
1028,0.619045,cg2200,cgtR8,cg0533,menE,0,sampled_negative,unknown,0,0,0,0,0,,,0,0,0,0,,0,0,,0,0,0,1,3,0.1464,-10.5,3,0,0,0,0,0,0,,,,0,0,0,0,,,5,0,0,,0,
1029,0.618311,cg2092,sigA,cg0397,cg0397,1,curated_positive,A,1,0,0,0,0,,experimental,0.75,1,1,1,CoryneRegNet,1,1,,0,0,0,1,7,0.5695,-12.92,1,0,0,0,0,0,0,,,,0,0,0,0,,,5,0,0,,0,
1030,0.618311,cg0897,pdxR,cg0397,cg0397,0,sampled_negative,unknown,0,0,0,0,0,,,0,0,0,0,,0,0,,0,0,0,1,7,0.5695,-12.92,1,0,0,0,0,0,0,,,,0,0,0,0,,,5,0,0,,0,
1031,0.617370,cg0897,pdxR,cg0899,cg0899,1,curated_positive,A,1,0,0,0,0,,experimental,0.75,1,1,2,CoryneRegNet,1,1,OP_cg0898,1,2,0,1,2,0.3601,-16.23,2,0,0,0,0,0,0,,,,0,0,0,0,,,5,0,0,,0,
1032,0.617370,cg2092,sigA,cg0899,cg0899,1,curated_positive,A,1,0,0,0,0,,experimental,0.75,1,1,1,CoryneRegNet,1,1,OP_cg0898,1,2,0,1,2,0.3601,-16.23,2,0,0,0,0,0,0,,,,0,0,0,0,,,5,0,0,,0,
1033,0.617370,cg2114,lexA,cg0899,cg0899,1,curated_positive,A,1,0,0,0,0,,experimental,0.75,1,1,1,CoryneRegNet,1,1,OP_cg0898,1,2,0,1,2,0.3601,-16.23,2,0,0,0,0,0,0,,,,0,0,0,0,,,5,0,0,,0,
1034,0.617370,cg1935,gntR2,cg0899,cg0899,0,sampled_negative,unknown,0,0,0,0,0,,,0,0,0,0,,0,0,OP_cg0898,1,2,0,1,2,0.3601,-16.23,2,0,0,0,0,0,0,,,,0,0,0,0,,,5,0,0,,0,
1035,0.616811,cg2092,sigA,cg1147,cg1147,1,curated_positive,A,1,0,0,0,0,,experimental,0.75,1,1,1,CoryneRegNet,1,1,,0,0,0,1,7,0.9107,-8.85,1,0,0,0,0,0,0,,,,0,0,0,0,,,5,0,0,,0,
1036,0.616528,cg0876,sigH,cg2092,sigA,1,curated_positive,unknown,0,0,1,0,0,,experimental,0.75,1,1,1,CoryneRegNet,1,1,,0,0,0,1,3,0.08316,-26.25,2,0,0,0,0,0,0,,,,0,0,0,0,,,5,0,0,,0,
1037,0.616528,cg2092,sigA,cg2092,sigA,1,curated_positive,A,1,0,0,0,0,,experimental,0.75,1,1,1,CoryneRegNet,1,1,,0,0,0,1,3,0.08316,-26.25,2,0,0,0,0,0,0,,,,0,0,0,0,,,5,0,0,,0,
1038,0.616528,cg2627,cg2627,cg2092,sigA,0,sampled_negative,unknown,0,0,0,0,0,,,0,0,0,0,,0,0,,0,0,0,1,3,0.08316,-26.25,2,0,0,0,0,0,0,,,,0,0,0,0,,,5,0,0,,0,
1039,0.616528,cg1218,nrtR,cg2092,sigA,0,sampled_negative,unknown,0,0,0,0,0,,,0,0,0,0,,0,0,,0,0,0,1,3,0.08316,-26.25,2,0,0,0,0,0,0,,,,0,0,0,0,,,5,0,0,,0,
1040,0.616138,cg2092,sigA,cg1279,cg1279,1,curated_positive,A,1,0,0,0,0,,experimental,0.75,1,1,1,CoryneRegNet,1,1,,0,0,0,1,7,0.9298,-11.37,1,0,0,0,0,0,0,,,,0,0,0,0,,,5,0,0,,0,
1041,0.616034,cg3247,cgtR11,cg0519,cg0519,1,curated_positive,R,0,1,0,0,0,,experimental,0.75,1,1,1,CoryneRegNet,1,1,OP_cg0516,1,8,0,1,5,0.9594,-14.57,1,0,0,0,0,0,0,,,,0,0,0,0,,,5,0,0,,0,
1042,0.614039,cg2092,sigA,cg2703,cg2703,1,curated_positive,A,1,0,0,0,0,,experimental,0.75,1,1,1,CoryneRegNet,1,1,OP_cg2705,1,4,0,1,2,0.1323,-23.86,2,0,0,0,0,0,0,,,,0,0,0,0,,,5,0,0,,0,
1043,0.612143,cg3420,sigM,cg1696,cg1696,1,curated_positive,unknown,0,0,1,0,0,,predicted,0.2,0,1,1,CoryneRegNet,1,1,,0,0,0,1,10,0.5721,-14.35,1,0,0,0,0,0,0,,,,0,0,0,0,,,5,0,0,,0,
1044,0.611950,cg0112,ureR,cg0119,ureD,1,curated_positive,R,0,1,0,0,0,,predicted,0.2,0,1,1,CoryneRegNet,1,1,OP_cg0113,1,7,0,1,7,0.7689,-14.01,1,0,0,0,0,0,0,,,,0,0,0,0,,,5,0,0,,0,
1045,0.611950,cg0986,amtR,cg0119,ureD,1,curated_positive,R,0,1,0,0,0,,experimental,0.75,1,1,4,CoryneRegNet,1,1,OP_cg0113,1,7,0,1,7,0.7689,-14.01,1,0,0,0,0,0,0,,,,0,0,0,0,,,5,0,0,,0,
1046,0.611950,cg0897,pdxR,cg0119,ureD,0,sampled_negative,unknown,0,0,0,0,0,,,0,0,0,0,,0,0,OP_cg0113,1,7,0,1,7,0.7689,-14.01,1,0,0,0,0,0,0,,,,0,0,0,0,,,5,0,0,,0,
1047,0.611950,cg0695,whiB3,cg0119,ureD,0,sampled_negative,unknown,0,0,0,0,0,,,0,0,0,0,,0,0,OP_cg0113,1,7,0,1,7,0.7689,-14.01,1,0,0,0,0,0,0,,,,0,0,0,0,,,5,0,0,,0,
1048,0.611950,cg3315,malR,cg0119,ureD,0,sampled_negative,unknown,0,0,0,0,0,,,0,0,0,0,,0,0,OP_cg0113,1,7,0,1,7,0.7689,-14.01,1,0,0,0,0,0,0,,,,0,0,0,0,,,5,0,0,,0,
1049,0.611259,cg0051,cg0051,cg0053,cg0053,1,curated_positive,A,1,0,0,0,0,,predicted,0.05,0,0,0,CoryneRegNet,1,1,OP_cg0052,1,3,0,1,4,0.9469,-15.59,1,0,0,0,0,0,0,,,,0,0,0,0,,,5,0,0,,0,
1050,0.611259,cg0444,cg0444,cg0053,cg0053,1,curated_positive,R,0,1,0,0,0,,predicted,0.2,0,1,1,CoryneRegNet,1,1,OP_cg0052,1,3,0,1,4,0.9469,-15.59,1,0,0,0,0,0,0,,,,0,0,0,0,,,5,0,0,,0,
1051,0.611259,cg2894,cg2894,cg0053,cg0053,0,sampled_negative,unknown,0,0,0,0,0,,,0,0,0,0,,0,0,OP_cg0052,1,3,0,1,4,0.9469,-15.59,1,0,0,0,0,0,0,,,,0,0,0,0,,,5,0,0,,0,
1052,0.611259,cg3373,cg3373,cg0053,cg0053,0,sampled_negative,unknown,0,0,0,0,0,,,0,0,0,0,,0,0,OP_cg0052,1,3,0,1,4,0.9469,-15.59,1,0,0,0,0,0,0,,,,0,0,0,0,,,5,0,0,,0,
1053,0.610357,cg0646,cg0646,cg0638,cg0638,1,curated_positive,R,0,1,0,0,0,,predicted,0.2,0,1,1,CoryneRegNet,1,1,OP_cg0640,1,4,0,1,15,0.9324,-22.61,0,0,0,0,0,0,0,,,,0,0,0,0,,,5,0,0,,0,
1054,0.610357,cg2115,cg2115,cg0638,cg0638,1,curated_positive,R,0,1,0,0,0,,predicted,0.05,0,0,0,CoryneRegNet,1,1,OP_cg0640,1,4,0,1,15,0.9324,-22.61,0,0,0,0,0,0,0,,,,0,0,0,0,,,5,0,0,,0,
1055,0.610357,cg3352,cg3352,cg0638,cg0638,1,curated_positive,A,1,0,0,0,0,,predicted,0.05,0,0,0,CoryneRegNet,1,1,OP_cg0640,1,4,0,1,15,0.9324,-22.61,0,0,0,0,0,0,0,,,,0,0,0,0,,,5,0,0,,0,
1056,0.610357,cg1935,gntR2,cg0638,cg0638,0,sampled_negative,unknown,0,0,0,0,0,,,0,0,0,0,,0,0,OP_cg0640,1,4,0,1,15,0.9324,-22.61,0,0,0,0,0,0,0,,,,0,0,0,0,,,5,0,0,,0,
1057,0.610054,cg2092,sigA,cg0921,cg0921,1,curated_positive,A,1,0,0,0,0,,experimental,0.75,1,1,1,CoryneRegNet,1,1,OP_cg0922,1,2,0,1,4,0.9223,-6.7,1,0,0,0,0,0,0,,,,0,0,0,0,,,5,0,0,,0,
1058,0.610054,cg2103,dtxR,cg0921,cg0921,1,curated_positive,R,0,1,0,0,0,,experimental,0.75,1,1,1,CoryneRegNet,1,1,OP_cg0922,1,2,0,1,4,0.9223,-6.7,1,0,0,0,0,0,0,,,,0,0,0,0,,,5,0,0,,0,
1059,0.609121,cg0444,cg0444,cg0950,fkpA,1,curated_positive,R,0,1,0,0,0,,predicted,0.2,0,1,1,CoryneRegNet,1,1,OP_cg0949,1,2,0,1,15,0.8841,-13.91,0,0,0,0,0,0,0,,,,0,0,0,0,,,5,0,0,,0,
1060,0.609047,cg2092,sigA,cg1409,pfkA,1,curated_positive,A,1,0,0,0,0,,experimental,0.75,1,1,1,CoryneRegNet,1,1,,0,0,0,1,1,0.001872,-21.5,3,0,0,0,0,0,0,,,,0,0,0,0,,,5,0,0,,0,
1061,0.609047,cg2102,sigB,cg1409,pfkA,1,curated_positive,unknown,0,0,1,0,0,,predicted,0.2,0,1,1,CoryneRegNet,1,1,,0,0,0,1,1,0.001872,-21.5,3,0,0,0,0,0,0,,,,0,0,0,0,,,5,0,0,,0,
1062,0.609047,cg2115,cg2115,cg1409,pfkA,1,curated_positive,R,0,1,0,0,0,,experimental,0.75,1,1,1,CoryneRegNet,1,1,,0,0,0,1,1,0.001872,-21.5,3,0,0,0,0,0,0,,,,0,0,0,0,,,5,0,0,,0,
1063,0.609047,cg2831,cg2831,cg1409,pfkA,1,curated_positive,R,0,1,0,0,0,,experimental,0.75,1,1,1,CoryneRegNet,1,1,,0,0,0,1,1,0.001872,-21.5,3,0,0,0,0,0,0,,,,0,0,0,0,,,5,0,0,,0,
1064,0.609047,cg1861,rel(relA),cg1409,pfkA,0,sampled_negative,unknown,0,0,0,0,0,,,0,0,0,0,,0,0,,0,0,0,1,1,0.001872,-21.5,3,0,0,0,0,0,0,,,,0,0,0,0,,,5,0,0,,0,
1065,0.609047,cg0444,ramB,cg1409,pfkA,0,sampled_negative,unknown,0,0,0,0,0,,,0,0,0,0,,0,0,,0,0,0,1,1,0.001872,-21.5,3,0,0,0,0,0,0,,,,0,0,0,0,,,5,0,0,,0,
1066,0.607610,cg2092,sigA,cg2612,cg2612,1,curated_positive,A,1,0,0,0,0,,experimental,0.75,1,1,1,CoryneRegNet,1,1,,0,0,0,1,7,0.5079,-16.36,3,0,0,0,0,0,0,,,,0,0,0,0,,,5,0,0,,0,
1067,0.607610,cg2831,cg2831,cg2612,cg2612,1,curated_positive,R,0,1,0,0,0,,predicted,0.05,0,0,0,CoryneRegNet,1,1,,0,0,0,1,7,0.5079,-16.36,3,0,0,0,0,0,0,,,,0,0,0,0,,,5,0,0,,0,
1068,0.607610,cg0696,sigD,cg2612,cg2612,0,sampled_negative,unknown,0,0,0,0,0,,,0,0,0,0,,0,0,,0,0,0,1,7,0.5079,-16.36,3,0,0,0,0,0,0,,,,0,0,0,0,,,5,0,0,,0,
1069,0.607493,cg2092,sigA,cg1410,cg1410,1,curated_positive,A,1,0,0,0,0,,experimental,0.75,1,1,1,CoryneRegNet,1,1,OP_cg1410,1,5,0,1,4,0.4106,-14.49,2,0,0,0,0,0,0,,,,0,0,0,0,,,5,0,0,,0,
1070,0.607493,cg2200,cgtR8,cg1410,rbsR,0,sampled_negative,unknown,0,0,0,0,0,,,0,0,0,0,,0,0,OP_cg1410,1,5,0,1,4,0.4106,-14.49,2,0,0,0,0,0,0,,,,0,0,0,0,,,5,0,0,,0,
1071,0.607052,cg2092,sigA,cg0527,cg0527,1,curated_positive,A,1,0,0,0,0,,experimental,0.75,1,1,1,CoryneRegNet,1,1,,0,0,0,1,13,0.9394,-12.89,0,0,0,0,0,0,0,,,,0,0,0,0,,,5,0,0,,0,
1072,0.603678,cg0156,cg0156,cg3375,cg3375,1,curated_positive,A,1,0,0,0,0,,predicted,0.2,0,1,1,CoryneRegNet,1,1,OP_cg3372,1,4,0,1,6,0.9416,-11.09,1,0,0,0,0,0,0,,,,0,0,0,0,,,5,0,0,,0,
1073,0.603678,cg2092,sigA,cg3375,cg3375,1,curated_positive,A,1,0,0,0,0,,experimental,0.75,1,1,1,CoryneRegNet,1,1,OP_cg3372,1,4,0,1,6,0.9416,-11.09,1,0,0,0,0,0,0,,,,0,0,0,0,,,5,0,0,,0,
1074,0.603678,cg3253,mcbR,cg3375,cg3375,1,curated_positive,R,0,1,0,0,0,,predicted,0.2,0,1,1,CoryneRegNet,1,1,OP_cg3372,1,4,0,1,6,0.9416,-11.09,1,0,0,0,0,0,0,,,,0,0,0,0,,,5,0,0,,0,
1075,0.603678,cg2268,cg2268,cg3375,cg3375,0,sampled_negative,unknown,0,0,0,0,0,,,0,0,0,0,,0,0,OP_cg3372,1,4,0,1,6,0.9416,-11.09,1,0,0,0,0,0,0,,,,0,0,0,0,,,5,0,0,,0,
1076,0.603678,cg1792,whiA,cg3375,cg3375,0,sampled_negative,unknown,0,0,0,0,0,,,0,0,0,0,,0,0,OP_cg3372,1,4,0,1,6,0.9416,-11.09,1,0,0,0,0,0,0,,,,0,0,0,0,,,5,0,0,,0,
1077,0.602734,cg2092,sigA,cg1151,ssiE,1,curated_positive,A,1,0,0,0,0,,experimental,0.75,1,1,1,CoryneRegNet,1,1,OP_cg1151,1,3,0,1,1,0.942,-13.13,2,0,0,0,0,0,0,,,,0,0,0,0,,,5,0,0,,0,
1078,0.602507,cg0343,cg0343,cg0345,cg0345,1,curated_positive,R,0,1,0,0,0,,experimental,0.75,1,1,1,CoryneRegNet,1,1,OP_cg0344,1,4,0,1,5,0.8748,-20.4,3,0,0,0,0,0,0,,,,0,0,0,0,,,5,0,0,,0,
1079,0.602507,cg0350,cg0350,cg0345,cg0345,1,curated_positive,R,0,1,0,0,0,,predicted,0.2,0,1,1,CoryneRegNet,1,1,OP_cg0344,1,4,0,1,5,0.8748,-20.4,3,0,0,0,0,0,0,,,,0,0,0,0,,,5,0,0,,0,
1080,0.602507,cg2109,oxyR,cg0345,phdC,0,sampled_negative,unknown,0,0,0,0,0,,,0,0,0,0,,0,0,OP_cg0344,1,4,0,1,5,0.8748,-20.4,3,0,0,0,0,0,0,,,,0,0,0,0,,,5,0,0,,0,
1081,0.601296,cg2092,sigA,cg2560,aceA,1,curated_positive,A,1,0,0,0,0,,experimental,0.75,1,1,1,CoryneRegNet,1,1,,0,0,0,1,8,0.2,-15.75,1,0,0,0,0,0,0,,,,0,0,0,0,,,5,0,0,,0,
1082,0.600852,cg2092,sigA,cg0755,metY,1,curated_positive,A,1,0,0,0,0,,experimental,0.75,1,1,1,CoryneRegNet,1,1,,0,0,0,1,2,0.9187,-16.33,3,0,0,0,0,0,0,,,,0,0,0,0,,,5,0,0,,0,
1083,0.600545,cg2092,sigA,cg2149,cg2149,1,curated_positive,A,1,0,0,0,0,,experimental,0.75,1,1,1,CoryneRegNet,1,1,OP_cg2147,1,3,0,1,1,0.5399,-9.79,1,0,0,0,0,0,0,,,,0,0,0,0,,,5,0,0,,0,
1084,0.600545,cg2309,cg2309,cg2149,cg2149,1,curated_positive,R,0,1,0,0,0,,experimental + predicted,0.75,1,1,2,CoryneRegNet,1,1,OP_cg2147,1,3,0,1,1,0.5399,-9.79,1,0,0,0,0,0,0,,,,0,0,0,0,,,5,0,0,,0,
1085,0.600545,cg1053,cg1053,cg2149,cg2149,0,sampled_negative,unknown,0,0,0,0,0,,,0,0,0,0,,0,0,OP_cg2147,1,3,0,1,1,0.5399,-9.79,1,0,0,0,0,0,0,,,,0,0,0,0,,,5,0,0,,0,
1086,0.598355,cg2092,sigA,cg2437,thrC,1,curated_positive,A,1,0,0,0,0,,experimental,0.75,1,1,1,CoryneRegNet,1,1,,0,0,0,1,3,0.5169,-18.52,1,0,0,0,0,0,0,,,,0,0,0,0,,,5,0,0,,0,
1087,0.597013,cg2092,sigA,cg1012,cg1012,1,curated_positive,A,1,0,0,0,0,,experimental,0.75,1,1,1,CoryneRegNet,1,1,OP_cg1010,1,3,0,1,11,0.9394,-13.11,0,0,0,0,0,0,0,,,,0,0,0,0,,,5,0,0,,0,
1088,0.594728,cg2092,sigA,cg1269,glgC,1,curated_positive,A,1,0,0,0,0,,experimental,0.75,1,1,1,CoryneRegNet,1,1,,0,0,0,1,4,0.2168,-15.74,2,0,0,0,0,0,0,,,,0,0,0,0,,,5,0,0,,0,
1089,0.594728,cg2831,cg2831,cg1269,glgC,1,curated_positive,A,1,0,0,0,0,,experimental,0.75,1,1,1,CoryneRegNet,1,1,,0,0,0,1,4,0.2168,-15.74,2,0,0,0,0,0,0,,,,0,0,0,0,,,5,0,0,,0,
1090,0.594728,cg3420,sigM,cg1269,cg1269,0,sampled_negative,unknown,0,0,0,0,0,,,0,0,0,0,,0,0,,0,0,0,1,4,0.2168,-15.74,2,0,0,0,0,0,0,,,,0,0,0,0,,,5,0,0,,0,
1091,0.594728,cg2115,sugR,cg1269,cg1269,0,sampled_negative,unknown,0,0,0,0,0,,,0,0,0,0,,0,0,,0,0,0,1,4,0.2168,-15.74,2,0,0,0,0,0,0,,,,0,0,0,0,,,5,0,0,,0,
1092,0.594310,cg0350,cg0350,cg1340,cg1340,1,curated_positive,R,0,1,0,0,0,,experimental,0.75,1,1,2,CoryneRegNet,1,1,,0,0,0,1,1,0,-47.92,4,0,0,0,0,0,0,,,,0,0,0,0,,,5,0,0,,0,
1093,0.594310,cg1120,cg1120,cg1340,cg1340,1,curated_positive,R,0,1,0,0,0,,predicted,0.2,0,1,2,CoryneRegNet,1,1,,0,0,0,1,1,0,-47.92,4,0,0,0,0,0,0,,,,0,0,0,0,,,5,0,0,,0,
1094,0.594310,cg2092,sigA,cg1340,cg1340,1,curated_positive,A,1,0,0,0,0,,experimental,0.75,1,1,1,CoryneRegNet,1,1,,0,0,0,1,1,0,-47.92,4,0,0,0,0,0,0,,,,0,0,0,0,,,5,0,0,,0,
1095,0.594310,cg0646,cg0646,cg1340,arnR,0,sampled_negative,unknown,0,0,0,0,0,,,0,0,0,0,,0,0,,0,0,0,1,1,0,-47.92,4,0,0,0,0,0,0,,,,0,0,0,0,,,5,0,0,,0,
1096,0.594265,cg0350,glxR,cg3339,merA,0,sampled_negative,unknown,0,0,0,0,0,,,0,0,0,0,,0,0,,0,0,0,1,10,0.5628,-16.05,2,0,0,0,0,0,0,,,,0,0,0,0,,,5,0,0,,0,
1097,0.594131,cg2936,cg2936,cg2933,nanE,1,curated_positive,R,0,1,0,0,0,,experimental,0.75,1,1,1,CoryneRegNet,1,1,OP_cg2932,1,2,0,1,2,0.8773,-11.16,1,0,0,0,0,0,0,,,,0,0,0,0,,,5,0,0,,0,
1098,0.594131,cg1120,ripA,cg2933,nanE,0,sampled_negative,unknown,0,0,0,0,0,,,0,0,0,0,,0,0,OP_cg2932,1,2,0,1,2,0.8773,-11.16,1,0,0,0,0,0,0,,,,0,0,0,0,,,5,0,0,,0,
1099,0.593676,cg0709,cgtR7,cg3100,dnaK,1,curated_positive,A,1,0,0,0,0,,experimental,0.75,1,1,1,CoryneRegNet,1,1,OP_cg3100,1,4,0,1,1,0,-182.55,2,0,0,0,0,0,0,,,,0,0,0,0,,,5,0,0,,0,
1100,0.593676,cg0876,sigH,cg3100,dnaK,1,curated_positive,unknown,0,0,1,0,0,,experimental + predicted,0.75,1,1,4,CoryneRegNet,1,1,OP_cg3100,1,4,0,1,1,0,-182.55,2,0,0,0,0,0,0,,,,0,0,0,0,,,5,0,0,,0,
1101,0.593676,cg2092,sigA,cg3100,dnaK,1,curated_positive,A,1,0,0,0,0,,experimental,0.75,1,1,1,CoryneRegNet,1,1,OP_cg3100,1,4,0,1,1,0,-182.55,2,0,0,0,0,0,0,,,,0,0,0,0,,,5,0,0,,0,
1102,0.593676,cg1792,whiA,cg3100,dnaK,0,sampled_negative,unknown,0,0,0,0,0,,,0,0,0,0,,0,0,OP_cg3100,1,4,0,1,1,0,-182.55,2,0,0,0,0,0,0,,,,0,0,0,0,,,5,0,0,,0,
1103,0.592629,cg0196,cg0196,cg0198,cg0198,1,curated_positive,R,0,1,0,0,0,,experimental,0.75,1,1,1,CoryneRegNet,1,1,OP_cg0197,1,8,0,1,6,0.5229,-15.44,2,0,0,0,0,0,0,,,,0,0,0,0,,,5,0,0,,0,
1104,0.592629,cg0350,cg0350,cg0198,cg0198,1,curated_positive,R,0,1,0,0,0,,experimental,0.75,1,1,1,CoryneRegNet,1,1,OP_cg0197,1,8,0,1,6,0.5229,-15.44,2,0,0,0,0,0,0,,,,0,0,0,0,,,5,0,0,,0,
1105,0.592629,cg2118,fruR,cg0198,cg0198,0,sampled_negative,unknown,0,0,0,0,0,,,0,0,0,0,,0,0,OP_cg0197,1,8,0,1,6,0.5229,-15.44,2,0,0,0,0,0,0,,,,0,0,0,0,,,5,0,0,,0,
1106,0.591710,cg2092,sigA,cg0754,metX,1,curated_positive,A,1,0,0,0,0,,experimental,0.75,1,1,1,CoryneRegNet,1,1,,0,0,0,1,2,0.05436,-21.08,1,0,0,0,0,0,0,,,,0,0,0,0,,,5,0,0,,0,
1107,0.589705,cg2092,sigA,cg1547,ccpA1,1,curated_positive,A,1,0,0,0,0,,experimental,0.75,1,1,1,CoryneRegNet,1,1,OP_cg1547,1,4,0,1,6,0.503,-18.26,2,0,0,0,0,0,0,,,,0,0,0,0,,,5,0,0,,0,
1108,0.589705,cg0317,arsR2,cg1547,ccpA1(uriR),0,sampled_negative,unknown,0,0,0,0,0,,,0,0,0,0,,0,0,OP_cg1547,1,4,0,1,6,0.503,-18.26,2,0,0,0,0,0,0,,,,0,0,0,0,,,5,0,0,,0,
1109,0.589705,cg0350,glxR,cg1547,ccpA1(uriR),0,sampled_negative,unknown,0,0,0,0,0,,,0,0,0,0,,0,0,OP_cg1547,1,4,0,1,6,0.503,-18.26,2,0,0,0,0,0,0,,,,0,0,0,0,,,5,0,0,,0,
1110,0.589267,cg1486,cg1486,cg3364,trpA,1,curated_positive,R,0,1,0,0,0,,experimental,0.75,1,1,1,CoryneRegNet,1,1,OP_cg3359,1,6,0,1,4,0.9224,-15.21,2,0,0,0,0,0,0,,,,0,0,0,0,,,5,0,0,,0,
1111,0.589267,cg3202,farR,cg3364,trpA,0,sampled_negative,unknown,0,0,0,0,0,,,0,0,0,0,,0,0,OP_cg3359,1,6,0,1,4,0.9224,-15.21,2,0,0,0,0,0,0,,,,0,0,0,0,,,5,0,0,,0,
1112,0.585973,cg2092,sigA,cg1806,metK,1,curated_positive,A,1,0,0,0,0,,experimental,0.75,1,1,1,CoryneRegNet,1,1,OP_cg1807,1,3,0,1,14,0.9385,-13.74,0,0,0,0,0,0,0,,,,0,0,0,0,,,5,0,0,,0,
1113,0.585973,cg1211,oasR,cg1806,metK,0,sampled_negative,unknown,0,0,0,0,0,,,0,0,0,0,,0,0,OP_cg1807,1,3,0,1,14,0.9385,-13.74,0,0,0,0,0,0,0,,,,0,0,0,0,,,5,0,0,,0,
1114,0.585160,cg2114,lexA,cg1881,cg1881,1,curated_positive,R,0,1,0,0,0,,experimental,0.75,1,1,1,CoryneRegNet,1,1,OP_cg1884,1,3,0,1,8,0.7237,-16.36,1,0,0,0,0,0,0,,,,0,0,0,0,,,5,0,0,,0,
1115,0.585160,cg2500,znR,cg1881,cg1881,0,sampled_negative,unknown,0,0,0,0,0,,,0,0,0,0,,0,0,OP_cg1884,1,3,0,1,8,0.7237,-16.36,1,0,0,0,0,0,0,,,,0,0,0,0,,,5,0,0,,0,
1116,0.584532,cg0696,sigD,cg1052,cmt3,1,curated_positive,A,1,0,0,0,0,,experimental,0.75,1,1,1,CoryneRegNet,1,1,,0,0,0,1,7,0.5849,-13.62,2,0,0,0,0,0,0,,,,0,0,0,0,,,5,0,0,,0,
1117,0.584532,cg2615,vanR,cg1052,cmt3,0,sampled_negative,unknown,0,0,0,0,0,,,0,0,0,0,,0,0,,0,0,0,1,7,0.5849,-13.62,2,0,0,0,0,0,0,,,,0,0,0,0,,,5,0,0,,0,
1118,0.584154,cg3388,cg3388,cg3385,catA3,1,curated_positive,A,1,0,0,0,0,,predicted,0.2,0,1,1,CoryneRegNet,1,1,OP_cg3387,1,3,0,1,9,0.9378,-16.58,1,0,0,0,0,0,0,,,,0,0,0,0,,,5,0,0,,0,
1119,0.579747,cg0862,mtrA,cg0134,cg0134,1,curated_positive,A,1,0,0,0,0,,experimental,0.75,1,1,1,CoryneRegNet,1,1,OP_cg0133,1,2,0,1,2,0.6311,-11.45,2,0,0,0,0,0,0,,,,0,0,0,0,,,5,0,0,,0,
1120,0.579643,cg0350,cg0350,cg2120,ptsF,1,curated_positive,R,0,1,0,0,0,,predicted,0.2,0,1,1,CoryneRegNet,1,1,OP_cg2118,1,3,0,1,5,0.4394,-18.56,2,0,0,0,0,0,0,,,,0,0,0,0,,,5,0,0,,0,
1121,0.579643,cg2092,sigA,cg2120,ptsF,1,curated_positive,A,1,0,0,0,0,,experimental,0.75,1,1,1,CoryneRegNet,1,1,OP_cg2118,1,3,0,1,5,0.4394,-18.56,2,0,0,0,0,0,0,,,,0,0,0,0,,,5,0,0,,0,
1122,0.579643,cg2115,cg2115,cg2120,ptsF,1,curated_positive,R,0,1,0,0,0,,experimental,0.75,1,1,2,CoryneRegNet,1,1,OP_cg2118,1,3,0,1,5,0.4394,-18.56,2,0,0,0,0,0,0,,,,0,0,0,0,,,5,0,0,,0,
1123,0.579643,cg3224,cg3224,cg2120,ptsF,1,curated_positive,R,0,1,0,0,0,,experimental,0.75,1,1,1,CoryneRegNet,1,1,OP_cg2118,1,3,0,1,5,0.4394,-18.56,2,0,0,0,0,0,0,,,,0,0,0,0,,,5,0,0,,0,
1124,0.579643,cg2103,dtxR,cg2120,ptsF,0,sampled_negative,unknown,0,0,0,0,0,,,0,0,0,0,,0,0,OP_cg2118,1,3,0,1,5,0.4394,-18.56,2,0,0,0,0,0,0,,,,0,0,0,0,,,5,0,0,,0,
1125,0.579643,cg2268,cg2268,cg2120,ptsF,0,sampled_negative,unknown,0,0,0,0,0,,,0,0,0,0,,0,0,OP_cg2118,1,3,0,1,5,0.4394,-18.56,2,0,0,0,0,0,0,,,,0,0,0,0,,,5,0,0,,0,
1126,0.578967,cg2114,lexA,cg2140,recX,1,curated_positive,R,0,1,0,0,0,,experimental,0.75,1,1,1,CoryneRegNet,1,1,OP_cg2141,1,2,0,1,2,0.5294,-21.52,2,0,0,0,0,0,0,,,,0,0,0,0,,,5,0,0,,0,
1127,0.577869,cg2092,sigA,cg2502,fur,1,curated_positive,A,1,0,0,0,0,,experimental,0.75,1,1,1,CoryneRegNet,1,1,OP_cg2500,1,2,0,1,2,0.9387,-18.11,2,0,0,0,0,0,0,,,,0,0,0,0,,,5,0,0,,0,
1128,0.576237,cg2894,cg2894,cg1865,secF,0,sampled_negative,unknown,0,0,0,0,0,,,0,0,0,0,,0,0,OP_cg1867,1,2,0,1,3,0.1468,-17.47,3,0,0,0,0,0,0,,,,0,0,0,0,,,5,0,0,,0,
1129,0.576237,cg1084,cgtR10,cg1865,secF,0,sampled_negative,unknown,0,0,0,0,0,,,0,0,0,0,,0,0,OP_cg1867,1,2,0,1,3,0.1468,-17.47,3,0,0,0,0,0,0,,,,0,0,0,0,,,5,0,0,,0,
1130,0.573948,cg2092,sigA,cg3226,cg3226,1,curated_positive,A,1,0,0,0,0,,experimental,0.75,1,1,1,CoryneRegNet,1,1,OP_cg3226,1,2,0,1,12,0.9676,-15.89,0,0,0,0,0,0,0,,,,0,0,0,0,,,5,0,0,,0,
1131,0.573948,cg2831,cg2831,cg3226,cg3226,1,curated_positive,R,0,1,0,0,0,,experimental,0.75,1,1,1,CoryneRegNet,1,1,OP_cg3226,1,2,0,1,12,0.9676,-15.89,0,0,0,0,0,0,0,,,,0,0,0,0,,,5,0,0,,0,
1132,0.573948,cg3224,cg3224,cg3226,cg3226,1,curated_positive,R,0,1,0,0,0,,experimental,0.75,1,1,2,CoryneRegNet,1,1,OP_cg3226,1,2,0,1,12,0.9676,-15.89,0,0,0,0,0,0,0,,,,0,0,0,0,,,5,0,0,,0,
1133,0.573948,cg0112,ureR,cg3226,cg3226,0,sampled_negative,unknown,0,0,0,0,0,,,0,0,0,0,,0,0,OP_cg3226,1,2,0,1,12,0.9676,-15.89,0,0,0,0,0,0,0,,,,0,0,0,0,,,5,0,0,,0,
1134,0.573948,cg2118,fruR,cg3226,cg3226,0,sampled_negative,unknown,0,0,0,0,0,,,0,0,0,0,,0,0,OP_cg3226,1,2,0,1,12,0.9676,-15.89,0,0,0,0,0,0,0,,,,0,0,0,0,,,5,0,0,,0,
1135,0.573569,cg0709,cgtR7,cg2812,cg2812,1,curated_positive,A,1,0,0,0,0,,experimental,0.75,1,1,1,CoryneRegNet,1,1,OP_cg2812,1,2,0,1,14,0.4174,-15.65,0,0,0,0,0,0,0,,,,0,0,0,0,,,5,0,0,,0,
1136,0.573569,cg1218,nrtR,cg2812,cg2812,0,sampled_negative,unknown,0,0,0,0,0,,,0,0,0,0,,0,0,OP_cg2812,1,2,0,1,14,0.4174,-15.65,0,0,0,0,0,0,0,,,,0,0,0,0,,,5,0,0,,0,
1137,0.572989,cg1486,cg1486,cg3363,trpB,1,curated_positive,R,0,1,0,0,0,,experimental,0.75,1,1,1,CoryneRegNet,1,1,OP_cg3359,1,6,0,1,8,0.9515,-18.81,1,0,0,0,0,0,0,,,,0,0,0,0,,,5,0,0,,0,
1138,0.572065,cg0696,sigD,cg0607,cg0607,1,curated_positive,A,1,0,0,0,0,,experimental,0.75,1,1,1,CoryneRegNet,1,1,,0,0,0,1,3,0.2199,-18.66,2,0,0,0,0,0,0,,,,0,0,0,0,,,5,0,0,,0,
1139,0.572065,cg1861,rel(relA),cg0607,cg0607,0,sampled_negative,unknown,0,0,0,0,0,,,0,0,0,0,,0,0,,0,0,0,1,3,0.2199,-18.66,2,0,0,0,0,0,0,,,,0,0,0,0,,,5,0,0,,0,
1140,0.571439,cg2092,sigA,cg0147,xylB,1,curated_positive,A,1,0,0,0,0,,experimental,0.75,1,1,1,CoryneRegNet,1,1,OP_cg0146,1,2,0,1,4,0.911,-17.52,2,0,0,0,0,0,0,,,,0,0,0,0,,,5,0,0,,0,
1141,0.570320,cg2114,lexA,cg1870,ruvA,1,curated_positive,R,0,1,0,0,0,,experimental,0.75,1,1,1,CoryneRegNet,1,1,OP_cg1871,1,3,0,1,8,0.9591,-23.47,2,0,0,0,0,0,0,,,,0,0,0,0,,,5,0,0,,0,
1142,0.570320,cg2894,cg2894,cg1870,ruvA,0,sampled_negative,unknown,0,0,0,0,0,,,0,0,0,0,,0,0,OP_cg1871,1,3,0,1,8,0.9591,-23.47,2,0,0,0,0,0,0,,,,0,0,0,0,,,5,0,0,,0,
1143,0.569106,cg0051,cg0051,cg0052,cg0052,1,curated_positive,A,1,0,0,0,0,,predicted,0.05,0,0,0,CoryneRegNet,1,1,OP_cg0052,1,3,0,1,7,0.527,-19.59,1,0,0,0,0,0,0,,,,0,0,0,0,,,5,0,0,,0,
1144,0.569106,cg2624,pcaR,cg0052,cg0052,0,sampled_negative,unknown,0,0,0,0,0,,,0,0,0,0,,0,0,OP_cg0052,1,3,0,1,7,0.527,-19.59,1,0,0,0,0,0,0,,,,0,0,0,0,,,5,0,0,,0,
1145,0.568078,cg1585,argR,cg1813,carB,1,curated_positive,R,0,1,0,0,0,,predicted,0.05,0,0,0,CoryneRegNet,1,1,OP_cg1814,1,2,0,1,3,0.1453,-22.98,3,0,0,0,0,0,0,,,,0,0,0,0,,,5,0,0,,0,
1146,0.565299,cg2114,lexA,cg0714,cg0714,1,curated_positive,R,0,1,0,0,0,,experimental,0.75,1,1,1,CoryneRegNet,1,1,OP_cg0713,1,2,0,1,3,0.9376,-17.5,4,0,0,0,0,0,0,,,,0,0,0,0,,,5,0,0,,0,
1147,0.565299,cg1308,rhcR,cg0714,dtxR,0,sampled_negative,unknown,0,0,0,0,0,,,0,0,0,0,,0,0,OP_cg0713,1,2,0,1,3,0.9376,-17.5,4,0,0,0,0,0,0,,,,0,0,0,0,,,5,0,0,,0,
1148,0.564946,cg2092,sigA,cg2929,nagA1,1,curated_positive,A,1,0,0,0,0,,experimental,0.75,1,1,1,CoryneRegNet,1,1,OP_cg2929,1,3,0,1,10,0.3583,-19.38,1,0,0,0,0,0,0,,,,0,0,0,0,,,5,0,0,,0,
1149,0.564946,cg2936,cg2936,cg2929,nagA1,1,curated_positive,R,0,1,0,0,0,,experimental,0.75,1,1,1,CoryneRegNet,1,1,OP_cg2929,1,3,0,1,10,0.3583,-19.38,1,0,0,0,0,0,0,,,,0,0,0,0,,,5,0,0,,0,
1150,0.564946,cg2783,cg2783,cg2929,nagA1,0,sampled_negative,unknown,0,0,0,0,0,,,0,0,0,0,,0,0,OP_cg2929,1,3,0,1,10,0.3583,-19.38,1,0,0,0,0,0,0,,,,0,0,0,0,,,5,0,0,,0,
1151,0.564452,cg1410,cg1410,cg1543,iunH3,1,curated_positive,R,0,1,0,0,0,,experimental,0.75,1,1,1,CoryneRegNet,1,1,OP_cg1547,1,4,0,1,5,0.9412,-14.26,1,0,0,0,0,0,0,,,,0,0,0,0,,,5,0,0,,0,
1152,0.564452,cg2092,sigA,cg1543,iunH3,1,curated_positive,A,1,0,0,0,0,,experimental,0.75,1,1,1,CoryneRegNet,1,1,OP_cg1547,1,4,0,1,5,0.9412,-14.26,1,0,0,0,0,0,0,,,,0,0,0,0,,,5,0,0,,0,
1153,0.564452,cg0444,ramB,cg1543,iunH3,0,sampled_negative,unknown,0,0,0,0,0,,,0,0,0,0,,0,0,OP_cg1547,1,4,0,1,5,0.9412,-14.26,1,0,0,0,0,0,0,,,,0,0,0,0,,,5,0,0,,0,
1154,0.564452,cg2624,pcaR,cg1543,iunH3,0,sampled_negative,unknown,0,0,0,0,0,,,0,0,0,0,,0,0,OP_cg1547,1,4,0,1,5,0.9412,-14.26,1,0,0,0,0,0,0,,,,0,0,0,0,,,5,0,0,,0,
1155,0.562923,cg2092,sigA,cg2800,pgm,1,curated_positive,A,1,0,0,0,0,,experimental,0.75,1,1,1,CoryneRegNet,1,1,,0,0,0,1,6,0.926,-5.74,1,0,0,0,0,0,0,,,,0,0,0,0,,,5,0,0,,0,
1156,0.560149,cg0696,sigD,cg3177,pccB,1,curated_positive,A,1,0,0,0,0,,predicted,0.2,0,1,1,CoryneRegNet,1,1,OP_cg3178,1,2,0,1,2,0.01785,-21.26,1,0,0,0,0,0,0,,,,0,0,0,0,,,5,0,0,,0,
1157,0.558528,cg0350,cg0350,cg0568,cg0568,1,curated_positive,R,0,1,0,0,0,,experimental,0.75,1,1,1,CoryneRegNet,1,1,,0,0,0,1,13,0.6413,-14.18,0,0,0,0,0,0,0,,,,0,0,0,0,,,5,0,0,,0,
1158,0.558528,cg0565,cg0565,cg0568,cg0568,1,curated_positive,R,0,1,0,0,0,,predicted,0.05,0,0,0,CoryneRegNet,1,1,,0,0,0,1,13,0.6413,-14.18,0,0,0,0,0,0,0,,,,0,0,0,0,,,5,0,0,,0,
1159,0.558528,cg0527,glyR,cg0568,cg0568,0,sampled_negative,unknown,0,0,0,0,0,,,0,0,0,0,,0,0,,0,0,0,1,13,0.6413,-14.18,0,0,0,0,0,0,0,,,,0,0,0,0,,,5,0,0,,0,
1160,0.557746,cg0309,sigC,cg1300,cydB,1,curated_positive,A,1,0,0,0,0,,experimental,0.75,1,1,1,CoryneRegNet,1,1,OP_cg1301,1,4,0,1,2,0.5965,-18.25,3,0,0,0,0,0,0,,,,0,0,0,0,,,5,0,0,,0,
1161,0.557746,cg2109,oxyR,cg1300,cydB,1,curated_positive,R,0,1,0,0,0,,experimental,0.75,1,1,1,CoryneRegNet,1,1,OP_cg1301,1,4,0,1,2,0.5965,-18.25,3,0,0,0,0,0,0,,,,0,0,0,0,,,5,0,0,,0,
1162,0.557746,cg2516,hrcA,cg1300,cydB,0,sampled_negative,unknown,0,0,0,0,0,,,0,0,0,0,,0,0,OP_cg1301,1,4,0,1,2,0.5965,-18.25,3,0,0,0,0,0,0,,,,0,0,0,0,,,5,0,0,,0,
1163,0.552792,cg0986,amtR,cg2183,cg2183,1,curated_positive,R,0,1,0,0,0,,experimental,0.75,1,1,3,CoryneRegNet,1,1,OP_cg2181,1,4,0,1,4,0.9103,-13.17,1,0,0,0,0,0,0,,,,0,0,0,0,,,5,0,0,,0,
1164,0.552792,cg1552,qorR,cg2183,cg2183,0,sampled_negative,unknown,0,0,0,0,0,,,0,0,0,0,,0,0,OP_cg2181,1,4,0,1,4,0.9103,-13.17,1,0,0,0,0,0,0,,,,0,0,0,0,,,5,0,0,,0,
1165,0.552343,cg0876,sigH,cg0497,hemA,1,curated_positive,unknown,0,0,1,0,0,,experimental,0.75,1,1,2,CoryneRegNet,1,1,OP_cg0497,1,2,0,1,9,0.7446,-14.57,1,0,0,0,0,0,0,,,,0,0,0,0,,,5,0,0,,0,
1166,0.552343,cg3247,cgtR11,cg0497,hemA,1,curated_positive,R,0,1,0,0,0,,experimental,0.75,1,1,1,CoryneRegNet,1,1,OP_cg0497,1,2,0,1,9,0.7446,-14.57,1,0,0,0,0,0,0,,,,0,0,0,0,,,5,0,0,,0,
1167,0.552343,cg2500,znR,cg0497,hemA,0,sampled_negative,unknown,0,0,0,0,0,,,0,0,0,0,,0,0,OP_cg0497,1,2,0,1,9,0.7446,-14.57,1,0,0,0,0,0,0,,,,0,0,0,0,,,5,0,0,,0,
1168,0.551542,cg0876,sigH,cg2963,clpC,1,curated_positive,unknown,0,0,1,0,0,,experimental,0.75,1,1,2,CoryneRegNet,1,1,,0,0,0,1,1,0.4607,-13.37,3,0,0,0,0,0,0,,,,0,0,0,0,,,5,0,0,,0,
1169,0.551542,cg2092,sigA,cg2963,clpC,1,curated_positive,A,1,0,0,0,0,,experimental,0.75,1,1,1,CoryneRegNet,1,1,,0,0,0,1,1,0.4607,-13.37,3,0,0,0,0,0,0,,,,0,0,0,0,,,5,0,0,,0,
1170,0.549797,cg2092,sigA,cg0676,cg0676,1,curated_positive,A,1,0,0,0,0,,experimental,0.75,1,1,1,CoryneRegNet,1,1,OP_cg0676,1,3,0,1,2,0.1332,-18.3,2,0,0,0,0,0,0,,,,0,0,0,0,,,5,0,0,,0,
1171,0.547499,cg2936,cg2936,cg2940,cg2940,1,curated_positive,R,0,1,0,0,0,,experimental,0.75,1,1,1,CoryneRegNet,1,1,OP_cg2939,1,2,0,1,15,0.583,-12.35,0,0,0,0,0,0,0,,,,0,0,0,0,,,5,0,0,,0,
1172,0.547071,cg0350,cg0350,cg2643,benE,1,curated_positive,R,0,1,0,0,0,,predicted,0.2,0,1,1,CoryneRegNet,1,1,OP_cg2642,1,2,0,1,5,0.1242,-17.22,2,0,0,0,0,0,0,,,,0,0,0,0,,,5,0,0,,0,
1173,0.547071,cg2641,cg2641,cg2643,benE,1,curated_positive,A,1,0,0,0,0,,predicted,0.05,0,0,0,CoryneRegNet,1,1,OP_cg2642,1,2,0,1,5,0.1242,-17.22,2,0,0,0,0,0,0,,,,0,0,0,0,,,5,0,0,,0,
1174,0.545834,cg3247,cgtR11,cg2201,cg2201,1,curated_positive,R,0,1,0,0,0,,predicted,0.2,0,1,1,CoryneRegNet,1,1,OP_cg2201,1,2,0,1,2,0.9515,-22.16,3,0,0,0,0,0,0,,,,0,0,0,0,,,5,0,0,,0,
1175,0.545834,cg1648,cg1648,cg2201,cg2201,0,sampled_negative,unknown,0,0,0,0,0,,,0,0,0,0,,0,0,OP_cg2201,1,2,0,1,2,0.9515,-22.16,3,0,0,0,0,0,0,,,,0,0,0,0,,,5,0,0,,0,
1176,0.545611,cg0350,cg0350,cg1225,benK3,1,curated_positive,R,0,1,0,0,0,,predicted,0.2,0,1,1,CoryneRegNet,1,1,OP_cg1226,1,2,0,1,10,0.5695,-12.6,1,0,0,0,0,0,0,,,,0,0,0,0,,,5,0,0,,0,
1177,0.545611,cg2624,pcaR,cg1225,benK3,1,curated_positive,R,0,1,0,0,0,,predicted,0.2,0,1,1,CoryneRegNet,1,1,OP_cg1226,1,2,0,1,10,0.5695,-12.6,1,0,0,0,0,0,0,,,,0,0,0,0,,,5,0,0,,0,
1178,0.545611,cg2627,cg2627,cg1225,benK3,1,curated_positive,A,1,0,0,0,0,,predicted,0.05,0,0,0,CoryneRegNet,1,1,OP_cg1226,1,2,0,1,10,0.5695,-12.6,1,0,0,0,0,0,0,,,,0,0,0,0,,,5,0,0,,0,
1179,0.545611,cg2737,cg2737,cg1225,benK3,0,sampled_negative,unknown,0,0,0,0,0,,,0,0,0,0,,0,0,OP_cg1226,1,2,0,1,10,0.5695,-12.6,1,0,0,0,0,0,0,,,,0,0,0,0,,,5,0,0,,0,
1180,0.545133,cg0862,mtrA,cg2787,nrdI,1,curated_positive,A,1,0,0,0,0,,experimental,0.75,1,1,1,CoryneRegNet,1,1,OP_cg2789,1,3,0,1,8,0.8936,-12.14,1,0,0,0,0,0,0,,,,0,0,0,0,,,5,0,0,,0,
1181,0.545133,cg2112,cg2112,cg2787,nrdI,1,curated_positive,R,0,1,0,0,0,,predicted,0.2,0,1,1,CoryneRegNet,1,1,OP_cg2789,1,3,0,1,8,0.8936,-12.14,1,0,0,0,0,0,0,,,,0,0,0,0,,,5,0,0,,0,
1182,0.545133,cg0196,iolR,cg2787,nrdI,0,sampled_negative,unknown,0,0,0,0,0,,,0,0,0,0,,0,0,OP_cg2789,1,3,0,1,8,0.8936,-12.14,1,0,0,0,0,0,0,,,,0,0,0,0,,,5,0,0,,0,
1183,0.545133,cg2200,cgtR8,cg2787,nrdI,0,sampled_negative,unknown,0,0,0,0,0,,,0,0,0,0,,0,0,OP_cg2789,1,3,0,1,8,0.8936,-12.14,1,0,0,0,0,0,0,,,,0,0,0,0,,,5,0,0,,0,
1184,0.545133,cg1846,cssR,cg2787,nrdI,0,sampled_negative,unknown,0,0,0,0,0,,,0,0,0,0,,0,0,OP_cg2789,1,3,0,1,8,0.8936,-12.14,1,0,0,0,0,0,0,,,,0,0,0,0,,,5,0,0,,0,
1185,0.545049,cg0350,cg0350,cg1140,cg1140,1,curated_positive,R,0,1,0,0,0,,predicted,0.2,0,1,1,CoryneRegNet,1,1,OP_cg1142,1,4,0,1,5,0.9519,-19.44,1,0,0,0,0,0,0,,,,0,0,0,0,,,5,0,0,,0,
1186,0.544499,cg2092,sigA,cg1487,leuC,1,curated_positive,A,1,0,0,0,0,,experimental,0.75,1,1,1,CoryneRegNet,1,1,OP_cg1487,1,2,0,1,10,0.4295,-15.36,1,0,0,0,0,0,0,,,,0,0,0,0,,,5,0,0,,0,
1187,0.544499,cg0741,sirR(mntR),cg1487,leuC,0,sampled_negative,unknown,0,0,0,0,0,,,0,0,0,0,,0,0,OP_cg1487,1,2,0,1,10,0.4295,-15.36,1,0,0,0,0,0,0,,,,0,0,0,0,,,5,0,0,,0,
1188,0.543471,cg0696,sigD,cg0486,cg0486,1,curated_positive,A,1,0,0,0,0,,experimental,0.75,1,1,1,CoryneRegNet,1,1,,0,0,0,1,8,0.9177,-8.2,1,0,0,0,0,0,0,,,,0,0,0,0,,,5,0,0,,0,
1189,0.540976,cg1648,cg1648,cg2355,dinP,0,sampled_negative,unknown,0,0,0,0,0,,,0,0,0,0,,0,0,,0,0,0,1,7,0.8007,-11.2,2,0,0,0,0,0,0,,,,0,0,0,0,,,5,0,0,,0,
1190,0.540393,cg0878,whiB1,cg0337,whiB4,1,curated_positive,A,1,0,0,0,0,,predicted,0.2,0,1,1,CoryneRegNet,1,1,,0,0,0,1,3,0.5122,-14.82,1,0,0,0,0,0,0,,,,0,0,0,0,,,5,0,0,,0,
1191,0.540393,cg0741,sirR(mntR),cg0337,whiB4(whcA),0,sampled_negative,unknown,0,0,0,0,0,,,0,0,0,0,,0,0,,0,0,0,1,3,0.5122,-14.82,1,0,0,0,0,0,0,,,,0,0,0,0,,,5,0,0,,0,
1192,0.540261,cg0696,sigD,cg0532,cg0532,1,curated_positive,A,1,0,0,0,0,,experimental,0.75,1,1,1,CoryneRegNet,1,1,,0,0,0,1,2,0.8996,-18.31,4,0,0,0,0,0,0,,,,0,0,0,0,,,5,0,0,,0,
1193,0.540261,cg3315,malR,cg0532,cg0532,0,sampled_negative,unknown,0,0,0,0,0,,,0,0,0,0,,0,0,,0,0,0,1,2,0.8996,-18.31,4,0,0,0,0,0,0,,,,0,0,0,0,,,5,0,0,,0,
1194,0.539206,cg0500,cg0500,cg0502,cg0502,1,curated_positive,A,1,0,0,0,0,,experimental,0.75,1,1,2,CoryneRegNet,1,1,OP_cg0502,1,3,0,1,14,0.9397,-15.48,0,0,0,0,0,0,0,,,,0,0,0,0,,,5,0,0,,0,
1195,0.539206,cg2888,cgtR3(phoR),cg0502,cg0502,0,sampled_negative,unknown,0,0,0,0,0,,,0,0,0,0,,0,0,OP_cg0502,1,3,0,1,14,0.9397,-15.48,0,0,0,0,0,0,0,,,,0,0,0,0,,,5,0,0,,0,
1196,0.538944,cg2092,sigA,cg2846,pstS,1,curated_positive,A,1,0,0,0,0,,experimental,0.75,1,1,1,CoryneRegNet,1,1,OP_cg2846,1,4,0,1,2,0.02495,-21.03,2,0,0,0,0,0,0,,,,0,0,0,0,,,5,0,0,,0,
1197,0.538943,cg1861,rel,cg2114,lexA,1,curated_positive,A,1,0,0,0,0,,predicted,0.2,0,1,1,CoryneRegNet,1,1,,0,0,0,1,3,0.932,-9.75,6,0,0,0,0,0,0,,,,0,0,0,0,,,5,0,0,,0,
1198,0.538943,cg2092,sigA,cg2114,lexA,1,curated_positive,A,1,0,0,0,0,,experimental,0.75,1,1,1,CoryneRegNet,1,1,,0,0,0,1,3,0.932,-9.75,6,0,0,0,0,0,0,,,,0,0,0,0,,,5,0,0,,0,
1199,0.538496,cg2103,dtxR,cg0675,mrsA,0,sampled_negative,unknown,0,0,0,0,0,,,0,0,0,0,,0,0,,0,0,0,1,6,0.7602,-22.2,2,0,0,0,0,0,0,,,,0,0,0,0,,,5,0,0,,0,
1200,0.536744,cg0709,cgtR7,cg0451,cg0451,1,curated_positive,A,1,0,0,0,0,,experimental,0.75,1,1,1,CoryneRegNet,1,1,OP_cg0451,1,3,0,1,6,0.918,-17.36,1,0,0,0,0,0,0,,,,0,0,0,0,,,5,0,0,,0,
1201,0.536744,cg1792,whiA,cg0451,cg0451,0,sampled_negative,unknown,0,0,0,0,0,,,0,0,0,0,,0,0,OP_cg0451,1,3,0,1,6,0.918,-17.36,1,0,0,0,0,0,0,,,,0,0,0,0,,,5,0,0,,0,
1202,0.536333,cg2092,sigA,cg2365,cg2365,1,curated_positive,A,1,0,0,0,0,,experimental,0.75,1,1,1,CoryneRegNet,1,1,OP_cg2366,1,4,0,1,2,0.9223,-8.23,3,0,0,0,0,0,0,,,,0,0,0,0,,,5,0,0,,0,
1203,0.536333,cg1704,cg1704,cg2365,cg2365,0,sampled_negative,unknown,0,0,0,0,0,,,0,0,0,0,,0,0,OP_cg2366,1,4,0,1,2,0.9223,-8.23,3,0,0,0,0,0,0,,,,0,0,0,0,,,5,0,0,,0,
1204,0.534957,cg1410,cg1410,cg1545,cg1545,1,curated_positive,R,0,1,0,0,0,,experimental,0.75,1,1,1,CoryneRegNet,1,1,OP_cg1547,1,4,0,1,6,0.9357,-19.44,1,0,0,0,0,0,0,,,,0,0,0,0,,,5,0,0,,0,
1205,0.534957,cg2092,sigA,cg1545,cg1545,1,curated_positive,A,1,0,0,0,0,,experimental,0.75,1,1,1,CoryneRegNet,1,1,OP_cg1547,1,4,0,1,6,0.9357,-19.44,1,0,0,0,0,0,0,,,,0,0,0,0,,,5,0,0,,0,
1206,0.534957,cg1032,cg1032,cg1545,cg1545,0,sampled_negative,unknown,0,0,0,0,0,,,0,0,0,0,,0,0,OP_cg1547,1,4,0,1,6,0.9357,-19.44,1,0,0,0,0,0,0,,,,0,0,0,0,,,5,0,0,,0,
1207,0.534957,cg1486,ltbR,cg1545,cg1545,0,sampled_negative,unknown,0,0,0,0,0,,,0,0,0,0,,0,0,OP_cg1547,1,4,0,1,6,0.9357,-19.44,1,0,0,0,0,0,0,,,,0,0,0,0,,,5,0,0,,0,
1208,0.534473,cg0350,cg0350,cg0760,prpB2,1,curated_positive,R,0,1,0,0,0,,experimental,0.75,1,1,1,CoryneRegNet,1,1,OP_cg0759,1,3,0,1,14,0.8244,-14.24,0,0,0,0,0,0,0,,,,0,0,0,0,,,5,0,0,,0,
1209,0.534473,cg0800,cg0800,cg0760,prpB2,1,curated_positive,A,1,0,0,0,0,,experimental,0.75,1,1,2,CoryneRegNet,1,1,OP_cg0759,1,3,0,1,14,0.8244,-14.24,0,0,0,0,0,0,0,,,,0,0,0,0,,,5,0,0,,0,
1210,0.534473,cg2092,sigA,cg0760,prpB2,1,curated_positive,A,1,0,0,0,0,,experimental,0.75,1,1,1,CoryneRegNet,1,1,OP_cg0759,1,3,0,1,14,0.8244,-14.24,0,0,0,0,0,0,0,,,,0,0,0,0,,,5,0,0,,0,
1211,0.534473,cg2831,cg2831,cg0760,prpB2,1,curated_positive,A,1,0,0,0,0,,experimental,0.75,1,1,1,CoryneRegNet,1,1,OP_cg0759,1,3,0,1,14,0.8244,-14.24,0,0,0,0,0,0,0,,,,0,0,0,0,,,5,0,0,,0,
1212,0.534473,cg3315,malR,cg0760,prpB2,0,sampled_negative,unknown,0,0,0,0,0,,,0,0,0,0,,0,0,OP_cg0759,1,3,0,1,14,0.8244,-14.24,0,0,0,0,0,0,0,,,,0,0,0,0,,,5,0,0,,0,
1213,0.534473,cg0051,cg0051,cg0760,prpB2,0,sampled_negative,unknown,0,0,0,0,0,,,0,0,0,0,,0,0,OP_cg0759,1,3,0,1,14,0.8244,-14.24,0,0,0,0,0,0,0,,,,0,0,0,0,,,5,0,0,,0,
1214,0.533803,cg2092,sigA,cg0445,sdhCD,1,curated_positive,A,1,0,0,0,0,,experimental,0.75,1,1,1,CoryneRegNet,1,1,OP_cg0445,1,5,0,1,3,0.3369,-22.87,1,0,0,0,0,0,0,,,,0,0,0,0,,,5,0,0,,0,
1215,0.533803,cg1704,cg1704,cg0445,sdhCD,0,sampled_negative,unknown,0,0,0,0,0,,,0,0,0,0,,0,0,OP_cg0445,1,5,0,1,3,0.3369,-22.87,1,0,0,0,0,0,0,,,,0,0,0,0,,,5,0,0,,0,
1216,0.533803,cg1308,rhcR,cg0445,sdhCD,0,sampled_negative,unknown,0,0,0,0,0,,,0,0,0,0,,0,0,OP_cg0445,1,5,0,1,3,0.3369,-22.87,1,0,0,0,0,0,0,,,,0,0,0,0,,,5,0,0,,0,
1217,0.533601,cg0196,cg0196,cg0207,cg0207,1,curated_positive,R,0,1,0,0,0,,experimental,0.75,1,1,1,CoryneRegNet,1,1,,0,0,0,1,3,0.5324,-15.63,3,0,0,0,0,0,0,,,,0,0,0,0,,,5,0,0,,0,
1218,0.533601,cg1831,cg1831,cg0207,cg0207,0,sampled_negative,unknown,0,0,0,0,0,,,0,0,0,0,,0,0,,0,0,0,1,3,0.5324,-15.63,3,0,0,0,0,0,0,,,,0,0,0,0,,,5,0,0,,0,
1219,0.533601,cg1585,argR,cg0207,cg0207,0,sampled_negative,unknown,0,0,0,0,0,,,0,0,0,0,,0,0,,0,0,0,1,3,0.5324,-15.63,3,0,0,0,0,0,0,,,,0,0,0,0,,,5,0,0,,0,
1220,0.531989,cg0156,cg0156,cg3372,cg3372,1,curated_positive,A,1,0,0,0,0,,predicted,0.2,0,1,1,CoryneRegNet,1,1,OP_cg3372,1,4,0,1,6,0.9397,-17.33,1,0,0,0,0,0,0,,,,0,0,0,0,,,5,0,0,,0,
1221,0.531989,cg2092,sigA,cg3372,cg3372,1,curated_positive,A,1,0,0,0,0,,experimental,0.75,1,1,1,CoryneRegNet,1,1,OP_cg3372,1,4,0,1,6,0.9397,-17.33,1,0,0,0,0,0,0,,,,0,0,0,0,,,5,0,0,,0,
1222,0.531989,cg3082,cg3082,cg3372,cg3372,0,sampled_negative,unknown,0,0,0,0,0,,,0,0,0,0,,0,0,OP_cg3372,1,4,0,1,6,0.9397,-17.33,1,0,0,0,0,0,0,,,,0,0,0,0,,,5,0,0,,0,
1223,0.531989,cg1032,cg1032,cg3372,cg3372,0,sampled_negative,unknown,0,0,0,0,0,,,0,0,0,0,,0,0,OP_cg3372,1,4,0,1,6,0.9397,-17.33,1,0,0,0,0,0,0,,,,0,0,0,0,,,5,0,0,,0,
1224,0.531989,cg1648,cg1648,cg3372,cg3372,0,sampled_negative,unknown,0,0,0,0,0,,,0,0,0,0,,0,0,OP_cg3372,1,4,0,1,6,0.9397,-17.33,1,0,0,0,0,0,0,,,,0,0,0,0,,,5,0,0,,0,
1225,0.531989,cg1084,cgtR10,cg3372,cg3372,0,sampled_negative,unknown,0,0,0,0,0,,,0,0,0,0,,0,0,OP_cg3372,1,4,0,1,6,0.9397,-17.33,1,0,0,0,0,0,0,,,,0,0,0,0,,,5,0,0,,0,
1226,0.531327,cg2092,sigA,cg1458,cg1458,1,curated_positive,A,1,0,0,0,0,,experimental,0.75,1,1,1,CoryneRegNet,1,1,OP_cg1458,1,2,0,1,12,0.9234,-14.31,0,0,0,0,0,0,0,,,,0,0,0,0,,,5,0,0,,0,
1227,0.530187,cg0350,cg0350,cg1066,cg1066,1,curated_positive,R,0,1,0,0,0,,predicted,0.2,0,1,2,CoryneRegNet,1,1,OP_cg1061,1,5,0,1,3,0.1844,-21.21,8,0,0,0,0,0,0,,,,0,0,0,0,,,5,0,0,,0,
1228,0.530187,cg0986,amtR,cg1066,cg1066,1,curated_positive,R,0,1,0,0,0,,experimental,0.75,1,1,4,CoryneRegNet,1,1,OP_cg1061,1,5,0,1,3,0.1844,-21.21,8,0,0,0,0,0,0,,,,0,0,0,0,,,5,0,0,,0,
1229,0.530187,cg2737,cg2737,cg1066,cg1066,0,sampled_negative,unknown,0,0,0,0,0,,,0,0,0,0,,0,0,OP_cg1061,1,5,0,1,3,0.1844,-21.21,8,0,0,0,0,0,0,,,,0,0,0,0,,,5,0,0,,0,
1230,0.528386,cg2092,sigA,cg0679,cg0679,1,curated_positive,A,1,0,0,0,0,,experimental,0.75,1,1,1,CoryneRegNet,1,1,OP_cg0676,1,3,0,1,5,0.1023,-17.45,2,0,0,0,0,0,0,,,,0,0,0,0,,,5,0,0,,0,
1231,0.526228,cg0646,cg0646,cg0639,cg0639,1,curated_positive,R,0,1,0,0,0,,predicted,0.2,0,1,1,CoryneRegNet,1,1,OP_cg0640,1,4,0,1,1,0.9591,-9.64,2,0,0,0,0,0,0,,,,0,0,0,0,,,5,0,0,,0,
1232,0.526228,cg2115,cg2115,cg0639,cg0639,1,curated_positive,R,0,1,0,0,0,,predicted,0.05,0,0,0,CoryneRegNet,1,1,OP_cg0640,1,4,0,1,1,0.9591,-9.64,2,0,0,0,0,0,0,,,,0,0,0,0,,,5,0,0,,0,
1233,0.526228,cg3352,cg3352,cg0639,cg0639,1,curated_positive,A,1,0,0,0,0,,predicted,0.05,0,0,0,CoryneRegNet,1,1,OP_cg0640,1,4,0,1,1,0.9591,-9.64,2,0,0,0,0,0,0,,,,0,0,0,0,,,5,0,0,,0,
1234,0.526228,cg0156,cysR,cg0639,cg0639,0,sampled_negative,unknown,0,0,0,0,0,,,0,0,0,0,,0,0,OP_cg0640,1,4,0,1,1,0.9591,-9.64,2,0,0,0,0,0,0,,,,0,0,0,0,,,5,0,0,,0,
1235,0.526228,cg1547,ccpA1(uriR),cg0639,cg0639,0,sampled_negative,unknown,0,0,0,0,0,,,0,0,0,0,,0,0,OP_cg0640,1,4,0,1,1,0.9591,-9.64,2,0,0,0,0,0,0,,,,0,0,0,0,,,5,0,0,,0,
1236,0.524864,cg0350,cg0350,cg1437,ilvC,1,curated_positive,R,0,1,0,0,0,,predicted,0.2,0,1,2,CoryneRegNet,1,1,OP_cg1435,1,3,0,1,5,0.4183,-13.53,3,0,0,0,0,0,0,,,,0,0,0,0,,,5,0,0,,0,
1237,0.524864,cg0876,sigH,cg1437,ilvC,1,curated_positive,unknown,0,0,1,0,0,,predicted,0.05,0,0,0,CoryneRegNet,1,1,OP_cg1435,1,3,0,1,5,0.4183,-13.53,3,0,0,0,0,0,0,,,,0,0,0,0,,,5,0,0,,0,
1238,0.524864,cg2092,sigA,cg1437,ilvC,1,curated_positive,A,1,0,0,0,0,,experimental,0.75,1,1,1,CoryneRegNet,1,1,OP_cg1435,1,3,0,1,5,0.4183,-13.53,3,0,0,0,0,0,0,,,,0,0,0,0,,,5,0,0,,0,
1239,0.524864,cg0012,ssuR,cg1437,ilvC,0,sampled_negative,unknown,0,0,0,0,0,,,0,0,0,0,,0,0,OP_cg1435,1,3,0,1,5,0.4183,-13.53,3,0,0,0,0,0,0,,,,0,0,0,0,,,5,0,0,,0,
1240,0.524541,cg0350,cg0350,cg0797,prpB1,1,curated_positive,R,0,1,0,0,0,,predicted,0.2,0,1,2,CoryneRegNet,1,1,OP_cg0796,1,3,0,1,10,0.3979,-16.36,1,0,0,0,0,0,0,,,,0,0,0,0,,,5,0,0,,0,
1241,0.523706,cg0709,cgtR7,cg3098,dnaJ,1,curated_positive,A,1,0,0,0,0,,experimental,0.75,1,1,1,CoryneRegNet,1,1,OP_cg3100,1,4,0,1,1,0,-56.15,2,0,0,0,0,0,0,,,,0,0,0,0,,,5,0,0,,0,
1242,0.523706,cg0876,sigH,cg3098,dnaJ,1,curated_positive,unknown,0,0,1,0,0,,predicted,0.2,0,1,1,CoryneRegNet,1,1,OP_cg3100,1,4,0,1,1,0,-56.15,2,0,0,0,0,0,0,,,,0,0,0,0,,,5,0,0,,0,
1243,0.523706,cg2092,sigA,cg3098,dnaJ,1,curated_positive,A,1,0,0,0,0,,experimental,0.75,1,1,1,CoryneRegNet,1,1,OP_cg3100,1,4,0,1,1,0,-56.15,2,0,0,0,0,0,0,,,,0,0,0,0,,,5,0,0,,0,
1244,0.523706,cg0702,cg0702,cg3098,dnaJ,0,sampled_negative,unknown,0,0,0,0,0,,,0,0,0,0,,0,0,OP_cg3100,1,4,0,1,1,0,-56.15,2,0,0,0,0,0,0,,,,0,0,0,0,,,5,0,0,,0,
1245,0.523706,cg1935,gntR2,cg3098,dnaJ,0,sampled_negative,unknown,0,0,0,0,0,,,0,0,0,0,,0,0,OP_cg3100,1,4,0,1,1,0,-56.15,2,0,0,0,0,0,0,,,,0,0,0,0,,,5,0,0,,0,
1246,0.522331,cg0876,sigH,cg0561,secE,1,curated_positive,unknown,0,0,1,0,0,,experimental,0.75,1,1,1,CoryneRegNet,1,1,,0,0,0,1,9,0.7221,-8.84,2,0,0,0,0,0,0,,,,0,0,0,0,,,5,0,0,,0,
1247,0.522331,cg2092,sigA,cg0561,secE,1,curated_positive,A,1,0,0,0,0,,experimental,0.75,1,1,1,CoryneRegNet,1,1,,0,0,0,1,9,0.7221,-8.84,2,0,0,0,0,0,0,,,,0,0,0,0,,,5,0,0,,0,
1248,0.522331,cg0051,cg0051,cg0561,secE,0,sampled_negative,unknown,0,0,0,0,0,,,0,0,0,0,,0,0,,0,0,0,1,9,0.7221,-8.84,2,0,0,0,0,0,0,,,,0,0,0,0,,,5,0,0,,0,
1249,0.522133,cg0309,sigC,cg2406,ctaE,1,curated_positive,A,1,0,0,0,0,,experimental,0.75,1,1,1,CoryneRegNet,1,1,OP_cg2406,1,4,0,1,9,0.4719,-12.01,2,0,0,0,0,0,0,,,,0,0,0,0,,,5,0,0,,0,
1250,0.522133,cg3247,cgtR11,cg2406,ctaE,1,curated_positive,A,1,0,0,0,0,,experimental,0.75,1,1,1,CoryneRegNet,1,1,OP_cg2406,1,4,0,1,9,0.4719,-12.01,2,0,0,0,0,0,0,,,,0,0,0,0,,,5,0,0,,0,
1251,0.522133,cg0337,whiB4(whcA),cg2406,ctaE,0,sampled_negative,unknown,0,0,0,0,0,,,0,0,0,0,,0,0,OP_cg2406,1,4,0,1,9,0.4719,-12.01,2,0,0,0,0,0,0,,,,0,0,0,0,,,5,0,0,,0,
1252,0.521748,cg0709,cgtR7,cg3099,grpE,1,curated_positive,A,1,0,0,0,0,,experimental,0.75,1,1,1,CoryneRegNet,1,1,OP_cg3100,1,4,0,1,2,0.6281,-16.22,1,0,0,0,0,0,0,,,,0,0,0,0,,,5,0,0,,0,
1253,0.521748,cg0876,sigH,cg3099,grpE,1,curated_positive,unknown,0,0,1,0,0,,predicted,0.2,0,1,1,CoryneRegNet,1,1,OP_cg3100,1,4,0,1,2,0.6281,-16.22,1,0,0,0,0,0,0,,,,0,0,0,0,,,5,0,0,,0,
1254,0.521748,cg2092,sigA,cg3099,grpE,1,curated_positive,A,1,0,0,0,0,,experimental,0.75,1,1,1,CoryneRegNet,1,1,OP_cg3100,1,4,0,1,2,0.6281,-16.22,1,0,0,0,0,0,0,,,,0,0,0,0,,,5,0,0,,0,
1255,0.521748,cg3247,cgtR11(hrrA),cg3099,grpE,0,sampled_negative,unknown,0,0,0,0,0,,,0,0,0,0,,0,0,OP_cg3100,1,4,0,1,2,0.6281,-16.22,1,0,0,0,0,0,0,,,,0,0,0,0,,,5,0,0,,0,
1256,0.521748,cg0646,cg0646,cg3099,grpE,0,sampled_negative,unknown,0,0,0,0,0,,,0,0,0,0,,0,0,OP_cg3100,1,4,0,1,2,0.6281,-16.22,1,0,0,0,0,0,0,,,,0,0,0,0,,,5,0,0,,0,
1257,0.521186,cg2092,sigA,cg1791,gap,1,curated_positive,A,1,0,0,0,0,,experimental,0.75,1,1,1,CoryneRegNet,1,1,,0,0,0,1,1,0.005371,-16.88,3,0,0,0,0,0,0,,,,0,0,0,0,,,5,0,0,,0,
1258,0.521186,cg2102,sigB,cg1791,gap,1,curated_positive,unknown,0,0,1,0,0,,predicted,0.2,0,1,1,CoryneRegNet,1,1,,0,0,0,1,1,0.005371,-16.88,3,0,0,0,0,0,0,,,,0,0,0,0,,,5,0,0,,0,
1259,0.521186,cg2115,cg2115,cg1791,gap,1,curated_positive,R,0,1,0,0,0,,experimental,0.75,1,1,1,CoryneRegNet,1,1,,0,0,0,1,1,0.005371,-16.88,3,0,0,0,0,0,0,,,,0,0,0,0,,,5,0,0,,0,
1260,0.521007,cg2092,sigA,cg2383,metF,1,curated_positive,A,1,0,0,0,0,,experimental,0.75,1,1,1,CoryneRegNet,1,1,,0,0,0,1,3,0.4183,-13.09,2,0,0,0,0,0,0,,,,0,0,0,0,,,5,0,0,,0,
1261,0.520164,cg0696,sigD,cg3182,cop1,1,curated_positive,A,1,0,0,0,0,,experimental,0.75,1,1,1,CoryneRegNet,1,1,,0,0,0,1,6,0.7288,-10.24,1,0,0,0,0,0,0,,,,0,0,0,0,,,5,0,0,,0,
1262,0.520164,cg0897,pdxR,cg3182,cop1,0,sampled_negative,unknown,0,0,0,0,0,,,0,0,0,0,,0,0,,0,0,0,1,6,0.7288,-10.24,1,0,0,0,0,0,0,,,,0,0,0,0,,,5,0,0,,0,
1263,0.520135,cg2092,sigA,cg2117,ptsI,1,curated_positive,A,1,0,0,0,0,,experimental,0.75,1,1,1,CoryneRegNet,1,1,,0,0,0,1,4,0.5776,-15.36,3,0,0,0,0,0,0,,,,0,0,0,0,,,5,0,0,,0,
1264,0.520135,cg2115,cg2115,cg2117,ptsI,1,curated_positive,R,0,1,0,0,0,,experimental,0.75,1,1,3,CoryneRegNet,1,1,,0,0,0,1,4,0.5776,-15.36,3,0,0,0,0,0,0,,,,0,0,0,0,,,5,0,0,,0,
1265,0.520135,cg2118,cg2118,cg2117,ptsI,1,curated_positive,R,0,1,0,0,0,,experimental,0.75,1,1,1,CoryneRegNet,1,1,,0,0,0,1,4,0.5776,-15.36,3,0,0,0,0,0,0,,,,0,0,0,0,,,5,0,0,,0,
1266,0.520135,cg0156,cysR,cg2117,ptsI,0,sampled_negative,unknown,0,0,0,0,0,,,0,0,0,0,,0,0,,0,0,0,1,4,0.5776,-15.36,3,0,0,0,0,0,0,,,,0,0,0,0,,,5,0,0,,0,
1267,0.519642,cg2092,sigA,cg2500,cg2500,1,curated_positive,A,1,0,0,0,0,,experimental,0.75,1,1,1,CoryneRegNet,1,1,OP_cg2500,1,2,0,1,9,0.3846,-19.34,2,0,0,0,0,0,0,,,,0,0,0,0,,,5,0,0,,0,
1268,0.519139,cg0986,amtR,cg1647,cg1647,1,curated_positive,R,0,1,0,0,0,,predicted,0.05,0,0,0,CoryneRegNet,1,1,OP_cg1646,1,2,0,1,7,0.3639,-18.65,1,0,0,0,0,0,0,,,,0,0,0,0,,,5,0,0,,0,
1269,0.518743,cg2109,oxyR,cg1294,cg1294,1,curated_positive,R,0,1,0,0,0,,experimental,0.75,1,1,1,CoryneRegNet,1,1,,0,0,0,1,1,0.001149,-21.57,7,0,0,0,0,0,0,,,,0,0,0,0,,,5,0,0,,0,
1270,0.518743,cg0527,glyR,cg1294,cg1294,0,sampled_negative,unknown,0,0,0,0,0,,,0,0,0,0,,0,0,,0,0,0,1,1,0.001149,-21.57,7,0,0,0,0,0,0,,,,0,0,0,0,,,5,0,0,,0,
1271,0.518700,cg1861,rel(relA),cg2615,vanR,0,sampled_negative,unknown,0,0,0,0,0,,,0,0,0,0,,0,0,,0,0,0,1,2,0.5291,-27.97,2,0,0,0,0,0,0,,,,0,0,0,0,,,5,0,0,,0,
1272,0.518620,cg0800,prpR,cg2586,proA,0,sampled_negative,unknown,0,0,0,0,0,,,0,0,0,0,,0,0,OP_cg2589,1,4,0,1,5,0.9496,-20.82,2,0,0,0,0,0,0,,,,0,0,0,0,,,5,0,0,,0,
1273,0.518049,cg0012,cg0012,cg1377,ssuC,1,curated_positive,A,1,0,0,0,0,,experimental,0.75,1,1,1,CoryneRegNet,1,1,OP_cg1376,1,4,0,0,,,,0,0,0,0,0,0,0,,,,0,0,0,0,,,8,0,0,,0,
1274,0.518049,cg0012,cg0012,cg1380,ssuA,1,curated_positive,A,1,0,0,0,0,,experimental,0.75,1,1,1,CoryneRegNet,1,1,OP_cg1376,1,4,0,0,,,,0,0,0,0,0,0,0,,,,0,0,0,0,,,8,0,0,,0,
1275,0.518049,cg0156,cg0156,cg3373,cg3373,1,curated_positive,A,1,0,0,0,0,,predicted,0.2,0,1,1,CoryneRegNet,1,1,OP_cg3372,1,4,0,0,,,,0,0,0,0,0,0,0,,,,0,0,0,0,,,8,0,0,,0,
1276,0.518049,cg0309,sigC,cg1298,cydC,1,curated_positive,A,1,0,0,0,0,,experimental,0.75,1,1,1,CoryneRegNet,1,1,OP_cg1301,1,4,0,0,,,,0,0,0,0,0,0,0,,,,0,0,0,0,,,8,0,0,,0,
1277,0.518049,cg0337,whiB4,cg1214,cg1214,1,curated_positive,R,0,1,0,0,0,,predicted,0.2,0,1,1,CoryneRegNet,1,1,OP_cg1218,1,4,0,0,,,,0,0,0,0,0,0,0,,,,0,0,0,0,,,8,0,0,,0,
1278,0.518049,cg0343,cg0343,cg0347,cg0347,1,curated_positive,R,0,1,0,0,0,,experimental,0.75,1,1,1,CoryneRegNet,1,1,OP_cg0344,1,4,0,0,,,,0,0,0,0,0,0,0,,,,0,0,0,0,,,8,0,0,,0,
1279,0.518049,cg0350,cg0350,cg0347,cg0347,1,curated_positive,R,0,1,0,0,0,,predicted,0.2,0,1,1,CoryneRegNet,1,1,OP_cg0344,1,4,0,0,,,,0,0,0,0,0,0,0,,,,0,0,0,0,,,8,0,0,,0,
1280,0.518049,cg0350,cg0350,cg1569,ugpE,1,curated_positive,R,0,1,0,0,0,,predicted,0.2,0,1,2,CoryneRegNet,1,1,OP_cg1568,1,4,0,0,,,,0,0,0,0,0,0,0,,,,0,0,0,0,,,8,0,0,,0,
1281,0.518049,cg0350,cg0350,cg2137,gluB,1,curated_positive,R,0,1,0,0,0,,predicted,0.2,0,1,1,CoryneRegNet,1,1,OP_cg2136,1,4,0,0,,,,0,0,0,0,0,0,0,,,,0,0,0,0,,,8,0,0,,0,
1282,0.518049,cg0350,cg0350,cg2639,benC,1,curated_positive,R,0,1,0,0,0,,predicted,0.2,0,1,1,CoryneRegNet,1,1,OP_cg2637,1,4,0,0,,,,0,0,0,0,0,0,0,,,,0,0,0,0,,,8,0,0,,0,
1283,0.518049,cg0350,cg0350,cg2845,pstC,1,curated_positive,A,1,0,0,0,0,,experimental + predicted,0.75,1,1,3,CoryneRegNet,1,1,OP_cg2846,1,4,0,0,,,,0,0,0,0,0,0,0,,,,0,0,0,0,,,8,0,0,,0,
1284,0.518049,cg0646,cg0646,cg0641,fabG2,1,curated_positive,R,0,1,0,0,0,,predicted,0.2,0,1,1,CoryneRegNet,1,1,OP_cg0645,1,4,0,0,,,,0,0,0,0,0,0,0,,,,0,0,0,0,,,8,0,0,,0,
1285,0.518049,cg0646,cg0646,cg0645,cytP,1,curated_positive,R,0,1,0,0,0,,predicted,0.2,0,1,1,CoryneRegNet,1,1,OP_cg0645,1,4,0,0,,,,0,0,0,0,0,0,0,,,,0,0,0,0,,,8,0,0,,0,
1286,0.518049,cg0876,sigH,cg1214,cg1214,1,curated_positive,unknown,0,0,1,0,0,,predicted,0.2,0,1,1,CoryneRegNet,1,1,OP_cg1218,1,4,0,0,,,,0,0,0,0,0,0,0,,,,0,0,0,0,,,8,0,0,,0,
1287,0.518049,cg0876,sigH,cg1569,ugpE,1,curated_positive,unknown,0,0,1,0,0,,experimental,0.75,1,1,1,CoryneRegNet,1,1,OP_cg1568,1,4,0,0,,,,0,0,0,0,0,0,0,,,,0,0,0,0,,,8,0,0,,0,
1288,0.518049,cg0986,amtR,cg2137,gluB,1,curated_positive,R,0,1,0,0,0,,experimental,0.75,1,1,4,CoryneRegNet,1,1,OP_cg2136,1,4,0,0,,,,0,0,0,0,0,0,0,,,,0,0,0,0,,,8,0,0,,0,
1289,0.518049,cg1410,cg1410,cg1546,rbsK1,1,curated_positive,R,0,1,0,0,0,,experimental,0.75,1,1,1,CoryneRegNet,1,1,OP_cg1547,1,4,0,0,,,,0,0,0,0,0,0,0,,,,0,0,0,0,,,8,0,0,,0,
1290,0.518049,cg2092,sigA,cg1377,ssuC,1,curated_positive,A,1,0,0,0,0,,experimental,0.75,1,1,1,CoryneRegNet,1,1,OP_cg1376,1,4,0,0,,,,0,0,0,0,0,0,0,,,,0,0,0,0,,,8,0,0,,0,
1291,0.518049,cg2092,sigA,cg1380,ssuA,1,curated_positive,A,1,0,0,0,0,,experimental,0.75,1,1,1,CoryneRegNet,1,1,OP_cg1376,1,4,0,0,,,,0,0,0,0,0,0,0,,,,0,0,0,0,,,8,0,0,,0,
1292,0.518049,cg2092,sigA,cg1546,rbsK1,1,curated_positive,A,1,0,0,0,0,,experimental,0.75,1,1,1,CoryneRegNet,1,1,OP_cg1547,1,4,0,0,,,,0,0,0,0,0,0,0,,,,0,0,0,0,,,8,0,0,,0,
1293,0.518049,cg2092,sigA,cg1569,ugpE,1,curated_positive,A,1,0,0,0,0,,experimental,0.75,1,1,1,CoryneRegNet,1,1,OP_cg1568,1,4,0,0,,,,0,0,0,0,0,0,0,,,,0,0,0,0,,,8,0,0,,0,
1294,0.518049,cg2092,sigA,cg2701,cg2701,1,curated_positive,A,1,0,0,0,0,,experimental,0.75,1,1,1,CoryneRegNet,1,1,OP_cg2705,1,4,0,0,,,,0,0,0,0,0,0,0,,,,0,0,0,0,,,8,0,0,,0,
1295,0.518049,cg2092,sigA,cg2845,pstC,1,curated_positive,A,1,0,0,0,0,,experimental,0.75,1,1,1,CoryneRegNet,1,1,OP_cg2846,1,4,0,0,,,,0,0,0,0,0,0,0,,,,0,0,0,0,,,8,0,0,,0,
1296,0.518049,cg2103,dtxR,cg0467,cg0467,1,curated_positive,R,0,1,0,0,0,,experimental,0.75,1,1,1,CoryneRegNet,1,1,OP_cg0466,1,4,0,0,,,,0,0,0,0,0,0,0,,,,0,0,0,0,,,8,0,0,,0,
1297,0.518049,cg2103,dtxR,cg3084,cg3084,1,curated_positive,R,0,1,0,0,0,,experimental,0.75,1,1,1,CoryneRegNet,1,1,OP_cg3082,1,4,0,0,,,,0,0,0,0,0,0,0,,,,0,0,0,0,,,8,0,0,,0,
1298,0.518049,cg2109,oxyR,cg1298,cydC,1,curated_positive,R,0,1,0,0,0,,experimental,0.75,1,1,1,CoryneRegNet,1,1,OP_cg1301,1,4,0,0,,,,0,0,0,0,0,0,0,,,,0,0,0,0,,,8,0,0,,0,
1299,0.518049,cg2115,cg2115,cg0641,fabG2,1,curated_positive,R,0,1,0,0,0,,predicted,0.05,0,0,0,CoryneRegNet,1,1,OP_cg0645,1,4,0,0,,,,0,0,0,0,0,0,0,,,,0,0,0,0,,,8,0,0,,0,
1300,0.518049,cg2115,cg2115,cg0645,cytP,1,curated_positive,R,0,1,0,0,0,,predicted,0.2,0,1,1,CoryneRegNet,1,1,OP_cg0645,1,4,0,0,,,,0,0,0,0,0,0,0,,,,0,0,0,0,,,8,0,0,,0,
1301,0.518049,cg2641,cg2641,cg2637,benA,1,curated_positive,A,1,0,0,0,0,,predicted,0.05,0,0,0,CoryneRegNet,1,1,OP_cg2637,1,4,0,0,,,,0,0,0,0,0,0,0,,,,0,0,0,0,,,8,0,0,,0,
1302,0.518049,cg2641,cg2641,cg2639,benC,1,curated_positive,A,1,0,0,0,0,,predicted,0.05,0,0,0,CoryneRegNet,1,1,OP_cg2637,1,4,0,0,,,,0,0,0,0,0,0,0,,,,0,0,0,0,,,8,0,0,,0,
1303,0.518049,cg2888,cgtR3,cg1569,ugpE,1,curated_positive,A,1,0,0,0,0,,experimental,0.75,1,1,1,CoryneRegNet,1,1,OP_cg1568,1,4,0,0,,,,0,0,0,0,0,0,0,,,,0,0,0,0,,,8,0,0,,0,
1304,0.518049,cg2888,cgtR3,cg2845,pstC,1,curated_positive,A,1,0,0,0,0,,experimental,0.75,1,1,1,CoryneRegNet,1,1,OP_cg2846,1,4,0,0,,,,0,0,0,0,0,0,0,,,,0,0,0,0,,,8,0,0,,0,
1305,0.518049,cg3253,mcbR,cg1377,ssuC,1,curated_positive,R,0,1,0,0,0,,predicted,0.2,0,1,1,CoryneRegNet,1,1,OP_cg1376,1,4,0,0,,,,0,0,0,0,0,0,0,,,,0,0,0,0,,,8,0,0,,0,
1306,0.518049,cg3253,mcbR,cg1380,ssuA,1,curated_positive,R,0,1,0,0,0,,predicted,0.2,0,1,1,CoryneRegNet,1,1,OP_cg1376,1,4,0,0,,,,0,0,0,0,0,0,0,,,,0,0,0,0,,,8,0,0,,0,
1307,0.518049,cg3253,mcbR,cg3373,cg3373,1,curated_positive,R,0,1,0,0,0,,predicted,0.2,0,1,1,CoryneRegNet,1,1,OP_cg3372,1,4,0,0,,,,0,0,0,0,0,0,0,,,,0,0,0,0,,,8,0,0,,0,
1308,0.518049,cg3352,cg3352,cg0641,fabG2,1,curated_positive,A,1,0,0,0,0,,predicted,0.05,0,0,0,CoryneRegNet,1,1,OP_cg0645,1,4,0,0,,,,0,0,0,0,0,0,0,,,,0,0,0,0,,,8,0,0,,0,
1309,0.518049,cg0741,sirR(mntR),cg3084,cg3084,0,sampled_negative,unknown,0,0,0,0,0,,,0,0,0,0,,0,0,OP_cg3082,1,4,0,0,,,,0,0,0,0,0,0,0,,,,0,0,0,0,,,8,0,0,,0,
1310,0.518049,cg1340,arnR,cg1298,cydC,0,sampled_negative,unknown,0,0,0,0,0,,,0,0,0,0,,0,0,OP_cg1301,1,4,0,0,,,,0,0,0,0,0,0,0,,,,0,0,0,0,,,8,0,0,,0,
1311,0.518049,cg0709,cgtR7(esrR),cg3084,cg3084,0,sampled_negative,unknown,0,0,0,0,0,,,0,0,0,0,,0,0,OP_cg3082,1,4,0,0,,,,0,0,0,0,0,0,0,,,,0,0,0,0,,,8,0,0,,0,
1312,0.518049,cg2092,sigA,cg2625,pcaF,0,sampled_negative,unknown,0,0,0,0,0,,,0,0,0,0,,0,0,OP_cg2624,1,4,0,0,,,,0,0,0,0,0,0,0,,,,0,0,0,0,,,8,0,0,,0,
1313,0.518049,cg0897,pdxR,cg0467,cg0467,0,sampled_negative,unknown,0,0,0,0,0,,,0,0,0,0,,0,0,OP_cg0466,1,4,0,0,,,,0,0,0,0,0,0,0,,,,0,0,0,0,,,8,0,0,,0,
1314,0.518049,cg0019,cg0019,cg1377,ssuC,0,sampled_negative,unknown,0,0,0,0,0,,,0,0,0,0,,0,0,OP_cg1376,1,4,0,0,,,,0,0,0,0,0,0,0,,,,0,0,0,0,,,8,0,0,,0,
1315,0.518049,cg1817,pyrR,cg0466,cg0466,0,sampled_negative,unknown,0,0,0,0,0,,,0,0,0,0,,0,0,OP_cg0466,1,4,0,0,,,,0,0,0,0,0,0,0,,,,0,0,0,0,,,8,0,0,,0,
1316,0.518049,cg0876,sigH,cg0551,menC,0,sampled_negative,unknown,0,0,0,0,0,,,0,0,0,0,,0,0,OP_cg0550,1,4,0,0,,,,0,0,0,0,0,0,0,,,,0,0,0,0,,,8,0,0,,0,
1317,0.518049,cg0343,phdR,cg2137,gluB,0,sampled_negative,unknown,0,0,0,0,0,,,0,0,0,0,,0,0,OP_cg2136,1,4,0,0,,,,0,0,0,0,0,0,0,,,,0,0,0,0,,,8,0,0,,0,
1318,0.518049,cg1271,sigE,cg2639,benC,0,sampled_negative,unknown,0,0,0,0,0,,,0,0,0,0,,0,0,OP_cg2637,1,4,0,0,,,,0,0,0,0,0,0,0,,,,0,0,0,0,,,8,0,0,,0,
1319,0.518049,cg2152,clgR,cg0353,nth,0,sampled_negative,unknown,0,0,0,0,0,,,0,0,0,0,,0,0,OP_cg0353,1,4,0,0,,,,0,0,0,0,0,0,0,,,,0,0,0,0,,,8,0,0,,0,
1320,0.518049,cg3315,malR,cg2414,cobT,0,sampled_negative,unknown,0,0,0,0,0,,,0,0,0,0,,0,0,OP_cg2412,1,4,0,0,,,,0,0,0,0,0,0,0,,,,0,0,0,0,,,8,0,0,,0,
1321,0.518049,cg0527,glyR,cg3413,azlC,0,sampled_negative,unknown,0,0,0,0,0,,,0,0,0,0,,0,0,OP_cg3415,1,4,0,0,,,,0,0,0,0,0,0,0,,,,0,0,0,0,,,8,0,0,,0,
1322,0.518049,cg0012,ssuR,cg2413,cobU,0,sampled_negative,unknown,0,0,0,0,0,,,0,0,0,0,,0,0,OP_cg2412,1,4,0,0,,,,0,0,0,0,0,0,0,,,,0,0,0,0,,,8,0,0,,0,
1323,0.518049,cg2831,ramA,cg0645,cytP,0,sampled_negative,unknown,0,0,0,0,0,,,0,0,0,0,,0,0,OP_cg0645,1,4,0,0,,,,0,0,0,0,0,0,0,,,,0,0,0,0,,,8,0,0,,0,
1324,0.518049,cg2500,znR,cg0645,cytP,0,sampled_negative,unknown,0,0,0,0,0,,,0,0,0,0,,0,0,OP_cg0645,1,4,0,0,,,,0,0,0,0,0,0,0,,,,0,0,0,0,,,8,0,0,,0,
1325,0.518049,cg0309,sigC,cg1766,cg1766,0,sampled_negative,unknown,0,0,0,0,0,,,0,0,0,0,,0,0,OP_cg1766,1,4,0,0,,,,0,0,0,0,0,0,0,,,,0,0,0,0,,,8,0,0,,0,
1326,0.518049,cg0696,sigD,cg2637,benA,0,sampled_negative,unknown,0,0,0,0,0,,,0,0,0,0,,0,0,OP_cg2637,1,4,0,0,,,,0,0,0,0,0,0,0,,,,0,0,0,0,,,8,0,0,,0,
1327,0.518049,cg1084,cgtR10,cg0417,capD,0,sampled_negative,unknown,0,0,0,0,0,,,0,0,0,0,,0,0,OP_cg0416,1,4,0,0,,,,0,0,0,0,0,0,0,,,,0,0,0,0,,,8,0,0,,0,
1328,0.518049,cg1817,pyrR,cg0467,cg0467,0,sampled_negative,unknown,0,0,0,0,0,,,0,0,0,0,,0,0,OP_cg0466,1,4,0,0,,,,0,0,0,0,0,0,0,,,,0,0,0,0,,,8,0,0,,0,
1329,0.518049,cg2894,cg2894,cg3426,parB,0,sampled_negative,unknown,0,0,0,0,0,,,0,0,0,0,,0,0,OP_cg3428,1,4,0,0,,,,0,0,0,0,0,0,0,,,,0,0,0,0,,,8,0,0,,0,
1330,0.518049,cg2200,cgtR8,cg1835,aroE3,0,sampled_negative,unknown,0,0,0,0,0,,,0,0,0,0,,0,0,OP_cg1838,1,4,0,0,,,,0,0,0,0,0,0,0,,,,0,0,0,0,,,8,0,0,,0,
1331,0.518049,cg0709,cgtR7(esrR),cg0417,capD,0,sampled_negative,unknown,0,0,0,0,0,,,0,0,0,0,,0,0,OP_cg0416,1,4,0,0,,,,0,0,0,0,0,0,0,,,,0,0,0,0,,,8,0,0,,0,
1332,0.518049,cg2500,znR,cg2845,pstC,0,sampled_negative,unknown,0,0,0,0,0,,,0,0,0,0,,0,0,OP_cg2846,1,4,0,0,,,,0,0,0,0,0,0,0,,,,0,0,0,0,,,8,0,0,,0,
1333,0.518049,cg0051,cg0051,cg2701,cg2701,0,sampled_negative,unknown,0,0,0,0,0,,,0,0,0,0,,0,0,OP_cg2705,1,4,0,0,,,,0,0,0,0,0,0,0,,,,0,0,0,0,,,8,0,0,,0,
1334,0.518049,cg2766,cg2766,cg1835,aroE3,0,sampled_negative,unknown,0,0,0,0,0,,,0,0,0,0,,0,0,OP_cg1838,1,4,0,0,,,,0,0,0,0,0,0,0,,,,0,0,0,0,,,8,0,0,,0,
1335,0.518049,cg3082,cg3082,cg1835,aroE3,0,sampled_negative,unknown,0,0,0,0,0,,,0,0,0,0,,0,0,OP_cg1838,1,4,0,0,,,,0,0,0,0,0,0,0,,,,0,0,0,0,,,8,0,0,,0,
1336,0.518049,cg0646,cg0646,cg2637,benA,0,sampled_negative,unknown,0,0,0,0,0,,,0,0,0,0,,0,0,OP_cg2637,1,4,0,0,,,,0,0,0,0,0,0,0,,,,0,0,0,0,,,8,0,0,,0,
1337,0.518049,cg2888,cgtR3(phoR),cg2625,pcaF,0,sampled_negative,unknown,0,0,0,0,0,,,0,0,0,0,,0,0,OP_cg2624,1,4,0,0,,,,0,0,0,0,0,0,0,,,,0,0,0,0,,,8,0,0,,0,
1338,0.518049,cg2615,vanR,cg1569,ugpE,0,sampled_negative,unknown,0,0,0,0,0,,,0,0,0,0,,0,0,OP_cg1568,1,4,0,0,,,,0,0,0,0,0,0,0,,,,0,0,0,0,,,8,0,0,,0,
1339,0.518049,cg2268,cg2268,cg1214,cg1214,0,sampled_negative,unknown,0,0,0,0,0,,,0,0,0,0,,0,0,OP_cg1218,1,4,0,0,,,,0,0,0,0,0,0,0,,,,0,0,0,0,,,8,0,0,,0,
1340,0.518049,cg0196,iolR,cg3373,cg3373,0,sampled_negative,unknown,0,0,0,0,0,,,0,0,0,0,,0,0,OP_cg3372,1,4,0,0,,,,0,0,0,0,0,0,0,,,,0,0,0,0,,,8,0,0,,0,
1341,0.516810,cg2092,sigA,cg1133,glyA,1,curated_positive,A,1,0,0,0,0,,experimental,0.75,1,1,1,CoryneRegNet,1,1,,0,0,0,1,4,0.0412,-22.31,2,0,0,0,0,0,0,,,,0,0,0,0,,,5,0,0,,0,
1342,0.514570,cg2936,cg2936,cg2938,cg2938,1,curated_positive,R,0,1,0,0,0,,experimental,0.75,1,1,1,CoryneRegNet,1,1,OP_cg2937,1,2,0,1,2,0.8734,-6.04,2,0,0,0,0,0,0,,,,0,0,0,0,,,5,0,0,,0,
1343,0.514530,cg2092,sigA,cg3048,pta,1,curated_positive,A,1,0,0,0,0,,experimental,0.75,1,1,1,CoryneRegNet,1,1,OP_cg3048,1,2,0,1,3,0.9357,-20.69,2,0,0,0,0,0,0,,,,0,0,0,0,,,5,0,0,,0,
1344,0.514530,cg2268,cg2268,cg3048,pta,0,sampled_negative,unknown,0,0,0,0,0,,,0,0,0,0,,0,0,OP_cg3048,1,2,0,1,3,0.9357,-20.69,2,0,0,0,0,0,0,,,,0,0,0,0,,,5,0,0,,0,
1345,0.514169,cg0709,cgtR7,cg0452,cg0452,1,curated_positive,A,1,0,0,0,0,,experimental,0.75,1,1,1,CoryneRegNet,1,1,OP_cg0451,1,3,0,1,1,0.002463,-25.62,2,0,0,0,0,0,0,,,,0,0,0,0,,,5,0,0,,0,
1346,0.513895,cg2103,dtxR,cg0468,cg0468,1,curated_positive,R,0,1,0,0,0,,experimental,0.75,1,1,1,CoryneRegNet,1,1,OP_cg0466,1,4,0,1,2,0.1665,-22.06,2,0,0,0,0,0,0,,,,0,0,0,0,,,5,0,0,,0,
1347,0.513895,cg1218,nrtR,cg0468,cg0468,0,sampled_negative,unknown,0,0,0,0,0,,,0,0,0,0,,0,0,OP_cg0466,1,4,0,1,2,0.1665,-22.06,2,0,0,0,0,0,0,,,,0,0,0,0,,,5,0,0,,0,
1348,0.513408,cg0696,sigD,cg3179,fadD2,1,curated_positive,A,1,0,0,0,0,,experimental,0.75,1,1,1,CoryneRegNet,1,1,,0,0,0,1,1,0.1142,-25.45,3,0,0,0,0,0,0,,,,0,0,0,0,,,5,0,0,,0,
1349,0.513408,cg2544,gntR3,cg3179,fadD2,0,sampled_negative,unknown,0,0,0,0,0,,,0,0,0,0,,0,0,,0,0,0,1,1,0.1142,-25.45,3,0,0,0,0,0,0,,,,0,0,0,0,,,5,0,0,,0,
1350,0.513263,cg0500,cg0500,cg0504,aroE,1,curated_positive,A,1,0,0,0,0,,experimental,0.75,1,1,2,CoryneRegNet,1,1,OP_cg0502,1,3,0,1,3,0.3509,-12.78,2,0,0,0,0,0,0,,,,0,0,0,0,,,5,0,0,,0,
1351,0.512987,cg2092,sigA,cg1425,lysG,1,curated_positive,A,1,0,0,0,0,,experimental,0.75,1,1,1,CoryneRegNet,1,1,,0,0,0,1,5,0.6485,-20.74,1,0,0,0,0,0,0,,,,0,0,0,0,,,5,0,0,,0,
1352,0.512658,cg0876,sigH,cg3299,trxB1,1,curated_positive,unknown,0,0,1,0,0,,experimental,0.75,1,1,1,CoryneRegNet,1,1,,0,0,0,1,9,0.1683,-17.97,1,0,0,0,0,0,0,,,,0,0,0,0,,,5,0,0,,0,
1353,0.512658,cg3420,sigM,cg3299,trxB1,1,curated_positive,unknown,0,0,1,0,0,,experimental,0.75,1,1,1,CoryneRegNet,1,1,,0,0,0,1,9,0.1683,-17.97,1,0,0,0,0,0,0,,,,0,0,0,0,,,5,0,0,,0,
1354,0.512658,cg0878,whiB1(whcE),cg3299,trxB1,0,sampled_negative,unknown,0,0,0,0,0,,,0,0,0,0,,0,0,,0,0,0,1,9,0.1683,-17.97,1,0,0,0,0,0,0,,,,0,0,0,0,,,5,0,0,,0,
1355,0.512445,cg2092,sigA,cg0306,lysC,1,curated_positive,A,1,0,0,0,0,,experimental,0.75,1,1,1,CoryneRegNet,1,1,OP_cg0306,1,2,0,1,14,0.4251,-12.85,0,0,0,0,0,0,0,,,,0,0,0,0,,,5,0,0,,0,
1356,0.512445,cg0878,whiB1(whcE),cg0306,lysC,0,sampled_negative,unknown,0,0,0,0,0,,,0,0,0,0,,0,0,OP_cg0306,1,2,0,1,14,0.4251,-12.85,0,0,0,0,0,0,0,,,,0,0,0,0,,,5,0,0,,0,
1357,0.511726,cg3420,sigM,cg1091,cg1091,1,curated_positive,unknown,0,0,1,0,0,,predicted,0.2,0,1,1,CoryneRegNet,1,1,,0,0,0,1,2,0.1891,-17.87,1,0,0,0,0,0,0,,,,0,0,0,0,,,5,0,0,,0,
1358,0.511726,cg1648,cg1648,cg1091,cg1091,0,sampled_negative,unknown,0,0,0,0,0,,,0,0,0,0,,0,0,,0,0,0,1,2,0.1891,-17.87,1,0,0,0,0,0,0,,,,0,0,0,0,,,5,0,0,,0,
1359,0.511726,cg1324,rosR,cg1091,cg1091,0,sampled_negative,unknown,0,0,0,0,0,,,0,0,0,0,,0,0,,0,0,0,1,2,0.1891,-17.87,1,0,0,0,0,0,0,,,,0,0,0,0,,,5,0,0,,0,
1360,0.511161,cg2544,cg2544,cg2543,glcD,1,curated_positive,R,0,1,0,0,0,,experimental,0.75,1,1,1,CoryneRegNet,1,1,OP_cg2543,1,3,0,1,4,0.5384,-11.04,2,0,0,0,0,0,0,,,,0,0,0,0,,,5,0,0,,0,
1361,0.511161,cg1765,sufR,cg2543,glcD,0,sampled_negative,unknown,0,0,0,0,0,,,0,0,0,0,,0,0,OP_cg2543,1,3,0,1,4,0.5384,-11.04,2,0,0,0,0,0,0,,,,0,0,0,0,,,5,0,0,,0,
1362,0.511158,cg0709,cgtR7,cg1324,cg1324,1,curated_positive,A,1,0,0,0,0,,experimental,0.75,1,1,1,CoryneRegNet,1,1,,0,0,0,1,4,0.1339,-18.03,2,0,0,0,0,0,0,,,,0,0,0,0,,,5,0,0,,0,
1363,0.511158,cg0741,sirR(mntR),cg1324,rosR,0,sampled_negative,unknown,0,0,0,0,0,,,0,0,0,0,,0,0,,0,0,0,1,4,0.1339,-18.03,2,0,0,0,0,0,0,,,,0,0,0,0,,,5,0,0,,0,
1364,0.509206,cg2092,sigA,cg1376,ssuD1,1,curated_positive,A,1,0,0,0,0,,experimental,0.75,1,1,1,CoryneRegNet,1,1,OP_cg1376,1,4,0,1,3,0.9187,-14.21,2,0,0,0,0,0,0,,,,0,0,0,0,,,5,0,0,,0,
1365,0.509206,cg1425,lysG,cg1376,ssuD1,0,sampled_negative,unknown,0,0,0,0,0,,,0,0,0,0,,0,0,OP_cg1376,1,4,0,1,3,0.9187,-14.21,2,0,0,0,0,0,0,,,,0,0,0,0,,,5,0,0,,0,
1366,0.508428,cg1271,sigE,cg1574,pheS,0,sampled_negative,unknown,0,0,0,0,0,,,0,0,0,0,,0,0,OP_cg1573,1,3,0,1,10,0.3336,-15.58,1,0,0,0,0,0,0,,,,0,0,0,0,,,5,0,0,,0,
1367,0.508219,cg2092,sigA,cg2115,cg2115,1,curated_positive,A,1,0,0,0,0,,experimental,0.75,1,1,1,CoryneRegNet,1,1,OP_cg2115,1,2,0,1,7,0.1506,-17.54,2,0,0,0,0,0,0,,,,0,0,0,0,,,5,0,0,,0,
1368,0.508219,cg2942,cg2942,cg2115,sugR,0,sampled_negative,unknown,0,0,0,0,0,,,0,0,0,0,,0,0,OP_cg2115,1,2,0,1,7,0.1506,-17.54,2,0,0,0,0,0,0,,,,0,0,0,0,,,5,0,0,,0,
1369,0.507238,cg2092,sigA,cg1010,cg1010,1,curated_positive,A,1,0,0,0,0,,experimental,0.75,1,1,1,CoryneRegNet,1,1,OP_cg1010,1,3,0,1,4,0.2689,-16.3,1,0,0,0,0,0,0,,,,0,0,0,0,,,5,0,0,,0,
1370,0.507155,cg0878,whiB1,cg0695,whiB3,1,curated_positive,A,1,0,0,0,0,,predicted,0.2,0,1,1,CoryneRegNet,1,1,,0,0,0,1,3,0.37,-10.32,1,0,0,0,0,0,0,,,,0,0,0,0,,,5,0,0,,0,
1371,0.507155,cg2114,cg2114,cg0695,whiB3,0,sampled_negative,unknown,0,0,0,0,0,,,0,0,0,0,,0,0,,0,0,0,1,3,0.37,-10.32,1,0,0,0,0,0,0,,,,0,0,0,0,,,5,0,0,,0,
1372,0.505913,cg1324,cg1324,cg1850,cg1850,1,curated_positive,R,0,1,0,0,0,,experimental,0.75,1,1,1,CoryneRegNet,1,1,,0,0,0,1,3,0.9703,-15.75,1,0,0,0,0,0,0,,,,0,0,0,0,,,5,0,0,,0,
1373,0.505913,cg1308,rhcR,cg1850,cg1850,0,sampled_negative,unknown,0,0,0,0,0,,,0,0,0,0,,0,0,,0,0,0,1,3,0.9703,-15.75,1,0,0,0,0,0,0,,,,0,0,0,0,,,5,0,0,,0,
1374,0.505804,cg2092,sigA,cg2705,amyE,1,curated_positive,A,1,0,0,0,0,,experimental,0.75,1,1,1,CoryneRegNet,1,1,OP_cg2705,1,4,0,1,1,0,-107.66,1,0,0,0,0,0,0,,,,0,0,0,0,,,5,0,0,,0,
1375,0.505804,cg0309,sigC,cg2705,cg2705,0,sampled_negative,unknown,0,0,0,0,0,,,0,0,0,0,,0,0,OP_cg2705,1,4,0,1,1,0,-107.66,1,0,0,0,0,0,0,,,,0,0,0,0,,,5,0,0,,0,
1376,0.505019,cg0196,cg0196,cg0199,msmA,1,curated_positive,R,0,1,0,0,0,,experimental,0.75,1,1,1,CoryneRegNet,1,1,OP_cg0197,1,8,0,1,5,0.8683,-12.45,1,0,0,0,0,0,0,,,,0,0,0,0,,,5,0,0,,0,
1377,0.505019,cg0350,cg0350,cg0199,msmA,1,curated_positive,R,0,1,0,0,0,,experimental,0.75,1,1,1,CoryneRegNet,1,1,OP_cg0197,1,8,0,1,5,0.8683,-12.45,1,0,0,0,0,0,0,,,,0,0,0,0,,,5,0,0,,0,
1378,0.504187,cg0876,sigH,cg1282,cg1282,1,curated_positive,unknown,0,0,1,0,0,,experimental,0.75,1,1,1,CoryneRegNet,1,1,,0,0,0,1,13,0.9587,-12.46,0,0,0,0,0,0,0,,,,0,0,0,0,,,5,0,0,,0,
1379,0.502959,cg2888,cgtR3,cg0544,cg0544,1,curated_positive,A,1,0,0,0,0,,predicted,0.05,0,0,0,CoryneRegNet,1,1,OP_cg0545,1,2,0,1,3,0.9412,-14.79,1,0,0,0,0,0,0,,,,0,0,0,0,,,5,0,0,,0,
1380,0.502959,cg2102,sigB,cg0544,cg0544,0,sampled_negative,unknown,0,0,0,0,0,,,0,0,0,0,,0,0,OP_cg0545,1,2,0,1,3,0.9412,-14.79,1,0,0,0,0,0,0,,,,0,0,0,0,,,5,0,0,,0,
1381,0.502959,cg1271,sigE,cg0544,cg0544,0,sampled_negative,unknown,0,0,0,0,0,,,0,0,0,0,,0,0,OP_cg0545,1,2,0,1,3,0.9412,-14.79,1,0,0,0,0,0,0,,,,0,0,0,0,,,5,0,0,,0,
1382,0.501257,cg0876,sigH,cg1182,cg1182,1,curated_positive,unknown,0,0,1,0,0,,predicted,0.05,0,0,0,CoryneRegNet,1,1,OP_cg1179,1,3,0,1,9,0.4312,-18.18,2,0,0,0,0,0,0,,,,0,0,0,0,,,5,0,0,,0,
1383,0.499157,cg2092,sigA,cg2887,cgtS3,1,curated_positive,A,1,0,0,0,0,,experimental,0.75,1,1,1,CoryneRegNet,1,1,OP_cg2888,1,2,0,1,5,0.905,-7.55,1,0,0,0,0,0,0,,,,0,0,0,0,,,5,0,0,,0,
1384,0.499157,cg2910,ipsA,cg2887,cgtS3,0,sampled_negative,unknown,0,0,0,0,0,,,0,0,0,0,,0,0,OP_cg2888,1,2,0,1,5,0.905,-7.55,1,0,0,0,0,0,0,,,,0,0,0,0,,,5,0,0,,0,
1385,0.499157,cg2627,cg2627,cg2887,cgtS3,0,sampled_negative,unknown,0,0,0,0,0,,,0,0,0,0,,0,0,OP_cg2888,1,2,0,1,5,0.905,-7.55,1,0,0,0,0,0,0,,,,0,0,0,0,,,5,0,0,,0,
1386,0.499014,cg0350,cg0350,cg2260,glnK,1,curated_positive,R,0,1,0,0,0,,predicted,0.2,0,1,2,CoryneRegNet,1,1,OP_cg2261,1,3,0,1,5,0.3852,-22.91,3,0,0,0,0,0,0,,,,0,0,0,0,,,5,0,0,,0,
1387,0.499014,cg0986,amtR,cg2260,glnK,1,curated_positive,R,0,1,0,0,0,,experimental,0.75,1,1,4,CoryneRegNet,1,1,OP_cg2261,1,3,0,1,5,0.3852,-22.91,3,0,0,0,0,0,0,,,,0,0,0,0,,,5,0,0,,0,
1388,0.499014,cg3373,cg3373,cg2260,glnK,0,sampled_negative,unknown,0,0,0,0,0,,,0,0,0,0,,0,0,OP_cg2261,1,3,0,1,5,0.3852,-22.91,3,0,0,0,0,0,0,,,,0,0,0,0,,,5,0,0,,0,
1389,0.498552,cg2092,sigA,cg3335,mez,1,curated_positive,A,1,0,0,0,0,,experimental,0.75,1,1,1,CoryneRegNet,1,1,,0,0,0,1,13,0.3374,-16.17,0,0,0,0,0,0,0,,,,0,0,0,0,,,5,0,0,,0,
1390,0.498552,cg2831,cg2831,cg3335,mez,1,curated_positive,A,1,0,0,0,0,,experimental,0.75,1,1,2,CoryneRegNet,1,1,,0,0,0,1,13,0.3374,-16.17,0,0,0,0,0,0,0,,,,0,0,0,0,,,5,0,0,,0,
1391,0.498552,cg0317,arsR2,cg3335,mez,0,sampled_negative,unknown,0,0,0,0,0,,,0,0,0,0,,0,0,,0,0,0,1,13,0.3374,-16.17,0,0,0,0,0,0,0,,,,0,0,0,0,,,5,0,0,,0,
1392,0.498552,cg3202,farR,cg3335,mez,0,sampled_negative,unknown,0,0,0,0,0,,,0,0,0,0,,0,0,,0,0,0,1,13,0.3374,-16.17,0,0,0,0,0,0,0,,,,0,0,0,0,,,5,0,0,,0,
1393,0.498552,cg0215,cspA,cg3335,mez,0,sampled_negative,unknown,0,0,0,0,0,,,0,0,0,0,,0,0,,0,0,0,1,13,0.3374,-16.17,0,0,0,0,0,0,0,,,,0,0,0,0,,,5,0,0,,0,
1394,0.498552,cg0876,sigH,cg3335,mez,0,sampled_negative,unknown,0,0,0,0,0,,,0,0,0,0,,0,0,,0,0,0,1,13,0.3374,-16.17,0,0,0,0,0,0,0,,,,0,0,0,0,,,5,0,0,,0,
1395,0.498552,cg3285,cgtR9(copR),cg3335,mez,0,sampled_negative,unknown,0,0,0,0,0,,,0,0,0,0,,0,0,,0,0,0,1,13,0.3374,-16.17,0,0,0,0,0,0,0,,,,0,0,0,0,,,5,0,0,,0,
1396,0.498552,cg0725,crtR,cg3335,mez,0,sampled_negative,unknown,0,0,0,0,0,,,0,0,0,0,,0,0,,0,0,0,1,13,0.3374,-16.17,0,0,0,0,0,0,0,,,,0,0,0,0,,,5,0,0,,0,
1397,0.498285,cg2115,cg2115,cg0681,alr,1,curated_positive,R,0,1,0,0,0,,predicted,0.2,0,1,1,CoryneRegNet,1,1,OP_cg0681,1,2,0,1,8,0.3918,-19.49,2,0,0,0,0,0,0,,,,0,0,0,0,,,5,0,0,,0,
1398,0.497481,cg0146,cg0146,cg0142,sixA,1,curated_positive,R,0,1,0,0,0,,experimental,0.75,1,1,1,CoryneRegNet,1,1,OP_cg0144,1,3,0,1,15,0.947,-18.67,0,0,0,0,0,0,0,,,,0,0,0,0,,,5,0,0,,0,
1399,0.497481,cg2092,sigA,cg0142,sixA,1,curated_positive,A,1,0,0,0,0,,experimental,0.75,1,1,1,CoryneRegNet,1,1,OP_cg0144,1,3,0,1,15,0.947,-18.67,0,0,0,0,0,0,0,,,,0,0,0,0,,,5,0,0,,0,
1400,0.497481,cg0709,cgtR7(esrR),cg0142,sixA,0,sampled_negative,unknown,0,0,0,0,0,,,0,0,0,0,,0,0,OP_cg0144,1,3,0,1,15,0.947,-18.67,0,0,0,0,0,0,0,,,,0,0,0,0,,,5,0,0,,0,
1401,0.497481,cg0878,whiB1(whcE),cg0142,sixA,0,sampled_negative,unknown,0,0,0,0,0,,,0,0,0,0,,0,0,OP_cg0144,1,3,0,1,15,0.947,-18.67,0,0,0,0,0,0,0,,,,0,0,0,0,,,5,0,0,,0,
1402,0.497481,cg1861,rel(relA),cg0142,sixA,0,sampled_negative,unknown,0,0,0,0,0,,,0,0,0,0,,0,0,OP_cg0144,1,3,0,1,15,0.947,-18.67,0,0,0,0,0,0,0,,,,0,0,0,0,,,5,0,0,,0,
1403,0.496222,cg0876,sigH,cg2912,cg2912,1,curated_positive,unknown,0,0,1,0,0,,experimental,0.75,1,1,1,CoryneRegNet,1,1,OP_cg2911,1,3,0,1,2,0.2702,-18.8,3,0,0,0,0,0,0,,,,0,0,0,0,,,5,0,0,,0,
1404,0.496222,cg2092,sigA,cg2912,cg2912,1,curated_positive,A,1,0,0,0,0,,experimental,0.75,1,1,1,CoryneRegNet,1,1,OP_cg2911,1,3,0,1,2,0.2702,-18.8,3,0,0,0,0,0,0,,,,0,0,0,0,,,5,0,0,,0,
1405,0.496222,cg2502,fur,cg2912,cg2912,1,curated_positive,R,0,1,0,0,0,,experimental,0.75,1,1,1,CoryneRegNet,1,1,OP_cg2911,1,3,0,1,2,0.2702,-18.8,3,0,0,0,0,0,0,,,,0,0,0,0,,,5,0,0,,0,
1406,0.496222,cg0709,cgtR7(esrR),cg2912,cg2912,0,sampled_negative,unknown,0,0,0,0,0,,,0,0,0,0,,0,0,OP_cg2911,1,3,0,1,2,0.2702,-18.8,3,0,0,0,0,0,0,,,,0,0,0,0,,,5,0,0,,0,
1407,0.496222,cg2737,cg2737,cg2912,cg2912,0,sampled_negative,unknown,0,0,0,0,0,,,0,0,0,0,,0,0,OP_cg2911,1,3,0,1,2,0.2702,-18.8,3,0,0,0,0,0,0,,,,0,0,0,0,,,5,0,0,,0,
1408,0.495928,cg2092,sigA,cg0307,asd,1,curated_positive,A,1,0,0,0,0,,experimental,0.75,1,1,1,CoryneRegNet,1,1,OP_cg0306,1,2,0,1,10,0.1748,-16.44,1,0,0,0,0,0,0,,,,0,0,0,0,,,5,0,0,,0,
1409,0.495928,cg1410,rbsR,cg0307,asd,0,sampled_negative,unknown,0,0,0,0,0,,,0,0,0,0,,0,0,OP_cg0306,1,2,0,1,10,0.1748,-16.44,1,0,0,0,0,0,0,,,,0,0,0,0,,,5,0,0,,0,
1410,0.495928,cg0337,whiB4(whcA),cg0307,asd,0,sampled_negative,unknown,0,0,0,0,0,,,0,0,0,0,,0,0,OP_cg0306,1,2,0,1,10,0.1748,-16.44,1,0,0,0,0,0,0,,,,0,0,0,0,,,5,0,0,,0,
1411,0.495338,cg2092,sigA,cg0800,cg0800,1,curated_positive,A,1,0,0,0,0,,experimental,0.75,1,1,1,CoryneRegNet,1,1,OP_cg0800,1,2,0,1,3,0.9394,-16,2,0,0,0,0,0,0,,,,0,0,0,0,,,5,0,0,,0,
1412,0.495338,cg2894,cg2894,cg0800,prpR,0,sampled_negative,unknown,0,0,0,0,0,,,0,0,0,0,,0,0,OP_cg0800,1,2,0,1,3,0.9394,-16,2,0,0,0,0,0,0,,,,0,0,0,0,,,5,0,0,,0,
1413,0.495338,cg3253,mcbR,cg0800,prpR,0,sampled_negative,unknown,0,0,0,0,0,,,0,0,0,0,,0,0,OP_cg0800,1,2,0,1,3,0.9394,-16,2,0,0,0,0,0,0,,,,0,0,0,0,,,5,0,0,,0,
1414,0.493047,cg0350,cg0350,cg2139,gluD,1,curated_positive,R,0,1,0,0,0,,predicted,0.2,0,1,1,CoryneRegNet,1,1,OP_cg2136,1,4,0,1,7,0.1674,-15.98,3,0,0,0,0,0,0,,,,0,0,0,0,,,5,0,0,,0,
1415,0.493047,cg0986,amtR,cg2139,gluD,1,curated_positive,R,0,1,0,0,0,,experimental,0.75,1,1,4,CoryneRegNet,1,1,OP_cg2136,1,4,0,1,7,0.1674,-15.98,3,0,0,0,0,0,0,,,,0,0,0,0,,,5,0,0,,0,
1416,0.493047,cg2888,cgtR3(phoR),cg2139,gluD,0,sampled_negative,unknown,0,0,0,0,0,,,0,0,0,0,,0,0,OP_cg2136,1,4,0,1,7,0.1674,-15.98,3,0,0,0,0,0,0,,,,0,0,0,0,,,5,0,0,,0,
1417,0.492879,cg2092,sigA,cg0791,pyc,1,curated_positive,A,1,0,0,0,0,,experimental,0.75,1,1,1,CoryneRegNet,1,1,,0,0,0,1,2,0.5556,-17.04,5,0,0,0,0,0,0,,,,0,0,0,0,,,5,0,0,,0,
1418,0.492879,cg3253,mcbR,cg0791,pyc,0,sampled_negative,unknown,0,0,0,0,0,,,0,0,0,0,,0,0,,0,0,0,1,2,0.5556,-17.04,5,0,0,0,0,0,0,,,,0,0,0,0,,,5,0,0,,0,
1419,0.492493,cg2103,dtxR,cg0159,cg0159,1,curated_positive,R,0,1,0,0,0,,experimental,0.75,1,1,1,CoryneRegNet,1,1,OP_cg0160,1,2,0,1,1,0.6617,-25.75,4,0,0,0,0,0,0,,,,0,0,0,0,,,5,0,0,,0,
1420,0.490582,cg2092,sigA,cg1935,cg1935,1,curated_positive,A,1,0,0,0,0,,experimental,0.75,1,1,1,CoryneRegNet,1,1,,0,0,0,1,1,0.08359,-27.39,2,0,0,0,0,0,0,,,,0,0,0,0,,,5,0,0,,0,
1421,0.490582,cg1765,sufR,cg1935,gntR2,0,sampled_negative,unknown,0,0,0,0,0,,,0,0,0,0,,0,0,,0,0,0,1,1,0.08359,-27.39,2,0,0,0,0,0,0,,,,0,0,0,0,,,5,0,0,,0,
1422,0.490582,cg2200,cgtR8,cg1935,gntR2,0,sampled_negative,unknown,0,0,0,0,0,,,0,0,0,0,,0,0,,0,0,0,1,1,0.08359,-27.39,2,0,0,0,0,0,0,,,,0,0,0,0,,,5,0,0,,0,
1423,0.489264,cg2092,sigA,cg1268,glgA,1,curated_positive,A,1,0,0,0,0,,experimental,0.75,1,1,1,CoryneRegNet,1,1,,0,0,0,1,14,0.5214,-17.38,0,0,0,0,0,0,0,,,,0,0,0,0,,,5,0,0,,0,
1424,0.489264,cg2831,cg2831,cg1268,glgA,1,curated_positive,A,1,0,0,0,0,,experimental,0.75,1,1,1,CoryneRegNet,1,1,,0,0,0,1,14,0.5214,-17.38,0,0,0,0,0,0,0,,,,0,0,0,0,,,5,0,0,,0,
1425,0.489264,cg2936,nanR,cg1268,cg1268,0,sampled_negative,unknown,0,0,0,0,0,,,0,0,0,0,,0,0,,0,0,0,1,14,0.5214,-17.38,0,0,0,0,0,0,0,,,,0,0,0,0,,,5,0,0,,0,
1426,0.489264,cg1120,ripA,cg1268,cg1268,0,sampled_negative,unknown,0,0,0,0,0,,,0,0,0,0,,0,0,,0,0,0,1,14,0.5214,-17.38,0,0,0,0,0,0,0,,,,0,0,0,0,,,5,0,0,,0,
1427,0.486394,cg0309,sigC,cg1769,ctaA,1,curated_positive,A,1,0,0,0,0,,experimental,0.75,1,1,1,CoryneRegNet,1,1,OP_cg1766,1,4,0,1,6,0.944,-9.92,1,0,0,0,0,0,0,,,,0,0,0,0,,,5,0,0,,0,
1428,0.486394,cg0350,cg0350,cg1769,ctaA,1,curated_positive,A,1,0,0,0,0,,predicted,0.2,0,1,1,CoryneRegNet,1,1,OP_cg1766,1,4,0,1,6,0.944,-9.92,1,0,0,0,0,0,0,,,,0,0,0,0,,,5,0,0,,0,
1429,0.485933,cg0309,sigC,cg1299,cydD,1,curated_positive,A,1,0,0,0,0,,experimental,0.75,1,1,1,CoryneRegNet,1,1,OP_cg1301,1,4,0,1,10,0.9133,-10.82,1,0,0,0,0,0,0,,,,0,0,0,0,,,5,0,0,,0,
1430,0.485933,cg2109,oxyR,cg1299,cydD,1,curated_positive,R,0,1,0,0,0,,experimental,0.75,1,1,1,CoryneRegNet,1,1,OP_cg1301,1,4,0,1,10,0.9133,-10.82,1,0,0,0,0,0,0,,,,0,0,0,0,,,5,0,0,,0,
1431,0.484966,cg0350,cg0350,cg1570,ugpB,1,curated_positive,R,0,1,0,0,0,,predicted,0.2,0,1,2,CoryneRegNet,1,1,OP_cg1568,1,4,0,1,1,0.9469,-21.46,3,0,0,0,0,0,0,,,,0,0,0,0,,,5,0,0,,0,
1432,0.484966,cg2092,sigA,cg1570,ugpB,1,curated_positive,A,1,0,0,0,0,,experimental,0.75,1,1,1,CoryneRegNet,1,1,OP_cg1568,1,4,0,1,1,0.9469,-21.46,3,0,0,0,0,0,0,,,,0,0,0,0,,,5,0,0,,0,
1433,0.484966,cg2888,cgtR3,cg1570,ugpB,1,curated_positive,A,1,0,0,0,0,,experimental,0.75,1,1,1,CoryneRegNet,1,1,OP_cg1568,1,4,0,1,1,0.9469,-21.46,3,0,0,0,0,0,0,,,,0,0,0,0,,,5,0,0,,0,
1434,0.484966,cg0500,qsuR,cg1570,ugpB,0,sampled_negative,unknown,0,0,0,0,0,,,0,0,0,0,,0,0,OP_cg1568,1,4,0,1,1,0.9469,-21.46,3,0,0,0,0,0,0,,,,0,0,0,0,,,5,0,0,,0,
1435,0.484966,cg3239,cg3239,cg1570,ugpB,0,sampled_negative,unknown,0,0,0,0,0,,,0,0,0,0,,0,0,OP_cg1568,1,4,0,1,1,0.9469,-21.46,3,0,0,0,0,0,0,,,,0,0,0,0,,,5,0,0,,0,
1436,0.484571,cg0876,sigH,cg0498,hemC,1,curated_positive,unknown,0,0,1,0,0,,predicted,0.05,0,0,0,CoryneRegNet,1,1,OP_cg0497,1,2,0,1,2,0.3517,-14.99,2,0,0,0,0,0,0,,,,0,0,0,0,,,5,0,0,,0,
1437,0.484571,cg3247,cgtR11,cg0498,hemC,1,curated_positive,R,0,1,0,0,0,,experimental,0.75,1,1,1,CoryneRegNet,1,1,OP_cg0497,1,2,0,1,2,0.3517,-14.99,2,0,0,0,0,0,0,,,,0,0,0,0,,,5,0,0,,0,
1438,0.484571,cg2737,cg2737,cg0498,hemC,0,sampled_negative,unknown,0,0,0,0,0,,,0,0,0,0,,0,0,OP_cg0497,1,2,0,1,2,0.3517,-14.99,2,0,0,0,0,0,0,,,,0,0,0,0,,,5,0,0,,0,
1439,0.484113,cg0696,sigD,cg2876,purB,1,curated_positive,A,1,0,0,0,0,,experimental,0.75,1,1,1,CoryneRegNet,1,1,OP_cg2878,1,3,0,1,5,0.9116,-14.43,3,0,0,0,0,0,0,,,,0,0,0,0,,,5,0,0,,0,
1440,0.484113,cg1547,ccpA1(uriR),cg2876,purB,0,sampled_negative,unknown,0,0,0,0,0,,,0,0,0,0,,0,0,OP_cg2878,1,3,0,1,5,0.9116,-14.43,3,0,0,0,0,0,0,,,,0,0,0,0,,,5,0,0,,0,
1441,0.483500,cg2894,cg2894,cg1831,cg1831,0,sampled_negative,unknown,0,0,0,0,0,,,0,0,0,0,,0,0,,0,0,0,1,8,0.9016,-6.83,2,0,0,0,0,0,0,,,,0,0,0,0,,,5,0,0,,0,
1442,0.482937,cg2103,dtxR,cg0589,cg0589,1,curated_positive,R,0,1,0,0,0,,experimental,0.75,1,1,1,CoryneRegNet,1,1,OP_cg0591,1,3,0,1,4,0.6235,-17.33,2,0,0,0,0,0,0,,,,0,0,0,0,,,5,0,0,,0,
1443,0.482190,cg2115,sugR,cg1629,secA2,0,sampled_negative,unknown,0,0,0,0,0,,,0,0,0,0,,0,0,,0,0,0,1,2,0.9177,-10.07,2,0,0,0,0,0,0,,,,0,0,0,0,,,5,0,0,,0,
1444,0.482190,cg1831,cg1831,cg1629,secA2,0,sampled_negative,unknown,0,0,0,0,0,,,0,0,0,0,,0,0,,0,0,0,1,2,0.9177,-10.07,2,0,0,0,0,0,0,,,,0,0,0,0,,,5,0,0,,0,
1445,0.481931,cg2115,cg2115,cg2796,cg2796,1,curated_positive,R,0,1,0,0,0,,predicted,0.2,0,1,1,CoryneRegNet,1,1,,0,0,0,1,7,0.45,-14.9,2,0,0,0,0,0,0,,,,0,0,0,0,,,5,0,0,,0,
1446,0.480724,cg2109,oxyR,cg2109,oxyR,1,curated_positive,R,0,1,0,0,0,,experimental,0.75,1,1,1,CoryneRegNet,1,1,,0,0,0,1,4,0.9877,-26.32,4,0,0,0,0,0,0,,,,0,0,0,0,,,5,0,0,,0,
1447,0.480724,cg2888,cgtR3(phoR),cg2109,oxyR,0,sampled_negative,unknown,0,0,0,0,0,,,0,0,0,0,,0,0,,0,0,0,1,4,0.9877,-26.32,4,0,0,0,0,0,0,,,,0,0,0,0,,,5,0,0,,0,
1448,0.480303,cg2109,oxyR,cg0311,cg0311,1,curated_positive,R,0,1,0,0,0,,experimental,0.75,1,1,1,CoryneRegNet,1,1,,0,0,0,1,2,0.9298,-13.23,1,0,0,0,0,0,0,,,,0,0,0,0,,,5,0,0,,0,
1449,0.480303,cg2737,cg2737,cg0311,cg0311,0,sampled_negative,unknown,0,0,0,0,0,,,0,0,0,0,,0,0,,0,0,0,1,2,0.9298,-13.23,1,0,0,0,0,0,0,,,,0,0,0,0,,,5,0,0,,0,
1450,0.480303,cg1765,sufR,cg0311,cg0311,0,sampled_negative,unknown,0,0,0,0,0,,,0,0,0,0,,0,0,,0,0,0,1,2,0.9298,-13.23,1,0,0,0,0,0,0,,,,0,0,0,0,,,5,0,0,,0,
1451,0.480209,cg2092,sigA,cg0790,lpdA,1,curated_positive,A,1,0,0,0,0,,experimental,0.75,1,1,1,CoryneRegNet,1,1,,0,0,0,1,1,0.009561,-21.78,3,0,0,0,0,0,0,,,,0,0,0,0,,,5,0,0,,0,
1452,0.480209,cg1817,pyrR,cg0790,lpdA,0,sampled_negative,unknown,0,0,0,0,0,,,0,0,0,0,,0,0,,0,0,0,1,1,0.009561,-21.78,3,0,0,0,0,0,0,,,,0,0,0,0,,,5,0,0,,0,
1453,0.480209,cg1765,sufR,cg0790,lpdA,0,sampled_negative,unknown,0,0,0,0,0,,,0,0,0,0,,0,0,,0,0,0,1,1,0.009561,-21.78,3,0,0,0,0,0,0,,,,0,0,0,0,,,5,0,0,,0,
1454,0.479491,cg2092,sigA,cg0156,cg0156,1,curated_positive,A,1,0,0,0,0,,experimental,0.75,1,1,1,CoryneRegNet,1,1,,0,0,0,1,1,0,-79.39,3,0,0,0,0,0,0,,,,0,0,0,0,,,5,0,0,,0,
1455,0.479491,cg0350,glxR,cg0156,cysR,0,sampled_negative,unknown,0,0,0,0,0,,,0,0,0,0,,0,0,,0,0,0,1,1,0,-79.39,3,0,0,0,0,0,0,,,,0,0,0,0,,,5,0,0,,0,
1456,0.478908,cg2092,sigA,cg2927,scrB,1,curated_positive,A,1,0,0,0,0,,experimental,0.75,1,1,1,CoryneRegNet,1,1,OP_cg2929,1,3,0,1,14,0.9016,-6.29,0,0,0,0,0,0,0,,,,0,0,0,0,,,5,0,0,,0,
1457,0.478908,cg1547,ccpA1(uriR),cg2927,scrB,0,sampled_negative,unknown,0,0,0,0,0,,,0,0,0,0,,0,0,OP_cg2929,1,3,0,1,14,0.9016,-6.29,0,0,0,0,0,0,0,,,,0,0,0,0,,,5,0,0,,0,
1458,0.478464,cg0646,cg0646,cg0644,cg0644,1,curated_positive,R,0,1,0,0,0,,predicted,0.2,0,1,1,CoryneRegNet,1,1,OP_cg0645,1,4,0,1,10,0.5835,-19.03,1,0,0,0,0,0,0,,,,0,0,0,0,,,5,0,0,,0,
1459,0.478464,cg2115,cg2115,cg0644,cg0644,1,curated_positive,R,0,1,0,0,0,,predicted,0.05,0,0,0,CoryneRegNet,1,1,OP_cg0645,1,4,0,1,10,0.5835,-19.03,1,0,0,0,0,0,0,,,,0,0,0,0,,,5,0,0,,0,
1460,0.478464,cg3352,cg3352,cg0644,cg0644,1,curated_positive,A,1,0,0,0,0,,predicted,0.05,0,0,0,CoryneRegNet,1,1,OP_cg0645,1,4,0,1,10,0.5835,-19.03,1,0,0,0,0,0,0,,,,0,0,0,0,,,5,0,0,,0,
1461,0.478464,cg0146,atlR,cg0644,cg0644,0,sampled_negative,unknown,0,0,0,0,0,,,0,0,0,0,,0,0,OP_cg0645,1,4,0,1,10,0.5835,-19.03,1,0,0,0,0,0,0,,,,0,0,0,0,,,5,0,0,,0,
1462,0.478464,cg2092,sigA,cg0644,cg0644,0,sampled_negative,unknown,0,0,0,0,0,,,0,0,0,0,,0,0,OP_cg0645,1,4,0,1,10,0.5835,-19.03,1,0,0,0,0,0,0,,,,0,0,0,0,,,5,0,0,,0,
1463,0.474956,cg2641,cg2641,cg2635,catB,1,curated_positive,A,1,0,0,0,0,,predicted,0.05,0,0,0,CoryneRegNet,1,1,OP_cg2635,1,2,0,1,9,0.9273,-17.09,1,0,0,0,0,0,0,,,,0,0,0,0,,,5,0,0,,0,
1464,0.474956,cg2965,cg2965,cg2635,catB,0,sampled_negative,unknown,0,0,0,0,0,,,0,0,0,0,,0,0,OP_cg2635,1,2,0,1,9,0.9273,-17.09,1,0,0,0,0,0,0,,,,0,0,0,0,,,5,0,0,,0,
1465,0.474749,cg2092,sigA,cg0042,cg0042,1,curated_positive,A,1,0,0,0,0,,experimental,0.75,1,1,1,CoryneRegNet,1,1,OP_cg0042,1,3,0,1,8,0.8423,-10.68,1,0,0,0,0,0,0,,,,0,0,0,0,,,5,0,0,,0,
1466,0.474749,cg0343,phdR,cg0042,cg0042,0,sampled_negative,unknown,0,0,0,0,0,,,0,0,0,0,,0,0,OP_cg0042,1,3,0,1,8,0.8423,-10.68,1,0,0,0,0,0,0,,,,0,0,0,0,,,5,0,0,,0,
1467,0.474188,cg0876,sigH,cg1397,cg1397,1,curated_positive,unknown,0,0,1,0,0,,experimental,0.75,1,1,2,CoryneRegNet,1,1,OP_cg1397,1,2,0,1,2,0.07284,-15.64,4,0,0,0,0,0,0,,,,0,0,0,0,,,5,0,0,,0,
1468,0.474083,cg0702,cg0702,cg0701,cg0701,1,curated_positive,A,1,0,0,0,0,,predicted,0.05,0,0,0,CoryneRegNet,1,1,,0,0,0,1,4,0.481,-20.92,2,0,0,0,0,0,0,,,,0,0,0,0,,,5,0,0,,0,
1469,0.474083,cg0313,lrp,cg0701,cg0701,0,sampled_negative,unknown,0,0,0,0,0,,,0,0,0,0,,0,0,,0,0,0,1,4,0.481,-20.92,2,0,0,0,0,0,0,,,,0,0,0,0,,,5,0,0,,0,
1470,0.473537,cg1486,cg1486,cg3361,trpD,1,curated_positive,R,0,1,0,0,0,,experimental,0.75,1,1,1,CoryneRegNet,1,1,OP_cg3359,1,6,0,1,9,0.8773,-8.02,1,0,0,0,0,0,0,,,,0,0,0,0,,,5,0,0,,0,
1471,0.473537,cg1861,rel(relA),cg3361,trpD,0,sampled_negative,unknown,0,0,0,0,0,,,0,0,0,0,,0,0,OP_cg3359,1,6,0,1,9,0.8773,-8.02,1,0,0,0,0,0,0,,,,0,0,0,0,,,5,0,0,,0,
1472,0.470961,cg1486,ltbR,cg1796,ribX,0,sampled_negative,unknown,0,0,0,0,0,,,0,0,0,0,,0,0,OP_cg1796,1,5,0,1,3,0.2353,-18.78,2,0,0,0,0,0,0,,,,0,0,0,0,,,5,0,0,,0,
1473,0.470031,cg2092,sigA,cg1337,hom,1,curated_positive,A,1,0,0,0,0,,experimental,0.75,1,1,1,CoryneRegNet,1,1,OP_cg1337,1,2,0,1,3,0.8963,-19,5,0,0,0,0,0,0,,,,0,0,0,0,,,5,0,0,,0,
1474,0.470031,cg0741,sirR(mntR),cg1337,hom,0,sampled_negative,unknown,0,0,0,0,0,,,0,0,0,0,,0,0,OP_cg1337,1,2,0,1,3,0.8963,-19,5,0,0,0,0,0,0,,,,0,0,0,0,,,5,0,0,,0,
1475,0.468934,cg1648,cg1648,cg2111,hrpA,0,sampled_negative,unknown,0,0,0,0,0,,,0,0,0,0,,0,0,,0,0,0,1,1,0.1701,-26.99,3,0,0,0,0,0,0,,,,0,0,0,0,,,5,0,0,,0,
1476,0.467658,cg1704,cg1704,cg0261,moeA1,0,sampled_negative,unknown,0,0,0,0,0,,,0,0,0,0,,0,0,OP_cg0263,1,7,0,1,8,0.7979,-22.52,1,0,0,0,0,0,0,,,,0,0,0,0,,,5,0,0,,0,
1477,0.467543,cg0019,cg0019,cg0018,cg0018,1,curated_positive,A,1,0,0,0,0,,predicted,0.05,0,0,0,CoryneRegNet,1,1,,0,0,0,1,12,0.4174,-15.84,0,0,0,0,0,0,0,,,,0,0,0,0,,,5,0,0,,0,
1478,0.467543,cg0876,sigH,cg0018,cg0018,1,curated_positive,unknown,0,0,1,0,0,,experimental,0.75,1,1,1,CoryneRegNet,1,1,,0,0,0,1,12,0.4174,-15.84,0,0,0,0,0,0,0,,,,0,0,0,0,,,5,0,0,,0,
1479,0.467543,cg1271,sigE,cg0018,cg0018,0,sampled_negative,unknown,0,0,0,0,0,,,0,0,0,0,,0,0,,0,0,0,1,12,0.4174,-15.84,0,0,0,0,0,0,0,,,,0,0,0,0,,,5,0,0,,0,
1480,0.467543,cg2112,cg2112,cg0018,cg0018,0,sampled_negative,unknown,0,0,0,0,0,,,0,0,0,0,,0,0,,0,0,0,1,12,0.4174,-15.84,0,0,0,0,0,0,0,,,,0,0,0,0,,,5,0,0,,0,
1481,0.467543,cg0725,crtR,cg0018,cg0018,0,sampled_negative,unknown,0,0,0,0,0,,,0,0,0,0,,0,0,,0,0,0,1,12,0.4174,-15.84,0,0,0,0,0,0,0,,,,0,0,0,0,,,5,0,0,,0,
1482,0.466670,cg3202,cg3202,cg3202,cg3202,1,curated_positive,R,0,1,0,0,0,,predicted,0.2,0,1,1,CoryneRegNet,1,1,,0,0,0,1,6,0.1037,-17.1,1,0,0,0,0,0,0,,,,0,0,0,0,,,5,0,0,,0,
1483,0.464945,cg0695,whiB3,cg0577,rpoC,0,sampled_negative,unknown,0,0,0,0,0,,,0,0,0,0,,0,0,OP_cg0576,1,2,0,1,8,0.09423,-17.96,1,0,0,0,0,0,0,,,,0,0,0,0,,,5,0,0,,0,
1484,0.462486,cg0876,sigH,cg1759,cg1759,1,curated_positive,unknown,0,0,1,0,0,,predicted,0.05,0,0,0,CoryneRegNet,1,1,OP_cg1765,1,7,0,0,,,,0,0,0,0,0,0,0,,,,0,0,0,0,,,8,0,0,,0,
1485,0.462486,cg2109,oxyR,cg1759,cg1759,1,curated_positive,R,0,1,0,0,0,,experimental,0.75,1,1,1,CoryneRegNet,1,1,OP_cg1765,1,7,0,0,,,,0,0,0,0,0,0,0,,,,0,0,0,0,,,8,0,0,,0,
1486,0.462486,cg3420,sigM,cg1759,cg1759,1,curated_positive,unknown,0,0,1,0,0,,experimental,0.75,1,1,1,CoryneRegNet,1,1,OP_cg1765,1,7,0,0,,,,0,0,0,0,0,0,0,,,,0,0,0,0,,,8,0,0,,0,
1487,0.462486,cg0800,prpR,cg0263,modA,0,sampled_negative,unknown,0,0,0,0,0,,,0,0,0,0,,0,0,OP_cg0263,1,7,0,0,,,,0,0,0,0,0,0,0,,,,0,0,0,0,,,8,0,0,,0,
1488,0.462486,cg0646,cg0646,cg0263,modA,0,sampled_negative,unknown,0,0,0,0,0,,,0,0,0,0,,0,0,OP_cg0263,1,7,0,0,,,,0,0,0,0,0,0,0,,,,0,0,0,0,,,8,0,0,,0,
1489,0.462486,cg0156,cysR,cg2178,nusA,0,sampled_negative,unknown,0,0,0,0,0,,,0,0,0,0,,0,0,OP_cg2179,1,7,0,0,,,,0,0,0,0,0,0,0,,,,0,0,0,0,,,8,0,0,,0,
1490,0.462020,cg0725,crtR,cg2964,guaB1,0,sampled_negative,unknown,0,0,0,0,0,,,0,0,0,0,,0,0,,0,0,0,1,3,0.8713,-8.41,2,0,0,0,0,0,0,,,,0,0,0,0,,,5,0,0,,0,
1491,0.460179,cg2092,sigA,cg0678,cg0678,1,curated_positive,A,1,0,0,0,0,,experimental,0.75,1,1,1,CoryneRegNet,1,1,OP_cg0676,1,3,0,1,8,0.9127,-7.1,1,0,0,0,0,0,0,,,,0,0,0,0,,,5,0,0,,0,
1492,0.460179,cg2152,clgR,cg0678,cg0678,0,sampled_negative,unknown,0,0,0,0,0,,,0,0,0,0,,0,0,OP_cg0676,1,3,0,1,8,0.9127,-7.1,1,0,0,0,0,0,0,,,,0,0,0,0,,,5,0,0,,0,
1493,0.459296,cg2092,sigA,cg1453,leuB,1,curated_positive,A,1,0,0,0,0,,experimental,0.75,1,1,1,CoryneRegNet,1,1,,0,0,0,1,1,0.414,-12.89,8,0,0,0,0,0,0,,,,0,0,0,0,,,5,0,0,,0,
1494,0.459139,cg1486,cg1486,cg3360,trpG,1,curated_positive,R,0,1,0,0,0,,experimental,0.75,1,1,1,CoryneRegNet,1,1,OP_cg3359,1,6,0,1,1,0.004846,-23.63,9,0,0,0,0,0,0,,,,0,0,0,0,,,5,0,0,,0,
1495,0.456736,cg2092,sigA,cg2891,poxB,1,curated_positive,A,1,0,0,0,0,,experimental,0.75,1,1,1,CoryneRegNet,1,1,,0,0,0,1,6,0.9655,-22.5,1,0,0,0,0,0,0,,,,0,0,0,0,,,5,0,0,,0,
1496,0.456736,cg2102,sigB,cg2891,poxB,1,curated_positive,unknown,0,0,1,0,0,,predicted,0.2,0,1,1,CoryneRegNet,1,1,,0,0,0,1,6,0.9655,-22.5,1,0,0,0,0,0,0,,,,0,0,0,0,,,5,0,0,,0,
1497,0.456666,cg0196,iolR,cg0587,tuf,0,sampled_negative,unknown,0,0,0,0,0,,,0,0,0,0,,0,0,,0,0,0,1,2,0.1291,-21.04,1,0,0,0,0,0,0,,,,0,0,0,0,,,5,0,0,,0,
1498,0.456238,cg0709,cgtR7,cg2811,cg2811,1,curated_positive,A,1,0,0,0,0,,experimental,0.75,1,1,1,CoryneRegNet,1,1,OP_cg2812,1,2,0,1,1,0.9545,-25.48,1,0,0,0,0,0,0,,,,0,0,0,0,,,5,0,0,,0,
1499,0.456238,cg0565,gabR,cg2811,cg2811,0,sampled_negative,unknown,0,0,0,0,0,,,0,0,0,0,,0,0,OP_cg2812,1,2,0,1,1,0.9545,-25.48,1,0,0,0,0,0,0,,,,0,0,0,0,,,5,0,0,,0,
1500,0.455911,cg0696,sigD,cg0136,cg0136,1,curated_positive,A,1,0,0,0,0,,experimental,0.75,1,1,1,CoryneRegNet,1,1,,0,0,0,1,5,0.9294,-15.39,1,0,0,0,0,0,0,,,,0,0,0,0,,,5,0,0,,0,
1501,0.452914,cg0012,cg0012,cg1152,ssiF,1,curated_positive,A,1,0,0,0,0,,experimental,0.75,1,1,1,CoryneRegNet,1,1,OP_cg1151,1,3,0,0,,,,0,0,0,0,0,0,0,,,,0,0,0,0,,,8,0,0,,0,
1502,0.452914,cg0317,cg0317,cg1707,cg1707,1,curated_positive,R,0,1,0,0,0,,experimental,0.75,1,1,1,CoryneRegNet,1,1,OP_cg1705,1,3,0,0,,,,0,0,0,0,0,0,0,,,,0,0,0,0,,,8,0,0,,0,
1503,0.452914,cg0350,cg0350,cg1436,ilvN,1,curated_positive,R,0,1,0,0,0,,predicted,0.2,0,1,2,CoryneRegNet,1,1,OP_cg1435,1,3,0,0,,,,0,0,0,0,0,0,0,,,,0,0,0,0,,,8,0,0,,0,
1504,0.452914,cg0350,cg0350,cg2258,glnD,1,curated_positive,R,0,1,0,0,0,,predicted,0.2,0,1,2,CoryneRegNet,1,1,OP_cg2261,1,3,0,0,,,,0,0,0,0,0,0,0,,,,0,0,0,0,,,8,0,0,,0,
1505,0.452914,cg0350,cg0350,cg2618,vanK,1,curated_positive,R,0,1,0,0,0,,predicted,0.2,0,1,1,CoryneRegNet,1,1,OP_cg2616,1,3,0,0,,,,0,0,0,0,0,0,0,,,,0,0,0,0,,,8,0,0,,0,
1506,0.452914,cg0350,cg0350,cg3349,cg3349,1,curated_positive,R,0,1,0,0,0,,experimental + predicted,0.75,1,1,2,CoryneRegNet,1,1,OP_cg3351,1,3,0,0,,,,0,0,0,0,0,0,0,,,,0,0,0,0,,,8,0,0,,0,
1507,0.452914,cg0350,cg0350,cg3350,hpaG,1,curated_positive,R,0,1,0,0,0,,experimental + predicted,0.75,1,1,2,CoryneRegNet,1,1,OP_cg3351,1,3,0,0,,,,0,0,0,0,0,0,0,,,,0,0,0,0,,,8,0,0,,0,
1508,0.452914,cg0444,cg0444,cg0735,cg0735,1,curated_positive,R,0,1,0,0,0,,predicted,0.05,0,0,0,CoryneRegNet,1,1,OP_cg0737,1,3,0,0,,,,0,0,0,0,0,0,0,,,,0,0,0,0,,,8,0,0,,0,
1509,0.452914,cg0444,cg0444,cg0736,cg0736,1,curated_positive,R,0,1,0,0,0,,predicted,0.05,0,0,0,CoryneRegNet,1,1,OP_cg0737,1,3,0,0,,,,0,0,0,0,0,0,0,,,,0,0,0,0,,,8,0,0,,0,
1510,0.452914,cg0696,sigD,cg0809,cg0809,1,curated_positive,A,1,0,0,0,0,,predicted,0.2,0,1,1,CoryneRegNet,1,1,OP_cg0811,1,3,0,0,,,,0,0,0,0,0,0,0,,,,0,0,0,0,,,8,0,0,,0,
1511,0.452914,cg0696,sigD,cg0810,cg0810,1,curated_positive,A,1,0,0,0,0,,predicted,0.2,0,1,1,CoryneRegNet,1,1,OP_cg0811,1,3,0,0,,,,0,0,0,0,0,0,0,,,,0,0,0,0,,,8,0,0,,0,
1512,0.452914,cg0696,sigD,cg1386,fixA,1,curated_positive,A,1,0,0,0,0,,experimental,0.75,1,1,1,CoryneRegNet,1,1,OP_cg1386,1,3,0,0,,,,0,0,0,0,0,0,0,,,,0,0,0,0,,,8,0,0,,0,
1513,0.452914,cg0800,cg0800,cg0759,prpD2,1,curated_positive,A,1,0,0,0,0,,experimental,0.75,1,1,2,CoryneRegNet,1,1,OP_cg0759,1,3,0,0,,,,0,0,0,0,0,0,0,,,,0,0,0,0,,,8,0,0,,0,
1514,0.452914,cg0862,mtrA,cg2786,nrdE,1,curated_positive,A,1,0,0,0,0,,experimental,0.75,1,1,1,CoryneRegNet,1,1,OP_cg2789,1,3,0,0,,,,0,0,0,0,0,0,0,,,,0,0,0,0,,,8,0,0,,0,
1515,0.452914,cg0876,sigH,cg1181,cg1181,1,curated_positive,unknown,0,0,1,0,0,,predicted,0.05,0,0,0,CoryneRegNet,1,1,OP_cg1179,1,3,0,0,,,,0,0,0,0,0,0,0,,,,0,0,0,0,,,8,0,0,,0,
1516,0.452914,cg0876,sigH,cg1435,ilvB,1,curated_positive,unknown,0,0,1,0,0,,experimental,0.75,1,1,1,CoryneRegNet,1,1,OP_cg1435,1,3,0,0,,,,0,0,0,0,0,0,0,,,,0,0,0,0,,,8,0,0,,0,
1517,0.452914,cg0876,sigH,cg1436,ilvN,1,curated_positive,unknown,0,0,1,0,0,,predicted,0.05,0,0,0,CoryneRegNet,1,1,OP_cg1435,1,3,0,0,,,,0,0,0,0,0,0,0,,,,0,0,0,0,,,8,0,0,,0,
1518,0.452914,cg0876,sigH,cg2331,cg2331,1,curated_positive,unknown,0,0,1,0,0,,predicted,0.05,0,0,0,CoryneRegNet,1,1,OP_cg2332,1,3,0,0,,,,0,0,0,0,0,0,0,,,,0,0,0,0,,,8,0,0,,0,
1519,0.452914,cg0876,sigH,cg2423,lipA,1,curated_positive,unknown,0,0,1,0,0,,experimental,0.75,1,1,2,CoryneRegNet,1,1,OP_cg2422,1,3,0,0,,,,0,0,0,0,0,0,0,,,,0,0,0,0,,,8,0,0,,0,
1520,0.452914,cg0986,amtR,cg1783,soxA,1,curated_positive,R,0,1,0,0,0,,experimental,0.75,1,1,4,CoryneRegNet,1,1,OP_cg1785,1,3,0,0,,,,0,0,0,0,0,0,0,,,,0,0,0,0,,,8,0,0,,0,
1521,0.452914,cg0986,amtR,cg2258,glnD,1,curated_positive,R,0,1,0,0,0,,experimental,0.75,1,1,4,CoryneRegNet,1,1,OP_cg2261,1,3,0,0,,,,0,0,0,0,0,0,0,,,,0,0,0,0,,,8,0,0,,0,
1522,0.452914,cg1704,cg1704,cg1707,cg1707,1,curated_positive,R,0,1,0,0,0,,experimental,0.75,1,1,3,CoryneRegNet,1,1,OP_cg1705,1,3,0,0,,,,0,0,0,0,0,0,0,,,,0,0,0,0,,,8,0,0,,0,
1523,0.452914,cg1831,cg1831,cg1833,cg1833,1,curated_positive,R,0,1,0,0,0,,predicted,0.05,0,0,0,CoryneRegNet,1,1,OP_cg1832,1,3,0,0,,,,0,0,0,0,0,0,0,,,,0,0,0,0,,,8,0,0,,0,
1524,0.452914,cg2092,sigA,cg0041,cg0041,1,curated_positive,A,1,0,0,0,0,,experimental,0.75,1,1,1,CoryneRegNet,1,1,OP_cg0042,1,3,0,0,,,,0,0,0,0,0,0,0,,,,0,0,0,0,,,8,0,0,,0,
1525,0.452914,cg2092,sigA,cg0759,prpD2,1,curated_positive,A,1,0,0,0,0,,experimental,0.75,1,1,1,CoryneRegNet,1,1,OP_cg0759,1,3,0,0,,,,0,0,0,0,0,0,0,,,,0,0,0,0,,,8,0,0,,0,
1526,0.452914,cg2092,sigA,cg1152,ssiF,1,curated_positive,A,1,0,0,0,0,,experimental,0.75,1,1,1,CoryneRegNet,1,1,OP_cg1151,1,3,0,0,,,,0,0,0,0,0,0,0,,,,0,0,0,0,,,8,0,0,,0,
1527,0.452914,cg2092,sigA,cg1256,dapD,1,curated_positive,A,1,0,0,0,0,,experimental,0.75,1,1,1,CoryneRegNet,1,1,OP_cg1259,1,3,0,0,,,,0,0,0,0,0,0,0,,,,0,0,0,0,,,8,0,0,,0,
1528,0.452914,cg2092,sigA,cg1435,ilvB,1,curated_positive,A,1,0,0,0,0,,experimental,0.75,1,1,1,CoryneRegNet,1,1,OP_cg1435,1,3,0,0,,,,0,0,0,0,0,0,0,,,,0,0,0,0,,,8,0,0,,0,
1529,0.452914,cg2092,sigA,cg1436,ilvN,1,curated_positive,A,1,0,0,0,0,,experimental,0.75,1,1,1,CoryneRegNet,1,1,OP_cg1435,1,3,0,0,,,,0,0,0,0,0,0,0,,,,0,0,0,0,,,8,0,0,,0,
1530,0.452914,cg2092,sigA,cg1783,soxA,1,curated_positive,A,1,0,0,0,0,,experimental,0.75,1,1,1,CoryneRegNet,1,1,OP_cg1785,1,3,0,0,,,,0,0,0,0,0,0,0,,,,0,0,0,0,,,8,0,0,,0,
1531,0.452914,cg2092,sigA,cg2618,vanK,1,curated_positive,A,1,0,0,0,0,,experimental,0.75,1,1,1,CoryneRegNet,1,1,OP_cg2616,1,3,0,0,,,,0,0,0,0,0,0,0,,,,0,0,0,0,,,8,0,0,,0,
1532,0.452914,cg2092,sigA,cg2913,cg2913,1,curated_positive,A,1,0,0,0,0,,experimental,0.75,1,1,1,CoryneRegNet,1,1,OP_cg2911,1,3,0,0,,,,0,0,0,0,0,0,0,,,,0,0,0,0,,,8,0,0,,0,
1533,0.452914,cg2092,sigA,cg2928,nagB,1,curated_positive,A,1,0,0,0,0,,experimental,0.75,1,1,1,CoryneRegNet,1,1,OP_cg2929,1,3,0,0,,,,0,0,0,0,0,0,0,,,,0,0,0,0,,,8,0,0,,0,
1534,0.452914,cg2103,dtxR,cg1997,cglIR,1,curated_positive,R,0,1,0,0,0,,experimental,0.75,1,1,1,CoryneRegNet,1,1,OP_cg1996,1,3,0,0,,,,0,0,0,0,0,0,0,,,,0,0,0,0,,,8,0,0,,0,
1535,0.452914,cg2112,cg2112,cg2786,nrdE,1,curated_positive,R,0,1,0,0,0,,predicted,0.2,0,1,1,CoryneRegNet,1,1,OP_cg2789,1,3,0,0,,,,0,0,0,0,0,0,0,,,,0,0,0,0,,,8,0,0,,0,
1536,0.452914,cg2114,lexA,cg1883,cg1883,1,curated_positive,R,0,1,0,0,0,,experimental,0.75,1,1,1,CoryneRegNet,1,1,OP_cg1884,1,3,0,0,,,,0,0,0,0,0,0,0,,,,0,0,0,0,,,8,0,0,,0,
1537,0.452914,cg2502,fur,cg0041,cg0041,1,curated_positive,R,0,1,0,0,0,,experimental,0.75,1,1,1,CoryneRegNet,1,1,OP_cg0042,1,3,0,0,,,,0,0,0,0,0,0,0,,,,0,0,0,0,,,8,0,0,,0,
1538,0.452914,cg2502,fur,cg2913,cg2913,1,curated_positive,R,0,1,0,0,0,,experimental,0.75,1,1,1,CoryneRegNet,1,1,OP_cg2911,1,3,0,0,,,,0,0,0,0,0,0,0,,,,0,0,0,0,,,8,0,0,,0,
1539,0.452914,cg2615,cg2615,cg2618,vanK,1,curated_positive,R,0,1,0,0,0,,experimental,0.75,1,1,3,CoryneRegNet,1,1,OP_cg2616,1,3,0,0,,,,0,0,0,0,0,0,0,,,,0,0,0,0,,,8,0,0,,0,
1540,0.452914,cg2831,cg2831,cg0759,prpD2,1,curated_positive,A,1,0,0,0,0,,experimental,0.75,1,1,1,CoryneRegNet,1,1,OP_cg0759,1,3,0,0,,,,0,0,0,0,0,0,0,,,,0,0,0,0,,,8,0,0,,0,
1541,0.452914,cg2936,cg2936,cg2928,nagB,1,curated_positive,R,0,1,0,0,0,,experimental,0.75,1,1,1,CoryneRegNet,1,1,OP_cg2929,1,3,0,0,,,,0,0,0,0,0,0,0,,,,0,0,0,0,,,8,0,0,,0,
1542,0.452914,cg3253,mcbR,cg0735,cg0735,1,curated_positive,R,0,1,0,0,0,,predicted,0.2,0,1,1,CoryneRegNet,1,1,OP_cg0737,1,3,0,0,,,,0,0,0,0,0,0,0,,,,0,0,0,0,,,8,0,0,,0,
1543,0.452914,cg3253,mcbR,cg0736,cg0736,1,curated_positive,R,0,1,0,0,0,,predicted,0.2,0,1,1,CoryneRegNet,1,1,OP_cg0737,1,3,0,0,,,,0,0,0,0,0,0,0,,,,0,0,0,0,,,8,0,0,,0,
1544,0.452914,cg3253,mcbR,cg1152,ssiF,1,curated_positive,R,0,1,0,0,0,,predicted,0.2,0,1,1,CoryneRegNet,1,1,OP_cg1151,1,3,0,0,,,,0,0,0,0,0,0,0,,,,0,0,0,0,,,8,0,0,,0,
1545,0.452914,cg3253,mcbR,cg1388,nifS1,1,curated_positive,R,0,1,0,0,0,,predicted,0.2,0,1,1,CoryneRegNet,1,1,OP_cg1386,1,3,0,0,,,,0,0,0,0,0,0,0,,,,0,0,0,0,,,8,0,0,,0,
1546,0.452914,cg3352,cg3352,cg3349,cg3349,1,curated_positive,A,1,0,0,0,0,,experimental,0.75,1,1,2,CoryneRegNet,1,1,OP_cg3351,1,3,0,0,,,,0,0,0,0,0,0,0,,,,0,0,0,0,,,8,0,0,,0,
1547,0.452914,cg3352,cg3352,cg3350,hpaG,1,curated_positive,A,1,0,0,0,0,,experimental,0.75,1,1,2,CoryneRegNet,1,1,OP_cg3351,1,3,0,0,,,,0,0,0,0,0,0,0,,,,0,0,0,0,,,8,0,0,,0,
1548,0.452914,cg3388,cg3388,cg3387,cg3387,1,curated_positive,A,1,0,0,0,0,,predicted,0.2,0,1,1,CoryneRegNet,1,1,OP_cg3387,1,3,0,0,,,,0,0,0,0,0,0,0,,,,0,0,0,0,,,8,0,0,,0,
1549,0.452914,cg1792,whiA,cg2569,dctX,0,sampled_negative,unknown,0,0,0,0,0,,,0,0,0,0,,0,0,OP_cg2570,1,3,0,0,,,,0,0,0,0,0,0,0,,,,0,0,0,0,,,8,0,0,,0,
1550,0.452914,cg1648,cg1648,cg2331,cg2331,0,sampled_negative,unknown,0,0,0,0,0,,,0,0,0,0,,0,0,OP_cg2332,1,3,0,0,,,,0,0,0,0,0,0,0,,,,0,0,0,0,,,8,0,0,,0,
1551,0.452914,cg1547,ccpA1(uriR),cg1783,soxA',0,sampled_negative,unknown,0,0,0,0,0,,,0,0,0,0,,0,0,OP_cg1785,1,3,0,0,,,,0,0,0,0,0,0,0,,,,0,0,0,0,,,8,0,0,,0,
1552,0.452914,cg0313,lrp,cg3350,hpaG,0,sampled_negative,unknown,0,0,0,0,0,,,0,0,0,0,,0,0,OP_cg3351,1,3,0,0,,,,0,0,0,0,0,0,0,,,,0,0,0,0,,,8,0,0,,0,
1553,0.452914,cg2766,cg2766,cg0484,cgtR4,0,sampled_negative,unknown,0,0,0,0,0,,,0,0,0,0,,0,0,OP_cg0482,1,3,0,0,,,,0,0,0,0,0,0,0,,,,0,0,0,0,,,8,0,0,,0,
1554,0.452914,cg0800,prpR,cg2230,rnhB,0,sampled_negative,unknown,0,0,0,0,0,,,0,0,0,0,,0,0,OP_cg2232,1,3,0,0,,,,0,0,0,0,0,0,0,,,,0,0,0,0,,,8,0,0,,0,
1555,0.452914,cg2103,dtxR,cg1436,ilvN,0,sampled_negative,unknown,0,0,0,0,0,,,0,0,0,0,,0,0,OP_cg1435,1,3,0,0,,,,0,0,0,0,0,0,0,,,,0,0,0,0,,,8,0,0,,0,
1556,0.452914,cg0146,atlR,cg1388,nifS1,0,sampled_negative,unknown,0,0,0,0,0,,,0,0,0,0,,0,0,OP_cg1386,1,3,0,0,,,,0,0,0,0,0,0,0,,,,0,0,0,0,,,8,0,0,,0,
1557,0.452914,cg0444,ramB,cg0041,cg0041,0,sampled_negative,unknown,0,0,0,0,0,,,0,0,0,0,,0,0,OP_cg0042,1,3,0,0,,,,0,0,0,0,0,0,0,,,,0,0,0,0,,,8,0,0,,0,
1558,0.452914,cg0725,crtR,cg2569,dctX,0,sampled_negative,unknown,0,0,0,0,0,,,0,0,0,0,,0,0,OP_cg2570,1,3,0,0,,,,0,0,0,0,0,0,0,,,,0,0,0,0,,,8,0,0,,0,
1559,0.452914,cg2115,sugR,cg0979,cg0979,0,sampled_negative,unknown,0,0,0,0,0,,,0,0,0,0,,0,0,OP_cg0979,1,3,0,0,,,,0,0,0,0,0,0,0,,,,0,0,0,0,,,8,0,0,,0,
1560,0.452914,cg2942,cg2942,cg2568,dctM,0,sampled_negative,unknown,0,0,0,0,0,,,0,0,0,0,,0,0,OP_cg2570,1,3,0,0,,,,0,0,0,0,0,0,0,,,,0,0,0,0,,,8,0,0,,0,
1561,0.452914,cg3261,cg3261,cg1388,nifS1,0,sampled_negative,unknown,0,0,0,0,0,,,0,0,0,0,,0,0,OP_cg1386,1,3,0,0,,,,0,0,0,0,0,0,0,,,,0,0,0,0,,,8,0,0,,0,
1562,0.452914,cg0500,qsuR,cg1152,ssiF,0,sampled_negative,unknown,0,0,0,0,0,,,0,0,0,0,,0,0,OP_cg1151,1,3,0,0,,,,0,0,0,0,0,0,0,,,,0,0,0,0,,,8,0,0,,0,
1563,0.452914,cg3239,cg3239,cg0968,cg0968,0,sampled_negative,unknown,0,0,0,0,0,,,0,0,0,0,,0,0,OP_cg0968,1,3,0,0,,,,0,0,0,0,0,0,0,,,,0,0,0,0,,,8,0,0,,0,
1564,0.452914,cg0454,cg0454,cg1005,moeA2,0,sampled_negative,unknown,0,0,0,0,0,,,0,0,0,0,,0,0,OP_cg1004,1,3,0,0,,,,0,0,0,0,0,0,0,,,,0,0,0,0,,,8,0,0,,0,
1565,0.452914,cg2544,gntR3,cg1862,apt,0,sampled_negative,unknown,0,0,0,0,0,,,0,0,0,0,,0,0,OP_cg1864,1,3,0,0,,,,0,0,0,0,0,0,0,,,,0,0,0,0,,,8,0,0,,0,
1566,0.452914,cg0444,ramB,cg1833,cg1833,0,sampled_negative,unknown,0,0,0,0,0,,,0,0,0,0,,0,0,OP_cg1832,1,3,0,0,,,,0,0,0,0,0,0,0,,,,0,0,0,0,,,8,0,0,,0,
1567,0.452914,cg2092,sigA,cg0926,cg0926,0,sampled_negative,unknown,0,0,0,0,0,,,0,0,0,0,,0,0,OP_cg0926,1,3,0,0,,,,0,0,0,0,0,0,0,,,,0,0,0,0,,,8,0,0,,0,
1568,0.452914,cg2627,cg2627,cg0583,fusA,0,sampled_negative,unknown,0,0,0,0,0,,,0,0,0,0,,0,0,OP_cg0581,1,3,0,0,,,,0,0,0,0,0,0,0,,,,0,0,0,0,,,8,0,0,,0,
1569,0.452914,cg1648,cg1648,cg0735,cg0735,0,sampled_negative,unknown,0,0,0,0,0,,,0,0,0,0,,0,0,OP_cg0737,1,3,0,0,,,,0,0,0,0,0,0,0,,,,0,0,0,0,,,8,0,0,,0,
1570,0.452914,cg1817,pyrR,cg1884,cg1884,0,sampled_negative,unknown,0,0,0,0,0,,,0,0,0,0,,0,0,OP_cg1884,1,3,0,0,,,,0,0,0,0,0,0,0,,,,0,0,0,0,,,8,0,0,,0,
1571,0.452914,cg2544,gntR3,cg1386,fixA,0,sampled_negative,unknown,0,0,0,0,0,,,0,0,0,0,,0,0,OP_cg1386,1,3,0,0,,,,0,0,0,0,0,0,0,,,,0,0,0,0,,,8,0,0,,0,
1572,0.452914,cg1817,pyrR,cg1152,ssiF,0,sampled_negative,unknown,0,0,0,0,0,,,0,0,0,0,,0,0,OP_cg1151,1,3,0,0,,,,0,0,0,0,0,0,0,,,,0,0,0,0,,,8,0,0,,0,
1573,0.452914,cg2309,bioQ,cg1997,cg1997,0,sampled_negative,unknown,0,0,0,0,0,,,0,0,0,0,,0,0,OP_cg1996,1,3,0,0,,,,0,0,0,0,0,0,0,,,,0,0,0,0,,,8,0,0,,0,
1574,0.452914,cg3253,mcbR,cg1883,cg1883,0,sampled_negative,unknown,0,0,0,0,0,,,0,0,0,0,,0,0,OP_cg1884,1,3,0,0,,,,0,0,0,0,0,0,0,,,,0,0,0,0,,,8,0,0,,0,
1575,0.452914,cg0454,cg0454,cg1181,cg1181,0,sampled_negative,unknown,0,0,0,0,0,,,0,0,0,0,,0,0,OP_cg1179,1,3,0,0,,,,0,0,0,0,0,0,0,,,,0,0,0,0,,,8,0,0,,0,
1576,0.452914,cg3247,cgtR11(hrrA),cg2230,rnhB,0,sampled_negative,unknown,0,0,0,0,0,,,0,0,0,0,,0,0,OP_cg2232,1,3,0,0,,,,0,0,0,0,0,0,0,,,,0,0,0,0,,,8,0,0,,0,
1577,0.452914,cg1861,rel(relA),cg2569,dctX,0,sampled_negative,unknown,0,0,0,0,0,,,0,0,0,0,,0,0,OP_cg2570,1,3,0,0,,,,0,0,0,0,0,0,0,,,,0,0,0,0,,,8,0,0,,0,
1578,0.452914,cg3373,cg3373,cg1833,cg1833,0,sampled_negative,unknown,0,0,0,0,0,,,0,0,0,0,,0,0,OP_cg1832,1,3,0,0,,,,0,0,0,0,0,0,0,,,,0,0,0,0,,,8,0,0,,0,
1579,0.452914,cg0019,cg0019,cg2670,crtI',0,sampled_negative,unknown,0,0,0,0,0,,,0,0,0,0,,0,0,OP_cg2672,1,3,0,0,,,,0,0,0,0,0,0,0,,,,0,0,0,0,,,8,0,0,,0,
1580,0.452914,cg2942,cg2942,cg0736,cg0736,0,sampled_negative,unknown,0,0,0,0,0,,,0,0,0,0,,0,0,OP_cg0737,1,3,0,0,,,,0,0,0,0,0,0,0,,,,0,0,0,0,,,8,0,0,,0,
1581,0.452914,cg0454,cg0454,cg1833,cg1833,0,sampled_negative,unknown,0,0,0,0,0,,,0,0,0,0,,0,0,OP_cg1832,1,3,0,0,,,,0,0,0,0,0,0,0,,,,0,0,0,0,,,8,0,0,,0,
1582,0.452914,cg2152,clgR,cg2857,purF,0,sampled_negative,unknown,0,0,0,0,0,,,0,0,0,0,,0,0,OP_cg2859,1,3,0,0,,,,0,0,0,0,0,0,0,,,,0,0,0,0,,,8,0,0,,0,
1583,0.452914,cg1308,rhcR,cg1884,cg1884,0,sampled_negative,unknown,0,0,0,0,0,,,0,0,0,0,,0,0,OP_cg1884,1,3,0,0,,,,0,0,0,0,0,0,0,,,,0,0,0,0,,,8,0,0,,0,
1584,0.452914,cg1486,ltbR,cg0736,cg0736,0,sampled_negative,unknown,0,0,0,0,0,,,0,0,0,0,,0,0,OP_cg0737,1,3,0,0,,,,0,0,0,0,0,0,0,,,,0,0,0,0,,,8,0,0,,0,
1585,0.452914,cg2114,cg2114,cg0809,cg0809,0,sampled_negative,unknown,0,0,0,0,0,,,0,0,0,0,,0,0,OP_cg0811,1,3,0,0,,,,0,0,0,0,0,0,0,,,,0,0,0,0,,,8,0,0,,0,
1586,0.452914,cg0215,cspA,cg2569,dctX,0,sampled_negative,unknown,0,0,0,0,0,,,0,0,0,0,,0,0,OP_cg2570,1,3,0,0,,,,0,0,0,0,0,0,0,,,,0,0,0,0,,,8,0,0,,0,
1587,0.452914,cg1425,lysG,cg0809,cg0809,0,sampled_negative,unknown,0,0,0,0,0,,,0,0,0,0,,0,0,OP_cg0811,1,3,0,0,,,,0,0,0,0,0,0,0,,,,0,0,0,0,,,8,0,0,,0,
1588,0.452914,cg2831,ramA,cg0484,cgtR4,0,sampled_negative,unknown,0,0,0,0,0,,,0,0,0,0,,0,0,OP_cg0482,1,3,0,0,,,,0,0,0,0,0,0,0,,,,0,0,0,0,,,8,0,0,,0,
1589,0.452914,cg1552,qorR,cg3308,rpsF,0,sampled_negative,unknown,0,0,0,0,0,,,0,0,0,0,,0,0,OP_cg3308,1,3,0,0,,,,0,0,0,0,0,0,0,,,,0,0,0,0,,,8,0,0,,0,
1590,0.452914,cg2544,gntR3,cg3350,hpaG,0,sampled_negative,unknown,0,0,0,0,0,,,0,0,0,0,,0,0,OP_cg3351,1,3,0,0,,,,0,0,0,0,0,0,0,,,,0,0,0,0,,,8,0,0,,0,
1591,0.452914,cg1738,acnR,cg2618,vanK,0,sampled_negative,unknown,0,0,0,0,0,,,0,0,0,0,,0,0,OP_cg2616,1,3,0,0,,,,0,0,0,0,0,0,0,,,,0,0,0,0,,,8,0,0,,0,
1592,0.452914,cg2641,benR,cg2331,cg2331,0,sampled_negative,unknown,0,0,0,0,0,,,0,0,0,0,,0,0,OP_cg2332,1,3,0,0,,,,0,0,0,0,0,0,0,,,,0,0,0,0,,,8,0,0,,0,
1593,0.452914,cg2500,znR,cg1707,cg1707,0,sampled_negative,unknown,0,0,0,0,0,,,0,0,0,0,,0,0,OP_cg1705,1,3,0,0,,,,0,0,0,0,0,0,0,,,,0,0,0,0,,,8,0,0,,0,
1594,0.452914,cg1486,ltbR,cg0759,prpD2,0,sampled_negative,unknown,0,0,0,0,0,,,0,0,0,0,,0,0,OP_cg0759,1,3,0,0,,,,0,0,0,0,0,0,0,,,,0,0,0,0,,,8,0,0,,0,
1595,0.452914,cg1410,rbsR,cg0735,cg0735,0,sampled_negative,unknown,0,0,0,0,0,,,0,0,0,0,,0,0,OP_cg0737,1,3,0,0,,,,0,0,0,0,0,0,0,,,,0,0,0,0,,,8,0,0,,0,
1596,0.452914,cg0309,sigC,cg1386,fixA,0,sampled_negative,unknown,0,0,0,0,0,,,0,0,0,0,,0,0,OP_cg1386,1,3,0,0,,,,0,0,0,0,0,0,0,,,,0,0,0,0,,,8,0,0,,0,
1597,0.452914,cg3097,hspR,cg1152,ssiF,0,sampled_negative,unknown,0,0,0,0,0,,,0,0,0,0,,0,0,OP_cg1151,1,3,0,0,,,,0,0,0,0,0,0,0,,,,0,0,0,0,,,8,0,0,,0,
1598,0.452914,cg0215,cspA,cg0969,nei,0,sampled_negative,unknown,0,0,0,0,0,,,0,0,0,0,,0,0,OP_cg0968,1,3,0,0,,,,0,0,0,0,0,0,0,,,,0,0,0,0,,,8,0,0,,0,
1599,0.452914,cg2641,benR,cg0583,fusA,0,sampled_negative,unknown,0,0,0,0,0,,,0,0,0,0,,0,0,OP_cg0581,1,3,0,0,,,,0,0,0,0,0,0,0,,,,0,0,0,0,,,8,0,0,,0,
1600,0.452914,cg1552,qorR,cg3369,qcrA2,0,sampled_negative,unknown,0,0,0,0,0,,,0,0,0,0,,0,0,OP_cg3367,1,3,0,0,,,,0,0,0,0,0,0,0,,,,0,0,0,0,,,8,0,0,,0,
1601,0.452914,cg1765,sufR,cg0968,cg0968,0,sampled_negative,unknown,0,0,0,0,0,,,0,0,0,0,,0,0,OP_cg0968,1,3,0,0,,,,0,0,0,0,0,0,0,,,,0,0,0,0,,,8,0,0,,0,
1602,0.452914,cg2737,cg2737,cg3308,rpsF,0,sampled_negative,unknown,0,0,0,0,0,,,0,0,0,0,,0,0,OP_cg3308,1,3,0,0,,,,0,0,0,0,0,0,0,,,,0,0,0,0,,,8,0,0,,0,
1603,0.452914,cg2766,cg2766,cg2422,lipB,0,sampled_negative,unknown,0,0,0,0,0,,,0,0,0,0,,0,0,OP_cg2422,1,3,0,0,,,,0,0,0,0,0,0,0,,,,0,0,0,0,,,8,0,0,,0,
1604,0.452914,cg2502,fur,cg2258,glnD,0,sampled_negative,unknown,0,0,0,0,0,,,0,0,0,0,,0,0,OP_cg2261,1,3,0,0,,,,0,0,0,0,0,0,0,,,,0,0,0,0,,,8,0,0,,0,
1605,0.452914,cg2109,oxyR,cg0968,cg0968,0,sampled_negative,unknown,0,0,0,0,0,,,0,0,0,0,,0,0,OP_cg0968,1,3,0,0,,,,0,0,0,0,0,0,0,,,,0,0,0,0,,,8,0,0,,0,
1606,0.452914,cg0090,cg0090,cg1608,xerD,0,sampled_negative,unknown,0,0,0,0,0,,,0,0,0,0,,0,0,OP_cg1606,1,3,0,0,,,,0,0,0,0,0,0,0,,,,0,0,0,0,,,8,0,0,,0,
1607,0.452914,cg0012,ssuR,cg2786,nrdE,0,sampled_negative,unknown,0,0,0,0,0,,,0,0,0,0,,0,0,OP_cg2789,1,3,0,0,,,,0,0,0,0,0,0,0,,,,0,0,0,0,,,8,0,0,,0,
1608,0.452914,cg0800,prpR,cg1997,cg1997,0,sampled_negative,unknown,0,0,0,0,0,,,0,0,0,0,,0,0,OP_cg1996,1,3,0,0,,,,0,0,0,0,0,0,0,,,,0,0,0,0,,,8,0,0,,0,
1609,0.452914,cg3247,cgtR11(hrrA),cg0809,cg0809,0,sampled_negative,unknown,0,0,0,0,0,,,0,0,0,0,,0,0,OP_cg0811,1,3,0,0,,,,0,0,0,0,0,0,0,,,,0,0,0,0,,,8,0,0,,0,
1610,0.452914,cg1211,oasR,cg2928,nagB,0,sampled_negative,unknown,0,0,0,0,0,,,0,0,0,0,,0,0,OP_cg2929,1,3,0,0,,,,0,0,0,0,0,0,0,,,,0,0,0,0,,,8,0,0,,0,
1611,0.452914,cg1765,sufR,cg1833,cg1833,0,sampled_negative,unknown,0,0,0,0,0,,,0,0,0,0,,0,0,OP_cg1832,1,3,0,0,,,,0,0,0,0,0,0,0,,,,0,0,0,0,,,8,0,0,,0,
1612,0.452914,cg2092,sigA,cg1005,moeA2,0,sampled_negative,unknown,0,0,0,0,0,,,0,0,0,0,,0,0,OP_cg1004,1,3,0,0,,,,0,0,0,0,0,0,0,,,,0,0,0,0,,,8,0,0,,0,
1613,0.452914,cg2112,cg2112,cg3349,cg3349,0,sampled_negative,unknown,0,0,0,0,0,,,0,0,0,0,,0,0,OP_cg3351,1,3,0,0,,,,0,0,0,0,0,0,0,,,,0,0,0,0,,,8,0,0,,0,
1614,0.451677,cg2965,cg2965,cg2966,cg2966,1,curated_positive,A,1,0,0,0,0,,experimental + predicted,0.75,1,1,2,CoryneRegNet,1,1,,0,0,0,1,2,0.9456,-21.83,2,0,0,0,0,0,0,,,,0,0,0,0,,,5,0,0,,0,
1615,0.449099,cg0350,cg0350,cg1789,tpi,1,curated_positive,R,0,1,0,0,0,,predicted,0.2,0,1,2,CoryneRegNet,1,1,OP_cg1790,1,3,0,1,4,0.921,-12.62,2,0,0,0,0,0,0,,,,0,0,0,0,,,5,0,0,,0,
1616,0.449099,cg2092,sigA,cg1789,tpi,1,curated_positive,A,1,0,0,0,0,,experimental,0.75,1,1,1,CoryneRegNet,1,1,OP_cg1790,1,3,0,1,4,0.921,-12.62,2,0,0,0,0,0,0,,,,0,0,0,0,,,5,0,0,,0,
1617,0.449099,cg2102,sigB,cg1789,tpi,1,curated_positive,unknown,0,0,1,0,0,,predicted,0.2,0,1,1,CoryneRegNet,1,1,OP_cg1790,1,3,0,1,4,0.921,-12.62,2,0,0,0,0,0,0,,,,0,0,0,0,,,5,0,0,,0,
1618,0.449099,cg2502,fur,cg1789,tpi,0,sampled_negative,unknown,0,0,0,0,0,,,0,0,0,0,,0,0,OP_cg1790,1,3,0,1,4,0.921,-12.62,2,0,0,0,0,0,0,,,,0,0,0,0,,,5,0,0,,0,
1619,0.448932,cg2910,cg2910,cg0044,cg0044,1,curated_positive,A,1,0,0,0,0,,experimental,0.75,1,1,1,CoryneRegNet,1,1,OP_cg0044,1,3,0,1,1,0.1862,-15.53,3,0,0,0,0,0,0,,,,0,0,0,0,,,5,0,0,,0,
1620,0.448932,cg3247,cgtR11(hrrA),cg0044,cg0044,0,sampled_negative,unknown,0,0,0,0,0,,,0,0,0,0,,0,0,OP_cg0044,1,3,0,1,1,0.1862,-15.53,3,0,0,0,0,0,0,,,,0,0,0,0,,,5,0,0,,0,
1621,0.445763,cg2092,sigA,cg1111,eno,1,curated_positive,A,1,0,0,0,0,,experimental,0.75,1,1,1,CoryneRegNet,1,1,,0,0,0,1,3,0.2048,-21.07,1,0,0,0,0,0,0,,,,0,0,0,0,,,5,0,0,,0,
1622,0.445763,cg2102,sigB,cg1111,eno,1,curated_positive,unknown,0,0,1,0,0,,predicted,0.2,0,1,1,CoryneRegNet,1,1,,0,0,0,1,3,0.2048,-21.07,1,0,0,0,0,0,0,,,,0,0,0,0,,,5,0,0,,0,
1623,0.445763,cg2115,cg2115,cg1111,eno,1,curated_positive,R,0,1,0,0,0,,experimental,0.75,1,1,1,CoryneRegNet,1,1,,0,0,0,1,3,0.2048,-21.07,1,0,0,0,0,0,0,,,,0,0,0,0,,,5,0,0,,0,
1624,0.445763,cg1218,nrtR,cg1111,eno,0,sampled_negative,unknown,0,0,0,0,0,,,0,0,0,0,,0,0,,0,0,0,1,3,0.2048,-21.07,1,0,0,0,0,0,0,,,,0,0,0,0,,,5,0,0,,0,
1625,0.445763,cg0090,cg0090,cg1111,eno,0,sampled_negative,unknown,0,0,0,0,0,,,0,0,0,0,,0,0,,0,0,0,1,3,0.2048,-21.07,1,0,0,0,0,0,0,,,,0,0,0,0,,,5,0,0,,0,
1626,0.445763,cg1765,sufR,cg1111,eno,0,sampled_negative,unknown,0,0,0,0,0,,,0,0,0,0,,0,0,,0,0,0,1,3,0.2048,-21.07,1,0,0,0,0,0,0,,,,0,0,0,0,,,5,0,0,,0,
1627,0.444858,cg0350,cg0350,cg2628,pcaI,1,curated_positive,R,0,1,0,0,0,,predicted,0.2,0,1,1,CoryneRegNet,1,1,OP_cg2631,1,4,0,1,1,0.07169,-21.34,2,0,0,0,0,0,0,,,,0,0,0,0,,,5,0,0,,0,
1628,0.444858,cg2624,pcaR,cg2628,pcaI,1,curated_positive,R,0,1,0,0,0,,predicted,0.2,0,1,1,CoryneRegNet,1,1,OP_cg2631,1,4,0,1,1,0.07169,-21.34,2,0,0,0,0,0,0,,,,0,0,0,0,,,5,0,0,,0,
1629,0.444858,cg2627,cg2627,cg2628,pcaI,1,curated_positive,A,1,0,0,0,0,,experimental,0.75,1,1,1,CoryneRegNet,1,1,OP_cg2631,1,4,0,1,1,0.07169,-21.34,2,0,0,0,0,0,0,,,,0,0,0,0,,,5,0,0,,0,
1630,0.444858,cg3082,cg3082,cg2628,pcaI,0,sampled_negative,unknown,0,0,0,0,0,,,0,0,0,0,,0,0,OP_cg2631,1,4,0,1,1,0.07169,-21.34,2,0,0,0,0,0,0,,,,0,0,0,0,,,5,0,0,,0,
1631,0.444256,cg0876,sigH,cg1432,ilvD,1,curated_positive,unknown,0,0,1,0,0,,experimental,0.75,1,1,1,CoryneRegNet,1,1,,0,0,0,1,6,0.3736,-25.84,2,0,0,0,0,0,0,,,,0,0,0,0,,,5,0,0,,0,
1632,0.444256,cg2092,sigA,cg1432,ilvD,1,curated_positive,A,1,0,0,0,0,,experimental,0.75,1,1,1,CoryneRegNet,1,1,,0,0,0,1,6,0.3736,-25.84,2,0,0,0,0,0,0,,,,0,0,0,0,,,5,0,0,,0,
1633,0.444256,cg0986,amtR,cg1432,ilvD,0,sampled_negative,unknown,0,0,0,0,0,,,0,0,0,0,,0,0,,0,0,0,1,6,0.3736,-25.84,2,0,0,0,0,0,0,,,,0,0,0,0,,,5,0,0,,0,
1634,0.444029,cg2092,sigA,cg2911,cg2911,1,curated_positive,A,1,0,0,0,0,,experimental,0.75,1,1,1,CoryneRegNet,1,1,OP_cg2911,1,3,0,1,5,0.6085,-14.91,1,0,0,0,0,0,0,,,,0,0,0,0,,,5,0,0,,0,
1635,0.444029,cg0215,cspA,cg2911,cg2911,0,sampled_negative,unknown,0,0,0,0,0,,,0,0,0,0,,0,0,OP_cg2911,1,3,0,1,5,0.6085,-14.91,1,0,0,0,0,0,0,,,,0,0,0,0,,,5,0,0,,0,
1636,0.444029,cg2500,znR,cg2911,cg2911,0,sampled_negative,unknown,0,0,0,0,0,,,0,0,0,0,,0,0,OP_cg2911,1,3,0,1,5,0.6085,-14.91,1,0,0,0,0,0,0,,,,0,0,0,0,,,5,0,0,,0,
1637,0.443512,cg0646,cg0646,cg2893,cg2893,0,sampled_negative,unknown,0,0,0,0,0,,,0,0,0,0,,0,0,OP_cg2893,1,2,0,1,2,0.9357,-21.62,3,0,0,0,0,0,0,,,,0,0,0,0,,,5,0,0,,0,
1638,0.443512,cg2102,sigB,cg2893,cg2893,0,sampled_negative,unknown,0,0,0,0,0,,,0,0,0,0,,0,0,OP_cg2893,1,2,0,1,2,0.9357,-21.62,3,0,0,0,0,0,0,,,,0,0,0,0,,,5,0,0,,0,
1639,0.442112,cg2831,cg2831,cg2954,cynT,1,curated_positive,R,0,1,0,0,0,,experimental,0.75,1,1,1,CoryneRegNet,1,1,,0,0,0,1,5,0.3388,-22.98,2,0,0,0,0,0,0,,,,0,0,0,0,,,5,0,0,,0,
1640,0.442112,cg1792,whiA,cg2954,cynT,0,sampled_negative,unknown,0,0,0,0,0,,,0,0,0,0,,0,0,,0,0,0,1,5,0.3388,-22.98,2,0,0,0,0,0,0,,,,0,0,0,0,,,5,0,0,,0,
1641,0.442012,cg0337,whiB4,cg3422,trxB,1,curated_positive,R,0,1,0,0,0,,predicted,0.2,0,1,1,CoryneRegNet,1,1,,0,0,0,1,6,0.6875,-9.76,1,0,0,0,0,0,0,,,,0,0,0,0,,,5,0,0,,0,
1642,0.442012,cg0695,whiB3,cg3422,trxB,1,curated_positive,R,0,1,0,0,0,,predicted,0.2,0,1,1,CoryneRegNet,1,1,,0,0,0,1,6,0.6875,-9.76,1,0,0,0,0,0,0,,,,0,0,0,0,,,5,0,0,,0,
1643,0.442012,cg0876,sigH,cg3422,trxB,1,curated_positive,unknown,0,0,1,0,0,,experimental,0.75,1,1,2,CoryneRegNet,1,1,,0,0,0,1,6,0.6875,-9.76,1,0,0,0,0,0,0,,,,0,0,0,0,,,5,0,0,,0,
1644,0.442012,cg0878,whiB1,cg3422,trxB,1,curated_positive,A,1,0,0,0,0,,predicted,0.2,0,1,1,CoryneRegNet,1,1,,0,0,0,1,6,0.6875,-9.76,1,0,0,0,0,0,0,,,,0,0,0,0,,,5,0,0,,0,
1645,0.442012,cg3420,sigM,cg3422,trxB,1,curated_positive,unknown,0,0,1,0,0,,experimental,0.75,1,1,1,CoryneRegNet,1,1,,0,0,0,1,6,0.6875,-9.76,1,0,0,0,0,0,0,,,,0,0,0,0,,,5,0,0,,0,
1646,0.442012,cg0696,sigD,cg3422,trxB,0,sampled_negative,unknown,0,0,0,0,0,,,0,0,0,0,,0,0,,0,0,0,1,6,0.6875,-9.76,1,0,0,0,0,0,0,,,,0,0,0,0,,,5,0,0,,0,
1647,0.442012,cg0993,cg0993,cg3422,trxB,0,sampled_negative,unknown,0,0,0,0,0,,,0,0,0,0,,0,0,,0,0,0,1,6,0.6875,-9.76,1,0,0,0,0,0,0,,,,0,0,0,0,,,5,0,0,,0,
1648,0.442012,cg3388,cg3388,cg3422,trxB,0,sampled_negative,unknown,0,0,0,0,0,,,0,0,0,0,,0,0,,0,0,0,1,6,0.6875,-9.76,1,0,0,0,0,0,0,,,,0,0,0,0,,,5,0,0,,0,
1649,0.440819,cg2103,dtxR,cg0469,cg0469,1,curated_positive,R,0,1,0,0,0,,experimental,0.75,1,1,1,CoryneRegNet,1,1,OP_cg0466,1,4,0,1,13,0.3892,-18.99,0,0,0,0,0,0,0,,,,0,0,0,0,,,5,0,0,,0,
1650,0.439884,cg0343,cg0343,cg0344,fabG1,1,curated_positive,R,0,1,0,0,0,,experimental,0.75,1,1,1,CoryneRegNet,1,1,OP_cg0344,1,4,0,1,1,0.01427,-20.15,3,0,0,0,0,0,0,,,,0,0,0,0,,,5,0,0,,0,
1651,0.439884,cg1340,arnR,cg0344,phdB(fabG1),0,sampled_negative,unknown,0,0,0,0,0,,,0,0,0,0,,0,0,OP_cg0344,1,4,0,1,1,0.01427,-20.15,3,0,0,0,0,0,0,,,,0,0,0,0,,,5,0,0,,0,
1652,0.439080,cg2092,sigA,cg2118,cg2118,1,curated_positive,A,1,0,0,0,0,,experimental,0.75,1,1,1,CoryneRegNet,1,1,OP_cg2118,1,3,0,1,5,0.2183,-20.76,1,0,0,0,0,0,0,,,,0,0,0,0,,,5,0,0,,0,
1653,0.439080,cg3224,cg3224,cg2118,cg2118,1,curated_positive,R,0,1,0,0,0,,experimental,0.75,1,1,1,CoryneRegNet,1,1,OP_cg2118,1,3,0,1,5,0.2183,-20.76,1,0,0,0,0,0,0,,,,0,0,0,0,,,5,0,0,,0,
1654,0.439080,cg0313,lrp,cg2118,fruR,0,sampled_negative,unknown,0,0,0,0,0,,,0,0,0,0,,0,0,OP_cg2118,1,3,0,1,5,0.2183,-20.76,1,0,0,0,0,0,0,,,,0,0,0,0,,,5,0,0,,0,
1655,0.439080,cg1218,nrtR,cg2118,fruR,0,sampled_negative,unknown,0,0,0,0,0,,,0,0,0,0,,0,0,OP_cg2118,1,3,0,1,5,0.2183,-20.76,1,0,0,0,0,0,0,,,,0,0,0,0,,,5,0,0,,0,
1656,0.438205,cg0196,cg0196,cg0204,iolG,1,curated_positive,R,0,1,0,0,0,,experimental,0.75,1,1,1,CoryneRegNet,1,1,OP_cg0197,1,8,0,1,10,0.9519,-16.57,1,0,0,0,0,0,0,,,,0,0,0,0,,,5,0,0,,0,
1657,0.438205,cg0350,cg0350,cg0204,iolG,1,curated_positive,R,0,1,0,0,0,,experimental,0.75,1,1,1,CoryneRegNet,1,1,OP_cg0197,1,8,0,1,10,0.9519,-16.57,1,0,0,0,0,0,0,,,,0,0,0,0,,,5,0,0,,0,
1658,0.438205,cg0454,cg0454,cg0204,iolG,0,sampled_negative,unknown,0,0,0,0,0,,,0,0,0,0,,0,0,OP_cg0197,1,8,0,1,10,0.9519,-16.57,1,0,0,0,0,0,0,,,,0,0,0,0,,,5,0,0,,0,
1659,0.438058,cg0876,sigH,cg1179,cg1179,1,curated_positive,unknown,0,0,1,0,0,,experimental,0.75,1,1,1,CoryneRegNet,1,1,OP_cg1179,1,3,0,1,9,0.7545,-17.72,1,0,0,0,0,0,0,,,,0,0,0,0,,,5,0,0,,0,
1660,0.438058,cg0337,whiB4(whcA),cg1179,cg1179,0,sampled_negative,unknown,0,0,0,0,0,,,0,0,0,0,,0,0,OP_cg1179,1,3,0,1,9,0.7545,-17.72,1,0,0,0,0,0,0,,,,0,0,0,0,,,5,0,0,,0,
1661,0.437632,cg1552,qorR,cg1142,cg1142,0,sampled_negative,unknown,0,0,0,0,0,,,0,0,0,0,,0,0,OP_cg1142,1,4,0,1,6,0.7007,-14.77,3,0,0,0,0,0,0,,,,0,0,0,0,,,5,0,0,,0,
1662,0.437158,cg2092,sigA,cg2905,thrE,1,curated_positive,A,1,0,0,0,0,,experimental,0.75,1,1,1,CoryneRegNet,1,1,,0,0,0,1,5,0.7028,-8.9,1,0,0,0,0,0,0,,,,0,0,0,0,,,5,0,0,,0,
1663,0.437158,cg0702,cg0702,cg2905,thrE,0,sampled_negative,unknown,0,0,0,0,0,,,0,0,0,0,,0,0,,0,0,0,1,5,0.7028,-8.9,1,0,0,0,0,0,0,,,,0,0,0,0,,,5,0,0,,0,
1664,0.437158,cg1861,rel(relA),cg2905,thrE,0,sampled_negative,unknown,0,0,0,0,0,,,0,0,0,0,,0,0,,0,0,0,1,5,0.7028,-8.9,1,0,0,0,0,0,0,,,,0,0,0,0,,,5,0,0,,0,
1665,0.436263,cg2936,cg2936,cg2931,nanA,1,curated_positive,R,0,1,0,0,0,,experimental,0.75,1,1,1,CoryneRegNet,1,1,,0,0,0,1,9,0.421,-20.89,1,0,0,0,0,0,0,,,,0,0,0,0,,,5,0,0,,0,
1666,0.436263,cg2627,cg2627,cg2931,nanA,0,sampled_negative,unknown,0,0,0,0,0,,,0,0,0,0,,0,0,,0,0,0,1,9,0.421,-20.89,1,0,0,0,0,0,0,,,,0,0,0,0,,,5,0,0,,0,
1667,0.431733,cg0986,amtR,cg2182,cg2182,1,curated_positive,R,0,1,0,0,0,,experimental,0.75,1,1,3,CoryneRegNet,1,1,OP_cg2181,1,4,0,1,7,0.7446,-12.58,1,0,0,0,0,0,0,,,,0,0,0,0,,,5,0,0,,0,
1668,0.431733,cg2888,cgtR3(phoR),cg2182,cg2182,0,sampled_negative,unknown,0,0,0,0,0,,,0,0,0,0,,0,0,OP_cg2181,1,4,0,1,7,0.7446,-12.58,1,0,0,0,0,0,0,,,,0,0,0,0,,,5,0,0,,0,
1669,0.431733,cg0565,gabR,cg2182,cg2182,0,sampled_negative,unknown,0,0,0,0,0,,,0,0,0,0,,0,0,OP_cg2181,1,4,0,1,7,0.7446,-12.58,1,0,0,0,0,0,0,,,,0,0,0,0,,,5,0,0,,0,
1670,0.431365,cg3202,cg3202,cg1582,argB,1,curated_positive,R,0,1,0,0,0,,experimental,0.75,1,1,2,CoryneRegNet,1,1,OP_cg1580,1,6,0,1,4,0.9383,-19.44,1,0,0,0,0,0,0,,,,0,0,0,0,,,5,0,0,,0,
1671,0.430667,cg2102,sigB,cg1084,cgtR10,1,curated_positive,unknown,0,0,1,0,0,,predicted,0.2,0,1,1,CoryneRegNet,1,1,OP_cg1083,1,2,0,1,12,0.952,-9.69,0,0,0,0,0,0,0,,,,0,0,0,0,,,5,0,0,,0,
1672,0.430028,cg1218,nrtR,cg2494,dgt,0,sampled_negative,unknown,0,0,0,0,0,,,0,0,0,0,,0,0,OP_cg2495,1,2,0,1,9,0.3642,-11.37,1,0,0,0,0,0,0,,,,0,0,0,0,,,5,0,0,,0,
1673,0.429671,cg3224,lldR,cg1655,thiM,0,sampled_negative,unknown,0,0,0,0,0,,,0,0,0,0,,0,0,,0,0,0,1,11,0.313,-16.84,0,0,0,0,0,0,0,,,,0,0,0,0,,,5,0,0,,0,
1674,0.429454,cg2092,sigA,cg1790,pgk,1,curated_positive,A,1,0,0,0,0,,experimental,0.75,1,1,1,CoryneRegNet,1,1,OP_cg1790,1,3,0,1,10,0.7997,-16.17,1,0,0,0,0,0,0,,,,0,0,0,0,,,5,0,0,,0,
1675,0.429454,cg2102,sigB,cg1790,pgk,1,curated_positive,unknown,0,0,1,0,0,,predicted,0.2,0,1,1,CoryneRegNet,1,1,OP_cg1790,1,3,0,1,10,0.7997,-16.17,1,0,0,0,0,0,0,,,,0,0,0,0,,,5,0,0,,0,
1676,0.429454,cg1218,nrtR,cg1790,pgk,0,sampled_negative,unknown,0,0,0,0,0,,,0,0,0,0,,0,0,OP_cg1790,1,3,0,1,10,0.7997,-16.17,1,0,0,0,0,0,0,,,,0,0,0,0,,,5,0,0,,0,
1677,0.429454,cg2114,cg2114,cg1790,pgk,0,sampled_negative,unknown,0,0,0,0,0,,,0,0,0,0,,0,0,OP_cg1790,1,3,0,1,10,0.7997,-16.17,1,0,0,0,0,0,0,,,,0,0,0,0,,,5,0,0,,0,
1678,0.427954,cg1218,nrtR,cg1677,cobG,0,sampled_negative,unknown,0,0,0,0,0,,,0,0,0,0,,0,0,,0,0,0,1,1,0.448,-25.98,11,0,0,0,0,0,0,,,,0,0,0,0,,,5,0,0,,0,
1679,0.426875,cg2092,sigA,cg0794,cg0794,1,curated_positive,A,1,0,0,0,0,,experimental,0.75,1,1,1,CoryneRegNet,1,1,,0,0,0,1,1,0.03551,-52.25,2,0,0,0,0,0,0,,,,0,0,0,0,,,5,0,0,,0,
1680,0.426875,cg3420,sigM,cg0794,cg0794,0,sampled_negative,unknown,0,0,0,0,0,,,0,0,0,0,,0,0,,0,0,0,1,1,0.03551,-52.25,2,0,0,0,0,0,0,,,,0,0,0,0,,,5,0,0,,0,
1681,0.426748,cg2092,sigA,cg1333,argS,1,curated_positive,A,1,0,0,0,0,,experimental,0.75,1,1,1,CoryneRegNet,1,1,OP_cg1333,1,2,0,1,15,0.3319,-15.36,0,0,0,0,0,0,0,,,,0,0,0,0,,,5,0,0,,0,
1682,0.426748,cg3253,mcbR,cg1333,argS,0,sampled_negative,unknown,0,0,0,0,0,,,0,0,0,0,,0,0,OP_cg1333,1,2,0,1,15,0.3319,-15.36,0,0,0,0,0,0,0,,,,0,0,0,0,,,5,0,0,,0,
1683,0.426748,cg1817,pyrR,cg1333,argS,0,sampled_negative,unknown,0,0,0,0,0,,,0,0,0,0,,0,0,OP_cg1333,1,2,0,1,15,0.3319,-15.36,0,0,0,0,0,0,0,,,,0,0,0,0,,,5,0,0,,0,
1684,0.426069,cg2092,sigA,cg1737,acn,1,curated_positive,A,1,0,0,0,0,,experimental,0.75,1,1,1,CoryneRegNet,1,1,OP_cg1737,1,2,0,1,6,0.7028,-11.17,2,0,0,0,0,0,0,,,,0,0,0,0,,,5,0,0,,0,
1685,0.426069,cg2268,cg2268,cg1737,acn,0,sampled_negative,unknown,0,0,0,0,0,,,0,0,0,0,,0,0,OP_cg1737,1,2,0,1,6,0.7028,-11.17,2,0,0,0,0,0,0,,,,0,0,0,0,,,5,0,0,,0,
1686,0.425783,cg0876,sigH,cg2330,cg2330,1,curated_positive,unknown,0,0,1,0,0,,predicted,0.05,0,0,0,CoryneRegNet,1,1,OP_cg2332,1,3,0,1,10,0.3953,-24.97,1,0,0,0,0,0,0,,,,0,0,0,0,,,5,0,0,,0,
1687,0.423830,cg1585,argR,cg1812,pyrF,1,curated_positive,R,0,1,0,0,0,,predicted,0.05,0,0,0,CoryneRegNet,1,1,,0,0,0,1,6,0.8045,-7.97,1,0,0,0,0,0,0,,,,0,0,0,0,,,5,0,0,,0,
1688,0.423830,cg1084,cgtR10,cg1812,pyrF,0,sampled_negative,unknown,0,0,0,0,0,,,0,0,0,0,,0,0,,0,0,0,1,6,0.8045,-7.97,1,0,0,0,0,0,0,,,,0,0,0,0,,,5,0,0,,0,
1689,0.423830,cg2783,cg2783,cg1812,pyrF,0,sampled_negative,unknown,0,0,0,0,0,,,0,0,0,0,,0,0,,0,0,0,1,6,0.8045,-7.97,1,0,0,0,0,0,0,,,,0,0,0,0,,,5,0,0,,0,
1690,0.423434,cg3247,cgtR11,cg0524,ccsB,1,curated_positive,R,0,1,0,0,0,,experimental,0.75,1,1,1,CoryneRegNet,1,1,OP_cg0516,1,8,0,1,6,0.7136,-18.79,1,0,0,0,0,0,0,,,,0,0,0,0,,,5,0,0,,0,
1691,0.423434,cg2942,cg2942,cg0524,ccsB,0,sampled_negative,unknown,0,0,0,0,0,,,0,0,0,0,,0,0,OP_cg0516,1,8,0,1,6,0.7136,-18.79,1,0,0,0,0,0,0,,,,0,0,0,0,,,5,0,0,,0,
1692,0.423317,cg3247,cgtR11,cg0518,hemL,1,curated_positive,R,0,1,0,0,0,,experimental,0.75,1,1,1,CoryneRegNet,1,1,OP_cg0516,1,8,0,1,3,0.1658,-15.39,3,0,0,0,0,0,0,,,,0,0,0,0,,,5,0,0,,0,
1693,0.423317,cg0709,cgtR7(esrR),cg0518,hemL,0,sampled_negative,unknown,0,0,0,0,0,,,0,0,0,0,,0,0,OP_cg0516,1,8,0,1,3,0.1658,-15.39,3,0,0,0,0,0,0,,,,0,0,0,0,,,5,0,0,,0,
1694,0.422290,cg0196,cg0196,cg0201,iolB,1,curated_positive,R,0,1,0,0,0,,experimental,0.75,1,1,1,CoryneRegNet,1,1,OP_cg0197,1,8,0,1,1,0.2199,-14.9,2,0,0,0,0,0,0,,,,0,0,0,0,,,5,0,0,,0,
1695,0.422290,cg0350,cg0350,cg0201,iolB,1,curated_positive,R,0,1,0,0,0,,experimental,0.75,1,1,1,CoryneRegNet,1,1,OP_cg0197,1,8,0,1,1,0.2199,-14.9,2,0,0,0,0,0,0,,,,0,0,0,0,,,5,0,0,,0,
1696,0.422290,cg3261,cg3261,cg0201,iolB,0,sampled_negative,unknown,0,0,0,0,0,,,0,0,0,0,,0,0,OP_cg0197,1,8,0,1,1,0.2199,-14.9,2,0,0,0,0,0,0,,,,0,0,0,0,,,5,0,0,,0,
1697,0.421230,cg2641,cg2641,cg2642,benK1,1,curated_positive,A,1,0,0,0,0,,predicted,0.05,0,0,0,CoryneRegNet,1,1,OP_cg2642,1,2,0,1,3,0.1994,-14.17,1,0,0,0,0,0,0,,,,0,0,0,0,,,5,0,0,,0,
1698,0.421230,cg2502,fur,cg2642,benK1,0,sampled_negative,unknown,0,0,0,0,0,,,0,0,0,0,,0,0,OP_cg2642,1,2,0,1,3,0.1994,-14.17,1,0,0,0,0,0,0,,,,0,0,0,0,,,5,0,0,,0,
1699,0.418229,cg1218,nrtR,cg1857,ppiB,0,sampled_negative,unknown,0,0,0,0,0,,,0,0,0,0,,0,0,,0,0,0,1,3,0.06684,-16.49,3,0,0,0,0,0,0,,,,0,0,0,0,,,5,0,0,,0,
1700,0.418033,cg3285,cgtR9(copR),cg0656,rplQ,0,sampled_negative,unknown,0,0,0,0,0,,,0,0,0,0,,0,0,OP_cg0651,1,7,0,1,5,0.9225,-7.93,2,0,0,0,0,0,0,,,,0,0,0,0,,,5,0,0,,0,
1701,0.415801,cg2112,cg2112,cg0977,cg0977,0,sampled_negative,unknown,0,0,0,0,0,,,0,0,0,0,,0,0,OP_cg0979,1,3,0,1,4,0.9116,-14.61,3,0,0,0,0,0,0,,,,0,0,0,0,,,5,0,0,,0,
1702,0.414087,cg3247,cgtR11,cg2200,cg2200,1,curated_positive,R,0,1,0,0,0,,predicted,0.2,0,1,1,CoryneRegNet,1,1,OP_cg2201,1,2,0,1,1,0.1175,-23.06,3,0,0,0,0,0,0,,,,0,0,0,0,,,5,0,0,,0,
1703,0.414087,cg0371,cspA2,cg2200,cgtR8,0,sampled_negative,unknown,0,0,0,0,0,,,0,0,0,0,,0,0,OP_cg2201,1,2,0,1,1,0.1175,-23.06,3,0,0,0,0,0,0,,,,0,0,0,0,,,5,0,0,,0,
1704,0.414087,cg0337,whiB4(whcA),cg2200,cgtR8,0,sampled_negative,unknown,0,0,0,0,0,,,0,0,0,0,,0,0,OP_cg2201,1,2,0,1,1,0.1175,-23.06,3,0,0,0,0,0,0,,,,0,0,0,0,,,5,0,0,,0,
1705,0.414082,cg2092,sigA,cg2616,vanA,1,curated_positive,A,1,0,0,0,0,,experimental,0.75,1,1,1,CoryneRegNet,1,1,OP_cg2616,1,3,0,1,2,0.6617,-25.35,3,0,0,0,0,0,0,,,,0,0,0,0,,,5,0,0,,0,
1706,0.414082,cg2200,cgtR8,cg2616,vanA,0,sampled_negative,unknown,0,0,0,0,0,,,0,0,0,0,,0,0,OP_cg2616,1,3,0,1,2,0.6617,-25.35,3,0,0,0,0,0,0,,,,0,0,0,0,,,5,0,0,,0,
1707,0.414082,cg1486,ltbR,cg2616,vanA,0,sampled_negative,unknown,0,0,0,0,0,,,0,0,0,0,,0,0,OP_cg2616,1,3,0,1,2,0.6617,-25.35,3,0,0,0,0,0,0,,,,0,0,0,0,,,5,0,0,,0,
1708,0.411958,cg3202,farR,cg2627,cg2627,0,sampled_negative,unknown,0,0,0,0,0,,,0,0,0,0,,0,0,OP_cg2624,1,4,0,1,2,0.009365,-22.53,2,0,0,0,0,0,0,,,,0,0,0,0,,,5,0,0,,0,
1709,0.411958,cg3373,cg3373,cg2627,cg2627,0,sampled_negative,unknown,0,0,0,0,0,,,0,0,0,0,,0,0,OP_cg2624,1,4,0,1,2,0.009365,-22.53,2,0,0,0,0,0,0,,,,0,0,0,0,,,5,0,0,,0,
1710,0.411698,cg2092,sigA,cg1568,ugpA,1,curated_positive,A,1,0,0,0,0,,experimental,0.75,1,1,1,CoryneRegNet,1,1,OP_cg1568,1,4,0,1,4,0.2677,-16.61,1,0,0,0,0,0,0,,,,0,0,0,0,,,5,0,0,,0,
1711,0.411698,cg2641,benR,cg1568,ugpA,0,sampled_negative,unknown,0,0,0,0,0,,,0,0,0,0,,0,0,OP_cg1568,1,4,0,1,4,0.2677,-16.61,1,0,0,0,0,0,0,,,,0,0,0,0,,,5,0,0,,0,
1712,0.409462,cg2092,sigA,cg0771,irp1,1,curated_positive,A,1,0,0,0,0,,experimental,0.75,1,1,1,CoryneRegNet,1,1,OP_cg0771,1,5,0,1,9,0.9337,-10.86,1,0,0,0,0,0,0,,,,0,0,0,0,,,5,0,0,,0,
1713,0.409462,cg0741,sirR(mntR),cg0771,irp1,0,sampled_negative,unknown,0,0,0,0,0,,,0,0,0,0,,0,0,OP_cg0771,1,5,0,1,9,0.9337,-10.86,1,0,0,0,0,0,0,,,,0,0,0,0,,,5,0,0,,0,
1714,0.409462,cg0090,cg0090,cg0771,irp1,0,sampled_negative,unknown,0,0,0,0,0,,,0,0,0,0,,0,0,OP_cg0771,1,5,0,1,9,0.9337,-10.86,1,0,0,0,0,0,0,,,,0,0,0,0,,,5,0,0,,0,
1715,0.408028,cg0527,glyR,cg2523,malQ,0,sampled_negative,unknown,0,0,0,0,0,,,0,0,0,0,,0,0,,0,0,0,1,7,0.9203,-10.46,1,0,0,0,0,0,0,,,,0,0,0,0,,,5,0,0,,0,
1716,0.408028,cg0337,whiB4(whcA),cg2523,malQ,0,sampled_negative,unknown,0,0,0,0,0,,,0,0,0,0,,0,0,,0,0,0,1,7,0.9203,-10.46,1,0,0,0,0,0,0,,,,0,0,0,0,,,5,0,0,,0,
1717,0.408028,cg2268,cg2268,cg2523,malQ,0,sampled_negative,unknown,0,0,0,0,0,,,0,0,0,0,,0,0,,0,0,0,1,7,0.9203,-10.46,1,0,0,0,0,0,0,,,,0,0,0,0,,,5,0,0,,0,
1718,0.407821,cg2092,sigA,cg2704,cg2704,1,curated_positive,A,1,0,0,0,0,,experimental,0.75,1,1,1,CoryneRegNet,1,1,OP_cg2705,1,4,0,1,1,0,-125.85,3,0,0,0,0,0,0,,,,0,0,0,0,,,5,0,0,,0,
1719,0.407236,cg0309,sigC,cg0892,cg0892,0,sampled_negative,unknown,0,0,0,0,0,,,0,0,0,0,,0,0,,0,0,0,1,8,0.5696,-12.05,1,0,0,0,0,0,0,,,,0,0,0,0,,,5,0,0,,0,
1720,0.406941,cg3202,farR,cg2996,ptsX',0,sampled_negative,unknown,0,0,0,0,0,,,0,0,0,0,,0,0,OP_cg2995,1,2,0,1,2,0.03271,-19.95,1,0,0,0,0,0,0,,,,0,0,0,0,,,5,0,0,,0,
1721,0.405124,cg2200,cg2200,cg2204,cg2204,1,curated_positive,A,1,0,0,0,0,,experimental,0.75,1,1,1,CoryneRegNet,1,1,OP_cg2202,1,2,0,1,4,0.09306,-10.6,6,0,0,0,0,0,0,,,,0,0,0,0,,,5,0,0,,0,
1722,0.405124,cg0309,sigC,cg2204,cg2204,0,sampled_negative,unknown,0,0,0,0,0,,,0,0,0,0,,0,0,OP_cg2202,1,2,0,1,4,0.09306,-10.6,6,0,0,0,0,0,0,,,,0,0,0,0,,,5,0,0,,0,
1723,0.405124,cg0979,cg0979,cg2204,cg2204,0,sampled_negative,unknown,0,0,0,0,0,,,0,0,0,0,,0,0,OP_cg2202,1,2,0,1,4,0.09306,-10.6,6,0,0,0,0,0,0,,,,0,0,0,0,,,5,0,0,,0,
1724,0.404799,cg0876,sigH,cg2332,cg2332,1,curated_positive,unknown,0,0,1,0,0,,experimental,0.75,1,1,1,CoryneRegNet,1,1,OP_cg2332,1,3,0,1,4,0.2793,-15.52,1,0,0,0,0,0,0,,,,0,0,0,0,,,5,0,0,,0,
1725,0.402878,cg0876,sigH,cg2078,cg2078,1,curated_positive,unknown,0,0,1,0,0,,experimental,0.75,1,1,2,CoryneRegNet,1,1,OP_cg2077,1,2,0,1,2,0.03876,-24.84,4,0,0,0,0,0,0,,,,0,0,0,0,,,5,0,0,,0,
1726,0.401795,cg0343,cg0343,cg0341,fadD1,1,curated_positive,R,0,1,0,0,0,,experimental,0.75,1,1,1,CoryneRegNet,1,1,,0,0,0,1,12,0.5784,-19.69,0,0,0,0,0,0,0,,,,0,0,0,0,,,5,0,0,,0,
1727,0.401795,cg1935,gntR2,cg0341,phdA(fadD1),0,sampled_negative,unknown,0,0,0,0,0,,,0,0,0,0,,0,0,,0,0,0,1,12,0.5784,-19.69,0,0,0,0,0,0,0,,,,0,0,0,0,,,5,0,0,,0,
1728,0.401606,cg2109,oxyR,cg1746,cg1746,1,curated_positive,R,0,1,0,0,0,,experimental,0.75,1,1,1,CoryneRegNet,1,1,,0,0,0,1,11,0.9519,-16.5,0,0,0,0,0,0,0,,,,0,0,0,0,,,5,0,0,,0,
1729,0.400977,cg2092,sigA,cg2429,glnA,1,curated_positive,A,1,0,0,0,0,,experimental,0.75,1,1,1,CoryneRegNet,1,1,,0,0,0,1,15,0.7955,-12.92,0,0,0,0,0,0,0,,,,0,0,0,0,,,5,0,0,,0,
1730,0.400977,cg1340,arnR,cg2429,glnA,0,sampled_negative,unknown,0,0,0,0,0,,,0,0,0,0,,0,0,,0,0,0,1,15,0.7955,-12.92,0,0,0,0,0,0,0,,,,0,0,0,0,,,5,0,0,,0,
1731,0.400127,cg2092,sigA,cg1290,metE,1,curated_positive,A,1,0,0,0,0,,experimental,0.75,1,1,1,CoryneRegNet,1,1,,0,0,0,1,1,0.06306,-16.83,5,0,0,0,0,0,0,,,,0,0,0,0,,,5,0,0,,0,
1732,0.400127,cg0897,pdxR,cg1290,metE,0,sampled_negative,unknown,0,0,0,0,0,,,0,0,0,0,,0,0,,0,0,0,1,1,0.06306,-16.83,5,0,0,0,0,0,0,,,,0,0,0,0,,,5,0,0,,0,
1733,0.400127,cg3285,cgtR9(copR),cg1290,metE,0,sampled_negative,unknown,0,0,0,0,0,,,0,0,0,0,,0,0,,0,0,0,1,1,0.06306,-16.83,5,0,0,0,0,0,0,,,,0,0,0,0,,,5,0,0,,0,
1734,0.398492,cg0343,cg0343,cg0340,cg0340,1,curated_positive,R,0,1,0,0,0,,experimental,0.75,1,1,1,CoryneRegNet,1,1,,0,0,0,1,10,0.9174,-16.76,1,0,0,0,0,0,0,,,,0,0,0,0,,,5,0,0,,0,
1735,0.398492,cg0019,cg0019,cg0340,phdT,0,sampled_negative,unknown,0,0,0,0,0,,,0,0,0,0,,0,0,,0,0,0,1,10,0.9174,-16.76,1,0,0,0,0,0,0,,,,0,0,0,0,,,5,0,0,,0,
1736,0.397833,cg2894,cg2894,cg1798,ribA,0,sampled_negative,unknown,0,0,0,0,0,,,0,0,0,0,,0,0,OP_cg1804,1,8,0,1,4,0.2035,-14.15,3,0,0,0,0,0,0,,,,0,0,0,0,,,5,0,0,,0,
1737,0.397641,cg3202,cg3202,cg1585,argR,1,curated_positive,R,0,1,0,0,0,,experimental,0.75,1,1,1,CoryneRegNet,1,1,OP_cg1580,1,6,0,1,6,0.9324,-26.64,2,0,0,0,0,0,0,,,,0,0,0,0,,,5,0,0,,0,
1738,0.397641,cg0500,qsuR,cg1585,argR,0,sampled_negative,unknown,0,0,0,0,0,,,0,0,0,0,,0,0,OP_cg1580,1,6,0,1,6,0.9324,-26.64,2,0,0,0,0,0,0,,,,0,0,0,0,,,5,0,0,,0,
1739,0.397641,cg2544,gntR3,cg1585,argR,0,sampled_negative,unknown,0,0,0,0,0,,,0,0,0,0,,0,0,OP_cg1580,1,6,0,1,6,0.9324,-26.64,2,0,0,0,0,0,0,,,,0,0,0,0,,,5,0,0,,0,
1740,0.396374,cg2115,sugR,cg1956,recJ,0,sampled_negative,unknown,0,0,0,0,0,,,0,0,0,0,,0,0,,0,0,0,1,4,0.04406,-19.06,1,0,0,0,0,0,0,,,,0,0,0,0,,,5,0,0,,0,
1741,0.396034,cg0696,sigD,cg3180,cg3180,1,curated_positive,A,1,0,0,0,0,,predicted,0.2,0,1,1,CoryneRegNet,1,1,,0,0,0,1,14,0.9558,-6.62,0,0,0,0,0,0,0,,,,0,0,0,0,,,5,0,0,,0,
1742,0.396034,cg1324,rosR,cg3180,cg3180,0,sampled_negative,unknown,0,0,0,0,0,,,0,0,0,0,,0,0,,0,0,0,1,14,0.9558,-6.62,0,0,0,0,0,0,0,,,,0,0,0,0,,,5,0,0,,0,
1743,0.393525,cg0350,cg0350,cg0567,gabD2,1,curated_positive,R,0,1,0,0,0,,experimental,0.75,1,1,1,CoryneRegNet,1,1,OP_cg0566,1,2,0,1,13,0.9354,-13.39,0,0,0,0,0,0,0,,,,0,0,0,0,,,5,0,0,,0,
1744,0.393525,cg0565,cg0565,cg0567,gabD2,1,curated_positive,R,0,1,0,0,0,,predicted,0.05,0,0,0,CoryneRegNet,1,1,OP_cg0566,1,2,0,1,13,0.9354,-13.39,0,0,0,0,0,0,0,,,,0,0,0,0,,,5,0,0,,0,
1745,0.393525,cg1053,cg1053,cg0567,gabD2,0,sampled_negative,unknown,0,0,0,0,0,,,0,0,0,0,,0,0,OP_cg0566,1,2,0,1,13,0.9354,-13.39,0,0,0,0,0,0,0,,,,0,0,0,0,,,5,0,0,,0,
1746,0.393240,cg0350,cg0350,cg0798,prpC1,1,curated_positive,R,0,1,0,0,0,,predicted,0.2,0,1,2,CoryneRegNet,1,1,OP_cg0796,1,3,0,1,4,0.334,-15.79,2,0,0,0,0,0,0,,,,0,0,0,0,,,5,0,0,,0,
1747,0.392715,cg0876,sigH,cg2661,cg2661,1,curated_positive,unknown,0,0,1,0,0,,experimental,0.75,1,1,2,CoryneRegNet,1,1,,0,0,0,1,6,0.8007,-10.27,1,0,0,0,0,0,0,,,,0,0,0,0,,,5,0,0,,0,
1748,0.392129,cg3224,lldR,cg1606,pyrG,0,sampled_negative,unknown,0,0,0,0,0,,,0,0,0,0,,0,0,OP_cg1606,1,3,0,1,3,0.1626,-25.46,2,0,0,0,0,0,0,,,,0,0,0,0,,,5,0,0,,0,
1749,0.391043,cg0876,sigH,cg2076,ribD,1,curated_positive,unknown,0,0,1,0,0,,experimental,0.75,1,1,1,CoryneRegNet,1,1,,0,0,0,1,4,0.6784,-21.17,2,0,0,0,0,0,0,,,,0,0,0,0,,,5,0,0,,0,
1750,0.390033,cg2092,sigA,cg0770,cg0770,1,curated_positive,A,1,0,0,0,0,,experimental,0.75,1,1,1,CoryneRegNet,1,1,OP_cg0771,1,5,0,1,7,0.3233,-22.56,1,0,0,0,0,0,0,,,,0,0,0,0,,,5,0,0,,0,
1751,0.390033,cg2103,dtxR,cg0770,cg0770,1,curated_positive,R,0,1,0,0,0,,experimental,0.75,1,1,1,CoryneRegNet,1,1,OP_cg0771,1,5,0,1,7,0.3233,-22.56,1,0,0,0,0,0,0,,,,0,0,0,0,,,5,0,0,,0,
1752,0.390033,cg1211,oasR,cg0770,cg0770,0,sampled_negative,unknown,0,0,0,0,0,,,0,0,0,0,,0,0,OP_cg0771,1,5,0,1,7,0.3233,-22.56,1,0,0,0,0,0,0,,,,0,0,0,0,,,5,0,0,,0,
1753,0.390033,cg1585,argR,cg0770,cg0770,0,sampled_negative,unknown,0,0,0,0,0,,,0,0,0,0,,0,0,OP_cg0771,1,5,0,1,7,0.3233,-22.56,1,0,0,0,0,0,0,,,,0,0,0,0,,,5,0,0,,0,
1754,0.389532,cg0350,cg0350,cg2630,pcaG,1,curated_positive,R,0,1,0,0,0,,predicted,0.2,0,1,1,CoryneRegNet,1,1,OP_cg2631,1,4,0,1,5,0.942,-11.8,2,0,0,0,0,0,0,,,,0,0,0,0,,,5,0,0,,0,
1755,0.389532,cg2624,pcaR,cg2630,pcaG,1,curated_positive,R,0,1,0,0,0,,predicted,0.2,0,1,1,CoryneRegNet,1,1,OP_cg2631,1,4,0,1,5,0.942,-11.8,2,0,0,0,0,0,0,,,,0,0,0,0,,,5,0,0,,0,
1756,0.389532,cg2627,cg2627,cg2630,pcaG,1,curated_positive,A,1,0,0,0,0,,experimental,0.75,1,1,1,CoryneRegNet,1,1,OP_cg2631,1,4,0,1,5,0.942,-11.8,2,0,0,0,0,0,0,,,,0,0,0,0,,,5,0,0,,0,
1757,0.389532,cg2092,sigA,cg2630,pcaG,0,sampled_negative,unknown,0,0,0,0,0,,,0,0,0,0,,0,0,OP_cg2631,1,4,0,1,5,0.942,-11.8,2,0,0,0,0,0,0,,,,0,0,0,0,,,5,0,0,,0,
1758,0.389532,cg2268,cg2268,cg2630,pcaG,0,sampled_negative,unknown,0,0,0,0,0,,,0,0,0,0,,0,0,OP_cg2631,1,4,0,1,5,0.942,-11.8,2,0,0,0,0,0,0,,,,0,0,0,0,,,5,0,0,,0,
1759,0.389326,cg3388,cg3388,cg2208,dxr,0,sampled_negative,unknown,0,0,0,0,0,,,0,0,0,0,,0,0,OP_cg2208,1,3,0,1,4,0.9298,-12.66,1,0,0,0,0,0,0,,,,0,0,0,0,,,5,0,0,,0,
1760,0.389182,cg1053,cg1053,cg0648,adk,0,sampled_negative,unknown,0,0,0,0,0,,,0,0,0,0,,0,0,OP_cg0647,1,3,0,1,4,0.4857,-12.75,3,0,0,0,0,0,0,,,,0,0,0,0,,,5,0,0,,0,
1761,0.389090,cg0696,sigD,cg2720,lppS,1,curated_positive,A,1,0,0,0,0,,experimental,0.75,1,1,1,CoryneRegNet,1,1,,0,0,0,1,2,0.8713,-11.58,6,0,0,0,0,0,0,,,,0,0,0,0,,,5,0,0,,0,
1762,0.389090,cg0876,sigH,cg2720,lppS,1,curated_positive,unknown,0,0,1,0,0,,experimental,0.75,1,1,1,CoryneRegNet,1,1,,0,0,0,1,2,0.8713,-11.58,6,0,0,0,0,0,0,,,,0,0,0,0,,,5,0,0,,0,
1763,0.389090,cg1704,cg1704,cg2720,cg2720,0,sampled_negative,unknown,0,0,0,0,0,,,0,0,0,0,,0,0,,0,0,0,1,2,0.8713,-11.58,6,0,0,0,0,0,0,,,,0,0,0,0,,,5,0,0,,0,
1764,0.389090,cg2112,cg2112,cg2720,cg2720,0,sampled_negative,unknown,0,0,0,0,0,,,0,0,0,0,,0,0,,0,0,0,1,2,0.8713,-11.58,6,0,0,0,0,0,0,,,,0,0,0,0,,,5,0,0,,0,
1765,0.385504,cg3253,mcbR,cg1387,fixB,1,curated_positive,R,0,1,0,0,0,,predicted,0.2,0,1,1,CoryneRegNet,1,1,OP_cg1386,1,3,0,1,3,0.08687,-16.91,6,0,0,0,0,0,0,,,,0,0,0,0,,,5,0,0,,0,
1766,0.385504,cg2737,cg2737,cg1387,fixB,0,sampled_negative,unknown,0,0,0,0,0,,,0,0,0,0,,0,0,OP_cg1386,1,3,0,1,3,0.08687,-16.91,6,0,0,0,0,0,0,,,,0,0,0,0,,,5,0,0,,0,
1767,0.384542,cg0337,whiB4,cg0404,cg0404,1,curated_positive,R,0,1,0,0,0,,experimental,0.75,1,1,2,CoryneRegNet,1,1,,0,0,0,1,2,0.1862,-15.06,3,0,0,0,0,0,0,,,,0,0,0,0,,,5,0,0,,0,
1768,0.384542,cg0876,sigH,cg0404,cg0404,1,curated_positive,unknown,0,0,1,0,0,,predicted,0.2,0,1,1,CoryneRegNet,1,1,,0,0,0,1,2,0.1862,-15.06,3,0,0,0,0,0,0,,,,0,0,0,0,,,5,0,0,,0,
1769,0.383588,cg0897,pdxR,cg1880,thrS,0,sampled_negative,unknown,0,0,0,0,0,,,0,0,0,0,,0,0,OP_cg1880,1,6,0,1,1,0,-58.4,2,0,0,0,0,0,0,,,,0,0,0,0,,,5,0,0,,0,
1770,0.382766,cg0876,sigH,cg0184,cg0184,1,curated_positive,unknown,0,0,1,0,0,,predicted,0.2,0,1,2,CoryneRegNet,1,1,OP_cg0182,1,5,0,1,1,0.0005081,-27.71,11,0,0,0,0,0,0,,,,0,0,0,0,,,5,0,0,,0,
1771,0.382442,cg1486,ltbR,cg1657,ufaA,0,sampled_negative,unknown,0,0,0,0,0,,,0,0,0,0,,0,0,,0,0,0,1,5,0.2046,-15.59,1,0,0,0,0,0,0,,,,0,0,0,0,,,5,0,0,,0,
1772,0.382376,cg0196,cg0196,cg0205,iolH,1,curated_positive,R,0,1,0,0,0,,experimental,0.75,1,1,1,CoryneRegNet,1,1,OP_cg0197,1,8,0,1,4,0.1198,-13.99,3,0,0,0,0,0,0,,,,0,0,0,0,,,5,0,0,,0,
1773,0.382376,cg0350,cg0350,cg0205,iolH,1,curated_positive,R,0,1,0,0,0,,experimental,0.75,1,1,1,CoryneRegNet,1,1,OP_cg0197,1,8,0,1,4,0.1198,-13.99,3,0,0,0,0,0,0,,,,0,0,0,0,,,5,0,0,,0,
1774,0.382376,cg1340,arnR,cg0205,iolH,0,sampled_negative,unknown,0,0,0,0,0,,,0,0,0,0,,0,0,OP_cg0197,1,8,0,1,4,0.1198,-13.99,3,0,0,0,0,0,0,,,,0,0,0,0,,,5,0,0,,0,
1775,0.381676,cg0309,sigC,cg3082,cg3082,0,sampled_negative,unknown,0,0,0,0,0,,,0,0,0,0,,0,0,OP_cg3082,1,4,0,1,1,0.2594,-25.09,2,0,0,0,0,0,0,,,,0,0,0,0,,,5,0,0,,0,
1776,0.381676,cg3352,genR(nagR),cg3082,cg3082,0,sampled_negative,unknown,0,0,0,0,0,,,0,0,0,0,,0,0,OP_cg3082,1,4,0,1,1,0.2594,-25.09,2,0,0,0,0,0,0,,,,0,0,0,0,,,5,0,0,,0,
1777,0.381544,cg0876,sigH,cg3344,cg3344,1,curated_positive,unknown,0,0,1,0,0,,experimental,0.75,1,1,3,CoryneRegNet,1,1,,0,0,0,1,9,0.786,-9.31,1,0,0,0,0,0,0,,,,0,0,0,0,,,5,0,0,,0,
1778,0.381544,cg2766,cg2766,cg3344,cg3344,1,curated_positive,R,0,1,0,0,0,,predicted,0.05,0,0,0,CoryneRegNet,1,1,,0,0,0,1,9,0.786,-9.31,1,0,0,0,0,0,0,,,,0,0,0,0,,,5,0,0,,0,
1779,0.380819,cg0709,cgtR7,cg3321,cg3321,1,curated_positive,A,1,0,0,0,0,,experimental,0.75,1,1,1,CoryneRegNet,1,1,OP_cg3322,1,3,0,1,13,0.9343,-19.19,0,0,0,0,0,0,0,,,,0,0,0,0,,,5,0,0,,0,
1780,0.380819,cg2516,hrcA,cg3321,cg3321,0,sampled_negative,unknown,0,0,0,0,0,,,0,0,0,0,,0,0,OP_cg3322,1,3,0,1,13,0.9343,-19.19,0,0,0,0,0,0,0,,,,0,0,0,0,,,5,0,0,,0,
1781,0.378650,cg0696,sigD,cg3178,pks,1,curated_positive,A,1,0,0,0,0,,experimental,0.75,1,1,1,CoryneRegNet,1,1,OP_cg3178,1,2,0,1,1,0,-134.09,2,0,0,0,0,0,0,,,,0,0,0,0,,,5,0,0,,0,
1782,0.377795,cg2831,cg2831,cg2116,cg2116,1,curated_positive,A,1,0,0,0,0,,predicted,0.05,0,0,0,CoryneRegNet,1,1,OP_cg2115,1,2,0,1,10,0.9416,-10.92,1,0,0,0,0,0,0,,,,0,0,0,0,,,5,0,0,,0,
1783,0.377795,cg0463,csoR,cg2116,cg2116,0,sampled_negative,unknown,0,0,0,0,0,,,0,0,0,0,,0,0,OP_cg2115,1,2,0,1,10,0.9416,-10.92,1,0,0,0,0,0,0,,,,0,0,0,0,,,5,0,0,,0,
1784,0.376844,cg0350,glxR,cg1654,thiD1,0,sampled_negative,unknown,0,0,0,0,0,,,0,0,0,0,,0,0,,0,0,0,1,3,0.073,-22.04,1,0,0,0,0,0,0,,,,0,0,0,0,,,5,0,0,,0,
1785,0.376844,cg0215,cspA,cg1654,thiD1,0,sampled_negative,unknown,0,0,0,0,0,,,0,0,0,0,,0,0,,0,0,0,1,3,0.073,-22.04,1,0,0,0,0,0,0,,,,0,0,0,0,,,5,0,0,,0,
1786,0.375606,cg0709,cgtR7,cg3320,cg3320,1,curated_positive,A,1,0,0,0,0,,experimental,0.75,1,1,1,CoryneRegNet,1,1,OP_cg3322,1,3,0,1,10,0.8968,-16.93,1,0,0,0,0,0,0,,,,0,0,0,0,,,5,0,0,,0,
1787,0.375606,cg2500,znR,cg3320,cg3320,0,sampled_negative,unknown,0,0,0,0,0,,,0,0,0,0,,0,0,OP_cg3322,1,3,0,1,10,0.8968,-16.93,1,0,0,0,0,0,0,,,,0,0,0,0,,,5,0,0,,0,
1788,0.375606,cg2109,oxyR,cg3320,cg3320,0,sampled_negative,unknown,0,0,0,0,0,,,0,0,0,0,,0,0,OP_cg3322,1,3,0,1,10,0.8968,-16.93,1,0,0,0,0,0,0,,,,0,0,0,0,,,5,0,0,,0,
1789,0.375041,cg2936,cg2936,cg2937,cg2937,1,curated_positive,R,0,1,0,0,0,,experimental,0.75,1,1,1,CoryneRegNet,1,1,OP_cg2937,1,2,0,1,10,0.3837,-19.22,2,0,0,0,0,0,0,,,,0,0,0,0,,,5,0,0,,0,
1790,0.375041,cg0993,cg0993,cg2937,cg2937,0,sampled_negative,unknown,0,0,0,0,0,,,0,0,0,0,,0,0,OP_cg2937,1,2,0,1,10,0.3837,-19.22,2,0,0,0,0,0,0,,,,0,0,0,0,,,5,0,0,,0,
1791,0.375041,cg1738,acnR,cg2937,cg2937,0,sampled_negative,unknown,0,0,0,0,0,,,0,0,0,0,,0,0,OP_cg2937,1,2,0,1,10,0.3837,-19.22,2,0,0,0,0,0,0,,,,0,0,0,0,,,5,0,0,,0,
1792,0.374938,cg1084,cgtR10,cg2394,cmt4,0,sampled_negative,unknown,0,0,0,0,0,,,0,0,0,0,,0,0,,0,0,0,1,2,0.3038,-20.91,1,0,0,0,0,0,0,,,,0,0,0,0,,,5,0,0,,0,
1793,0.374079,cg2103,dtxR,cg0471,cg0471,1,curated_positive,R,0,1,0,0,0,,experimental,0.75,1,1,1,CoryneRegNet,1,1,OP_cg0470,1,2,0,1,2,0.08901,-27.29,2,0,0,0,0,0,0,,,,0,0,0,0,,,5,0,0,,0,
1794,0.374079,cg2114,lexA,cg0471,cg0471,1,curated_positive,R,0,1,0,0,0,,experimental,0.75,1,1,1,CoryneRegNet,1,1,OP_cg0470,1,2,0,1,2,0.08901,-27.29,2,0,0,0,0,0,0,,,,0,0,0,0,,,5,0,0,,0,
1795,0.374079,cg0156,cysR,cg0471,cg0471,0,sampled_negative,unknown,0,0,0,0,0,,,0,0,0,0,,0,0,OP_cg0470,1,2,0,1,2,0.08901,-27.29,2,0,0,0,0,0,0,,,,0,0,0,0,,,5,0,0,,0,
1796,0.374079,cg2942,cg2942,cg0471,cg0471,0,sampled_negative,unknown,0,0,0,0,0,,,0,0,0,0,,0,0,OP_cg0470,1,2,0,1,2,0.08901,-27.29,2,0,0,0,0,0,0,,,,0,0,0,0,,,5,0,0,,0,
1797,0.373591,cg0876,sigH,cg2619,cg2619,1,curated_positive,unknown,0,0,1,0,0,,predicted,0.05,0,0,0,CoryneRegNet,1,1,OP_cg2620,1,2,0,1,3,0.8758,-6.87,2,0,0,0,0,0,0,,,,0,0,0,0,,,5,0,0,,0,
1798,0.373591,cg1552,qorR,cg2619,cg2619,0,sampled_negative,unknown,0,0,0,0,0,,,0,0,0,0,,0,0,OP_cg2620,1,2,0,1,3,0.8758,-6.87,2,0,0,0,0,0,0,,,,0,0,0,0,,,5,0,0,,0,
1799,0.372389,cg2092,sigA,cg1424,lysE,1,curated_positive,A,1,0,0,0,0,,experimental,0.75,1,1,1,CoryneRegNet,1,1,,0,0,0,1,2,0.284,-12.67,2,0,0,0,0,0,0,,,,0,0,0,0,,,5,0,0,,0,
1800,0.372389,cg1032,cg1032,cg1424,lysE,0,sampled_negative,unknown,0,0,0,0,0,,,0,0,0,0,,0,0,,0,0,0,1,2,0.284,-12.67,2,0,0,0,0,0,0,,,,0,0,0,0,,,5,0,0,,0,
1801,0.370553,cg0741,sirR(mntR),cg0652,rpsM,0,sampled_negative,unknown,0,0,0,0,0,,,0,0,0,0,,0,0,OP_cg0651,1,7,0,1,10,0.947,-19.22,1,0,0,0,0,0,0,,,,0,0,0,0,,,5,0,0,,0,
1802,0.369625,cg3388,cg3388,cg1346,mog,0,sampled_negative,unknown,0,0,0,0,0,,,0,0,0,0,,0,0,,0,0,0,1,4,0.3971,-19.31,1,0,0,0,0,0,0,,,,0,0,0,0,,,5,0,0,,0,
1803,0.369252,cg0444,cg0444,cg1816,pyrB,1,curated_positive,R,0,1,0,0,0,,predicted,0.2,0,1,1,CoryneRegNet,1,1,OP_cg1817,1,3,0,1,12,0.8851,-9.53,0,0,0,0,0,0,0,,,,0,0,0,0,,,5,0,0,,0,
1804,0.369252,cg1410,rbsR,cg1816,pyrB,0,sampled_negative,unknown,0,0,0,0,0,,,0,0,0,0,,0,0,OP_cg1817,1,3,0,1,12,0.8851,-9.53,0,0,0,0,0,0,0,,,,0,0,0,0,,,5,0,0,,0,
1805,0.369252,cg2894,cg2894,cg1816,pyrB,0,sampled_negative,unknown,0,0,0,0,0,,,0,0,0,0,,0,0,OP_cg1817,1,3,0,1,12,0.8851,-9.53,0,0,0,0,0,0,0,,,,0,0,0,0,,,5,0,0,,0,
1806,0.369252,cg0012,ssuR,cg1816,pyrB,0,sampled_negative,unknown,0,0,0,0,0,,,0,0,0,0,,0,0,OP_cg1817,1,3,0,1,12,0.8851,-9.53,0,0,0,0,0,0,0,,,,0,0,0,0,,,5,0,0,,0,
1807,0.368892,cg2092,sigA,cg2687,metB,1,curated_positive,A,1,0,0,0,0,,experimental,0.75,1,1,1,CoryneRegNet,1,1,,0,0,0,1,6,0.2787,-12.25,2,0,0,0,0,0,0,,,,0,0,0,0,,,5,0,0,,0,
1808,0.368892,cg1218,nrtR,cg2687,metB,0,sampled_negative,unknown,0,0,0,0,0,,,0,0,0,0,,0,0,,0,0,0,1,6,0.2787,-12.25,2,0,0,0,0,0,0,,,,0,0,0,0,,,5,0,0,,0,
1809,0.368892,cg2114,cg2114,cg2687,metB,0,sampled_negative,unknown,0,0,0,0,0,,,0,0,0,0,,0,0,,0,0,0,1,6,0.2787,-12.25,2,0,0,0,0,0,0,,,,0,0,0,0,,,5,0,0,,0,
1810,0.368531,cg0725,crtR,cg1033,cg1033,0,sampled_negative,unknown,0,0,0,0,0,,,0,0,0,0,,0,0,OP_cg1032,1,2,0,1,1,0.08782,-23.14,3,0,0,0,0,0,0,,,,0,0,0,0,,,5,0,0,,0,
1811,0.368343,cg2092,sigA,cg0795,cg0795,1,curated_positive,A,1,0,0,0,0,,experimental,0.75,1,1,1,CoryneRegNet,1,1,,0,0,0,1,3,0.8654,-3.18,3,0,0,0,0,0,0,,,,0,0,0,0,,,5,0,0,,0,
1812,0.368343,cg3420,sigM,cg0795,cg0795,0,sampled_negative,unknown,0,0,0,0,0,,,0,0,0,0,,0,0,,0,0,0,1,3,0.8654,-3.18,3,0,0,0,0,0,0,,,,0,0,0,0,,,5,0,0,,0,
1813,0.368343,cg3352,genR(nagR),cg0795,cg0795,0,sampled_negative,unknown,0,0,0,0,0,,,0,0,0,0,,0,0,,0,0,0,1,3,0.8654,-3.18,3,0,0,0,0,0,0,,,,0,0,0,0,,,5,0,0,,0,
1814,0.367381,cg0876,sigH,cg1289,cg1289,1,curated_positive,unknown,0,0,1,0,0,,predicted,0.05,0,0,0,CoryneRegNet,1,1,OP_cg1288,1,2,0,1,8,0.951,-15.69,1,0,0,0,0,0,0,,,,0,0,0,0,,,5,0,0,,0,
1815,0.367381,cg2114,lexA,cg1289,cg1289,1,curated_positive,R,0,1,0,0,0,,experimental,0.75,1,1,1,CoryneRegNet,1,1,OP_cg1288,1,2,0,1,8,0.951,-15.69,1,0,0,0,0,0,0,,,,0,0,0,0,,,5,0,0,,0,
1816,0.367381,cg2888,cgtR3(phoR),cg1289,cg1289,0,sampled_negative,unknown,0,0,0,0,0,,,0,0,0,0,,0,0,OP_cg1288,1,2,0,1,8,0.951,-15.69,1,0,0,0,0,0,0,,,,0,0,0,0,,,5,0,0,,0,
1817,0.367381,cg2092,sigA,cg1289,cg1289,0,sampled_negative,unknown,0,0,0,0,0,,,0,0,0,0,,0,0,OP_cg1288,1,2,0,1,8,0.951,-15.69,1,0,0,0,0,0,0,,,,0,0,0,0,,,5,0,0,,0,
1818,0.366827,cg0696,sigD,cg1247,cg1247,1,curated_positive,A,1,0,0,0,0,,experimental,0.75,1,1,1,CoryneRegNet,1,1,OP_cg1247,1,2,0,1,11,0.6632,-9.82,0,0,0,0,0,0,0,,,,0,0,0,0,,,5,0,0,,0,
1819,0.366406,cg0696,sigD,cg3181,cg3181,1,curated_positive,A,1,0,0,0,0,,predicted,0.2,0,1,1,CoryneRegNet,1,1,,0,0,0,1,7,0.5672,-22.39,1,0,0,0,0,0,0,,,,0,0,0,0,,,5,0,0,,0,
1820,0.366406,cg1846,cssR,cg3181,cg3181,0,sampled_negative,unknown,0,0,0,0,0,,,0,0,0,0,,0,0,,0,0,0,1,7,0.5672,-22.39,1,0,0,0,0,0,0,,,,0,0,0,0,,,5,0,0,,0,
1821,0.366406,cg1585,argR,cg3181,cg3181,0,sampled_negative,unknown,0,0,0,0,0,,,0,0,0,0,,0,0,,0,0,0,1,7,0.5672,-22.39,1,0,0,0,0,0,0,,,,0,0,0,0,,,5,0,0,,0,
1822,0.366406,cg0527,glyR,cg3181,cg3181,0,sampled_negative,unknown,0,0,0,0,0,,,0,0,0,0,,0,0,,0,0,0,1,7,0.5672,-22.39,1,0,0,0,0,0,0,,,,0,0,0,0,,,5,0,0,,0,
1823,0.366406,cg3261,cg3261,cg3181,cg3181,0,sampled_negative,unknown,0,0,0,0,0,,,0,0,0,0,,0,0,,0,0,0,1,7,0.5672,-22.39,1,0,0,0,0,0,0,,,,0,0,0,0,,,5,0,0,,0,
1824,0.361540,cg0350,cg0350,cg3221,cg3221,1,curated_positive,R,0,1,0,0,0,,predicted,0.2,0,1,1,CoryneRegNet,1,1,OP_cg3220,1,2,0,1,3,0.9496,-18.03,3,0,0,0,0,0,0,,,,0,0,0,0,,,5,0,0,,0,
1825,0.361540,cg2092,sigA,cg3221,cg3221,0,sampled_negative,unknown,0,0,0,0,0,,,0,0,0,0,,0,0,OP_cg3220,1,2,0,1,3,0.9496,-18.03,3,0,0,0,0,0,0,,,,0,0,0,0,,,5,0,0,,0,
1826,0.361540,cg0527,glyR,cg3221,cg3221,0,sampled_negative,unknown,0,0,0,0,0,,,0,0,0,0,,0,0,OP_cg3220,1,2,0,1,3,0.9496,-18.03,3,0,0,0,0,0,0,,,,0,0,0,0,,,5,0,0,,0,
1827,0.361515,cg2936,cg2936,cg2932,cg2932,1,curated_positive,R,0,1,0,0,0,,experimental,0.75,1,1,1,CoryneRegNet,1,1,OP_cg2932,1,2,0,1,7,0.7523,-14.67,3,0,0,0,0,0,0,,,,0,0,0,0,,,5,0,0,,0,
1828,0.361515,cg3315,malR,cg2932,cg2932,0,sampled_negative,unknown,0,0,0,0,0,,,0,0,0,0,,0,0,OP_cg2932,1,2,0,1,7,0.7523,-14.67,3,0,0,0,0,0,0,,,,0,0,0,0,,,5,0,0,,0,
1829,0.361515,cg1271,sigE,cg2932,cg2932,0,sampled_negative,unknown,0,0,0,0,0,,,0,0,0,0,,0,0,OP_cg2932,1,2,0,1,7,0.7523,-14.67,3,0,0,0,0,0,0,,,,0,0,0,0,,,5,0,0,,0,
1830,0.361515,cg3261,cg3261,cg2932,cg2932,0,sampled_negative,unknown,0,0,0,0,0,,,0,0,0,0,,0,0,OP_cg2932,1,2,0,1,7,0.7523,-14.67,3,0,0,0,0,0,0,,,,0,0,0,0,,,5,0,0,,0,
1831,0.361032,cg0500,qsuR,cg2304,hisC,0,sampled_negative,unknown,0,0,0,0,0,,,0,0,0,0,,0,0,OP_cg2305,1,5,0,1,8,0.952,-9.84,1,0,0,0,0,0,0,,,,0,0,0,0,,,5,0,0,,0,
1832,0.360183,cg0725,crtR,cg1209,phnA,0,sampled_negative,unknown,0,0,0,0,0,,,0,0,0,0,,0,0,,0,0,0,1,3,0.1081,-19.13,1,0,0,0,0,0,0,,,,0,0,0,0,,,5,0,0,,0,
1833,0.360183,cg1211,oasR,cg1209,phnA,0,sampled_negative,unknown,0,0,0,0,0,,,0,0,0,0,,0,0,,0,0,0,1,3,0.1081,-19.13,1,0,0,0,0,0,0,,,,0,0,0,0,,,5,0,0,,0,
1834,0.359524,cg2766,cg2766,cg1421,cg1421,1,curated_positive,R,0,1,0,0,0,,predicted,0.05,0,0,0,CoryneRegNet,1,1,,0,0,0,1,3,0.07177,-18.2,2,0,0,0,0,0,0,,,,0,0,0,0,,,5,0,0,,0,
1835,0.359524,cg1425,lysG,cg1421,cg1421,0,sampled_negative,unknown,0,0,0,0,0,,,0,0,0,0,,0,0,,0,0,0,1,3,0.07177,-18.2,2,0,0,0,0,0,0,,,,0,0,0,0,,,5,0,0,,0,
1836,0.359524,cg3224,lldR,cg1421,cg1421,0,sampled_negative,unknown,0,0,0,0,0,,,0,0,0,0,,0,0,,0,0,0,1,3,0.07177,-18.2,2,0,0,0,0,0,0,,,,0,0,0,0,,,5,0,0,,0,
1837,0.359524,cg0146,atlR,cg1421,cg1421,0,sampled_negative,unknown,0,0,0,0,0,,,0,0,0,0,,0,0,,0,0,0,1,3,0.07177,-18.2,2,0,0,0,0,0,0,,,,0,0,0,0,,,5,0,0,,0,
1838,0.359472,cg2309,bioQ,cg1841,aspS,0,sampled_negative,unknown,0,0,0,0,0,,,0,0,0,0,,0,0,,0,0,0,1,1,0,-50.39,3,0,0,0,0,0,0,,,,0,0,0,0,,,5,0,0,,0,
1839,0.359472,cg1271,sigE,cg1841,aspS,0,sampled_negative,unknown,0,0,0,0,0,,,0,0,0,0,,0,0,,0,0,0,1,1,0,-50.39,3,0,0,0,0,0,0,,,,0,0,0,0,,,5,0,0,,0,
1840,0.358965,cg0876,sigH,cg2949,cg2949,1,curated_positive,unknown,0,0,1,0,0,,experimental,0.75,1,1,1,CoryneRegNet,1,1,,0,0,0,1,1,0.5927,-3.1,3,0,0,0,0,0,0,,,,0,0,0,0,,,5,0,0,,0,
1841,0.358802,cg0709,cgtR7,cg2402,cg2402,1,curated_positive,R,0,1,0,0,0,,experimental,0.75,1,1,1,CoryneRegNet,1,1,,0,0,0,1,7,0.9558,-12.37,3,0,0,0,0,0,0,,,,0,0,0,0,,,5,0,0,,0,
1842,0.358802,cg0986,amtR,cg2402,cg2402,0,sampled_negative,unknown,0,0,0,0,0,,,0,0,0,0,,0,0,,0,0,0,1,7,0.9558,-12.37,3,0,0,0,0,0,0,,,,0,0,0,0,,,5,0,0,,0,
1843,0.358802,cg1861,rel(relA),cg2402,cg2402,0,sampled_negative,unknown,0,0,0,0,0,,,0,0,0,0,,0,0,,0,0,0,1,7,0.9558,-12.37,3,0,0,0,0,0,0,,,,0,0,0,0,,,5,0,0,,0,
1844,0.358802,cg0979,cg0979,cg2402,cg2402,0,sampled_negative,unknown,0,0,0,0,0,,,0,0,0,0,,0,0,,0,0,0,1,7,0.9558,-12.37,3,0,0,0,0,0,0,,,,0,0,0,0,,,5,0,0,,0,
1845,0.358228,cg0337,whiB4,cg3405,cg3405,1,curated_positive,R,0,1,0,0,0,,predicted,0.2,0,1,1,CoryneRegNet,1,1,,0,0,0,1,2,0.09274,-24.21,3,0,0,0,0,0,0,,,,0,0,0,0,,,5,0,0,,0,
1846,0.358228,cg0876,sigH,cg3405,cg3405,1,curated_positive,unknown,0,0,1,0,0,,experimental + predicted,0.75,1,1,3,CoryneRegNet,1,1,,0,0,0,1,2,0.09274,-24.21,3,0,0,0,0,0,0,,,,0,0,0,0,,,5,0,0,,0,
1847,0.358228,cg2544,gntR3,cg3405,cg3405,0,sampled_negative,unknown,0,0,0,0,0,,,0,0,0,0,,0,0,,0,0,0,1,2,0.09274,-24.21,3,0,0,0,0,0,0,,,,0,0,0,0,,,5,0,0,,0,
1848,0.357919,cg0741,sirR(mntR),cg2261,amtB,0,sampled_negative,unknown,0,0,0,0,0,,,0,0,0,0,,0,0,OP_cg2261,1,3,0,1,3,0.3177,-13.06,2,0,0,0,0,0,0,,,,0,0,0,0,,,5,0,0,,0,
1849,0.357677,cg0876,sigH,cg0616,fdhD,1,curated_positive,unknown,0,0,1,0,0,,predicted,0.05,0,0,0,CoryneRegNet,1,1,OP_cg0617,1,4,0,1,7,0.9386,-15.75,2,0,0,0,0,0,0,,,,0,0,0,0,,,5,0,0,,0,
1850,0.357677,cg2831,ramA,cg0616,fdhD,0,sampled_negative,unknown,0,0,0,0,0,,,0,0,0,0,,0,0,OP_cg0617,1,4,0,1,7,0.9386,-15.75,2,0,0,0,0,0,0,,,,0,0,0,0,,,5,0,0,,0,
1851,0.357047,cg0876,sigH,cg1671,cg1671,1,curated_positive,unknown,0,0,1,0,0,,experimental,0.75,1,1,1,CoryneRegNet,1,1,,0,0,0,1,6,0.921,-12.18,2,0,0,0,0,0,0,,,,0,0,0,0,,,5,0,0,,0,
1852,0.357047,cg2102,sigB,cg1671,cg1671,0,sampled_negative,unknown,0,0,0,0,0,,,0,0,0,0,,0,0,,0,0,0,1,6,0.921,-12.18,2,0,0,0,0,0,0,,,,0,0,0,0,,,5,0,0,,0,
1853,0.356951,cg1738,acnR,cg0267,pat,0,sampled_negative,unknown,0,0,0,0,0,,,0,0,0,0,,0,0,OP_cg0267,1,3,0,1,2,0.2415,-17.3,4,0,0,0,0,0,0,,,,0,0,0,0,,,5,0,0,,0,
1854,0.355153,cg0337,whiB4(whcA),cg1672,ppmC,0,sampled_negative,unknown,0,0,0,0,0,,,0,0,0,0,,0,0,OP_cg1675,1,3,0,1,4,0.2341,-19.62,2,0,0,0,0,0,0,,,,0,0,0,0,,,5,0,0,,0,
1855,0.354375,cg2965,cg2965,cg2130,miaA,0,sampled_negative,unknown,0,0,0,0,0,,,0,0,0,0,,0,0,OP_cg2131,1,3,0,1,2,0.4503,-6.61,4,0,0,0,0,0,0,,,,0,0,0,0,,,5,0,0,,0,
1856,0.353691,cg0709,cgtR7,cg3142,cg3142,1,curated_positive,A,1,0,0,0,0,,experimental,0.75,1,1,1,CoryneRegNet,1,1,,0,0,0,1,8,0.7602,-16.54,1,0,0,0,0,0,0,,,,0,0,0,0,,,5,0,0,,0,
1857,0.353691,cg0454,cg0454,cg3142,cg3142,0,sampled_negative,unknown,0,0,0,0,0,,,0,0,0,0,,0,0,,0,0,0,1,8,0.7602,-16.54,1,0,0,0,0,0,0,,,,0,0,0,0,,,5,0,0,,0,
1858,0.353691,cg2102,sigB,cg3142,cg3142,0,sampled_negative,unknown,0,0,0,0,0,,,0,0,0,0,,0,0,,0,0,0,1,8,0.7602,-16.54,1,0,0,0,0,0,0,,,,0,0,0,0,,,5,0,0,,0,
1859,0.352523,cg1831,cg1831,cg0905,psp2,0,sampled_negative,unknown,0,0,0,0,0,,,0,0,0,0,,0,0,,0,0,0,1,7,0.4155,-20.91,1,0,0,0,0,0,0,,,,0,0,0,0,,,5,0,0,,0,
1860,0.352523,cg2118,fruR,cg0905,psp2,0,sampled_negative,unknown,0,0,0,0,0,,,0,0,0,0,,0,0,,0,0,0,1,7,0.4155,-20.91,1,0,0,0,0,0,0,,,,0,0,0,0,,,5,0,0,,0,
1861,0.352296,cg3202,farR,cg2641,benR,0,sampled_negative,unknown,0,0,0,0,0,,,0,0,0,0,,0,0,,0,0,0,1,2,0.8405,-7.25,1,0,0,0,0,0,0,,,,0,0,0,0,,,5,0,0,,0,
1862,0.352296,cg1831,cg1831,cg2641,benR,0,sampled_negative,unknown,0,0,0,0,0,,,0,0,0,0,,0,0,,0,0,0,1,2,0.8405,-7.25,1,0,0,0,0,0,0,,,,0,0,0,0,,,5,0,0,,0,
1863,0.351465,cg3247,cgtR11,cg0522,ccsA,1,curated_positive,R,0,1,0,0,0,,experimental,0.75,1,1,1,CoryneRegNet,1,1,OP_cg0516,1,8,0,1,1,0.9127,-9.7,3,0,0,0,0,0,0,,,,0,0,0,0,,,5,0,0,,0,
1864,0.351465,cg0741,sirR(mntR),cg0522,ccsA,0,sampled_negative,unknown,0,0,0,0,0,,,0,0,0,0,,0,0,OP_cg0516,1,8,0,1,1,0.9127,-9.7,3,0,0,0,0,0,0,,,,0,0,0,0,,,5,0,0,,0,
1865,0.351465,cg0444,ramB,cg0522,ccsA,0,sampled_negative,unknown,0,0,0,0,0,,,0,0,0,0,,0,0,OP_cg0516,1,8,0,1,1,0.9127,-9.7,3,0,0,0,0,0,0,,,,0,0,0,0,,,5,0,0,,0,
1866,0.351273,cg2103,dtxR,cg0927,cg0927,1,curated_positive,R,0,1,0,0,0,,experimental,0.75,1,1,1,CoryneRegNet,1,1,OP_cg0926,1,3,0,1,9,0.9455,-22.28,1,0,0,0,0,0,0,,,,0,0,0,0,,,5,0,0,,0,
1867,0.350695,cg1817,pyrR,cg0710,cg0710,0,sampled_negative,unknown,0,0,0,0,0,,,0,0,0,0,,0,0,OP_cg0707,1,3,0,1,6,0.9323,-20.99,2,0,0,0,0,0,0,,,,0,0,0,0,,,5,0,0,,0,
1868,0.350237,cg1765,sufR,cg2945,ispD,0,sampled_negative,unknown,0,0,0,0,0,,,0,0,0,0,,0,0,OP_cg2946,1,3,0,1,2,0.1671,-8.53,1,0,0,0,0,0,0,,,,0,0,0,0,,,5,0,0,,0,
1869,0.348544,cg0979,cg0979,cg2391,aroG,0,sampled_negative,unknown,0,0,0,0,0,,,0,0,0,0,,0,0,OP_cg2392,1,2,0,1,4,0.8271,-21.1,2,0,0,0,0,0,0,,,,0,0,0,0,,,5,0,0,,0,
1870,0.348209,cg3247,cgtR11,cg2780,ctaD,1,curated_positive,A,1,0,0,0,0,,experimental,0.75,1,1,1,CoryneRegNet,1,1,,0,0,0,1,1,0,-226.68,1,0,0,0,0,0,0,,,,0,0,0,0,,,5,0,0,,0,
1871,0.348209,cg2200,cgtR8,cg2780,ctaD,0,sampled_negative,unknown,0,0,0,0,0,,,0,0,0,0,,0,0,,0,0,0,1,1,0,-226.68,1,0,0,0,0,0,0,,,,0,0,0,0,,,5,0,0,,0,
1872,0.347366,cg0112,ureR,cg0405,cg0405,0,sampled_negative,unknown,0,0,0,0,0,,,0,0,0,0,,0,0,,0,0,0,1,3,0.9225,-8.35,3,0,0,0,0,0,0,,,,0,0,0,0,,,5,0,0,,0,
1873,0.346207,cg2783,cg2783,cg0700,guaB3,0,sampled_negative,unknown,0,0,0,0,0,,,0,0,0,0,,0,0,OP_cg0699,1,2,0,1,2,0.9328,-22.91,2,0,0,0,0,0,0,,,,0,0,0,0,,,5,0,0,,0,
1874,0.345773,cg3202,farR,cg2378,mraZ,0,sampled_negative,unknown,0,0,0,0,0,,,0,0,0,0,,0,0,OP_cg2378,1,3,0,1,1,0.6386,-12.88,15,0,0,0,0,0,0,,,,0,0,0,0,,,5,0,0,,0,
1875,0.345479,cg0454,cg0454,cg3156,cg3156,0,sampled_negative,unknown,0,0,0,0,0,,,0,0,0,0,,0,0,,0,0,0,1,1,0.01487,-17.67,3,0,0,0,0,0,0,,,,0,0,0,0,,,5,0,0,,0,
1876,0.345479,cg2118,fruR,cg3156,cg3156,0,sampled_negative,unknown,0,0,0,0,0,,,0,0,0,0,,0,0,,0,0,0,1,1,0.01487,-17.67,3,0,0,0,0,0,0,,,,0,0,0,0,,,5,0,0,,0,
1877,0.342538,cg2516,hrcA,cg2079,cg2079,0,sampled_negative,unknown,0,0,0,0,0,,,0,0,0,0,,0,0,,0,0,0,1,3,0.4178,-18.3,3,0,0,0,0,0,0,,,,0,0,0,0,,,5,0,0,,0,
1878,0.342538,cg1846,cssR,cg2079,cg2079,0,sampled_negative,unknown,0,0,0,0,0,,,0,0,0,0,,0,0,,0,0,0,1,3,0.4178,-18.3,3,0,0,0,0,0,0,,,,0,0,0,0,,,5,0,0,,0,
1879,0.342115,cg0800,prpR,cg0861,tmk,0,sampled_negative,unknown,0,0,0,0,0,,,0,0,0,0,,0,0,OP_cg0860,1,8,0,1,10,0.8243,-19.89,1,0,0,0,0,0,0,,,,0,0,0,0,,,5,0,0,,0,
1880,0.341396,cg0709,cgtR7,cg3264,cg3264,1,curated_positive,A,1,0,0,0,0,,experimental,0.75,1,1,1,CoryneRegNet,1,1,,0,0,0,1,15,0.6875,-4.53,0,0,0,0,0,0,0,,,,0,0,0,0,,,5,0,0,,0,
1881,0.341396,cg0317,arsR2,cg3264,cg3264,0,sampled_negative,unknown,0,0,0,0,0,,,0,0,0,0,,0,0,,0,0,0,1,15,0.6875,-4.53,0,0,0,0,0,0,0,,,,0,0,0,0,,,5,0,0,,0,
1882,0.339812,cg2092,sigA,cg2364,cg2364,1,curated_positive,A,1,0,0,0,0,,experimental,0.75,1,1,1,CoryneRegNet,1,1,OP_cg2366,1,4,0,1,5,0.09327,-19.03,1,0,0,0,0,0,0,,,,0,0,0,0,,,5,0,0,,0,
1883,0.339812,cg0215,cspA,cg2364,cg2364,0,sampled_negative,unknown,0,0,0,0,0,,,0,0,0,0,,0,0,OP_cg2366,1,4,0,1,5,0.09327,-19.03,1,0,0,0,0,0,0,,,,0,0,0,0,,,5,0,0,,0,
1884,0.339812,cg2910,ipsA,cg2364,cg2364,0,sampled_negative,unknown,0,0,0,0,0,,,0,0,0,0,,0,0,OP_cg2366,1,4,0,1,5,0.09327,-19.03,1,0,0,0,0,0,0,,,,0,0,0,0,,,5,0,0,,0,
1885,0.339552,cg0337,whiB4,cg1215,nadC,1,curated_positive,R,0,1,0,0,0,,predicted,0.2,0,1,1,CoryneRegNet,1,1,OP_cg1218,1,4,0,1,4,0.6432,-11.93,1,0,0,0,0,0,0,,,,0,0,0,0,,,5,0,0,,0,
1886,0.339552,cg0876,sigH,cg1215,nadC,1,curated_positive,unknown,0,0,1,0,0,,predicted,0.2,0,1,1,CoryneRegNet,1,1,OP_cg1218,1,4,0,1,4,0.6432,-11.93,1,0,0,0,0,0,0,,,,0,0,0,0,,,5,0,0,,0,
1887,0.339552,cg1120,ripA,cg1215,nadC,0,sampled_negative,unknown,0,0,0,0,0,,,0,0,0,0,,0,0,OP_cg1218,1,4,0,1,4,0.6432,-11.93,1,0,0,0,0,0,0,,,,0,0,0,0,,,5,0,0,,0,
1888,0.339552,cg0309,sigC,cg1215,nadC,0,sampled_negative,unknown,0,0,0,0,0,,,0,0,0,0,,0,0,OP_cg1218,1,4,0,1,4,0.6432,-11.93,1,0,0,0,0,0,0,,,,0,0,0,0,,,5,0,0,,0,
1889,0.339223,cg0350,cg0350,cg3390,cg3390,1,curated_positive,R,0,1,0,0,0,,experimental,0.75,1,1,1,CoryneRegNet,1,1,OP_cg3389,1,4,0,1,11,0.5524,-14.77,0,0,0,0,0,0,0,,,,0,0,0,0,,,5,0,0,,0,
1890,0.339223,cg2118,fruR,cg3390,cg3390,0,sampled_negative,unknown,0,0,0,0,0,,,0,0,0,0,,0,0,OP_cg3389,1,4,0,1,11,0.5524,-14.77,0,0,0,0,0,0,0,,,,0,0,0,0,,,5,0,0,,0,
1891,0.338934,cg0309,sigC,cg2405,qcrC,1,curated_positive,A,1,0,0,0,0,,experimental,0.75,1,1,1,CoryneRegNet,1,1,OP_cg2406,1,4,0,1,9,0.4183,-12.16,1,0,0,0,0,0,0,,,,0,0,0,0,,,5,0,0,,0,
1892,0.338934,cg0350,cg0350,cg2405,qcrC,1,curated_positive,A,1,0,0,0,0,,predicted,0.2,0,1,1,CoryneRegNet,1,1,OP_cg2406,1,4,0,1,9,0.4183,-12.16,1,0,0,0,0,0,0,,,,0,0,0,0,,,5,0,0,,0,
1893,0.338934,cg3247,cgtR11,cg2405,qcrC,1,curated_positive,A,1,0,0,0,0,,experimental,0.75,1,1,1,CoryneRegNet,1,1,OP_cg2406,1,4,0,1,9,0.4183,-12.16,1,0,0,0,0,0,0,,,,0,0,0,0,,,5,0,0,,0,
1894,0.338934,cg2309,bioQ,cg2405,qcrC,0,sampled_negative,unknown,0,0,0,0,0,,,0,0,0,0,,0,0,OP_cg2406,1,4,0,1,9,0.4183,-12.16,1,0,0,0,0,0,0,,,,0,0,0,0,,,5,0,0,,0,
1895,0.338934,cg1817,pyrR,cg2405,qcrC,0,sampled_negative,unknown,0,0,0,0,0,,,0,0,0,0,,0,0,OP_cg2406,1,4,0,1,9,0.4183,-12.16,1,0,0,0,0,0,0,,,,0,0,0,0,,,5,0,0,,0,
1896,0.336469,cg1340,arnR,cg0463,csoR,0,sampled_negative,unknown,0,0,0,0,0,,,0,0,0,0,,0,0,OP_cg0464,1,2,0,1,1,0.4237,-19.33,3,0,0,0,0,0,0,,,,0,0,0,0,,,5,0,0,,0,
1897,0.336280,cg0696,sigD,cg0811,dtsR2,1,curated_positive,A,1,0,0,0,0,,experimental,0.75,1,1,1,CoryneRegNet,1,1,OP_cg0811,1,3,0,1,1,0.008621,-17.79,5,0,0,0,0,0,0,,,,0,0,0,0,,,5,0,0,,0,
1898,0.336280,cg0317,arsR2,cg0811,dtsR2,0,sampled_negative,unknown,0,0,0,0,0,,,0,0,0,0,,0,0,OP_cg0811,1,3,0,1,1,0.008621,-17.79,5,0,0,0,0,0,0,,,,0,0,0,0,,,5,0,0,,0,
1899,0.336280,cg0897,pdxR,cg0811,dtsR2,0,sampled_negative,unknown,0,0,0,0,0,,,0,0,0,0,,0,0,OP_cg0811,1,3,0,1,1,0.008621,-17.79,5,0,0,0,0,0,0,,,,0,0,0,0,,,5,0,0,,0,
1900,0.336280,cg2627,cg2627,cg0811,dtsR2,0,sampled_negative,unknown,0,0,0,0,0,,,0,0,0,0,,0,0,OP_cg0811,1,3,0,1,1,0.008621,-17.79,5,0,0,0,0,0,0,,,,0,0,0,0,,,5,0,0,,0,
1901,0.336280,cg0019,cg0019,cg0811,dtsR2,0,sampled_negative,unknown,0,0,0,0,0,,,0,0,0,0,,0,0,OP_cg0811,1,3,0,1,1,0.008621,-17.79,5,0,0,0,0,0,0,,,,0,0,0,0,,,5,0,0,,0,
1902,0.332930,cg1032,cg1032,cg1553,cg1553,0,sampled_negative,unknown,0,0,0,0,0,,,0,0,0,0,,0,0,,0,0,0,1,15,0.9294,-13.86,0,0,0,0,0,0,0,,,,0,0,0,0,,,5,0,0,,0,
1903,0.332083,cg0800,prpR,cg2990,speE,0,sampled_negative,unknown,0,0,0,0,0,,,0,0,0,0,,0,0,OP_cg2994,1,5,0,1,2,0.00545,-19.58,4,0,0,0,0,0,0,,,,0,0,0,0,,,5,0,0,,0,
1904,0.332083,cg2092,sigA,cg2990,speE,0,sampled_negative,unknown,0,0,0,0,0,,,0,0,0,0,,0,0,OP_cg2994,1,5,0,1,2,0.00545,-19.58,4,0,0,0,0,0,0,,,,0,0,0,0,,,5,0,0,,0,
1905,0.331320,cg0986,amtR,cg2733,cg2733,0,sampled_negative,unknown,0,0,0,0,0,,,0,0,0,0,,0,0,,0,0,0,1,4,0.2165,-20.96,1,0,0,0,0,0,0,,,,0,0,0,0,,,5,0,0,,0,
1906,0.330439,cg0309,sigC,cg1810,gmk,0,sampled_negative,unknown,0,0,0,0,0,,,0,0,0,0,,0,0,OP_cg1811,1,3,0,1,3,0.026,-21.25,1,0,0,0,0,0,0,,,,0,0,0,0,,,5,0,0,,0,
1907,0.330372,cg0454,cg0454,cg2083,dxs,0,sampled_negative,unknown,0,0,0,0,0,,,0,0,0,0,,0,0,,0,0,0,1,5,0.5384,-10.99,2,0,0,0,0,0,0,,,,0,0,0,0,,,5,0,0,,0,
1908,0.329974,cg0090,cg0090,cg0402,rmlCD,0,sampled_negative,unknown,0,0,0,0,0,,,0,0,0,0,,0,0,OP_cg0403,1,3,0,1,4,0.7185,-16.72,1,0,0,0,0,0,0,,,,0,0,0,0,,,5,0,0,,0,
1909,0.329912,cg0350,cg0350,cg1141,cg1141,1,curated_positive,R,0,1,0,0,0,,predicted,0.2,0,1,1,CoryneRegNet,1,1,OP_cg1142,1,4,0,1,1,0.001317,-15.16,4,0,0,0,0,0,0,,,,0,0,0,0,,,5,0,0,,0,
1910,0.329373,cg0876,sigH,cg3429,cg3429,1,curated_positive,unknown,0,0,1,0,0,,experimental,0.75,1,1,1,CoryneRegNet,1,1,,0,0,0,1,5,0.8194,-10.55,2,0,0,0,0,0,0,,,,0,0,0,0,,,5,0,0,,0,
1911,0.329373,cg0979,cg0979,cg3429,cg3429,0,sampled_negative,unknown,0,0,0,0,0,,,0,0,0,0,,0,0,,0,0,0,1,5,0.8194,-10.55,2,0,0,0,0,0,0,,,,0,0,0,0,,,5,0,0,,0,
1912,0.329252,cg0196,cg0196,cg0202,iolD,1,curated_positive,R,0,1,0,0,0,,experimental,0.75,1,1,1,CoryneRegNet,1,1,OP_cg0197,1,8,0,0,,,,0,0,0,0,0,0,0,,,,0,0,0,0,,,8,0,0,,0,
1913,0.329252,cg0350,cg0350,cg0202,iolD,1,curated_positive,R,0,1,0,0,0,,experimental,0.75,1,1,1,CoryneRegNet,1,1,OP_cg0197,1,8,0,0,,,,0,0,0,0,0,0,0,,,,0,0,0,0,,,8,0,0,,0,
1914,0.329252,cg3247,cgtR11,cg0520,cg0520,1,curated_positive,R,0,1,0,0,0,,experimental,0.75,1,1,1,CoryneRegNet,1,1,OP_cg0516,1,8,0,0,,,,0,0,0,0,0,0,0,,,,0,0,0,0,,,8,0,0,,0,
1915,0.329252,cg2152,clgR,cg0520,cg0520,0,sampled_negative,unknown,0,0,0,0,0,,,0,0,0,0,,0,0,OP_cg0516,1,8,0,0,,,,0,0,0,0,0,0,0,,,,0,0,0,0,,,8,0,0,,0,
1916,0.329252,cg1425,lysG,cg0520,cg0520,0,sampled_negative,unknown,0,0,0,0,0,,,0,0,0,0,,0,0,OP_cg0516,1,8,0,0,,,,0,0,0,0,0,0,0,,,,0,0,0,0,,,8,0,0,,0,
1917,0.329252,cg1084,cgtR10,cg0520,cg0520,0,sampled_negative,unknown,0,0,0,0,0,,,0,0,0,0,,0,0,OP_cg0516,1,8,0,0,,,,0,0,0,0,0,0,0,,,,0,0,0,0,,,8,0,0,,0,
1918,0.329252,cg3420,sigM,cg1797,ribH,0,sampled_negative,unknown,0,0,0,0,0,,,0,0,0,0,,0,0,OP_cg1804,1,8,0,0,,,,0,0,0,0,0,0,0,,,,0,0,0,0,,,8,0,0,,0,
1919,0.329252,cg1817,pyrR,cg0202,iolD,0,sampled_negative,unknown,0,0,0,0,0,,,0,0,0,0,,0,0,OP_cg0197,1,8,0,0,,,,0,0,0,0,0,0,0,,,,0,0,0,0,,,8,0,0,,0,
1920,0.329080,cg0876,sigH,cg0612,dkg,1,curated_positive,unknown,0,0,1,0,0,,predicted,0.05,0,0,0,CoryneRegNet,1,1,OP_cg0617,1,4,0,1,10,0.9343,-19.44,1,0,0,0,0,0,0,,,,0,0,0,0,,,5,0,0,,0,
1921,0.329080,cg2103,dtxR,cg0612,dkg,0,sampled_negative,unknown,0,0,0,0,0,,,0,0,0,0,,0,0,OP_cg0617,1,4,0,1,10,0.9343,-19.44,1,0,0,0,0,0,0,,,,0,0,0,0,,,5,0,0,,0,
1922,0.327487,cg2888,cgtR3(phoR),cg2298,impA,0,sampled_negative,unknown,0,0,0,0,0,,,0,0,0,0,,0,0,OP_cg2300,1,6,0,1,10,0.4032,-16.65,1,0,0,0,0,0,0,,,,0,0,0,0,,,5,0,0,,0,
1923,0.326475,cg3247,cgtR11,cg2445,hmuO,1,curated_positive,A,1,0,0,0,0,,experimental,0.75,1,1,2,CoryneRegNet,1,1,,0,0,0,1,1,0,-111.6,1,0,0,0,0,0,0,,,,0,0,0,0,,,5,0,0,,0,
1924,0.326475,cg0876,sigH,cg2445,hmuO,0,sampled_negative,unknown,0,0,0,0,0,,,0,0,0,0,,0,0,,0,0,0,1,1,0,-111.6,1,0,0,0,0,0,0,,,,0,0,0,0,,,5,0,0,,0,
1925,0.326475,cg0090,cg0090,cg2445,hmuO,0,sampled_negative,unknown,0,0,0,0,0,,,0,0,0,0,,0,0,,0,0,0,1,1,0,-111.6,1,0,0,0,0,0,0,,,,0,0,0,0,,,5,0,0,,0,
1926,0.325768,cg0196,cg0196,cg0210,cg0210,1,curated_positive,R,0,1,0,0,0,,predicted,0.05,0,0,0,CoryneRegNet,1,1,,0,0,0,1,7,0.3743,-18.27,1,0,0,0,0,0,0,,,,0,0,0,0,,,5,0,0,,0,
1927,0.325768,cg0019,cg0019,cg0210,cg0210,0,sampled_negative,unknown,0,0,0,0,0,,,0,0,0,0,,0,0,,0,0,0,1,7,0.3743,-18.27,1,0,0,0,0,0,0,,,,0,0,0,0,,,5,0,0,,0,
1928,0.325768,cg0695,whiB3,cg0210,cg0210,0,sampled_negative,unknown,0,0,0,0,0,,,0,0,0,0,,0,0,,0,0,0,1,7,0.3743,-18.27,1,0,0,0,0,0,0,,,,0,0,0,0,,,5,0,0,,0,
1929,0.324354,cg0876,sigH,cg2247,cg2247,1,curated_positive,unknown,0,0,1,0,0,,experimental,0.75,1,1,1,CoryneRegNet,1,1,,0,0,0,1,2,0.8756,-16.5,1,0,0,0,0,0,0,,,,0,0,0,0,,,5,0,0,,0,
1930,0.322872,cg1831,cg1831,cg2189,cobA,0,sampled_negative,unknown,0,0,0,0,0,,,0,0,0,0,,0,0,,0,0,0,1,3,0.3803,-13.81,5,0,0,0,0,0,0,,,,0,0,0,0,,,5,0,0,,0,
1931,0.322296,cg0337,whiB4(whcA),cg1418,cg1418,0,sampled_negative,unknown,0,0,0,0,0,,,0,0,0,0,,0,0,,0,0,0,1,2,0.284,-14.91,3,0,0,0,0,0,0,,,,0,0,0,0,,,5,0,0,,0,
1932,0.321874,cg0146,atlR,cg3254,cg3254,0,sampled_negative,unknown,0,0,0,0,0,,,0,0,0,0,,0,0,,0,0,0,1,12,0.3881,-14.77,0,0,0,0,0,0,0,,,,0,0,0,0,,,5,0,0,,0,
1933,0.321370,cg0876,sigH,cg2177,cg2177,1,curated_positive,unknown,0,0,1,0,0,,experimental,0.75,1,1,1,CoryneRegNet,1,1,OP_cg2179,1,7,0,1,8,0.2735,-16.26,1,0,0,0,0,0,0,,,,0,0,0,0,,,5,0,0,,0,
1934,0.321370,cg0500,qsuR,cg2177,cg2177,0,sampled_negative,unknown,0,0,0,0,0,,,0,0,0,0,,0,0,OP_cg2179,1,7,0,1,8,0.2735,-16.26,1,0,0,0,0,0,0,,,,0,0,0,0,,,5,0,0,,0,
1935,0.320155,cg0876,sigH,cg1686,cg1686,1,curated_positive,unknown,0,0,1,0,0,,predicted,0.05,0,0,0,CoryneRegNet,1,1,OP_cg1689,1,7,0,1,1,0,-52,1,0,0,0,0,0,0,,,,0,0,0,0,,,5,0,0,,0,
1936,0.320155,cg0463,csoR,cg1686,cg1686,0,sampled_negative,unknown,0,0,0,0,0,,,0,0,0,0,,0,0,OP_cg1689,1,7,0,1,1,0,-52,1,0,0,0,0,0,0,,,,0,0,0,0,,,5,0,0,,0,
1937,0.320155,cg1817,pyrR,cg1686,cg1686,0,sampled_negative,unknown,0,0,0,0,0,,,0,0,0,0,,0,0,OP_cg1689,1,7,0,1,1,0,-52,1,0,0,0,0,0,0,,,,0,0,0,0,,,5,0,0,,0,
1938,0.319434,cg0876,sigH,cg2263,cg2263,1,curated_positive,unknown,0,0,1,0,0,,experimental,0.75,1,1,1,CoryneRegNet,1,1,,0,0,0,1,2,0.3077,-20.79,3,0,0,0,0,0,0,,,,0,0,0,0,,,5,0,0,,0,
1939,0.319434,cg1831,cg1831,cg2263,cg2263,0,sampled_negative,unknown,0,0,0,0,0,,,0,0,0,0,,0,0,,0,0,0,1,2,0.3077,-20.79,3,0,0,0,0,0,0,,,,0,0,0,0,,,5,0,0,,0,
1940,0.318935,cg3247,cgtR11,cg0516,hemE,1,curated_positive,R,0,1,0,0,0,,experimental,0.75,1,1,1,CoryneRegNet,1,1,OP_cg0516,1,8,0,1,3,0.9935,-15.36,1,0,0,0,0,0,0,,,,0,0,0,0,,,5,0,0,,0,
1941,0.318935,cg2114,cg2114,cg0516,hemE,0,sampled_negative,unknown,0,0,0,0,0,,,0,0,0,0,,0,0,OP_cg0516,1,8,0,1,3,0.9935,-15.36,1,0,0,0,0,0,0,,,,0,0,0,0,,,5,0,0,,0,
1942,0.318935,cg2737,cg2737,cg0516,hemE,0,sampled_negative,unknown,0,0,0,0,0,,,0,0,0,0,,0,0,OP_cg0516,1,8,0,1,3,0.9935,-15.36,1,0,0,0,0,0,0,,,,0,0,0,0,,,5,0,0,,0,
1943,0.318935,cg2268,cg2268,cg0516,hemE,0,sampled_negative,unknown,0,0,0,0,0,,,0,0,0,0,,0,0,OP_cg0516,1,8,0,1,3,0.9935,-15.36,1,0,0,0,0,0,0,,,,0,0,0,0,,,5,0,0,,0,
1944,0.318747,cg2641,cg2641,cg2634,catC,1,curated_positive,A,1,0,0,0,0,,predicted,0.05,0,0,0,CoryneRegNet,1,1,OP_cg2635,1,2,0,1,7,0.3708,-16.56,1,0,0,0,0,0,0,,,,0,0,0,0,,,5,0,0,,0,
1945,0.318747,cg0565,gabR,cg2634,catC,0,sampled_negative,unknown,0,0,0,0,0,,,0,0,0,0,,0,0,OP_cg2635,1,2,0,1,7,0.3708,-16.56,1,0,0,0,0,0,0,,,,0,0,0,0,,,5,0,0,,0,
1946,0.318747,cg2942,cg2942,cg2634,catC,0,sampled_negative,unknown,0,0,0,0,0,,,0,0,0,0,,0,0,OP_cg2635,1,2,0,1,7,0.3708,-16.56,1,0,0,0,0,0,0,,,,0,0,0,0,,,5,0,0,,0,
1947,0.318747,cg2092,sigA,cg2634,catC,0,sampled_negative,unknown,0,0,0,0,0,,,0,0,0,0,,0,0,OP_cg2635,1,2,0,1,7,0.3708,-16.56,1,0,0,0,0,0,0,,,,0,0,0,0,,,5,0,0,,0,
1948,0.317470,cg0986,amtR,cg3060,cgtS6,0,sampled_negative,unknown,0,0,0,0,0,,,0,0,0,0,,0,0,OP_cg3061,1,2,0,1,8,0.4743,-18.04,1,0,0,0,0,0,0,,,,0,0,0,0,,,5,0,0,,0,
1949,0.317442,cg2831,ramA,cg3196,glf,0,sampled_negative,unknown,0,0,0,0,0,,,0,0,0,0,,0,0,,0,0,0,1,13,0.9884,-12.04,0,0,0,0,0,0,0,,,,0,0,0,0,,,5,0,0,,0,
1950,0.317426,cg3315,malR,cg0292,tnp16a(ISCg16a),0,sampled_negative,unknown,0,0,0,0,0,,,0,0,0,0,,0,0,,0,0,0,1,9,0.4728,-18.42,1,0,0,0,0,0,0,,,,0,0,0,0,,,5,0,0,,0,
1951,0.317315,cg1308,rhcR,cg3404,cg3404,0,sampled_negative,unknown,0,0,0,0,0,,,0,0,0,0,,0,0,,0,0,0,1,6,0.7979,-23.3,1,0,0,0,0,0,0,,,,0,0,0,0,,,5,0,0,,0,
1952,0.316793,cg2624,pcaR,cg2622,scoB,1,curated_positive,R,0,1,0,0,0,,experimental,0.75,1,1,1,CoryneRegNet,1,1,OP_cg2623,1,2,0,1,7,0.9177,-8.26,1,0,0,0,0,0,0,,,,0,0,0,0,,,5,0,0,,0,
1953,0.316793,cg0993,cg0993,cg2622,scoB,0,sampled_negative,unknown,0,0,0,0,0,,,0,0,0,0,,0,0,OP_cg2623,1,2,0,1,7,0.9177,-8.26,1,0,0,0,0,0,0,,,,0,0,0,0,,,5,0,0,,0,
1954,0.316793,cg3352,genR(nagR),cg2622,scoB,0,sampled_negative,unknown,0,0,0,0,0,,,0,0,0,0,,0,0,OP_cg2623,1,2,0,1,7,0.9177,-8.26,1,0,0,0,0,0,0,,,,0,0,0,0,,,5,0,0,,0,
1955,0.316342,cg1792,cg1792,cg0812,dtsR1,1,curated_positive,A,1,0,0,0,0,,experimental,0.75,1,1,1,CoryneRegNet,1,1,,0,0,0,1,12,0.5944,-12.89,0,0,0,0,0,0,0,,,,0,0,0,0,,,5,0,0,,0,
1956,0.316342,cg0215,cspA,cg0812,dtsR1,0,sampled_negative,unknown,0,0,0,0,0,,,0,0,0,0,,0,0,,0,0,0,1,12,0.5944,-12.89,0,0,0,0,0,0,0,,,,0,0,0,0,,,5,0,0,,0,
1957,0.316342,cg0051,cg0051,cg0812,dtsR1,0,sampled_negative,unknown,0,0,0,0,0,,,0,0,0,0,,0,0,,0,0,0,1,12,0.5944,-12.89,0,0,0,0,0,0,0,,,,0,0,0,0,,,5,0,0,,0,
1958,0.316026,cg2092,sigA,cg3068,fda,1,curated_positive,A,1,0,0,0,0,,experimental,0.75,1,1,1,CoryneRegNet,1,1,,0,0,0,1,1,0,-112.25,2,0,0,0,0,0,0,,,,0,0,0,0,,,5,0,0,,0,
1959,0.316026,cg2102,sigB,cg3068,fda,1,curated_positive,unknown,0,0,1,0,0,,predicted,0.2,0,1,1,CoryneRegNet,1,1,,0,0,0,1,1,0,-112.25,2,0,0,0,0,0,0,,,,0,0,0,0,,,5,0,0,,0,
1960,0.316026,cg2115,cg2115,cg3068,fda,1,curated_positive,R,0,1,0,0,0,,experimental,0.75,1,1,1,CoryneRegNet,1,1,,0,0,0,1,1,0,-112.25,2,0,0,0,0,0,0,,,,0,0,0,0,,,5,0,0,,0,
1961,0.316026,cg2309,bioQ,cg3068,fda,0,sampled_negative,unknown,0,0,0,0,0,,,0,0,0,0,,0,0,,0,0,0,1,1,0,-112.25,2,0,0,0,0,0,0,,,,0,0,0,0,,,5,0,0,,0,
1962,0.316026,cg0350,glxR,cg3068,fda,0,sampled_negative,unknown,0,0,0,0,0,,,0,0,0,0,,0,0,,0,0,0,1,1,0,-112.25,2,0,0,0,0,0,0,,,,0,0,0,0,,,5,0,0,,0,
1963,0.315423,cg1817,pyrR,cg2218,pyrH,1,curated_positive,R,0,1,0,0,0,,experimental,0.6,1,0,0,CoryneRegNet,1,1,,0,0,0,1,1,0,-51.17,2,0,0,0,0,0,0,,,,0,0,0,0,,,5,0,0,,0,
1964,0.315423,cg2942,cg2942,cg2218,pyrH,0,sampled_negative,unknown,0,0,0,0,0,,,0,0,0,0,,0,0,,0,0,0,1,1,0,-51.17,2,0,0,0,0,0,0,,,,0,0,0,0,,,5,0,0,,0,
1965,0.315117,cg0565,gabR,cg0631,rpsE,0,sampled_negative,unknown,0,0,0,0,0,,,0,0,0,0,,0,0,OP_cg0628,1,6,0,1,5,0.7271,-18.55,3,0,0,0,0,0,0,,,,0,0,0,0,,,5,0,0,,0,
1966,0.314821,cg0156,cg0156,cg2810,cg2810,1,curated_positive,R,0,1,0,0,0,,predicted,0.2,0,1,1,CoryneRegNet,1,1,,0,0,0,0,,,,0,0,0,0,0,0,0,,,,0,0,0,0,,,8,0,0,,0,
1967,0.314821,cg0196,cg0196,cg0206,cg0206,1,curated_positive,R,0,1,0,0,0,,experimental,0.75,1,1,1,CoryneRegNet,1,1,,0,0,0,0,,,,0,0,0,0,0,0,0,,,,0,0,0,0,,,8,0,0,,0,
1968,0.314821,cg0215,cspA,cg2559,aceB,1,curated_positive,R,0,1,0,0,0,,experimental,0.75,1,1,1,CoryneRegNet,1,1,,0,0,0,0,,,,0,0,0,0,0,0,0,,,,0,0,0,0,,,8,0,0,,0,
1969,0.314821,cg0313,lrp,cg0313,lrp,1,curated_positive,A,1,0,0,0,0,,experimental,0.6,1,0,0,CoryneRegNet,1,1,,0,0,0,0,,,,0,0,0,0,0,0,0,,,,0,0,0,0,,,8,0,0,,0,
1970,0.314821,cg0371,cspA2,cg2559,aceB,1,curated_positive,unknown,0,0,1,0,0,,experimental,0.75,1,1,1,CoryneRegNet,1,1,,0,0,0,0,,,,0,0,0,0,0,0,0,,,,0,0,0,0,,,8,0,0,,0,
1971,0.314821,cg0463,cg0463,cg3280,cg3280,1,curated_positive,R,0,1,0,0,0,,experimental,0.75,1,1,2,CoryneRegNet,1,1,,0,0,0,0,,,,0,0,0,0,0,0,0,,,,0,0,0,0,,,8,0,0,,0,
1972,0.314821,cg0500,cg0500,cg0500,cg0500,1,curated_positive,A,1,0,0,0,0,,predicted,0.05,0,0,0,CoryneRegNet,1,1,,0,0,0,0,,,,0,0,0,0,0,0,0,,,,0,0,0,0,,,8,0,0,,0,
1973,0.314821,cg0696,sigD,cg2320,cg2320,1,curated_positive,A,1,0,0,0,0,,experimental,0.75,1,1,1,CoryneRegNet,1,1,,0,0,0,0,,,,0,0,0,0,0,0,0,,,,0,0,0,0,,,8,0,0,,0,
1974,0.314821,cg0696,sigD,cg3009,cg3009,1,curated_positive,A,1,0,0,0,0,,experimental,0.75,1,1,1,CoryneRegNet,1,1,,0,0,0,0,,,,0,0,0,0,0,0,0,,,,0,0,0,0,,,8,0,0,,0,
1975,0.314821,cg0709,cgtR7,cg0706,cg0706,1,curated_positive,A,1,0,0,0,0,,experimental,0.75,1,1,1,CoryneRegNet,1,1,,0,0,0,0,,,,0,0,0,0,0,0,0,,,,0,0,0,0,,,8,0,0,,0,
1976,0.314821,cg0709,cgtR7,cg2444,cg2444,1,curated_positive,A,1,0,0,0,0,,experimental,0.75,1,1,1,CoryneRegNet,1,1,,0,0,0,0,,,,0,0,0,0,0,0,0,,,,0,0,0,0,,,8,0,0,,0,
1977,0.314821,cg0709,cgtR7,cg2684,cg2684,1,curated_positive,A,1,0,0,0,0,,experimental,0.75,1,1,1,CoryneRegNet,1,1,,0,0,0,0,,,,0,0,0,0,0,0,0,,,,0,0,0,0,,,8,0,0,,0,
1978,0.314821,cg0709,cgtR7,cg3077,cg3077,1,curated_positive,A,1,0,0,0,0,,experimental,0.75,1,1,1,CoryneRegNet,1,1,,0,0,0,0,,,,0,0,0,0,0,0,0,,,,0,0,0,0,,,8,0,0,,0,
1979,0.314821,cg0709,cgtR7,cg3079,clpB,1,curated_positive,A,1,0,0,0,0,,experimental,0.75,1,1,1,CoryneRegNet,1,1,,0,0,0,0,,,,0,0,0,0,0,0,0,,,,0,0,0,0,,,8,0,0,,0,
1980,0.314821,cg0709,cgtR7,cg3143,cg3143,1,curated_positive,A,1,0,0,0,0,,experimental,0.75,1,1,1,CoryneRegNet,1,1,,0,0,0,0,,,,0,0,0,0,0,0,0,,,,0,0,0,0,,,8,0,0,,0,
1981,0.314821,cg0876,sigH,cg2106,cg2106,1,curated_positive,unknown,0,0,1,0,0,,experimental,0.75,1,1,2,CoryneRegNet,1,1,,0,0,0,0,,,,0,0,0,0,0,0,0,,,,0,0,0,0,,,8,0,0,,0,
1982,0.314821,cg0876,sigH,cg2329,cg2329,1,curated_positive,unknown,0,0,1,0,0,,experimental,0.75,1,1,1,CoryneRegNet,1,1,,0,0,0,0,,,,0,0,0,0,0,0,0,,,,0,0,0,0,,,8,0,0,,0,
1983,0.314821,cg0876,sigH,cg2380,cg2380,1,curated_positive,unknown,0,0,1,0,0,,experimental,0.75,1,1,1,CoryneRegNet,1,1,,0,0,0,0,,,,0,0,0,0,0,0,0,,,,0,0,0,0,,,8,0,0,,0,
1984,0.314821,cg0876,sigH,cg2810,cg2810,1,curated_positive,unknown,0,0,1,0,0,,experimental,0.75,1,1,2,CoryneRegNet,1,1,,0,0,0,0,,,,0,0,0,0,0,0,0,,,,0,0,0,0,,,8,0,0,,0,
1985,0.314821,cg0876,sigH,cg2835,cg2835,1,curated_positive,unknown,0,0,1,0,0,,experimental,0.75,1,1,2,CoryneRegNet,1,1,,0,0,0,0,,,,0,0,0,0,0,0,0,,,,0,0,0,0,,,8,0,0,,0,
1986,0.314821,cg0876,sigH,cg3079,clpB,1,curated_positive,unknown,0,0,1,0,0,,experimental,0.75,1,1,2,CoryneRegNet,1,1,,0,0,0,0,,,,0,0,0,0,0,0,0,,,,0,0,0,0,,,8,0,0,,0,
1987,0.314821,cg0876,sigH,cg3143,cg3143,1,curated_positive,unknown,0,0,1,0,0,,experimental,0.75,1,1,1,CoryneRegNet,1,1,,0,0,0,0,,,,0,0,0,0,0,0,0,,,,0,0,0,0,,,8,0,0,,0,
1988,0.314821,cg0876,sigH,cg3378,cg3378,1,curated_positive,unknown,0,0,1,0,0,,experimental,0.75,1,1,1,CoryneRegNet,1,1,,0,0,0,0,,,,0,0,0,0,0,0,0,,,,0,0,0,0,,,8,0,0,,0,
1989,0.314821,cg0876,sigH,cg3420,sigM,1,curated_positive,unknown,0,0,1,0,0,,experimental,0.75,1,1,1,CoryneRegNet,1,1,,0,0,0,0,,,,0,0,0,0,0,0,0,,,,0,0,0,0,,,8,0,0,,0,
1990,0.314821,cg1324,cg1324,cg1849,cg1849,1,curated_positive,R,0,1,0,0,0,,experimental,0.75,1,1,1,CoryneRegNet,1,1,,0,0,0,0,,,,0,0,0,0,0,0,0,,,,0,0,0,0,,,8,0,0,,0,
1991,0.314821,cg1585,argR,cg2280,gdh,1,curated_positive,R,0,1,0,0,0,,predicted,0.2,0,1,1,CoryneRegNet,1,1,,0,0,0,0,,,,0,0,0,0,0,0,0,,,,0,0,0,0,,,8,0,0,,0,
1992,0.314821,cg1861,rel,cg2942,cg2942,1,curated_positive,R,0,1,0,0,0,,predicted,0.2,0,1,1,CoryneRegNet,1,1,,0,0,0,0,,,,0,0,0,0,0,0,0,,,,0,0,0,0,,,8,0,0,,0,
1993,0.314821,cg1861,rel,cg3420,sigM,1,curated_positive,A,1,0,0,0,0,,predicted,0.05,0,0,0,CoryneRegNet,1,1,,0,0,0,0,,,,0,0,0,0,0,0,0,,,,0,0,0,0,,,8,0,0,,0,
1994,0.314821,cg2092,sigA,cg0303,leuA,1,curated_positive,A,1,0,0,0,0,,experimental,0.75,1,1,1,CoryneRegNet,1,1,,0,0,0,0,,,,0,0,0,0,0,0,0,,,,0,0,0,0,,,8,0,0,,0,
1995,0.314821,cg2092,sigA,cg0313,lrp,1,curated_positive,A,1,0,0,0,0,,experimental,0.75,1,1,1,CoryneRegNet,1,1,,0,0,0,0,,,,0,0,0,0,0,0,0,,,,0,0,0,0,,,8,0,0,,0,
1996,0.314821,cg2092,sigA,cg0444,cg0444,1,curated_positive,A,1,0,0,0,0,,experimental,0.75,1,1,1,CoryneRegNet,1,1,,0,0,0,0,,,,0,0,0,0,0,0,0,,,,0,0,0,0,,,8,0,0,,0,
1997,0.314821,cg2092,sigA,cg1016,betP,1,curated_positive,A,1,0,0,0,0,,experimental,0.75,1,1,1,CoryneRegNet,1,1,,0,0,0,0,,,,0,0,0,0,0,0,0,,,,0,0,0,0,,,8,0,0,,0,
1998,0.314821,cg2092,sigA,cg1156,ssuD2,1,curated_positive,A,1,0,0,0,0,,experimental,0.75,1,1,1,CoryneRegNet,1,1,,0,0,0,0,,,,0,0,0,0,0,0,0,,,,0,0,0,0,,,8,0,0,,0,
1999,0.314821,cg2092,sigA,cg1537,ptsG,1,curated_positive,A,1,0,0,0,0,,experimental,0.75,1,1,1,CoryneRegNet,1,1,,0,0,0,0,,,,0,0,0,0,0,0,0,,,,0,0,0,0,,,8,0,0,,0,
2000,0.314821,cg2092,sigA,cg2162,cg2162,1,curated_positive,A,1,0,0,0,0,,predicted,0.2,0,1,1,CoryneRegNet,1,1,,0,0,0,0,,,,0,0,0,0,0,0,0,,,,0,0,0,0,,,8,0,0,,0,
2001,0.314821,cg2092,sigA,cg2163,dapB,1,curated_positive,A,1,0,0,0,0,,experimental,0.75,1,1,1,CoryneRegNet,1,1,,0,0,0,0,,,,0,0,0,0,0,0,0,,,,0,0,0,0,,,8,0,0,,0,
2002,0.314821,cg2092,sigA,cg2280,gdh,1,curated_positive,A,1,0,0,0,0,,experimental,0.75,1,1,1,CoryneRegNet,1,1,,0,0,0,0,,,,0,0,0,0,0,0,0,,,,0,0,0,0,,,8,0,0,,0,
2003,0.314821,cg2092,sigA,cg2418,ilvE,1,curated_positive,A,1,0,0,0,0,,experimental,0.75,1,1,1,CoryneRegNet,1,1,,0,0,0,0,,,,0,0,0,0,0,0,0,,,,0,0,0,0,,,8,0,0,,0,
2004,0.314821,cg2092,sigA,cg2421,sucB,1,curated_positive,A,1,0,0,0,0,,experimental,0.75,1,1,1,CoryneRegNet,1,1,,0,0,0,0,,,,0,0,0,0,0,0,0,,,,0,0,0,0,,,8,0,0,,0,
2005,0.314821,cg2092,sigA,cg2466,aceE,1,curated_positive,A,1,0,0,0,0,,experimental,0.75,1,1,1,CoryneRegNet,1,1,,0,0,0,0,,,,0,0,0,0,0,0,0,,,,0,0,0,0,,,8,0,0,,0,
2006,0.314821,cg2092,sigA,cg2554,rbsK2,1,curated_positive,A,1,0,0,0,0,,experimental,0.75,1,1,1,CoryneRegNet,1,1,,0,0,0,0,,,,0,0,0,0,0,0,0,,,,0,0,0,0,,,8,0,0,,0,
2007,0.314821,cg2092,sigA,cg2559,aceB,1,curated_positive,A,1,0,0,0,0,,experimental,0.75,1,1,1,CoryneRegNet,1,1,,0,0,0,0,,,,0,0,0,0,0,0,0,,,,0,0,0,0,,,8,0,0,,0,
2008,0.314821,cg2092,sigA,cg2747,cg2747,1,curated_positive,A,1,0,0,0,0,,experimental,0.75,1,1,1,CoryneRegNet,1,1,,0,0,0,0,,,,0,0,0,0,0,0,0,,,,0,0,0,0,,,8,0,0,,0,
2009,0.314821,cg2092,sigA,cg2782,ftn,1,curated_positive,A,1,0,0,0,0,,experimental,0.75,1,1,1,CoryneRegNet,1,1,,0,0,0,0,,,,0,0,0,0,0,0,0,,,,0,0,0,0,,,8,0,0,,0,
2010,0.314821,cg2092,sigA,cg2810,cg2810,1,curated_positive,A,1,0,0,0,0,,experimental,0.75,1,1,1,CoryneRegNet,1,1,,0,0,0,0,,,,0,0,0,0,0,0,0,,,,0,0,0,0,,,8,0,0,,0,
2011,0.314821,cg2092,sigA,cg2868,nuc,1,curated_positive,A,1,0,0,0,0,,experimental,0.75,1,1,1,CoryneRegNet,1,1,,0,0,0,0,,,,0,0,0,0,0,0,0,,,,0,0,0,0,,,8,0,0,,0,
2012,0.314821,cg2092,sigA,cg2884,cg2884,1,curated_positive,A,1,0,0,0,0,,experimental,0.75,1,1,1,CoryneRegNet,1,1,,0,0,0,0,,,,0,0,0,0,0,0,0,,,,0,0,0,0,,,8,0,0,,0,
2013,0.314821,cg2092,sigA,cg3079,clpB,1,curated_positive,A,1,0,0,0,0,,experimental,0.75,1,1,1,CoryneRegNet,1,1,,0,0,0,0,,,,0,0,0,0,0,0,0,,,,0,0,0,0,,,8,0,0,,0,
2014,0.314821,cg2092,sigA,cg3216,gntP,1,curated_positive,A,1,0,0,0,0,,experimental,0.75,1,1,1,CoryneRegNet,1,1,,0,0,0,0,,,,0,0,0,0,0,0,0,,,,0,0,0,0,,,8,0,0,,0,
2015,0.314821,cg2102,sigB,cg1417,cg1417,1,curated_positive,unknown,0,0,1,0,0,,predicted,0.2,0,1,1,CoryneRegNet,1,1,,0,0,0,0,,,,0,0,0,0,0,0,0,,,,0,0,0,0,,,8,0,0,,0,
2016,0.314821,cg2102,sigB,cg2162,cg2162,1,curated_positive,unknown,0,0,1,0,0,,predicted,0.2,0,1,1,CoryneRegNet,1,1,,0,0,0,0,,,,0,0,0,0,0,0,0,,,,0,0,0,0,,,8,0,0,,0,
2017,0.314821,cg2102,sigB,cg2163,dapB,1,curated_positive,unknown,0,0,1,0,0,,predicted,0.2,0,1,1,CoryneRegNet,1,1,,0,0,0,0,,,,0,0,0,0,0,0,0,,,,0,0,0,0,,,8,0,0,,0,
2018,0.314821,cg2102,sigB,cg2418,ilvE,1,curated_positive,unknown,0,0,1,0,0,,predicted,0.2,0,1,1,CoryneRegNet,1,1,,0,0,0,0,,,,0,0,0,0,0,0,0,,,,0,0,0,0,,,8,0,0,,0,
2019,0.314821,cg2103,dtxR,cg2797,cg2797,1,curated_positive,R,0,1,0,0,0,,experimental,0.75,1,1,1,CoryneRegNet,1,1,,0,0,0,0,,,,0,0,0,0,0,0,0,,,,0,0,0,0,,,8,0,0,,0,
2020,0.314821,cg2109,oxyR,cg1293,cg1293,1,curated_positive,R,0,1,0,0,0,,experimental,0.75,1,1,1,CoryneRegNet,1,1,,0,0,0,0,,,,0,0,0,0,0,0,0,,,,0,0,0,0,,,8,0,0,,0,
2021,0.314821,cg2109,oxyR,cg1695,cg1695,1,curated_positive,R,0,1,0,0,0,,experimental,0.75,1,1,1,CoryneRegNet,1,1,,0,0,0,0,,,,0,0,0,0,0,0,0,,,,0,0,0,0,,,8,0,0,,0,
2022,0.314821,cg2115,cg2115,cg1408,cg1408,1,curated_positive,R,0,1,0,0,0,,predicted,0.2,0,1,1,CoryneRegNet,1,1,,0,0,0,0,,,,0,0,0,0,0,0,0,,,,0,0,0,0,,,8,0,0,,0,
2023,0.314821,cg2115,cg2115,cg2157,terC,1,curated_positive,R,0,1,0,0,0,,predicted,0.2,0,1,1,CoryneRegNet,1,1,,0,0,0,0,,,,0,0,0,0,0,0,0,,,,0,0,0,0,,,8,0,0,,0,
2024,0.314821,cg2268,cg2268,cg2269,cg2269,1,curated_positive,A,1,0,0,0,0,,predicted,0.05,0,0,0,CoryneRegNet,1,1,,0,0,0,0,,,,0,0,0,0,0,0,0,,,,0,0,0,0,,,8,0,0,,0,
2025,0.314821,cg2309,cg2309,cg2884,cg2884,1,curated_positive,R,0,1,0,0,0,,experimental,0.75,1,1,1,CoryneRegNet,1,1,,0,0,0,0,,,,0,0,0,0,0,0,0,,,,0,0,0,0,,,8,0,0,,0,
2026,0.314821,cg2641,cg2641,cg2636,catA1,1,curated_positive,A,1,0,0,0,0,,predicted,0.05,0,0,0,CoryneRegNet,1,1,,0,0,0,0,,,,0,0,0,0,0,0,0,,,,0,0,0,0,,,8,0,0,,0,
2027,0.314821,cg2766,cg2766,cg0534,cg0534,1,curated_positive,R,0,1,0,0,0,,predicted,0.05,0,0,0,CoryneRegNet,1,1,,0,0,0,0,,,,0,0,0,0,0,0,0,,,,0,0,0,0,,,8,0,0,,0,
2028,0.314821,cg2766,cg2766,cg2290,cg2290,1,curated_positive,R,0,1,0,0,0,,predicted,0.05,0,0,0,CoryneRegNet,1,1,,0,0,0,0,,,,0,0,0,0,0,0,0,,,,0,0,0,0,,,8,0,0,,0,
2029,0.314821,cg2831,cg2831,cg0444,cg0444,1,curated_positive,A,1,0,0,0,0,,experimental,0.75,1,1,1,CoryneRegNet,1,1,,0,0,0,0,,,,0,0,0,0,0,0,0,,,,0,0,0,0,,,8,0,0,,0,
2030,0.314821,cg2831,cg2831,cg1157,glpX,1,curated_positive,A,1,0,0,0,0,,experimental,0.75,1,1,1,CoryneRegNet,1,1,,0,0,0,0,,,,0,0,0,0,0,0,0,,,,0,0,0,0,,,8,0,0,,0,
2031,0.314821,cg2831,cg2831,cg1537,ptsG,1,curated_positive,R,0,1,0,0,0,,experimental,0.75,1,1,1,CoryneRegNet,1,1,,0,0,0,0,,,,0,0,0,0,0,0,0,,,,0,0,0,0,,,8,0,0,,0,
2032,0.314821,cg2831,cg2831,cg1643,gnd,1,curated_positive,A,1,0,0,0,0,,experimental,0.75,1,1,1,CoryneRegNet,1,1,,0,0,0,0,,,,0,0,0,0,0,0,0,,,,0,0,0,0,,,8,0,0,,0,
2033,0.314821,cg2831,cg2831,cg2421,sucB,1,curated_positive,A,1,0,0,0,0,,experimental,0.75,1,1,1,CoryneRegNet,1,1,,0,0,0,0,,,,0,0,0,0,0,0,0,,,,0,0,0,0,,,8,0,0,,0,
2034,0.314821,cg2936,cg2936,cg1756,nanH,1,curated_positive,R,0,1,0,0,0,,experimental,0.75,1,1,1,CoryneRegNet,1,1,,0,0,0,0,,,,0,0,0,0,0,0,0,,,,0,0,0,0,,,8,0,0,,0,
2035,0.314821,cg2942,cg2942,cg2941,cg2941,1,curated_positive,A,1,0,0,0,0,,predicted,0.05,0,0,0,CoryneRegNet,1,1,,0,0,0,0,,,,0,0,0,0,0,0,0,,,,0,0,0,0,,,8,0,0,,0,
2036,0.314821,cg3261,cg3261,cg3263,cg3263,1,curated_positive,R,0,1,0,0,0,,predicted,0.2,0,1,1,CoryneRegNet,1,1,,0,0,0,0,,,,0,0,0,0,0,0,0,,,,0,0,0,0,,,8,0,0,,0,
2037,0.314821,cg3285,cgtR9,cg3280,cg3280,1,curated_positive,A,1,0,0,0,0,,predicted,0.05,0,0,0,CoryneRegNet,1,1,,0,0,0,0,,,,0,0,0,0,0,0,0,,,,0,0,0,0,,,8,0,0,,0,
2038,0.314821,cg3285,cgtR9,cg3282,cg3282,1,curated_positive,A,1,0,0,0,0,,experimental,0.75,1,1,1,CoryneRegNet,1,1,,0,0,0,0,,,,0,0,0,0,0,0,0,,,,0,0,0,0,,,8,0,0,,0,
2039,0.314821,cg3285,cgtR9,cg3287,cg3287,1,curated_positive,A,1,0,0,0,0,,experimental,0.75,1,1,1,CoryneRegNet,1,1,,0,0,0,0,,,,0,0,0,0,0,0,0,,,,0,0,0,0,,,8,0,0,,0,
2040,0.314821,cg3285,cgtR9,cg3288,cg3288,1,curated_positive,A,1,0,0,0,0,,experimental,0.75,1,1,1,CoryneRegNet,1,1,,0,0,0,0,,,,0,0,0,0,0,0,0,,,,0,0,0,0,,,8,0,0,,0,
2041,0.314821,cg3285,cgtR9,cg3289,cg3289,1,curated_positive,A,1,0,0,0,0,,experimental,0.75,1,1,1,CoryneRegNet,1,1,,0,0,0,0,,,,0,0,0,0,0,0,0,,,,0,0,0,0,,,8,0,0,,0,
2042,0.314821,cg3420,sigM,cg3079,clpB,1,curated_positive,unknown,0,0,1,0,0,,predicted,0.2,0,1,1,CoryneRegNet,1,1,,0,0,0,0,,,,0,0,0,0,0,0,0,,,,0,0,0,0,,,8,0,0,,0,
2043,0.314821,cg3373,cg3373,cg1752,int,0,sampled_negative,unknown,0,0,0,0,0,,,0,0,0,0,,0,0,,0,0,0,0,,,,0,0,0,0,0,0,0,,,,0,0,0,0,,,8,0,0,,0,
2044,0.314821,cg2502,fur,cg1420,gatB,0,sampled_negative,unknown,0,0,0,0,0,,,0,0,0,0,,0,0,,0,0,0,0,,,,0,0,0,0,0,0,0,,,,0,0,0,0,,,8,0,0,,0,
2045,0.314821,cg3202,farR,cg0343,phdR,0,sampled_negative,unknown,0,0,0,0,0,,,0,0,0,0,,0,0,,0,0,0,0,,,,0,0,0,0,0,0,0,,,,0,0,0,0,,,8,0,0,,0,
2046,0.314821,cg0444,ramB,cg3144,bglG,0,sampled_negative,unknown,0,0,0,0,0,,,0,0,0,0,,0,0,,0,0,0,0,,,,0,0,0,0,0,0,0,,,,0,0,0,0,,,8,0,0,,0,
2047,0.314821,cg0090,cg0090,cg1951,tnp14a(ISCg14a),0,sampled_negative,unknown,0,0,0,0,0,,,0,0,0,0,,0,0,,0,0,0,0,,,,0,0,0,0,0,0,0,,,,0,0,0,0,,,8,0,0,,0,
2048,0.314821,cg0993,cg0993,cg0038,ohr,0,sampled_negative,unknown,0,0,0,0,0,,,0,0,0,0,,0,0,,0,0,0,0,,,,0,0,0,0,0,0,0,,,,0,0,0,0,,,8,0,0,,0,
2049,0.314821,cg1218,nrtR,cg1420,gatB,0,sampled_negative,unknown,0,0,0,0,0,,,0,0,0,0,,0,0,,0,0,0,0,,,,0,0,0,0,0,0,0,,,,0,0,0,0,,,8,0,0,,0,
2050,0.314821,cg0897,pdxR,cg3004,gabD1,0,sampled_negative,unknown,0,0,0,0,0,,,0,0,0,0,,0,0,,0,0,0,0,,,,0,0,0,0,0,0,0,,,,0,0,0,0,,,8,0,0,,0,
2051,0.314821,cg0317,arsR2,cg3216,gntP,0,sampled_negative,unknown,0,0,0,0,0,,,0,0,0,0,,0,0,,0,0,0,0,,,,0,0,0,0,0,0,0,,,,0,0,0,0,,,8,0,0,,0,
2052,0.314821,cg2200,cgtR8,cg2444,cg2444,0,sampled_negative,unknown,0,0,0,0,0,,,0,0,0,0,,0,0,,0,0,0,0,,,,0,0,0,0,0,0,0,,,,0,0,0,0,,,8,0,0,,0,
2053,0.314821,cg0090,cg0090,cg2736,bcp,0,sampled_negative,unknown,0,0,0,0,0,,,0,0,0,0,,0,0,,0,0,0,0,,,,0,0,0,0,0,0,0,,,,0,0,0,0,,,8,0,0,,0,
2054,0.314821,cg1053,cg1053,cg3345,cg3345,0,sampled_negative,unknown,0,0,0,0,0,,,0,0,0,0,,0,0,,0,0,0,0,,,,0,0,0,0,0,0,0,,,,0,0,0,0,,,8,0,0,,0,
2055,0.314821,cg2500,znR,cg2289,glgP2,0,sampled_negative,unknown,0,0,0,0,0,,,0,0,0,0,,0,0,,0,0,0,0,,,,0,0,0,0,0,0,0,,,,0,0,0,0,,,8,0,0,,0,
2056,0.314821,cg1585,argR,cg1016,betP,0,sampled_negative,unknown,0,0,0,0,0,,,0,0,0,0,,0,0,,0,0,0,0,,,,0,0,0,0,0,0,0,,,,0,0,0,0,,,8,0,0,,0,
2057,0.314821,cg2831,ramA,cg2610,cg2610,0,sampled_negative,unknown,0,0,0,0,0,,,0,0,0,0,,0,0,,0,0,0,0,,,,0,0,0,0,0,0,0,,,,0,0,0,0,,,8,0,0,,0,
2058,0.314821,cg2103,dtxR,cg2473,acpM,0,sampled_negative,unknown,0,0,0,0,0,,,0,0,0,0,,0,0,,0,0,0,0,,,,0,0,0,0,0,0,0,,,,0,0,0,0,,,8,0,0,,0,
2059,0.314821,cg1340,arnR,cg1752,int,0,sampled_negative,unknown,0,0,0,0,0,,,0,0,0,0,,0,0,,0,0,0,0,,,,0,0,0,0,0,0,0,,,,0,0,0,0,,,8,0,0,,0,
2060,0.314821,cg2888,cgtR3(phoR),cg3143,cg3143,0,sampled_negative,unknown,0,0,0,0,0,,,0,0,0,0,,0,0,,0,0,0,0,,,,0,0,0,0,0,0,0,,,,0,0,0,0,,,8,0,0,,0,
2061,0.314821,cg2109,oxyR,cg0313,lrp,0,sampled_negative,unknown,0,0,0,0,0,,,0,0,0,0,,0,0,,0,0,0,0,,,,0,0,0,0,0,0,0,,,,0,0,0,0,,,8,0,0,,0,
2062,0.314821,cg3388,cg3388,cg1942,cg1942,0,sampled_negative,unknown,0,0,0,0,0,,,0,0,0,0,,0,0,,0,0,0,0,,,,0,0,0,0,0,0,0,,,,0,0,0,0,,,8,0,0,,0,
2063,0.314821,cg2766,cg2766,cg2884,cg2884,0,sampled_negative,unknown,0,0,0,0,0,,,0,0,0,0,,0,0,,0,0,0,0,,,,0,0,0,0,0,0,0,,,,0,0,0,0,,,8,0,0,,0,
2064,0.314821,cg2627,cg2627,cg2527,dcp,0,sampled_negative,unknown,0,0,0,0,0,,,0,0,0,0,,0,0,,0,0,0,0,,,,0,0,0,0,0,0,0,,,,0,0,0,0,,,8,0,0,,0,
2065,0.314821,cg2942,cg2942,cg3282,cg3282,0,sampled_negative,unknown,0,0,0,0,0,,,0,0,0,0,,0,0,,0,0,0,0,,,,0,0,0,0,0,0,0,,,,0,0,0,0,,,8,0,0,,0,
2066,0.314821,cg2910,ipsA,cg0435,udgA1,0,sampled_negative,unknown,0,0,0,0,0,,,0,0,0,0,,0,0,,0,0,0,0,,,,0,0,0,0,0,0,0,,,,0,0,0,0,,,8,0,0,,0,
2067,0.314821,cg2894,cg2894,cg2106,cg2106,0,sampled_negative,unknown,0,0,0,0,0,,,0,0,0,0,,0,0,,0,0,0,0,,,,0,0,0,0,0,0,0,,,,0,0,0,0,,,8,0,0,,0,
2068,0.314821,cg3247,cgtR11(hrrA),cg2554,rbsK2,0,sampled_negative,unknown,0,0,0,0,0,,,0,0,0,0,,0,0,,0,0,0,0,,,,0,0,0,0,0,0,0,,,,0,0,0,0,,,8,0,0,,0,
2069,0.314821,cg3247,cgtR11(hrrA),cg3282,cg3282,0,sampled_negative,unknown,0,0,0,0,0,,,0,0,0,0,,0,0,,0,0,0,0,,,,0,0,0,0,0,0,0,,,,0,0,0,0,,,8,0,0,,0,
2070,0.314821,cg2268,cg2268,cg3393,cg3393,0,sampled_negative,unknown,0,0,0,0,0,,,0,0,0,0,,0,0,,0,0,0,0,,,,0,0,0,0,0,0,0,,,,0,0,0,0,,,8,0,0,,0,
2071,0.314821,cg2910,ipsA,cg2217,frr,0,sampled_negative,unknown,0,0,0,0,0,,,0,0,0,0,,0,0,,0,0,0,0,,,,0,0,0,0,0,0,0,,,,0,0,0,0,,,8,0,0,,0,
2072,0.314821,cg0090,cg0090,cg0897,pdxR,0,sampled_negative,unknown,0,0,0,0,0,,,0,0,0,0,,0,0,,0,0,0,0,,,,0,0,0,0,0,0,0,,,,0,0,0,0,,,8,0,0,,0,
2073,0.314821,cg1340,arnR,cg1513,tnp23a(ISCg23a),0,sampled_negative,unknown,0,0,0,0,0,,,0,0,0,0,,0,0,,0,0,0,0,,,,0,0,0,0,0,0,0,,,,0,0,0,0,,,8,0,0,,0,
2074,0.314821,cg0156,cysR,cg2163,dapB,0,sampled_negative,unknown,0,0,0,0,0,,,0,0,0,0,,0,0,,0,0,0,0,,,,0,0,0,0,0,0,0,,,,0,0,0,0,,,8,0,0,,0,
2075,0.314821,cg1211,oasR,cg0428,tnp17c(ISCG17a),0,sampled_negative,unknown,0,0,0,0,0,,,0,0,0,0,,0,0,,0,0,0,0,,,,0,0,0,0,0,0,0,,,,0,0,0,0,,,8,0,0,,0,
2076,0.314821,cg0454,cg0454,cg1255,cg1255,0,sampled_negative,unknown,0,0,0,0,0,,,0,0,0,0,,0,0,,0,0,0,0,,,,0,0,0,0,0,0,0,,,,0,0,0,0,,,8,0,0,,0,
2077,0.314821,cg0500,qsuR,cg1016,betP,0,sampled_negative,unknown,0,0,0,0,0,,,0,0,0,0,,0,0,,0,0,0,0,,,,0,0,0,0,0,0,0,,,,0,0,0,0,,,8,0,0,,0,
2078,0.314821,cg2115,sugR,cg2684,cg2684,0,sampled_negative,unknown,0,0,0,0,0,,,0,0,0,0,,0,0,,0,0,0,0,,,,0,0,0,0,0,0,0,,,,0,0,0,0,,,8,0,0,,0,
2079,0.314821,cg2615,vanR,cg1873,tesB2,0,sampled_negative,unknown,0,0,0,0,0,,,0,0,0,0,,0,0,,0,0,0,0,,,,0,0,0,0,0,0,0,,,,0,0,0,0,,,8,0,0,,0,
2080,0.314821,cg3082,cg3082,cg1602,recN,0,sampled_negative,unknown,0,0,0,0,0,,,0,0,0,0,,0,0,,0,0,0,0,,,,0,0,0,0,0,0,0,,,,0,0,0,0,,,8,0,0,,0,
2081,0.314821,cg0444,ramB,cg1024,tnp7a(ISCg7a),0,sampled_negative,unknown,0,0,0,0,0,,,0,0,0,0,,0,0,,0,0,0,0,,,,0,0,0,0,0,0,0,,,,0,0,0,0,,,8,0,0,,0,
2082,0.314821,cg2500,znR,cg3287,cg3287,0,sampled_negative,unknown,0,0,0,0,0,,,0,0,0,0,,0,0,,0,0,0,0,,,,0,0,0,0,0,0,0,,,,0,0,0,0,,,8,0,0,,0,
2083,0.314821,cg0646,cg0646,cg1552,qorR,0,sampled_negative,unknown,0,0,0,0,0,,,0,0,0,0,,0,0,,0,0,0,0,,,,0,0,0,0,0,0,0,,,,0,0,0,0,,,8,0,0,,0,
2084,0.314821,cg2544,gntR3,cg0748,cg0748,0,sampled_negative,unknown,0,0,0,0,0,,,0,0,0,0,,0,0,,0,0,0,0,,,,0,0,0,0,0,0,0,,,,0,0,0,0,,,8,0,0,,0,
2085,0.314821,cg1861,rel(relA),cg2421,sucB,0,sampled_negative,unknown,0,0,0,0,0,,,0,0,0,0,,0,0,,0,0,0,0,,,,0,0,0,0,0,0,0,,,,0,0,0,0,,,8,0,0,,0,
2086,0.314821,cg0862,mtrA,cg3345,cg3345,0,sampled_negative,unknown,0,0,0,0,0,,,0,0,0,0,,0,0,,0,0,0,0,,,,0,0,0,0,0,0,0,,,,0,0,0,0,,,8,0,0,,0,
2087,0.314821,cg3388,cg3388,cg0500,qsuR,0,sampled_negative,unknown,0,0,0,0,0,,,0,0,0,0,,0,0,,0,0,0,0,,,,0,0,0,0,0,0,0,,,,0,0,0,0,,,8,0,0,,0,
2088,0.314821,cg0986,amtR,cg2810,cg2810,0,sampled_negative,unknown,0,0,0,0,0,,,0,0,0,0,,0,0,,0,0,0,0,,,,0,0,0,0,0,0,0,,,,0,0,0,0,,,8,0,0,,0,
2089,0.314821,cg1410,rbsR,cg3144,bglG,0,sampled_negative,unknown,0,0,0,0,0,,,0,0,0,0,,0,0,,0,0,0,0,,,,0,0,0,0,0,0,0,,,,0,0,0,0,,,8,0,0,,0,
2090,0.314821,cg1831,cg1831,cg1771,qor,0,sampled_negative,unknown,0,0,0,0,0,,,0,0,0,0,,0,0,,0,0,0,0,,,,0,0,0,0,0,0,0,,,,0,0,0,0,,,8,0,0,,0,
2091,0.314821,cg0215,cspA,cg2810,cg2810,0,sampled_negative,unknown,0,0,0,0,0,,,0,0,0,0,,0,0,,0,0,0,0,,,,0,0,0,0,0,0,0,,,,0,0,0,0,,,8,0,0,,0,
2092,0.314821,cg2641,benR,cg3411,cg3411,0,sampled_negative,unknown,0,0,0,0,0,,,0,0,0,0,,0,0,,0,0,0,0,,,,0,0,0,0,0,0,0,,,,0,0,0,0,,,8,0,0,,0,
2093,0.314821,cg0090,cg0090,cg2636,catA1,0,sampled_negative,unknown,0,0,0,0,0,,,0,0,0,0,,0,0,,0,0,0,0,,,,0,0,0,0,0,0,0,,,,0,0,0,0,,,8,0,0,,0,
2094,0.314821,cg2783,cg2783,cg2870,dctA,0,sampled_negative,unknown,0,0,0,0,0,,,0,0,0,0,,0,0,,0,0,0,0,,,,0,0,0,0,0,0,0,,,,0,0,0,0,,,8,0,0,,0,
2095,0.314821,cg2115,sugR,cg1293,cg1293,0,sampled_negative,unknown,0,0,0,0,0,,,0,0,0,0,,0,0,,0,0,0,0,,,,0,0,0,0,0,0,0,,,,0,0,0,0,,,8,0,0,,0,
2096,0.314821,cg1271,sigE,cg2527,dcp,0,sampled_negative,unknown,0,0,0,0,0,,,0,0,0,0,,0,0,,0,0,0,0,,,,0,0,0,0,0,0,0,,,,0,0,0,0,,,8,0,0,,0,
2097,0.314821,cg2112,cg2112,cg2444,cg2444,0,sampled_negative,unknown,0,0,0,0,0,,,0,0,0,0,,0,0,,0,0,0,0,,,,0,0,0,0,0,0,0,,,,0,0,0,0,,,8,0,0,,0,
2098,0.314821,cg0343,phdR,cg2647,tig,0,sampled_negative,unknown,0,0,0,0,0,,,0,0,0,0,,0,0,,0,0,0,0,,,,0,0,0,0,0,0,0,,,,0,0,0,0,,,8,0,0,,0,
2099,0.314821,cg0993,cg0993,cg3071,pyrE,0,sampled_negative,unknown,0,0,0,0,0,,,0,0,0,0,,0,0,,0,0,0,0,,,,0,0,0,0,0,0,0,,,,0,0,0,0,,,8,0,0,,0,
2100,0.314821,cg2783,cg2783,cg1314,putP,0,sampled_negative,unknown,0,0,0,0,0,,,0,0,0,0,,0,0,,0,0,0,0,,,,0,0,0,0,0,0,0,,,,0,0,0,0,,,8,0,0,,0,
2101,0.314821,cg2103,dtxR,cg0001,dnaA,0,sampled_negative,unknown,0,0,0,0,0,,,0,0,0,0,,0,0,,0,0,0,0,,,,0,0,0,0,0,0,0,,,,0,0,0,0,,,8,0,0,,0,
2102,0.314821,cg1817,pyrR,cg3411,cg3411,0,sampled_negative,unknown,0,0,0,0,0,,,0,0,0,0,,0,0,,0,0,0,0,,,,0,0,0,0,0,0,0,,,,0,0,0,0,,,8,0,0,,0,
2103,0.314821,cg1846,cssR,cg2466,aceE,0,sampled_negative,unknown,0,0,0,0,0,,,0,0,0,0,,0,0,,0,0,0,0,,,,0,0,0,0,0,0,0,,,,0,0,0,0,,,8,0,0,,0,
2104,0.314821,cg0337,whiB4(whcA),cg0534,cg0534,0,sampled_negative,unknown,0,0,0,0,0,,,0,0,0,0,,0,0,,0,0,0,0,,,,0,0,0,0,0,0,0,,,,0,0,0,0,,,8,0,0,,0,
2105,0.314821,cg2910,ipsA,cg3345,cg3345,0,sampled_negative,unknown,0,0,0,0,0,,,0,0,0,0,,0,0,,0,0,0,0,,,,0,0,0,0,0,0,0,,,,0,0,0,0,,,8,0,0,,0,
2106,0.314821,cg0019,cg0019,cg2539,ectP,0,sampled_negative,unknown,0,0,0,0,0,,,0,0,0,0,,0,0,,0,0,0,0,,,,0,0,0,0,0,0,0,,,,0,0,0,0,,,8,0,0,,0,
2107,0.314821,cg2309,bioQ,cg0303,leuA,0,sampled_negative,unknown,0,0,0,0,0,,,0,0,0,0,,0,0,,0,0,0,0,,,,0,0,0,0,0,0,0,,,,0,0,0,0,,,8,0,0,,0,
2108,0.314821,cg0112,ureR,cg3378,cg3378,0,sampled_negative,unknown,0,0,0,0,0,,,0,0,0,0,,0,0,,0,0,0,0,,,,0,0,0,0,0,0,0,,,,0,0,0,0,,,8,0,0,,0,
2109,0.314821,cg0313,lrp,cg2759,tnp15b(ISCg15b),0,sampled_negative,unknown,0,0,0,0,0,,,0,0,0,0,,0,0,,0,0,0,0,,,,0,0,0,0,0,0,0,,,,0,0,0,0,,,8,0,0,,0,
2110,0.314821,cg2309,bioQ,cg2662,pepN,0,sampled_negative,unknown,0,0,0,0,0,,,0,0,0,0,,0,0,,0,0,0,0,,,,0,0,0,0,0,0,0,,,,0,0,0,0,,,8,0,0,,0,
2111,0.314821,cg1340,arnR,cg2466,aceE,0,sampled_negative,unknown,0,0,0,0,0,,,0,0,0,0,,0,0,,0,0,0,0,,,,0,0,0,0,0,0,0,,,,0,0,0,0,,,8,0,0,,0,
2112,0.314821,cg2118,fruR,cg2081,rnd,0,sampled_negative,unknown,0,0,0,0,0,,,0,0,0,0,,0,0,,0,0,0,0,,,,0,0,0,0,0,0,0,,,,0,0,0,0,,,8,0,0,,0,
2113,0.314821,cg0565,gabR,cg3009,cg3009,0,sampled_negative,unknown,0,0,0,0,0,,,0,0,0,0,,0,0,,0,0,0,0,,,,0,0,0,0,0,0,0,,,,0,0,0,0,,,8,0,0,,0,
2114,0.314821,cg3373,cg3373,cg2759,tnp15b(ISCg15b),0,sampled_negative,unknown,0,0,0,0,0,,,0,0,0,0,,0,0,,0,0,0,0,,,,0,0,0,0,0,0,0,,,,0,0,0,0,,,8,0,0,,0,
2115,0.314821,cg2766,cg2766,cg2662,pepN,0,sampled_negative,unknown,0,0,0,0,0,,,0,0,0,0,,0,0,,0,0,0,0,,,,0,0,0,0,0,0,0,,,,0,0,0,0,,,8,0,0,,0,
2116,0.314821,cg3352,genR(nagR),cg1942,cg1942,0,sampled_negative,unknown,0,0,0,0,0,,,0,0,0,0,,0,0,,0,0,0,0,,,,0,0,0,0,0,0,0,,,,0,0,0,0,,,8,0,0,,0,
2117,0.314821,cg0156,cysR,cg2684,cg2684,0,sampled_negative,unknown,0,0,0,0,0,,,0,0,0,0,,0,0,,0,0,0,0,,,,0,0,0,0,0,0,0,,,,0,0,0,0,,,8,0,0,,0,
2118,0.314821,cg0702,cg0702,cg1293,cg1293,0,sampled_negative,unknown,0,0,0,0,0,,,0,0,0,0,,0,0,,0,0,0,0,,,,0,0,0,0,0,0,0,,,,0,0,0,0,,,8,0,0,,0,
2119,0.314821,cg2936,nanR,cg0748,cg0748,0,sampled_negative,unknown,0,0,0,0,0,,,0,0,0,0,,0,0,,0,0,0,0,,,,0,0,0,0,0,0,0,,,,0,0,0,0,,,8,0,0,,0,
2120,0.314821,cg2112,cg2112,cg0706,cg0706,0,sampled_negative,unknown,0,0,0,0,0,,,0,0,0,0,,0,0,,0,0,0,0,,,,0,0,0,0,0,0,0,,,,0,0,0,0,,,8,0,0,,0,
2121,0.314821,cg0527,glyR,cg2942,cg2942,0,sampled_negative,unknown,0,0,0,0,0,,,0,0,0,0,,0,0,,0,0,0,0,,,,0,0,0,0,0,0,0,,,,0,0,0,0,,,8,0,0,,0,
2122,0.314821,cg1120,ripA,cg2835,cg2835,0,sampled_negative,unknown,0,0,0,0,0,,,0,0,0,0,,0,0,,0,0,0,0,,,,0,0,0,0,0,0,0,,,,0,0,0,0,,,8,0,0,,0,
2123,0.314821,cg3315,malR,cg0196,iolR,0,sampled_negative,unknown,0,0,0,0,0,,,0,0,0,0,,0,0,,0,0,0,0,,,,0,0,0,0,0,0,0,,,,0,0,0,0,,,8,0,0,,0,
2124,0.314821,cg2737,cg2737,cg1024,tnp7a(ISCg7a),0,sampled_negative,unknown,0,0,0,0,0,,,0,0,0,0,,0,0,,0,0,0,0,,,,0,0,0,0,0,0,0,,,,0,0,0,0,,,8,0,0,,0,
2125,0.314821,cg1792,whiA,cg3210,cg3210,0,sampled_negative,unknown,0,0,0,0,0,,,0,0,0,0,,0,0,,0,0,0,0,,,,0,0,0,0,0,0,0,,,,0,0,0,0,,,8,0,0,,0,
2126,0.314821,cg0565,gabR,cg1515,tnp24a(ISCg24a),0,sampled_negative,unknown,0,0,0,0,0,,,0,0,0,0,,0,0,,0,0,0,0,,,,0,0,0,0,0,0,0,,,,0,0,0,0,,,8,0,0,,0,
2127,0.314821,cg2516,hrcA,cg2466,aceE,0,sampled_negative,unknown,0,0,0,0,0,,,0,0,0,0,,0,0,,0,0,0,0,,,,0,0,0,0,0,0,0,,,,0,0,0,0,,,8,0,0,,0,
2128,0.314821,cg3373,cg3373,cg2492,glmS,0,sampled_negative,unknown,0,0,0,0,0,,,0,0,0,0,,0,0,,0,0,0,0,,,,0,0,0,0,0,0,0,,,,0,0,0,0,,,8,0,0,,0,
2129,0.314821,cg1053,cg1053,cg0693,groEL,0,sampled_negative,unknown,0,0,0,0,0,,,0,0,0,0,,0,0,,0,0,0,0,,,,0,0,0,0,0,0,0,,,,0,0,0,0,,,8,0,0,,0,
2130,0.314821,cg0878,whiB1(whcE),cg1612,cg1612,0,sampled_negative,unknown,0,0,0,0,0,,,0,0,0,0,,0,0,,0,0,0,0,,,,0,0,0,0,0,0,0,,,,0,0,0,0,,,8,0,0,,0,
2131,0.314821,cg2114,cg2114,cg2380,cg2380,0,sampled_negative,unknown,0,0,0,0,0,,,0,0,0,0,,0,0,,0,0,0,0,,,,0,0,0,0,0,0,0,,,,0,0,0,0,,,8,0,0,,0,
2132,0.314821,cg0012,ssuR,cg1849,cg1849,0,sampled_negative,unknown,0,0,0,0,0,,,0,0,0,0,,0,0,,0,0,0,0,,,,0,0,0,0,0,0,0,,,,0,0,0,0,,,8,0,0,,0,
2133,0.314821,cg3388,cg3388,cg0343,phdR,0,sampled_negative,unknown,0,0,0,0,0,,,0,0,0,0,,0,0,,0,0,0,0,,,,0,0,0,0,0,0,0,,,,0,0,0,0,,,8,0,0,,0,
2134,0.314821,cg2737,cg2737,cg0303,leuA,0,sampled_negative,unknown,0,0,0,0,0,,,0,0,0,0,,0,0,,0,0,0,0,,,,0,0,0,0,0,0,0,,,,0,0,0,0,,,8,0,0,,0,
2135,0.314821,cg0146,atlR,cg1314,putP,0,sampled_negative,unknown,0,0,0,0,0,,,0,0,0,0,,0,0,,0,0,0,0,,,,0,0,0,0,0,0,0,,,,0,0,0,0,,,8,0,0,,0,
2136,0.314821,cg1792,whiA,cg2539,ectP,0,sampled_negative,unknown,0,0,0,0,0,,,0,0,0,0,,0,0,,0,0,0,0,,,,0,0,0,0,0,0,0,,,,0,0,0,0,,,8,0,0,,0,
2137,0.314821,cg0741,sirR(mntR),cg0725,crtR,0,sampled_negative,unknown,0,0,0,0,0,,,0,0,0,0,,0,0,,0,0,0,0,,,,0,0,0,0,0,0,0,,,,0,0,0,0,,,8,0,0,,0,
2138,0.314821,cg2109,oxyR,cg3420,sigM,0,sampled_negative,unknown,0,0,0,0,0,,,0,0,0,0,,0,0,,0,0,0,0,,,,0,0,0,0,0,0,0,,,,0,0,0,0,,,8,0,0,,0,
2139,0.314821,cg0444,ramB,cg1868,secN,0,sampled_negative,unknown,0,0,0,0,0,,,0,0,0,0,,0,0,,0,0,0,0,,,,0,0,0,0,0,0,0,,,,0,0,0,0,,,8,0,0,,0,
2140,0.314821,cg0215,cspA,cg2106,cg2106,0,sampled_negative,unknown,0,0,0,0,0,,,0,0,0,0,,0,0,,0,0,0,0,,,,0,0,0,0,0,0,0,,,,0,0,0,0,,,8,0,0,,0,
2141,0.314821,cg3082,cg3082,cg3186,cmt2,0,sampled_negative,unknown,0,0,0,0,0,,,0,0,0,0,,0,0,,0,0,0,0,,,,0,0,0,0,0,0,0,,,,0,0,0,0,,,8,0,0,,0,
2142,0.314821,cg0709,cgtR7(esrR),cg1942,cg1942,0,sampled_negative,unknown,0,0,0,0,0,,,0,0,0,0,,0,0,,0,0,0,0,,,,0,0,0,0,0,0,0,,,,0,0,0,0,,,8,0,0,,0,
2143,0.314821,cg0527,glyR,cg3298,tnp19a(ISCg19a),0,sampled_negative,unknown,0,0,0,0,0,,,0,0,0,0,,0,0,,0,0,0,0,,,,0,0,0,0,0,0,0,,,,0,0,0,0,,,8,0,0,,0,
2144,0.314821,cg3352,genR(nagR),cg2654,tnp12b(ISCg12a),0,sampled_negative,unknown,0,0,0,0,0,,,0,0,0,0,,0,0,,0,0,0,0,,,,0,0,0,0,0,0,0,,,,0,0,0,0,,,8,0,0,,0,
2145,0.314821,cg0350,glxR,cg0313,lrp,0,sampled_negative,unknown,0,0,0,0,0,,,0,0,0,0,,0,0,,0,0,0,0,,,,0,0,0,0,0,0,0,,,,0,0,0,0,,,8,0,0,,0,
2146,0.314821,cg0156,cysR,cg2554,rbsK2,0,sampled_negative,unknown,0,0,0,0,0,,,0,0,0,0,,0,0,,0,0,0,0,,,,0,0,0,0,0,0,0,,,,0,0,0,0,,,8,0,0,,0,
2147,0.314821,cg1552,qorR,cg0313,lrp,0,sampled_negative,unknown,0,0,0,0,0,,,0,0,0,0,,0,0,,0,0,0,0,,,,0,0,0,0,0,0,0,,,,0,0,0,0,,,8,0,0,,0,
2148,0.314821,cg0862,mtrA,cg2654,tnp12b(ISCg12a),0,sampled_negative,unknown,0,0,0,0,0,,,0,0,0,0,,0,0,,0,0,0,0,,,,0,0,0,0,0,0,0,,,,0,0,0,0,,,8,0,0,,0,
2149,0.314821,cg1552,qorR,cg2868,nuc,0,sampled_negative,unknown,0,0,0,0,0,,,0,0,0,0,,0,0,,0,0,0,0,,,,0,0,0,0,0,0,0,,,,0,0,0,0,,,8,0,0,,0,
2150,0.314821,cg0012,ssuR,cg3420,sigM,0,sampled_negative,unknown,0,0,0,0,0,,,0,0,0,0,,0,0,,0,0,0,0,,,,0,0,0,0,0,0,0,,,,0,0,0,0,,,8,0,0,,0,
2151,0.314821,cg1308,rhcR,cg1852,sdaA,0,sampled_negative,unknown,0,0,0,0,0,,,0,0,0,0,,0,0,,0,0,0,0,,,,0,0,0,0,0,0,0,,,,0,0,0,0,,,8,0,0,,0,
2152,0.314821,cg3285,cgtR9(copR),cg2757,tnp15a(ISCg15a),0,sampled_negative,unknown,0,0,0,0,0,,,0,0,0,0,,0,0,,0,0,0,0,,,,0,0,0,0,0,0,0,,,,0,0,0,0,,,8,0,0,,0,
2153,0.314821,cg2103,dtxR,cg0444,ramB,0,sampled_negative,unknown,0,0,0,0,0,,,0,0,0,0,,0,0,,0,0,0,0,,,,0,0,0,0,0,0,0,,,,0,0,0,0,,,8,0,0,,0,
2154,0.314821,cg1032,cg1032,cg2810,cg2810,0,sampled_negative,unknown,0,0,0,0,0,,,0,0,0,0,,0,0,,0,0,0,0,,,,0,0,0,0,0,0,0,,,,0,0,0,0,,,8,0,0,,0,
2155,0.314821,cg2624,pcaR,cg1929,res,0,sampled_negative,unknown,0,0,0,0,0,,,0,0,0,0,,0,0,,0,0,0,0,,,,0,0,0,0,0,0,0,,,,0,0,0,0,,,8,0,0,,0,
2156,0.314821,cg1585,argR,cg3287,cg3287,0,sampled_negative,unknown,0,0,0,0,0,,,0,0,0,0,,0,0,,0,0,0,0,,,,0,0,0,0,0,0,0,,,,0,0,0,0,,,8,0,0,,0,
2157,0.314821,cg2112,cg2112,cg0725,crtR,0,sampled_negative,unknown,0,0,0,0,0,,,0,0,0,0,,0,0,,0,0,0,0,,,,0,0,0,0,0,0,0,,,,0,0,0,0,,,8,0,0,,0,
2158,0.314821,cg0090,cg0090,cg2444,cg2444,0,sampled_negative,unknown,0,0,0,0,0,,,0,0,0,0,,0,0,,0,0,0,0,,,,0,0,0,0,0,0,0,,,,0,0,0,0,,,8,0,0,,0,
2159,0.314821,cg1765,sufR,cg2684,cg2684,0,sampled_negative,unknown,0,0,0,0,0,,,0,0,0,0,,0,0,,0,0,0,0,,,,0,0,0,0,0,0,0,,,,0,0,0,0,,,8,0,0,,0,
2160,0.314821,cg0337,whiB4(whcA),cg3143,cg3143,0,sampled_negative,unknown,0,0,0,0,0,,,0,0,0,0,,0,0,,0,0,0,0,,,,0,0,0,0,0,0,0,,,,0,0,0,0,,,8,0,0,,0,
2161,0.314821,cg0646,cg0646,cg2647,tig,0,sampled_negative,unknown,0,0,0,0,0,,,0,0,0,0,,0,0,,0,0,0,0,,,,0,0,0,0,0,0,0,,,,0,0,0,0,,,8,0,0,,0,
2162,0.314821,cg3224,lldR,cg1170,cmt5,0,sampled_negative,unknown,0,0,0,0,0,,,0,0,0,0,,0,0,,0,0,0,0,,,,0,0,0,0,0,0,0,,,,0,0,0,0,,,8,0,0,,0,
2163,0.314821,cg2766,cg2766,cg3282,cg3282,0,sampled_negative,unknown,0,0,0,0,0,,,0,0,0,0,,0,0,,0,0,0,0,,,,0,0,0,0,0,0,0,,,,0,0,0,0,,,8,0,0,,0,
2164,0.314821,cg2910,ipsA,cg0039,ohsR,0,sampled_negative,unknown,0,0,0,0,0,,,0,0,0,0,,0,0,,0,0,0,0,,,,0,0,0,0,0,0,0,,,,0,0,0,0,,,8,0,0,,0,
2165,0.314821,cg3224,lldR,cg1849,cg1849,0,sampled_negative,unknown,0,0,0,0,0,,,0,0,0,0,,0,0,,0,0,0,0,,,,0,0,0,0,0,0,0,,,,0,0,0,0,,,8,0,0,,0,
2166,0.314821,cg0709,cgtR7(esrR),cg2162,cg2162,0,sampled_negative,unknown,0,0,0,0,0,,,0,0,0,0,,0,0,,0,0,0,0,,,,0,0,0,0,0,0,0,,,,0,0,0,0,,,8,0,0,,0,
2167,0.314821,cg2831,ramA,cg1513,tnp23a(ISCg23a),0,sampled_negative,unknown,0,0,0,0,0,,,0,0,0,0,,0,0,,0,0,0,0,,,,0,0,0,0,0,0,0,,,,0,0,0,0,,,8,0,0,,0,
2168,0.314821,cg3373,cg3373,cg2106,cg2106,0,sampled_negative,unknown,0,0,0,0,0,,,0,0,0,0,,0,0,,0,0,0,0,,,,0,0,0,0,0,0,0,,,,0,0,0,0,,,8,0,0,,0,
2169,0.314821,cg0112,ureR,cg1552,qorR,0,sampled_negative,unknown,0,0,0,0,0,,,0,0,0,0,,0,0,,0,0,0,0,,,,0,0,0,0,0,0,0,,,,0,0,0,0,,,8,0,0,,0,
2170,0.314821,cg0565,gabR,cg2757,tnp15a(ISCg15a),0,sampled_negative,unknown,0,0,0,0,0,,,0,0,0,0,,0,0,,0,0,0,0,,,,0,0,0,0,0,0,0,,,,0,0,0,0,,,8,0,0,,0,
2171,0.314821,cg0725,crtR,cg1771,qor,0,sampled_negative,unknown,0,0,0,0,0,,,0,0,0,0,,0,0,,0,0,0,0,,,,0,0,0,0,0,0,0,,,,0,0,0,0,,,8,0,0,,0,
2172,0.314821,cg2092,sigA,cg0748,cg0748,0,sampled_negative,unknown,0,0,0,0,0,,,0,0,0,0,,0,0,,0,0,0,0,,,,0,0,0,0,0,0,0,,,,0,0,0,0,,,8,0,0,,0,
2173,0.314821,cg0696,sigD,cg3400,thiD2,0,sampled_negative,unknown,0,0,0,0,0,,,0,0,0,0,,0,0,,0,0,0,0,,,,0,0,0,0,0,0,0,,,,0,0,0,0,,,8,0,0,,0,
2174,0.314821,cg0993,cg0993,cg0303,leuA,0,sampled_negative,unknown,0,0,0,0,0,,,0,0,0,0,,0,0,,0,0,0,0,,,,0,0,0,0,0,0,0,,,,0,0,0,0,,,8,0,0,,0,
2175,0.314821,cg2502,fur,cg0748,cg0748,0,sampled_negative,unknown,0,0,0,0,0,,,0,0,0,0,,0,0,,0,0,0,0,,,,0,0,0,0,0,0,0,,,,0,0,0,0,,,8,0,0,,0,
2176,0.314821,cg2103,dtxR,cg0206,cg0206,0,sampled_negative,unknown,0,0,0,0,0,,,0,0,0,0,,0,0,,0,0,0,0,,,,0,0,0,0,0,0,0,,,,0,0,0,0,,,8,0,0,,0,
2177,0.314821,cg2500,znR,cg0153,hde,0,sampled_negative,unknown,0,0,0,0,0,,,0,0,0,0,,0,0,,0,0,0,0,,,,0,0,0,0,0,0,0,,,,0,0,0,0,,,8,0,0,,0,
2178,0.314821,cg0897,pdxR,cg0153,hde,0,sampled_negative,unknown,0,0,0,0,0,,,0,0,0,0,,0,0,,0,0,0,0,,,,0,0,0,0,0,0,0,,,,0,0,0,0,,,8,0,0,,0,
2179,0.314821,cg1704,cg1704,cg1184,tnp10c(ISCg10a),0,sampled_negative,unknown,0,0,0,0,0,,,0,0,0,0,,0,0,,0,0,0,0,,,,0,0,0,0,0,0,0,,,,0,0,0,0,,,8,0,0,,0,
2180,0.314821,cg1084,cgtR10,cg0427,tnp17b(ISCg17a),0,sampled_negative,unknown,0,0,0,0,0,,,0,0,0,0,,0,0,,0,0,0,0,,,,0,0,0,0,0,0,0,,,,0,0,0,0,,,8,0,0,,0,
2181,0.314821,cg2502,fur,cg2466,aceE,0,sampled_negative,unknown,0,0,0,0,0,,,0,0,0,0,,0,0,,0,0,0,0,,,,0,0,0,0,0,0,0,,,,0,0,0,0,,,8,0,0,,0,
2182,0.314821,cg0527,glyR,cg3216,gntP,0,sampled_negative,unknown,0,0,0,0,0,,,0,0,0,0,,0,0,,0,0,0,0,,,,0,0,0,0,0,0,0,,,,0,0,0,0,,,8,0,0,,0,
2183,0.314821,cg1211,oasR,cg1771,qor,0,sampled_negative,unknown,0,0,0,0,0,,,0,0,0,0,,0,0,,0,0,0,0,,,,0,0,0,0,0,0,0,,,,0,0,0,0,,,8,0,0,,0,
2184,0.314821,cg2936,nanR,cg3288,cg3288,0,sampled_negative,unknown,0,0,0,0,0,,,0,0,0,0,,0,0,,0,0,0,0,,,,0,0,0,0,0,0,0,,,,0,0,0,0,,,8,0,0,,0,
2185,0.314821,cg2115,sugR,cg3071,pyrE,0,sampled_negative,unknown,0,0,0,0,0,,,0,0,0,0,,0,0,,0,0,0,0,,,,0,0,0,0,0,0,0,,,,0,0,0,0,,,8,0,0,,0,
2186,0.314821,cg2627,cg2627,cg1595,uspA2,0,sampled_negative,unknown,0,0,0,0,0,,,0,0,0,0,,0,0,,0,0,0,0,,,,0,0,0,0,0,0,0,,,,0,0,0,0,,,8,0,0,,0,
2187,0.314821,cg2152,clgR,cg3289,cg3289,0,sampled_negative,unknown,0,0,0,0,0,,,0,0,0,0,,0,0,,0,0,0,0,,,,0,0,0,0,0,0,0,,,,0,0,0,0,,,8,0,0,,0,
2188,0.314821,cg1831,cg1831,cg2418,ilvE,0,sampled_negative,unknown,0,0,0,0,0,,,0,0,0,0,,0,0,,0,0,0,0,,,,0,0,0,0,0,0,0,,,,0,0,0,0,,,8,0,0,,0,
2189,0.314821,cg0156,cysR,cg0294,aspB,0,sampled_negative,unknown,0,0,0,0,0,,,0,0,0,0,,0,0,,0,0,0,0,,,,0,0,0,0,0,0,0,,,,0,0,0,0,,,8,0,0,,0,
2190,0.314821,cg2502,fur,cg0039,ohsR,0,sampled_negative,unknown,0,0,0,0,0,,,0,0,0,0,,0,0,,0,0,0,0,,,,0,0,0,0,0,0,0,,,,0,0,0,0,,,8,0,0,,0,
2191,0.314821,cg2103,dtxR,cg3144,bglG,0,sampled_negative,unknown,0,0,0,0,0,,,0,0,0,0,,0,0,,0,0,0,0,,,,0,0,0,0,0,0,0,,,,0,0,0,0,,,8,0,0,,0,
2192,0.314821,cg0156,cysR,cg2081,rnd,0,sampled_negative,unknown,0,0,0,0,0,,,0,0,0,0,,0,0,,0,0,0,0,,,,0,0,0,0,0,0,0,,,,0,0,0,0,,,8,0,0,,0,
2193,0.314821,cg2544,gntR3,cg1255,cg1255,0,sampled_negative,unknown,0,0,0,0,0,,,0,0,0,0,,0,0,,0,0,0,0,,,,0,0,0,0,0,0,0,,,,0,0,0,0,,,8,0,0,,0,
2194,0.314821,cg0709,cgtR7(esrR),cg0038,ohr,0,sampled_negative,unknown,0,0,0,0,0,,,0,0,0,0,,0,0,,0,0,0,0,,,,0,0,0,0,0,0,0,,,,0,0,0,0,,,8,0,0,,0,
2195,0.314821,cg1324,rosR,cg1602,recN,0,sampled_negative,unknown,0,0,0,0,0,,,0,0,0,0,,0,0,,0,0,0,0,,,,0,0,0,0,0,0,0,,,,0,0,0,0,,,8,0,0,,0,
2196,0.314821,cg3224,lldR,cg3280,cg3280,0,sampled_negative,unknown,0,0,0,0,0,,,0,0,0,0,,0,0,,0,0,0,0,,,,0,0,0,0,0,0,0,,,,0,0,0,0,,,8,0,0,,0,
2197,0.314821,cg1846,cssR,cg0048,ppiA,0,sampled_negative,unknown,0,0,0,0,0,,,0,0,0,0,,0,0,,0,0,0,0,,,,0,0,0,0,0,0,0,,,,0,0,0,0,,,8,0,0,,0,
2198,0.314821,cg3315,malR,cg3400,thiD2,0,sampled_negative,unknown,0,0,0,0,0,,,0,0,0,0,,0,0,,0,0,0,0,,,,0,0,0,0,0,0,0,,,,0,0,0,0,,,8,0,0,,0,
2199,0.314821,cg3285,cgtR9(copR),cg1752,int,0,sampled_negative,unknown,0,0,0,0,0,,,0,0,0,0,,0,0,,0,0,0,0,,,,0,0,0,0,0,0,0,,,,0,0,0,0,,,8,0,0,,0,
2200,0.314821,cg2516,hrcA,cg3345,cg3345,0,sampled_negative,unknown,0,0,0,0,0,,,0,0,0,0,,0,0,,0,0,0,0,,,,0,0,0,0,0,0,0,,,,0,0,0,0,,,8,0,0,,0,
2201,0.314821,cg0196,iolR,cg2610,cg2610,0,sampled_negative,unknown,0,0,0,0,0,,,0,0,0,0,,0,0,,0,0,0,0,,,,0,0,0,0,0,0,0,,,,0,0,0,0,,,8,0,0,,0,
2202,0.314821,cg3352,genR(nagR),cg0859,cg0859,0,sampled_negative,unknown,0,0,0,0,0,,,0,0,0,0,,0,0,,0,0,0,0,,,,0,0,0,0,0,0,0,,,,0,0,0,0,,,8,0,0,,0,
2203,0.314821,cg1846,cssR,cg2081,rnd,0,sampled_negative,unknown,0,0,0,0,0,,,0,0,0,0,,0,0,,0,0,0,0,,,,0,0,0,0,0,0,0,,,,0,0,0,0,,,8,0,0,,0,
2204,0.314821,cg2831,ramA,cg2652,tnp12a(ISCg12a),0,sampled_negative,unknown,0,0,0,0,0,,,0,0,0,0,,0,0,,0,0,0,0,,,,0,0,0,0,0,0,0,,,,0,0,0,0,,,8,0,0,,0,
2205,0.314821,cg0317,arsR2,cg2026,cg2026,0,sampled_negative,unknown,0,0,0,0,0,,,0,0,0,0,,0,0,,0,0,0,0,,,,0,0,0,0,0,0,0,,,,0,0,0,0,,,8,0,0,,0,
2206,0.314821,cg2152,clgR,cg2380,cg2380,0,sampled_negative,unknown,0,0,0,0,0,,,0,0,0,0,,0,0,,0,0,0,0,,,,0,0,0,0,0,0,0,,,,0,0,0,0,,,8,0,0,,0,
2207,0.314821,cg1271,sigE,cg1735,cg1735,0,sampled_negative,unknown,0,0,0,0,0,,,0,0,0,0,,0,0,,0,0,0,0,,,,0,0,0,0,0,0,0,,,,0,0,0,0,,,8,0,0,,0,
2208,0.314821,cg0371,cspA2,cg0444,ramB,0,sampled_negative,unknown,0,0,0,0,0,,,0,0,0,0,,0,0,,0,0,0,0,,,,0,0,0,0,0,0,0,,,,0,0,0,0,,,8,0,0,,0,
2209,0.314821,cg0051,cg0051,cg2874,purC,0,sampled_negative,unknown,0,0,0,0,0,,,0,0,0,0,,0,0,,0,0,0,0,,,,0,0,0,0,0,0,0,,,,0,0,0,0,,,8,0,0,,0,
2210,0.314821,cg1765,sufR,cg2473,acpM,0,sampled_negative,unknown,0,0,0,0,0,,,0,0,0,0,,0,0,,0,0,0,0,,,,0,0,0,0,0,0,0,,,,0,0,0,0,,,8,0,0,,0,
2211,0.314821,cg2516,hrcA,cg2081,rnd,0,sampled_negative,unknown,0,0,0,0,0,,,0,0,0,0,,0,0,,0,0,0,0,,,,0,0,0,0,0,0,0,,,,0,0,0,0,,,8,0,0,,0,
2212,0.314821,cg0878,whiB1(whcE),cg0748,cg0748,0,sampled_negative,unknown,0,0,0,0,0,,,0,0,0,0,,0,0,,0,0,0,0,,,,0,0,0,0,0,0,0,,,,0,0,0,0,,,8,0,0,,0,
2213,0.314821,cg2936,nanR,cg2269,cg2269,0,sampled_negative,unknown,0,0,0,0,0,,,0,0,0,0,,0,0,,0,0,0,0,,,,0,0,0,0,0,0,0,,,,0,0,0,0,,,8,0,0,,0,
2214,0.314821,cg1792,whiA,cg0924,cg0924,0,sampled_negative,unknown,0,0,0,0,0,,,0,0,0,0,,0,0,,0,0,0,0,,,,0,0,0,0,0,0,0,,,,0,0,0,0,,,8,0,0,,0,
2215,0.314821,cg3352,genR(nagR),cg2662,pepN,0,sampled_negative,unknown,0,0,0,0,0,,,0,0,0,0,,0,0,,0,0,0,0,,,,0,0,0,0,0,0,0,,,,0,0,0,0,,,8,0,0,,0,
2216,0.314821,cg1486,ltbR,cg1314,putP,0,sampled_negative,unknown,0,0,0,0,0,,,0,0,0,0,,0,0,,0,0,0,0,,,,0,0,0,0,0,0,0,,,,0,0,0,0,,,8,0,0,,0,
2217,0.314821,cg0343,phdR,cg3009,cg3009,0,sampled_negative,unknown,0,0,0,0,0,,,0,0,0,0,,0,0,,0,0,0,0,,,,0,0,0,0,0,0,0,,,,0,0,0,0,,,8,0,0,,0,
2218,0.314821,cg0112,ureR,cg1595,uspA2,0,sampled_negative,unknown,0,0,0,0,0,,,0,0,0,0,,0,0,,0,0,0,0,,,,0,0,0,0,0,0,0,,,,0,0,0,0,,,8,0,0,,0,
2219,0.314821,cg1792,whiA,cg1157,glpX,0,sampled_negative,unknown,0,0,0,0,0,,,0,0,0,0,,0,0,,0,0,0,0,,,,0,0,0,0,0,0,0,,,,0,0,0,0,,,8,0,0,,0,
2220,0.314821,cg1648,cg1648,cg0924,cg0924,0,sampled_negative,unknown,0,0,0,0,0,,,0,0,0,0,,0,0,,0,0,0,0,,,,0,0,0,0,0,0,0,,,,0,0,0,0,,,8,0,0,,0,
2221,0.314821,cg0313,lrp,cg1150,cg1150,0,sampled_negative,unknown,0,0,0,0,0,,,0,0,0,0,,0,0,,0,0,0,0,,,,0,0,0,0,0,0,0,,,,0,0,0,0,,,8,0,0,,0,
2222,0.314821,cg0454,cg0454,cg0706,cg0706,0,sampled_negative,unknown,0,0,0,0,0,,,0,0,0,0,,0,0,,0,0,0,0,,,,0,0,0,0,0,0,0,,,,0,0,0,0,,,8,0,0,,0,
2223,0.314821,cg2624,pcaR,cg2792,nadE,0,sampled_negative,unknown,0,0,0,0,0,,,0,0,0,0,,0,0,,0,0,0,0,,,,0,0,0,0,0,0,0,,,,0,0,0,0,,,8,0,0,,0,
2224,0.314821,cg1120,ripA,cg2690,chrA,0,sampled_negative,unknown,0,0,0,0,0,,,0,0,0,0,,0,0,,0,0,0,0,,,,0,0,0,0,0,0,0,,,,0,0,0,0,,,8,0,0,,0,
2225,0.314821,cg0371,cspA2,cg3289,cg3289,0,sampled_negative,unknown,0,0,0,0,0,,,0,0,0,0,,0,0,,0,0,0,0,,,,0,0,0,0,0,0,0,,,,0,0,0,0,,,8,0,0,,0,
2226,0.314821,cg2831,ramA,cg1735,cg1735,0,sampled_negative,unknown,0,0,0,0,0,,,0,0,0,0,,0,0,,0,0,0,0,,,,0,0,0,0,0,0,0,,,,0,0,0,0,,,8,0,0,,0,
2227,0.314821,cg0500,qsuR,cg2163,dapB,0,sampled_negative,unknown,0,0,0,0,0,,,0,0,0,0,,0,0,,0,0,0,0,,,,0,0,0,0,0,0,0,,,,0,0,0,0,,,8,0,0,,0,
2228,0.314821,cg3097,hspR,cg0748,cg0748,0,sampled_negative,unknown,0,0,0,0,0,,,0,0,0,0,,0,0,,0,0,0,0,,,,0,0,0,0,0,0,0,,,,0,0,0,0,,,8,0,0,,0,
2229,0.314821,cg0565,gabR,cg3143,cg3143,0,sampled_negative,unknown,0,0,0,0,0,,,0,0,0,0,,0,0,,0,0,0,0,,,,0,0,0,0,0,0,0,,,,0,0,0,0,,,8,0,0,,0,
2230,0.314821,cg0862,mtrA,cg3287,cg3287,0,sampled_negative,unknown,0,0,0,0,0,,,0,0,0,0,,0,0,,0,0,0,0,,,,0,0,0,0,0,0,0,,,,0,0,0,0,,,8,0,0,,0,
2231,0.314821,cg2112,cg2112,cg0153,hde,0,sampled_negative,unknown,0,0,0,0,0,,,0,0,0,0,,0,0,,0,0,0,0,,,,0,0,0,0,0,0,0,,,,0,0,0,0,,,8,0,0,,0,
2232,0.314529,cg1547,ccpA1(uriR),cg1803,fmt,0,sampled_negative,unknown,0,0,0,0,0,,,0,0,0,0,,0,0,OP_cg1804,1,8,0,1,6,0.931,-14.32,2,0,0,0,0,0,0,,,,0,0,0,0,,,5,0,0,,0,
2233,0.314404,cg0051,cg0051,cg1832,cg1832,0,sampled_negative,unknown,0,0,0,0,0,,,0,0,0,0,,0,0,OP_cg1832,1,3,0,1,4,0.8413,-14.66,2,0,0,0,0,0,0,,,,0,0,0,0,,,5,0,0,,0,
2234,0.314225,cg1308,rhcR,cg1878,pgsA1,0,sampled_negative,unknown,0,0,0,0,0,,,0,0,0,0,,0,0,OP_cg1880,1,6,0,1,2,0.9182,-13.74,8,0,0,0,0,0,0,,,,0,0,0,0,,,5,0,0,,0,
2235,0.314225,cg0897,pdxR,cg1878,pgsA1,0,sampled_negative,unknown,0,0,0,0,0,,,0,0,0,0,,0,0,OP_cg1880,1,6,0,1,2,0.9182,-13.74,8,0,0,0,0,0,0,,,,0,0,0,0,,,5,0,0,,0,
2236,0.313899,cg0350,glxR,cg2419,pepB,0,sampled_negative,unknown,0,0,0,0,0,,,0,0,0,0,,0,0,,0,0,0,1,15,0.5918,-14.61,0,0,0,0,0,0,0,,,,0,0,0,0,,,5,0,0,,0,
2237,0.313541,cg0350,cg0350,cg1787,ppc,1,curated_positive,R,0,1,0,0,0,,predicted,0.2,0,1,1,CoryneRegNet,1,1,OP_cg1790,1,3,0,1,14,0.6756,-9.52,0,0,0,0,0,0,0,,,,0,0,0,0,,,5,0,0,,0,
2238,0.313541,cg2092,sigA,cg1787,ppc,1,curated_positive,A,1,0,0,0,0,,experimental,0.75,1,1,1,CoryneRegNet,1,1,OP_cg1790,1,3,0,1,14,0.6756,-9.52,0,0,0,0,0,0,0,,,,0,0,0,0,,,5,0,0,,0,
2239,0.313541,cg2102,sigB,cg1787,ppc,1,curated_positive,unknown,0,0,1,0,0,,predicted,0.2,0,1,1,CoryneRegNet,1,1,OP_cg1790,1,3,0,1,14,0.6756,-9.52,0,0,0,0,0,0,0,,,,0,0,0,0,,,5,0,0,,0,
2240,0.313541,cg2783,cg2783,cg1787,ppc,0,sampled_negative,unknown,0,0,0,0,0,,,0,0,0,0,,0,0,OP_cg1790,1,3,0,1,14,0.6756,-9.52,0,0,0,0,0,0,0,,,,0,0,0,0,,,5,0,0,,0,
2241,0.313541,cg0156,cysR,cg1787,ppc,0,sampled_negative,unknown,0,0,0,0,0,,,0,0,0,0,,0,0,OP_cg1790,1,3,0,1,14,0.6756,-9.52,0,0,0,0,0,0,0,,,,0,0,0,0,,,5,0,0,,0,
2242,0.313541,cg1120,ripA,cg1787,ppc,0,sampled_negative,unknown,0,0,0,0,0,,,0,0,0,0,,0,0,OP_cg1790,1,3,0,1,14,0.6756,-9.52,0,0,0,0,0,0,0,,,,0,0,0,0,,,5,0,0,,0,
2243,0.313502,cg2102,sigB,cg0097,cg0097,1,curated_positive,unknown,0,0,1,0,0,,predicted,0.2,0,1,1,CoryneRegNet,1,1,OP_cg0096,1,2,0,1,14,0.8683,-12.59,0,0,0,0,0,0,0,,,,0,0,0,0,,,5,0,0,,0,
2244,0.313502,cg2309,cg2309,cg0097,cg0097,1,curated_positive,R,0,1,0,0,0,,experimental,0.75,1,1,1,CoryneRegNet,1,1,OP_cg0096,1,2,0,1,14,0.8683,-12.59,0,0,0,0,0,0,0,,,,0,0,0,0,,,5,0,0,,0,
2245,0.313502,cg0741,sirR(mntR),cg0097,cg0097,0,sampled_negative,unknown,0,0,0,0,0,,,0,0,0,0,,0,0,OP_cg0096,1,2,0,1,14,0.8683,-12.59,0,0,0,0,0,0,0,,,,0,0,0,0,,,5,0,0,,0,
2246,0.313502,cg1792,whiA,cg0097,cg0097,0,sampled_negative,unknown,0,0,0,0,0,,,0,0,0,0,,0,0,OP_cg0096,1,2,0,1,14,0.8683,-12.59,0,0,0,0,0,0,0,,,,0,0,0,0,,,5,0,0,,0,
2247,0.313502,cg3082,cg3082,cg0097,cg0097,0,sampled_negative,unknown,0,0,0,0,0,,,0,0,0,0,,0,0,OP_cg0096,1,2,0,1,14,0.8683,-12.59,0,0,0,0,0,0,0,,,,0,0,0,0,,,5,0,0,,0,
2248,0.311620,cg2118,fruR,cg1631,ftsR,0,sampled_negative,unknown,0,0,0,0,0,,,0,0,0,0,,0,0,OP_cg1630,1,3,0,1,9,0.9542,-18.36,1,0,0,0,0,0,0,,,,0,0,0,0,,,5,0,0,,0,
2249,0.311474,cg2109,oxyR,cg2958,butA,0,sampled_negative,unknown,0,0,0,0,0,,,0,0,0,0,,0,0,,0,0,0,1,13,0.5784,-19.59,0,0,0,0,0,0,0,,,,0,0,0,0,,,5,0,0,,0,
2250,0.308740,cg2894,cg2894,cg3409,thiD2,0,sampled_negative,unknown,0,0,0,0,0,,,0,0,0,0,,0,0,,0,0,0,1,7,0.8758,-6.66,1,0,0,0,0,0,0,,,,0,0,0,0,,,5,0,0,,0,
2251,0.308740,cg1861,rel(relA),cg3409,thiD2,0,sampled_negative,unknown,0,0,0,0,0,,,0,0,0,0,,0,0,,0,0,0,1,7,0.8758,-6.66,1,0,0,0,0,0,0,,,,0,0,0,0,,,5,0,0,,0,
2252,0.308740,cg1218,nrtR,cg3409,thiD2,0,sampled_negative,unknown,0,0,0,0,0,,,0,0,0,0,,0,0,,0,0,0,1,7,0.8758,-6.66,1,0,0,0,0,0,0,,,,0,0,0,0,,,5,0,0,,0,
2253,0.308275,cg3202,farR,cg2061,psp3,0,sampled_negative,unknown,0,0,0,0,0,,,0,0,0,0,,0,0,,0,0,0,1,3,0.4484,-14.57,2,0,0,0,0,0,0,,,,0,0,0,0,,,5,0,0,,0,
2254,0.307916,cg0146,atlR,cg0458,deoC,0,sampled_negative,unknown,0,0,0,0,0,,,0,0,0,0,,0,0,,0,0,0,1,7,0.8773,-8.69,1,0,0,0,0,0,0,,,,0,0,0,0,,,5,0,0,,0,
2255,0.307745,cg0862,mtrA,cg3075,cmr,0,sampled_negative,unknown,0,0,0,0,0,,,0,0,0,0,,0,0,,0,0,0,1,8,0.1748,-10.84,1,0,0,0,0,0,0,,,,0,0,0,0,,,5,0,0,,0,
2256,0.307304,cg0337,whiB4,cg1218,cg1218,1,curated_positive,R,0,1,0,0,0,,predicted,0.2,0,1,1,CoryneRegNet,1,1,OP_cg1218,1,4,0,1,13,0.1751,-11.15,0,0,0,0,0,0,0,,,,0,0,0,0,,,5,0,0,,0,
2257,0.307304,cg0876,sigH,cg1218,cg1218,1,curated_positive,unknown,0,0,1,0,0,,predicted,0.2,0,1,1,CoryneRegNet,1,1,OP_cg1218,1,4,0,1,13,0.1751,-11.15,0,0,0,0,0,0,0,,,,0,0,0,0,,,5,0,0,,0,
2258,0.307304,cg1817,pyrR,cg1218,nrtR,0,sampled_negative,unknown,0,0,0,0,0,,,0,0,0,0,,0,0,OP_cg1218,1,4,0,1,13,0.1751,-11.15,0,0,0,0,0,0,0,,,,0,0,0,0,,,5,0,0,,0,
2259,0.307288,cg2103,dtxR,cg0590,cg0590,1,curated_positive,R,0,1,0,0,0,,experimental,0.75,1,1,1,CoryneRegNet,1,1,OP_cg0591,1,3,0,1,9,0.2,-15.71,3,0,0,0,0,0,0,,,,0,0,0,0,,,5,0,0,,0,
2260,0.307288,cg0156,cysR,cg0590,cg0590,0,sampled_negative,unknown,0,0,0,0,0,,,0,0,0,0,,0,0,OP_cg0591,1,3,0,1,9,0.2,-15.71,3,0,0,0,0,0,0,,,,0,0,0,0,,,5,0,0,,0,
2261,0.307042,cg2092,sigA,cg0304,cg0304,1,curated_positive,A,1,0,0,0,0,,experimental,0.75,1,1,1,CoryneRegNet,1,1,,0,0,0,1,12,0.9584,-8.69,0,0,0,0,0,0,0,,,,0,0,0,0,,,5,0,0,,0,
2262,0.307042,cg2516,hrcA,cg0304,cg0304,0,sampled_negative,unknown,0,0,0,0,0,,,0,0,0,0,,0,0,,0,0,0,1,12,0.9584,-8.69,0,0,0,0,0,0,0,,,,0,0,0,0,,,5,0,0,,0,
2263,0.307042,cg2309,bioQ,cg0304,cg0304,0,sampled_negative,unknown,0,0,0,0,0,,,0,0,0,0,,0,0,,0,0,0,1,12,0.9584,-8.69,0,0,0,0,0,0,0,,,,0,0,0,0,,,5,0,0,,0,
2264,0.305974,cg0709,cgtR7(esrR),cg1053,cg1053,0,sampled_negative,unknown,0,0,0,0,0,,,0,0,0,0,,0,0,OP_cg1054,1,2,0,1,4,0.3819,-24.03,3,0,0,0,0,0,0,,,,0,0,0,0,,,5,0,0,,0,
2265,0.305917,cg0350,cg0350,cg1768,cg1768,1,curated_positive,A,1,0,0,0,0,,predicted,0.2,0,1,1,CoryneRegNet,1,1,OP_cg1766,1,4,0,1,9,0.7028,-6.5,1,0,0,0,0,0,0,,,,0,0,0,0,,,5,0,0,,0,
2266,0.305772,cg0337,whiB4,cg2342,cg2342,1,curated_positive,R,0,1,0,0,0,,predicted,0.2,0,1,1,CoryneRegNet,1,1,,0,0,0,1,3,0.9343,-23.05,2,0,0,0,0,0,0,,,,0,0,0,0,,,5,0,0,,0,
2267,0.305772,cg0876,sigH,cg2342,cg2342,1,curated_positive,unknown,0,0,1,0,0,,predicted,0.2,0,1,1,CoryneRegNet,1,1,,0,0,0,1,3,0.9343,-23.05,2,0,0,0,0,0,0,,,,0,0,0,0,,,5,0,0,,0,
2268,0.305514,cg0350,glxR,cg3007,pvdS2,0,sampled_negative,unknown,0,0,0,0,0,,,0,0,0,0,,0,0,,0,0,0,1,13,0.9437,-9.61,0,0,0,0,0,0,0,,,,0,0,0,0,,,5,0,0,,0,
2269,0.305337,cg0741,sirR(mntR),cg3029,mrpG,0,sampled_negative,unknown,0,0,0,0,0,,,0,0,0,0,,0,0,OP_cg3024,1,6,0,1,4,0.4183,-14.1,3,0,0,0,0,0,0,,,,0,0,0,0,,,5,0,0,,0,
2270,0.304875,cg0500,qsuR,cg2947,cgtR5,0,sampled_negative,unknown,0,0,0,0,0,,,0,0,0,0,,0,0,OP_cg2947,1,2,0,1,13,0.9376,-14.75,0,0,0,0,0,0,0,,,,0,0,0,0,,,5,0,0,,0,
2271,0.304875,cg0350,glxR,cg2947,cgtR5,0,sampled_negative,unknown,0,0,0,0,0,,,0,0,0,0,,0,0,OP_cg2947,1,2,0,1,13,0.9376,-14.75,0,0,0,0,0,0,0,,,,0,0,0,0,,,5,0,0,,0,
2272,0.303780,cg1053,cg1053,cg2222,rpsB,0,sampled_negative,unknown,0,0,0,0,0,,,0,0,0,0,,0,0,OP_cg2222,1,2,0,1,1,0,-23.19,3,0,0,0,0,0,0,,,,0,0,0,0,,,5,0,0,,0,
2273,0.302473,cg0156,cg0156,cg1514,cg1514,1,curated_positive,A,1,0,0,0,0,,predicted,0.2,0,1,1,CoryneRegNet,1,1,OP_cg1514,1,2,0,0,,,,0,0,0,0,0,0,0,,,,0,0,0,0,,,8,0,0,,0,
2274,0.302473,cg0156,cg0156,cg4005,cg4005,1,curated_positive,A,1,0,0,0,0,,predicted,0.2,0,1,1,CoryneRegNet,1,1,OP_cg1514,1,2,0,0,,,,0,0,0,0,0,0,0,,,,0,0,0,0,,,8,0,0,,0,
2275,0.302473,cg0350,cg0350,cg1144,cg1144,1,curated_positive,R,0,1,0,0,0,,predicted,0.2,0,1,1,CoryneRegNet,1,1,OP_cg1143,1,2,0,0,,,,0,0,0,0,0,0,0,,,,0,0,0,0,,,8,0,0,,0,
2276,0.302473,cg0350,cg0350,cg3227,lldA,1,curated_positive,R,0,1,0,0,0,,predicted,0.2,0,1,1,CoryneRegNet,1,1,OP_cg3226,1,2,0,0,,,,0,0,0,0,0,0,0,,,,0,0,0,0,,,8,0,0,,0,
2277,0.302473,cg0350,cg0350,cg3250,cg3250,1,curated_positive,R,0,1,0,0,0,,predicted,0.2,0,1,1,CoryneRegNet,1,1,OP_cg3251,1,2,0,0,,,,0,0,0,0,0,0,0,,,,0,0,0,0,,,8,0,0,,0,
2278,0.302473,cg0444,cg0444,cg0953,cg0953,1,curated_positive,R,0,1,0,0,0,,experimental,0.75,1,1,1,CoryneRegNet,1,1,OP_cg0952,1,2,0,0,,,,0,0,0,0,0,0,0,,,,0,0,0,0,,,8,0,0,,0,
2279,0.302473,cg0565,cg0565,cg0566,gabT,1,curated_positive,R,0,1,0,0,0,,predicted,0.05,0,0,0,CoryneRegNet,1,1,OP_cg0566,1,2,0,0,,,,0,0,0,0,0,0,0,,,,0,0,0,0,,,8,0,0,,0,
2280,0.302473,cg0876,sigH,cg0699,guaB2,1,curated_positive,unknown,0,0,1,0,0,,experimental,0.75,1,1,2,CoryneRegNet,1,1,OP_cg0699,1,2,0,0,,,,0,0,0,0,0,0,0,,,,0,0,0,0,,,8,0,0,,0,
2281,0.302473,cg0876,sigH,cg1096,cg1096,1,curated_positive,unknown,0,0,1,0,0,,experimental,0.75,1,1,1,CoryneRegNet,1,1,OP_cg1095,1,2,0,0,,,,0,0,0,0,0,0,0,,,,0,0,0,0,,,8,0,0,,0,
2282,0.302473,cg0876,sigH,cg1127,cg1127,1,curated_positive,unknown,0,0,1,0,0,,experimental,0.75,1,1,3,CoryneRegNet,1,1,OP_cg1127,1,2,0,0,,,,0,0,0,0,0,0,0,,,,0,0,0,0,,,8,0,0,,0,
2283,0.302473,cg0876,sigH,cg2434,cg2434,1,curated_positive,unknown,0,0,1,0,0,,predicted,0.2,0,1,1,CoryneRegNet,1,1,OP_cg2434,1,2,0,0,,,,0,0,0,0,0,0,0,,,,0,0,0,0,,,8,0,0,,0,
2284,0.302473,cg0986,amtR,cg1646,cg1646,1,curated_positive,R,0,1,0,0,0,,predicted,0.2,0,1,1,CoryneRegNet,1,1,OP_cg1646,1,2,0,0,,,,0,0,0,0,0,0,0,,,,0,0,0,0,,,8,0,0,,0,
2285,0.302473,cg1861,rel,cg0877,cg0877,1,curated_positive,A,1,0,0,0,0,,predicted,0.05,0,0,0,CoryneRegNet,1,1,OP_cg0876,1,2,0,0,,,,0,0,0,0,0,0,0,,,,0,0,0,0,,,8,0,0,,0,
2286,0.302473,cg2092,sigA,cg0691,groEL,1,curated_positive,A,1,0,0,0,0,,experimental,0.75,1,1,1,CoryneRegNet,1,1,OP_cg0690,1,2,0,0,,,,0,0,0,0,0,0,0,,,,0,0,0,0,,,8,0,0,,0,
2287,0.302473,cg2092,sigA,cg1334,lysA,1,curated_positive,A,1,0,0,0,0,,experimental,0.75,1,1,1,CoryneRegNet,1,1,OP_cg1333,1,2,0,0,,,,0,0,0,0,0,0,0,,,,0,0,0,0,,,8,0,0,,0,
2288,0.302473,cg2092,sigA,cg1459,cg1459,1,curated_positive,A,1,0,0,0,0,,experimental,0.75,1,1,1,CoryneRegNet,1,1,OP_cg1458,1,2,0,0,,,,0,0,0,0,0,0,0,,,,0,0,0,0,,,8,0,0,,0,
2289,0.302473,cg2092,sigA,cg2113,cg2113,1,curated_positive,A,1,0,0,0,0,,experimental,0.75,1,1,1,CoryneRegNet,1,1,OP_cg2113,1,2,0,0,,,,0,0,0,0,0,0,0,,,,0,0,0,0,,,8,0,0,,0,
2290,0.302473,cg2092,sigA,cg2160,cg2160,1,curated_positive,A,1,0,0,0,0,,experimental,0.75,1,1,1,CoryneRegNet,1,1,OP_cg2161,1,2,0,0,,,,0,0,0,0,0,0,0,,,,0,0,0,0,,,8,0,0,,0,
2291,0.302473,cg2092,sigA,cg2161,dapA,1,curated_positive,A,1,0,0,0,0,,experimental,0.75,1,1,1,CoryneRegNet,1,1,OP_cg2161,1,2,0,0,,,,0,0,0,0,0,0,0,,,,0,0,0,0,,,8,0,0,,0,
2292,0.302473,cg2092,sigA,cg3227,lldA,1,curated_positive,A,1,0,0,0,0,,experimental,0.75,1,1,1,CoryneRegNet,1,1,OP_cg3226,1,2,0,0,,,,0,0,0,0,0,0,0,,,,0,0,0,0,,,8,0,0,,0,
2293,0.302473,cg2103,dtxR,cg1931,cg1931,1,curated_positive,R,0,1,0,0,0,,experimental,0.75,1,1,1,CoryneRegNet,1,1,OP_cg1930,1,2,0,0,,,,0,0,0,0,0,0,0,,,,0,0,0,0,,,8,0,0,,0,
2294,0.302473,cg2114,lexA,cg1319,cg1319,1,curated_positive,R,0,1,0,0,0,,experimental,0.75,1,1,1,CoryneRegNet,1,1,OP_cg1318,1,2,0,0,,,,0,0,0,0,0,0,0,,,,0,0,0,0,,,8,0,0,,0,
2295,0.302473,cg2115,cg2115,cg1285,cg1285,1,curated_positive,R,0,1,0,0,0,,predicted,0.05,0,0,0,CoryneRegNet,1,1,OP_cg1284,1,2,0,0,,,,0,0,0,0,0,0,0,,,,0,0,0,0,,,8,0,0,,0,
2296,0.302473,cg2115,cg2115,cg3365,rmpC,1,curated_positive,R,0,1,0,0,0,,predicted,0.05,0,0,0,CoryneRegNet,1,1,OP_cg3366,1,2,0,0,,,,0,0,0,0,0,0,0,,,,0,0,0,0,,,8,0,0,,0,
2297,0.302473,cg2152,cg2152,cg0298,recR,1,curated_positive,A,1,0,0,0,0,,experimental,0.75,1,1,1,CoryneRegNet,1,1,OP_cg0297,1,2,0,0,,,,0,0,0,0,0,0,0,,,,0,0,0,0,,,8,0,0,,0,
2298,0.302473,cg2516,hrcA,cg0691,groEL,1,curated_positive,R,0,1,0,0,0,,experimental + predicted,0.75,1,1,3,CoryneRegNet,1,1,OP_cg0690,1,2,0,0,,,,0,0,0,0,0,0,0,,,,0,0,0,0,,,8,0,0,,0,
2299,0.302473,cg2627,cg2627,cg1226,pobB,1,curated_positive,A,1,0,0,0,0,,predicted,0.05,0,0,0,CoryneRegNet,1,1,OP_cg1226,1,2,0,0,,,,0,0,0,0,0,0,0,,,,0,0,0,0,,,8,0,0,,0,
2300,0.302473,cg2831,cg2831,cg0953,cg0953,1,curated_positive,A,1,0,0,0,0,,experimental,0.75,1,1,1,CoryneRegNet,1,1,OP_cg0952,1,2,0,0,,,,0,0,0,0,0,0,0,,,,0,0,0,0,,,8,0,0,,0,
2301,0.302473,cg2831,cg2831,cg3227,lldA,1,curated_positive,R,0,1,0,0,0,,experimental,0.75,1,1,1,CoryneRegNet,1,1,OP_cg3226,1,2,0,0,,,,0,0,0,0,0,0,0,,,,0,0,0,0,,,8,0,0,,0,
2302,0.302473,cg3224,cg3224,cg3227,lldA,1,curated_positive,R,0,1,0,0,0,,experimental,0.75,1,1,2,CoryneRegNet,1,1,OP_cg3226,1,2,0,0,,,,0,0,0,0,0,0,0,,,,0,0,0,0,,,8,0,0,,0,
2303,0.302473,cg3420,sigM,cg0691,groEL,1,curated_positive,unknown,0,0,1,0,0,,predicted,0.2,0,1,1,CoryneRegNet,1,1,OP_cg0690,1,2,0,0,,,,0,0,0,0,0,0,0,,,,0,0,0,0,,,8,0,0,,0,
2304,0.302473,cg3388,cg3388,cg1096,cg1096,0,sampled_negative,unknown,0,0,0,0,0,,,0,0,0,0,,0,0,OP_cg1095,1,2,0,0,,,,0,0,0,0,0,0,0,,,,0,0,0,0,,,8,0,0,,0,
2305,0.302473,cg3097,hspR,cg1959,priP,0,sampled_negative,unknown,0,0,0,0,0,,,0,0,0,0,,0,0,OP_cg1959,1,2,0,0,,,,0,0,0,0,0,0,0,,,,0,0,0,0,,,8,0,0,,0,
2306,0.302473,cg1425,lysG,cg1931,cg1931,0,sampled_negative,unknown,0,0,0,0,0,,,0,0,0,0,,0,0,OP_cg1930,1,2,0,0,,,,0,0,0,0,0,0,0,,,,0,0,0,0,,,8,0,0,,0,
2307,0.302473,cg2965,cg2965,cg0442,galU2,0,sampled_negative,unknown,0,0,0,0,0,,,0,0,0,0,,0,0,OP_cg0442,1,2,0,0,,,,0,0,0,0,0,0,0,,,,0,0,0,0,,,8,0,0,,0,
2308,0.302473,cg3253,mcbR,cg1646,cg1646,0,sampled_negative,unknown,0,0,0,0,0,,,0,0,0,0,,0,0,OP_cg1646,1,2,0,0,,,,0,0,0,0,0,0,0,,,,0,0,0,0,,,8,0,0,,0,
2309,0.302473,cg2894,cg2894,cg1931,cg1931,0,sampled_negative,unknown,0,0,0,0,0,,,0,0,0,0,,0,0,OP_cg1930,1,2,0,0,,,,0,0,0,0,0,0,0,,,,0,0,0,0,,,8,0,0,,0,
2310,0.302473,cg0741,sirR(mntR),cg2313,idhA3,0,sampled_negative,unknown,0,0,0,0,0,,,0,0,0,0,,0,0,OP_cg2313,1,2,0,0,,,,0,0,0,0,0,0,0,,,,0,0,0,0,,,8,0,0,,0,
2311,0.302473,cg0527,glyR,cg1931,cg1931,0,sampled_negative,unknown,0,0,0,0,0,,,0,0,0,0,,0,0,OP_cg1930,1,2,0,0,,,,0,0,0,0,0,0,0,,,,0,0,0,0,,,8,0,0,,0,
2312,0.302473,cg1486,ltbR,cg1144,cg1144,0,sampled_negative,unknown,0,0,0,0,0,,,0,0,0,0,,0,0,OP_cg1143,1,2,0,0,,,,0,0,0,0,0,0,0,,,,0,0,0,0,,,8,0,0,,0,
2313,0.302473,cg0090,cg0090,cg0566,gabT,0,sampled_negative,unknown,0,0,0,0,0,,,0,0,0,0,,0,0,OP_cg0566,1,2,0,0,,,,0,0,0,0,0,0,0,,,,0,0,0,0,,,8,0,0,,0,
2314,0.302473,cg2641,benR,cg0992,cg0992,0,sampled_negative,unknown,0,0,0,0,0,,,0,0,0,0,,0,0,OP_cg0993,1,2,0,0,,,,0,0,0,0,0,0,0,,,,0,0,0,0,,,8,0,0,,0,
2315,0.302473,cg0350,glxR,cg1646,cg1646,0,sampled_negative,unknown,0,0,0,0,0,,,0,0,0,0,,0,0,OP_cg1646,1,2,0,0,,,,0,0,0,0,0,0,0,,,,0,0,0,0,,,8,0,0,,0,
2316,0.302473,cg2092,sigA,cg1285,cg1285,0,sampled_negative,unknown,0,0,0,0,0,,,0,0,0,0,,0,0,OP_cg1284,1,2,0,0,,,,0,0,0,0,0,0,0,,,,0,0,0,0,,,8,0,0,,0,
2317,0.302473,cg0986,amtR,cg0699,guaB2,0,sampled_negative,unknown,0,0,0,0,0,,,0,0,0,0,,0,0,OP_cg0699,1,2,0,0,,,,0,0,0,0,0,0,0,,,,0,0,0,0,,,8,0,0,,0,
2318,0.302473,cg3388,cg3388,cg1319,cg1319,0,sampled_negative,unknown,0,0,0,0,0,,,0,0,0,0,,0,0,OP_cg1318,1,2,0,0,,,,0,0,0,0,0,0,0,,,,0,0,0,0,,,8,0,0,,0,
2319,0.302473,cg2114,cg2114,cg0442,galU2,0,sampled_negative,unknown,0,0,0,0,0,,,0,0,0,0,,0,0,OP_cg0442,1,2,0,0,,,,0,0,0,0,0,0,0,,,,0,0,0,0,,,8,0,0,,0,
2320,0.302473,cg1486,ltbR,cg3316,cg3316,0,sampled_negative,unknown,0,0,0,0,0,,,0,0,0,0,,0,0,OP_cg3315,1,2,0,0,,,,0,0,0,0,0,0,0,,,,0,0,0,0,,,8,0,0,,0,
2321,0.302473,cg0090,cg0090,cg0572,rplJ,0,sampled_negative,unknown,0,0,0,0,0,,,0,0,0,0,,0,0,OP_cg0572,1,2,0,0,,,,0,0,0,0,0,0,0,,,,0,0,0,0,,,8,0,0,,0,
2322,0.302473,cg1738,acnR,cg2623,scoA,0,sampled_negative,unknown,0,0,0,0,0,,,0,0,0,0,,0,0,OP_cg2623,1,2,0,0,,,,0,0,0,0,0,0,0,,,,0,0,0,0,,,8,0,0,,0,
2323,0.302473,cg1486,ltbR,cg2623,scoA,0,sampled_negative,unknown,0,0,0,0,0,,,0,0,0,0,,0,0,OP_cg2623,1,2,0,0,,,,0,0,0,0,0,0,0,,,,0,0,0,0,,,8,0,0,,0,
2324,0.302473,cg1120,ripA,cg2434,cg2434,0,sampled_negative,unknown,0,0,0,0,0,,,0,0,0,0,,0,0,OP_cg2434,1,2,0,0,,,,0,0,0,0,0,0,0,,,,0,0,0,0,,,8,0,0,,0,
2325,0.302473,cg2627,cg2627,cg3316,cg3316,0,sampled_negative,unknown,0,0,0,0,0,,,0,0,0,0,,0,0,OP_cg3315,1,2,0,0,,,,0,0,0,0,0,0,0,,,,0,0,0,0,,,8,0,0,,0,
2326,0.302473,cg0309,sigC,cg0566,gabT,0,sampled_negative,unknown,0,0,0,0,0,,,0,0,0,0,,0,0,OP_cg0566,1,2,0,0,,,,0,0,0,0,0,0,0,,,,0,0,0,0,,,8,0,0,,0,
2327,0.302473,cg0051,cg0051,cg2113,cg2113,0,sampled_negative,unknown,0,0,0,0,0,,,0,0,0,0,,0,0,OP_cg2113,1,2,0,0,,,,0,0,0,0,0,0,0,,,,0,0,0,0,,,8,0,0,,0,
2328,0.302473,cg2910,ipsA,cg1127,cg1127,0,sampled_negative,unknown,0,0,0,0,0,,,0,0,0,0,,0,0,OP_cg1127,1,2,0,0,,,,0,0,0,0,0,0,0,,,,0,0,0,0,,,8,0,0,,0,
2329,0.302473,cg0527,glyR,cg2323,treY,0,sampled_negative,unknown,0,0,0,0,0,,,0,0,0,0,,0,0,OP_cg2323,1,2,0,0,,,,0,0,0,0,0,0,0,,,,0,0,0,0,,,8,0,0,,0,
2330,0.302473,cg2831,ramA,cg0691,groEL',0,sampled_negative,unknown,0,0,0,0,0,,,0,0,0,0,,0,0,OP_cg0690,1,2,0,0,,,,0,0,0,0,0,0,0,,,,0,0,0,0,,,8,0,0,,0,
2331,0.302473,cg3285,cgtR9(copR),cg1334,lysA,0,sampled_negative,unknown,0,0,0,0,0,,,0,0,0,0,,0,0,OP_cg1333,1,2,0,0,,,,0,0,0,0,0,0,0,,,,0,0,0,0,,,8,0,0,,0,
2332,0.302473,cg0696,sigD,cg1187,tnp10a(ISCg10a),0,sampled_negative,unknown,0,0,0,0,0,,,0,0,0,0,,0,0,OP_cg1187,1,2,0,0,,,,0,0,0,0,0,0,0,,,,0,0,0,0,,,8,0,0,,0,
2333,0.302473,cg2627,cg2627,cg2885,bioA,0,sampled_negative,unknown,0,0,0,0,0,,,0,0,0,0,,0,0,OP_cg2885,1,2,0,0,,,,0,0,0,0,0,0,0,,,,0,0,0,0,,,8,0,0,,0,
2334,0.302473,cg0112,ureR,cg1127,cg1127,0,sampled_negative,unknown,0,0,0,0,0,,,0,0,0,0,,0,0,OP_cg1127,1,2,0,0,,,,0,0,0,0,0,0,0,,,,0,0,0,0,,,8,0,0,,0,
2335,0.302473,cg2831,ramA,cg1174,arcB,0,sampled_negative,unknown,0,0,0,0,0,,,0,0,0,0,,0,0,OP_cg1173,1,2,0,0,,,,0,0,0,0,0,0,0,,,,0,0,0,0,,,8,0,0,,0,
2336,0.302473,cg3253,mcbR,cg1403,gatC,0,sampled_negative,unknown,0,0,0,0,0,,,0,0,0,0,,0,0,OP_cg1403,1,2,0,0,,,,0,0,0,0,0,0,0,,,,0,0,0,0,,,8,0,0,,0,
2337,0.302473,cg0897,pdxR,cg0992,cg0992,0,sampled_negative,unknown,0,0,0,0,0,,,0,0,0,0,,0,0,OP_cg0993,1,2,0,0,,,,0,0,0,0,0,0,0,,,,0,0,0,0,,,8,0,0,,0,
2338,0.302473,cg3261,cg3261,cg0566,gabT,0,sampled_negative,unknown,0,0,0,0,0,,,0,0,0,0,,0,0,OP_cg0566,1,2,0,0,,,,0,0,0,0,0,0,0,,,,0,0,0,0,,,8,0,0,,0,
2339,0.302473,cg1120,ripA,cg3250,cg3250,0,sampled_negative,unknown,0,0,0,0,0,,,0,0,0,0,,0,0,OP_cg3251,1,2,0,0,,,,0,0,0,0,0,0,0,,,,0,0,0,0,,,8,0,0,,0,
2340,0.302473,cg2831,ramA,cg1514,tnp23a(ISCg23a),0,sampled_negative,unknown,0,0,0,0,0,,,0,0,0,0,,0,0,OP_cg1514,1,2,0,0,,,,0,0,0,0,0,0,0,,,,0,0,0,0,,,8,0,0,,0,
2341,0.302473,cg2152,clgR,cg1334,lysA,0,sampled_negative,unknown,0,0,0,0,0,,,0,0,0,0,,0,0,OP_cg1333,1,2,0,0,,,,0,0,0,0,0,0,0,,,,0,0,0,0,,,8,0,0,,0,
2342,0.302473,cg3082,cg3082,cg1185,tnp10b(ISCg10a),0,sampled_negative,unknown,0,0,0,0,0,,,0,0,0,0,,0,0,OP_cg1187,1,2,0,0,,,,0,0,0,0,0,0,0,,,,0,0,0,0,,,8,0,0,,0,
2343,0.302473,cg0500,qsuR,cg2885,bioA,0,sampled_negative,unknown,0,0,0,0,0,,,0,0,0,0,,0,0,OP_cg2885,1,2,0,0,,,,0,0,0,0,0,0,0,,,,0,0,0,0,,,8,0,0,,0,
2344,0.302473,cg0741,sirR(mntR),cg1496,ung,0,sampled_negative,unknown,0,0,0,0,0,,,0,0,0,0,,0,0,OP_cg1495,1,2,0,0,,,,0,0,0,0,0,0,0,,,,0,0,0,0,,,8,0,0,,0,
2345,0.302473,cg1218,nrtR,cg1646,cg1646,0,sampled_negative,unknown,0,0,0,0,0,,,0,0,0,0,,0,0,OP_cg1646,1,2,0,0,,,,0,0,0,0,0,0,0,,,,0,0,0,0,,,8,0,0,,0,
2346,0.302473,cg0317,arsR2,cg0699,guaB2,0,sampled_negative,unknown,0,0,0,0,0,,,0,0,0,0,,0,0,OP_cg0699,1,2,0,0,,,,0,0,0,0,0,0,0,,,,0,0,0,0,,,8,0,0,,0,
2347,0.302473,cg1425,lysG,cg2313,idhA3,0,sampled_negative,unknown,0,0,0,0,0,,,0,0,0,0,,0,0,OP_cg2313,1,2,0,0,,,,0,0,0,0,0,0,0,,,,0,0,0,0,,,8,0,0,,0,
2348,0.302473,cg2965,cg2965,cg0992,cg0992,0,sampled_negative,unknown,0,0,0,0,0,,,0,0,0,0,,0,0,OP_cg0993,1,2,0,0,,,,0,0,0,0,0,0,0,,,,0,0,0,0,,,8,0,0,,0,
2349,0.302473,cg0878,whiB1(whcE),cg0373,topA,0,sampled_negative,unknown,0,0,0,0,0,,,0,0,0,0,,0,0,OP_cg0373,1,2,0,0,,,,0,0,0,0,0,0,0,,,,0,0,0,0,,,8,0,0,,0,
2350,0.302473,cg1340,arnR,cg1447,cg1447,0,sampled_negative,unknown,0,0,0,0,0,,,0,0,0,0,,0,0,OP_cg1447,1,2,0,0,,,,0,0,0,0,0,0,0,,,,0,0,0,0,,,8,0,0,,0,
2351,0.302473,cg1935,gntR2,cg1285,cg1285,0,sampled_negative,unknown,0,0,0,0,0,,,0,0,0,0,,0,0,OP_cg1284,1,2,0,0,,,,0,0,0,0,0,0,0,,,,0,0,0,0,,,8,0,0,,0,
2352,0.302473,cg3420,sigM,cg3227,lldA,0,sampled_negative,unknown,0,0,0,0,0,,,0,0,0,0,,0,0,OP_cg3226,1,2,0,0,,,,0,0,0,0,0,0,0,,,,0,0,0,0,,,8,0,0,,0,
2353,0.302473,cg1704,cg1704,cg1931,cg1931,0,sampled_negative,unknown,0,0,0,0,0,,,0,0,0,0,,0,0,OP_cg1930,1,2,0,0,,,,0,0,0,0,0,0,0,,,,0,0,0,0,,,8,0,0,,0,
2354,0.302473,cg0725,crtR,cg1127,cg1127,0,sampled_negative,unknown,0,0,0,0,0,,,0,0,0,0,,0,0,OP_cg1127,1,2,0,0,,,,0,0,0,0,0,0,0,,,,0,0,0,0,,,8,0,0,,0,
2355,0.302473,cg2888,cgtR3(phoR),cg2113,cg2113,0,sampled_negative,unknown,0,0,0,0,0,,,0,0,0,0,,0,0,OP_cg2113,1,2,0,0,,,,0,0,0,0,0,0,0,,,,0,0,0,0,,,8,0,0,,0,
2356,0.302473,cg1120,ripA,cg2885,bioA,0,sampled_negative,unknown,0,0,0,0,0,,,0,0,0,0,,0,0,OP_cg2885,1,2,0,0,,,,0,0,0,0,0,0,0,,,,0,0,0,0,,,8,0,0,,0,
2357,0.302473,cg2114,cg2114,cg0953,cg0953,0,sampled_negative,unknown,0,0,0,0,0,,,0,0,0,0,,0,0,OP_cg0952,1,2,0,0,,,,0,0,0,0,0,0,0,,,,0,0,0,0,,,8,0,0,,0,
2358,0.302473,cg1831,cg1831,cg2447,glnA2,0,sampled_negative,unknown,0,0,0,0,0,,,0,0,0,0,,0,0,OP_cg2447,1,2,0,0,,,,0,0,0,0,0,0,0,,,,0,0,0,0,,,8,0,0,,0,
2359,0.302473,cg2965,cg2965,cg1096,cg1096,0,sampled_negative,unknown,0,0,0,0,0,,,0,0,0,0,,0,0,OP_cg1095,1,2,0,0,,,,0,0,0,0,0,0,0,,,,0,0,0,0,,,8,0,0,,0,
2360,0.302473,cg0709,cgtR7(esrR),cg0877,cg0877,0,sampled_negative,unknown,0,0,0,0,0,,,0,0,0,0,,0,0,OP_cg0876,1,2,0,0,,,,0,0,0,0,0,0,0,,,,0,0,0,0,,,8,0,0,,0,
2361,0.302473,cg0112,ureR,cg1334,lysA,0,sampled_negative,unknown,0,0,0,0,0,,,0,0,0,0,,0,0,OP_cg1333,1,2,0,0,,,,0,0,0,0,0,0,0,,,,0,0,0,0,,,8,0,0,,0,
2362,0.302473,cg0565,gabR,cg1681,pepE,0,sampled_negative,unknown,0,0,0,0,0,,,0,0,0,0,,0,0,OP_cg1681,1,2,0,0,,,,0,0,0,0,0,0,0,,,,0,0,0,0,,,8,0,0,,0,
2363,0.302473,cg0337,whiB4(whcA),cg3001,cosR,0,sampled_negative,unknown,0,0,0,0,0,,,0,0,0,0,,0,0,OP_cg3001,1,2,0,0,,,,0,0,0,0,0,0,0,,,,0,0,0,0,,,8,0,0,,0,
2364,0.302473,cg2112,cg2112,cg1514,tnp23a(ISCg23a),0,sampled_negative,unknown,0,0,0,0,0,,,0,0,0,0,,0,0,OP_cg1514,1,2,0,0,,,,0,0,0,0,0,0,0,,,,0,0,0,0,,,8,0,0,,0,
2365,0.302252,cg2516,hrcA,cg1211,oasR,0,sampled_negative,unknown,0,0,0,0,0,,,0,0,0,0,,0,0,,0,0,0,1,5,0.216,-17.78,2,0,0,0,0,0,0,,,,0,0,0,0,,,5,0,0,,0,
2366,0.302107,cg2103,dtxR,cg0816,purK,0,sampled_negative,unknown,0,0,0,0,0,,,0,0,0,0,,0,0,,0,0,0,1,14,0.9386,-16.45,0,0,0,0,0,0,0,,,,0,0,0,0,,,5,0,0,,0,
2367,0.302107,cg2965,cg2965,cg0816,purK,0,sampled_negative,unknown,0,0,0,0,0,,,0,0,0,0,,0,0,,0,0,0,1,14,0.9386,-16.45,0,0,0,0,0,0,0,,,,0,0,0,0,,,5,0,0,,0,
2368,0.301000,cg1425,lysG,cg0415,ptpA2,0,sampled_negative,unknown,0,0,0,0,0,,,0,0,0,0,,0,0,OP_cg0414,1,2,0,1,2,0.1572,-16.77,2,0,0,0,0,0,0,,,,0,0,0,0,,,5,0,0,,0,
2369,0.300303,cg1765,sufR,cg2384,idsA,0,sampled_negative,unknown,0,0,0,0,0,,,0,0,0,0,,0,0,OP_cg2384,1,2,0,1,3,0.9884,-14,1,0,0,0,0,0,0,,,,0,0,0,0,,,5,0,0,,0,
2370,0.300223,cg0986,amtR,cg1501,coaD,0,sampled_negative,unknown,0,0,0,0,0,,,0,0,0,0,,0,0,OP_cg1497,1,5,0,1,4,0.9735,-22.41,3,0,0,0,0,0,0,,,,0,0,0,0,,,5,0,0,,0,
2371,0.300223,cg2888,cgtR3(phoR),cg1501,coaD,0,sampled_negative,unknown,0,0,0,0,0,,,0,0,0,0,,0,0,OP_cg1497,1,5,0,1,4,0.9735,-22.41,3,0,0,0,0,0,0,,,,0,0,0,0,,,5,0,0,,0,
2372,0.299284,cg0876,sigH,cg1354,rho,1,curated_positive,unknown,0,0,1,0,0,,experimental,0.75,1,1,1,CoryneRegNet,1,1,OP_cg1354,1,6,0,1,6,0.5466,-15.93,1,0,0,0,0,0,0,,,,0,0,0,0,,,5,0,0,,0,
2373,0.298334,cg0371,cspA2,cg2824,cg2824,0,sampled_negative,unknown,0,0,0,0,0,,,0,0,0,0,,0,0,,0,0,0,1,2,0.7339,-18.55,1,0,0,0,0,0,0,,,,0,0,0,0,,,5,0,0,,0,
2374,0.298048,cg1765,sufR,cg0193,pepO,0,sampled_negative,unknown,0,0,0,0,0,,,0,0,0,0,,0,0,,0,0,0,1,12,0.1751,-11.7,0,0,0,0,0,0,0,,,,0,0,0,0,,,5,0,0,,0,
2375,0.297833,cg2910,ipsA,cg1950,tnp14b(ISCg14a),0,sampled_negative,unknown,0,0,0,0,0,,,0,0,0,0,,0,0,,0,0,0,1,5,0.6235,-7.5,1,0,0,0,0,0,0,,,,0,0,0,0,,,5,0,0,,0,
2376,0.295377,cg0979,cg0979,cg1493,ddlA,0,sampled_negative,unknown,0,0,0,0,0,,,0,0,0,0,,0,0,OP_cg1492,1,2,0,1,5,0.6191,-22.36,2,0,0,0,0,0,0,,,,0,0,0,0,,,5,0,0,,0,
2377,0.295280,cg0876,sigH,cg1398,cg1398,1,curated_positive,unknown,0,0,1,0,0,,predicted,0.05,0,0,0,CoryneRegNet,1,1,OP_cg1397,1,2,0,1,3,0.9182,-13.36,4,0,0,0,0,0,0,,,,0,0,0,0,,,5,0,0,,0,
2378,0.295280,cg0725,crtR,cg1398,cg1398,0,sampled_negative,unknown,0,0,0,0,0,,,0,0,0,0,,0,0,OP_cg1397,1,2,0,1,3,0.9182,-13.36,4,0,0,0,0,0,0,,,,0,0,0,0,,,5,0,0,,0,
2379,0.295280,cg1032,cg1032,cg1398,cg1398,0,sampled_negative,unknown,0,0,0,0,0,,,0,0,0,0,,0,0,OP_cg1397,1,2,0,1,3,0.9182,-13.36,4,0,0,0,0,0,0,,,,0,0,0,0,,,5,0,0,,0,
2380,0.293311,cg0696,sigD,cg0413,cmt1,1,curated_positive,A,1,0,0,0,0,,experimental,0.75,1,1,1,CoryneRegNet,1,1,,0,0,0,1,1,0,-167.68,3,0,0,0,0,0,0,,,,0,0,0,0,,,5,0,0,,0,
2381,0.293266,cg0862,mtrA,cg0663,cma,0,sampled_negative,unknown,0,0,0,0,0,,,0,0,0,0,,0,0,OP_cg0662,1,2,0,1,10,0.5361,-20.12,1,0,0,0,0,0,0,,,,0,0,0,0,,,5,0,0,,0,
2382,0.293170,cg1486,cg1486,cg3362,trpCF,1,curated_positive,R,0,1,0,0,0,,experimental,0.75,1,1,1,CoryneRegNet,1,1,OP_cg3359,1,6,0,1,9,0.3654,-19.35,1,0,0,0,0,0,0,,,,0,0,0,0,,,5,0,0,,0,
2383,0.293170,cg2831,ramA,cg3362,trpCF,0,sampled_negative,unknown,0,0,0,0,0,,,0,0,0,0,,0,0,OP_cg3359,1,6,0,1,9,0.3654,-19.35,1,0,0,0,0,0,0,,,,0,0,0,0,,,5,0,0,,0,
2384,0.293170,cg2624,pcaR,cg3362,trpCF,0,sampled_negative,unknown,0,0,0,0,0,,,0,0,0,0,,0,0,OP_cg3359,1,6,0,1,9,0.3654,-19.35,1,0,0,0,0,0,0,,,,0,0,0,0,,,5,0,0,,0,
2385,0.293170,cg1425,lysG,cg3362,trpCF,0,sampled_negative,unknown,0,0,0,0,0,,,0,0,0,0,,0,0,OP_cg3359,1,6,0,1,9,0.3654,-19.35,1,0,0,0,0,0,0,,,,0,0,0,0,,,5,0,0,,0,
2386,0.292487,cg1084,cgtR10,cg1081,cg1081,1,curated_positive,A,1,0,0,0,0,,experimental,0.75,1,1,1,CoryneRegNet,1,1,OP_cg1081,1,2,0,1,3,0.006361,-19.24,4,0,0,0,0,0,0,,,,0,0,0,0,,,5,0,0,,0,
2387,0.292487,cg1817,pyrR,cg1081,cg1081,0,sampled_negative,unknown,0,0,0,0,0,,,0,0,0,0,,0,0,OP_cg1081,1,2,0,1,3,0.006361,-19.24,4,0,0,0,0,0,0,,,,0,0,0,0,,,5,0,0,,0,
2388,0.292355,cg2502,fur,cg3174,mmpL1,0,sampled_negative,unknown,0,0,0,0,0,,,0,0,0,0,,0,0,OP_cg3172,1,5,0,1,8,0.3339,-9.36,1,0,0,0,0,0,0,,,,0,0,0,0,,,5,0,0,,0,
2389,0.291861,cg0350,cg0350,cg1139,cg1139,1,curated_positive,R,0,1,0,0,0,,predicted,0.2,0,1,1,CoryneRegNet,1,1,OP_cg1142,1,4,0,1,1,0.09493,-23.01,3,0,0,0,0,0,0,,,,0,0,0,0,,,5,0,0,,0,
2390,0.290097,cg3202,cg3202,cg1584,argF,1,curated_positive,R,0,1,0,0,0,,experimental,0.75,1,1,1,CoryneRegNet,1,1,OP_cg1580,1,6,0,1,8,0.905,-8.07,1,0,0,0,0,0,0,,,,0,0,0,0,,,5,0,0,,0,
2391,0.290097,cg0309,sigC,cg1584,argF,0,sampled_negative,unknown,0,0,0,0,0,,,0,0,0,0,,0,0,OP_cg1580,1,6,0,1,8,0.905,-8.07,1,0,0,0,0,0,0,,,,0,0,0,0,,,5,0,0,,0,
2392,0.290097,cg2888,cgtR3(phoR),cg1584,argF,0,sampled_negative,unknown,0,0,0,0,0,,,0,0,0,0,,0,0,OP_cg1580,1,6,0,1,8,0.905,-8.07,1,0,0,0,0,0,0,,,,0,0,0,0,,,5,0,0,,0,
2393,0.289303,cg0897,pdxR,cg2399,glk,0,sampled_negative,unknown,0,0,0,0,0,,,0,0,0,0,,0,0,,0,0,0,1,1,0.1495,-25.41,6,0,0,0,0,0,0,,,,0,0,0,0,,,5,0,0,,0,
2394,0.289065,cg2114,cg2114,cg1123,greA,0,sampled_negative,unknown,0,0,0,0,0,,,0,0,0,0,,0,0,OP_cg1123,1,2,0,1,4,0.5603,-18.1,2,0,0,0,0,0,0,,,,0,0,0,0,,,5,0,0,,0,
2395,0.289061,cg2615,vanR,cg0457,purU,0,sampled_negative,unknown,0,0,0,0,0,,,0,0,0,0,,0,0,,0,0,0,1,6,0.2296,-11.85,2,0,0,0,0,0,0,,,,0,0,0,0,,,5,0,0,,0,
2396,0.289061,cg0527,glyR,cg0457,purU,0,sampled_negative,unknown,0,0,0,0,0,,,0,0,0,0,,0,0,,0,0,0,1,6,0.2296,-11.85,2,0,0,0,0,0,0,,,,0,0,0,0,,,5,0,0,,0,
2397,0.289061,cg3202,farR,cg0457,purU,0,sampled_negative,unknown,0,0,0,0,0,,,0,0,0,0,,0,0,,0,0,0,1,6,0.2296,-11.85,2,0,0,0,0,0,0,,,,0,0,0,0,,,5,0,0,,0,
2398,0.288983,cg2942,cg2942,cg1274,mrp,0,sampled_negative,unknown,0,0,0,0,0,,,0,0,0,0,,0,0,OP_cg1276,1,3,0,1,6,0.9852,-19.35,4,0,0,0,0,0,0,,,,0,0,0,0,,,5,0,0,,0,
2399,0.288645,cg0876,sigH,cg2194,gor,1,curated_positive,unknown,0,0,1,0,0,,experimental,0.75,1,1,2,CoryneRegNet,1,1,,0,0,0,1,6,0.9935,-14.9,2,0,0,0,0,0,0,,,,0,0,0,0,,,5,0,0,,0,
2400,0.288288,cg0146,atlR,cg0247,cg0247,0,sampled_negative,unknown,0,0,0,0,0,,,0,0,0,0,,0,0,OP_cg0247,1,2,0,1,2,0.3518,-21.34,2,0,0,0,0,0,0,,,,0,0,0,0,,,5,0,0,,0,
2401,0.288206,cg1846,cg1846,cg1844,cg1844,1,curated_positive,R,0,1,0,0,0,,experimental,0.6,1,0,0,CoryneRegNet,1,1,OP_cg1845,1,2,0,1,2,0.7408,-23.02,1,0,0,0,0,0,0,,,,0,0,0,0,,,5,0,0,,0,
2402,0.288206,cg1308,rhcR,cg1844,cg1844,0,sampled_negative,unknown,0,0,0,0,0,,,0,0,0,0,,0,0,OP_cg1845,1,2,0,1,2,0.7408,-23.02,1,0,0,0,0,0,0,,,,0,0,0,0,,,5,0,0,,0,
2403,0.288206,cg2888,cgtR3(phoR),cg1844,cg1844,0,sampled_negative,unknown,0,0,0,0,0,,,0,0,0,0,,0,0,OP_cg1845,1,2,0,1,2,0.7408,-23.02,1,0,0,0,0,0,0,,,,0,0,0,0,,,5,0,0,,0,
2404,0.287570,cg0876,sigH,cg2411,cg2411,1,curated_positive,unknown,0,0,1,0,0,,experimental,0.75,1,1,2,CoryneRegNet,1,1,,0,0,0,1,2,0.4983,-15.43,2,0,0,0,0,0,0,,,,0,0,0,0,,,5,0,0,,0,
2405,0.287408,cg2115,cg2115,cg2795,cg2795,1,curated_positive,R,0,1,0,0,0,,predicted,0.2,0,1,1,CoryneRegNet,1,1,,0,0,0,1,15,0.9894,-8.73,0,0,0,0,0,0,0,,,,0,0,0,0,,,5,0,0,,0,
2406,0.287245,cg2502,fur,cg0197,iolC,0,sampled_negative,unknown,0,0,0,0,0,,,0,0,0,0,,0,0,OP_cg0197,1,8,0,1,3,0.9456,-20.77,3,0,0,0,0,0,0,,,,0,0,0,0,,,5,0,0,,0,
2407,0.287123,cg1585,argR,cg2181,cg2181,0,sampled_negative,unknown,0,0,0,0,0,,,0,0,0,0,,0,0,OP_cg2181,1,4,0,1,1,0.104,-22.97,3,0,0,0,0,0,0,,,,0,0,0,0,,,5,0,0,,0,
2408,0.287079,cg3420,sigM,cg0258,moaE,0,sampled_negative,unknown,0,0,0,0,0,,,0,0,0,0,,0,0,OP_cg0263,1,7,0,1,2,0.0913,-19.81,1,0,0,0,0,0,0,,,,0,0,0,0,,,5,0,0,,0,
2409,0.286523,cg0646,cg0646,cg0635,cg0635,1,curated_positive,R,0,1,0,0,0,,predicted,0.2,0,1,1,CoryneRegNet,1,1,,0,0,0,1,3,0.9594,-15.75,3,0,0,0,0,0,0,,,,0,0,0,0,,,5,0,0,,0,
2410,0.286523,cg2737,cg2737,cg0635,cg0635,0,sampled_negative,unknown,0,0,0,0,0,,,0,0,0,0,,0,0,,0,0,0,1,3,0.9594,-15.75,3,0,0,0,0,0,0,,,,0,0,0,0,,,5,0,0,,0,
2411,0.286523,cg1585,argR,cg0635,cg0635,0,sampled_negative,unknown,0,0,0,0,0,,,0,0,0,0,,0,0,,0,0,0,1,3,0.9594,-15.75,3,0,0,0,0,0,0,,,,0,0,0,0,,,5,0,0,,0,
2412,0.286523,cg0527,glyR,cg0635,cg0635,0,sampled_negative,unknown,0,0,0,0,0,,,0,0,0,0,,0,0,,0,0,0,1,3,0.9594,-15.75,3,0,0,0,0,0,0,,,,0,0,0,0,,,5,0,0,,0,
2413,0.286523,cg0454,cg0454,cg0635,cg0635,0,sampled_negative,unknown,0,0,0,0,0,,,0,0,0,0,,0,0,,0,0,0,1,3,0.9594,-15.75,3,0,0,0,0,0,0,,,,0,0,0,0,,,5,0,0,,0,
2414,0.286523,cg0725,crtR,cg0635,cg0635,0,sampled_negative,unknown,0,0,0,0,0,,,0,0,0,0,,0,0,,0,0,0,1,3,0.9594,-15.75,3,0,0,0,0,0,0,,,,0,0,0,0,,,5,0,0,,0,
2415,0.286304,cg3253,mcbR,cg0649,map1,0,sampled_negative,unknown,0,0,0,0,0,,,0,0,0,0,,0,0,OP_cg0647,1,3,0,1,5,0.2296,-17.78,1,0,0,0,0,0,0,,,,0,0,0,0,,,5,0,0,,0,
2416,0.284930,cg2888,cgtR3(phoR),cg2277,cg2277,0,sampled_negative,unknown,0,0,0,0,0,,,0,0,0,0,,0,0,OP_cg2277,1,2,0,1,6,0.8607,-24.91,3,0,0,0,0,0,0,,,,0,0,0,0,,,5,0,0,,0,
2417,0.283022,cg0876,sigH,cg1726,mcmA,1,curated_positive,unknown,0,0,1,0,0,,experimental,0.75,1,1,1,CoryneRegNet,1,1,OP_cg1726,1,3,0,1,3,0.1292,-22.52,1,0,0,0,0,0,0,,,,0,0,0,0,,,5,0,0,,0,
2418,0.282694,cg1324,rosR,cg1076,glmU,0,sampled_negative,unknown,0,0,0,0,0,,,0,0,0,0,,0,0,OP_cg1076,1,3,0,1,8,0.9519,-16.66,2,0,0,0,0,0,0,,,,0,0,0,0,,,5,0,0,,0,
2419,0.281508,cg0309,sigC,cg1162,xseB,0,sampled_negative,unknown,0,0,0,0,0,,,0,0,0,0,,0,0,OP_cg1163,1,2,0,1,1,0,-52.16,2,0,0,0,0,0,0,,,,0,0,0,0,,,5,0,0,,0,
2420,0.281508,cg0646,cg0646,cg1162,xseB,0,sampled_negative,unknown,0,0,0,0,0,,,0,0,0,0,,0,0,OP_cg1163,1,2,0,1,1,0,-52.16,2,0,0,0,0,0,0,,,,0,0,0,0,,,5,0,0,,0,
2421,0.280724,cg0876,sigH,cg3357,trpP,1,curated_positive,unknown,0,0,1,0,0,,experimental,0.75,1,1,1,CoryneRegNet,1,1,,0,0,0,1,5,0.9935,-17.31,4,0,0,0,0,0,0,,,,0,0,0,0,,,5,0,0,,0,
2422,0.279554,cg1861,rel(relA),cg2221,tsf,0,sampled_negative,unknown,0,0,0,0,0,,,0,0,0,0,,0,0,OP_cg2222,1,2,0,1,1,0,-182.18,3,0,0,0,0,0,0,,,,0,0,0,0,,,5,0,0,,0,
2423,0.279516,cg0350,cg0350,cg2408,cg2408,1,curated_positive,A,1,0,0,0,0,,predicted,0.2,0,1,1,CoryneRegNet,1,1,OP_cg2409,1,2,0,1,9,0.8327,-20.47,1,0,0,0,0,0,0,,,,0,0,0,0,,,5,0,0,,0,
2424,0.279516,cg0876,sigH,cg2408,cg2408,1,curated_positive,unknown,0,0,1,0,0,,predicted,0.05,0,0,0,CoryneRegNet,1,1,OP_cg2409,1,2,0,1,9,0.8327,-20.47,1,0,0,0,0,0,0,,,,0,0,0,0,,,5,0,0,,0,
2425,0.279516,cg0343,phdR,cg2408,cg2408,0,sampled_negative,unknown,0,0,0,0,0,,,0,0,0,0,,0,0,OP_cg2409,1,2,0,1,9,0.8327,-20.47,1,0,0,0,0,0,0,,,,0,0,0,0,,,5,0,0,,0,
2426,0.279004,cg1861,rel(relA),cg1800,ribG,0,sampled_negative,unknown,0,0,0,0,0,,,0,0,0,0,,0,0,OP_cg1804,1,8,0,1,6,0.8361,-12.98,1,0,0,0,0,0,0,,,,0,0,0,0,,,5,0,0,,0,
2427,0.279004,cg2766,cg2766,cg1800,ribG,0,sampled_negative,unknown,0,0,0,0,0,,,0,0,0,0,,0,0,OP_cg1804,1,8,0,1,6,0.8361,-12.98,1,0,0,0,0,0,0,,,,0,0,0,0,,,5,0,0,,0,
2428,0.278950,cg0051,cg0051,cg1457,dnaQ2,0,sampled_negative,unknown,0,0,0,0,0,,,0,0,0,0,,0,0,OP_cg1456,1,2,0,1,1,0.4503,-10.14,4,0,0,0,0,0,0,,,,0,0,0,0,,,5,0,0,,0,
2429,0.278529,cg0350,cg0350,cg2119,pfkB,1,curated_positive,R,0,1,0,0,0,,predicted,0.2,0,1,1,CoryneRegNet,1,1,OP_cg2118,1,3,0,1,7,0.2269,-16.11,2,0,0,0,0,0,0,,,,0,0,0,0,,,5,0,0,,0,
2430,0.278529,cg2092,sigA,cg2119,pfkB,1,curated_positive,A,1,0,0,0,0,,experimental,0.75,1,1,1,CoryneRegNet,1,1,OP_cg2118,1,3,0,1,7,0.2269,-16.11,2,0,0,0,0,0,0,,,,0,0,0,0,,,5,0,0,,0,
2431,0.278529,cg2115,cg2115,cg2119,pfkB,1,curated_positive,R,0,1,0,0,0,,experimental,0.75,1,1,2,CoryneRegNet,1,1,OP_cg2118,1,3,0,1,7,0.2269,-16.11,2,0,0,0,0,0,0,,,,0,0,0,0,,,5,0,0,,0,
2432,0.278529,cg3224,cg3224,cg2119,pfkB,1,curated_positive,R,0,1,0,0,0,,experimental,0.75,1,1,1,CoryneRegNet,1,1,OP_cg2118,1,3,0,1,7,0.2269,-16.11,2,0,0,0,0,0,0,,,,0,0,0,0,,,5,0,0,,0,
2433,0.278529,cg2268,cg2268,cg2119,pfkB,0,sampled_negative,unknown,0,0,0,0,0,,,0,0,0,0,,0,0,OP_cg2118,1,3,0,1,7,0.2269,-16.11,2,0,0,0,0,0,0,,,,0,0,0,0,,,5,0,0,,0,
2434,0.278529,cg2624,pcaR,cg2119,pfkB,0,sampled_negative,unknown,0,0,0,0,0,,,0,0,0,0,,0,0,OP_cg2118,1,3,0,1,7,0.2269,-16.11,2,0,0,0,0,0,0,,,,0,0,0,0,,,5,0,0,,0,
2435,0.278529,cg0696,sigD,cg2119,pfkB,0,sampled_negative,unknown,0,0,0,0,0,,,0,0,0,0,,0,0,OP_cg2118,1,3,0,1,7,0.2269,-16.11,2,0,0,0,0,0,0,,,,0,0,0,0,,,5,0,0,,0,
2436,0.278322,cg0090,cg0090,cg2224,xerC,0,sampled_negative,unknown,0,0,0,0,0,,,0,0,0,0,,0,0,OP_cg2228,1,4,0,1,1,0,-129.31,3,0,0,0,0,0,0,,,,0,0,0,0,,,5,0,0,,0,
2437,0.278322,cg2936,nanR,cg2224,xerC,0,sampled_negative,unknown,0,0,0,0,0,,,0,0,0,0,,0,0,OP_cg2228,1,4,0,1,1,0,-129.31,3,0,0,0,0,0,0,,,,0,0,0,0,,,5,0,0,,0,
2438,0.277611,cg0725,cg0725,cg0719,crtYe,1,curated_positive,R,0,1,0,0,0,,experimental,0.75,1,1,1,CoryneRegNet,1,1,OP_cg0722,1,6,0,1,8,0.3852,-22.33,1,0,0,0,0,0,0,,,,0,0,0,0,,,5,0,0,,0,
2439,0.277611,cg0876,sigH,cg0719,crtYe,0,sampled_negative,unknown,0,0,0,0,0,,,0,0,0,0,,0,0,OP_cg0722,1,6,0,1,8,0.3852,-22.33,1,0,0,0,0,0,0,,,,0,0,0,0,,,5,0,0,,0,
2440,0.277611,cg1425,lysG,cg0719,crtYe,0,sampled_negative,unknown,0,0,0,0,0,,,0,0,0,0,,0,0,OP_cg0722,1,6,0,1,8,0.3852,-22.33,1,0,0,0,0,0,0,,,,0,0,0,0,,,5,0,0,,0,
2441,0.276904,cg3097,hspR,cg0881,rhlE,0,sampled_negative,unknown,0,0,0,0,0,,,0,0,0,0,,0,0,OP_cg0881,1,2,0,1,4,0.4394,-20.6,4,0,0,0,0,0,0,,,,0,0,0,0,,,5,0,0,,0,
2442,0.276789,cg0695,whiB3,cg0878,whiB1,1,curated_positive,A,1,0,0,0,0,,predicted,0.2,0,1,1,CoryneRegNet,1,1,,0,0,0,1,1,0,-196.83,3,0,0,0,0,0,0,,,,0,0,0,0,,,5,0,0,,0,
2443,0.276789,cg0876,sigH,cg0878,whiB1,1,curated_positive,unknown,0,0,1,0,0,,experimental,0.75,1,1,1,CoryneRegNet,1,1,,0,0,0,1,1,0,-196.83,3,0,0,0,0,0,0,,,,0,0,0,0,,,5,0,0,,0,
2444,0.276438,cg2502,fur,cg0133,cg0133,0,sampled_negative,unknown,0,0,0,0,0,,,0,0,0,0,,0,0,OP_cg0133,1,2,0,1,6,0.4167,-15.23,1,0,0,0,0,0,0,,,,0,0,0,0,,,5,0,0,,0,
2445,0.275154,cg0463,csoR,cg2446,glnE,0,sampled_negative,unknown,0,0,0,0,0,,,0,0,0,0,,0,0,OP_cg2447,1,2,0,1,13,0.931,-13.25,0,0,0,0,0,0,0,,,,0,0,0,0,,,5,0,0,,0,
2446,0.275154,cg0695,whiB3,cg2446,glnE,0,sampled_negative,unknown,0,0,0,0,0,,,0,0,0,0,,0,0,OP_cg2447,1,2,0,1,13,0.931,-13.25,0,0,0,0,0,0,0,,,,0,0,0,0,,,5,0,0,,0,
2447,0.274779,cg2500,znR,cg1685,tatX,0,sampled_negative,unknown,0,0,0,0,0,,,0,0,0,0,,0,0,OP_cg1689,1,7,0,1,1,0.9884,-17.31,2,0,0,0,0,0,0,,,,0,0,0,0,,,5,0,0,,0,
2448,0.274779,cg0565,gabR,cg1685,tatX,0,sampled_negative,unknown,0,0,0,0,0,,,0,0,0,0,,0,0,OP_cg1689,1,7,0,1,1,0.9884,-17.31,2,0,0,0,0,0,0,,,,0,0,0,0,,,5,0,0,,0,
2449,0.274577,cg2894,cg2894,cg2895,cg2895,1,curated_positive,R,0,1,0,0,0,,predicted,0.05,0,0,0,CoryneRegNet,1,1,,0,0,0,1,5,0.2391,-14.11,1,0,0,0,0,0,0,,,,0,0,0,0,,,5,0,0,,0,
2450,0.274368,cg2109,oxyR,cg2086,dut,0,sampled_negative,unknown,0,0,0,0,0,,,0,0,0,0,,0,0,OP_cg2086,1,2,0,1,6,0.1585,-21.48,3,0,0,0,0,0,0,,,,0,0,0,0,,,5,0,0,,0,
2451,0.274197,cg1831,cg1831,cg1834,cg1834,1,curated_positive,R,0,1,0,0,0,,predicted,0.05,0,0,0,CoryneRegNet,1,1,OP_cg1832,1,3,0,1,13,0.7674,-27.53,0,0,0,0,0,0,0,,,,0,0,0,0,,,5,0,0,,0,
2452,0.273988,cg3253,mcbR,cg1320,lipP,0,sampled_negative,unknown,0,0,0,0,0,,,0,0,0,0,,0,0,OP_cg1320,1,2,0,1,12,0.9627,-28.68,0,0,0,0,0,0,0,,,,0,0,0,0,,,5,0,0,,0,
2453,0.273753,cg1704,cg1704,cg0957,fas-IB,0,sampled_negative,unknown,0,0,0,0,0,,,0,0,0,0,,0,0,,0,0,0,1,2,0.4438,-8.72,2,0,0,0,0,0,0,,,,0,0,0,0,,,5,0,0,,0,
2454,0.273475,cg2500,znR,cg2090,suhB,0,sampled_negative,unknown,0,0,0,0,0,,,0,0,0,0,,0,0,,0,0,0,1,5,0.6045,-15.88,5,0,0,0,0,0,0,,,,0,0,0,0,,,5,0,0,,0,
2455,0.272466,cg0696,sigD,cg3240,cg3240,0,sampled_negative,unknown,0,0,0,0,0,,,0,0,0,0,,0,0,,0,0,0,1,4,0.9528,-11.9,1,0,0,0,0,0,0,,,,0,0,0,0,,,5,0,0,,0,
2456,0.271990,cg1486,ltbR,cg1163,xseA,0,sampled_negative,unknown,0,0,0,0,0,,,0,0,0,0,,0,0,OP_cg1163,1,2,0,1,5,0.09773,-13.4,1,0,0,0,0,0,0,,,,0,0,0,0,,,5,0,0,,0,
2457,0.271828,cg0156,cysR,cg2154,pgsA2,0,sampled_negative,unknown,0,0,0,0,0,,,0,0,0,0,,0,0,OP_cg2154,1,2,0,1,7,0.4812,-20.36,1,0,0,0,0,0,0,,,,0,0,0,0,,,5,0,0,,0,
2458,0.271828,cg0527,glyR,cg2154,pgsA2,0,sampled_negative,unknown,0,0,0,0,0,,,0,0,0,0,,0,0,OP_cg2154,1,2,0,1,7,0.4812,-20.36,1,0,0,0,0,0,0,,,,0,0,0,0,,,5,0,0,,0,
2459,0.271118,cg0876,sigH,cg0378,cg0378,1,curated_positive,unknown,0,0,1,0,0,,predicted,0.2,0,1,1,CoryneRegNet,1,1,,0,0,0,1,2,0.931,-14.45,6,0,0,0,0,0,0,,,,0,0,0,0,,,5,0,0,,0,
2460,0.271118,cg2831,ramA,cg0378,cg0378,0,sampled_negative,unknown,0,0,0,0,0,,,0,0,0,0,,0,0,,0,0,0,1,2,0.931,-14.45,6,0,0,0,0,0,0,,,,0,0,0,0,,,5,0,0,,0,
2461,0.270901,cg2544,gntR3,cg3432,rpmH,0,sampled_negative,unknown,0,0,0,0,0,,,0,0,0,0,,0,0,OP_cg3432,1,2,0,1,2,0.09784,-12.56,2,0,0,0,0,0,0,,,,0,0,0,0,,,5,0,0,,0,
2462,0.270030,cg3420,sigM,cg0317,arsR2,0,sampled_negative,unknown,0,0,0,0,0,,,0,0,0,0,,0,0,,0,0,0,1,6,0.6558,-7.73,1,0,0,0,0,0,0,,,,0,0,0,0,,,5,0,0,,0,
2463,0.267835,cg2114,lexA,cg2279,cg2279,1,curated_positive,R,0,1,0,0,0,,experimental,0.75,1,1,1,CoryneRegNet,1,1,OP_cg2277,1,2,0,1,4,0.1187,-21.87,2,0,0,0,0,0,0,,,,0,0,0,0,,,5,0,0,,0,
2464,0.267835,cg2268,cg2268,cg2279,cg2279,0,sampled_negative,unknown,0,0,0,0,0,,,0,0,0,0,,0,0,OP_cg2277,1,2,0,1,4,0.1187,-21.87,2,0,0,0,0,0,0,,,,0,0,0,0,,,5,0,0,,0,
2465,0.267835,cg2500,znR,cg2279,cg2279,0,sampled_negative,unknown,0,0,0,0,0,,,0,0,0,0,,0,0,OP_cg2277,1,2,0,1,4,0.1187,-21.87,2,0,0,0,0,0,0,,,,0,0,0,0,,,5,0,0,,0,
2466,0.267835,cg1340,arnR,cg2279,cg2279,0,sampled_negative,unknown,0,0,0,0,0,,,0,0,0,0,,0,0,OP_cg2277,1,2,0,1,4,0.1187,-21.87,2,0,0,0,0,0,0,,,,0,0,0,0,,,5,0,0,,0,
2467,0.266549,cg3285,cgtR9(copR),cg3248,cgtS11,0,sampled_negative,unknown,0,0,0,0,0,,,0,0,0,0,,0,0,,0,0,0,1,8,0.8219,-8.56,2,0,0,0,0,0,0,,,,0,0,0,0,,,5,0,0,,0,
2468,0.266549,cg3261,cg3261,cg3248,cgtS11,0,sampled_negative,unknown,0,0,0,0,0,,,0,0,0,0,,0,0,,0,0,0,1,8,0.8219,-8.56,2,0,0,0,0,0,0,,,,0,0,0,0,,,5,0,0,,0,
2469,0.266511,cg1271,sigE,cg1266,rrmA,1,curated_positive,unknown,0,0,1,0,0,,predicted,0.2,0,1,1,CoryneRegNet,1,1,,0,0,0,1,10,0.5249,-21.32,1,0,0,0,0,0,0,,,,0,0,0,0,,,5,0,0,,0,
2470,0.266511,cg0337,whiB4(whcA),cg1266,cg1266,0,sampled_negative,unknown,0,0,0,0,0,,,0,0,0,0,,0,0,,0,0,0,1,10,0.5249,-21.32,1,0,0,0,0,0,0,,,,0,0,0,0,,,5,0,0,,0,
2471,0.266511,cg1053,cg1053,cg1266,cg1266,0,sampled_negative,unknown,0,0,0,0,0,,,0,0,0,0,,0,0,,0,0,0,1,10,0.5249,-21.32,1,0,0,0,0,0,0,,,,0,0,0,0,,,5,0,0,,0,
2472,0.266230,cg3315,malR,cg0860,sahH,0,sampled_negative,unknown,0,0,0,0,0,,,0,0,0,0,,0,0,OP_cg0860,1,8,0,1,1,0.2695,-8.73,3,0,0,0,0,0,0,,,,0,0,0,0,,,5,0,0,,0,
2473,0.266013,cg0876,sigH,cg1360,cg1360,1,curated_positive,unknown,0,0,1,0,0,,predicted,0.05,0,0,0,CoryneRegNet,1,1,OP_cg1354,1,6,0,1,3,0.8519,-13.82,1,0,0,0,0,0,0,,,,0,0,0,0,,,5,0,0,,0,
2474,0.266013,cg0350,glxR,cg1360,cg1360,0,sampled_negative,unknown,0,0,0,0,0,,,0,0,0,0,,0,0,OP_cg1354,1,6,0,1,3,0.8519,-13.82,1,0,0,0,0,0,0,,,,0,0,0,0,,,5,0,0,,0,
2475,0.263237,cg0876,sigH,cg2514,cg2514,1,curated_positive,unknown,0,0,1,0,0,,predicted,0.05,0,0,0,CoryneRegNet,1,1,OP_cg2517,1,11,0,1,5,0.9558,-7.62,1,0,0,0,0,0,0,,,,0,0,0,0,,,5,0,0,,0,
2476,0.263104,cg2115,cg2115,cg2262,ftsY,1,curated_positive,R,0,1,0,0,0,,predicted,0.2,0,1,1,CoryneRegNet,1,1,,0,0,0,1,3,0.2793,-19.01,1,0,0,0,0,0,0,,,,0,0,0,0,,,5,0,0,,0,
2477,0.263104,cg0313,lrp,cg2262,ftsY,0,sampled_negative,unknown,0,0,0,0,0,,,0,0,0,0,,0,0,,0,0,0,1,3,0.2793,-19.01,1,0,0,0,0,0,0,,,,0,0,0,0,,,5,0,0,,0,
2478,0.260351,cg1935,gntR2,cg1845,cg1845,0,sampled_negative,unknown,0,0,0,0,0,,,0,0,0,0,,0,0,OP_cg1845,1,2,0,1,2,0.14,-19.83,2,0,0,0,0,0,0,,,,0,0,0,0,,,5,0,0,,0,
2479,0.257397,cg1547,ccpA1(uriR),cg0324,mnhD,0,sampled_negative,unknown,0,0,0,0,0,,,0,0,0,0,,0,0,OP_cg0326,1,6,0,1,3,0.6611,-10.78,2,0,0,0,0,0,0,,,,0,0,0,0,,,5,0,0,,0,
2480,0.256947,cg0196,iolR,cg1116,tdcB,0,sampled_negative,unknown,0,0,0,0,0,,,0,0,0,0,,0,0,,0,0,0,1,3,0.9545,-22.99,2,0,0,0,0,0,0,,,,0,0,0,0,,,5,0,0,,0,
2481,0.256662,cg2936,nanR,cg0005,recF,0,sampled_negative,unknown,0,0,0,0,0,,,0,0,0,0,,0,0,OP_cg0004,1,4,0,1,2,0.4355,-19.08,3,0,0,0,0,0,0,,,,0,0,0,0,,,5,0,0,,0,
2482,0.256662,cg2109,oxyR,cg0005,recF,0,sampled_negative,unknown,0,0,0,0,0,,,0,0,0,0,,0,0,OP_cg0004,1,4,0,1,2,0.4355,-19.08,3,0,0,0,0,0,0,,,,0,0,0,0,,,5,0,0,,0,
2483,0.256662,cg1861,rel(relA),cg0005,recF,0,sampled_negative,unknown,0,0,0,0,0,,,0,0,0,0,,0,0,OP_cg0004,1,4,0,1,2,0.4355,-19.08,3,0,0,0,0,0,0,,,,0,0,0,0,,,5,0,0,,0,
2484,0.255878,cg0702,cg0702,cg0603,rpmC,0,sampled_negative,unknown,0,0,0,0,0,,,0,0,0,0,,0,0,OP_cg0593,1,11,0,0,,,,0,0,0,0,0,0,0,,,,0,0,0,0,,,8,0,0,,0,
2485,0.255852,cg1552,qorR,cg1027,dld,0,sampled_negative,unknown,0,0,0,0,0,,,0,0,0,0,,0,0,,0,0,0,1,1,0,-94.89,3,0,0,0,0,0,0,,,,0,0,0,0,,,5,0,0,,0,
2486,0.255755,cg0876,sigH,cg1801,rpe,0,sampled_negative,unknown,0,0,0,0,0,,,0,0,0,0,,0,0,OP_cg1804,1,8,0,1,3,0.9224,-18.79,1,0,0,0,0,0,0,,,,0,0,0,0,,,5,0,0,,0,
2487,0.255755,cg2152,clgR,cg1801,rpe,0,sampled_negative,unknown,0,0,0,0,0,,,0,0,0,0,,0,0,OP_cg1804,1,8,0,1,3,0.9224,-18.79,1,0,0,0,0,0,0,,,,0,0,0,0,,,5,0,0,,0,
2488,0.255215,cg3247,cgtR11,cg0523,cg0523,1,curated_positive,R,0,1,0,0,0,,experimental,0.75,1,1,1,CoryneRegNet,1,1,OP_cg0516,1,8,0,1,9,0.8401,-10.95,1,0,0,0,0,0,0,,,,0,0,0,0,,,5,0,0,,0,
2489,0.255215,cg0500,qsuR,cg0523,cg0523,0,sampled_negative,unknown,0,0,0,0,0,,,0,0,0,0,,0,0,OP_cg0516,1,8,0,1,9,0.8401,-10.95,1,0,0,0,0,0,0,,,,0,0,0,0,,,5,0,0,,0,
2490,0.255215,cg0019,cg0019,cg0523,cg0523,0,sampled_negative,unknown,0,0,0,0,0,,,0,0,0,0,,0,0,OP_cg0516,1,8,0,1,9,0.8401,-10.95,1,0,0,0,0,0,0,,,,0,0,0,0,,,5,0,0,,0,
2491,0.255215,cg0979,cg0979,cg0523,cg0523,0,sampled_negative,unknown,0,0,0,0,0,,,0,0,0,0,,0,0,OP_cg0516,1,8,0,1,9,0.8401,-10.95,1,0,0,0,0,0,0,,,,0,0,0,0,,,5,0,0,,0,
2492,0.254972,cg2103,dtxR,cg1998,cglIIR,1,curated_positive,R,0,1,0,0,0,,experimental,0.75,1,1,1,CoryneRegNet,1,1,OP_cg1996,1,3,0,1,4,0.1292,-22.16,2,0,0,0,0,0,0,,,,0,0,0,0,,,5,0,0,,0,
2493,0.254972,cg2112,cg2112,cg1998,cglIIR,0,sampled_negative,unknown,0,0,0,0,0,,,0,0,0,0,,0,0,OP_cg1996,1,3,0,1,4,0.1292,-22.16,2,0,0,0,0,0,0,,,,0,0,0,0,,,5,0,0,,0,
2494,0.254092,cg0876,sigH,cg1272,cg1272,1,curated_positive,unknown,0,0,1,0,0,,predicted,0.2,0,1,1,CoryneRegNet,1,1,,0,0,0,1,9,0.9186,-12.68,3,0,0,0,0,0,0,,,,0,0,0,0,,,5,0,0,,0,
2495,0.254092,cg1861,rel,cg1272,cg1272,1,curated_positive,A,1,0,0,0,0,,predicted,0.05,0,0,0,CoryneRegNet,1,1,,0,0,0,1,9,0.9186,-12.68,3,0,0,0,0,0,0,,,,0,0,0,0,,,5,0,0,,0,
2496,0.254092,cg0313,lrp,cg1272,cseE,0,sampled_negative,unknown,0,0,0,0,0,,,0,0,0,0,,0,0,,0,0,0,1,9,0.9186,-12.68,3,0,0,0,0,0,0,,,,0,0,0,0,,,5,0,0,,0,
2497,0.252942,cg0876,sigH,cg1355,prfA,1,curated_positive,unknown,0,0,1,0,0,,predicted,0.05,0,0,0,CoryneRegNet,1,1,OP_cg1354,1,6,0,1,11,0.9294,-14.52,0,0,0,0,0,0,0,,,,0,0,0,0,,,5,0,0,,0,
2498,0.252942,cg2114,cg2114,cg1355,prfA,0,sampled_negative,unknown,0,0,0,0,0,,,0,0,0,0,,0,0,OP_cg1354,1,6,0,1,11,0.9294,-14.52,0,0,0,0,0,0,0,,,,0,0,0,0,,,5,0,0,,0,
2499,0.252234,cg2092,sigA,cg0512,hemB,0,sampled_negative,unknown,0,0,0,0,0,,,0,0,0,0,,0,0,OP_cg0512,1,2,0,1,2,0.113,-17.88,2,0,0,0,0,0,0,,,,0,0,0,0,,,5,0,0,,0,
2500,0.252228,cg2516,hrcA,cg0414,wzz,0,sampled_negative,unknown,0,0,0,0,0,,,0,0,0,0,,0,0,OP_cg0414,1,2,0,1,6,0.241,-17.67,1,0,0,0,0,0,0,,,,0,0,0,0,,,5,0,0,,0,
2501,0.250450,cg2831,ramA,cg1462,entC,0,sampled_negative,unknown,0,0,0,0,0,,,0,0,0,0,,0,0,,0,0,0,1,8,0.6304,-16.9,4,0,0,0,0,0,0,,,,0,0,0,0,,,5,0,0,,0,
2502,0.250393,cg2102,sigB,cg3340,dadA,0,sampled_negative,unknown,0,0,0,0,0,,,0,0,0,0,,0,0,,0,0,0,1,10,0.3925,-19.04,1,0,0,0,0,0,0,,,,0,0,0,0,,,5,0,0,,0,
2503,0.249814,cg1410,rbsR,cg0180,maa,0,sampled_negative,unknown,0,0,0,0,0,,,0,0,0,0,,0,0,,0,0,0,1,4,0.1295,-27.99,6,0,0,0,0,0,0,,,,0,0,0,0,,,5,0,0,,0,
2504,0.248187,cg3373,cg3373,cg1308,rhcR,0,sampled_negative,unknown,0,0,0,0,0,,,0,0,0,0,,0,0,,0,0,0,1,12,0.6138,-14.04,0,0,0,0,0,0,0,,,,0,0,0,0,,,5,0,0,,0,
2505,0.248187,cg0897,pdxR,cg1308,rhcR,0,sampled_negative,unknown,0,0,0,0,0,,,0,0,0,0,,0,0,,0,0,0,1,12,0.6138,-14.04,0,0,0,0,0,0,0,,,,0,0,0,0,,,5,0,0,,0,
2506,0.247049,cg0444,ramB,cg0403,rmlB1,0,sampled_negative,unknown,0,0,0,0,0,,,0,0,0,0,,0,0,OP_cg0403,1,3,0,1,5,0.05676,-16.63,2,0,0,0,0,0,0,,,,0,0,0,0,,,5,0,0,,0,
2507,0.247014,cg2910,ipsA,cg0796,prpD1,0,sampled_negative,unknown,0,0,0,0,0,,,0,0,0,0,,0,0,OP_cg0796,1,3,0,1,13,0.9357,-18.64,0,0,0,0,0,0,0,,,,0,0,0,0,,,5,0,0,,0,
2508,0.246823,cg1935,gntR2,cg2631,pcaH,0,sampled_negative,unknown,0,0,0,0,0,,,0,0,0,0,,0,0,OP_cg2631,1,4,0,1,9,0.2205,-17.81,1,0,0,0,0,0,0,,,,0,0,0,0,,,5,0,0,,0,
2509,0.246651,cg0444,ramB,cg1531,rpsA,0,sampled_negative,unknown,0,0,0,0,0,,,0,0,0,0,,0,0,,0,0,0,1,7,0.9289,-23.07,3,0,0,0,0,0,0,,,,0,0,0,0,,,5,0,0,,0,
2510,0.246446,cg1340,arnR,cg2285,hipO,0,sampled_negative,unknown,0,0,0,0,0,,,0,0,0,0,,0,0,OP_cg2284,1,2,0,1,2,0.9254,-7.99,3,0,0,0,0,0,0,,,,0,0,0,0,,,5,0,0,,0,
2511,0.246182,cg2965,cg2965,cg0873,aroA,0,sampled_negative,unknown,0,0,0,0,0,,,0,0,0,0,,0,0,OP_cg0873,1,2,0,1,6,0.9174,-17.24,4,0,0,0,0,0,0,,,,0,0,0,0,,,5,0,0,,0,
2512,0.244061,cg2118,fruR,cg0978,cg0978,0,sampled_negative,unknown,0,0,0,0,0,,,0,0,0,0,,0,0,OP_cg0979,1,3,0,1,15,0.905,-6.2,0,0,0,0,0,0,0,,,,0,0,0,0,,,5,0,0,,0,
2513,0.244061,cg0156,cysR,cg0978,cg0978,0,sampled_negative,unknown,0,0,0,0,0,,,0,0,0,0,,0,0,OP_cg0979,1,3,0,1,15,0.905,-6.2,0,0,0,0,0,0,0,,,,0,0,0,0,,,5,0,0,,0,
2514,0.244061,cg0012,ssuR,cg0978,cg0978,0,sampled_negative,unknown,0,0,0,0,0,,,0,0,0,0,,0,0,OP_cg0979,1,3,0,1,15,0.905,-6.2,0,0,0,0,0,0,0,,,,0,0,0,0,,,5,0,0,,0,
2515,0.243890,cg3224,lldR,cg2591,dkgA,0,sampled_negative,unknown,0,0,0,0,0,,,0,0,0,0,,0,0,,0,0,0,1,12,0.9894,-7.98,0,0,0,0,0,0,0,,,,0,0,0,0,,,5,0,0,,0,
2516,0.243824,cg0878,whiB1(whcE),cg1492,gpsA,0,sampled_negative,unknown,0,0,0,0,0,,,0,0,0,0,,0,0,OP_cg1492,1,2,0,1,8,0.2702,-26.91,3,0,0,0,0,0,0,,,,0,0,0,0,,,5,0,0,,0,
2517,0.241022,cg0019,cg0019,cg0737,cg0737,0,sampled_negative,unknown,0,0,0,0,0,,,0,0,0,0,,0,0,OP_cg0737,1,3,0,1,11,0.9557,-33.38,0,0,0,0,0,0,0,,,,0,0,0,0,,,5,0,0,,0,
2518,0.241022,cg2102,sigB,cg0737,cg0737,0,sampled_negative,unknown,0,0,0,0,0,,,0,0,0,0,,0,0,OP_cg0737,1,3,0,1,11,0.9557,-33.38,0,0,0,0,0,0,0,,,,0,0,0,0,,,5,0,0,,0,
2519,0.240520,cg0725,cg0725,cg0721,crtB2,1,curated_positive,R,0,1,0,0,0,,experimental,0.75,1,1,1,CoryneRegNet,1,1,OP_cg0722,1,6,0,1,1,0.03566,-23.28,6,0,0,0,0,0,0,,,,0,0,0,0,,,5,0,0,,0,
2520,0.240520,cg3373,cg3373,cg0721,crtB2,0,sampled_negative,unknown,0,0,0,0,0,,,0,0,0,0,,0,0,OP_cg0722,1,6,0,1,1,0.03566,-23.28,6,0,0,0,0,0,0,,,,0,0,0,0,,,5,0,0,,0,
2521,0.240180,cg1032,cg1032,cg0061,rodA,0,sampled_negative,unknown,0,0,0,0,0,,,0,0,0,0,,0,0,OP_cg0064,1,7,0,1,3,0.8463,-21.86,5,0,0,0,0,0,0,,,,0,0,0,0,,,5,0,0,,0,
2522,0.240180,cg0993,cg0993,cg0061,rodA,0,sampled_negative,unknown,0,0,0,0,0,,,0,0,0,0,,0,0,OP_cg0064,1,7,0,1,3,0.8463,-21.86,5,0,0,0,0,0,0,,,,0,0,0,0,,,5,0,0,,0,
2523,0.238727,cg0741,sirR(mntR),cg3058,tnp8b(ISCg8a),0,sampled_negative,unknown,0,0,0,0,0,,,0,0,0,0,,0,0,OP_cg3059,1,2,0,1,2,0.9894,-11.61,2,0,0,0,0,0,0,,,,0,0,0,0,,,5,0,0,,0,
2524,0.238313,cg3352,genR(nagR),cg0788,pmmB,0,sampled_negative,unknown,0,0,0,0,0,,,0,0,0,0,,0,0,,0,0,0,1,1,0,-141.34,3,0,0,0,0,0,0,,,,0,0,0,0,,,5,0,0,,0,
2525,0.238313,cg0215,cspA,cg0788,pmmB,0,sampled_negative,unknown,0,0,0,0,0,,,0,0,0,0,,0,0,,0,0,0,1,1,0,-141.34,3,0,0,0,0,0,0,,,,0,0,0,0,,,5,0,0,,0,
2526,0.237918,cg2115,cg2115,cg1283,aroE2,1,curated_positive,R,0,1,0,0,0,,predicted,0.2,0,1,1,CoryneRegNet,1,1,,0,0,0,1,8,0.3837,-19.67,2,0,0,0,0,0,0,,,,0,0,0,0,,,5,0,0,,0,
2527,0.237918,cg3253,mcbR,cg1283,aroE2,0,sampled_negative,unknown,0,0,0,0,0,,,0,0,0,0,,0,0,,0,0,0,1,8,0.3837,-19.67,2,0,0,0,0,0,0,,,,0,0,0,0,,,5,0,0,,0,
2528,0.235988,cg0876,sigH,cg2206,ispG,1,curated_positive,unknown,0,0,1,0,0,,experimental,0.75,1,1,2,CoryneRegNet,1,1,OP_cg2208,1,3,0,1,2,0.6998,-20.37,3,0,0,0,0,0,0,,,,0,0,0,0,,,5,0,0,,0,
2529,0.235988,cg3239,cg3239,cg2206,ispG,0,sampled_negative,unknown,0,0,0,0,0,,,0,0,0,0,,0,0,OP_cg2208,1,3,0,1,2,0.6998,-20.37,3,0,0,0,0,0,0,,,,0,0,0,0,,,5,0,0,,0,
2530,0.235988,cg3261,cg3261,cg2206,ispG,0,sampled_negative,unknown,0,0,0,0,0,,,0,0,0,0,,0,0,OP_cg2208,1,3,0,1,2,0.6998,-20.37,3,0,0,0,0,0,0,,,,0,0,0,0,,,5,0,0,,0,
2531,0.235858,cg2942,cg2942,cg3239,cg3239,0,sampled_negative,unknown,0,0,0,0,0,,,0,0,0,0,,0,0,,0,0,0,1,9,0.9028,-13.44,2,0,0,0,0,0,0,,,,0,0,0,0,,,5,0,0,,0,
2532,0.233851,cg0876,sigH,cg1288,cg1288,1,curated_positive,unknown,0,0,1,0,0,,experimental,0.75,1,1,1,CoryneRegNet,1,1,OP_cg1288,1,2,0,1,1,0.8785,-14.71,11,0,0,0,0,0,0,,,,0,0,0,0,,,5,0,0,,0,
2533,0.233132,cg0702,cg0702,cg2873,ptrB,0,sampled_negative,unknown,0,0,0,0,0,,,0,0,0,0,,0,0,,0,0,0,1,6,0.9198,-11.53,1,0,0,0,0,0,0,,,,0,0,0,0,,,5,0,0,,0,
2534,0.233055,cg2115,cg2115,cg1284,lipT,1,curated_positive,R,0,1,0,0,0,,predicted,0.2,0,1,1,CoryneRegNet,1,1,OP_cg1284,1,2,0,1,3,0.1961,-21.95,2,0,0,0,0,0,0,,,,0,0,0,0,,,5,0,0,,0,
2535,0.232930,cg3352,genR(nagR),cg2907,otsA,0,sampled_negative,unknown,0,0,0,0,0,,,0,0,0,0,,0,0,OP_cg2906,1,3,0,1,6,0.9177,-8.28,2,0,0,0,0,0,0,,,,0,0,0,0,,,5,0,0,,0,
2536,0.232472,cg0156,cysR,cg2388,pknL,0,sampled_negative,unknown,0,0,0,0,0,,,0,0,0,0,,0,0,OP_cg2388,1,2,0,1,7,0.9103,-9.41,1,0,0,0,0,0,0,,,,0,0,0,0,,,5,0,0,,0,
2537,0.232290,cg0979,cg0979,cg3392,idhA2,0,sampled_negative,unknown,0,0,0,0,0,,,0,0,0,0,,0,0,OP_cg3389,1,4,0,1,7,0.9343,-20.03,1,0,0,0,0,0,0,,,,0,0,0,0,,,5,0,0,,0,
2538,0.232290,cg0019,cg0019,cg3392,idhA2,0,sampled_negative,unknown,0,0,0,0,0,,,0,0,0,0,,0,0,OP_cg3389,1,4,0,1,7,0.9343,-20.03,1,0,0,0,0,0,0,,,,0,0,0,0,,,5,0,0,,0,
2539,0.231538,cg0337,whiB4,cg1216,nadA,1,curated_positive,R,0,1,0,0,0,,predicted,0.2,0,1,1,CoryneRegNet,1,1,OP_cg1218,1,4,0,1,9,0.744,-13.92,2,0,0,0,0,0,0,,,,0,0,0,0,,,5,0,0,,0,
2540,0.231538,cg0876,sigH,cg1216,nadA,1,curated_positive,unknown,0,0,1,0,0,,predicted,0.2,0,1,1,CoryneRegNet,1,1,OP_cg1218,1,4,0,1,9,0.744,-13.92,2,0,0,0,0,0,0,,,,0,0,0,0,,,5,0,0,,0,
2541,0.231538,cg1585,argR,cg1216,nadA,0,sampled_negative,unknown,0,0,0,0,0,,,0,0,0,0,,0,0,OP_cg1218,1,4,0,1,9,0.744,-13.92,2,0,0,0,0,0,0,,,,0,0,0,0,,,5,0,0,,0,
2542,0.231538,cg2936,nanR,cg1216,nadA,0,sampled_negative,unknown,0,0,0,0,0,,,0,0,0,0,,0,0,OP_cg1218,1,4,0,1,9,0.744,-13.92,2,0,0,0,0,0,0,,,,0,0,0,0,,,5,0,0,,0,
2543,0.230830,cg3202,farR,cg3049,fprA,0,sampled_negative,unknown,0,0,0,0,0,,,0,0,0,0,,0,0,,0,0,0,1,4,0.2725,-22.6,3,0,0,0,0,0,0,,,,0,0,0,0,,,5,0,0,,0,
2544,0.230830,cg0215,cspA,cg3049,fprA,0,sampled_negative,unknown,0,0,0,0,0,,,0,0,0,0,,0,0,,0,0,0,1,4,0.2725,-22.6,3,0,0,0,0,0,0,,,,0,0,0,0,,,5,0,0,,0,
2545,0.229878,cg2502,fur,cg3275,fdxA,0,sampled_negative,unknown,0,0,0,0,0,,,0,0,0,0,,0,0,,0,0,0,1,15,0.5921,-20.24,0,0,0,0,0,0,0,,,,0,0,0,0,,,5,0,0,,0,
2546,0.229617,cg0876,sigH,cg1366,atpA,1,curated_positive,unknown,0,0,1,0,0,,experimental + predicted,0.75,1,1,2,CoryneRegNet,1,1,OP_cg1362,1,8,0,1,4,0.7545,-19.22,1,0,0,0,0,0,0,,,,0,0,0,0,,,5,0,0,,0,
2547,0.229617,cg1648,cg1648,cg1366,atpA,0,sampled_negative,unknown,0,0,0,0,0,,,0,0,0,0,,0,0,OP_cg1362,1,8,0,1,4,0.7545,-19.22,1,0,0,0,0,0,0,,,,0,0,0,0,,,5,0,0,,0,
2548,0.229617,cg1211,oasR,cg1366,atpA,0,sampled_negative,unknown,0,0,0,0,0,,,0,0,0,0,,0,0,OP_cg1362,1,8,0,1,4,0.7545,-19.22,1,0,0,0,0,0,0,,,,0,0,0,0,,,5,0,0,,0,
2549,0.228022,cg0309,sigC,cg1943,cg1943,0,sampled_negative,unknown,0,0,0,0,0,,,0,0,0,0,,0,0,,0,0,0,1,2,2.694e-06,-40.44,1,0,0,0,0,0,0,,,,0,0,0,0,,,5,0,0,,0,
2550,0.227488,cg0313,lrp,cg0422,murA,0,sampled_negative,unknown,0,0,0,0,0,,,0,0,0,0,,0,0,OP_cg0422,1,3,0,1,2,0.01184,-17.73,1,0,0,0,0,0,0,,,,0,0,0,0,,,5,0,0,,0,
2551,0.226229,cg1738,acnR,cg0610,rplE,0,sampled_negative,unknown,0,0,0,0,0,,,0,0,0,0,,0,0,OP_cg0608,1,3,0,1,2,0.7602,-18.75,1,0,0,0,0,0,0,,,,0,0,0,0,,,5,0,0,,0,
2552,0.226229,cg0350,glxR,cg0610,rplE,0,sampled_negative,unknown,0,0,0,0,0,,,0,0,0,0,,0,0,OP_cg0608,1,3,0,1,2,0.7602,-18.75,1,0,0,0,0,0,0,,,,0,0,0,0,,,5,0,0,,0,
2553,0.226225,cg1792,whiA,cg0563,rplK,0,sampled_negative,unknown,0,0,0,0,0,,,0,0,0,0,,0,0,OP_cg0563,1,2,0,1,6,0.4503,-12.86,2,0,0,0,0,0,0,,,,0,0,0,0,,,5,0,0,,0,
2554,0.225628,cg2103,dtxR,cg0149,panB,0,sampled_negative,unknown,0,0,0,0,0,,,0,0,0,0,,0,0,OP_cg0149,1,2,0,1,11,0.8713,-6.71,0,0,0,0,0,0,0,,,,0,0,0,0,,,5,0,0,,0,
2555,0.225628,cg3373,cg3373,cg0149,panB,0,sampled_negative,unknown,0,0,0,0,0,,,0,0,0,0,,0,0,OP_cg0149,1,2,0,1,11,0.8713,-6.71,0,0,0,0,0,0,0,,,,0,0,0,0,,,5,0,0,,0,
2556,0.225520,cg3202,farR,cg0898,cg0898,0,sampled_negative,unknown,0,0,0,0,0,,,0,0,0,0,,0,0,OP_cg0898,1,2,0,1,7,0.3847,-23.39,2,0,0,0,0,0,0,,,,0,0,0,0,,,5,0,0,,0,
2557,0.225520,cg1032,cg1032,cg0898,cg0898,0,sampled_negative,unknown,0,0,0,0,0,,,0,0,0,0,,0,0,OP_cg0898,1,2,0,1,7,0.3847,-23.39,2,0,0,0,0,0,0,,,,0,0,0,0,,,5,0,0,,0,
2558,0.225328,cg2112,cg2112,cg0299,cobQ,0,sampled_negative,unknown,0,0,0,0,0,,,0,0,0,0,,0,0,OP_cg0302,1,3,0,1,6,0.481,-20.73,2,0,0,0,0,0,0,,,,0,0,0,0,,,5,0,0,,0,
2559,0.225328,cg1704,cg1704,cg0299,cobQ,0,sampled_negative,unknown,0,0,0,0,0,,,0,0,0,0,,0,0,OP_cg0302,1,3,0,1,6,0.481,-20.73,2,0,0,0,0,0,0,,,,0,0,0,0,,,5,0,0,,0,
2560,0.224718,cg2831,ramA,cg2950,radA,0,sampled_negative,unknown,0,0,0,0,0,,,0,0,0,0,,0,0,OP_cg2950,1,2,0,1,3,0.9234,-17.75,2,0,0,0,0,0,0,,,,0,0,0,0,,,5,0,0,,0,
2561,0.224718,cg0741,sirR(mntR),cg2950,radA,0,sampled_negative,unknown,0,0,0,0,0,,,0,0,0,0,,0,0,OP_cg2950,1,2,0,1,3,0.9234,-17.75,2,0,0,0,0,0,0,,,,0,0,0,0,,,5,0,0,,0,
2562,0.224401,cg2115,cg2115,cg2833,cysK,1,curated_positive,R,0,1,0,0,0,,predicted,0.2,0,1,1,CoryneRegNet,1,1,,0,0,0,1,4,0.7573,-18.27,1,0,0,0,0,0,0,,,,0,0,0,0,,,5,0,0,,0,
2563,0.223882,cg2152,clgR,cg0997,cgtS2,0,sampled_negative,unknown,0,0,0,0,0,,,0,0,0,0,,0,0,OP_cg0996,1,4,0,1,10,0.8683,-13.43,1,0,0,0,0,0,0,,,,0,0,0,0,,,5,0,0,,0,
2564,0.223695,cg1765,sufR,cg2359,ileS,0,sampled_negative,unknown,0,0,0,0,0,,,0,0,0,0,,0,0,,0,0,0,1,1,0,-99.38,2,0,0,0,0,0,0,,,,0,0,0,0,,,5,0,0,,0,
2565,0.223695,cg2894,cg2894,cg2359,ileS,0,sampled_negative,unknown,0,0,0,0,0,,,0,0,0,0,,0,0,,0,0,0,1,1,0,-99.38,2,0,0,0,0,0,0,,,,0,0,0,0,,,5,0,0,,0,
2566,0.223309,cg2115,cg2115,cg3366,rmpA,1,curated_positive,R,0,1,0,0,0,,predicted,0.2,0,1,1,CoryneRegNet,1,1,OP_cg3366,1,2,0,1,3,0.05199,-15.25,1,0,0,0,0,0,0,,,,0,0,0,0,,,5,0,0,,0,
2567,0.223266,cg2114,lexA,cg1869,ruvB,1,curated_positive,R,0,1,0,0,0,,experimental,0.75,1,1,1,CoryneRegNet,1,1,OP_cg1871,1,3,0,1,3,0.2718,-5.99,1,0,0,0,0,0,0,,,,0,0,0,0,,,5,0,0,,0,
2568,0.223266,cg0371,cspA2,cg1869,ruvB,0,sampled_negative,unknown,0,0,0,0,0,,,0,0,0,0,,0,0,OP_cg1871,1,3,0,1,3,0.2718,-5.99,1,0,0,0,0,0,0,,,,0,0,0,0,,,5,0,0,,0,
2569,0.223266,cg2103,dtxR,cg1869,ruvB,0,sampled_negative,unknown,0,0,0,0,0,,,0,0,0,0,,0,0,OP_cg1871,1,3,0,1,3,0.2718,-5.99,1,0,0,0,0,0,0,,,,0,0,0,0,,,5,0,0,,0,
2570,0.223266,cg1831,cg1831,cg1869,ruvB,0,sampled_negative,unknown,0,0,0,0,0,,,0,0,0,0,,0,0,OP_cg1871,1,3,0,1,3,0.2718,-5.99,1,0,0,0,0,0,0,,,,0,0,0,0,,,5,0,0,,0,
2571,0.223266,cg2200,cgtR8,cg1869,ruvB,0,sampled_negative,unknown,0,0,0,0,0,,,0,0,0,0,,0,0,OP_cg1871,1,3,0,1,3,0.2718,-5.99,1,0,0,0,0,0,0,,,,0,0,0,0,,,5,0,0,,0,
2572,0.223266,cg0012,ssuR,cg1869,ruvB,0,sampled_negative,unknown,0,0,0,0,0,,,0,0,0,0,,0,0,OP_cg1871,1,3,0,1,3,0.2718,-5.99,1,0,0,0,0,0,0,,,,0,0,0,0,,,5,0,0,,0,
2573,0.223266,cg3097,hspR,cg1869,ruvB,0,sampled_negative,unknown,0,0,0,0,0,,,0,0,0,0,,0,0,OP_cg1871,1,3,0,1,3,0.2718,-5.99,1,0,0,0,0,0,0,,,,0,0,0,0,,,5,0,0,,0,
2574,0.223094,cg1032,cg1032,cg2985,hpt,0,sampled_negative,unknown,0,0,0,0,0,,,0,0,0,0,,0,0,OP_cg2987,1,12,0,1,1,0.323,-24.92,8,0,0,0,0,0,0,,,,0,0,0,0,,,5,0,0,,0,
2575,0.223094,cg3202,farR,cg2985,hpt,0,sampled_negative,unknown,0,0,0,0,0,,,0,0,0,0,,0,0,OP_cg2987,1,12,0,1,1,0.323,-24.92,8,0,0,0,0,0,0,,,,0,0,0,0,,,5,0,0,,0,
2576,0.222905,cg0012,ssuR,cg1550,uvrB,0,sampled_negative,unknown,0,0,0,0,0,,,0,0,0,0,,0,0,,0,0,0,1,1,0.0002526,-20.76,8,0,0,0,0,0,0,,,,0,0,0,0,,,5,0,0,,0,
2577,0.222905,cg2910,ipsA,cg1550,uvrB,0,sampled_negative,unknown,0,0,0,0,0,,,0,0,0,0,,0,0,,0,0,0,1,1,0.0002526,-20.76,8,0,0,0,0,0,0,,,,0,0,0,0,,,5,0,0,,0,
2578,0.222597,cg2894,cg2894,cg2916,ksdD,0,sampled_negative,unknown,0,0,0,0,0,,,0,0,0,0,,0,0,OP_cg2917,1,2,0,1,14,0.8734,-3.16,0,0,0,0,0,0,0,,,,0,0,0,0,,,5,0,0,,0,
2579,0.222451,cg2766,cg2766,cg0779,trpS,0,sampled_negative,unknown,0,0,0,0,0,,,0,0,0,0,,0,0,OP_cg0779,1,2,0,1,4,0.9587,-13.73,1,0,0,0,0,0,0,,,,0,0,0,0,,,5,0,0,,0,
2580,0.222294,cg1053,cg1053,cg0707,cgtS7,0,sampled_negative,unknown,0,0,0,0,0,,,0,0,0,0,,0,0,OP_cg0707,1,3,0,1,3,0.661,-17.43,6,0,0,0,0,0,0,,,,0,0,0,0,,,5,0,0,,0,
2581,0.222294,cg0454,cg0454,cg0707,cgtS7,0,sampled_negative,unknown,0,0,0,0,0,,,0,0,0,0,,0,0,OP_cg0707,1,3,0,1,3,0.661,-17.43,6,0,0,0,0,0,0,,,,0,0,0,0,,,5,0,0,,0,
2582,0.222158,cg1704,cg1704,cg2052,cg2052,0,sampled_negative,unknown,0,0,0,0,0,,,0,0,0,0,,0,0,,0,0,0,1,1,0,-188.17,1,0,0,0,0,0,0,,,,0,0,0,0,,,5,0,0,,0,
2583,0.221546,cg0565,gabR,cg3132,cg3132,0,sampled_negative,unknown,0,0,0,0,0,,,0,0,0,0,,0,0,,0,0,0,1,2,0.2008,-32.65,7,0,0,0,0,0,0,,,,0,0,0,0,,,5,0,0,,0,
2584,0.221546,cg3388,cg3388,cg3132,cg3132,0,sampled_negative,unknown,0,0,0,0,0,,,0,0,0,0,,0,0,,0,0,0,1,2,0.2008,-32.65,7,0,0,0,0,0,0,,,,0,0,0,0,,,5,0,0,,0,
2585,0.221262,cg3253,mcbR,cg3025,mrpC,0,sampled_negative,unknown,0,0,0,0,0,,,0,0,0,0,,0,0,OP_cg3024,1,6,0,1,9,0.3471,-13.32,1,0,0,0,0,0,0,,,,0,0,0,0,,,5,0,0,,0,
2586,0.219930,cg3247,cgtR11(hrrA),cg2776,dinG,0,sampled_negative,unknown,0,0,0,0,0,,,0,0,0,0,,0,0,OP_cg2775,1,2,0,1,1,0.0007663,-17.68,1,0,0,0,0,0,0,,,,0,0,0,0,,,5,0,0,,0,
2587,0.219407,cg2102,sigB,cg3330,cg3330,1,curated_positive,unknown,0,0,1,0,0,,predicted,0.2,0,1,1,CoryneRegNet,1,1,,0,0,0,1,12,0.4218,-12.71,0,0,0,0,0,0,0,,,,0,0,0,0,,,5,0,0,,0,
2588,0.219407,cg2783,cg2783,cg3330,cg3330,0,sampled_negative,unknown,0,0,0,0,0,,,0,0,0,0,,0,0,,0,0,0,1,12,0.4218,-12.71,0,0,0,0,0,0,0,,,,0,0,0,0,,,5,0,0,,0,
2589,0.217988,cg0709,cgtR7(esrR),cg0103,cg0103,0,sampled_negative,unknown,0,0,0,0,0,,,0,0,0,0,,0,0,,0,0,0,1,7,0.8219,-10.83,1,0,0,0,0,0,0,,,,0,0,0,0,,,5,0,0,,0,
2590,0.217988,cg0527,glyR,cg0103,cg0103,0,sampled_negative,unknown,0,0,0,0,0,,,0,0,0,0,,0,0,,0,0,0,1,7,0.8219,-10.83,1,0,0,0,0,0,0,,,,0,0,0,0,,,5,0,0,,0,
2591,0.217954,cg0876,sigH,cg2102,sigB,1,curated_positive,unknown,0,0,1,0,0,,experimental + predicted,0.75,1,1,3,CoryneRegNet,1,1,,0,0,0,1,3,0.9324,-17.02,2,0,0,0,0,0,0,,,,0,0,0,0,,,5,0,0,,0,
2592,0.217954,cg1861,rel,cg2102,sigB,1,curated_positive,A,1,0,0,0,0,,predicted,0.2,0,1,1,CoryneRegNet,1,1,,0,0,0,1,3,0.9324,-17.02,2,0,0,0,0,0,0,,,,0,0,0,0,,,5,0,0,,0,
2593,0.217736,cg0709,cgtR7(esrR),cg0160,cg0160,0,sampled_negative,unknown,0,0,0,0,0,,,0,0,0,0,,0,0,OP_cg0160,1,2,0,1,10,0.9496,-15.03,1,0,0,0,0,0,0,,,,0,0,0,0,,,5,0,0,,0,
2594,0.217736,cg0876,sigH,cg0160,cg0160,0,sampled_negative,unknown,0,0,0,0,0,,,0,0,0,0,,0,0,OP_cg0160,1,2,0,1,10,0.9496,-15.03,1,0,0,0,0,0,0,,,,0,0,0,0,,,5,0,0,,0,
2595,0.216373,cg0709,cgtR7(esrR),cg1871,ruvC,0,sampled_negative,unknown,0,0,0,0,0,,,0,0,0,0,,0,0,OP_cg1871,1,3,0,1,3,0.1144,-18.11,1,0,0,0,0,0,0,,,,0,0,0,0,,,5,0,0,,0,
2596,0.216019,cg2309,bioQ,cg1719,tetB,0,sampled_negative,unknown,0,0,0,0,0,,,0,0,0,0,,0,0,OP_cg1720,1,2,0,1,2,0.7518,-12.1,2,0,0,0,0,0,0,,,,0,0,0,0,,,5,0,0,,0,
2597,0.216019,cg2615,vanR,cg1719,tetB,0,sampled_negative,unknown,0,0,0,0,0,,,0,0,0,0,,0,0,OP_cg1720,1,2,0,1,2,0.7518,-12.1,2,0,0,0,0,0,0,,,,0,0,0,0,,,5,0,0,,0,
2598,0.216019,cg0337,whiB4(whcA),cg1719,tetB,0,sampled_negative,unknown,0,0,0,0,0,,,0,0,0,0,,0,0,OP_cg1720,1,2,0,1,2,0.7518,-12.1,2,0,0,0,0,0,0,,,,0,0,0,0,,,5,0,0,,0,
2599,0.214550,cg0876,sigH,cg2487,cg2487,1,curated_positive,unknown,0,0,1,0,0,,experimental,0.75,1,1,1,CoryneRegNet,1,1,,0,0,0,1,4,0.9312,-14.73,1,0,0,0,0,0,0,,,,0,0,0,0,,,5,0,0,,0,
2600,0.214550,cg2309,bioQ,cg2487,cg2487,0,sampled_negative,unknown,0,0,0,0,0,,,0,0,0,0,,0,0,,0,0,0,1,4,0.9312,-14.73,1,0,0,0,0,0,0,,,,0,0,0,0,,,5,0,0,,0,
2601,0.213966,cg1831,cg1831,cg2508,uppS2,0,sampled_negative,unknown,0,0,0,0,0,,,0,0,0,0,,0,0,OP_cg2517,1,11,0,1,4,0.926,-5.87,1,0,0,0,0,0,0,,,,0,0,0,0,,,5,0,0,,0,
2602,0.213921,cg0709,cgtR7(esrR),cg0696,sigD,0,sampled_negative,unknown,0,0,0,0,0,,,0,0,0,0,,0,0,OP_cg0696,1,2,0,1,6,0.5776,-11.91,3,0,0,0,0,0,0,,,,0,0,0,0,,,5,0,0,,0,
2603,0.213921,cg2500,znR,cg0696,sigD,0,sampled_negative,unknown,0,0,0,0,0,,,0,0,0,0,,0,0,OP_cg0696,1,2,0,1,6,0.5776,-11.91,3,0,0,0,0,0,0,,,,0,0,0,0,,,5,0,0,,0,
2604,0.212859,cg0350,cg0350,cg1310,tfdF,1,curated_positive,R,0,1,0,0,0,,predicted,0.2,0,1,1,CoryneRegNet,1,1,OP_cg1309,1,3,0,1,10,0.154,-19.11,1,0,0,0,0,0,0,,,,0,0,0,0,,,5,0,0,,0,
2605,0.212859,cg1308,cg1308,cg1310,tfdF,1,curated_positive,R,0,1,0,0,0,,experimental,0.75,1,1,4,CoryneRegNet,1,1,OP_cg1309,1,3,0,1,10,0.154,-19.11,1,0,0,0,0,0,0,,,,0,0,0,0,,,5,0,0,,0,
2606,0.212859,cg0112,ureR,cg1310,tfdF,0,sampled_negative,unknown,0,0,0,0,0,,,0,0,0,0,,0,0,OP_cg1309,1,3,0,1,10,0.154,-19.11,1,0,0,0,0,0,0,,,,0,0,0,0,,,5,0,0,,0,
2607,0.212859,cg0993,cg0993,cg1310,tfdF,0,sampled_negative,unknown,0,0,0,0,0,,,0,0,0,0,,0,0,OP_cg1309,1,3,0,1,10,0.154,-19.11,1,0,0,0,0,0,0,,,,0,0,0,0,,,5,0,0,,0,
2608,0.211995,cg0862,mtrA,cg2381,cg2381,0,sampled_negative,unknown,0,0,0,0,0,,,0,0,0,0,,0,0,,0,0,0,1,3,0.3305,-24.93,2,0,0,0,0,0,0,,,,0,0,0,0,,,5,0,0,,0,
2609,0.211744,cg1861,rel(relA),cg2169,ribF,0,sampled_negative,unknown,0,0,0,0,0,,,0,0,0,0,,0,0,,0,0,0,1,6,0.953,-15.2,1,0,0,0,0,0,0,,,,0,0,0,0,,,5,0,0,,0,
2610,0.211744,cg0112,ureR,cg2169,ribF,0,sampled_negative,unknown,0,0,0,0,0,,,0,0,0,0,,0,0,,0,0,0,1,6,0.953,-15.2,1,0,0,0,0,0,0,,,,0,0,0,0,,,5,0,0,,0,
2611,0.211565,cg2500,znR,cg0148,panC,0,sampled_negative,unknown,0,0,0,0,0,,,0,0,0,0,,0,0,OP_cg0149,1,2,0,1,2,0.4518,-29.69,1,0,0,0,0,0,0,,,,0,0,0,0,,,5,0,0,,0,
2612,0.210471,cg1648,cg1648,cg0674,rpsI,0,sampled_negative,unknown,0,0,0,0,0,,,0,0,0,0,,0,0,OP_cg0673,1,2,0,1,3,0.3423,-11.94,5,0,0,0,0,0,0,,,,0,0,0,0,,,5,0,0,,0,
2613,0.210471,cg2309,bioQ,cg0674,rpsI,0,sampled_negative,unknown,0,0,0,0,0,,,0,0,0,0,,0,0,OP_cg0673,1,2,0,1,3,0.3423,-11.94,5,0,0,0,0,0,0,,,,0,0,0,0,,,5,0,0,,0,
2614,0.209926,cg0350,cg0350,cg1767,cg1767,1,curated_positive,A,1,0,0,0,0,,predicted,0.2,0,1,1,CoryneRegNet,1,1,OP_cg1766,1,4,0,1,1,0.9605,-17.58,3,0,0,0,0,0,0,,,,0,0,0,0,,,5,0,0,,0,
2615,0.209926,cg0196,iolR,cg1767,cg1767,0,sampled_negative,unknown,0,0,0,0,0,,,0,0,0,0,,0,0,OP_cg1766,1,4,0,1,1,0.9605,-17.58,3,0,0,0,0,0,0,,,,0,0,0,0,,,5,0,0,,0,
2616,0.209926,cg2641,benR,cg1767,cg1767,0,sampled_negative,unknown,0,0,0,0,0,,,0,0,0,0,,0,0,OP_cg1766,1,4,0,1,1,0.9605,-17.58,3,0,0,0,0,0,0,,,,0,0,0,0,,,5,0,0,,0,
2617,0.209446,cg2627,cg2627,cg0808,wbpC,0,sampled_negative,unknown,0,0,0,0,0,,,0,0,0,0,,0,0,,0,0,0,1,1,0.04547,-24.83,4,0,0,0,0,0,0,,,,0,0,0,0,,,5,0,0,,0,
2618,0.209358,cg0317,arsR2,cg2176,infB,0,sampled_negative,unknown,0,0,0,0,0,,,0,0,0,0,,0,0,OP_cg2179,1,7,0,1,4,0.8683,-15.69,1,0,0,0,0,0,0,,,,0,0,0,0,,,5,0,0,,0,
2619,0.209358,cg2112,cg2112,cg2176,infB,0,sampled_negative,unknown,0,0,0,0,0,,,0,0,0,0,,0,0,OP_cg2179,1,7,0,1,4,0.8683,-15.69,1,0,0,0,0,0,0,,,,0,0,0,0,,,5,0,0,,0,
2620,0.209210,cg0702,cg0702,cg2071,int2',0,sampled_negative,unknown,0,0,0,0,0,,,0,0,0,0,,0,0,,0,0,0,1,4,0.2771,-16.7,2,0,0,0,0,0,0,,,,0,0,0,0,,,5,0,0,,0,
2621,0.208000,cg1032,cg1032,cg2570,dctP,0,sampled_negative,unknown,0,0,0,0,0,,,0,0,0,0,,0,0,OP_cg2570,1,3,0,1,1,0,-198,2,0,0,0,0,0,0,,,,0,0,0,0,,,5,0,0,,0,
2622,0.208000,cg0146,atlR,cg2570,dctP,0,sampled_negative,unknown,0,0,0,0,0,,,0,0,0,0,,0,0,OP_cg2570,1,3,0,1,1,0,-198,2,0,0,0,0,0,0,,,,0,0,0,0,,,5,0,0,,0,
2623,0.207885,cg3247,cgtR11(hrrA),cg1713,pyrD,0,sampled_negative,unknown,0,0,0,0,0,,,0,0,0,0,,0,0,OP_cg1712,1,2,0,1,2,0.05661,-18.72,3,0,0,0,0,0,0,,,,0,0,0,0,,,5,0,0,,0,
2624,0.207885,cg2831,ramA,cg1713,pyrD,0,sampled_negative,unknown,0,0,0,0,0,,,0,0,0,0,,0,0,OP_cg1712,1,2,0,1,2,0.05661,-18.72,3,0,0,0,0,0,0,,,,0,0,0,0,,,5,0,0,,0,
2625,0.207783,cg1831,cg1831,cg2738,ppt1,0,sampled_negative,unknown,0,0,0,0,0,,,0,0,0,0,,0,0,OP_cg2739,1,2,0,1,1,0.0616,-12.26,2,0,0,0,0,0,0,,,,0,0,0,0,,,5,0,0,,0,
2626,0.207228,cg0979,cg0979,cg3215,glpQ1,0,sampled_negative,unknown,0,0,0,0,0,,,0,0,0,0,,0,0,OP_cg3215,1,2,0,1,2,0.05199,-15.28,5,0,0,0,0,0,0,,,,0,0,0,0,,,5,0,0,,0,
2627,0.206379,cg2544,gntR3,cg1659,gpt,0,sampled_negative,unknown,0,0,0,0,0,,,0,0,0,0,,0,0,,0,0,0,1,1,0,-105.01,3,0,0,0,0,0,0,,,,0,0,0,0,,,5,0,0,,0,
2628,0.205729,cg0371,cspA2,cg2799,pknE,0,sampled_negative,unknown,0,0,0,0,0,,,0,0,0,0,,0,0,,0,0,0,1,3,0.1364,-12.88,4,0,0,0,0,0,0,,,,0,0,0,0,,,5,0,0,,0,
2629,0.205394,cg2965,cg2965,cg1115,ppx2,0,sampled_negative,unknown,0,0,0,0,0,,,0,0,0,0,,0,0,OP_cg1112,1,3,0,1,13,0.9547,-18.31,0,0,0,0,0,0,0,,,,0,0,0,0,,,5,0,0,,0,
2630,0.202675,cg0313,lrp,cg1212,cg1212,0,sampled_negative,unknown,0,0,0,0,0,,,0,0,0,0,,0,0,,0,0,0,1,6,0.3818,-19.57,2,0,0,0,0,0,0,,,,0,0,0,0,,,5,0,0,,0,
2631,0.202647,cg1271,sigE,cg1932,ppp2,0,sampled_negative,unknown,0,0,0,0,0,,,0,0,0,0,,0,0,,0,0,0,1,2,0.4466,-20.36,2,0,0,0,0,0,0,,,,0,0,0,0,,,5,0,0,,0,
2632,0.202647,cg0215,cspA,cg1932,ppp2,0,sampled_negative,unknown,0,0,0,0,0,,,0,0,0,0,,0,0,,0,0,0,1,2,0.4466,-20.36,2,0,0,0,0,0,0,,,,0,0,0,0,,,5,0,0,,0,
2633,0.202576,cg1324,rosR,cg1130,uppS1,0,sampled_negative,unknown,0,0,0,0,0,,,0,0,0,0,,0,0,OP_cg1130,1,2,0,1,3,0.9469,-15.99,1,0,0,0,0,0,0,,,,0,0,0,0,,,5,0,0,,0,
2634,0.202576,cg1120,ripA,cg1130,uppS1,0,sampled_negative,unknown,0,0,0,0,0,,,0,0,0,0,,0,0,OP_cg1130,1,2,0,1,3,0.9469,-15.99,1,0,0,0,0,0,0,,,,0,0,0,0,,,5,0,0,,0,
2635,0.202572,cg3247,cgtR11(hrrA),cg0715,cg0715,0,sampled_negative,unknown,0,0,0,0,0,,,0,0,0,0,,0,0,,0,0,0,1,7,0.2863,-20.87,1,0,0,0,0,0,0,,,,0,0,0,0,,,5,0,0,,0,
2636,0.201126,cg2502,fur,cg1434,yggB,0,sampled_negative,unknown,0,0,0,0,0,,,0,0,0,0,,0,0,,0,0,0,1,1,0.8758,-12.52,3,0,0,0,0,0,0,,,,0,0,0,0,,,5,0,0,,0,
2637,0.201126,cg0454,cg0454,cg1434,yggB,0,sampled_negative,unknown,0,0,0,0,0,,,0,0,0,0,,0,0,,0,0,0,1,1,0.8758,-12.52,3,0,0,0,0,0,0,,,,0,0,0,0,,,5,0,0,,0,
2638,0.199854,cg0156,cysR,cg1381,glgB,0,sampled_negative,unknown,0,0,0,0,0,,,0,0,0,0,,0,0,OP_cg1382,1,2,0,1,4,0.1778,-15.58,1,0,0,0,0,0,0,,,,0,0,0,0,,,5,0,0,,0,
2639,0.199366,cg0709,cgtR7(esrR),cg2297,hisF,0,sampled_negative,unknown,0,0,0,0,0,,,0,0,0,0,,0,0,OP_cg2300,1,6,0,1,1,0.556,-10.61,5,0,0,0,0,0,0,,,,0,0,0,0,,,5,0,0,,0,
2640,0.199277,cg0876,sigH,cg1367,atpG,1,curated_positive,unknown,0,0,1,0,0,,experimental + predicted,0.75,1,1,2,CoryneRegNet,1,1,OP_cg1362,1,8,0,1,3,0.2214,-17.52,2,0,0,0,0,0,0,,,,0,0,0,0,,,5,0,0,,0,
2641,0.199277,cg0090,cg0090,cg1367,atpG,0,sampled_negative,unknown,0,0,0,0,0,,,0,0,0,0,,0,0,OP_cg1362,1,8,0,1,3,0.2214,-17.52,2,0,0,0,0,0,0,,,,0,0,0,0,,,5,0,0,,0,
2642,0.198415,cg0876,sigH,cg1358,cg1358,1,curated_positive,unknown,0,0,1,0,0,,predicted,0.05,0,0,0,CoryneRegNet,1,1,OP_cg1354,1,6,0,1,5,0.9548,-27.22,3,0,0,0,0,0,0,,,,0,0,0,0,,,5,0,0,,0,
2643,0.198415,cg0146,atlR,cg1358,cg1358,0,sampled_negative,unknown,0,0,0,0,0,,,0,0,0,0,,0,0,OP_cg1354,1,6,0,1,5,0.9548,-27.22,3,0,0,0,0,0,0,,,,0,0,0,0,,,5,0,0,,0,
2644,0.198415,cg2894,cg2894,cg1358,cg1358,0,sampled_negative,unknown,0,0,0,0,0,,,0,0,0,0,,0,0,OP_cg1354,1,6,0,1,5,0.9548,-27.22,3,0,0,0,0,0,0,,,,0,0,0,0,,,5,0,0,,0,
2645,0.198415,cg0709,cgtR7(esrR),cg1358,cg1358,0,sampled_negative,unknown,0,0,0,0,0,,,0,0,0,0,,0,0,OP_cg1354,1,6,0,1,5,0.9548,-27.22,3,0,0,0,0,0,0,,,,0,0,0,0,,,5,0,0,,0,
2646,0.198064,cg0156,cysR,cg3327,dps,0,sampled_negative,unknown,0,0,0,0,0,,,0,0,0,0,,0,0,,0,0,0,1,1,0.002552,-23.92,3,0,0,0,0,0,0,,,,0,0,0,0,,,5,0,0,,0,
2647,0.198064,cg2516,hrcA,cg3327,dps,0,sampled_negative,unknown,0,0,0,0,0,,,0,0,0,0,,0,0,,0,0,0,1,1,0.002552,-23.92,3,0,0,0,0,0,0,,,,0,0,0,0,,,5,0,0,,0,
2648,0.197925,cg3097,hspR,cg0697,cg0697,0,sampled_negative,unknown,0,0,0,0,0,,,0,0,0,0,,0,0,OP_cg0696,1,2,0,1,5,0.2035,-17.47,1,0,0,0,0,0,0,,,,0,0,0,0,,,5,0,0,,0,
2649,0.197853,cg2894,cg2894,cg2608,folC,0,sampled_negative,unknown,0,0,0,0,0,,,0,0,0,0,,0,0,OP_cg2609,1,3,0,1,9,0.626,-11.28,1,0,0,0,0,0,0,,,,0,0,0,0,,,5,0,0,,0,
2650,0.197853,cg1738,acnR,cg2608,folC,0,sampled_negative,unknown,0,0,0,0,0,,,0,0,0,0,,0,0,OP_cg2609,1,3,0,1,9,0.626,-11.28,1,0,0,0,0,0,0,,,,0,0,0,0,,,5,0,0,,0,
2651,0.197828,cg0876,sigH,cg1365,atpH,1,curated_positive,unknown,0,0,1,0,0,,experimental + predicted,0.75,1,1,2,CoryneRegNet,1,1,OP_cg1362,1,8,0,1,10,0.7221,-4.39,1,0,0,0,0,0,0,,,,0,0,0,0,,,5,0,0,,0,
2652,0.197439,cg2624,pcaR,cg1307,cg1307,0,sampled_negative,unknown,0,0,0,0,0,,,0,0,0,0,,0,0,,0,0,0,1,5,0.6867,-17.16,2,0,0,0,0,0,0,,,,0,0,0,0,,,5,0,0,,0,
2653,0.197391,cg0876,sigH,cg0614,cg0614,1,curated_positive,unknown,0,0,1,0,0,,predicted,0.05,0,0,0,CoryneRegNet,1,1,OP_cg0617,1,4,0,1,9,0.4579,-18.9,1,0,0,0,0,0,0,,,,0,0,0,0,,,5,0,0,,0,
2654,0.197391,cg0709,cgtR7(esrR),cg0614,cg0614,0,sampled_negative,unknown,0,0,0,0,0,,,0,0,0,0,,0,0,OP_cg0617,1,4,0,1,9,0.4579,-18.9,1,0,0,0,0,0,0,,,,0,0,0,0,,,5,0,0,,0,
2655,0.197288,cg0993,cg0993,cg2609,valS,0,sampled_negative,unknown,0,0,0,0,0,,,0,0,0,0,,0,0,OP_cg2609,1,3,0,1,10,0.9186,-12.63,1,0,0,0,0,0,0,,,,0,0,0,0,,,5,0,0,,0,
2656,0.197288,cg3202,farR,cg2609,valS,0,sampled_negative,unknown,0,0,0,0,0,,,0,0,0,0,,0,0,OP_cg2609,1,3,0,1,10,0.9186,-12.63,1,0,0,0,0,0,0,,,,0,0,0,0,,,5,0,0,,0,
2657,0.196929,cg2118,fruR,cg2948,cgtS5,0,sampled_negative,unknown,0,0,0,0,0,,,0,0,0,0,,0,0,OP_cg2947,1,2,0,1,9,0.9587,-12.01,1,0,0,0,0,0,0,,,,0,0,0,0,,,5,0,0,,0,
2658,0.196929,cg0012,ssuR,cg2948,cgtS5,0,sampled_negative,unknown,0,0,0,0,0,,,0,0,0,0,,0,0,OP_cg2947,1,2,0,1,9,0.9587,-12.01,1,0,0,0,0,0,0,,,,0,0,0,0,,,5,0,0,,0,
2659,0.196760,cg1552,qorR,cg3353,benK2(genK),0,sampled_negative,unknown,0,0,0,0,0,,,0,0,0,0,,0,0,OP_cg3353,1,2,0,1,6,0.9542,-18.58,1,0,0,0,0,0,0,,,,0,0,0,0,,,5,0,0,,0,
2660,0.195301,cg2115,sugR,cg1401,ligA,0,sampled_negative,unknown,0,0,0,0,0,,,0,0,0,0,,0,0,,0,0,0,1,1,0.03985,-22.8,2,0,0,0,0,0,0,,,,0,0,0,0,,,5,0,0,,0,
2661,0.194939,cg0897,pdxR,cg0750,folD,0,sampled_negative,unknown,0,0,0,0,0,,,0,0,0,0,,0,0,OP_cg0750,1,2,0,1,1,0.4719,-17.01,8,0,0,0,0,0,0,,,,0,0,0,0,,,5,0,0,,0,
2662,0.194939,cg0313,lrp,cg0750,folD,0,sampled_negative,unknown,0,0,0,0,0,,,0,0,0,0,,0,0,OP_cg0750,1,2,0,1,1,0.4719,-17.01,8,0,0,0,0,0,0,,,,0,0,0,0,,,5,0,0,,0,
2663,0.194853,cg3420,sigM,cg0879,cg0879,0,sampled_negative,unknown,0,0,0,0,0,,,0,0,0,0,,0,0,,0,0,0,1,5,0.7877,-9.3,1,0,0,0,0,0,0,,,,0,0,0,0,,,5,0,0,,0,
2664,0.194853,cg1340,arnR,cg0879,cg0879,0,sampled_negative,unknown,0,0,0,0,0,,,0,0,0,0,,0,0,,0,0,0,1,5,0.7877,-9.3,1,0,0,0,0,0,0,,,,0,0,0,0,,,5,0,0,,0,
2665,0.194846,cg0146,atlR,cg3140,tagA1,0,sampled_negative,unknown,0,0,0,0,0,,,0,0,0,0,,0,0,,0,0,0,1,3,0.409,-16.33,1,0,0,0,0,0,0,,,,0,0,0,0,,,5,0,0,,0,
2666,0.194846,cg1410,rbsR,cg3140,tagA1,0,sampled_negative,unknown,0,0,0,0,0,,,0,0,0,0,,0,0,,0,0,0,1,3,0.409,-16.33,1,0,0,0,0,0,0,,,,0,0,0,0,,,5,0,0,,0,
2667,0.194543,cg0444,ramB,cg3220,cg3220,0,sampled_negative,unknown,0,0,0,0,0,,,0,0,0,0,,0,0,OP_cg3220,1,2,0,1,13,0.904,-12.73,0,0,0,0,0,0,0,,,,0,0,0,0,,,5,0,0,,0,
2668,0.194238,cg0876,sigH,cg1245,cg1245,1,curated_positive,unknown,0,0,1,0,0,,experimental,0.75,1,1,1,CoryneRegNet,1,1,,0,0,0,1,11,0.9203,-11.39,0,0,0,0,0,0,0,,,,0,0,0,0,,,5,0,0,,0,
2669,0.194077,cg2624,pcaR,cg2708,cg2708,0,sampled_negative,unknown,0,0,0,0,0,,,0,0,0,0,,0,0,OP_cg2708,1,2,0,1,7,0.8045,-12.71,1,0,0,0,0,0,0,,,,0,0,0,0,,,5,0,0,,0,
2670,0.194077,cg1308,rhcR,cg2708,cg2708,0,sampled_negative,unknown,0,0,0,0,0,,,0,0,0,0,,0,0,OP_cg2708,1,2,0,1,7,0.8045,-12.71,1,0,0,0,0,0,0,,,,0,0,0,0,,,5,0,0,,0,
2671,0.194077,cg3253,mcbR,cg2708,cg2708,0,sampled_negative,unknown,0,0,0,0,0,,,0,0,0,0,,0,0,OP_cg2708,1,2,0,1,7,0.8045,-12.71,1,0,0,0,0,0,0,,,,0,0,0,0,,,5,0,0,,0,
2672,0.192925,cg0897,pdxR,cg1350,mob,0,sampled_negative,unknown,0,0,0,0,0,,,0,0,0,0,,0,0,OP_cg1352,1,3,0,1,1,0.007513,-27.02,16,0,0,0,0,0,0,,,,0,0,0,0,,,5,0,0,,0,
2673,0.192925,cg0646,cg0646,cg1350,mob,0,sampled_negative,unknown,0,0,0,0,0,,,0,0,0,0,,0,0,OP_cg1352,1,3,0,1,1,0.007513,-27.02,16,0,0,0,0,0,0,,,,0,0,0,0,,,5,0,0,,0,
2674,0.191461,cg2092,sigA,cg0630,rplR,0,sampled_negative,unknown,0,0,0,0,0,,,0,0,0,0,,0,0,OP_cg0628,1,6,0,1,6,0.8519,-9.52,1,0,0,0,0,0,0,,,,0,0,0,0,,,5,0,0,,0,
2675,0.191348,cg0350,cg0350,cg1311,catA2,1,curated_positive,R,0,1,0,0,0,,predicted,0.2,0,1,1,CoryneRegNet,1,1,OP_cg1309,1,3,0,1,1,0.08978,-17.38,1,0,0,0,0,0,0,,,,0,0,0,0,,,5,0,0,,0,
2676,0.191348,cg1308,cg1308,cg1311,catA2,1,curated_positive,R,0,1,0,0,0,,experimental,0.75,1,1,4,CoryneRegNet,1,1,OP_cg1309,1,3,0,1,1,0.08978,-17.38,1,0,0,0,0,0,0,,,,0,0,0,0,,,5,0,0,,0,
2677,0.191348,cg1648,cg1648,cg1311,catA2,0,sampled_negative,unknown,0,0,0,0,0,,,0,0,0,0,,0,0,OP_cg1309,1,3,0,1,1,0.08978,-17.38,1,0,0,0,0,0,0,,,,0,0,0,0,,,5,0,0,,0,
2678,0.190560,cg0454,cg0454,cg1129,aroF,0,sampled_negative,unknown,0,0,0,0,0,,,0,0,0,0,,0,0,,0,0,0,1,3,0.9516,-12.37,2,0,0,0,0,0,0,,,,0,0,0,0,,,5,0,0,,0,
2679,0.190560,cg0337,whiB4(whcA),cg1129,aroF,0,sampled_negative,unknown,0,0,0,0,0,,,0,0,0,0,,0,0,,0,0,0,1,3,0.9516,-12.37,2,0,0,0,0,0,0,,,,0,0,0,0,,,5,0,0,,0,
2680,0.190421,cg2641,benR,cg1650,pctC,0,sampled_negative,unknown,0,0,0,0,0,,,0,0,0,0,,0,0,OP_cg1653,1,6,0,1,2,0.05152,-23.41,2,0,0,0,0,0,0,,,,0,0,0,0,,,5,0,0,,0,
2681,0.190421,cg0051,cg0051,cg1650,pctC,0,sampled_negative,unknown,0,0,0,0,0,,,0,0,0,0,,0,0,OP_cg1653,1,6,0,1,2,0.05152,-23.41,2,0,0,0,0,0,0,,,,0,0,0,0,,,5,0,0,,0,
2682,0.190193,cg3202,cg3202,cg1588,argH,1,curated_positive,R,0,1,0,0,0,,experimental,0.75,1,1,1,CoryneRegNet,1,1,OP_cg1586,1,2,0,1,2,0.08209,-22.29,5,0,0,0,0,0,0,,,,0,0,0,0,,,5,0,0,,0,
2683,0.190193,cg2737,cg2737,cg1588,argH,0,sampled_negative,unknown,0,0,0,0,0,,,0,0,0,0,,0,0,OP_cg1586,1,2,0,1,2,0.08209,-22.29,5,0,0,0,0,0,0,,,,0,0,0,0,,,5,0,0,,0,
2684,0.190193,cg2118,fruR,cg1588,argH,0,sampled_negative,unknown,0,0,0,0,0,,,0,0,0,0,,0,0,OP_cg1586,1,2,0,1,2,0.08209,-22.29,5,0,0,0,0,0,0,,,,0,0,0,0,,,5,0,0,,0,
2685,0.190166,cg0350,glxR,cg2173,dinF,0,sampled_negative,unknown,0,0,0,0,0,,,0,0,0,0,,0,0,OP_cg2179,1,7,0,1,1,0.006186,-21.11,4,0,0,0,0,0,0,,,,0,0,0,0,,,5,0,0,,0,
2686,0.190166,cg2092,sigA,cg2173,dinF,0,sampled_negative,unknown,0,0,0,0,0,,,0,0,0,0,,0,0,OP_cg2179,1,7,0,1,1,0.006186,-21.11,4,0,0,0,0,0,0,,,,0,0,0,0,,,5,0,0,,0,
2687,0.189813,cg2544,cg2544,cg2542,cg2542,1,curated_positive,R,0,1,0,0,0,,experimental,0.75,1,1,1,CoryneRegNet,1,1,OP_cg2543,1,3,0,1,10,0.7134,-6.97,1,0,0,0,0,0,0,,,,0,0,0,0,,,5,0,0,,0,
2688,0.189813,cg0215,cspA,cg2542,cg2542,0,sampled_negative,unknown,0,0,0,0,0,,,0,0,0,0,,0,0,OP_cg2543,1,3,0,1,10,0.7134,-6.97,1,0,0,0,0,0,0,,,,0,0,0,0,,,5,0,0,,0,
2689,0.188980,cg1585,argR,cg1826,pepQ,0,sampled_negative,unknown,0,0,0,0,0,,,0,0,0,0,,0,0,OP_cg1829,1,6,0,1,2,0.5721,-15.13,1,0,0,0,0,0,0,,,,0,0,0,0,,,5,0,0,,0,
2690,0.188969,cg2831,ramA,cg0980,cg0980,0,sampled_negative,unknown,0,0,0,0,0,,,0,0,0,0,,0,0,,0,0,0,1,2,0.9558,-8.88,2,0,0,0,0,0,0,,,,0,0,0,0,,,5,0,0,,0,
2691,0.188969,cg1120,ripA,cg0980,cg0980,0,sampled_negative,unknown,0,0,0,0,0,,,0,0,0,0,,0,0,,0,0,0,1,2,0.9558,-8.88,2,0,0,0,0,0,0,,,,0,0,0,0,,,5,0,0,,0,
2692,0.188969,cg0350,glxR,cg0980,cg0980,0,sampled_negative,unknown,0,0,0,0,0,,,0,0,0,0,,0,0,,0,0,0,1,2,0.9558,-8.88,2,0,0,0,0,0,0,,,,0,0,0,0,,,5,0,0,,0,
2693,0.188969,cg0800,prpR,cg0980,cg0980,0,sampled_negative,unknown,0,0,0,0,0,,,0,0,0,0,,0,0,,0,0,0,1,2,0.9558,-8.88,2,0,0,0,0,0,0,,,,0,0,0,0,,,5,0,0,,0,
2694,0.188672,cg2544,gntR3,cg0085,phoH1,0,sampled_negative,unknown,0,0,0,0,0,,,0,0,0,0,,0,0,,0,0,0,1,8,0.6772,-20.33,1,0,0,0,0,0,0,,,,0,0,0,0,,,5,0,0,,0,
2695,0.187623,cg0350,glxR,cg0782,dac,0,sampled_negative,unknown,0,0,0,0,0,,,0,0,0,0,,0,0,,0,0,0,1,1,0.6311,-12.11,2,0,0,0,0,0,0,,,,0,0,0,0,,,5,0,0,,0,
2696,0.187623,cg1032,cg1032,cg0782,dac,0,sampled_negative,unknown,0,0,0,0,0,,,0,0,0,0,,0,0,,0,0,0,1,1,0.6311,-12.11,2,0,0,0,0,0,0,,,,0,0,0,0,,,5,0,0,,0,
2697,0.187623,cg0725,crtR,cg0782,dac,0,sampled_negative,unknown,0,0,0,0,0,,,0,0,0,0,,0,0,,0,0,0,1,1,0.6311,-12.11,2,0,0,0,0,0,0,,,,0,0,0,0,,,5,0,0,,0,
2698,0.187458,cg0876,sigH,cg2620,clpX,1,curated_positive,unknown,0,0,1,0,0,,experimental,0.75,1,1,1,CoryneRegNet,1,1,OP_cg2620,1,2,0,1,3,0.1581,-15.25,1,0,0,0,0,0,0,,,,0,0,0,0,,,5,0,0,,0,
2699,0.187458,cg1817,pyrR,cg2620,clpX,0,sampled_negative,unknown,0,0,0,0,0,,,0,0,0,0,,0,0,OP_cg2620,1,2,0,1,3,0.1581,-15.25,1,0,0,0,0,0,0,,,,0,0,0,0,,,5,0,0,,0,
2700,0.187349,cg1704,cg1704,cg0260,moaC,0,sampled_negative,unknown,0,0,0,0,0,,,0,0,0,0,,0,0,OP_cg0263,1,7,0,1,3,0.9334,-16.36,1,0,0,0,0,0,0,,,,0,0,0,0,,,5,0,0,,0,
2701,0.187349,cg2615,vanR,cg0260,moaC,0,sampled_negative,unknown,0,0,0,0,0,,,0,0,0,0,,0,0,OP_cg0263,1,7,0,1,3,0.9334,-16.36,1,0,0,0,0,0,0,,,,0,0,0,0,,,5,0,0,,0,
2702,0.184698,cg0313,lrp,cg2571,lepA,0,sampled_negative,unknown,0,0,0,0,0,,,0,0,0,0,,0,0,,0,0,0,1,1,0.106,-21.56,4,0,0,0,0,0,0,,,,0,0,0,0,,,5,0,0,,0,
2703,0.184647,cg1120,ripA,cg1753,cg1753,0,sampled_negative,unknown,0,0,0,0,0,,,0,0,0,0,,0,0,,0,0,0,1,9,0.7775,-21.13,1,0,0,0,0,0,0,,,,0,0,0,0,,,5,0,0,,0,
2704,0.184637,cg2102,sigB,cg3141,hmp,1,curated_positive,unknown,0,0,1,0,0,,predicted,0.2,0,1,2,CoryneRegNet,1,1,,0,0,0,1,5,0.9273,-18.19,1,0,0,0,0,0,0,,,,0,0,0,0,,,5,0,0,,0,
2705,0.184547,cg1486,ltbR,cg2415,cobS,0,sampled_negative,unknown,0,0,0,0,0,,,0,0,0,0,,0,0,OP_cg2412,1,4,0,1,3,0.2926,-19.58,1,0,0,0,0,0,0,,,,0,0,0,0,,,5,0,0,,0,
2706,0.184284,cg0350,cg0350,cg0246,cg0246,1,curated_positive,R,0,1,0,0,0,,predicted,0.2,0,1,1,CoryneRegNet,1,1,OP_cg0247,1,2,0,1,1,0.02444,-19.15,2,0,0,0,0,0,0,,,,0,0,0,0,,,5,0,0,,0,
2707,0.184284,cg1032,cg1032,cg0246,cg0246,0,sampled_negative,unknown,0,0,0,0,0,,,0,0,0,0,,0,0,OP_cg0247,1,2,0,1,1,0.02444,-19.15,2,0,0,0,0,0,0,,,,0,0,0,0,,,5,0,0,,0,
2708,0.184284,cg2624,pcaR,cg0246,cg0246,0,sampled_negative,unknown,0,0,0,0,0,,,0,0,0,0,,0,0,OP_cg0247,1,2,0,1,1,0.02444,-19.15,2,0,0,0,0,0,0,,,,0,0,0,0,,,5,0,0,,0,
2709,0.183856,cg3082,cg3082,cg2244,pcaB2,0,sampled_negative,unknown,0,0,0,0,0,,,0,0,0,0,,0,0,,0,0,0,1,5,0.7602,-16.72,1,0,0,0,0,0,0,,,,0,0,0,0,,,5,0,0,,0,
2710,0.183420,cg0876,sigH,cg1271,sigE,1,curated_positive,unknown,0,0,1,0,0,,predicted,0.2,0,1,1,CoryneRegNet,1,1,,0,0,0,1,3,0.3654,-20.35,2,0,0,0,0,0,0,,,,0,0,0,0,,,5,0,0,,0,
2711,0.183420,cg1861,rel,cg1271,sigE,1,curated_positive,A,1,0,0,0,0,,predicted,0.05,0,0,0,CoryneRegNet,1,1,,0,0,0,1,3,0.3654,-20.35,2,0,0,0,0,0,0,,,,0,0,0,0,,,5,0,0,,0,
2712,0.183420,cg0146,atlR,cg1271,sigE,0,sampled_negative,unknown,0,0,0,0,0,,,0,0,0,0,,0,0,,0,0,0,1,3,0.3654,-20.35,2,0,0,0,0,0,0,,,,0,0,0,0,,,5,0,0,,0,
2713,0.183420,cg0309,sigC,cg1271,sigE,0,sampled_negative,unknown,0,0,0,0,0,,,0,0,0,0,,0,0,,0,0,0,1,3,0.3654,-20.35,2,0,0,0,0,0,0,,,,0,0,0,0,,,5,0,0,,0,
2714,0.183135,cg0876,sigH,cg1353,fadD4,1,curated_positive,unknown,0,0,1,0,0,,experimental,0.75,1,1,1,CoryneRegNet,1,1,,0,0,0,1,1,0,-84.67,2,0,0,0,0,0,0,,,,0,0,0,0,,,5,0,0,,0,
2715,0.183135,cg2737,cg2737,cg1353,fadD4,0,sampled_negative,unknown,0,0,0,0,0,,,0,0,0,0,,0,0,,0,0,0,1,1,0,-84.67,2,0,0,0,0,0,0,,,,0,0,0,0,,,5,0,0,,0,
2716,0.183135,cg3373,cg3373,cg1353,fadD4,0,sampled_negative,unknown,0,0,0,0,0,,,0,0,0,0,,0,0,,0,0,0,1,1,0,-84.67,2,0,0,0,0,0,0,,,,0,0,0,0,,,5,0,0,,0,
2717,0.183135,cg3202,farR,cg1353,fadD4,0,sampled_negative,unknown,0,0,0,0,0,,,0,0,0,0,,0,0,,0,0,0,1,1,0,-84.67,2,0,0,0,0,0,0,,,,0,0,0,0,,,5,0,0,,0,
2718,0.183068,cg2624,pcaR,cg1814,carA,0,sampled_negative,unknown,0,0,0,0,0,,,0,0,0,0,,0,0,OP_cg1814,1,2,0,1,13,0.3971,-15.15,0,0,0,0,0,0,0,,,,0,0,0,0,,,5,0,0,,0,
2719,0.182684,cg0876,sigH,cg2409,ctaC,1,curated_positive,unknown,0,0,1,0,0,,experimental,0.75,1,1,1,CoryneRegNet,1,1,OP_cg2409,1,2,0,1,13,0.3847,-15.09,0,0,0,0,0,0,0,,,,0,0,0,0,,,5,0,0,,0,
2720,0.181991,cg1032,cg1032,cg1652,pctA,0,sampled_negative,unknown,0,0,0,0,0,,,0,0,0,0,,0,0,OP_cg1653,1,6,0,1,1,0.08008,-20.56,3,0,0,0,0,0,0,,,,0,0,0,0,,,5,0,0,,0,
2721,0.181790,cg1308,rhcR,cg2878,purD,0,sampled_negative,unknown,0,0,0,0,0,,,0,0,0,0,,0,0,OP_cg2878,1,3,0,1,1,6.602e-08,-22.72,6,0,0,0,0,0,0,,,,0,0,0,0,,,5,0,0,,0,
2722,0.181790,cg0317,arsR2,cg2878,purD,0,sampled_negative,unknown,0,0,0,0,0,,,0,0,0,0,,0,0,OP_cg2878,1,3,0,1,1,6.602e-08,-22.72,6,0,0,0,0,0,0,,,,0,0,0,0,,,5,0,0,,0,
2723,0.181372,cg0876,sigH,cg2489,dnaG,1,curated_positive,unknown,0,0,1,0,0,,experimental,0.75,1,1,1,CoryneRegNet,1,1,,0,0,0,1,9,0.3697,-18.97,1,0,0,0,0,0,0,,,,0,0,0,0,,,5,0,0,,0,
2724,0.181372,cg3082,cg3082,cg2489,dnaG,0,sampled_negative,unknown,0,0,0,0,0,,,0,0,0,0,,0,0,,0,0,0,1,9,0.3697,-18.97,1,0,0,0,0,0,0,,,,0,0,0,0,,,5,0,0,,0,
2725,0.181372,cg1817,pyrR,cg2489,dnaG,0,sampled_negative,unknown,0,0,0,0,0,,,0,0,0,0,,0,0,,0,0,0,1,9,0.3697,-18.97,1,0,0,0,0,0,0,,,,0,0,0,0,,,5,0,0,,0,
2726,0.180288,cg0695,whiB3,cg1710,bacA,0,sampled_negative,unknown,0,0,0,0,0,,,0,0,0,0,,0,0,,0,0,0,1,8,0.3201,-13.69,1,0,0,0,0,0,0,,,,0,0,0,0,,,5,0,0,,0,
2727,0.180288,cg2624,pcaR,cg1710,bacA,0,sampled_negative,unknown,0,0,0,0,0,,,0,0,0,0,,0,0,,0,0,0,1,8,0.3201,-13.69,1,0,0,0,0,0,0,,,,0,0,0,0,,,5,0,0,,0,
2728,0.180288,cg0876,sigH,cg1710,bacA,0,sampled_negative,unknown,0,0,0,0,0,,,0,0,0,0,,0,0,,0,0,0,1,8,0.3201,-13.69,1,0,0,0,0,0,0,,,,0,0,0,0,,,5,0,0,,0,
2729,0.179966,cg0090,cg0090,cg0986,amtR,0,sampled_negative,unknown,0,0,0,0,0,,,0,0,0,0,,0,0,,0,0,0,1,1,0.2784,-13.41,2,0,0,0,0,0,0,,,,0,0,0,0,,,5,0,0,,0,
2730,0.179058,cg1211,oasR,cg0995,rpmF,0,sampled_negative,unknown,0,0,0,0,0,,,0,0,0,0,,0,0,OP_cg0994,1,2,0,1,1,0.9294,-16.19,5,0,0,0,0,0,0,,,,0,0,0,0,,,5,0,0,,0,
2731,0.179058,cg2888,cgtR3(phoR),cg0995,rpmF,0,sampled_negative,unknown,0,0,0,0,0,,,0,0,0,0,,0,0,OP_cg0994,1,2,0,1,1,0.9294,-16.19,5,0,0,0,0,0,0,,,,0,0,0,0,,,5,0,0,,0,
2732,0.177274,cg0444,ramB,cg1507,int1,0,sampled_negative,unknown,0,0,0,0,0,,,0,0,0,0,,0,0,,0,0,0,1,11,0.947,-19.07,0,0,0,0,0,0,0,,,,0,0,0,0,,,5,0,0,,0,
2733,0.176885,cg0702,cg0702,cg3258,rluC2,0,sampled_negative,unknown,0,0,0,0,0,,,0,0,0,0,,0,0,,0,0,0,1,2,0.9103,-16.22,2,0,0,0,0,0,0,,,,0,0,0,0,,,5,0,0,,0,
2734,0.176885,cg0725,crtR,cg3258,rluC2,0,sampled_negative,unknown,0,0,0,0,0,,,0,0,0,0,,0,0,,0,0,0,1,2,0.9103,-16.22,2,0,0,0,0,0,0,,,,0,0,0,0,,,5,0,0,,0,
2735,0.176885,cg2114,cg2114,cg3258,rluC2,0,sampled_negative,unknown,0,0,0,0,0,,,0,0,0,0,,0,0,,0,0,0,1,2,0.9103,-16.22,2,0,0,0,0,0,0,,,,0,0,0,0,,,5,0,0,,0,
2736,0.175970,cg0371,cspA2,cg1817,pyrR,0,sampled_negative,unknown,0,0,0,0,0,,,0,0,0,0,,0,0,OP_cg1817,1,3,0,1,10,0.942,-10.76,1,0,0,0,0,0,0,,,,0,0,0,0,,,5,0,0,,0,
2737,0.174725,cg1486,ltbR,cg3046,pknG,0,sampled_negative,unknown,0,0,0,0,0,,,0,0,0,0,,0,0,OP_cg3044,1,3,0,1,1,0.1844,-22.02,2,0,0,0,0,0,0,,,,0,0,0,0,,,5,0,0,,0,
2738,0.174426,cg2737,cg2737,cg2909,otsB,0,sampled_negative,unknown,0,0,0,0,0,,,0,0,0,0,,0,0,,0,0,0,1,9,0.6485,-14.25,1,0,0,0,0,0,0,,,,0,0,0,0,,,5,0,0,,0,
2739,0.174083,cg3261,cg3261,cg2333,treZ,0,sampled_negative,unknown,0,0,0,0,0,,,0,0,0,0,,0,0,,0,0,0,1,6,0.3881,-14.3,2,0,0,0,0,0,0,,,,0,0,0,0,,,5,0,0,,0,
2740,0.173616,cg2200,cgtR8,cg0057,pknB,0,sampled_negative,unknown,0,0,0,0,0,,,0,0,0,0,,0,0,OP_cg0064,1,7,0,1,4,0.05199,-15.15,2,0,0,0,0,0,0,,,,0,0,0,0,,,5,0,0,,0,
2741,0.172637,cg0993,cg0993,cg0850,whiB2(whcD),0,sampled_negative,unknown,0,0,0,0,0,,,0,0,0,0,,0,0,,0,0,0,1,1,0.2017,-12.15,12,0,0,0,0,0,0,,,,0,0,0,0,,,5,0,0,,0,
2742,0.172619,cg0646,cg0646,cg2253,rpsP,0,sampled_negative,unknown,0,0,0,0,0,,,0,0,0,0,,0,0,,0,0,0,1,1,0,-49.71,2,0,0,0,0,0,0,,,,0,0,0,0,,,5,0,0,,0,
2743,0.172619,cg2309,bioQ,cg2253,rpsP,0,sampled_negative,unknown,0,0,0,0,0,,,0,0,0,0,,0,0,,0,0,0,1,1,0,-49.71,2,0,0,0,0,0,0,,,,0,0,0,0,,,5,0,0,,0,
2744,0.172258,cg0343,phdR,cg1847,cg1847,0,sampled_negative,unknown,0,0,0,0,0,,,0,0,0,0,,0,0,OP_cg1846,1,2,0,1,6,0.8727,-12.92,3,0,0,0,0,0,0,,,,0,0,0,0,,,5,0,0,,0,
2745,0.171694,cg0876,sigH,cg1689,cg1689,1,curated_positive,unknown,0,0,1,0,0,,experimental,0.75,1,1,2,CoryneRegNet,1,1,OP_cg1689,1,7,0,1,5,0.04406,-19,2,0,0,0,0,0,0,,,,0,0,0,0,,,5,0,0,,0,
2746,0.171694,cg0862,mtrA,cg1689,cg1689,0,sampled_negative,unknown,0,0,0,0,0,,,0,0,0,0,,0,0,OP_cg1689,1,7,0,1,5,0.04406,-19,2,0,0,0,0,0,0,,,,0,0,0,0,,,5,0,0,,0,
2747,0.171283,cg2965,cg2965,cg2171,pptA,0,sampled_negative,unknown,0,0,0,0,0,,,0,0,0,0,,0,0,OP_cg2172,1,2,0,1,4,0.9565,-12.73,2,0,0,0,0,0,0,,,,0,0,0,0,,,5,0,0,,0,
2748,0.171163,cg3202,cg3202,cg1580,argC,1,curated_positive,R,0,1,0,0,0,,experimental,0.75,1,1,1,CoryneRegNet,1,1,OP_cg1580,1,6,0,1,7,0.9022,-11.23,1,0,0,0,0,0,0,,,,0,0,0,0,,,5,0,0,,0,
2749,0.171163,cg1765,sufR,cg1580,argC,0,sampled_negative,unknown,0,0,0,0,0,,,0,0,0,0,,0,0,OP_cg1580,1,6,0,1,7,0.9022,-11.23,1,0,0,0,0,0,0,,,,0,0,0,0,,,5,0,0,,0,
2750,0.171163,cg0019,cg0019,cg1580,argC,0,sampled_negative,unknown,0,0,0,0,0,,,0,0,0,0,,0,0,OP_cg1580,1,6,0,1,7,0.9022,-11.23,1,0,0,0,0,0,0,,,,0,0,0,0,,,5,0,0,,0,
2751,0.171163,cg1211,oasR,cg1580,argC,0,sampled_negative,unknown,0,0,0,0,0,,,0,0,0,0,,0,0,OP_cg1580,1,6,0,1,7,0.9022,-11.23,1,0,0,0,0,0,0,,,,0,0,0,0,,,5,0,0,,0,
2752,0.170743,cg0897,pdxR,cg2361,cg2361,0,sampled_negative,unknown,0,0,0,0,0,,,0,0,0,0,,0,0,,0,0,0,1,1,0,-227.06,2,0,0,0,0,0,0,,,,0,0,0,0,,,5,0,0,,0,
2753,0.170536,cg0527,glyR,cg3034,def1,0,sampled_negative,unknown,0,0,0,0,0,,,0,0,0,0,,0,0,OP_cg3034,1,4,0,1,3,0.09306,-12.32,2,0,0,0,0,0,0,,,,0,0,0,0,,,5,0,0,,0,
2754,0.170044,cg0012,ssuR,cg2658,rpi,0,sampled_negative,unknown,0,0,0,0,0,,,0,0,0,0,,0,0,,0,0,0,1,4,0.904,-16.34,2,0,0,0,0,0,0,,,,0,0,0,0,,,5,0,0,,0,
2755,0.168746,cg1486,ltbR,cg1259,dapD2,0,sampled_negative,unknown,0,0,0,0,0,,,0,0,0,0,,0,0,OP_cg1259,1,3,0,1,15,0.5524,-14.56,0,0,0,0,0,0,0,,,,0,0,0,0,,,5,0,0,,0,
2756,0.167949,cg2965,cg2965,cg2987,dacB,0,sampled_negative,unknown,0,0,0,0,0,,,0,0,0,0,,0,0,OP_cg2987,1,12,0,1,2,0.8785,-12.55,10,0,0,0,0,0,0,,,,0,0,0,0,,,5,0,0,,0,
2757,0.164945,cg3082,cg3082,cg0223,cg0223,0,sampled_negative,unknown,0,0,0,0,0,,,0,0,0,0,,0,0,,0,0,0,1,2,0.4558,-10.06,2,0,0,0,0,0,0,,,,0,0,0,0,,,5,0,0,,0,
2758,0.164945,cg1704,cg1704,cg0223,cg0223,0,sampled_negative,unknown,0,0,0,0,0,,,0,0,0,0,,0,0,,0,0,0,1,2,0.4558,-10.06,2,0,0,0,0,0,0,,,,0,0,0,0,,,5,0,0,,0,
2759,0.164699,cg1846,cssR,cg2372,mraY,0,sampled_negative,unknown,0,0,0,0,0,,,0,0,0,0,,0,0,OP_cg2375,1,9,0,1,11,0.6919,-17.2,0,0,0,0,0,0,0,,,,0,0,0,0,,,5,0,0,,0,
2760,0.163328,cg3420,sigM,cg0647,secY,0,sampled_negative,unknown,0,0,0,0,0,,,0,0,0,0,,0,0,OP_cg0647,1,3,0,1,7,0.953,-15.14,2,0,0,0,0,0,0,,,,0,0,0,0,,,5,0,0,,0,
2761,0.163163,cg1831,cg1831,cg0593,rpsJ,0,sampled_negative,unknown,0,0,0,0,0,,,0,0,0,0,,0,0,OP_cg0593,1,11,0,1,3,0.3367,-4.35,4,0,0,0,0,0,0,,,,0,0,0,0,,,5,0,0,,0,
2762,0.162441,cg0500,qsuR,cg2936,nanR,0,sampled_negative,unknown,0,0,0,0,0,,,0,0,0,0,,0,0,OP_cg2936,1,2,0,1,11,0.7809,-16.47,0,0,0,0,0,0,0,,,,0,0,0,0,,,5,0,0,,0,
2763,0.161767,cg0876,sigH,cg1730,cg1730,1,curated_positive,unknown,0,0,1,0,0,,experimental,0.75,1,1,1,CoryneRegNet,1,1,OP_cg1731,1,2,0,1,1,0,-171.14,1,0,0,0,0,0,0,,,,0,0,0,0,,,5,0,0,,0,
2764,0.161428,cg0993,cg0993,cg2986,mesJ,0,sampled_negative,unknown,0,0,0,0,0,,,0,0,0,0,,0,0,OP_cg2987,1,12,0,1,3,0.5291,-27.28,6,0,0,0,0,0,0,,,,0,0,0,0,,,5,0,0,,0,
2765,0.160760,cg2888,cgtR3(phoR),cg0289,gltX,0,sampled_negative,unknown,0,0,0,0,0,,,0,0,0,0,,0,0,OP_cg0288,1,2,0,1,7,0.9251,-15.02,1,0,0,0,0,0,0,,,,0,0,0,0,,,5,0,0,,0,
2766,0.160760,cg0862,mtrA,cg0289,gltX,0,sampled_negative,unknown,0,0,0,0,0,,,0,0,0,0,,0,0,OP_cg0288,1,2,0,1,7,0.9251,-15.02,1,0,0,0,0,0,0,,,,0,0,0,0,,,5,0,0,,0,
2767,0.160656,cg1053,cg1053,cg1132,coaA,0,sampled_negative,unknown,0,0,0,0,0,,,0,0,0,0,,0,0,,0,0,0,1,2,0.06306,-22.34,2,0,0,0,0,0,0,,,,0,0,0,0,,,5,0,0,,0,
2768,0.160656,cg0051,cg0051,cg1132,coaA,0,sampled_negative,unknown,0,0,0,0,0,,,0,0,0,0,,0,0,,0,0,0,1,2,0.06306,-22.34,2,0,0,0,0,0,0,,,,0,0,0,0,,,5,0,0,,0,
2769,0.160165,cg1211,oasR,cg2862,purL,0,sampled_negative,unknown,0,0,0,0,0,,,0,0,0,0,,0,0,OP_cg2865,1,3,0,1,3,0.2918,-20.28,1,0,0,0,0,0,0,,,,0,0,0,0,,,5,0,0,,0,
2770,0.159664,cg0876,sigH,cg1364,atpF,1,curated_positive,unknown,0,0,1,0,0,,experimental + predicted,0.75,1,1,2,CoryneRegNet,1,1,OP_cg1362,1,8,0,1,6,0.9894,-14,4,0,0,0,0,0,0,,,,0,0,0,0,,,5,0,0,,0,
2771,0.159664,cg0012,ssuR,cg1364,atpF,0,sampled_negative,unknown,0,0,0,0,0,,,0,0,0,0,,0,0,OP_cg1362,1,8,0,1,6,0.9894,-14,4,0,0,0,0,0,0,,,,0,0,0,0,,,5,0,0,,0,
2772,0.159664,cg3373,cg3373,cg1364,atpF,0,sampled_negative,unknown,0,0,0,0,0,,,0,0,0,0,,0,0,OP_cg1362,1,8,0,1,6,0.9894,-14,4,0,0,0,0,0,0,,,,0,0,0,0,,,5,0,0,,0,
2773,0.158950,cg3420,sigM,cg0673,rplM,0,sampled_negative,unknown,0,0,0,0,0,,,0,0,0,0,,0,0,OP_cg0673,1,2,0,1,7,0.9469,-14.24,1,0,0,0,0,0,0,,,,0,0,0,0,,,5,0,0,,0,
2774,0.158441,cg0876,sigH,cg2267,cg2267,1,curated_positive,unknown,0,0,1,0,0,,experimental,0.75,1,1,1,CoryneRegNet,1,1,OP_cg2267,1,3,0,1,2,0.9455,-19.92,1,0,0,0,0,0,0,,,,0,0,0,0,,,5,0,0,,0,
2775,0.158441,cg3373,cg3373,cg2267,cg2267,0,sampled_negative,unknown,0,0,0,0,0,,,0,0,0,0,,0,0,OP_cg2267,1,3,0,1,2,0.9455,-19.92,1,0,0,0,0,0,0,,,,0,0,0,0,,,5,0,0,,0,
2776,0.158441,cg2115,sugR,cg2267,cg2267,0,sampled_negative,unknown,0,0,0,0,0,,,0,0,0,0,,0,0,OP_cg2267,1,3,0,1,2,0.9455,-19.92,1,0,0,0,0,0,0,,,,0,0,0,0,,,5,0,0,,0,
2777,0.158441,cg1211,oasR,cg2267,cg2267,0,sampled_negative,unknown,0,0,0,0,0,,,0,0,0,0,,0,0,OP_cg2267,1,3,0,1,2,0.9455,-19.92,1,0,0,0,0,0,0,,,,0,0,0,0,,,5,0,0,,0,
2778,0.158317,cg1486,ltbR,cg1071,pth1,0,sampled_negative,unknown,0,0,0,0,0,,,0,0,0,0,,0,0,OP_cg1072,1,2,0,1,1,0,-106.39,8,0,0,0,0,0,0,,,,0,0,0,0,,,5,0,0,,0,
2779,0.157924,cg1425,lysG,cg0728,phr,0,sampled_negative,unknown,0,0,0,0,0,,,0,0,0,0,,0,0,,0,0,0,1,1,0,-113.77,3,0,0,0,0,0,0,,,,0,0,0,0,,,5,0,0,,0,
2780,0.157924,cg3373,cg3373,cg0728,phr,0,sampled_negative,unknown,0,0,0,0,0,,,0,0,0,0,,0,0,,0,0,0,1,1,0,-113.77,3,0,0,0,0,0,0,,,,0,0,0,0,,,5,0,0,,0,
2781,0.157678,cg2615,vanR,cg3063,purA,0,sampled_negative,unknown,0,0,0,0,0,,,0,0,0,0,,0,0,,0,0,0,1,1,0.2457,-15.94,6,0,0,0,0,0,0,,,,0,0,0,0,,,5,0,0,,0,
2782,0.157678,cg3239,cg3239,cg3063,purA,0,sampled_negative,unknown,0,0,0,0,0,,,0,0,0,0,,0,0,,0,0,0,1,1,0.2457,-15.94,6,0,0,0,0,0,0,,,,0,0,0,0,,,5,0,0,,0,
2783,0.157642,cg0876,sigH,cg1708,cg1708,1,curated_positive,unknown,0,0,1,0,0,,predicted,0.05,0,0,0,CoryneRegNet,1,1,,0,0,0,1,8,0.6652,-10.5,1,0,0,0,0,0,0,,,,0,0,0,0,,,5,0,0,,0,
2784,0.157642,cg1547,ccpA1(uriR),cg1708,cg1708,0,sampled_negative,unknown,0,0,0,0,0,,,0,0,0,0,,0,0,,0,0,0,1,8,0.6652,-10.5,1,0,0,0,0,0,0,,,,0,0,0,0,,,5,0,0,,0,
2785,0.157020,cg0709,cgtR7(esrR),cg2975,panC2,0,sampled_negative,unknown,0,0,0,0,0,,,0,0,0,0,,0,0,OP_cg2987,1,12,0,1,4,0.1398,-13.69,3,0,0,0,0,0,0,,,,0,0,0,0,,,5,0,0,,0,
2786,0.156852,cg2152,clgR,cg0576,rpoB,0,sampled_negative,unknown,0,0,0,0,0,,,0,0,0,0,,0,0,OP_cg0576,1,2,0,1,5,0.7339,-17.14,2,0,0,0,0,0,0,,,,0,0,0,0,,,5,0,0,,0,
2787,0.156852,cg0156,cysR,cg0576,rpoB,0,sampled_negative,unknown,0,0,0,0,0,,,0,0,0,0,,0,0,OP_cg0576,1,2,0,1,5,0.7339,-17.14,2,0,0,0,0,0,0,,,,0,0,0,0,,,5,0,0,,0,
2788,0.156289,cg1552,qorR,cg0476,murB2,0,sampled_negative,unknown,0,0,0,0,0,,,0,0,0,0,,0,0,OP_cg0476,1,2,0,1,4,0.2201,-20.5,2,0,0,0,0,0,0,,,,0,0,0,0,,,5,0,0,,0,
2789,0.155923,cg1547,ccpA1(uriR),cg1829,aroC,0,sampled_negative,unknown,0,0,0,0,0,,,0,0,0,0,,0,0,OP_cg1829,1,6,0,1,6,0.6443,-11.5,1,0,0,0,0,0,0,,,,0,0,0,0,,,5,0,0,,0,
2790,0.155803,cg0741,sirR(mntR),cg2595,rplU,0,sampled_negative,unknown,0,0,0,0,0,,,0,0,0,0,,0,0,OP_cg2597,1,3,0,1,3,0.08484,-14.26,2,0,0,0,0,0,0,,,,0,0,0,0,,,5,0,0,,0,
2791,0.155481,cg3373,cg3373,cg3037,cls,0,sampled_negative,unknown,0,0,0,0,0,,,0,0,0,0,,0,0,OP_cg3034,1,4,0,1,3,0.2469,-16.22,2,0,0,0,0,0,0,,,,0,0,0,0,,,5,0,0,,0,
2792,0.155481,cg0646,cg0646,cg3037,cls,0,sampled_negative,unknown,0,0,0,0,0,,,0,0,0,0,,0,0,OP_cg3034,1,4,0,1,3,0.2469,-16.22,2,0,0,0,0,0,0,,,,0,0,0,0,,,5,0,0,,0,
2793,0.154437,cg2783,cg2783,cg1495,thiL,0,sampled_negative,unknown,0,0,0,0,0,,,0,0,0,0,,0,0,OP_cg1495,1,2,0,1,13,0.8922,-12.34,0,0,0,0,0,0,0,,,,0,0,0,0,,,5,0,0,,0,
2794,0.154371,cg2516,hrcA,cg0095,bioB,0,sampled_negative,unknown,0,0,0,0,0,,,0,0,0,0,,0,0,,0,0,0,1,2,0.3347,-14.62,4,0,0,0,0,0,0,,,,0,0,0,0,,,5,0,0,,0,
2795,0.154371,cg3202,farR,cg0095,bioB,0,sampled_negative,unknown,0,0,0,0,0,,,0,0,0,0,,0,0,,0,0,0,1,2,0.3347,-14.62,4,0,0,0,0,0,0,,,,0,0,0,0,,,5,0,0,,0,
2796,0.153949,cg0051,cg0051,cg0634,rplO,0,sampled_negative,unknown,0,0,0,0,0,,,0,0,0,0,,0,0,OP_cg0628,1,6,0,1,2,0.1272,-11.03,2,0,0,0,0,0,0,,,,0,0,0,0,,,5,0,0,,0,
2797,0.153100,cg3239,cg3239,cg3352,genR(nagR),0,sampled_negative,unknown,0,0,0,0,0,,,0,0,0,0,,0,0,,0,0,0,1,3,0.03635,-18.88,2,0,0,0,0,0,0,,,,0,0,0,0,,,5,0,0,,0,
2798,0.153100,cg1032,cg1032,cg3352,genR(nagR),0,sampled_negative,unknown,0,0,0,0,0,,,0,0,0,0,,0,0,,0,0,0,1,3,0.03635,-18.88,2,0,0,0,0,0,0,,,,0,0,0,0,,,5,0,0,,0,
2799,0.152399,cg0112,ureR,cg3061,cgtR6,0,sampled_negative,unknown,0,0,0,0,0,,,0,0,0,0,,0,0,OP_cg3061,1,2,0,1,1,0,-159.78,1,0,0,0,0,0,0,,,,0,0,0,0,,,5,0,0,,0,
2800,0.152399,cg1324,rosR,cg3061,cgtR6,0,sampled_negative,unknown,0,0,0,0,0,,,0,0,0,0,,0,0,OP_cg3061,1,2,0,1,1,0,-159.78,1,0,0,0,0,0,0,,,,0,0,0,0,,,5,0,0,,0,
2801,0.152333,cg1792,whiA,cg1351,moeA3,0,sampled_negative,unknown,0,0,0,0,0,,,0,0,0,0,,0,0,OP_cg1352,1,3,0,1,12,0.7652,-10.04,0,0,0,0,0,0,0,,,,0,0,0,0,,,5,0,0,,0,
2802,0.151100,cg2502,fur,cg0854,pmmA,0,sampled_negative,unknown,0,0,0,0,0,,,0,0,0,0,,0,0,OP_cg0853,1,4,0,1,9,0.6558,-10.98,1,0,0,0,0,0,0,,,,0,0,0,0,,,5,0,0,,0,
2803,0.151100,cg2109,oxyR,cg0854,pmmA,0,sampled_negative,unknown,0,0,0,0,0,,,0,0,0,0,,0,0,OP_cg0853,1,4,0,1,9,0.6558,-10.98,1,0,0,0,0,0,0,,,,0,0,0,0,,,5,0,0,,0,
2804,0.150199,cg2092,sigA,cg2091,ppgK,0,sampled_negative,unknown,0,0,0,0,0,,,0,0,0,0,,0,0,,0,0,0,1,4,0.9273,-18.28,1,0,0,0,0,0,0,,,,0,0,0,0,,,5,0,0,,0,
2805,0.150199,cg1935,gntR2,cg2091,ppgK,0,sampled_negative,unknown,0,0,0,0,0,,,0,0,0,0,,0,0,,0,0,0,1,4,0.9273,-18.28,1,0,0,0,0,0,0,,,,0,0,0,0,,,5,0,0,,0,
2806,0.149731,cg2910,ipsA,cg0989,rpsN,0,sampled_negative,unknown,0,0,0,0,0,,,0,0,0,0,,0,0,OP_cg0991,1,4,0,1,2,0.09769,-11.64,2,0,0,0,0,0,0,,,,0,0,0,0,,,5,0,0,,0,
2807,0.149731,cg3253,mcbR,cg0989,rpsN,0,sampled_negative,unknown,0,0,0,0,0,,,0,0,0,0,,0,0,OP_cg0991,1,4,0,1,2,0.09769,-11.64,2,0,0,0,0,0,0,,,,0,0,0,0,,,5,0,0,,0,
2808,0.149565,cg0309,sigC,cg1301,cydA,1,curated_positive,A,1,0,0,0,0,,experimental,0.75,1,1,1,CoryneRegNet,1,1,OP_cg1301,1,4,0,1,6,0.2224,-23.16,1,0,0,0,0,0,0,,,,0,0,0,0,,,5,0,0,,0,
2809,0.149565,cg0986,amtR,cg1301,cydA,0,sampled_negative,unknown,0,0,0,0,0,,,0,0,0,0,,0,0,OP_cg1301,1,4,0,1,6,0.2224,-23.16,1,0,0,0,0,0,0,,,,0,0,0,0,,,5,0,0,,0,
2810,0.149565,cg1846,cssR,cg1301,cydA,0,sampled_negative,unknown,0,0,0,0,0,,,0,0,0,0,,0,0,OP_cg1301,1,4,0,1,6,0.2224,-23.16,1,0,0,0,0,0,0,,,,0,0,0,0,,,5,0,0,,0,
2811,0.149565,cg0800,prpR,cg1301,cydA,0,sampled_negative,unknown,0,0,0,0,0,,,0,0,0,0,,0,0,OP_cg1301,1,4,0,1,6,0.2224,-23.16,1,0,0,0,0,0,0,,,,0,0,0,0,,,5,0,0,,0,
2812,0.149565,cg2112,cg2112,cg1301,cydA,0,sampled_negative,unknown,0,0,0,0,0,,,0,0,0,0,,0,0,OP_cg1301,1,4,0,1,6,0.2224,-23.16,1,0,0,0,0,0,0,,,,0,0,0,0,,,5,0,0,,0,
2813,0.149453,cg0215,cspA,cg1840,cg1840,0,sampled_negative,unknown,0,0,0,0,0,,,0,0,0,0,,0,0,,0,0,0,1,1,0,-116.69,1,0,0,0,0,0,0,,,,0,0,0,0,,,5,0,0,,0,
2814,0.149453,cg0112,ureR,cg1840,cg1840,0,sampled_negative,unknown,0,0,0,0,0,,,0,0,0,0,,0,0,,0,0,0,1,1,0,-116.69,1,0,0,0,0,0,0,,,,0,0,0,0,,,5,0,0,,0,
2815,0.149444,cg2103,dtxR,cg1838,alaS,0,sampled_negative,unknown,0,0,0,0,0,,,0,0,0,0,,0,0,OP_cg1838,1,4,0,1,1,0,-196.59,3,0,0,0,0,0,0,,,,0,0,0,0,,,5,0,0,,0,
2816,0.149444,cg2115,sugR,cg1838,alaS,0,sampled_negative,unknown,0,0,0,0,0,,,0,0,0,0,,0,0,OP_cg1838,1,4,0,1,1,0,-196.59,3,0,0,0,0,0,0,,,,0,0,0,0,,,5,0,0,,0,
2817,0.149444,cg1792,whiA,cg1838,alaS,0,sampled_negative,unknown,0,0,0,0,0,,,0,0,0,0,,0,0,OP_cg1838,1,4,0,1,1,0,-196.59,3,0,0,0,0,0,0,,,,0,0,0,0,,,5,0,0,,0,
2818,0.149444,cg1704,cg1704,cg1838,alaS,0,sampled_negative,unknown,0,0,0,0,0,,,0,0,0,0,,0,0,OP_cg1838,1,4,0,1,1,0,-196.59,3,0,0,0,0,0,0,,,,0,0,0,0,,,5,0,0,,0,
2819,0.149423,cg2942,cg2942,cg3089,arr,0,sampled_negative,unknown,0,0,0,0,0,,,0,0,0,0,,0,0,OP_cg3088,1,2,0,1,5,0.9591,-8.79,1,0,0,0,0,0,0,,,,0,0,0,0,,,5,0,0,,0,
2820,0.149423,cg0090,cg0090,cg3089,arr,0,sampled_negative,unknown,0,0,0,0,0,,,0,0,0,0,,0,0,OP_cg3088,1,2,0,1,5,0.9591,-8.79,1,0,0,0,0,0,0,,,,0,0,0,0,,,5,0,0,,0,
2821,0.148496,cg1211,oasR,cg1712,lppL,0,sampled_negative,unknown,0,0,0,0,0,,,0,0,0,0,,0,0,OP_cg1712,1,2,0,1,5,0.9328,-15.51,5,0,0,0,0,0,0,,,,0,0,0,0,,,5,0,0,,0,
2822,0.147742,cg2200,cgtR8,cg0384,rluC1,0,sampled_negative,unknown,0,0,0,0,0,,,0,0,0,0,,0,0,OP_cg0382,1,2,0,1,3,0.3377,-26.25,7,0,0,0,0,0,0,,,,0,0,0,0,,,5,0,0,,0,
2823,0.147153,cg1486,ltbR,cg1828,aroK,0,sampled_negative,unknown,0,0,0,0,0,,,0,0,0,0,,0,0,OP_cg1829,1,6,0,1,7,0.3634,-19.61,1,0,0,0,0,0,0,,,,0,0,0,0,,,5,0,0,,0,
2824,0.147153,cg1935,gntR2,cg1828,aroK,0,sampled_negative,unknown,0,0,0,0,0,,,0,0,0,0,,0,0,OP_cg1829,1,6,0,1,7,0.3634,-19.61,1,0,0,0,0,0,0,,,,0,0,0,0,,,5,0,0,,0,
2825,0.147073,cg0993,cg0993,cg1649,pctD,0,sampled_negative,unknown,0,0,0,0,0,,,0,0,0,0,,0,0,OP_cg1653,1,6,0,1,5,0.9223,-5.8,1,0,0,0,0,0,0,,,,0,0,0,0,,,5,0,0,,0,
2826,0.147073,cg2109,oxyR,cg1649,pctD,0,sampled_negative,unknown,0,0,0,0,0,,,0,0,0,0,,0,0,OP_cg1653,1,6,0,1,5,0.9223,-5.8,1,0,0,0,0,0,0,,,,0,0,0,0,,,5,0,0,,0,
2827,0.146923,cg1765,sufR,cg1651,pctB,0,sampled_negative,unknown,0,0,0,0,0,,,0,0,0,0,,0,0,OP_cg1653,1,6,0,1,1,0.02841,-18.76,1,0,0,0,0,0,0,,,,0,0,0,0,,,5,0,0,,0,
2828,0.145970,cg1271,sigE,cg0007,gyrB,0,sampled_negative,unknown,0,0,0,0,0,,,0,0,0,0,,0,0,OP_cg0004,1,4,0,1,9,0.5305,-19.24,1,0,0,0,0,0,0,,,,0,0,0,0,,,5,0,0,,0,
2829,0.145970,cg0878,whiB1(whcE),cg0007,gyrB,0,sampled_negative,unknown,0,0,0,0,0,,,0,0,0,0,,0,0,OP_cg0004,1,4,0,1,9,0.5305,-19.24,1,0,0,0,0,0,0,,,,0,0,0,0,,,5,0,0,,0,
2830,0.145970,cg2092,sigA,cg0007,gyrB,0,sampled_negative,unknown,0,0,0,0,0,,,0,0,0,0,,0,0,OP_cg0004,1,4,0,1,9,0.5305,-19.24,1,0,0,0,0,0,0,,,,0,0,0,0,,,5,0,0,,0,
2831,0.145654,cg0876,sigH,cg2762,murI,1,curated_positive,unknown,0,0,1,0,0,,experimental,0.75,1,1,2,CoryneRegNet,1,1,OP_cg2762,1,2,0,1,4,0.3518,-18.54,1,0,0,0,0,0,0,,,,0,0,0,0,,,5,0,0,,0,
2832,0.145654,cg2641,benR,cg2762,murI,0,sampled_negative,unknown,0,0,0,0,0,,,0,0,0,0,,0,0,OP_cg2762,1,2,0,1,4,0.3518,-18.54,1,0,0,0,0,0,0,,,,0,0,0,0,,,5,0,0,,0,
2833,0.144923,cg0876,sigH,cg2867,gpx,1,curated_positive,unknown,0,0,1,0,0,,experimental,0.75,1,1,2,CoryneRegNet,1,1,,0,0,0,1,15,0.8729,-9.78,0,0,0,0,0,0,0,,,,0,0,0,0,,,5,0,0,,0,
2834,0.144923,cg1792,whiA,cg2867,gpx,0,sampled_negative,unknown,0,0,0,0,0,,,0,0,0,0,,0,0,,0,0,0,1,15,0.8729,-9.78,0,0,0,0,0,0,0,,,,0,0,0,0,,,5,0,0,,0,
2835,0.144343,cg0876,sigH,cg1640,cg1640,1,curated_positive,unknown,0,0,1,0,0,,experimental,0.75,1,1,1,CoryneRegNet,1,1,OP_cg1640,1,3,0,1,9,0.9022,-8.34,1,0,0,0,0,0,0,,,,0,0,0,0,,,5,0,0,,0,
2836,0.144343,cg2936,nanR,cg1640,cg1640,0,sampled_negative,unknown,0,0,0,0,0,,,0,0,0,0,,0,0,OP_cg1640,1,3,0,1,9,0.9022,-8.34,1,0,0,0,0,0,0,,,,0,0,0,0,,,5,0,0,,0,
2837,0.144343,cg0215,cspA,cg1640,cg1640,0,sampled_negative,unknown,0,0,0,0,0,,,0,0,0,0,,0,0,OP_cg1640,1,3,0,1,9,0.9022,-8.34,1,0,0,0,0,0,0,,,,0,0,0,0,,,5,0,0,,0,
2838,0.144018,cg0313,lrp,cg2766,cg2766,0,sampled_negative,unknown,0,0,0,0,0,,,0,0,0,0,,0,0,,0,0,0,1,1,0.03061,-13.19,1,0,0,0,0,0,0,,,,0,0,0,0,,,5,0,0,,0,
2839,0.143778,cg3420,sigM,cg0387,adhE,0,sampled_negative,unknown,0,0,0,0,0,,,0,0,0,0,,0,0,,0,0,0,1,1,0.003938,-20.15,2,0,0,0,0,0,0,,,,0,0,0,0,,,5,0,0,,0,
2840,0.143778,cg0876,sigH,cg0387,adhE,0,sampled_negative,unknown,0,0,0,0,0,,,0,0,0,0,,0,0,,0,0,0,1,1,0.003938,-20.15,2,0,0,0,0,0,0,,,,0,0,0,0,,,5,0,0,,0,
2841,0.143778,cg2115,sugR,cg0387,adhE,0,sampled_negative,unknown,0,0,0,0,0,,,0,0,0,0,,0,0,,0,0,0,1,1,0.003938,-20.15,2,0,0,0,0,0,0,,,,0,0,0,0,,,5,0,0,,0,
2842,0.143467,cg0156,cysR,cg2531,idi,0,sampled_negative,unknown,0,0,0,0,0,,,0,0,0,0,,0,0,OP_cg2534,1,3,0,1,1,0.05649,-20.3,11,0,0,0,0,0,0,,,,0,0,0,0,,,5,0,0,,0,
2843,0.142960,cg0309,sigC,cg1773,ctaB,1,curated_positive,A,1,0,0,0,0,,experimental,0.75,1,1,1,CoryneRegNet,1,1,,0,0,0,1,8,0.8654,-2.78,1,0,0,0,0,0,0,,,,0,0,0,0,,,5,0,0,,0,
2844,0.142960,cg2115,cg2115,cg1773,ctaB,1,curated_positive,R,0,1,0,0,0,,predicted,0.2,0,1,1,CoryneRegNet,1,1,,0,0,0,1,8,0.8654,-2.78,1,0,0,0,0,0,0,,,,0,0,0,0,,,5,0,0,,0,
2845,0.142960,cg1053,cg1053,cg1773,ctaB,0,sampled_negative,unknown,0,0,0,0,0,,,0,0,0,0,,0,0,,0,0,0,1,8,0.8654,-2.78,1,0,0,0,0,0,0,,,,0,0,0,0,,,5,0,0,,0,
2846,0.142960,cg2942,cg2942,cg1773,ctaB,0,sampled_negative,unknown,0,0,0,0,0,,,0,0,0,0,,0,0,,0,0,0,1,8,0.8654,-2.78,1,0,0,0,0,0,0,,,,0,0,0,0,,,5,0,0,,0,
2847,0.142542,cg0702,cg0702,cg0618,fdhF,0,sampled_negative,unknown,0,0,0,0,0,,,0,0,0,0,,0,0,,0,0,0,1,5,0.9564,-20.39,1,0,0,0,0,0,0,,,,0,0,0,0,,,5,0,0,,0,
2848,0.142542,cg2102,sigB,cg0618,fdhF,0,sampled_negative,unknown,0,0,0,0,0,,,0,0,0,0,,0,0,,0,0,0,1,5,0.9564,-20.39,1,0,0,0,0,0,0,,,,0,0,0,0,,,5,0,0,,0,
2849,0.142160,cg0444,ramB,cg1060,prfC,0,sampled_negative,unknown,0,0,0,0,0,,,0,0,0,0,,0,0,,0,0,0,1,10,0.6574,-15.68,1,0,0,0,0,0,0,,,,0,0,0,0,,,5,0,0,,0,
2850,0.142160,cg2910,ipsA,cg1060,prfC,0,sampled_negative,unknown,0,0,0,0,0,,,0,0,0,0,,0,0,,0,0,0,1,10,0.6574,-15.68,1,0,0,0,0,0,0,,,,0,0,0,0,,,5,0,0,,0,
2851,0.142160,cg1765,sufR,cg1060,prfC,0,sampled_negative,unknown,0,0,0,0,0,,,0,0,0,0,,0,0,,0,0,0,1,10,0.6574,-15.68,1,0,0,0,0,0,0,,,,0,0,0,0,,,5,0,0,,0,
2852,0.141412,cg3247,cgtR11(hrrA),cg0454,cg0454,0,sampled_negative,unknown,0,0,0,0,0,,,0,0,0,0,,0,0,OP_cg0454,1,3,0,1,10,0.8361,-12.69,1,0,0,0,0,0,0,,,,0,0,0,0,,,5,0,0,,0,
2853,0.140393,cg3202,cg3202,cg1583,argD,1,curated_positive,R,0,1,0,0,0,,experimental,0.75,1,1,1,CoryneRegNet,1,1,OP_cg1580,1,6,0,1,3,0.9074,-13.08,6,0,0,0,0,0,0,,,,0,0,0,0,,,5,0,0,,0,
2854,0.140393,cg2152,clgR,cg1583,argD,0,sampled_negative,unknown,0,0,0,0,0,,,0,0,0,0,,0,0,OP_cg1580,1,6,0,1,3,0.9074,-13.08,6,0,0,0,0,0,0,,,,0,0,0,0,,,5,0,0,,0,
2855,0.140393,cg2766,cg2766,cg1583,argD,0,sampled_negative,unknown,0,0,0,0,0,,,0,0,0,0,,0,0,OP_cg1580,1,6,0,1,3,0.9074,-13.08,6,0,0,0,0,0,0,,,,0,0,0,0,,,5,0,0,,0,
2856,0.140390,cg0876,sigH,cg1709,cysS2,1,curated_positive,unknown,0,0,1,0,0,,experimental,0.75,1,1,2,CoryneRegNet,1,1,,0,0,0,1,4,0.9564,-20.67,1,0,0,0,0,0,0,,,,0,0,0,0,,,5,0,0,,0,
2857,0.140390,cg3239,cg3239,cg1709,cysS2,0,sampled_negative,unknown,0,0,0,0,0,,,0,0,0,0,,0,0,,0,0,0,1,4,0.9564,-20.67,1,0,0,0,0,0,0,,,,0,0,0,0,,,5,0,0,,0,
2858,0.139878,cg1846,cssR,cg0984,purH,0,sampled_negative,unknown,0,0,0,0,0,,,0,0,0,0,,0,0,OP_cg0982,1,3,0,1,1,0.1837,-19.94,3,0,0,0,0,0,0,,,,0,0,0,0,,,5,0,0,,0,
2859,0.139878,cg3285,cgtR9(copR),cg0984,purH,0,sampled_negative,unknown,0,0,0,0,0,,,0,0,0,0,,0,0,OP_cg0982,1,3,0,1,1,0.1837,-19.94,3,0,0,0,0,0,0,,,,0,0,0,0,,,5,0,0,,0,
2860,0.139878,cg3239,cg3239,cg0984,purH,0,sampled_negative,unknown,0,0,0,0,0,,,0,0,0,0,,0,0,OP_cg0982,1,3,0,1,1,0.1837,-19.94,3,0,0,0,0,0,0,,,,0,0,0,0,,,5,0,0,,0,
2861,0.139644,cg1585,argR,cg1134,pabAB,0,sampled_negative,unknown,0,0,0,0,0,,,0,0,0,0,,0,0,OP_cg1134,1,2,0,1,10,0.9481,-18.19,1,0,0,0,0,0,0,,,,0,0,0,0,,,5,0,0,,0,
2862,0.139329,cg0876,sigH,cg2984,ftsH,1,curated_positive,unknown,0,0,1,0,0,,experimental,0.75,1,1,1,CoryneRegNet,1,1,OP_cg2987,1,12,0,1,2,0.2457,-13.97,1,0,0,0,0,0,0,,,,0,0,0,0,,,5,0,0,,0,
2863,0.139329,cg1831,cg1831,cg2984,ftsH,0,sampled_negative,unknown,0,0,0,0,0,,,0,0,0,0,,0,0,OP_cg2987,1,12,0,1,2,0.2457,-13.97,1,0,0,0,0,0,0,,,,0,0,0,0,,,5,0,0,,0,
2864,0.139314,cg0051,cg0051,cg2830,pduO,0,sampled_negative,unknown,0,0,0,0,0,,,0,0,0,0,,0,0,,0,0,0,1,8,0.9412,-13.95,1,0,0,0,0,0,0,,,,0,0,0,0,,,5,0,0,,0,
2865,0.139215,cg2114,cg2114,cg1698,hisG,0,sampled_negative,unknown,0,0,0,0,0,,,0,0,0,0,,0,0,OP_cg1699,1,2,0,1,2,0.936,-19.03,1,0,0,0,0,0,0,,,,0,0,0,0,,,5,0,0,,0,
2866,0.139215,cg0709,cgtR7(esrR),cg1698,hisG,0,sampled_negative,unknown,0,0,0,0,0,,,0,0,0,0,,0,0,OP_cg1699,1,2,0,1,2,0.936,-19.03,1,0,0,0,0,0,0,,,,0,0,0,0,,,5,0,0,,0,
2867,0.138471,cg0876,sigH,cg1688,cg1688,1,curated_positive,unknown,0,0,1,0,0,,experimental,0.75,1,1,1,CoryneRegNet,1,1,OP_cg1689,1,7,0,1,6,0.04406,-19.08,3,0,0,0,0,0,0,,,,0,0,0,0,,,5,0,0,,0,
2868,0.138471,cg2783,cg2783,cg1688,cg1688,0,sampled_negative,unknown,0,0,0,0,0,,,0,0,0,0,,0,0,OP_cg1689,1,7,0,1,6,0.04406,-19.08,3,0,0,0,0,0,0,,,,0,0,0,0,,,5,0,0,,0,
2869,0.138471,cg1324,rosR,cg1688,cg1688,0,sampled_negative,unknown,0,0,0,0,0,,,0,0,0,0,,0,0,OP_cg1689,1,7,0,1,6,0.04406,-19.08,3,0,0,0,0,0,0,,,,0,0,0,0,,,5,0,0,,0,
2870,0.137791,cg2766,cg2766,cg1673,ppmN,0,sampled_negative,unknown,0,0,0,0,0,,,0,0,0,0,,0,0,OP_cg1675,1,3,0,1,15,0.4474,-14.79,0,0,0,0,0,0,0,,,,0,0,0,0,,,5,0,0,,0,
2871,0.137791,cg0862,mtrA,cg1673,ppmN,0,sampled_negative,unknown,0,0,0,0,0,,,0,0,0,0,,0,0,OP_cg1675,1,3,0,1,15,0.4474,-14.79,0,0,0,0,0,0,0,,,,0,0,0,0,,,5,0,0,,0,
2872,0.137791,cg2615,vanR,cg1673,ppmN,0,sampled_negative,unknown,0,0,0,0,0,,,0,0,0,0,,0,0,OP_cg1675,1,3,0,1,15,0.4474,-14.79,0,0,0,0,0,0,0,,,,0,0,0,0,,,5,0,0,,0,
2873,0.137638,cg0709,cgtR7(esrR),cg2953,xylC,0,sampled_negative,unknown,0,0,0,0,0,,,0,0,0,0,,0,0,,0,0,0,1,10,0.9528,-10.51,1,0,0,0,0,0,0,,,,0,0,0,0,,,5,0,0,,0,
2874,0.137231,cg0012,ssuR,cg3328,mutM2,0,sampled_negative,unknown,0,0,0,0,0,,,0,0,0,0,,0,0,,0,0,0,1,2,0.3429,-24.81,2,0,0,0,0,0,0,,,,0,0,0,0,,,5,0,0,,0,
2875,0.136277,cg2936,nanR,cg0991,rpmB,0,sampled_negative,unknown,0,0,0,0,0,,,0,0,0,0,,0,0,OP_cg0991,1,4,0,1,1,0,-197.15,4,0,0,0,0,0,0,,,,0,0,0,0,,,5,0,0,,0,
2876,0.136205,cg1486,ltbR,cg2199,pbp,0,sampled_negative,unknown,0,0,0,0,0,,,0,0,0,0,,0,0,,0,0,0,1,2,0.9304,-14.35,3,0,0,0,0,0,0,,,,0,0,0,0,,,5,0,0,,0,
2877,0.136205,cg1547,ccpA1(uriR),cg2199,pbp,0,sampled_negative,unknown,0,0,0,0,0,,,0,0,0,0,,0,0,,0,0,0,1,2,0.9304,-14.35,3,0,0,0,0,0,0,,,,0,0,0,0,,,5,0,0,,0,
2878,0.135700,cg1053,cg1053,cg0285,tgt,0,sampled_negative,unknown,0,0,0,0,0,,,0,0,0,0,,0,0,OP_cg0284,1,2,0,1,1,0.0927,-14.57,11,0,0,0,0,0,0,,,,0,0,0,0,,,5,0,0,,0,
2879,0.135430,cg0196,iolR,cg1067,pth2,0,sampled_negative,unknown,0,0,0,0,0,,,0,0,0,0,,0,0,,0,0,0,1,1,0.1466,-12.64,4,0,0,0,0,0,0,,,,0,0,0,0,,,5,0,0,,0,
2880,0.135430,cg2103,dtxR,cg1067,pth2,0,sampled_negative,unknown,0,0,0,0,0,,,0,0,0,0,,0,0,,0,0,0,1,1,0.1466,-12.64,4,0,0,0,0,0,0,,,,0,0,0,0,,,5,0,0,,0,
2881,0.134686,cg3253,mcbR,cg1610,parA2,0,sampled_negative,unknown,0,0,0,0,0,,,0,0,0,0,,0,0,,0,0,0,1,9,0.7518,-10.09,1,0,0,0,0,0,0,,,,0,0,0,0,,,5,0,0,,0,
2882,0.134686,cg2831,ramA,cg1610,parA2,0,sampled_negative,unknown,0,0,0,0,0,,,0,0,0,0,,0,0,,0,0,0,1,9,0.7518,-10.09,1,0,0,0,0,0,0,,,,0,0,0,0,,,5,0,0,,0,
2883,0.134686,cg1486,ltbR,cg1610,parA2,0,sampled_negative,unknown,0,0,0,0,0,,,0,0,0,0,,0,0,,0,0,0,1,9,0.7518,-10.09,1,0,0,0,0,0,0,,,,0,0,0,0,,,5,0,0,,0,
2884,0.133342,cg3352,genR(nagR),cg0581,rpsL,0,sampled_negative,unknown,0,0,0,0,0,,,0,0,0,0,,0,0,OP_cg0581,1,3,0,1,4,0.3736,-21.58,1,0,0,0,0,0,0,,,,0,0,0,0,,,5,0,0,,0,
2885,0.133342,cg0317,arsR2,cg0581,rpsL,0,sampled_negative,unknown,0,0,0,0,0,,,0,0,0,0,,0,0,OP_cg0581,1,3,0,1,4,0.3736,-21.58,1,0,0,0,0,0,0,,,,0,0,0,0,,,5,0,0,,0,
2886,0.133318,cg0876,sigH,cg2538,cg2538,1,curated_positive,unknown,0,0,1,0,0,,experimental,0.75,1,1,2,CoryneRegNet,1,1,,0,0,0,1,12,0.9735,-21.02,0,0,0,0,0,0,0,,,,0,0,0,0,,,5,0,0,,0,
2887,0.133318,cg2615,vanR,cg2538,cg2538,0,sampled_negative,unknown,0,0,0,0,0,,,0,0,0,0,,0,0,,0,0,0,1,12,0.9735,-21.02,0,0,0,0,0,0,0,,,,0,0,0,0,,,5,0,0,,0,
2888,0.133318,cg2516,hrcA,cg2538,cg2538,0,sampled_negative,unknown,0,0,0,0,0,,,0,0,0,0,,0,0,,0,0,0,1,12,0.9735,-21.02,0,0,0,0,0,0,0,,,,0,0,0,0,,,5,0,0,,0,
2889,0.133215,cg0876,sigH,cg1375,cg1375,1,curated_positive,unknown,0,0,1,0,0,,experimental,0.75,1,1,2,CoryneRegNet,1,1,,0,0,0,1,2,0.2854,-16.42,2,0,0,0,0,0,0,,,,0,0,0,0,,,5,0,0,,0,
2890,0.133215,cg3261,cg3261,cg1375,cg1375,0,sampled_negative,unknown,0,0,0,0,0,,,0,0,0,0,,0,0,,0,0,0,1,2,0.2854,-16.42,2,0,0,0,0,0,0,,,,0,0,0,0,,,5,0,0,,0,
2891,0.133215,cg1846,cssR,cg1375,cg1375,0,sampled_negative,unknown,0,0,0,0,0,,,0,0,0,0,,0,0,,0,0,0,1,2,0.2854,-16.42,2,0,0,0,0,0,0,,,,0,0,0,0,,,5,0,0,,0,
2892,0.133094,cg0343,phdR,cg0545,pitA,0,sampled_negative,unknown,0,0,0,0,0,,,0,0,0,0,,0,0,OP_cg0545,1,2,0,1,13,0.3837,-9.34,0,0,0,0,0,0,0,,,,0,0,0,0,,,5,0,0,,0,
2893,0.133094,cg2502,fur,cg0545,pitA,0,sampled_negative,unknown,0,0,0,0,0,,,0,0,0,0,,0,0,OP_cg0545,1,2,0,1,13,0.3837,-9.34,0,0,0,0,0,0,0,,,,0,0,0,0,,,5,0,0,,0,
2894,0.133094,cg0695,whiB3,cg0545,pitA,0,sampled_negative,unknown,0,0,0,0,0,,,0,0,0,0,,0,0,OP_cg0545,1,2,0,1,13,0.3837,-9.34,0,0,0,0,0,0,0,,,,0,0,0,0,,,5,0,0,,0,
2895,0.130443,cg0725,cg0725,cg0717,crtEb,1,curated_positive,R,0,1,0,0,0,,experimental,0.75,1,1,1,CoryneRegNet,1,1,OP_cg0722,1,6,0,1,1,0.1171,-19.82,4,0,0,0,0,0,0,,,,0,0,0,0,,,5,0,0,,0,
2896,0.130443,cg0463,csoR,cg0717,crtEb,0,sampled_negative,unknown,0,0,0,0,0,,,0,0,0,0,,0,0,OP_cg0722,1,6,0,1,1,0.1171,-19.82,4,0,0,0,0,0,0,,,,0,0,0,0,,,5,0,0,,0,
2897,0.129015,cg3388,cg3388,cg0848,wbbL,0,sampled_negative,unknown,0,0,0,0,0,,,0,0,0,0,,0,0,,0,0,0,1,8,0.9074,-11.55,1,0,0,0,0,0,0,,,,0,0,0,0,,,5,0,0,,0,
2898,0.129015,cg1271,sigE,cg0848,wbbL,0,sampled_negative,unknown,0,0,0,0,0,,,0,0,0,0,,0,0,,0,0,0,1,8,0.9074,-11.55,1,0,0,0,0,0,0,,,,0,0,0,0,,,5,0,0,,0,
2899,0.128783,cg2114,cg2114,cg1758,spiE,0,sampled_negative,unknown,0,0,0,0,0,,,0,0,0,0,,0,0,,0,0,0,1,11,0.5944,-15.03,0,0,0,0,0,0,0,,,,0,0,0,0,,,5,0,0,,0,
2900,0.128783,cg1585,argR,cg1758,spiE,0,sampled_negative,unknown,0,0,0,0,0,,,0,0,0,0,,0,0,,0,0,0,1,11,0.5944,-15.03,0,0,0,0,0,0,0,,,,0,0,0,0,,,5,0,0,,0,
2901,0.128638,cg0876,sigH,cg3008,porA,0,sampled_negative,unknown,0,0,0,0,0,,,0,0,0,0,,0,0,,0,0,0,1,7,0.4249,-14.05,1,0,0,0,0,0,0,,,,0,0,0,0,,,5,0,0,,0,
2902,0.128638,cg0343,phdR,cg3008,porA,0,sampled_negative,unknown,0,0,0,0,0,,,0,0,0,0,,0,0,,0,0,0,1,7,0.4249,-14.05,1,0,0,0,0,0,0,,,,0,0,0,0,,,5,0,0,,0,
2903,0.128638,cg2615,vanR,cg3008,porA,0,sampled_negative,unknown,0,0,0,0,0,,,0,0,0,0,,0,0,,0,0,0,1,7,0.4249,-14.05,1,0,0,0,0,0,0,,,,0,0,0,0,,,5,0,0,,0,
2904,0.128600,cg0878,whiB1(whcE),cg0961,cg0961,0,sampled_negative,unknown,0,0,0,0,0,,,0,0,0,0,,0,0,,0,0,0,1,10,0.1509,-10.64,1,0,0,0,0,0,0,,,,0,0,0,0,,,5,0,0,,0,
2905,0.128600,cg1547,ccpA1(uriR),cg0961,cg0961,0,sampled_negative,unknown,0,0,0,0,0,,,0,0,0,0,,0,0,,0,0,0,1,10,0.1509,-10.64,1,0,0,0,0,0,0,,,,0,0,0,0,,,5,0,0,,0,
2906,0.127227,cg0876,sigH,cg0617,cg0617,1,curated_positive,unknown,0,0,1,0,0,,experimental,0.75,1,1,2,CoryneRegNet,1,1,OP_cg0617,1,4,0,1,5,0.4167,-15.23,1,0,0,0,0,0,0,,,,0,0,0,0,,,5,0,0,,0,
2907,0.127227,cg0454,cg0454,cg0617,cg0617,0,sampled_negative,unknown,0,0,0,0,0,,,0,0,0,0,,0,0,OP_cg0617,1,4,0,1,5,0.4167,-15.23,1,0,0,0,0,0,0,,,,0,0,0,0,,,5,0,0,,0,
2908,0.127227,cg0646,cg0646,cg0617,cg0617,0,sampled_negative,unknown,0,0,0,0,0,,,0,0,0,0,,0,0,OP_cg0617,1,4,0,1,5,0.4167,-15.23,1,0,0,0,0,0,0,,,,0,0,0,0,,,5,0,0,,0,
2909,0.127052,cg0454,cg0454,cg1046,pvdS1,0,sampled_negative,unknown,0,0,0,0,0,,,0,0,0,0,,0,0,,0,0,0,1,13,0.5621,-4.04,0,0,0,0,0,0,0,,,,0,0,0,0,,,5,0,0,,0,
2910,0.126318,cg3253,mcbR,cg2167,rpsO,0,sampled_negative,unknown,0,0,0,0,0,,,0,0,0,0,,0,0,OP_cg2167,1,2,0,1,1,0,-129.21,1,0,0,0,0,0,0,,,,0,0,0,0,,,5,0,0,,0,
2911,0.126192,cg0725,cg0725,cg0718,crtYf,1,curated_positive,R,0,1,0,0,0,,experimental,0.75,1,1,1,CoryneRegNet,1,1,OP_cg0722,1,6,0,1,4,0.08327,-14.72,1,0,0,0,0,0,0,,,,0,0,0,0,,,5,0,0,,0,
2912,0.126192,cg2641,benR,cg0718,crtYf,0,sampled_negative,unknown,0,0,0,0,0,,,0,0,0,0,,0,0,OP_cg0722,1,6,0,1,4,0.08327,-14.72,1,0,0,0,0,0,0,,,,0,0,0,0,,,5,0,0,,0,
2913,0.126192,cg3239,cg3239,cg0718,crtYf,0,sampled_negative,unknown,0,0,0,0,0,,,0,0,0,0,,0,0,OP_cg0722,1,6,0,1,4,0.08327,-14.72,1,0,0,0,0,0,0,,,,0,0,0,0,,,5,0,0,,0,
2914,0.124830,cg3315,malR,cg0629,rplF,0,sampled_negative,unknown,0,0,0,0,0,,,0,0,0,0,,0,0,OP_cg0628,1,6,0,1,5,0.9386,-16.99,5,0,0,0,0,0,0,,,,0,0,0,0,,,5,0,0,,0,
2915,0.124830,cg0876,sigH,cg0629,rplF,0,sampled_negative,unknown,0,0,0,0,0,,,0,0,0,0,,0,0,OP_cg0628,1,6,0,1,5,0.9386,-16.99,5,0,0,0,0,0,0,,,,0,0,0,0,,,5,0,0,,0,
2916,0.124830,cg2500,znR,cg0629,rplF,0,sampled_negative,unknown,0,0,0,0,0,,,0,0,0,0,,0,0,OP_cg0628,1,6,0,1,5,0.9386,-16.99,5,0,0,0,0,0,0,,,,0,0,0,0,,,5,0,0,,0,
2917,0.124568,cg2615,vanR,cg1382,glgE,0,sampled_negative,unknown,0,0,0,0,0,,,0,0,0,0,,0,0,OP_cg1382,1,2,0,1,12,0.8244,-14.26,0,0,0,0,0,0,0,,,,0,0,0,0,,,5,0,0,,0,
2918,0.124175,cg0646,cg0646,cg1744,pacL,0,sampled_negative,unknown,0,0,0,0,0,,,0,0,0,0,,0,0,,0,0,0,1,4,0.8863,-9.41,2,0,0,0,0,0,0,,,,0,0,0,0,,,5,0,0,,0,
2919,0.124175,cg0090,cg0090,cg1744,pacL,0,sampled_negative,unknown,0,0,0,0,0,,,0,0,0,0,,0,0,,0,0,0,1,4,0.8863,-9.41,2,0,0,0,0,0,0,,,,0,0,0,0,,,5,0,0,,0,
2920,0.124175,cg1120,ripA,cg1744,pacL,0,sampled_negative,unknown,0,0,0,0,0,,,0,0,0,0,,0,0,,0,0,0,1,4,0.8863,-9.41,2,0,0,0,0,0,0,,,,0,0,0,0,,,5,0,0,,0,
2921,0.123090,cg3388,cg3388,cg0604,rpsQ,0,sampled_negative,unknown,0,0,0,0,0,,,0,0,0,0,,0,0,OP_cg0593,1,11,0,1,5,0.6021,-17.81,3,0,0,0,0,0,0,,,,0,0,0,0,,,5,0,0,,0,
2922,0.121314,cg2102,sigB,cg1083,cgtS10,1,curated_positive,unknown,0,0,1,0,0,,predicted,0.2,0,1,1,CoryneRegNet,1,1,OP_cg1083,1,2,0,1,1,0.118,-22.43,2,0,0,0,0,0,0,,,,0,0,0,0,,,5,0,0,,0,
2923,0.121314,cg0709,cgtR7(esrR),cg1083,cgtS10,0,sampled_negative,unknown,0,0,0,0,0,,,0,0,0,0,,0,0,OP_cg1083,1,2,0,1,1,0.118,-22.43,2,0,0,0,0,0,0,,,,0,0,0,0,,,5,0,0,,0,
2924,0.121314,cg1738,acnR,cg1083,cgtS10,0,sampled_negative,unknown,0,0,0,0,0,,,0,0,0,0,,0,0,OP_cg1083,1,2,0,1,1,0.118,-22.43,2,0,0,0,0,0,0,,,,0,0,0,0,,,5,0,0,,0,
2925,0.120191,cg0876,sigH,cg1555,cg1555,1,curated_positive,unknown,0,0,1,0,0,,experimental,0.75,1,1,2,CoryneRegNet,1,1,,0,0,0,1,12,0.786,-10.24,0,0,0,0,0,0,0,,,,0,0,0,0,,,5,0,0,,0,
2926,0.119635,cg2112,cg2112,cg1352,moaA,0,sampled_negative,unknown,0,0,0,0,0,,,0,0,0,0,,0,0,OP_cg1352,1,3,0,1,12,0.5162,-22.36,0,0,0,0,0,0,0,,,,0,0,0,0,,,5,0,0,,0,
2927,0.119635,cg3388,cg3388,cg1352,moaA,0,sampled_negative,unknown,0,0,0,0,0,,,0,0,0,0,,0,0,OP_cg1352,1,3,0,1,12,0.5162,-22.36,0,0,0,0,0,0,0,,,,0,0,0,0,,,5,0,0,,0,
2928,0.119427,cg0646,cg0646,cg1575,pheT,0,sampled_negative,unknown,0,0,0,0,0,,,0,0,0,0,,0,0,OP_cg1573,1,3,0,1,12,0.8176,-12.13,0,0,0,0,0,0,0,,,,0,0,0,0,,,5,0,0,,0,
2929,0.119069,cg0196,iolR,cg0709,cgtR7(esrR),0,sampled_negative,unknown,0,0,0,0,0,,,0,0,0,0,,0,0,OP_cg0707,1,3,0,1,2,0.08316,-25.55,4,0,0,0,0,0,0,,,,0,0,0,0,,,5,0,0,,0,
2930,0.119069,cg1704,cg1704,cg0709,cgtR7(esrR),0,sampled_negative,unknown,0,0,0,0,0,,,0,0,0,0,,0,0,OP_cg0707,1,3,0,1,2,0.08316,-25.55,4,0,0,0,0,0,0,,,,0,0,0,0,,,5,0,0,,0,
2931,0.119069,cg0500,qsuR,cg0709,cgtR7(esrR),0,sampled_negative,unknown,0,0,0,0,0,,,0,0,0,0,,0,0,OP_cg0707,1,3,0,1,2,0.08316,-25.55,4,0,0,0,0,0,0,,,,0,0,0,0,,,5,0,0,,0,
2932,0.118763,cg2783,cg2783,cg1295,cg1295,0,sampled_negative,unknown,0,0,0,0,0,,,0,0,0,0,,0,0,,0,0,0,1,1,0.1469,-25.05,2,0,0,0,0,0,0,,,,0,0,0,0,,,5,0,0,,0,
2933,0.118763,cg1738,acnR,cg1295,cg1295,0,sampled_negative,unknown,0,0,0,0,0,,,0,0,0,0,,0,0,,0,0,0,1,1,0.1469,-25.05,2,0,0,0,0,0,0,,,,0,0,0,0,,,5,0,0,,0,
2934,0.118732,cg2112,cg2112,cg3415,pcnA,0,sampled_negative,unknown,0,0,0,0,0,,,0,0,0,0,,0,0,OP_cg3415,1,4,0,1,3,0.1552,-15.49,1,0,0,0,0,0,0,,,,0,0,0,0,,,5,0,0,,0,
2935,0.118732,cg3202,farR,cg3415,pcnA,0,sampled_negative,unknown,0,0,0,0,0,,,0,0,0,0,,0,0,OP_cg3415,1,4,0,1,3,0.1552,-15.49,1,0,0,0,0,0,0,,,,0,0,0,0,,,5,0,0,,0,
2936,0.118732,cg0986,amtR,cg3415,pcnA,0,sampled_negative,unknown,0,0,0,0,0,,,0,0,0,0,,0,0,OP_cg3415,1,4,0,1,3,0.1552,-15.49,1,0,0,0,0,0,0,,,,0,0,0,0,,,5,0,0,,0,
2937,0.118641,cg1340,arnR,cg2370,ftsW,0,sampled_negative,unknown,0,0,0,0,0,,,0,0,0,0,,0,0,OP_cg2375,1,9,0,1,8,0.9552,-18.34,1,0,0,0,0,0,0,,,,0,0,0,0,,,5,0,0,,0,
2938,0.118641,cg0112,ureR,cg2370,ftsW,0,sampled_negative,unknown,0,0,0,0,0,,,0,0,0,0,,0,0,OP_cg2375,1,9,0,1,8,0.9552,-18.34,1,0,0,0,0,0,0,,,,0,0,0,0,,,5,0,0,,0,
2939,0.118641,cg1271,sigE,cg2370,ftsW,0,sampled_negative,unknown,0,0,0,0,0,,,0,0,0,0,,0,0,OP_cg2375,1,9,0,1,8,0.9552,-18.34,1,0,0,0,0,0,0,,,,0,0,0,0,,,5,0,0,,0,
2940,0.117838,cg1935,gntR2,cg2588,proB,0,sampled_negative,unknown,0,0,0,0,0,,,0,0,0,0,,0,0,OP_cg2589,1,4,0,1,1,0,-3.45,1,0,0,0,0,0,0,,,,0,0,0,0,,,5,0,0,,0,
2941,0.117838,cg3253,mcbR,cg2588,proB,0,sampled_negative,unknown,0,0,0,0,0,,,0,0,0,0,,0,0,OP_cg2589,1,4,0,1,1,0,-3.45,1,0,0,0,0,0,0,,,,0,0,0,0,,,5,0,0,,0,
2942,0.117579,cg1552,qorR,cg0786,upp,0,sampled_negative,unknown,0,0,0,0,0,,,0,0,0,0,,0,0,,0,0,0,1,1,0.07998,-24,4,0,0,0,0,0,0,,,,0,0,0,0,,,5,0,0,,0,
2943,0.117579,cg2200,cgtR8,cg0786,upp,0,sampled_negative,unknown,0,0,0,0,0,,,0,0,0,0,,0,0,,0,0,0,1,1,0.07998,-24,4,0,0,0,0,0,0,,,,0,0,0,0,,,5,0,0,,0,
2944,0.117579,cg2894,cg2894,cg0786,upp,0,sampled_negative,unknown,0,0,0,0,0,,,0,0,0,0,,0,0,,0,0,0,1,1,0.07998,-24,4,0,0,0,0,0,0,,,,0,0,0,0,,,5,0,0,,0,
2945,0.117260,cg2965,cg2965,cg2125,uraA,0,sampled_negative,unknown,0,0,0,0,0,,,0,0,0,0,,0,0,,0,0,0,1,10,0.2667,-12.24,1,0,0,0,0,0,0,,,,0,0,0,0,,,5,0,0,,0,
2946,0.117260,cg3388,cg3388,cg2125,uraA,0,sampled_negative,unknown,0,0,0,0,0,,,0,0,0,0,,0,0,,0,0,0,1,10,0.2667,-12.24,1,0,0,0,0,0,0,,,,0,0,0,0,,,5,0,0,,0,
2947,0.116454,cg0646,cg0646,cg0955,cg0955,0,sampled_negative,unknown,0,0,0,0,0,,,0,0,0,0,,0,0,,0,0,0,1,9,0.7877,-8.08,1,0,0,0,0,0,0,,,,0,0,0,0,,,5,0,0,,0,
2948,0.116454,cg2152,clgR,cg0955,cg0955,0,sampled_negative,unknown,0,0,0,0,0,,,0,0,0,0,,0,0,,0,0,0,1,9,0.7877,-8.08,1,0,0,0,0,0,0,,,,0,0,0,0,,,5,0,0,,0,
2949,0.116454,cg3388,cg3388,cg0955,cg0955,0,sampled_negative,unknown,0,0,0,0,0,,,0,0,0,0,,0,0,,0,0,0,1,9,0.7877,-8.08,1,0,0,0,0,0,0,,,,0,0,0,0,,,5,0,0,,0,
2950,0.116454,cg2544,gntR3,cg0955,cg0955,0,sampled_negative,unknown,0,0,0,0,0,,,0,0,0,0,,0,0,,0,0,0,1,9,0.7877,-8.08,1,0,0,0,0,0,0,,,,0,0,0,0,,,5,0,0,,0,
2951,0.116330,cg3373,cg3373,cg2398,plsC,0,sampled_negative,unknown,0,0,0,0,0,,,0,0,0,0,,0,0,,0,0,0,1,10,0.9557,-12.43,1,0,0,0,0,0,0,,,,0,0,0,0,,,5,0,0,,0,
2952,0.115738,cg0371,cspA2,cg2240,thiF,0,sampled_negative,unknown,0,0,0,0,0,,,0,0,0,0,,0,0,OP_cg2236,1,5,0,1,15,0.9343,-18.2,0,0,0,0,0,0,0,,,,0,0,0,0,,,5,0,0,,0,
2953,0.115738,cg0112,ureR,cg2240,thiF,0,sampled_negative,unknown,0,0,0,0,0,,,0,0,0,0,,0,0,OP_cg2236,1,5,0,1,15,0.9343,-18.2,0,0,0,0,0,0,0,,,,0,0,0,0,,,5,0,0,,0,
2954,0.115738,cg0146,atlR,cg2240,thiF,0,sampled_negative,unknown,0,0,0,0,0,,,0,0,0,0,,0,0,OP_cg2236,1,5,0,1,15,0.9343,-18.2,0,0,0,0,0,0,0,,,,0,0,0,0,,,5,0,0,,0,
2955,0.115738,cg3420,sigM,cg2240,thiF,0,sampled_negative,unknown,0,0,0,0,0,,,0,0,0,0,,0,0,OP_cg2236,1,5,0,1,15,0.9343,-18.2,0,0,0,0,0,0,0,,,,0,0,0,0,,,5,0,0,,0,
2956,0.115429,cg2092,sigA,cg0988,rpsR,0,sampled_negative,unknown,0,0,0,0,0,,,0,0,0,0,,0,0,OP_cg0991,1,4,0,1,10,0.8045,-15.69,1,0,0,0,0,0,0,,,,0,0,0,0,,,5,0,0,,0,
2957,0.115429,cg2118,fruR,cg0988,rpsR,0,sampled_negative,unknown,0,0,0,0,0,,,0,0,0,0,,0,0,OP_cg0991,1,4,0,1,10,0.8045,-15.69,1,0,0,0,0,0,0,,,,0,0,0,0,,,5,0,0,,0,
2958,0.115429,cg2942,cg2942,cg0988,rpsR,0,sampled_negative,unknown,0,0,0,0,0,,,0,0,0,0,,0,0,OP_cg0991,1,4,0,1,10,0.8045,-15.69,1,0,0,0,0,0,0,,,,0,0,0,0,,,5,0,0,,0,
2959,0.115429,cg2152,clgR,cg0988,rpsR,0,sampled_negative,unknown,0,0,0,0,0,,,0,0,0,0,,0,0,OP_cg0991,1,4,0,1,10,0.8045,-15.69,1,0,0,0,0,0,0,,,,0,0,0,0,,,5,0,0,,0,
2960,0.115365,cg1704,cg1704,cg0749,spoU,0,sampled_negative,unknown,0,0,0,0,0,,,0,0,0,0,,0,0,,0,0,0,1,6,0.9432,-17.68,2,0,0,0,0,0,0,,,,0,0,0,0,,,5,0,0,,0,
2961,0.115101,cg0876,sigH,cg1799,ribC,1,curated_positive,unknown,0,0,1,0,0,,experimental,0.75,1,1,1,CoryneRegNet,1,1,OP_cg1804,1,8,0,1,3,0.09457,-16.39,2,0,0,0,0,0,0,,,,0,0,0,0,,,5,0,0,,0,
2962,0.115101,cg1032,cg1032,cg1799,ribC,0,sampled_negative,unknown,0,0,0,0,0,,,0,0,0,0,,0,0,OP_cg1804,1,8,0,1,3,0.09457,-16.39,2,0,0,0,0,0,0,,,,0,0,0,0,,,5,0,0,,0,
2963,0.115101,cg1817,pyrR,cg1799,ribC,0,sampled_negative,unknown,0,0,0,0,0,,,0,0,0,0,,0,0,OP_cg1804,1,8,0,1,3,0.09457,-16.39,2,0,0,0,0,0,0,,,,0,0,0,0,,,5,0,0,,0,
2964,0.113996,cg1547,ccpA1(uriR),cg2096,cg2096,0,sampled_negative,unknown,0,0,0,0,0,,,0,0,0,0,,0,0,,0,0,0,1,6,0.2292,-15.38,1,0,0,0,0,0,0,,,,0,0,0,0,,,5,0,0,,0,
2965,0.113996,cg0343,phdR,cg2096,cg2096,0,sampled_negative,unknown,0,0,0,0,0,,,0,0,0,0,,0,0,,0,0,0,1,6,0.2292,-15.38,1,0,0,0,0,0,0,,,,0,0,0,0,,,5,0,0,,0,
2966,0.113283,cg0313,lrp,cg1222,lplA,0,sampled_negative,unknown,0,0,0,0,0,,,0,0,0,0,,0,0,OP_cg1222,1,3,0,1,11,0.5466,-6.16,0,0,0,0,0,0,0,,,,0,0,0,0,,,5,0,0,,0,
2967,0.113283,cg3247,cgtR11(hrrA),cg1222,lplA,0,sampled_negative,unknown,0,0,0,0,0,,,0,0,0,0,,0,0,OP_cg1222,1,3,0,1,11,0.5466,-6.16,0,0,0,0,0,0,0,,,,0,0,0,0,,,5,0,0,,0,
2968,0.111822,cg0862,mtrA,cg3346,leuS,0,sampled_negative,unknown,0,0,0,0,0,,,0,0,0,0,,0,0,,0,0,0,1,11,0.932,-8.06,0,0,0,0,0,0,0,,,,0,0,0,0,,,5,0,0,,0,
2969,0.111812,cg0500,qsuR,cg0598,rplB,0,sampled_negative,unknown,0,0,0,0,0,,,0,0,0,0,,0,0,OP_cg0593,1,11,0,1,3,0.1552,-20.3,3,0,0,0,0,0,0,,,,0,0,0,0,,,5,0,0,,0,
2970,0.111120,cg0709,cgtR7(esrR),cg0228,cg0228,0,sampled_negative,unknown,0,0,0,0,0,,,0,0,0,0,,0,0,,0,0,0,1,7,0.6175,-15.11,1,0,0,0,0,0,0,,,,0,0,0,0,,,5,0,0,,0,
2971,0.111120,cg2500,znR,cg0228,cg0228,0,sampled_negative,unknown,0,0,0,0,0,,,0,0,0,0,,0,0,,0,0,0,1,7,0.6175,-15.11,1,0,0,0,0,0,0,,,,0,0,0,0,,,5,0,0,,0,
2972,0.111120,cg2894,cg2894,cg0228,cg0228,0,sampled_negative,unknown,0,0,0,0,0,,,0,0,0,0,,0,0,,0,0,0,1,7,0.6175,-15.11,1,0,0,0,0,0,0,,,,0,0,0,0,,,5,0,0,,0,
2973,0.111053,cg1218,nrtR,cg0723,crtE,0,sampled_negative,unknown,0,0,0,0,0,,,0,0,0,0,,0,0,,0,0,0,1,7,0.2661,-17.4,1,0,0,0,0,0,0,,,,0,0,0,0,,,5,0,0,,0,
2974,0.111053,cg2103,dtxR,cg0723,crtE,0,sampled_negative,unknown,0,0,0,0,0,,,0,0,0,0,,0,0,,0,0,0,1,7,0.2661,-17.4,1,0,0,0,0,0,0,,,,0,0,0,0,,,5,0,0,,0,
2975,0.111053,cg0463,csoR,cg0723,crtE,0,sampled_negative,unknown,0,0,0,0,0,,,0,0,0,0,,0,0,,0,0,0,1,7,0.2661,-17.4,1,0,0,0,0,0,0,,,,0,0,0,0,,,5,0,0,,0,
2976,0.109056,cg2152,clgR,cg0318,arsC1,0,sampled_negative,unknown,0,0,0,0,0,,,0,0,0,0,,0,0,OP_cg0318,1,2,0,1,10,0.9326,-17.39,1,0,0,0,0,0,0,,,,0,0,0,0,,,5,0,0,,0,
2977,0.109056,cg1211,oasR,cg0318,arsC1,0,sampled_negative,unknown,0,0,0,0,0,,,0,0,0,0,,0,0,OP_cg0318,1,2,0,1,10,0.9326,-17.39,1,0,0,0,0,0,0,,,,0,0,0,0,,,5,0,0,,0,
2978,0.109056,cg0565,gabR,cg0318,arsC1,0,sampled_negative,unknown,0,0,0,0,0,,,0,0,0,0,,0,0,OP_cg0318,1,2,0,1,10,0.9326,-17.39,1,0,0,0,0,0,0,,,,0,0,0,0,,,5,0,0,,0,
2979,0.108663,cg2624,pcaR,cg2563,lcoP,0,sampled_negative,unknown,0,0,0,0,0,,,0,0,0,0,,0,0,,0,0,0,1,11,0.944,-8.61,0,0,0,0,0,0,0,,,,0,0,0,0,,,5,0,0,,0,
2980,0.108663,cg1486,ltbR,cg2563,lcoP,0,sampled_negative,unknown,0,0,0,0,0,,,0,0,0,0,,0,0,,0,0,0,1,11,0.944,-8.61,0,0,0,0,0,0,0,,,,0,0,0,0,,,5,0,0,,0,
2981,0.108527,cg0876,sigH,cg0928,cg0928,1,curated_positive,unknown,0,0,1,0,0,,experimental,0.75,1,1,1,CoryneRegNet,1,1,OP_cg0926,1,3,0,1,13,0.5696,-4.72,0,0,0,0,0,0,0,,,,0,0,0,0,,,5,0,0,,0,
2982,0.108527,cg2103,dtxR,cg0928,cg0928,1,curated_positive,R,0,1,0,0,0,,experimental,0.75,1,1,1,CoryneRegNet,1,1,OP_cg0926,1,3,0,1,13,0.5696,-4.72,0,0,0,0,0,0,0,,,,0,0,0,0,,,5,0,0,,0,
2983,0.107545,cg0146,atlR,cg0089,citA,0,sampled_negative,unknown,0,0,0,0,0,,,0,0,0,0,,0,0,OP_cg0089,1,2,0,1,5,0.07345,-17,5,0,0,0,0,0,0,,,,0,0,0,0,,,5,0,0,,0,
2984,0.107545,cg0565,gabR,cg0089,citA,0,sampled_negative,unknown,0,0,0,0,0,,,0,0,0,0,,0,0,OP_cg0089,1,2,0,1,5,0.07345,-17,5,0,0,0,0,0,0,,,,0,0,0,0,,,5,0,0,,0,
2985,0.106258,cg1547,ccpA1(uriR),cg1805,priA,0,sampled_negative,unknown,0,0,0,0,0,,,0,0,0,0,,0,0,OP_cg1807,1,3,0,1,12,0.8405,-5.29,0,0,0,0,0,0,0,,,,0,0,0,0,,,5,0,0,,0,
2986,0.105960,cg2102,sigB,cg0655,rpoA,0,sampled_negative,unknown,0,0,0,0,0,,,0,0,0,0,,0,0,OP_cg0651,1,7,0,1,1,0.8519,-11.35,4,0,0,0,0,0,0,,,,0,0,0,0,,,5,0,0,,0,
2987,0.105960,cg2544,gntR3,cg0655,rpoA,0,sampled_negative,unknown,0,0,0,0,0,,,0,0,0,0,,0,0,OP_cg0651,1,7,0,1,1,0.8519,-11.35,4,0,0,0,0,0,0,,,,0,0,0,0,,,5,0,0,,0,
2988,0.105960,cg0500,qsuR,cg0655,rpoA,0,sampled_negative,unknown,0,0,0,0,0,,,0,0,0,0,,0,0,OP_cg0651,1,7,0,1,1,0.8519,-11.35,4,0,0,0,0,0,0,,,,0,0,0,0,,,5,0,0,,0,
2989,0.105960,cg3420,sigM,cg0655,rpoA,0,sampled_negative,unknown,0,0,0,0,0,,,0,0,0,0,,0,0,OP_cg0651,1,7,0,1,1,0.8519,-11.35,4,0,0,0,0,0,0,,,,0,0,0,0,,,5,0,0,,0,
2990,0.105960,cg1648,cg1648,cg0655,rpoA,0,sampled_negative,unknown,0,0,0,0,0,,,0,0,0,0,,0,0,OP_cg0651,1,7,0,1,1,0.8519,-11.35,4,0,0,0,0,0,0,,,,0,0,0,0,,,5,0,0,,0,
2991,0.105960,cg2766,cg2766,cg0655,rpoA,0,sampled_negative,unknown,0,0,0,0,0,,,0,0,0,0,,0,0,OP_cg0651,1,7,0,1,1,0.8519,-11.35,4,0,0,0,0,0,0,,,,0,0,0,0,,,5,0,0,,0,
2992,0.105646,cg1704,cg1704,cg2743,fas-IA,0,sampled_negative,unknown,0,0,0,0,0,,,0,0,0,0,,0,0,,0,0,0,1,15,0.6837,-9.27,0,0,0,0,0,0,0,,,,0,0,0,0,,,5,0,0,,0,
2993,0.105646,cg0696,sigD,cg2743,fas-IA,0,sampled_negative,unknown,0,0,0,0,0,,,0,0,0,0,,0,0,,0,0,0,1,15,0.6837,-9.27,0,0,0,0,0,0,0,,,,0,0,0,0,,,5,0,0,,0,
2994,0.105630,cg3202,cg3202,cg1586,argG,1,curated_positive,R,0,1,0,0,0,,experimental,0.75,1,1,1,CoryneRegNet,1,1,OP_cg1586,1,2,0,1,11,0.5628,-15.88,0,0,0,0,0,0,0,,,,0,0,0,0,,,5,0,0,,0,
2995,0.105630,cg2641,benR,cg1586,argG,0,sampled_negative,unknown,0,0,0,0,0,,,0,0,0,0,,0,0,OP_cg1586,1,2,0,1,11,0.5628,-15.88,0,0,0,0,0,0,0,,,,0,0,0,0,,,5,0,0,,0,
2996,0.105630,cg0371,cspA2,cg1586,argG,0,sampled_negative,unknown,0,0,0,0,0,,,0,0,0,0,,0,0,OP_cg1586,1,2,0,1,11,0.5628,-15.88,0,0,0,0,0,0,0,,,,0,0,0,0,,,5,0,0,,0,
2997,0.105205,cg0979,cg0979,cg3427,parA1,0,sampled_negative,unknown,0,0,0,0,0,,,0,0,0,0,,0,0,OP_cg3428,1,4,0,1,3,0.08784,-15.41,2,0,0,0,0,0,0,,,,0,0,0,0,,,5,0,0,,0,
2998,0.102713,cg0725,crtR,cg2346,rluD,0,sampled_negative,unknown,0,0,0,0,0,,,0,0,0,0,,0,0,OP_cg2347,1,3,0,1,7,0.952,-9.9,2,0,0,0,0,0,0,,,,0,0,0,0,,,5,0,0,,0,
2999,0.102713,cg2103,dtxR,cg2346,rluD,0,sampled_negative,unknown,0,0,0,0,0,,,0,0,0,0,,0,0,OP_cg2347,1,3,0,1,7,0.952,-9.9,2,0,0,0,0,0,0,,,,0,0,0,0,,,5,0,0,,0,
3000,0.102713,cg1585,argR,cg2346,rluD,0,sampled_negative,unknown,0,0,0,0,0,,,0,0,0,0,,0,0,OP_cg2347,1,3,0,1,7,0.952,-9.9,2,0,0,0,0,0,0,,,,0,0,0,0,,,5,0,0,,0,
3001,0.102605,cg2831,ramA,cg3207,pheA,0,sampled_negative,unknown,0,0,0,0,0,,,0,0,0,0,,0,0,,0,0,0,1,7,0.7201,-14.12,1,0,0,0,0,0,0,,,,0,0,0,0,,,5,0,0,,0,
3002,0.102245,cg2109,oxyR,cg3351,nagI,0,sampled_negative,unknown,0,0,0,0,0,,,0,0,0,0,,0,0,OP_cg3351,1,3,0,1,10,0.9337,-8.35,1,0,0,0,0,0,0,,,,0,0,0,0,,,5,0,0,,0,
3003,0.102245,cg2942,cg2942,cg3351,nagI,0,sampled_negative,unknown,0,0,0,0,0,,,0,0,0,0,,0,0,OP_cg3351,1,3,0,1,10,0.9337,-8.35,1,0,0,0,0,0,0,,,,0,0,0,0,,,5,0,0,,0,
3004,0.101667,cg1486,ltbR,cg2910,ipsA,0,sampled_negative,unknown,0,0,0,0,0,,,0,0,0,0,,0,0,,0,0,0,1,10,0.6875,-8.81,1,0,0,0,0,0,0,,,,0,0,0,0,,,5,0,0,,0,
3005,0.101612,cg3420,sigM,cg2449,cg2449,0,sampled_negative,unknown,0,0,0,0,0,,,0,0,0,0,,0,0,,0,0,0,1,5,0.953,-16.17,1,0,0,0,0,0,0,,,,0,0,0,0,,,5,0,0,,0,
3006,0.101450,cg0878,whiB1(whcE),cg1699,hisE,0,sampled_negative,unknown,0,0,0,0,0,,,0,0,0,0,,0,0,OP_cg1699,1,2,0,1,7,0.9254,-7.17,2,0,0,0,0,0,0,,,,0,0,0,0,,,5,0,0,,0,
3007,0.101450,cg0862,mtrA,cg1699,hisE,0,sampled_negative,unknown,0,0,0,0,0,,,0,0,0,0,,0,0,OP_cg1699,1,2,0,1,7,0.9254,-7.17,2,0,0,0,0,0,0,,,,0,0,0,0,,,5,0,0,,0,
3008,0.101435,cg0463,csoR,cg0282,cg0282,0,sampled_negative,unknown,0,0,0,0,0,,,0,0,0,0,,0,0,,0,0,0,1,10,0.9432,-16.86,1,0,0,0,0,0,0,,,,0,0,0,0,,,5,0,0,,0,
3009,0.100816,cg2092,sigA,cg2597,rne,0,sampled_negative,unknown,0,0,0,0,0,,,0,0,0,0,,0,0,OP_cg2597,1,3,0,1,1,0.08258,-15.89,2,0,0,0,0,0,0,,,,0,0,0,0,,,5,0,0,,0,
3010,0.100774,cg1846,cssR,cg0124,amn,0,sampled_negative,unknown,0,0,0,0,0,,,0,0,0,0,,0,0,,0,0,0,1,12,0.8007,-11.54,0,0,0,0,0,0,0,,,,0,0,0,0,,,5,0,0,,0,
3011,0.100648,cg0196,iolR,cg2530,treX,0,sampled_negative,unknown,0,0,0,0,0,,,0,0,0,0,,0,0,OP_cg2529,1,2,0,1,12,0.8683,-11.25,0,0,0,0,0,0,0,,,,0,0,0,0,,,5,0,0,,0,
3012,0.099834,cg0696,sigD,cg3074,msrR,0,sampled_negative,unknown,0,0,0,0,0,,,0,0,0,0,,0,0,,0,0,0,1,6,0.9074,-11.83,1,0,0,0,0,0,0,,,,0,0,0,0,,,5,0,0,,0,
3013,0.099834,cg1817,pyrR,cg3074,msrR,0,sampled_negative,unknown,0,0,0,0,0,,,0,0,0,0,,0,0,,0,0,0,1,6,0.9074,-11.83,1,0,0,0,0,0,0,,,,0,0,0,0,,,5,0,0,,0,
3014,0.097733,cg3202,farR,cg2801,crcB',0,sampled_negative,unknown,0,0,0,0,0,,,0,0,0,0,,0,0,OP_cg2801,1,3,0,1,9,0.4856,-19.18,1,0,0,0,0,0,0,,,,0,0,0,0,,,5,0,0,,0,
3015,0.097733,cg2936,nanR,cg2801,crcB',0,sampled_negative,unknown,0,0,0,0,0,,,0,0,0,0,,0,0,OP_cg2801,1,3,0,1,9,0.4856,-19.18,1,0,0,0,0,0,0,,,,0,0,0,0,,,5,0,0,,0,
3016,0.097733,cg0986,amtR,cg2801,crcB',0,sampled_negative,unknown,0,0,0,0,0,,,0,0,0,0,,0,0,OP_cg2801,1,3,0,1,9,0.4856,-19.18,1,0,0,0,0,0,0,,,,0,0,0,0,,,5,0,0,,0,
3017,0.097733,cg1053,cg1053,cg2801,crcB',0,sampled_negative,unknown,0,0,0,0,0,,,0,0,0,0,,0,0,OP_cg2801,1,3,0,1,9,0.4856,-19.18,1,0,0,0,0,0,0,,,,0,0,0,0,,,5,0,0,,0,
3018,0.096588,cg0500,qsuR,cg0480,fadD5,0,sampled_negative,unknown,0,0,0,0,0,,,0,0,0,0,,0,0,,0,0,0,1,6,0.3744,-16.85,1,0,0,0,0,0,0,,,,0,0,0,0,,,5,0,0,,0,
3019,0.095239,cg0317,arsR2,cg2924,cysS,0,sampled_negative,unknown,0,0,0,0,0,,,0,0,0,0,,0,0,OP_cg2924,1,2,0,1,11,0.498,-15.51,0,0,0,0,0,0,0,,,,0,0,0,0,,,5,0,0,,0,
3020,0.095065,cg2936,nanR,cg0004,dnaN,0,sampled_negative,unknown,0,0,0,0,0,,,0,0,0,0,,0,0,OP_cg0004,1,4,0,1,10,0.9437,-12.28,2,0,0,0,0,0,0,,,,0,0,0,0,,,5,0,0,,0,
3021,0.095065,cg2516,hrcA,cg0004,dnaN,0,sampled_negative,unknown,0,0,0,0,0,,,0,0,0,0,,0,0,OP_cg0004,1,4,0,1,10,0.9437,-12.28,2,0,0,0,0,0,0,,,,0,0,0,0,,,5,0,0,,0,
3022,0.095065,cg2942,cg2942,cg0004,dnaN,0,sampled_negative,unknown,0,0,0,0,0,,,0,0,0,0,,0,0,OP_cg0004,1,4,0,1,10,0.9437,-12.28,2,0,0,0,0,0,0,,,,0,0,0,0,,,5,0,0,,0,
3023,0.094158,cg0725,cg0725,cg0722,cg0722,1,curated_positive,R,0,1,0,0,0,,experimental,0.75,1,1,1,CoryneRegNet,1,1,OP_cg0722,1,6,0,1,15,0.8572,-4.45,0,0,0,0,0,0,0,,,,0,0,0,0,,,5,0,0,,0,
3024,0.094158,cg3097,hspR,cg0722,cg0722,0,sampled_negative,unknown,0,0,0,0,0,,,0,0,0,0,,0,0,OP_cg0722,1,6,0,1,15,0.8572,-4.45,0,0,0,0,0,0,0,,,,0,0,0,0,,,5,0,0,,0,
3025,0.094158,cg2268,cg2268,cg0722,cg0722,0,sampled_negative,unknown,0,0,0,0,0,,,0,0,0,0,,0,0,OP_cg0722,1,6,0,1,15,0.8572,-4.45,0,0,0,0,0,0,0,,,,0,0,0,0,,,5,0,0,,0,
3026,0.093704,cg0876,sigH,cg2515,dnaJ2,1,curated_positive,unknown,0,0,1,0,0,,experimental,0.75,1,1,3,CoryneRegNet,1,1,OP_cg2517,1,11,0,1,4,0.6611,-11.05,1,0,0,0,0,0,0,,,,0,0,0,0,,,5,0,0,,0,
3027,0.093704,cg2152,clgR,cg2515,dnaJ2,0,sampled_negative,unknown,0,0,0,0,0,,,0,0,0,0,,0,0,OP_cg2517,1,11,0,1,4,0.6611,-11.05,1,0,0,0,0,0,0,,,,0,0,0,0,,,5,0,0,,0,
3028,0.093579,cg0862,mtrA,cg0401,rmlA1,0,sampled_negative,unknown,0,0,0,0,0,,,0,0,0,0,,0,0,OP_cg0403,1,3,0,1,1,0.03723,-15.88,2,0,0,0,0,0,0,,,,0,0,0,0,,,5,0,0,,0,
3029,0.093579,cg0741,sirR(mntR),cg0401,rmlA1,0,sampled_negative,unknown,0,0,0,0,0,,,0,0,0,0,,0,0,OP_cg0403,1,3,0,1,1,0.03723,-15.88,2,0,0,0,0,0,0,,,,0,0,0,0,,,5,0,0,,0,
3030,0.093533,cg2200,cgtR8,cg1678,cobL,0,sampled_negative,unknown,0,0,0,0,0,,,0,0,0,0,,0,0,,0,0,0,1,11,0.9022,-13.72,0,0,0,0,0,0,0,,,,0,0,0,0,,,5,0,0,,0,
3031,0.093533,cg2783,cg2783,cg1678,cobL,0,sampled_negative,unknown,0,0,0,0,0,,,0,0,0,0,,0,0,,0,0,0,1,11,0.9022,-13.72,0,0,0,0,0,0,0,,,,0,0,0,0,,,5,0,0,,0,
3032,0.092959,cg0696,sigD,cg2944,ispF,0,sampled_negative,unknown,0,0,0,0,0,,,0,0,0,0,,0,0,OP_cg2946,1,3,0,1,2,0.952,-11.47,2,0,0,0,0,0,0,,,,0,0,0,0,,,5,0,0,,0,
3033,0.092959,cg1738,acnR,cg2944,ispF,0,sampled_negative,unknown,0,0,0,0,0,,,0,0,0,0,,0,0,OP_cg2946,1,3,0,1,2,0.952,-11.47,2,0,0,0,0,0,0,,,,0,0,0,0,,,5,0,0,,0,
3034,0.092959,cg2894,cg2894,cg2944,ispF,0,sampled_negative,unknown,0,0,0,0,0,,,0,0,0,0,,0,0,OP_cg2946,1,3,0,1,2,0.952,-11.47,2,0,0,0,0,0,0,,,,0,0,0,0,,,5,0,0,,0,
3035,0.092959,cg0500,qsuR,cg2944,ispF,0,sampled_negative,unknown,0,0,0,0,0,,,0,0,0,0,,0,0,OP_cg2946,1,3,0,1,2,0.952,-11.47,2,0,0,0,0,0,0,,,,0,0,0,0,,,5,0,0,,0,
3036,0.092354,cg0051,cg0051,cg3137,iunH1,0,sampled_negative,unknown,0,0,0,0,0,,,0,0,0,0,,0,0,,0,0,0,1,2,0.004974,-17.72,2,0,0,0,0,0,0,,,,0,0,0,0,,,5,0,0,,0,
3037,0.092354,cg2783,cg2783,cg3137,iunH1,0,sampled_negative,unknown,0,0,0,0,0,,,0,0,0,0,,0,0,,0,0,0,1,2,0.004974,-17.72,2,0,0,0,0,0,0,,,,0,0,0,0,,,5,0,0,,0,
3038,0.092331,cg2516,hrcA,cg0376,dnaX,0,sampled_negative,unknown,0,0,0,0,0,,,0,0,0,0,,0,0,,0,0,0,1,7,0.9432,-17.5,1,0,0,0,0,0,0,,,,0,0,0,0,,,5,0,0,,0,
3039,0.092331,cg2502,fur,cg0376,dnaX,0,sampled_negative,unknown,0,0,0,0,0,,,0,0,0,0,,0,0,,0,0,0,1,7,0.9432,-17.5,1,0,0,0,0,0,0,,,,0,0,0,0,,,5,0,0,,0,
3040,0.092092,cg0725,cg0725,cg0720,crtI2,1,curated_positive,R,0,1,0,0,0,,experimental,0.75,1,1,1,CoryneRegNet,1,1,OP_cg0722,1,6,0,1,1,0.001562,-21.35,1,0,0,0,0,0,0,,,,0,0,0,0,,,5,0,0,,0,
3041,0.092092,cg2615,vanR,cg0720,crtI2,0,sampled_negative,unknown,0,0,0,0,0,,,0,0,0,0,,0,0,OP_cg0722,1,6,0,1,1,0.001562,-21.35,1,0,0,0,0,0,0,,,,0,0,0,0,,,5,0,0,,0,
3042,0.092092,cg1831,cg1831,cg0720,crtI2,0,sampled_negative,unknown,0,0,0,0,0,,,0,0,0,0,,0,0,OP_cg0722,1,6,0,1,1,0.001562,-21.35,1,0,0,0,0,0,0,,,,0,0,0,0,,,5,0,0,,0,
3043,0.092092,cg0019,cg0019,cg0720,crtI2,0,sampled_negative,unknown,0,0,0,0,0,,,0,0,0,0,,0,0,OP_cg0722,1,6,0,1,1,0.001562,-21.35,1,0,0,0,0,0,0,,,,0,0,0,0,,,5,0,0,,0,
3044,0.092092,cg1410,rbsR,cg0720,crtI2,0,sampled_negative,unknown,0,0,0,0,0,,,0,0,0,0,,0,0,OP_cg0722,1,6,0,1,1,0.001562,-21.35,1,0,0,0,0,0,0,,,,0,0,0,0,,,5,0,0,,0,
3045,0.091507,cg3285,cgtR9(copR),cg2257,srp,0,sampled_negative,unknown,0,0,0,0,0,,,0,0,0,0,,0,0,,0,0,0,1,10,0.9558,-13.09,1,0,0,0,0,0,0,,,,0,0,0,0,,,5,0,0,,0,
3046,0.091408,cg0313,lrp,cg2804,tnp21a(ISCg21a),0,sampled_negative,unknown,0,0,0,0,0,,,0,0,0,0,,0,0,,0,0,0,1,3,0.02161,-21.42,4,0,0,0,0,0,0,,,,0,0,0,0,,,5,0,0,,0,
3047,0.091408,cg0979,cg0979,cg2804,tnp21a(ISCg21a),0,sampled_negative,unknown,0,0,0,0,0,,,0,0,0,0,,0,0,,0,0,0,1,3,0.02161,-21.42,4,0,0,0,0,0,0,,,,0,0,0,0,,,5,0,0,,0,
3048,0.091175,cg0876,sigH,cg2838,cg2838,1,curated_positive,unknown,0,0,1,0,0,,experimental,0.75,1,1,2,CoryneRegNet,1,1,,0,0,0,1,8,0.2998,-17.03,1,0,0,0,0,0,0,,,,0,0,0,0,,,5,0,0,,0,
3049,0.091175,cg1547,ccpA1(uriR),cg2838,cg2838,0,sampled_negative,unknown,0,0,0,0,0,,,0,0,0,0,,0,0,,0,0,0,1,8,0.2998,-17.03,1,0,0,0,0,0,0,,,,0,0,0,0,,,5,0,0,,0,
3050,0.091175,cg2309,bioQ,cg2838,cg2838,0,sampled_negative,unknown,0,0,0,0,0,,,0,0,0,0,,0,0,,0,0,0,1,8,0.2998,-17.03,1,0,0,0,0,0,0,,,,0,0,0,0,,,5,0,0,,0,
3051,0.090677,cg0876,sigH,cg1363,atpE,1,curated_positive,unknown,0,0,1,0,0,,experimental + predicted,0.75,1,1,2,CoryneRegNet,1,1,OP_cg1362,1,8,0,1,7,0.7653,-10.51,1,0,0,0,0,0,0,,,,0,0,0,0,,,5,0,0,,0,
3052,0.090677,cg0741,sirR(mntR),cg1363,atpE,0,sampled_negative,unknown,0,0,0,0,0,,,0,0,0,0,,0,0,OP_cg1362,1,8,0,1,7,0.7653,-10.51,1,0,0,0,0,0,0,,,,0,0,0,0,,,5,0,0,,0,
3053,0.090677,cg1486,ltbR,cg1363,atpE,0,sampled_negative,unknown,0,0,0,0,0,,,0,0,0,0,,0,0,OP_cg1362,1,8,0,1,7,0.7653,-10.51,1,0,0,0,0,0,0,,,,0,0,0,0,,,5,0,0,,0,
3054,0.087615,cg2615,vanR,cg0556,ubiE,0,sampled_negative,unknown,0,0,0,0,0,,,0,0,0,0,,0,0,,0,0,0,1,7,0.3298,-17.35,1,0,0,0,0,0,0,,,,0,0,0,0,,,5,0,0,,0,
3055,0.086811,cg3315,malR,cg2374,murE,0,sampled_negative,unknown,0,0,0,0,0,,,0,0,0,0,,0,0,OP_cg2375,1,9,0,1,7,0.3203,-20.08,2,0,0,0,0,0,0,,,,0,0,0,0,,,5,0,0,,0,
3056,0.086811,cg1218,nrtR,cg2374,murE,0,sampled_negative,unknown,0,0,0,0,0,,,0,0,0,0,,0,0,OP_cg2375,1,9,0,1,7,0.3203,-20.08,2,0,0,0,0,0,0,,,,0,0,0,0,,,5,0,0,,0,
3057,0.086515,cg1552,qorR,cg0559,ispB,0,sampled_negative,unknown,0,0,0,0,0,,,0,0,0,0,,0,0,,0,0,0,1,6,0.2557,-19.2,1,0,0,0,0,0,0,,,,0,0,0,0,,,5,0,0,,0,
3058,0.086515,cg1218,nrtR,cg0559,ispB,0,sampled_negative,unknown,0,0,0,0,0,,,0,0,0,0,,0,0,,0,0,0,1,6,0.2557,-19.2,1,0,0,0,0,0,0,,,,0,0,0,0,,,5,0,0,,0,
3059,0.085626,cg2627,cg2627,cg2840,actA,0,sampled_negative,unknown,0,0,0,0,0,,,0,0,0,0,,0,0,,0,0,0,1,1,0,-185.35,2,0,0,0,0,0,0,,,,0,0,0,0,,,5,0,0,,0,
3060,0.085626,cg2888,cgtR3(phoR),cg2840,actA,0,sampled_negative,unknown,0,0,0,0,0,,,0,0,0,0,,0,0,,0,0,0,1,1,0,-185.35,2,0,0,0,0,0,0,,,,0,0,0,0,,,5,0,0,,0,
3061,0.085626,cg1547,ccpA1(uriR),cg2840,actA,0,sampled_negative,unknown,0,0,0,0,0,,,0,0,0,0,,0,0,,0,0,0,1,1,0,-185.35,2,0,0,0,0,0,0,,,,0,0,0,0,,,5,0,0,,0,
3062,0.085626,cg3388,cg3388,cg2840,actA,0,sampled_negative,unknown,0,0,0,0,0,,,0,0,0,0,,0,0,,0,0,0,1,1,0,-185.35,2,0,0,0,0,0,0,,,,0,0,0,0,,,5,0,0,,0,
3063,0.084380,cg0862,mtrA,cg1426,cg1426,0,sampled_negative,unknown,0,0,0,0,0,,,0,0,0,0,,0,0,,0,0,0,1,6,0.7237,-16.41,1,0,0,0,0,0,0,,,,0,0,0,0,,,5,0,0,,0,
3064,0.084367,cg1552,qorR,cg1329,ctpC,0,sampled_negative,unknown,0,0,0,0,0,,,0,0,0,0,,0,0,OP_cg1328,1,2,0,1,9,0.4968,-17.66,1,0,0,0,0,0,0,,,,0,0,0,0,,,5,0,0,,0,
3065,0.084367,cg2500,znR,cg1329,ctpC,0,sampled_negative,unknown,0,0,0,0,0,,,0,0,0,0,,0,0,OP_cg1328,1,2,0,1,9,0.4968,-17.66,1,0,0,0,0,0,0,,,,0,0,0,0,,,5,0,0,,0,
3066,0.084367,cg2888,cgtR3(phoR),cg1329,ctpC,0,sampled_negative,unknown,0,0,0,0,0,,,0,0,0,0,,0,0,OP_cg1328,1,2,0,1,9,0.4968,-17.66,1,0,0,0,0,0,0,,,,0,0,0,0,,,5,0,0,,0,
3067,0.084108,cg0500,qsuR,cg2544,gntR3,0,sampled_negative,unknown,0,0,0,0,0,,,0,0,0,0,,0,0,,0,0,0,1,14,0.2626,-6.79,0,0,0,0,0,0,0,,,,0,0,0,0,,,5,0,0,,0,
3068,0.084108,cg1486,ltbR,cg2544,gntR3,0,sampled_negative,unknown,0,0,0,0,0,,,0,0,0,0,,0,0,,0,0,0,1,14,0.2626,-6.79,0,0,0,0,0,0,0,,,,0,0,0,0,,,5,0,0,,0,
3069,0.084108,cg0313,lrp,cg2544,gntR3,0,sampled_negative,unknown,0,0,0,0,0,,,0,0,0,0,,0,0,,0,0,0,1,14,0.2626,-6.79,0,0,0,0,0,0,0,,,,0,0,0,0,,,5,0,0,,0,
3070,0.083398,cg2115,cg2115,cg0441,lpd,1,curated_positive,R,0,1,0,0,0,,predicted,0.2,0,1,1,CoryneRegNet,1,1,,0,0,0,1,8,0.3743,-18.01,1,0,0,0,0,0,0,,,,0,0,0,0,,,5,0,0,,0,
3071,0.083398,cg3239,cg3239,cg0441,lpd,0,sampled_negative,unknown,0,0,0,0,0,,,0,0,0,0,,0,0,,0,0,0,1,8,0.3743,-18.01,1,0,0,0,0,0,0,,,,0,0,0,0,,,5,0,0,,0,
3072,0.083398,cg2309,bioQ,cg0441,lpd,0,sampled_negative,unknown,0,0,0,0,0,,,0,0,0,0,,0,0,,0,0,0,1,8,0.3743,-18.01,1,0,0,0,0,0,0,,,,0,0,0,0,,,5,0,0,,0,
3073,0.082953,cg0876,sigH,cg3236,msrA,1,curated_positive,unknown,0,0,1,0,0,,experimental,0.75,1,1,3,CoryneRegNet,1,1,,0,0,0,1,10,0.9655,-21.57,1,0,0,0,0,0,0,,,,0,0,0,0,,,5,0,0,,0,
3074,0.082953,cg2200,cgtR8,cg3236,msrA,0,sampled_negative,unknown,0,0,0,0,0,,,0,0,0,0,,0,0,,0,0,0,1,10,0.9655,-21.57,1,0,0,0,0,0,0,,,,0,0,0,0,,,5,0,0,,0,
3075,0.082953,cg0500,qsuR,cg3236,msrA,0,sampled_negative,unknown,0,0,0,0,0,,,0,0,0,0,,0,0,,0,0,0,1,10,0.9655,-21.57,1,0,0,0,0,0,0,,,,0,0,0,0,,,5,0,0,,0,
3076,0.082869,cg2200,cgtR8,cg0985,citE,0,sampled_negative,unknown,0,0,0,0,0,,,0,0,0,0,,0,0,,0,0,0,1,5,0.393,-14.85,2,0,0,0,0,0,0,,,,0,0,0,0,,,5,0,0,,0,
3077,0.082515,cg0012,ssuR,cg0279,tyrA,0,sampled_negative,unknown,0,0,0,0,0,,,0,0,0,0,,0,0,,0,0,0,1,4,0.4167,-15.35,2,0,0,0,0,0,0,,,,0,0,0,0,,,5,0,0,,0,
3078,0.082515,cg0215,cspA,cg0279,tyrA,0,sampled_negative,unknown,0,0,0,0,0,,,0,0,0,0,,0,0,,0,0,0,1,4,0.4167,-15.35,2,0,0,0,0,0,0,,,,0,0,0,0,,,5,0,0,,0,
3079,0.082515,cg0463,csoR,cg0279,tyrA,0,sampled_negative,unknown,0,0,0,0,0,,,0,0,0,0,,0,0,,0,0,0,1,4,0.4167,-15.35,2,0,0,0,0,0,0,,,,0,0,0,0,,,5,0,0,,0,
3080,0.081930,cg0876,sigH,cg1368,atpD,1,curated_positive,unknown,0,0,1,0,0,,experimental + predicted,0.75,1,1,2,CoryneRegNet,1,1,OP_cg1362,1,8,0,1,5,0.5083,-8.12,1,0,0,0,0,0,0,,,,0,0,0,0,,,5,0,0,,0,
3081,0.081930,cg2766,cg2766,cg1368,atpD,0,sampled_negative,unknown,0,0,0,0,0,,,0,0,0,0,,0,0,OP_cg1362,1,8,0,1,5,0.5083,-8.12,1,0,0,0,0,0,0,,,,0,0,0,0,,,5,0,0,,0,
3082,0.081930,cg1792,whiA,cg1368,atpD,0,sampled_negative,unknown,0,0,0,0,0,,,0,0,0,0,,0,0,OP_cg1362,1,8,0,1,5,0.5083,-8.12,1,0,0,0,0,0,0,,,,0,0,0,0,,,5,0,0,,0,
3083,0.081930,cg0019,cg0019,cg1368,atpD,0,sampled_negative,unknown,0,0,0,0,0,,,0,0,0,0,,0,0,OP_cg1362,1,8,0,1,5,0.5083,-8.12,1,0,0,0,0,0,0,,,,0,0,0,0,,,5,0,0,,0,
3084,0.081670,cg0878,whiB1(whcE),cg2202,cg2202,0,sampled_negative,unknown,0,0,0,0,0,,,0,0,0,0,,0,0,OP_cg2202,1,2,0,1,4,0.9397,-18.57,1,0,0,0,0,0,0,,,,0,0,0,0,,,5,0,0,,0,
3085,0.081670,cg3373,cg3373,cg2202,cg2202,0,sampled_negative,unknown,0,0,0,0,0,,,0,0,0,0,,0,0,OP_cg2202,1,2,0,1,4,0.9397,-18.57,1,0,0,0,0,0,0,,,,0,0,0,0,,,5,0,0,,0,
3086,0.081670,cg0454,cg0454,cg2202,cg2202,0,sampled_negative,unknown,0,0,0,0,0,,,0,0,0,0,,0,0,OP_cg2202,1,2,0,1,4,0.9397,-18.57,1,0,0,0,0,0,0,,,,0,0,0,0,,,5,0,0,,0,
3087,0.079400,cg3082,cg3082,cg0864,mtrB,0,sampled_negative,unknown,0,0,0,0,0,,,0,0,0,0,,0,0,OP_cg0860,1,8,0,1,14,0.8851,-10.68,0,0,0,0,0,0,0,,,,0,0,0,0,,,5,0,0,,0,
3088,0.079400,cg2109,oxyR,cg0864,mtrB,0,sampled_negative,unknown,0,0,0,0,0,,,0,0,0,0,,0,0,OP_cg0860,1,8,0,1,14,0.8851,-10.68,0,0,0,0,0,0,0,,,,0,0,0,0,,,5,0,0,,0,
3089,0.078856,cg3420,sigM,cg1528,dkgX,0,sampled_negative,unknown,0,0,0,0,0,,,0,0,0,0,,0,0,OP_cg1527,1,2,0,1,12,0.5779,-18.11,0,0,0,0,0,0,0,,,,0,0,0,0,,,5,0,0,,0,
3090,0.078525,cg1861,rel,cg0876,sigH,1,curated_positive,A,1,0,0,0,0,,predicted,0.05,0,0,0,CoryneRegNet,1,1,OP_cg0876,1,2,0,1,12,0.7829,-12.01,0,0,0,0,0,0,0,,,,0,0,0,0,,,5,0,0,,0,
3091,0.078525,cg0444,ramB,cg0876,sigH,0,sampled_negative,unknown,0,0,0,0,0,,,0,0,0,0,,0,0,OP_cg0876,1,2,0,1,12,0.7829,-12.01,0,0,0,0,0,0,0,,,,0,0,0,0,,,5,0,0,,0,
3092,0.076964,cg1084,cgtR10,cg1082,cg1082,1,curated_positive,A,1,0,0,0,0,,experimental,0.75,1,1,1,CoryneRegNet,1,1,OP_cg1081,1,2,0,1,11,0.3791,-13.28,0,0,0,0,0,0,0,,,,0,0,0,0,,,5,0,0,,0,
3093,0.076964,cg2200,cgtR8,cg1082,cg1082,0,sampled_negative,unknown,0,0,0,0,0,,,0,0,0,0,,0,0,OP_cg1081,1,2,0,1,11,0.3791,-13.28,0,0,0,0,0,0,0,,,,0,0,0,0,,,5,0,0,,0,
3094,0.076964,cg2118,fruR,cg1082,cg1082,0,sampled_negative,unknown,0,0,0,0,0,,,0,0,0,0,,0,0,OP_cg1081,1,2,0,1,11,0.3791,-13.28,0,0,0,0,0,0,0,,,,0,0,0,0,,,5,0,0,,0,
3095,0.076964,cg2500,znR,cg1082,cg1082,0,sampled_negative,unknown,0,0,0,0,0,,,0,0,0,0,,0,0,OP_cg1081,1,2,0,1,11,0.3791,-13.28,0,0,0,0,0,0,0,,,,0,0,0,0,,,5,0,0,,0,
3096,0.076964,cg1704,cg1704,cg1082,cg1082,0,sampled_negative,unknown,0,0,0,0,0,,,0,0,0,0,,0,0,OP_cg1081,1,2,0,1,11,0.3791,-13.28,0,0,0,0,0,0,0,,,,0,0,0,0,,,5,0,0,,0,
3097,0.076346,cg0709,cgtR7(esrR),cg1572,glpQ2,0,sampled_negative,unknown,0,0,0,0,0,,,0,0,0,0,,0,0,,0,0,0,1,10,0.6097,-25.09,1,0,0,0,0,0,0,,,,0,0,0,0,,,5,0,0,,0,
3098,0.076346,cg2114,cg2114,cg1572,glpQ2,0,sampled_negative,unknown,0,0,0,0,0,,,0,0,0,0,,0,0,,0,0,0,1,10,0.6097,-25.09,1,0,0,0,0,0,0,,,,0,0,0,0,,,5,0,0,,0,
3099,0.075981,cg0454,cg0454,cg0703,guaA,0,sampled_negative,unknown,0,0,0,0,0,,,0,0,0,0,,0,0,OP_cg0702,1,2,0,1,7,0.926,-5.63,1,0,0,0,0,0,0,,,,0,0,0,0,,,5,0,0,,0,
3100,0.075981,cg1410,rbsR,cg0703,guaA,0,sampled_negative,unknown,0,0,0,0,0,,,0,0,0,0,,0,0,OP_cg0702,1,2,0,1,7,0.926,-5.63,1,0,0,0,0,0,0,,,,0,0,0,0,,,5,0,0,,0,
3101,0.075981,cg0343,phdR,cg0703,guaA,0,sampled_negative,unknown,0,0,0,0,0,,,0,0,0,0,,0,0,OP_cg0702,1,2,0,1,7,0.926,-5.63,1,0,0,0,0,0,0,,,,0,0,0,0,,,5,0,0,,0,
3102,0.073862,cg0709,cgtR7(esrR),cg2367,ftsQ,0,sampled_negative,unknown,0,0,0,0,0,,,0,0,0,0,,0,0,OP_cg2375,1,9,0,1,8,0.7533,-18.68,2,0,0,0,0,0,0,,,,0,0,0,0,,,5,0,0,,0,
3103,0.073862,cg1831,cg1831,cg2367,ftsQ,0,sampled_negative,unknown,0,0,0,0,0,,,0,0,0,0,,0,0,OP_cg2375,1,9,0,1,8,0.7533,-18.68,2,0,0,0,0,0,0,,,,0,0,0,0,,,5,0,0,,0,
3104,0.073862,cg0343,phdR,cg2367,ftsQ,0,sampled_negative,unknown,0,0,0,0,0,,,0,0,0,0,,0,0,OP_cg2375,1,9,0,1,8,0.7533,-18.68,2,0,0,0,0,0,0,,,,0,0,0,0,,,5,0,0,,0,
3105,0.073780,cg0463,csoR,cg1551,uspA1,0,sampled_negative,unknown,0,0,0,0,0,,,0,0,0,0,,0,0,,0,0,0,1,10,0.7653,-5.97,1,0,0,0,0,0,0,,,,0,0,0,0,,,5,0,0,,0,
3106,0.073780,cg2766,cg2766,cg1551,uspA1,0,sampled_negative,unknown,0,0,0,0,0,,,0,0,0,0,,0,0,,0,0,0,1,10,0.7653,-5.97,1,0,0,0,0,0,0,,,,0,0,0,0,,,5,0,0,,0,
3107,0.073667,cg1218,nrtR,cg2311,cg2311,0,sampled_negative,unknown,0,0,0,0,0,,,0,0,0,0,,0,0,,0,0,0,1,6,0.311,-18.84,1,0,0,0,0,0,0,,,,0,0,0,0,,,5,0,0,,0,
3108,0.073667,cg0444,ramB,cg2311,cg2311,0,sampled_negative,unknown,0,0,0,0,0,,,0,0,0,0,,0,0,,0,0,0,1,6,0.311,-18.84,1,0,0,0,0,0,0,,,,0,0,0,0,,,5,0,0,,0,
3109,0.073249,cg2544,cg2544,cg2540,cg2540,1,curated_positive,R,0,1,0,0,0,,experimental,0.75,1,1,1,CoryneRegNet,1,1,OP_cg2543,1,3,0,1,2,0.213,-23.7,5,0,0,0,0,0,0,,,,0,0,0,0,,,5,0,0,,0,
3110,0.073249,cg3315,malR,cg2540,cg2540,0,sampled_negative,unknown,0,0,0,0,0,,,0,0,0,0,,0,0,OP_cg2543,1,3,0,1,2,0.213,-23.7,5,0,0,0,0,0,0,,,,0,0,0,0,,,5,0,0,,0,
3111,0.073249,cg0565,gabR,cg2540,cg2540,0,sampled_negative,unknown,0,0,0,0,0,,,0,0,0,0,,0,0,OP_cg2543,1,3,0,1,2,0.213,-23.7,5,0,0,0,0,0,0,,,,0,0,0,0,,,5,0,0,,0,
3112,0.073249,cg1935,gntR2,cg2540,cg2540,0,sampled_negative,unknown,0,0,0,0,0,,,0,0,0,0,,0,0,OP_cg2543,1,3,0,1,2,0.213,-23.7,5,0,0,0,0,0,0,,,,0,0,0,0,,,5,0,0,,0,
3113,0.072598,cg0876,sigH,cg1017,metS,0,sampled_negative,unknown,0,0,0,0,0,,,0,0,0,0,,0,0,,0,0,0,1,5,0.9496,-16.91,1,0,0,0,0,0,0,,,,0,0,0,0,,,5,0,0,,0,
3114,0.072537,cg2641,benR,cg0490,proC,0,sampled_negative,unknown,0,0,0,0,0,,,0,0,0,0,,0,0,,0,0,0,1,12,0.7518,-11.61,0,0,0,0,0,0,0,,,,0,0,0,0,,,5,0,0,,0,
3115,0.070410,cg1271,sigE,cg2309,bioQ,0,sampled_negative,unknown,0,0,0,0,0,,,0,0,0,0,,0,0,OP_cg2309,1,2,0,1,12,0.7615,-17.16,0,0,0,0,0,0,0,,,,0,0,0,0,,,5,0,0,,0,
3116,0.070410,cg3082,cg3082,cg2309,bioQ,0,sampled_negative,unknown,0,0,0,0,0,,,0,0,0,0,,0,0,OP_cg2309,1,2,0,1,12,0.7615,-17.16,0,0,0,0,0,0,0,,,,0,0,0,0,,,5,0,0,,0,
3117,0.070410,cg3373,cg3373,cg2309,bioQ,0,sampled_negative,unknown,0,0,0,0,0,,,0,0,0,0,,0,0,OP_cg2309,1,2,0,1,12,0.7615,-17.16,0,0,0,0,0,0,0,,,,0,0,0,0,,,5,0,0,,0,
3118,0.068317,cg1340,arnR,cg0178,hrpB,0,sampled_negative,unknown,0,0,0,0,0,,,0,0,0,0,,0,0,,0,0,0,1,1,0.003582,-15.15,1,0,0,0,0,0,0,,,,0,0,0,0,,,5,0,0,,0,
3119,0.068317,cg0371,cspA2,cg0178,hrpB,0,sampled_negative,unknown,0,0,0,0,0,,,0,0,0,0,,0,0,,0,0,0,1,1,0.003582,-15.15,1,0,0,0,0,0,0,,,,0,0,0,0,,,5,0,0,,0,
3120,0.068316,cg2965,cg2965,cg0596,rplD,0,sampled_negative,unknown,0,0,0,0,0,,,0,0,0,0,,0,0,OP_cg0593,1,11,0,1,12,0.8869,-14.78,0,0,0,0,0,0,0,,,,0,0,0,0,,,5,0,0,,0,
3121,0.067594,cg0646,cg0646,cg0609,rplX,0,sampled_negative,unknown,0,0,0,0,0,,,0,0,0,0,,0,0,OP_cg0608,1,3,0,1,13,0.5889,-17.46,0,0,0,0,0,0,0,,,,0,0,0,0,,,5,0,0,,0,
3122,0.067594,cg2831,ramA,cg0609,rplX,0,sampled_negative,unknown,0,0,0,0,0,,,0,0,0,0,,0,0,OP_cg0608,1,3,0,1,13,0.5889,-17.46,0,0,0,0,0,0,0,,,,0,0,0,0,,,5,0,0,,0,
3123,0.067594,cg0741,sirR(mntR),cg0609,rplX,0,sampled_negative,unknown,0,0,0,0,0,,,0,0,0,0,,0,0,OP_cg0608,1,3,0,1,13,0.5889,-17.46,0,0,0,0,0,0,0,,,,0,0,0,0,,,5,0,0,,0,
3124,0.067594,cg0463,csoR,cg0609,rplX,0,sampled_negative,unknown,0,0,0,0,0,,,0,0,0,0,,0,0,OP_cg0608,1,3,0,1,13,0.5889,-17.46,0,0,0,0,0,0,0,,,,0,0,0,0,,,5,0,0,,0,
3125,0.067501,cg0876,sigH,cg1359,cg1359,1,curated_positive,unknown,0,0,1,0,0,,predicted,0.05,0,0,0,CoryneRegNet,1,1,OP_cg1354,1,6,0,1,5,0.4169,-15.12,1,0,0,0,0,0,0,,,,0,0,0,0,,,5,0,0,,0,
3126,0.067501,cg2888,cgtR3(phoR),cg1359,cg1359,0,sampled_negative,unknown,0,0,0,0,0,,,0,0,0,0,,0,0,OP_cg1354,1,6,0,1,5,0.4169,-15.12,1,0,0,0,0,0,0,,,,0,0,0,0,,,5,0,0,,0,
3127,0.067501,cg2936,nanR,cg1359,cg1359,0,sampled_negative,unknown,0,0,0,0,0,,,0,0,0,0,,0,0,OP_cg1354,1,6,0,1,5,0.4169,-15.12,1,0,0,0,0,0,0,,,,0,0,0,0,,,5,0,0,,0,
3128,0.066038,cg3239,cg3239,cg1613,sseA2,0,sampled_negative,unknown,0,0,0,0,0,,,0,0,0,0,,0,0,,0,0,0,1,4,0.947,-21.15,2,0,0,0,0,0,0,,,,0,0,0,0,,,5,0,0,,0,
3129,0.066038,cg0146,atlR,cg1613,sseA2,0,sampled_negative,unknown,0,0,0,0,0,,,0,0,0,0,,0,0,,0,0,0,1,4,0.947,-21.15,2,0,0,0,0,0,0,,,,0,0,0,0,,,5,0,0,,0,
3130,0.066038,cg2641,benR,cg1613,sseA2,0,sampled_negative,unknown,0,0,0,0,0,,,0,0,0,0,,0,0,,0,0,0,1,4,0.947,-21.15,2,0,0,0,0,0,0,,,,0,0,0,0,,,5,0,0,,0,
3131,0.065597,cg2831,ramA,cg0967,cysQ,0,sampled_negative,unknown,0,0,0,0,0,,,0,0,0,0,,0,0,,0,0,0,1,6,0.7308,-16.06,1,0,0,0,0,0,0,,,,0,0,0,0,,,5,0,0,,0,
3132,0.065597,cg2615,vanR,cg0967,cysQ,0,sampled_negative,unknown,0,0,0,0,0,,,0,0,0,0,,0,0,,0,0,0,1,6,0.7308,-16.06,1,0,0,0,0,0,0,,,,0,0,0,0,,,5,0,0,,0,
3133,0.065592,cg2502,fur,cg3304,dnaB,0,sampled_negative,unknown,0,0,0,0,0,,,0,0,0,0,,0,0,,0,0,0,1,1,0.005527,-30.9,1,0,0,0,0,0,0,,,,0,0,0,0,,,5,0,0,,0,
3134,0.065211,cg1218,nrtR,cg1296,cg1296,0,sampled_negative,unknown,0,0,0,0,0,,,0,0,0,0,,0,0,,0,0,0,1,3,0.2113,-21.19,4,0,0,0,0,0,0,,,,0,0,0,0,,,5,0,0,,0,
3135,0.065211,cg1831,cg1831,cg1296,cg1296,0,sampled_negative,unknown,0,0,0,0,0,,,0,0,0,0,,0,0,,0,0,0,1,3,0.2113,-21.19,4,0,0,0,0,0,0,,,,0,0,0,0,,,5,0,0,,0,
3136,0.065064,cg0156,cysR,cg0309,sigC,0,sampled_negative,unknown,0,0,0,0,0,,,0,0,0,0,,0,0,,0,0,0,1,14,0.6875,-8.46,0,0,0,0,0,0,0,,,,0,0,0,0,,,5,0,0,,0,
3137,0.065064,cg0993,cg0993,cg0309,sigC,0,sampled_negative,unknown,0,0,0,0,0,,,0,0,0,0,,0,0,,0,0,0,1,14,0.6875,-8.46,0,0,0,0,0,0,0,,,,0,0,0,0,,,5,0,0,,0,
3138,0.064237,cg0343,phdR,cg2683,cg2683,0,sampled_negative,unknown,0,0,0,0,0,,,0,0,0,0,,0,0,,0,0,0,1,8,0.7285,-17.06,1,0,0,0,0,0,0,,,,0,0,0,0,,,5,0,0,,0,
3139,0.064237,cg0993,cg0993,cg2683,cg2683,0,sampled_negative,unknown,0,0,0,0,0,,,0,0,0,0,,0,0,,0,0,0,1,8,0.7285,-17.06,1,0,0,0,0,0,0,,,,0,0,0,0,,,5,0,0,,0,
3140,0.063399,cg0313,lrp,cg2273,rnc,0,sampled_negative,unknown,0,0,0,0,0,,,0,0,0,0,,0,0,OP_cg2275,1,6,0,1,2,0.157,-16.06,1,0,0,0,0,0,0,,,,0,0,0,0,,,5,0,0,,0,
3141,0.063399,cg0702,cg0702,cg2273,rnc,0,sampled_negative,unknown,0,0,0,0,0,,,0,0,0,0,,0,0,OP_cg2275,1,6,0,1,2,0.157,-16.06,1,0,0,0,0,0,0,,,,0,0,0,0,,,5,0,0,,0,
3142,0.063399,cg2942,cg2942,cg2273,rnc,0,sampled_negative,unknown,0,0,0,0,0,,,0,0,0,0,,0,0,OP_cg2275,1,6,0,1,2,0.157,-16.06,1,0,0,0,0,0,0,,,,0,0,0,0,,,5,0,0,,0,
3143,0.063371,cg0695,whiB3,cg2516,hrcA,0,sampled_negative,unknown,0,0,0,0,0,,,0,0,0,0,,0,0,OP_cg2517,1,11,0,1,7,0.3018,-21.53,1,0,0,0,0,0,0,,,,0,0,0,0,,,5,0,0,,0,
3144,0.063371,cg0012,ssuR,cg2516,hrcA,0,sampled_negative,unknown,0,0,0,0,0,,,0,0,0,0,,0,0,OP_cg2517,1,11,0,1,7,0.3018,-21.53,1,0,0,0,0,0,0,,,,0,0,0,0,,,5,0,0,,0,
3145,0.063371,cg1547,ccpA1(uriR),cg2516,hrcA,0,sampled_negative,unknown,0,0,0,0,0,,,0,0,0,0,,0,0,OP_cg2517,1,11,0,1,7,0.3018,-21.53,1,0,0,0,0,0,0,,,,0,0,0,0,,,5,0,0,,0,
3146,0.063371,cg0800,prpR,cg2516,hrcA,0,sampled_negative,unknown,0,0,0,0,0,,,0,0,0,0,,0,0,OP_cg2517,1,11,0,1,7,0.3018,-21.53,1,0,0,0,0,0,0,,,,0,0,0,0,,,5,0,0,,0,
3147,0.063191,cg0876,sigH,cg2214,cg2214,1,curated_positive,unknown,0,0,1,0,0,,experimental,0.75,1,1,2,CoryneRegNet,1,1,,0,0,0,1,1,0,-137.31,2,0,0,0,0,0,0,,,,0,0,0,0,,,5,0,0,,0,
3148,0.063191,cg1425,lysG,cg2235,rplS,0,sampled_negative,unknown,0,0,0,0,0,,,0,0,0,0,,0,0,,0,0,0,1,1,0,-137.88,2,0,0,0,0,0,0,,,,0,0,0,0,,,5,0,0,,0,
3149,0.063191,cg2152,clgR,cg2235,rplS,0,sampled_negative,unknown,0,0,0,0,0,,,0,0,0,0,,0,0,,0,0,0,1,1,0,-137.88,2,0,0,0,0,0,0,,,,0,0,0,0,,,5,0,0,,0,
3150,0.063191,cg0350,glxR,cg2235,rplS,0,sampled_negative,unknown,0,0,0,0,0,,,0,0,0,0,,0,0,,0,0,0,1,1,0,-137.88,2,0,0,0,0,0,0,,,,0,0,0,0,,,5,0,0,,0,
3151,0.063191,cg0695,whiB3,cg2214,cg2214,0,sampled_negative,unknown,0,0,0,0,0,,,0,0,0,0,,0,0,,0,0,0,1,1,0,-137.31,2,0,0,0,0,0,0,,,,0,0,0,0,,,5,0,0,,0,
3152,0.063191,cg3239,cg3239,cg2235,rplS,0,sampled_negative,unknown,0,0,0,0,0,,,0,0,0,0,,0,0,,0,0,0,1,1,0,-137.88,2,0,0,0,0,0,0,,,,0,0,0,0,,,5,0,0,,0,
3153,0.063063,cg0876,sigH,cg1369,atpC,1,curated_positive,unknown,0,0,1,0,0,,experimental + predicted,0.75,1,1,2,CoryneRegNet,1,1,OP_cg1362,1,8,0,1,12,0.6843,-12.34,0,0,0,0,0,0,0,,,,0,0,0,0,,,5,0,0,,0,
3154,0.063063,cg0317,arsR2,cg1369,atpC,0,sampled_negative,unknown,0,0,0,0,0,,,0,0,0,0,,0,0,OP_cg1362,1,8,0,1,12,0.6843,-12.34,0,0,0,0,0,0,0,,,,0,0,0,0,,,5,0,0,,0,
3155,0.063063,cg0350,glxR,cg1369,atpC,0,sampled_negative,unknown,0,0,0,0,0,,,0,0,0,0,,0,0,OP_cg1362,1,8,0,1,12,0.6843,-12.34,0,0,0,0,0,0,0,,,,0,0,0,0,,,5,0,0,,0,
3156,0.062887,cg0876,sigH,cg1362,atpB,1,curated_positive,unknown,0,0,1,0,0,,experimental + predicted,0.75,1,1,3,CoryneRegNet,1,1,OP_cg1362,1,8,0,1,13,0.9251,-14.33,0,0,0,0,0,0,0,,,,0,0,0,0,,,5,0,0,,0,
3157,0.062887,cg0463,csoR,cg1362,atpB,0,sampled_negative,unknown,0,0,0,0,0,,,0,0,0,0,,0,0,OP_cg1362,1,8,0,1,13,0.9251,-14.33,0,0,0,0,0,0,0,,,,0,0,0,0,,,5,0,0,,0,
3158,0.062887,cg1032,cg1032,cg1362,atpB,0,sampled_negative,unknown,0,0,0,0,0,,,0,0,0,0,,0,0,OP_cg1362,1,8,0,1,13,0.9251,-14.33,0,0,0,0,0,0,0,,,,0,0,0,0,,,5,0,0,,0,
3159,0.062887,cg0156,cysR,cg1362,atpB,0,sampled_negative,unknown,0,0,0,0,0,,,0,0,0,0,,0,0,OP_cg1362,1,8,0,1,13,0.9251,-14.33,0,0,0,0,0,0,0,,,,0,0,0,0,,,5,0,0,,0,
3160,0.062887,cg2115,sugR,cg1362,atpB,0,sampled_negative,unknown,0,0,0,0,0,,,0,0,0,0,,0,0,OP_cg1362,1,8,0,1,13,0.9251,-14.33,0,0,0,0,0,0,0,,,,0,0,0,0,,,5,0,0,,0,
3161,0.059103,cg0565,gabR,cg2521,fadD15,0,sampled_negative,unknown,0,0,0,0,0,,,0,0,0,0,,0,0,OP_cg2521,1,2,0,1,12,0.7997,-13.78,0,0,0,0,0,0,0,,,,0,0,0,0,,,5,0,0,,0,
3162,0.059103,cg0371,cspA2,cg2521,fadD15,0,sampled_negative,unknown,0,0,0,0,0,,,0,0,0,0,,0,0,OP_cg2521,1,2,0,1,12,0.7997,-13.78,0,0,0,0,0,0,0,,,,0,0,0,0,,,5,0,0,,0,
3163,0.059103,cg3420,sigM,cg2521,fadD15,0,sampled_negative,unknown,0,0,0,0,0,,,0,0,0,0,,0,0,OP_cg2521,1,2,0,1,12,0.7997,-13.78,0,0,0,0,0,0,0,,,,0,0,0,0,,,5,0,0,,0,
3164,0.058953,cg0986,amtR,cg3224,lldR,0,sampled_negative,unknown,0,0,0,0,0,,,0,0,0,0,,0,0,OP_cg3224,1,2,0,1,4,0.3852,-23.24,1,0,0,0,0,0,0,,,,0,0,0,0,,,5,0,0,,0,
3165,0.058953,cg2502,fur,cg3224,lldR,0,sampled_negative,unknown,0,0,0,0,0,,,0,0,0,0,,0,0,OP_cg3224,1,2,0,1,4,0.3852,-23.24,1,0,0,0,0,0,0,,,,0,0,0,0,,,5,0,0,,0,
3166,0.058953,cg1324,rosR,cg3224,lldR,0,sampled_negative,unknown,0,0,0,0,0,,,0,0,0,0,,0,0,OP_cg3224,1,2,0,1,4,0.3852,-23.24,1,0,0,0,0,0,0,,,,0,0,0,0,,,5,0,0,,0,
3167,0.058672,cg1425,lysG,cg0601,rpsC,0,sampled_negative,unknown,0,0,0,0,0,,,0,0,0,0,,0,0,OP_cg0593,1,11,0,1,6,0.744,-14.07,3,0,0,0,0,0,0,,,,0,0,0,0,,,5,0,0,,0,
3168,0.058672,cg2200,cgtR8,cg0601,rpsC,0,sampled_negative,unknown,0,0,0,0,0,,,0,0,0,0,,0,0,OP_cg0593,1,11,0,1,6,0.744,-14.07,3,0,0,0,0,0,0,,,,0,0,0,0,,,5,0,0,,0,
3169,0.057949,cg1547,ccpA1(uriR),cg1781,soxA,0,sampled_negative,unknown,0,0,0,0,0,,,0,0,0,0,,0,0,,0,0,0,1,1,0,-76.26,1,0,0,0,0,0,0,,,,0,0,0,0,,,5,0,0,,0,
3170,0.057949,cg1340,arnR,cg1781,soxA,0,sampled_negative,unknown,0,0,0,0,0,,,0,0,0,0,,0,0,,0,0,0,1,1,0,-76.26,1,0,0,0,0,0,0,,,,0,0,0,0,,,5,0,0,,0,
3171,0.057553,cg0876,sigH,cg2397,cg2397,1,curated_positive,unknown,0,0,1,0,0,,experimental,0.75,1,1,1,CoryneRegNet,1,1,,0,0,0,1,1,0,-105.37,1,0,0,0,0,0,0,,,,0,0,0,0,,,5,0,0,,0,
3172,0.057553,cg1704,cg1704,cg2397,cg2397,0,sampled_negative,unknown,0,0,0,0,0,,,0,0,0,0,,0,0,,0,0,0,1,1,0,-105.37,1,0,0,0,0,0,0,,,,0,0,0,0,,,5,0,0,,0,
3173,0.057553,cg2624,pcaR,cg2397,cg2397,0,sampled_negative,unknown,0,0,0,0,0,,,0,0,0,0,,0,0,,0,0,0,1,1,0,-105.37,1,0,0,0,0,0,0,,,,0,0,0,0,,,5,0,0,,0,
3174,0.056594,cg1340,arnR,cg2034,cg2034,0,sampled_negative,unknown,0,0,0,0,0,,,0,0,0,0,,0,0,,0,0,0,1,8,0.6509,-17.95,1,0,0,0,0,0,0,,,,0,0,0,0,,,5,0,0,,0,
3175,0.056594,cg0565,gabR,cg2034,cg2034,0,sampled_negative,unknown,0,0,0,0,0,,,0,0,0,0,,0,0,,0,0,0,1,8,0.6509,-17.95,1,0,0,0,0,0,0,,,,0,0,0,0,,,5,0,0,,0,
3176,0.055515,cg2766,cg2766,cg0820,purE,0,sampled_negative,unknown,0,0,0,0,0,,,0,0,0,0,,0,0,OP_cg0820,1,2,0,1,5,0.6175,-14.8,2,0,0,0,0,0,0,,,,0,0,0,0,,,5,0,0,,0,
3177,0.055515,cg2910,ipsA,cg0820,purE,0,sampled_negative,unknown,0,0,0,0,0,,,0,0,0,0,,0,0,OP_cg0820,1,2,0,1,5,0.6175,-14.8,2,0,0,0,0,0,0,,,,0,0,0,0,,,5,0,0,,0,
3178,0.055515,cg0979,cg0979,cg0820,purE,0,sampled_negative,unknown,0,0,0,0,0,,,0,0,0,0,,0,0,OP_cg0820,1,2,0,1,5,0.6175,-14.8,2,0,0,0,0,0,0,,,,0,0,0,0,,,5,0,0,,0,
3179,0.055515,cg2102,sigB,cg0820,purE,0,sampled_negative,unknown,0,0,0,0,0,,,0,0,0,0,,0,0,OP_cg0820,1,2,0,1,5,0.6175,-14.8,2,0,0,0,0,0,0,,,,0,0,0,0,,,5,0,0,,0,
3180,0.055515,cg0702,cg0702,cg0820,purE,0,sampled_negative,unknown,0,0,0,0,0,,,0,0,0,0,,0,0,OP_cg0820,1,2,0,1,5,0.6175,-14.8,2,0,0,0,0,0,0,,,,0,0,0,0,,,5,0,0,,0,
3181,0.055459,cg1585,argR,cg3237,sod,0,sampled_negative,unknown,0,0,0,0,0,,,0,0,0,0,,0,0,,0,0,0,1,5,0.936,-15.91,1,0,0,0,0,0,0,,,,0,0,0,0,,,5,0,0,,0,
3182,0.055459,cg2112,cg2112,cg3237,sod,0,sampled_negative,unknown,0,0,0,0,0,,,0,0,0,0,,0,0,,0,0,0,1,5,0.936,-15.91,1,0,0,0,0,0,0,,,,0,0,0,0,,,5,0,0,,0,
3183,0.055459,cg2737,cg2737,cg3237,sod,0,sampled_negative,unknown,0,0,0,0,0,,,0,0,0,0,,0,0,,0,0,0,1,5,0.936,-15.91,1,0,0,0,0,0,0,,,,0,0,0,0,,,5,0,0,,0,
3184,0.054896,cg0343,phdR,cg0868,secA,0,sampled_negative,unknown,0,0,0,0,0,,,0,0,0,0,,0,0,OP_cg0860,1,8,0,1,13,0.6558,-11.75,0,0,0,0,0,0,0,,,,0,0,0,0,,,5,0,0,,0,
3185,0.054795,cg0019,cg0019,cg0562,nusG,0,sampled_negative,unknown,0,0,0,0,0,,,0,0,0,0,,0,0,,0,0,0,1,3,0.2161,-21.28,4,0,0,0,0,0,0,,,,0,0,0,0,,,5,0,0,,0,
3186,0.054795,cg3315,malR,cg0562,nusG,0,sampled_negative,unknown,0,0,0,0,0,,,0,0,0,0,,0,0,,0,0,0,1,3,0.2161,-21.28,4,0,0,0,0,0,0,,,,0,0,0,0,,,5,0,0,,0,
3187,0.054265,cg1861,rel(relA),cg1694,recB,0,sampled_negative,unknown,0,0,0,0,0,,,0,0,0,0,,0,0,,0,0,0,1,11,0.8423,-7.41,0,0,0,0,0,0,0,,,,0,0,0,0,,,5,0,0,,0,
3188,0.053500,cg0695,whiB3,cg0297,cg0297,0,sampled_negative,unknown,0,0,0,0,0,,,0,0,0,0,,0,0,OP_cg0297,1,2,0,1,11,0.486,-21.39,0,0,0,0,0,0,0,,,,0,0,0,0,,,5,0,0,,0,
3189,0.053500,cg0444,ramB,cg0297,cg0297,0,sampled_negative,unknown,0,0,0,0,0,,,0,0,0,0,,0,0,OP_cg0297,1,2,0,1,11,0.486,-21.39,0,0,0,0,0,0,0,,,,0,0,0,0,,,5,0,0,,0,
3190,0.053500,cg3352,genR(nagR),cg0297,cg0297,0,sampled_negative,unknown,0,0,0,0,0,,,0,0,0,0,,0,0,OP_cg0297,1,2,0,1,11,0.486,-21.39,0,0,0,0,0,0,0,,,,0,0,0,0,,,5,0,0,,0,
3191,0.052305,cg3388,cg3388,cg2312,gip,0,sampled_negative,unknown,0,0,0,0,0,,,0,0,0,0,,0,0,OP_cg2313,1,2,0,1,3,0.4355,-18.71,1,0,0,0,0,0,0,,,,0,0,0,0,,,5,0,0,,0,
3192,0.052305,cg3253,mcbR,cg2312,gip,0,sampled_negative,unknown,0,0,0,0,0,,,0,0,0,0,,0,0,OP_cg2313,1,2,0,1,3,0.4355,-18.71,1,0,0,0,0,0,0,,,,0,0,0,0,,,5,0,0,,0,
3193,0.052305,cg3082,cg3082,cg2312,gip,0,sampled_negative,unknown,0,0,0,0,0,,,0,0,0,0,,0,0,OP_cg2313,1,2,0,1,3,0.4355,-18.71,1,0,0,0,0,0,0,,,,0,0,0,0,,,5,0,0,,0,
3194,0.050097,cg0454,cg0454,cg1109,porB,0,sampled_negative,unknown,0,0,0,0,0,,,0,0,0,0,,0,0,,0,0,0,1,10,0.9328,-23.53,1,0,0,0,0,0,0,,,,0,0,0,0,,,5,0,0,,0,
3195,0.050097,cg3097,hspR,cg1109,porB,0,sampled_negative,unknown,0,0,0,0,0,,,0,0,0,0,,0,0,,0,0,0,1,10,0.9328,-23.53,1,0,0,0,0,0,0,,,,0,0,0,0,,,5,0,0,,0,
3196,0.045591,cg2641,benR,cg2689,glbO,0,sampled_negative,unknown,0,0,0,0,0,,,0,0,0,0,,0,0,,0,0,0,1,8,0.9496,-19.18,2,0,0,0,0,0,0,,,,0,0,0,0,,,5,0,0,,0,
3197,0.045591,cg1792,whiA,cg2689,glbO,0,sampled_negative,unknown,0,0,0,0,0,,,0,0,0,0,,0,0,,0,0,0,1,8,0.9496,-19.18,2,0,0,0,0,0,0,,,,0,0,0,0,,,5,0,0,,0,
3198,0.044316,cg0876,sigH,cg2126,cg2126,1,curated_positive,unknown,0,0,1,0,0,,experimental,0.75,1,1,1,CoryneRegNet,1,1,,0,0,0,1,8,0.9386,-15.72,2,0,0,0,0,0,0,,,,0,0,0,0,,,5,0,0,,0,
3199,0.044316,cg2268,cg2268,cg2126,cg2126,0,sampled_negative,unknown,0,0,0,0,0,,,0,0,0,0,,0,0,,0,0,0,1,8,0.9386,-15.72,2,0,0,0,0,0,0,,,,0,0,0,0,,,5,0,0,,0,
3200,0.044316,cg0993,cg0993,cg2126,cg2126,0,sampled_negative,unknown,0,0,0,0,0,,,0,0,0,0,,0,0,,0,0,0,1,8,0.9386,-15.72,2,0,0,0,0,0,0,,,,0,0,0,0,,,5,0,0,,0,
3201,0.044316,cg1792,whiA,cg2126,cg2126,0,sampled_negative,unknown,0,0,0,0,0,,,0,0,0,0,,0,0,,0,0,0,1,8,0.9386,-15.72,2,0,0,0,0,0,0,,,,0,0,0,0,,,5,0,0,,0,
3202,0.043495,cg0350,glxR,cg0501,cg0501,0,sampled_negative,unknown,0,0,0,0,0,,,0,0,0,0,,0,0,,0,0,0,1,10,0.9542,-18.18,1,0,0,0,0,0,0,,,,0,0,0,0,,,5,0,0,,0,
3203,0.042402,cg0215,cspA,cg0802,accBC,0,sampled_negative,unknown,0,0,0,0,0,,,0,0,0,0,,0,0,,0,0,0,1,1,0,-104.18,1,0,0,0,0,0,0,,,,0,0,0,0,,,5,0,0,,0,
3204,0.042402,cg2200,cgtR8,cg0802,accBC,0,sampled_negative,unknown,0,0,0,0,0,,,0,0,0,0,,0,0,,0,0,0,1,1,0,-104.18,1,0,0,0,0,0,0,,,,0,0,0,0,,,5,0,0,,0,
3205,0.040665,cg2118,fruR,cg0602,rplP,0,sampled_negative,unknown,0,0,0,0,0,,,0,0,0,0,,0,0,OP_cg0593,1,11,0,1,6,0.5696,-10.06,1,0,0,0,0,0,0,,,,0,0,0,0,,,5,0,0,,0,
3206,0.040665,cg1324,rosR,cg0602,rplP,0,sampled_negative,unknown,0,0,0,0,0,,,0,0,0,0,,0,0,OP_cg0593,1,11,0,1,6,0.5696,-10.06,1,0,0,0,0,0,0,,,,0,0,0,0,,,5,0,0,,0,
3207,0.039785,cg0876,sigH,cg1560,uvrA,1,curated_positive,unknown,0,0,1,0,0,,experimental,0.75,1,1,2,CoryneRegNet,1,1,,0,0,0,1,1,0.011,-24.76,1,0,0,0,0,0,0,,,,0,0,0,0,,,5,0,0,,0,
3208,0.039785,cg2783,cg2783,cg1560,uvrA,0,sampled_negative,unknown,0,0,0,0,0,,,0,0,0,0,,0,0,,0,0,0,1,1,0.011,-24.76,1,0,0,0,0,0,0,,,,0,0,0,0,,,5,0,0,,0,
3209,0.039785,cg2965,cg2965,cg1560,uvrA,0,sampled_negative,unknown,0,0,0,0,0,,,0,0,0,0,,0,0,,0,0,0,1,1,0.011,-24.76,1,0,0,0,0,0,0,,,,0,0,0,0,,,5,0,0,,0,
3210,0.039437,cg0876,sigH,cg0993,cg0993,0,sampled_negative,unknown,0,0,0,0,0,,,0,0,0,0,,0,0,OP_cg0993,1,2,0,1,1,0,-102.18,1,0,0,0,0,0,0,,,,0,0,0,0,,,5,0,0,,0,
3211,0.039437,cg2114,cg2114,cg0993,cg0993,0,sampled_negative,unknown,0,0,0,0,0,,,0,0,0,0,,0,0,OP_cg0993,1,2,0,1,1,0,-102.18,1,0,0,0,0,0,0,,,,0,0,0,0,,,5,0,0,,0,
3212,0.038809,cg1120,ripA,cg2600,tnp1d(ISCg1d),0,sampled_negative,unknown,0,0,0,0,0,,,0,0,0,0,,0,0,,0,0,0,1,1,0,-85.11,1,0,0,0,0,0,0,,,,0,0,0,0,,,5,0,0,,0,
3213,0.038809,cg0725,crtR,cg2600,tnp1d(ISCg1d),0,sampled_negative,unknown,0,0,0,0,0,,,0,0,0,0,,0,0,,0,0,0,1,1,0,-85.11,1,0,0,0,0,0,0,,,,0,0,0,0,,,5,0,0,,0,
3214,0.038596,cg0112,ureR,cg0067,gabD3,0,sampled_negative,unknown,0,0,0,0,0,,,0,0,0,0,,0,0,,0,0,0,1,1,0,-47.69,1,0,0,0,0,0,0,,,,0,0,0,0,,,5,0,0,,0,
3215,0.038596,cg2641,benR,cg0067,gabD3,0,sampled_negative,unknown,0,0,0,0,0,,,0,0,0,0,,0,0,,0,0,0,1,1,0,-47.69,1,0,0,0,0,0,0,,,,0,0,0,0,,,5,0,0,,0,
3216,0.036085,cg0156,cysR,cg1090,ggtB,0,sampled_negative,unknown,0,0,0,0,0,,,0,0,0,0,,0,0,,0,0,0,1,1,0,-37.31,1,0,0,0,0,0,0,,,,0,0,0,0,,,5,0,0,,0,
3217,0.035187,cg0876,sigH,cg1356,cg1356,1,curated_positive,unknown,0,0,1,0,0,,predicted,0.05,0,0,0,CoryneRegNet,1,1,OP_cg1354,1,6,0,0,,,,0,0,0,0,0,0,0,,,,0,0,0,0,,,8,0,0,,0,
3218,0.035187,cg3202,cg3202,cg1581,argJ,1,curated_positive,R,0,1,0,0,0,,experimental,0.75,1,1,1,CoryneRegNet,1,1,OP_cg1580,1,6,0,0,,,,0,0,0,0,0,0,0,,,,0,0,0,0,,,8,0,0,,0,
3219,0.035187,cg0741,sirR(mntR),cg2300,hisH,0,sampled_negative,unknown,0,0,0,0,0,,,0,0,0,0,,0,0,OP_cg2300,1,6,0,0,,,,0,0,0,0,0,0,0,,,,0,0,0,0,,,8,0,0,,0,
3220,0.035187,cg2502,fur,cg2272,mutM1,0,sampled_negative,unknown,0,0,0,0,0,,,0,0,0,0,,0,0,OP_cg2275,1,6,0,0,,,,0,0,0,0,0,0,0,,,,0,0,0,0,,,8,0,0,,0,
3221,0.035187,cg0337,whiB4(whcA),cg1356,cg1356,0,sampled_negative,unknown,0,0,0,0,0,,,0,0,0,0,,0,0,OP_cg1354,1,6,0,0,,,,0,0,0,0,0,0,0,,,,0,0,0,0,,,8,0,0,,0,
3222,0.035187,cg1486,ltbR,cg1648,cg1648,0,sampled_negative,unknown,0,0,0,0,0,,,0,0,0,0,,0,0,OP_cg1653,1,6,0,0,,,,0,0,0,0,0,0,0,,,,0,0,0,0,,,8,0,0,,0,
3223,0.035187,cg2092,sigA,cg2272,mutM1,0,sampled_negative,unknown,0,0,0,0,0,,,0,0,0,0,,0,0,OP_cg2275,1,6,0,0,,,,0,0,0,0,0,0,0,,,,0,0,0,0,,,8,0,0,,0,
3224,0.035187,cg0709,cgtR7(esrR),cg1827,aroB,0,sampled_negative,unknown,0,0,0,0,0,,,0,0,0,0,,0,0,OP_cg1829,1,6,0,0,,,,0,0,0,0,0,0,0,,,,0,0,0,0,,,8,0,0,,0,
3225,0.035187,cg3202,farR,cg0684,papA,0,sampled_negative,unknown,0,0,0,0,0,,,0,0,0,0,,0,0,OP_cg0683,1,6,0,0,,,,0,0,0,0,0,0,0,,,,0,0,0,0,,,8,0,0,,0,
3226,0.035187,cg2936,nanR,cg1827,aroB,0,sampled_negative,unknown,0,0,0,0,0,,,0,0,0,0,,0,0,OP_cg1829,1,6,0,0,,,,0,0,0,0,0,0,0,,,,0,0,0,0,,,8,0,0,,0,
3227,0.035187,cg0897,pdxR,cg1356,cg1356,0,sampled_negative,unknown,0,0,0,0,0,,,0,0,0,0,,0,0,OP_cg1354,1,6,0,0,,,,0,0,0,0,0,0,0,,,,0,0,0,0,,,8,0,0,,0,
3228,0.035187,cg0695,whiB3,cg0684,papA,0,sampled_negative,unknown,0,0,0,0,0,,,0,0,0,0,,0,0,OP_cg0683,1,6,0,0,,,,0,0,0,0,0,0,0,,,,0,0,0,0,,,8,0,0,,0,
3229,0.035187,cg2102,sigB,cg0684,papA,0,sampled_negative,unknown,0,0,0,0,0,,,0,0,0,0,,0,0,OP_cg0683,1,6,0,0,,,,0,0,0,0,0,0,0,,,,0,0,0,0,,,8,0,0,,0,
3230,0.035187,cg1547,ccpA1(uriR),cg1827,aroB,0,sampled_negative,unknown,0,0,0,0,0,,,0,0,0,0,,0,0,OP_cg1829,1,6,0,0,,,,0,0,0,0,0,0,0,,,,0,0,0,0,,,8,0,0,,0,
3231,0.035017,cg0500,qsuR,cg1848,cg1848,0,sampled_negative,unknown,0,0,0,0,0,,,0,0,0,0,,0,0,,0,0,0,1,10,0.6843,-11.15,1,0,0,0,0,0,0,,,,0,0,0,0,,,5,0,0,,0,
3232,0.035017,cg0196,iolR,cg1848,cg1848,0,sampled_negative,unknown,0,0,0,0,0,,,0,0,0,0,,0,0,,0,0,0,1,10,0.6843,-11.15,1,0,0,0,0,0,0,,,,0,0,0,0,,,5,0,0,,0,
3233,0.034487,cg2783,cg2783,cg2141,recA,0,sampled_negative,unknown,0,0,0,0,0,,,0,0,0,0,,0,0,OP_cg2141,1,2,0,1,1,0,-89.3,1,0,0,0,0,0,0,,,,0,0,0,0,,,5,0,0,,0,
3234,0.034487,cg3239,cg3239,cg2141,recA,0,sampled_negative,unknown,0,0,0,0,0,,,0,0,0,0,,0,0,OP_cg2141,1,2,0,1,1,0,-89.3,1,0,0,0,0,0,0,,,,0,0,0,0,,,5,0,0,,0,
3235,0.034487,cg1410,rbsR,cg2141,recA,0,sampled_negative,unknown,0,0,0,0,0,,,0,0,0,0,,0,0,OP_cg2141,1,2,0,1,1,0,-89.3,1,0,0,0,0,0,0,,,,0,0,0,0,,,5,0,0,,0,
3236,0.033147,cg1218,nrtR,cg1054,mmpL2,0,sampled_negative,unknown,0,0,0,0,0,,,0,0,0,0,,0,0,OP_cg1054,1,2,0,1,1,0,-89.64,1,0,0,0,0,0,0,,,,0,0,0,0,,,5,0,0,,0,
3237,0.033147,cg3247,cgtR11(hrrA),cg1054,mmpL2,0,sampled_negative,unknown,0,0,0,0,0,,,0,0,0,0,,0,0,OP_cg1054,1,2,0,1,1,0,-89.64,1,0,0,0,0,0,0,,,,0,0,0,0,,,5,0,0,,0,
3238,0.030389,cg2109,oxyR,cg2982,folP1,0,sampled_negative,unknown,0,0,0,0,0,,,0,0,0,0,,0,0,OP_cg2987,1,12,0,1,13,0.877,-11.14,0,0,0,0,0,0,0,,,,0,0,0,0,,,5,0,0,,0,
3239,0.030389,cg1211,oasR,cg2982,folP1,0,sampled_negative,unknown,0,0,0,0,0,,,0,0,0,0,,0,0,OP_cg2987,1,12,0,1,13,0.877,-11.14,0,0,0,0,0,0,0,,,,0,0,0,0,,,5,0,0,,0,
3240,0.029620,cg2910,ipsA,cg2338,dnaE1,0,sampled_negative,unknown,0,0,0,0,0,,,0,0,0,0,,0,0,,0,0,0,1,14,0.703,-11.42,0,0,0,0,0,0,0,,,,0,0,0,0,,,5,0,0,,0,
3241,0.029620,cg0051,cg0051,cg2338,dnaE1,0,sampled_negative,unknown,0,0,0,0,0,,,0,0,0,0,,0,0,,0,0,0,1,14,0.703,-11.42,0,0,0,0,0,0,0,,,,0,0,0,0,,,5,0,0,,0,
3242,0.029620,cg3247,cgtR11(hrrA),cg2338,dnaE1,0,sampled_negative,unknown,0,0,0,0,0,,,0,0,0,0,,0,0,,0,0,0,1,14,0.703,-11.42,0,0,0,0,0,0,0,,,,0,0,0,0,,,5,0,0,,0,
3243,0.029575,cg0695,whiB3,cg3251,cg3251,0,sampled_negative,unknown,0,0,0,0,0,,,0,0,0,0,,0,0,OP_cg3251,1,2,0,1,1,0,-93.87,1,0,0,0,0,0,0,,,,0,0,0,0,,,5,0,0,,0,
3244,0.029575,cg0112,ureR,cg3251,cg3251,0,sampled_negative,unknown,0,0,0,0,0,,,0,0,0,0,,0,0,OP_cg3251,1,2,0,1,1,0,-93.87,1,0,0,0,0,0,0,,,,0,0,0,0,,,5,0,0,,0,
3245,0.029575,cg2641,benR,cg3251,cg3251,0,sampled_negative,unknown,0,0,0,0,0,,,0,0,0,0,,0,0,OP_cg3251,1,2,0,1,1,0,-93.87,1,0,0,0,0,0,0,,,,0,0,0,0,,,5,0,0,,0,
3246,0.028006,cg3388,cg3388,cg2410,ltsA,0,sampled_negative,unknown,0,0,0,0,0,,,0,0,0,0,,0,0,,0,0,0,1,9,0.947,-19.23,1,0,0,0,0,0,0,,,,0,0,0,0,,,5,0,0,,0,
3247,0.028006,cg1486,ltbR,cg2410,ltsA,0,sampled_negative,unknown,0,0,0,0,0,,,0,0,0,0,,0,0,,0,0,0,1,9,0.947,-19.23,1,0,0,0,0,0,0,,,,0,0,0,0,,,5,0,0,,0,
3248,0.026819,cg2114,cg2114,cg2369,murG,0,sampled_negative,unknown,0,0,0,0,0,,,0,0,0,0,,0,0,OP_cg2375,1,9,0,1,7,0.398,-12.91,1,0,0,0,0,0,0,,,,0,0,0,0,,,5,0,0,,0,
3249,0.026819,cg1704,cg1704,cg2369,murG,0,sampled_negative,unknown,0,0,0,0,0,,,0,0,0,0,,0,0,OP_cg2375,1,9,0,1,7,0.398,-12.91,1,0,0,0,0,0,0,,,,0,0,0,0,,,5,0,0,,0,
3250,0.026819,cg2112,cg2112,cg2369,murG,0,sampled_negative,unknown,0,0,0,0,0,,,0,0,0,0,,0,0,OP_cg2375,1,9,0,1,7,0.398,-12.91,1,0,0,0,0,0,0,,,,0,0,0,0,,,5,0,0,,0,
3251,0.026767,cg2309,bioQ,cg3247,cgtR11(hrrA),0,sampled_negative,unknown,0,0,0,0,0,,,0,0,0,0,,0,0,,0,0,0,1,10,0.9564,-18.93,1,0,0,0,0,0,0,,,,0,0,0,0,,,5,0,0,,0,
3252,0.026767,cg2114,cg2114,cg3247,cgtR11(hrrA),0,sampled_negative,unknown,0,0,0,0,0,,,0,0,0,0,,0,0,,0,0,0,1,10,0.9564,-18.93,1,0,0,0,0,0,0,,,,0,0,0,0,,,5,0,0,,0,
3253,0.026767,cg1648,cg1648,cg3247,cgtR11(hrrA),0,sampled_negative,unknown,0,0,0,0,0,,,0,0,0,0,,0,0,,0,0,0,1,10,0.9564,-18.93,1,0,0,0,0,0,0,,,,0,0,0,0,,,5,0,0,,0,
3254,0.024129,cg2965,cg2965,cg1055,menG,0,sampled_negative,unknown,0,0,0,0,0,,,0,0,0,0,,0,0,,0,0,0,1,13,0.4605,-8.3,0,0,0,0,0,0,0,,,,0,0,0,0,,,5,0,0,,0,
3255,0.024129,cg2112,cg2112,cg1055,menG,0,sampled_negative,unknown,0,0,0,0,0,,,0,0,0,0,,0,0,,0,0,0,1,13,0.4605,-8.3,0,0,0,0,0,0,0,,,,0,0,0,0,,,5,0,0,,0,
3256,0.024129,cg0454,cg0454,cg1055,menG,0,sampled_negative,unknown,0,0,0,0,0,,,0,0,0,0,,0,0,,0,0,0,1,13,0.4605,-8.3,0,0,0,0,0,0,0,,,,0,0,0,0,,,5,0,0,,0,
3257,0.022461,cg3239,cg3239,cg2251,rimM,0,sampled_negative,unknown,0,0,0,0,0,,,0,0,0,0,,0,0,,0,0,0,1,11,0.7254,-11.16,0,0,0,0,0,0,0,,,,0,0,0,0,,,5,0,0,,0,
3258,0.022461,cg2831,ramA,cg2251,rimM,0,sampled_negative,unknown,0,0,0,0,0,,,0,0,0,0,,0,0,,0,0,0,1,11,0.7254,-11.16,0,0,0,0,0,0,0,,,,0,0,0,0,,,5,0,0,,0,
3259,0.022423,cg2115,cg2115,cg0680,cg0680,1,curated_positive,R,0,1,0,0,0,,predicted,0.2,0,1,1,CoryneRegNet,1,1,,0,0,0,1,11,0.9074,-11.22,0,0,0,0,0,0,0,,,,0,0,0,0,,,5,0,0,,0,
3260,0.022423,cg1211,oasR,cg0680,cg0680,0,sampled_negative,unknown,0,0,0,0,0,,,0,0,0,0,,0,0,,0,0,0,1,11,0.9074,-11.22,0,0,0,0,0,0,0,,,,0,0,0,0,,,5,0,0,,0,
3261,0.022423,cg2641,benR,cg0680,cg0680,0,sampled_negative,unknown,0,0,0,0,0,,,0,0,0,0,,0,0,,0,0,0,1,11,0.9074,-11.22,0,0,0,0,0,0,0,,,,0,0,0,0,,,5,0,0,,0,
3262,0.022423,cg0741,sirR(mntR),cg0680,cg0680,0,sampled_negative,unknown,0,0,0,0,0,,,0,0,0,0,,0,0,,0,0,0,1,11,0.9074,-11.22,0,0,0,0,0,0,0,,,,0,0,0,0,,,5,0,0,,0,
3263,0.017942,cg0156,cysR,cg0600,rplV,0,sampled_negative,unknown,0,0,0,0,0,,,0,0,0,0,,0,0,OP_cg0593,1,11,0,1,7,0.5483,-10.52,1,0,0,0,0,0,0,,,,0,0,0,0,,,5,0,0,,0,
3264,0.017942,cg0146,atlR,cg0600,rplV,0,sampled_negative,unknown,0,0,0,0,0,,,0,0,0,0,,0,0,OP_cg0593,1,11,0,1,7,0.5483,-10.52,1,0,0,0,0,0,0,,,,0,0,0,0,,,5,0,0,,0,
3265,0.017499,cg0146,atlR,cg3198,glpK,0,sampled_negative,unknown,0,0,0,0,0,,,0,0,0,0,,0,0,,0,0,0,1,10,0.9387,-19.51,1,0,0,0,0,0,0,,,,0,0,0,0,,,5,0,0,,0,
3266,0.017499,cg0696,sigD,cg3198,glpK,0,sampled_negative,unknown,0,0,0,0,0,,,0,0,0,0,,0,0,,0,0,0,1,10,0.9387,-19.51,1,0,0,0,0,0,0,,,,0,0,0,0,,,5,0,0,,0,
3267,0.017499,cg0646,cg0646,cg3198,glpK,0,sampled_negative,unknown,0,0,0,0,0,,,0,0,0,0,,0,0,,0,0,0,1,10,0.9387,-19.51,1,0,0,0,0,0,0,,,,0,0,0,0,,,5,0,0,,0,
3268,0.017499,cg0343,phdR,cg3198,glpK,0,sampled_negative,unknown,0,0,0,0,0,,,0,0,0,0,,0,0,,0,0,0,1,10,0.9387,-19.51,1,0,0,0,0,0,0,,,,0,0,0,0,,,5,0,0,,0,
