tf,target,tf_name,target_name,correlation,abs_correlation,pvalue,sample_count,source
cg0014,cg1151,,ssiE,0.66631967,0.66631967,1.480583e-47,360,Kranz2022_expression_compendium_Zenodo6842664
cg0014,cg1152,,ssiF,0.63003113,0.63003113,7.4450303e-46,402,Kranz2022_expression_compendium_Zenodo6842664
cg0014,cg1298,,cydC,0.71629437,0.71629437,4.5096327e-92,578,Kranz2022_expression_compendium_Zenodo6842664
cg0014,cg1303,,,0.4338525,0.4338525,2.1556225e-30,632,Kranz2022_expression_compendium_Zenodo6842664
cg0014,cg1307,,,0.31440172,0.31440172,2.7467556e-16,646,Kranz2022_expression_compendium_Zenodo6842664
cg0014,cg1380,,ssuA,0.57127766,0.57127766,4.5863369e-52,586,Kranz2022_expression_compendium_Zenodo6842664
cg0014,cg1560,,uvrA,0.7311699,0.7311699,4.4114199e-88,520,Kranz2022_expression_compendium_Zenodo6842664
cg0014,cg1562,,,0.67540221,0.67540221,3.1981947e-78,578,Kranz2022_expression_compendium_Zenodo6842664
cg0014,cg1564,,rpmI,0.36797305,0.36797305,2.8409195e-22,650,Kranz2022_expression_compendium_Zenodo6842664
cg0019,cg0018,,,0.5842722,0.5842722,2.0606323e-31,328,Kranz2022_expression_compendium_Zenodo6842664
cg0067,cg0071,gabD3,,0.46694429,0.46694429,1.2225953e-13,226,Kranz2022_expression_compendium_Zenodo6842664
cg0067,cg0072,gabD3,,0.58787937,0.58787937,2.8912932e-59,624,Kranz2022_expression_compendium_Zenodo6842664
cg0067,cg0073,gabD3,,0.48832082,0.48832082,6.1368912e-21,326,Kranz2022_expression_compendium_Zenodo6842664
cg0119,cg0088,ureD,citP,0.66884216,0.66884216,4.2710834e-65,492,Kranz2022_expression_compendium_Zenodo6842664
cg0119,cg3125,ureD,,0.69161469,0.69161469,1.1867909e-91,636,Kranz2022_expression_compendium_Zenodo6842664
cg0119,cg3126,ureD,,0.74322755,0.74322755,6.3961934e-88,494,Kranz2022_expression_compendium_Zenodo6842664
cg0119,cg3127,ureD,,0.71793381,0.71793381,4.8570474e-98,612,Kranz2022_expression_compendium_Zenodo6842664
cg0146,cg0143,atlR,mtlD,0.59489474,0.59489474,1.2978734e-60,620,Kranz2022_expression_compendium_Zenodo6842664
cg0146,cg0144,atlR,rbtT,0.8499206,0.8499206,1.9135125e-172,614,Kranz2022_expression_compendium_Zenodo6842664
cg0146,cg0147,atlR,xylB,0.90491363,0.90491363,1.8600405e-231,620,Kranz2022_expression_compendium_Zenodo6842664
cg0146,cg0179,atlR,,0.82071297,0.82071297,1.9607769e-131,534,Kranz2022_expression_compendium_Zenodo6842664
cg0146,cg0350,atlR,glxR,0.51628833,0.51628833,3.2634991e-44,630,Kranz2022_expression_compendium_Zenodo6842664
cg0146,cg3107,atlR,adhA,0.38537585,0.38537585,1.5856346e-23,624,Kranz2022_expression_compendium_Zenodo6842664
cg0147,cg0113,xylB,ureA,0.78341231,0.78341231,9.1531362e-154,736,Kranz2022_expression_compendium_Zenodo6842664
cg0147,cg0115,xylB,ureC,0.81408631,0.81408631,3.0691036e-178,748,Kranz2022_expression_compendium_Zenodo6842664
cg0147,cg0117,xylB,ureF,0.787106,0.787106,6.0323565e-139,654,Kranz2022_expression_compendium_Zenodo6842664
cg0147,cg0119,xylB,ureD,0.81501285,0.81501285,9.9409565e-165,688,Kranz2022_expression_compendium_Zenodo6842664
cg0147,cg0149,xylB,panB,0.79384508,0.79384508,1.0399795e-160,736,Kranz2022_expression_compendium_Zenodo6842664
cg0147,cg0151,xylB,mag,0.82209679,0.82209679,9.1256695e-180,728,Kranz2022_expression_compendium_Zenodo6842664
cg0147,cg0153,xylB,hde,0.83238199,0.83238199,2.5172482e-190,736,Kranz2022_expression_compendium_Zenodo6842664
cg0156,cg0014,cysR,,0.43941152,0.43941152,2.5925648e-31,634,Kranz2022_expression_compendium_Zenodo6842664
cg0156,cg1514,cysR,tnp23a(ISCg23a),0.49984088,0.49984088,1.1225003e-55,862,Kranz2022_expression_compendium_Zenodo6842664
cg0156,cg3110,cysR,,0.50274479,0.50274479,7.4154628e-46,696,Kranz2022_expression_compendium_Zenodo6842664
cg0156,cg3112,cysR,,0.81577337,0.81577337,3.5242913e-217,906,Kranz2022_expression_compendium_Zenodo6842664
cg0156,cg3113,cysR,,0.80315424,0.80315424,3.0804118e-208,918,Kranz2022_expression_compendium_Zenodo6842664
cg0156,cg3114,cysR,cysN,0.72515494,0.72515494,3.2121337e-152,928,Kranz2022_expression_compendium_Zenodo6842664
cg0156,cg3115,cysR,cysD,0.75455804,0.75455804,2.533587e-172,932,Kranz2022_expression_compendium_Zenodo6842664
cg0156,cg3116,cysR,cysH,0.70532156,0.70532156,8.0342382e-141,930,Kranz2022_expression_compendium_Zenodo6842664
cg0156,cg3117,cysR,,0.7219157,0.7219157,2.8031986e-149,922,Kranz2022_expression_compendium_Zenodo6842664
cg0156,cg3118,cysR,cysI,0.75598038,0.75598038,2.1932002e-170,916,Kranz2022_expression_compendium_Zenodo6842664
cg0156,cg3119,cysR,cysJ,0.77973484,0.77973484,1.6775672e-190,928,Kranz2022_expression_compendium_Zenodo6842664
cg0156,cg3138,cysR,,0.6153246,0.6153246,6.0271808e-97,920,Kranz2022_expression_compendium_Zenodo6842664
cg0156,cg3139,cysR,,0.58947306,0.58947306,7.8346845e-84,884,Kranz2022_expression_compendium_Zenodo6842664
cg0156,cg3372,cysR,,0.71608813,0.71608813,7.2369053e-140,884,Kranz2022_expression_compendium_Zenodo6842664
cg0156,cg3373,cysR,,0.57876985,0.57876985,5.9812651e-71,780,Kranz2022_expression_compendium_Zenodo6842664
cg0156,cg3374,cysR,,0.62635232,0.62635232,1.570752e-82,746,Kranz2022_expression_compendium_Zenodo6842664
cg0156,cg3375,cysR,,0.46415315,0.46415315,7.5364996e-26,458,Kranz2022_expression_compendium_Zenodo6842664
cg0156,cg4005,cysR,,0.57856586,0.57856586,2.4013086e-78,864,Kranz2022_expression_compendium_Zenodo6842664
cg0215,cg2559,cspA,aceB,0.47871812,0.47871812,1.8125919e-50,860,Kranz2022_expression_compendium_Zenodo6842664
cg0244,cg0197,,iolC,0.74291096,0.74291096,8.5564792e-146,826,Kranz2022_expression_compendium_Zenodo6842664
cg0244,cg0199,,msmA,0.73855176,0.73855176,9.6083593e-138,794,Kranz2022_expression_compendium_Zenodo6842664
cg0244,cg0204,,iolG,0.80554521,0.80554521,4.9074203e-204,890,Kranz2022_expression_compendium_Zenodo6842664
cg0244,cg0207,,,0.37544037,0.37544037,1.6795902e-14,390,Kranz2022_expression_compendium_Zenodo6842664
cg0244,cg0210,,,0.52962337,0.52962337,2.500865e-58,790,Kranz2022_expression_compendium_Zenodo6842664
cg0244,cg0223,,,0.48734835,0.48734835,7.0699503e-46,748,Kranz2022_expression_compendium_Zenodo6842664
cg0244,cg0246,,,0.74194038,0.74194038,4.7894074e-133,756,Kranz2022_expression_compendium_Zenodo6842664
cg0244,cg0249,,,0.87790757,0.87790757,3.6481412e-304,946,Kranz2022_expression_compendium_Zenodo6842664
cg0244,cg0250,,,0.73603325,0.73603325,1.3434883e-150,878,Kranz2022_expression_compendium_Zenodo6842664
cg0244,cg0251,,,0.5348848,0.5348848,3.8688814e-61,810,Kranz2022_expression_compendium_Zenodo6842664
cg0244,cg0253,,,0.67336232,0.67336232,3.0052593e-111,834,Kranz2022_expression_compendium_Zenodo6842664
cg0244,cg0254,,,0.67928836,0.67928836,2.4468397e-95,696,Kranz2022_expression_compendium_Zenodo6842664
cg0244,cg3169,,pck,0.56900123,0.56900123,7.0837914e-80,918,Kranz2022_expression_compendium_Zenodo6842664
cg0309,cg1298,sigC,cydC,0.63741766,0.63741766,4.0336499e-83,718,Kranz2022_expression_compendium_Zenodo6842664
cg0309,cg1300,sigC,cydB,0.59466097,0.59466097,1.7430773e-73,756,Kranz2022_expression_compendium_Zenodo6842664
cg0309,cg1301,sigC,cydA,0.68448943,0.68448943,1.2822322e-108,778,Kranz2022_expression_compendium_Zenodo6842664
cg0309,cg1469,sigC,,0.67266432,0.67266432,2.1977063e-104,784,Kranz2022_expression_compendium_Zenodo6842664
cg0309,cg1773,sigC,ctaB,0.77085527,0.77085527,1.2978177e-170,862,Kranz2022_expression_compendium_Zenodo6842664
cg0309,cg1989,sigC,,0.48875302,0.48875302,9.1124568e-26,406,Kranz2022_expression_compendium_Zenodo6842664
cg0309,cg2403,sigC,qcrB,0.57701411,0.57701411,1.1744075e-86,964,Kranz2022_expression_compendium_Zenodo6842664
cg0309,cg2404,sigC,qcrA1,0.5080577,0.5080577,2.9034262e-64,962,Kranz2022_expression_compendium_Zenodo6842664
cg0309,cg2405,sigC,qcrC,0.51415337,0.51415337,1.9868464e-66,968,Kranz2022_expression_compendium_Zenodo6842664
cg0309,cg2639,sigC,benC,0.6174864,0.6174864,4.897446e-19,168,Kranz2022_expression_compendium_Zenodo6842664
cg0313,cg0314,lrp,brnF,0.79378918,0.79378918,1.9132949e-52,236,Kranz2022_expression_compendium_Zenodo6842664
cg0313,cg0315,lrp,brnE,0.7743601,0.7743601,1.7023757e-89,442,Kranz2022_expression_compendium_Zenodo6842664
cg0317,cg0318,arsR2,arsC1,0.71705091,0.71705091,6.4025504e-105,658,Kranz2022_expression_compendium_Zenodo6842664
cg0317,cg0319,arsR2,arsX,0.65782654,0.65782654,8.7903417e-65,512,Kranz2022_expression_compendium_Zenodo6842664
cg0317,cg1705,arsR2,arsC2,0.79499147,0.79499147,2.0797756e-175,800,Kranz2022_expression_compendium_Zenodo6842664
cg0317,cg1707,arsR2,,0.79731356,0.79731356,3.1864207e-144,650,Kranz2022_expression_compendium_Zenodo6842664
cg0317,cg1921,arsR2,,0.43762517,0.43762517,3.3205403e-26,530,Kranz2022_expression_compendium_Zenodo6842664
cg0337,cg0404,whiB4(whcA),,0.67018855,0.67018855,1.1407716e-125,956,Kranz2022_expression_compendium_Zenodo6842664
cg0337,cg1214,whiB4(whcA),,0.70812063,0.70812063,4.0215486e-132,862,Kranz2022_expression_compendium_Zenodo6842664
cg0337,cg1215,whiB4(whcA),nadC,0.63838099,0.63838099,1.0694112e-111,966,Kranz2022_expression_compendium_Zenodo6842664
cg0337,cg1372,whiB4(whcA),,0.40627974,0.40627974,2.1999362e-33,806,Kranz2022_expression_compendium_Zenodo6842664
cg0337,cg1374,whiB4(whcA),,0.77006105,0.77006105,1.6344625e-184,936,Kranz2022_expression_compendium_Zenodo6842664
cg0337,cg2342,whiB4(whcA),,0.74373187,0.74373187,6.6129001e-173,978,Kranz2022_expression_compendium_Zenodo6842664
cg0337,cg3405,whiB4(whcA),,0.59567472,0.59567472,5.9314032e-83,852,Kranz2022_expression_compendium_Zenodo6842664
cg0337,cg3422,whiB4(whcA),trxB,0.77716547,0.77716547,1.0425945e-195,964,Kranz2022_expression_compendium_Zenodo6842664
cg0337,cg3423,whiB4(whcA),trxC,0.76978813,0.76978813,3.6874144e-190,966,Kranz2022_expression_compendium_Zenodo6842664
cg0337,cg3424,whiB4(whcA),cwlM,0.78072132,0.78072132,4.6187498e-199,966,Kranz2022_expression_compendium_Zenodo6842664
cg0343,cg0341,phdR,phdA(fadD1),0.54961125,0.54961125,2.2407624e-31,380,Kranz2022_expression_compendium_Zenodo6842664
cg0343,cg0345,phdR,phdC,0.58325907,0.58325907,5.2291145e-40,424,Kranz2022_expression_compendium_Zenodo6842664
cg0343,cg0346,phdR,phdD(fadE),0.51159993,0.51159993,3.4926654e-43,628,Kranz2022_expression_compendium_Zenodo6842664
cg0343,cg0347,phdR,phdE (hdtZ),0.56258354,0.56258354,1.3906012e-40,470,Kranz2022_expression_compendium_Zenodo6842664
cg0343,cg0410,phdR,,0.57771189,0.57771189,8.9617103e-42,454,Kranz2022_expression_compendium_Zenodo6842664
cg0343,cg0414,phdR,wzz,0.64739411,0.64739411,9.9557778e-105,872,Kranz2022_expression_compendium_Zenodo6842664
cg0350,cg0088,glxR,citP,0.28676725,0.28676725,2.9083274e-11,518,Kranz2022_expression_compendium_Zenodo6842664
cg0350,cg0197,glxR,iolC,0.5892753,0.5892753,4.0405257e-79,834,Kranz2022_expression_compendium_Zenodo6842664
cg0350,cg0199,glxR,msmA,0.56991728,0.56991728,1.3262209e-70,806,Kranz2022_expression_compendium_Zenodo6842664
cg0350,cg0204,glxR,iolG,0.66086302,0.66086302,8.3842005e-115,906,Kranz2022_expression_compendium_Zenodo6842664
cg0350,cg0229,glxR,gltB,0.31292557,0.31292557,5.8444514e-14,550,Kranz2022_expression_compendium_Zenodo6842664
cg0350,cg0230,glxR,gltD,0.36639328,0.36639328,1.4016402e-27,824,Kranz2022_expression_compendium_Zenodo6842664
cg0350,cg0246,glxR,,0.63547777,0.63547777,1.1812607e-87,764,Kranz2022_expression_compendium_Zenodo6842664
cg0350,cg0249,glxR,,0.68157246,0.68157246,6.634254e-133,966,Kranz2022_expression_compendium_Zenodo6842664
cg0350,cg0250,glxR,,0.65978796,0.65978796,1.4251234e-111,884,Kranz2022_expression_compendium_Zenodo6842664
cg0350,cg0251,glxR,,0.41704714,0.41704714,6.3024918e-36,822,Kranz2022_expression_compendium_Zenodo6842664
cg0350,cg0253,glxR,,0.45555929,0.45555929,3.5813804e-44,838,Kranz2022_expression_compendium_Zenodo6842664
cg0350,cg0300,glxR,,0.71201555,0.71201555,9.6739565e-152,976,Kranz2022_expression_compendium_Zenodo6842664
cg0350,cg0302,glxR,,0.68071452,0.68071452,4.2785033e-118,860,Kranz2022_expression_compendium_Zenodo6842664
cg0350,cg0337,glxR,whiB4(whcA),0.79521795,0.79521795,3.5968088e-215,982,Kranz2022_expression_compendium_Zenodo6842664
cg0350,cg0345,glxR,phdC,0.33847191,0.33847191,7.0522503e-13,426,Kranz2022_expression_compendium_Zenodo6842664
cg0350,cg0346,glxR,phdD(fadE),0.29497689,0.29497689,3.4022495e-14,634,Kranz2022_expression_compendium_Zenodo6842664
cg0350,cg0347,glxR,phdE (hdtZ),0.28469326,0.28469326,2.9852129e-10,472,Kranz2022_expression_compendium_Zenodo6842664
cg0350,cg0414,glxR,wzz,0.83729752,0.83729752,9.1629299e-250,946,Kranz2022_expression_compendium_Zenodo6842664
cg0350,cg0444,glxR,ramB,0.67839186,0.67839186,1.2416305e-133,984,Kranz2022_expression_compendium_Zenodo6842664
cg0350,cg0446,glxR,sdhA,0.72656193,0.72656193,3.6370134e-165,1002,Kranz2022_expression_compendium_Zenodo6842664
cg0350,cg0448,glxR,,0.61453906,0.61453906,1.3678152e-101,968,Kranz2022_expression_compendium_Zenodo6842664
cg0350,cg0527,glxR,glyR,0.25070931,0.25070931,1.4148961e-08,498,Kranz2022_expression_compendium_Zenodo6842664
cg0350,cg0530,glxR,,0.6565024,0.6565024,1.0819123e-105,848,Kranz2022_expression_compendium_Zenodo6842664
cg0350,cg0566,glxR,gabT,0.085137899,0.085137899,0.073106568,444,Kranz2022_expression_compendium_Zenodo6842664
cg0350,cg0567,glxR,gabD2,0.13277879,0.13277879,0.0023670637,522,Kranz2022_expression_compendium_Zenodo6842664
cg0350,cg0568,glxR,,0.2440925,0.2440925,0.00017349534,232,Kranz2022_expression_compendium_Zenodo6842664
cg0350,cg0759,glxR,prpD2,0.53352448,0.53352448,1.2762329e-66,890,Kranz2022_expression_compendium_Zenodo6842664
cg0350,cg0762,glxR,prpC2,0.50730958,0.50730958,9.0493665e-60,896,Kranz2022_expression_compendium_Zenodo6842664
cg0350,cg0791,glxR,pyc,0.72307864,0.72307864,3.2852861e-162,998,Kranz2022_expression_compendium_Zenodo6842664
cg0350,cg0796,glxR,prpD1,0.58259948,0.58259948,7.0363903e-76,822,Kranz2022_expression_compendium_Zenodo6842664
cg0350,cg0797,glxR,prpB1,0.56715671,0.56715671,3.2345199e-76,882,Kranz2022_expression_compendium_Zenodo6842664
cg0350,cg0798,glxR,prpC1,0.37873473,0.37873473,6.8598357e-29,806,Kranz2022_expression_compendium_Zenodo6842664
cg0350,cg0812,glxR,dtsR1,0.74840412,0.74840412,1.8676489e-179,996,Kranz2022_expression_compendium_Zenodo6842664
cg0350,cg0814,glxR,birA,0.65313232,0.65313232,4.5854484e-118,962,Kranz2022_expression_compendium_Zenodo6842664
cg0350,cg0868,glxR,secA,0.75617286,0.75617286,1.0849904e-182,982,Kranz2022_expression_compendium_Zenodo6842664
cg0350,cg0878,glxR,whiB1(whcE),0.75924724,0.75924724,1.1998993e-184,980,Kranz2022_expression_compendium_Zenodo6842664
cg0350,cg0879,glxR,,0.48026729,0.48026729,1.0201898e-35,596,Kranz2022_expression_compendium_Zenodo6842664
cg0350,cg0948,glxR,serC,0.80328477,0.80328477,2.5337854e-222,980,Kranz2022_expression_compendium_Zenodo6842664
cg0350,cg0949,glxR,gltA,0.81329613,0.81329613,1.1719387e-233,986,Kranz2022_expression_compendium_Zenodo6842664
cg0350,cg0951,glxR,accDA,0.83580761,0.83580761,6.2055734e-245,934,Kranz2022_expression_compendium_Zenodo6842664
cg0350,cg0957,glxR,fas-IB,0.72467498,0.72467498,1.3856339e-163,1000,Kranz2022_expression_compendium_Zenodo6842664
cg0350,cg0961,glxR,,0.69821555,0.69821555,2.6923685e-129,878,Kranz2022_expression_compendium_Zenodo6842664
cg0350,cg0968,glxR,,0.52215717,0.52215717,1.5982903e-49,690,Kranz2022_expression_compendium_Zenodo6842664
cg0350,cg0997,glxR,cgtS2,0.27197577,0.27197577,5.3634496e-10,504,Kranz2022_expression_compendium_Zenodo6842664
cg0350,cg1037,glxR,,0.7938689,0.7938689,4.5603164e-213,978,Kranz2022_expression_compendium_Zenodo6842664
cg0350,cg1039,glxR,,0.52376673,0.52376673,2.7320793e-50,696,Kranz2022_expression_compendium_Zenodo6842664
cg0350,cg1041,glxR,pdxK,0.59069711,0.59069711,5.3915161e-88,924,Kranz2022_expression_compendium_Zenodo6842664
cg0350,cg1062,glxR,,0.28336088,0.28336088,2.6201792e-09,426,Kranz2022_expression_compendium_Zenodo6842664
cg0350,cg1066,glxR,,0.19854805,0.19854805,2.1880854e-06,560,Kranz2022_expression_compendium_Zenodo6842664
cg0350,cg1068,glxR,spiA,0.61932186,0.61932186,6.5856638e-102,952,Kranz2022_expression_compendium_Zenodo6842664
cg0350,cg1086,glxR,,0.68403697,0.68403697,5.4346417e-112,804,Kranz2022_expression_compendium_Zenodo6842664
cg0350,cg1132,glxR,coaA,0.60898017,0.60898017,7.4957436e-93,904,Kranz2022_expression_compendium_Zenodo6842664
cg0350,cg1140,glxR,,0.60765257,0.60765257,9.9004436e-87,848,Kranz2022_expression_compendium_Zenodo6842664
cg0350,cg1144,glxR,,0.64743959,0.64743959,6.0609079e-97,806,Kranz2022_expression_compendium_Zenodo6842664
cg0350,cg1179,glxR,,0.58925904,0.58925904,1.6939268e-71,752,Kranz2022_expression_compendium_Zenodo6842664
cg0350,cg1182,glxR,,0.57079134,0.57079134,4.2179295e-62,704,Kranz2022_expression_compendium_Zenodo6842664
cg0350,cg1207,glxR,,0.33676694,0.33676694,6.4608678e-13,432,Kranz2022_expression_compendium_Zenodo6842664
cg0350,cg1211,glxR,oasR,0.64577432,0.64577432,2.2229902e-114,960,Kranz2022_expression_compendium_Zenodo6842664
cg0350,cg1212,glxR,,0.2548466,0.2548466,1.8060788e-07,408,Kranz2022_expression_compendium_Zenodo6842664
cg0350,cg1226,glxR,pobB,0.59221419,0.59221419,3.6543067e-85,888,Kranz2022_expression_compendium_Zenodo6842664
cg0350,cg1290,glxR,metE,0.59682488,0.59682488,2.252487e-73,748,Kranz2022_expression_compendium_Zenodo6842664
cg0350,cg1292,glxR,,0.68243108,0.68243108,6.5482079e-116,838,Kranz2022_expression_compendium_Zenodo6842664
cg0350,cg1293,glxR,,0.66935779,0.66935779,1.292463e-113,866,Kranz2022_expression_compendium_Zenodo6842664
cg0350,cg1294,glxR,,0.40219254,0.40219254,1.3428871e-28,700,Kranz2022_expression_compendium_Zenodo6842664
cg0350,cg1296,glxR,,0.4598706,0.4598706,5.1277438e-13,222,Kranz2022_expression_compendium_Zenodo6842664
cg0350,cg1307,glxR,,0.70772806,0.70772806,1.8151329e-152,998,Kranz2022_expression_compendium_Zenodo6842664
cg0350,cg1310,glxR,tfdF,0.36169885,0.36169885,3.5242519e-14,412,Kranz2022_expression_compendium_Zenodo6842664
cg0350,cg1311,glxR,catA2,0.36553591,0.36553591,2.750802e-21,628,Kranz2022_expression_compendium_Zenodo6842664
cg0350,cg1314,glxR,putP,0.84535738,0.84535738,1.5116625e-274,1002,Kranz2022_expression_compendium_Zenodo6842664
cg0350,cg1382,glxR,glgE,0.82032378,0.82032378,1.1638474e-236,968,Kranz2022_expression_compendium_Zenodo6842664
cg0350,cg1435,glxR,ilvB,0.79923311,0.79923311,1.4431081e-221,994,Kranz2022_expression_compendium_Zenodo6842664
cg0350,cg1437,glxR,ilvC,0.73474932,0.73474932,4.5396531e-170,998,Kranz2022_expression_compendium_Zenodo6842664
cg0350,cg1481,glxR,,0.34479584,0.34479584,9.6361772e-17,548,Kranz2022_expression_compendium_Zenodo6842664
cg0350,cg1512,glxR,,0.74804942,0.74804942,6.9752334e-149,826,Kranz2022_expression_compendium_Zenodo6842664
cg0350,cg1513,glxR,tnp23a(ISCg23a),0.25103788,0.25103788,1.1043506e-10,642,Kranz2022_expression_compendium_Zenodo6842664
cg0350,cg1514,glxR,tnp23a(ISCg23a),0.62091677,0.62091677,1.1538424e-100,934,Kranz2022_expression_compendium_Zenodo6842664
cg0350,cg1515,glxR,tnp24a(ISCg24a),0.66579836,0.66579836,3.2119906e-97,750,Kranz2022_expression_compendium_Zenodo6842664
cg0350,cg1516,glxR,,0.57544136,0.57544136,1.0505924e-57,640,Kranz2022_expression_compendium_Zenodo6842664
cg0350,cg1517,glxR,,0.7811035,0.7811035,2.8821508e-177,858,Kranz2022_expression_compendium_Zenodo6842664
cg0350,cg1537,glxR,ptsG,0.76462809,0.76462809,7.7777828e-184,954,Kranz2022_expression_compendium_Zenodo6842664
cg0350,cg1568,glxR,ugpA,0.5529797,0.5529797,1.0718593e-59,730,Kranz2022_expression_compendium_Zenodo6842664
cg0350,cg1570,glxR,ugpB,0.23517939,0.23517939,0.00036238249,226,Kranz2022_expression_compendium_Zenodo6842664
cg0350,cg1597,glxR,,0.69664566,0.69664566,1.0080777e-111,762,Kranz2022_expression_compendium_Zenodo6842664
cg0350,cg1624,glxR,,0.51719624,0.51719624,5.7167729e-47,668,Kranz2022_expression_compendium_Zenodo6842664
cg0350,cg1753,glxR,,0.7288918,0.7288918,3.5527494e-157,944,Kranz2022_expression_compendium_Zenodo6842664
cg0350,cg1766,glxR,,0.4016558,0.4016558,1.1481957e-24,600,Kranz2022_expression_compendium_Zenodo6842664
cg0350,cg1767,glxR,,0.7536226,0.7536226,2.2345202e-168,914,Kranz2022_expression_compendium_Zenodo6842664
cg0350,cg1768,glxR,,0.34218938,0.34218938,3.1778615e-16,538,Kranz2022_expression_compendium_Zenodo6842664
cg0350,cg1769,glxR,ctaA,0.36881107,0.36881107,5.4014665e-06,144,Kranz2022_expression_compendium_Zenodo6842664
cg0350,cg1770,glxR,,0.29643539,0.29643539,1.031486e-06,262,Kranz2022_expression_compendium_Zenodo6842664
cg0350,cg1787,glxR,ppc,0.75447209,0.75447209,4.0292043e-178,964,Kranz2022_expression_compendium_Zenodo6842664
cg0350,cg1791,glxR,gap,0.6723488,0.6723488,2.9269612e-132,998,Kranz2022_expression_compendium_Zenodo6842664
cg0350,cg1798,glxR,ribA,0.80103891,0.80103891,2.9813335e-211,940,Kranz2022_expression_compendium_Zenodo6842664
cg0350,cg1864,glxR,,0.59343392,0.59343392,3.820739e-62,640,Kranz2022_expression_compendium_Zenodo6842664
cg0350,cg1954,glxR,,0.28297522,0.28297522,5.9927146e-06,248,Kranz2022_expression_compendium_Zenodo6842664
cg0350,cg1956,glxR,recJ,0.73727304,0.73727304,3.4520723e-173,1006,Kranz2022_expression_compendium_Zenodo6842664
cg0350,cg1957,glxR,,0.58222231,0.58222231,8.9032354e-74,800,Kranz2022_expression_compendium_Zenodo6842664
cg0350,cg1959,glxR,priP,0.115922,0.115922,0.025761949,370,Kranz2022_expression_compendium_Zenodo6842664
cg0350,cg1989,glxR,,0.24429984,0.24429984,5.1686894e-07,412,Kranz2022_expression_compendium_Zenodo6842664
cg0350,cg2008,glxR,,0.30270998,0.30270998,9.3116364e-12,486,Kranz2022_expression_compendium_Zenodo6842664
cg0350,cg2009,glxR,,0.18960357,0.18960357,0.0006771156,318,Kranz2022_expression_compendium_Zenodo6842664
cg0350,cg2061,glxR,psp3,0.73773068,0.73773068,5.8817073e-151,874,Kranz2022_expression_compendium_Zenodo6842664
cg0350,cg2118,glxR,fruR,0.67223692,0.67223692,2.1240468e-125,946,Kranz2022_expression_compendium_Zenodo6842664
cg0350,cg2119,glxR,pfkB,0.75208788,0.75208788,7.9868873e-182,994,Kranz2022_expression_compendium_Zenodo6842664
cg0350,cg2120,glxR,ptsF,0.71763367,0.71763367,7.5663656e-156,980,Kranz2022_expression_compendium_Zenodo6842664
cg0350,cg2136,glxR,gluA,0.78789425,0.78789425,2.3646994e-212,1000,Kranz2022_expression_compendium_Zenodo6842664
cg0350,cg2137,glxR,gluB,0.71148182,0.71148182,2.098847e-155,1002,Kranz2022_expression_compendium_Zenodo6842664
cg0350,cg2139,glxR,gluD,0.75235565,0.75235565,1.5728838e-151,826,Kranz2022_expression_compendium_Zenodo6842664
cg0350,cg2145,glxR,,0.72195315,0.72195315,1.1868843e-140,868,Kranz2022_expression_compendium_Zenodo6842664
cg0350,cg2258,glxR,glnD,0.54688261,0.54688261,4.1030974e-50,626,Kranz2022_expression_compendium_Zenodo6842664
cg0350,cg2260,glxR,glnK,0.70727114,0.70727114,9.4928907e-128,836,Kranz2022_expression_compendium_Zenodo6842664
cg0350,cg2261,glxR,amtB,0.40714543,0.40714543,3.3402093e-30,722,Kranz2022_expression_compendium_Zenodo6842664
cg0350,cg2280,glxR,gdh,0.86897462,0.86897462,3.7551881e-274,892,Kranz2022_expression_compendium_Zenodo6842664
cg0350,cg2322,glxR,,0.80104332,0.80104332,3.4007824e-224,998,Kranz2022_expression_compendium_Zenodo6842664
cg0350,cg2346,glxR,rluD,0.68975723,0.68975723,2.6042564e-139,980,Kranz2022_expression_compendium_Zenodo6842664
cg0350,cg2361,glxR,,0.88269568,0.88269568,9.8813129e-324,982,Kranz2022_expression_compendium_Zenodo6842664
cg0350,cg2403,glxR,qcrB,0.73768532,0.73768532,1.9816578e-171,994,Kranz2022_expression_compendium_Zenodo6842664
cg0350,cg2404,glxR,qcrA1,0.65737964,0.65737964,2.7518677e-124,996,Kranz2022_expression_compendium_Zenodo6842664
cg0350,cg2405,glxR,qcrC,0.77962837,0.77962837,4.561563e-205,1000,Kranz2022_expression_compendium_Zenodo6842664
cg0350,cg2410,glxR,ltsA,0.74121802,0.74121802,8.8107943e-162,924,Kranz2022_expression_compendium_Zenodo6842664
cg0350,cg2429,glxR,glnA,0.7101454,0.7101454,1.1812388e-153,996,Kranz2022_expression_compendium_Zenodo6842664
cg0350,cg2559,glxR,aceB,0.69854385,0.69854385,3.9874924e-134,910,Kranz2022_expression_compendium_Zenodo6842664
cg0350,cg2560,glxR,aceA,0.58987429,0.58987429,1.9322052e-88,932,Kranz2022_expression_compendium_Zenodo6842664
cg0350,cg2617,glxR,vanB,0.69402042,0.69402042,3.8061321e-143,990,Kranz2022_expression_compendium_Zenodo6842664
cg0350,cg2618,glxR,vanK,0.69718313,0.69718313,7.2552201e-126,858,Kranz2022_expression_compendium_Zenodo6842664
cg0350,cg2628,glxR,pcaI,0.41947916,0.41947916,2.4237885e-24,538,Kranz2022_expression_compendium_Zenodo6842664
cg0350,cg2629,glxR,pcaB1,0.70051012,0.70051012,3.8196031e-128,862,Kranz2022_expression_compendium_Zenodo6842664
cg0350,cg2630,glxR,pcaG,0.66564674,0.66564674,8.3699807e-105,810,Kranz2022_expression_compendium_Zenodo6842664
cg0350,cg2631,glxR,pcaH,0.64065904,0.64065904,4.2933078e-97,830,Kranz2022_expression_compendium_Zenodo6842664
cg0350,cg2636,glxR,catA1,0.68646694,0.68646694,5.3518319e-130,926,Kranz2022_expression_compendium_Zenodo6842664
cg0350,cg2637,glxR,benA,0.31957414,0.31957414,3.9057599e-10,366,Kranz2022_expression_compendium_Zenodo6842664
cg0350,cg2638,glxR,benB,0.31096313,0.31096313,3.4377939e-10,390,Kranz2022_expression_compendium_Zenodo6842664
cg0350,cg2639,glxR,benC,0.38705662,0.38705662,3.0584097e-07,164,Kranz2022_expression_compendium_Zenodo6842664
cg0350,cg2641,glxR,benR,0.57757108,0.57757108,4.4557951e-76,842,Kranz2022_expression_compendium_Zenodo6842664
cg0350,cg2642,glxR,benK1,0.7860979,0.7860979,1.7357889e-209,994,Kranz2022_expression_compendium_Zenodo6842664
cg0350,cg2708,glxR,,0.84584065,0.84584065,1.5675443e-273,996,Kranz2022_expression_compendium_Zenodo6842664
cg0350,cg2732,glxR,,0.18524072,0.18524072,1.2753105e-05,548,Kranz2022_expression_compendium_Zenodo6842664
cg0350,cg2743,glxR,fas-IA,0.75997038,0.75997038,1.868241e-178,944,Kranz2022_expression_compendium_Zenodo6842664
cg0350,cg2837,glxR,sucC,0.67556409,0.67556409,1.1644171e-119,890,Kranz2022_expression_compendium_Zenodo6842664
cg0350,cg2840,glxR,actA,0.77750655,0.77750655,1.9274328e-202,996,Kranz2022_expression_compendium_Zenodo6842664
cg0350,cg2844,glxR,pstA,0.36913651,0.36913651,1.4895983e-18,530,Kranz2022_expression_compendium_Zenodo6842664
cg0350,cg2891,glxR,poxB,0.69998822,0.69998822,1.0301733e-138,936,Kranz2022_expression_compendium_Zenodo6842664
cg0350,cg2899,glxR,,0.38198244,0.38198244,3.9210612e-20,538,Kranz2022_expression_compendium_Zenodo6842664
cg0350,cg2923,glxR,,0.30614834,0.30614834,2.6330883e-05,182,Kranz2022_expression_compendium_Zenodo6842664
cg0350,cg2925,glxR,ptsS,0.75361315,0.75361315,1.4195607e-174,948,Kranz2022_expression_compendium_Zenodo6842664
cg0350,cg2927,glxR,scrB,0.2510625,0.2510625,3.9010229e-10,604,Kranz2022_expression_compendium_Zenodo6842664
cg0350,cg2953,glxR,xylC,0.72043621,0.72043621,4.520841e-148,920,Kranz2022_expression_compendium_Zenodo6842664
cg0350,cg2965,glxR,,0.59246187,0.59246187,2.8331807e-62,644,Kranz2022_expression_compendium_Zenodo6842664
cg0350,cg2966,glxR,,0.53544646,0.53544646,3.5635316e-48,632,Kranz2022_expression_compendium_Zenodo6842664
cg0350,cg3079,glxR,clpB,0.69969176,0.69969176,2.2292033e-137,928,Kranz2022_expression_compendium_Zenodo6842664
cg0350,cg3080,glxR,,0.87437597,0.87437597,3.9386082e-308,976,Kranz2022_expression_compendium_Zenodo6842664
cg0350,cg3096,glxR,,0.72182473,0.72182473,1.3771999e-156,968,Kranz2022_expression_compendium_Zenodo6842664
cg0350,cg3107,glxR,adhA,0.65219573,0.65219573,1.1754489e-116,954,Kranz2022_expression_compendium_Zenodo6842664
cg0350,cg3125,glxR,,0.48389117,0.48389117,3.3415291e-41,680,Kranz2022_expression_compendium_Zenodo6842664
cg0350,cg3126,glxR,,0.4496036,0.4496036,4.839949e-27,516,Kranz2022_expression_compendium_Zenodo6842664
cg0350,cg3127,glxR,,0.53079545,0.53079545,1.5229706e-50,678,Kranz2022_expression_compendium_Zenodo6842664
cg0350,cg3133,glxR,,0.40216662,0.40216662,1.5256234e-19,466,Kranz2022_expression_compendium_Zenodo6842664
cg0350,cg3138,glxR,,0.74568133,0.74568133,1.8302841e-171,962,Kranz2022_expression_compendium_Zenodo6842664
cg0350,cg3148,glxR,,0.38743338,0.38743338,6.3799031e-17,432,Kranz2022_expression_compendium_Zenodo6842664
cg0350,cg3151,glxR,tnp2b(ISCg2b),0.38135509,0.38135509,1.090207e-22,614,Kranz2022_expression_compendium_Zenodo6842664
cg0350,cg3153,glxR,,0.64015913,0.64015913,2.5314725e-89,764,Kranz2022_expression_compendium_Zenodo6842664
cg0350,cg3169,glxR,pck,0.67535825,0.67535825,1.8873123e-126,942,Kranz2022_expression_compendium_Zenodo6842664
cg0350,cg3170,glxR,,0.4127655,0.4127655,2.0537509e-26,608,Kranz2022_expression_compendium_Zenodo6842664
cg0350,cg3195,glxR,,0.72819315,0.72819315,1.0207968e-157,950,Kranz2022_expression_compendium_Zenodo6842664
cg0350,cg3216,glxR,gntP,0.6783932,0.6783932,6.6514024e-123,904,Kranz2022_expression_compendium_Zenodo6842664
cg0350,cg3219,glxR,ldh,0.56735221,0.56735221,4.3239546e-86,998,Kranz2022_expression_compendium_Zenodo6842664
cg0350,cg3220,glxR,,0.27761152,0.27761152,6.600391e-10,478,Kranz2022_expression_compendium_Zenodo6842664
cg0350,cg3221,glxR,,0.70470682,0.70470682,8.7041502e-138,912,Kranz2022_expression_compendium_Zenodo6842664
cg0350,cg3226,glxR,,0.46378284,0.46378284,2.0485126e-51,942,Kranz2022_expression_compendium_Zenodo6842664
cg0350,cg3227,glxR,lldA,0.57358677,0.57358677,1.1099895e-87,990,Kranz2022_expression_compendium_Zenodo6842664
cg0350,cg3250,glxR,,0.35168385,0.35168385,5.0362504e-19,604,Kranz2022_expression_compendium_Zenodo6842664
cg0350,cg3251,glxR,,0.76457758,0.76457758,3.7056032e-176,914,Kranz2022_expression_compendium_Zenodo6842664
cg0350,cg3349,glxR,,0.45703629,0.45703629,1.2305028e-29,548,Kranz2022_expression_compendium_Zenodo6842664
cg0350,cg3350,glxR,hpaG,0.68092136,0.68092136,1.5407582e-135,988,Kranz2022_expression_compendium_Zenodo6842664
cg0350,cg3351,glxR,nagI,0.45054821,0.45054821,5.1864893e-34,654,Kranz2022_expression_compendium_Zenodo6842664
cg0350,cg3352,glxR,genR(nagR),0.41369053,0.41369053,4.4249041e-23,524,Kranz2022_expression_compendium_Zenodo6842664
cg0350,cg3353,glxR,benK2(genK),0.276688,0.276688,3.549665e-07,328,Kranz2022_expression_compendium_Zenodo6842664
cg0350,cg3354,glxR,,0.32595658,0.32595658,6.1200346e-14,504,Kranz2022_expression_compendium_Zenodo6842664
cg0350,cg3376,glxR,,0.28451441,0.28451441,9.7141762e-12,552,Kranz2022_expression_compendium_Zenodo6842664
cg0350,cg3377,glxR,,0.49852324,0.49852324,9.8185082e-52,804,Kranz2022_expression_compendium_Zenodo6842664
cg0350,cg3382,glxR,,0.65449093,0.65449093,3.1925655e-109,884,Kranz2022_expression_compendium_Zenodo6842664
cg0350,cg3388,glxR,,0.64201394,0.64201394,4.5639897e-89,756,Kranz2022_expression_compendium_Zenodo6842664
cg0350,cg3389,glxR,,0.27798353,0.27798353,3.6384615e-15,772,Kranz2022_expression_compendium_Zenodo6842664
cg0350,cg3390,glxR,,0.42228202,0.42228202,6.5887855e-35,776,Kranz2022_expression_compendium_Zenodo6842664
cg0350,cg4001,glxR,,0.26272819,0.26272819,1.8888864e-07,382,Kranz2022_expression_compendium_Zenodo6842664
cg0444,cg0071,ramB,,0.011906183,0.011906183,0.85809661,228,Kranz2022_expression_compendium_Zenodo6842664
cg0444,cg0072,ramB,,0.42714414,0.42714414,3.755457e-29,626,Kranz2022_expression_compendium_Zenodo6842664
cg0444,cg0073,ramB,,0.21123655,0.21123655,0.00011042692,330,Kranz2022_expression_compendium_Zenodo6842664
cg0444,cg0350,ramB,glxR,0.67839186,0.67839186,1.2416305e-133,984,Kranz2022_expression_compendium_Zenodo6842664
cg0444,cg0446,ramB,sdhA,0.48143744,0.48143744,1.839726e-58,988,Kranz2022_expression_compendium_Zenodo6842664
cg0444,cg0448,ramB,,0.30684241,0.30684241,2.4706525e-22,958,Kranz2022_expression_compendium_Zenodo6842664
cg0444,cg0453,ramB,,0.53904675,0.53904675,5.743182e-72,940,Kranz2022_expression_compendium_Zenodo6842664
cg0444,cg0527,ramB,glyR,0.13025008,0.13025008,0.0034613396,502,Kranz2022_expression_compendium_Zenodo6842664
cg0444,cg0530,ramB,,0.42439742,0.42439742,3.8567703e-38,842,Kranz2022_expression_compendium_Zenodo6842664
cg0444,cg0736,ramB,,0.66322029,0.66322029,6.0120305e-122,954,Kranz2022_expression_compendium_Zenodo6842664
cg0444,cg0763,ramB,mdh2,0.36139465,0.36139465,4.1920902e-18,540,Kranz2022_expression_compendium_Zenodo6842664
cg0444,cg0767,ramB,,0.57624878,0.57624878,1.1072585e-69,774,Kranz2022_expression_compendium_Zenodo6842664
cg0444,cg0769,ramB,,0.56843633,0.56843633,9.1177409e-67,766,Kranz2022_expression_compendium_Zenodo6842664
cg0444,cg0791,ramB,pyc,0.62453306,0.62453306,9.4802141e-108,986,Kranz2022_expression_compendium_Zenodo6842664
cg0444,cg0842,ramB,,0.54742932,0.54742932,6.7232604e-73,918,Kranz2022_expression_compendium_Zenodo6842664
cg0444,cg0843,ramB,,0.57913119,0.57913119,3.3641113e-81,894,Kranz2022_expression_compendium_Zenodo6842664
cg0444,cg0878,ramB,whiB1(whcE),0.59363573,0.59363573,2.0228479e-93,970,Kranz2022_expression_compendium_Zenodo6842664
cg0444,cg0880,ramB,,0.63586073,0.63586073,1.5870493e-92,806,Kranz2022_expression_compendium_Zenodo6842664
cg0444,cg0948,ramB,serC,0.59951923,0.59951923,1.024989e-95,970,Kranz2022_expression_compendium_Zenodo6842664
cg0444,cg0949,ramB,gltA,0.65679124,0.65679124,8.7953775e-122,978,Kranz2022_expression_compendium_Zenodo6842664
cg0444,cg0951,ramB,accDA,0.69961574,0.69961574,2.4552647e-137,928,Kranz2022_expression_compendium_Zenodo6842664
cg0444,cg0952,ramB,,0.52748829,0.52748829,1.8943015e-68,940,Kranz2022_expression_compendium_Zenodo6842664
cg0444,cg1037,ramB,,0.55982962,0.55982962,8.89564e-81,966,Kranz2022_expression_compendium_Zenodo6842664
cg0444,cg1039,ramB,,0.40142842,0.40142842,2.4757112e-28,696,Kranz2022_expression_compendium_Zenodo6842664
cg0444,cg1041,ramB,pdxK,0.46664943,0.46664943,1.0153829e-50,916,Kranz2022_expression_compendium_Zenodo6842664
cg0444,cg1085,ramB,,0.57174767,0.57174767,1.8616021e-70,798,Kranz2022_expression_compendium_Zenodo6842664
cg0444,cg1089,ramB,,0.20785936,0.20785936,5.2957149e-07,572,Kranz2022_expression_compendium_Zenodo6842664
cg0444,cg1179,ramB,,0.36937756,0.36937756,1.0068107e-25,752,Kranz2022_expression_compendium_Zenodo6842664
cg0444,cg1182,ramB,,0.349702,0.349702,9.756689e-22,706,Kranz2022_expression_compendium_Zenodo6842664
cg0444,cg1432,ramB,ilvD,0.62656803,0.62656803,7.9832976e-106,960,Kranz2022_expression_compendium_Zenodo6842664
cg0444,cg1537,ramB,ptsG,0.47315199,0.47315199,6.1106788e-54,946,Kranz2022_expression_compendium_Zenodo6842664
cg0444,cg1816,ramB,pyrB,0.77348563,0.77348563,1.779922e-197,988,Kranz2022_expression_compendium_Zenodo6842664
cg0444,cg1956,ramB,recJ,0.46011981,0.46011981,2.4634429e-53,996,Kranz2022_expression_compendium_Zenodo6842664
cg0444,cg1957,ramB,,0.48976545,0.48976545,3.9110133e-49,794,Kranz2022_expression_compendium_Zenodo6842664
cg0444,cg2035,ramB,,0.18344495,0.18344495,1.496733e-05,550,Kranz2022_expression_compendium_Zenodo6842664
cg0444,cg2037,ramB,,0.66041134,0.66041134,8.1425645e-125,988,Kranz2022_expression_compendium_Zenodo6842664
cg0444,cg2280,ramB,gdh,0.63417697,0.63417697,2.6412966e-101,890,Kranz2022_expression_compendium_Zenodo6842664
cg0444,cg2282,ramB,glxK,0.58831077,0.58831077,1.8517206e-90,960,Kranz2022_expression_compendium_Zenodo6842664
cg0444,cg2453,ramB,,0.41660461,0.41660461,1.9955483e-28,644,Kranz2022_expression_compendium_Zenodo6842664
cg0444,cg2466,ramB,aceE,0.49262179,0.49262179,3.3854006e-60,966,Kranz2022_expression_compendium_Zenodo6842664
cg0444,cg2559,ramB,aceB,0.63383518,0.63383518,3.5433331e-103,908,Kranz2022_expression_compendium_Zenodo6842664
cg0444,cg2560,ramB,aceA,0.45950311,0.45950311,3.0098835e-49,920,Kranz2022_expression_compendium_Zenodo6842664
cg0444,cg2639,ramB,benC,0.22776179,0.22776179,0.0031652075,166,Kranz2022_expression_compendium_Zenodo6842664
cg0444,cg2837,ramB,sucC,0.68168384,0.68168384,2.3179396e-122,888,Kranz2022_expression_compendium_Zenodo6842664
cg0444,cg2840,ramB,actA,0.69540512,0.69540512,6.050819e-144,990,Kranz2022_expression_compendium_Zenodo6842664
cg0444,cg2925,ramB,ptsS,0.60394566,0.60394566,1.6400657e-94,940,Kranz2022_expression_compendium_Zenodo6842664
cg0444,cg3063,ramB,purA,0.58747987,0.58747987,5.4889311e-85,904,Kranz2022_expression_compendium_Zenodo6842664
cg0444,cg3068,ramB,fda,0.16232603,0.16232603,2.2270127e-05,676,Kranz2022_expression_compendium_Zenodo6842664
cg0444,cg3096,ramB,,0.68814396,0.68814396,8.7783577e-135,954,Kranz2022_expression_compendium_Zenodo6842664
cg0444,cg3107,ramB,adhA,0.60868605,0.60868605,1.4164286e-97,952,Kranz2022_expression_compendium_Zenodo6842664
cg0444,cg3135,ramB,,0.55775296,0.55775296,5.167523e-57,682,Kranz2022_expression_compendium_Zenodo6842664
cg0444,cg3138,ramB,,0.55092238,0.55092238,2.3381486e-76,948,Kranz2022_expression_compendium_Zenodo6842664
cg0444,cg3169,ramB,pck,0.28000516,0.28000516,4.5320937e-18,922,Kranz2022_expression_compendium_Zenodo6842664
cg0444,cg3335,ramB,mez,0.74920293,0.74920293,5.9403537e-174,962,Kranz2022_expression_compendium_Zenodo6842664
cg0444,cg3376,ramB,,0.23598493,0.23598493,2.397662e-08,546,Kranz2022_expression_compendium_Zenodo6842664
cg0444,cg3377,ramB,,0.50869183,0.50869183,7.1558515e-54,800,Kranz2022_expression_compendium_Zenodo6842664
cg0444,cg4001,ramB,,0.24811035,0.24811035,9.7106325e-07,380,Kranz2022_expression_compendium_Zenodo6842664
cg0446,cg2559,sdhA,aceB,0.61548023,0.61548023,5.6860616e-96,910,Kranz2022_expression_compendium_Zenodo6842664
cg0463,cg0550,csoR,,0.67504876,0.67504876,2.5244787e-122,912,Kranz2022_expression_compendium_Zenodo6842664
cg0463,cg3280,csoR,,0.7007193,0.7007193,1.2983343e-120,810,Kranz2022_expression_compendium_Zenodo6842664
cg0463,cg3281,csoR,,0.74493449,0.74493449,1.1224956e-159,898,Kranz2022_expression_compendium_Zenodo6842664
cg0463,cg3282,csoR,,0.70874232,0.70874232,5.4685103e-127,826,Kranz2022_expression_compendium_Zenodo6842664
cg0463,cg3411,csoR,,0.60089707,0.60089707,3.2272378e-82,826,Kranz2022_expression_compendium_Zenodo6842664
cg0527,cg1284,glyR,lipT,0.5465242,0.5465242,3.9832189e-40,498,Kranz2022_expression_compendium_Zenodo6842664
cg0537,cg0455,,,0.66124941,0.66124941,6.0631263e-79,618,Kranz2022_expression_compendium_Zenodo6842664
cg0537,cg0456,,,0.71019468,0.71019468,2.5418079e-77,496,Kranz2022_expression_compendium_Zenodo6842664
cg0565,cg0566,gabR,gabT,0.31497726,0.31497726,1.8863855e-11,434,Kranz2022_expression_compendium_Zenodo6842664
cg0565,cg0567,gabR,gabD2,0.33901731,0.33901731,3.0929086e-15,512,Kranz2022_expression_compendium_Zenodo6842664
cg0565,cg0568,gabR,,0.47212571,0.47212571,1.6780598e-13,218,Kranz2022_expression_compendium_Zenodo6842664
cg0589,cg0501,,,0.51875749,0.51875749,1.4244758e-50,716,Kranz2022_expression_compendium_Zenodo6842664
cg0589,cg0502,,,0.56645898,0.56645898,1.41258e-68,794,Kranz2022_expression_compendium_Zenodo6842664
cg0589,cg0592,,,0.39874923,0.39874923,9.1920681e-35,876,Kranz2022_expression_compendium_Zenodo6842664
cg0589,cg0593,,rpsJ,0.29989432,0.29989432,2.2889427e-20,910,Kranz2022_expression_compendium_Zenodo6842664
cg0695,cg0878,whiB3,whiB1(whcE),0.50245328,0.50245328,2.0170793e-18,266,Kranz2022_expression_compendium_Zenodo6842664
cg0695,cg3422,whiB3,trxB,0.43408205,0.43408205,1.1956684e-13,266,Kranz2022_expression_compendium_Zenodo6842664
cg0702,cg0701,,,0.33376173,0.33376173,8.0918031e-17,590,Kranz2022_expression_compendium_Zenodo6842664
cg0725,cg0718,crtR,crtYf,0.70099722,0.70099722,1.8751447e-120,808,Kranz2022_expression_compendium_Zenodo6842664
cg0725,cg0721,crtR,crtB2,0.70244439,0.70244439,6.7107007e-118,786,Kranz2022_expression_compendium_Zenodo6842664
cg0725,cg0722,crtR,,0.68792061,0.68792061,4.296003e-117,828,Kranz2022_expression_compendium_Zenodo6842664
cg0725,cg0823,crtR,ntaA,0.6409217,0.6409217,1.4375626e-42,356,Kranz2022_expression_compendium_Zenodo6842664
cg0725,cg0825,crtR,,0.67437234,0.67437234,4.0778722e-110,822,Kranz2022_expression_compendium_Zenodo6842664
cg0725,cg0826,crtR,,0.70938929,0.70938929,1.7122775e-125,814,Kranz2022_expression_compendium_Zenodo6842664
cg0725,cg0830,crtR,,0.64816411,0.64816411,4.6480645e-91,754,Kranz2022_expression_compendium_Zenodo6842664
cg0748,cg0636,,,0.74759302,0.74759302,4.2320331e-68,374,Kranz2022_expression_compendium_Zenodo6842664
cg0748,cg0637,,betB,0.74142769,0.74142769,1.1306526e-88,502,Kranz2022_expression_compendium_Zenodo6842664
cg0748,cg0639,,,0.70632439,0.70632439,5.9274229e-81,528,Kranz2022_expression_compendium_Zenodo6842664
cg0748,cg0640,,fdxB,0.71786927,0.71786927,1.1562259e-86,540,Kranz2022_expression_compendium_Zenodo6842664
cg0748,cg0641,,fabG2,0.7358885,0.7358885,7.580387e-76,438,Kranz2022_expression_compendium_Zenodo6842664
cg0748,cg0642,,,0.70181696,0.70181696,5.2425214e-60,396,Kranz2022_expression_compendium_Zenodo6842664
cg0748,cg0644,,,0.71417006,0.71417006,2.8366069e-73,462,Kranz2022_expression_compendium_Zenodo6842664
cg0748,cg0645,,cytP,0.70573489,0.70573489,2.9087072e-79,518,Kranz2022_expression_compendium_Zenodo6842664
cg0748,cg0735,,,0.74200491,0.74200491,1.380187e-66,374,Kranz2022_expression_compendium_Zenodo6842664
cg0748,cg0738,,dnaE2,0.68754974,0.68754974,2.2463755e-82,580,Kranz2022_expression_compendium_Zenodo6842664
cg0798,cg0136,prpC1,,0.59116019,0.59116019,6.0783389e-62,644,Kranz2022_expression_compendium_Zenodo6842664
cg0798,cg0486,prpC1,,0.45340901,0.45340901,4.1282645e-41,786,Kranz2022_expression_compendium_Zenodo6842664
cg0798,cg0494,prpC1,,0.43265595,0.43265595,1.7487256e-32,682,Kranz2022_expression_compendium_Zenodo6842664
cg0798,cg0622,prpC1,,0.25637785,0.25637785,5.0586388e-13,770,Kranz2022_expression_compendium_Zenodo6842664
cg0798,cg0697,prpC1,,0.55002128,0.55002128,8.5278004e-59,728,Kranz2022_expression_compendium_Zenodo6842664
cg0798,cg0703,prpC1,guaA,0.26294464,0.26294464,3.7770803e-14,802,Kranz2022_expression_compendium_Zenodo6842664
cg0798,cg0809,prpC1,,0.25893466,0.25893466,1.0101315e-13,800,Kranz2022_expression_compendium_Zenodo6842664
cg0798,cg0810,prpC1,,0.40532186,0.40532186,2.8035347e-32,782,Kranz2022_expression_compendium_Zenodo6842664
cg0798,cg0811,prpC1,dtsR2,0.27867296,0.27867296,9.8009585e-16,800,Kranz2022_expression_compendium_Zenodo6842664
cg0798,cg1052,prpC1,cmt3,0.17561303,0.17561303,7.2648262e-07,786,Kranz2022_expression_compendium_Zenodo6842664
cg0798,cg1202,prpC1,,0.58771153,0.58771153,9.8184822e-75,792,Kranz2022_expression_compendium_Zenodo6842664
cg0798,cg1403,prpC1,gatC,0.27602547,0.27602547,2.5749402e-15,792,Kranz2022_expression_compendium_Zenodo6842664
cg0798,cg1404,prpC1,gatA,0.39168505,0.39168505,2.2876156e-30,790,Kranz2022_expression_compendium_Zenodo6842664
cg0798,cg1571,prpC1,ugpC,0.42935041,0.42935041,1.9421027e-35,760,Kranz2022_expression_compendium_Zenodo6842664
cg0798,cg2549,prpC1,,0.55790601,0.55790601,2.7584725e-54,648,Kranz2022_expression_compendium_Zenodo6842664
cg0798,cg2843,prpC1,pstB,0.39556582,0.39556582,7.6813308e-31,786,Kranz2022_expression_compendium_Zenodo6842664
cg0798,cg2876,prpC1,purB,0.28738205,0.28738205,1.4572343e-16,794,Kranz2022_expression_compendium_Zenodo6842664
cg0798,cg3015,prpC1,,0.50083301,0.50083301,7.3067642e-48,734,Kranz2022_expression_compendium_Zenodo6842664
cg0798,cg3177,prpC1,pccB,0.28167342,0.28167342,5.0936347e-16,798,Kranz2022_expression_compendium_Zenodo6842664
cg0798,cg3178,prpC1,pks,0.41053529,0.41053529,2.9232497e-32,760,Kranz2022_expression_compendium_Zenodo6842664
cg0798,cg3179,prpC1,fadD2,0.25518044,0.25518044,2.1819858e-13,802,Kranz2022_expression_compendium_Zenodo6842664
cg0798,cg3180,prpC1,,0.39147679,0.39147679,1.1161995e-29,772,Kranz2022_expression_compendium_Zenodo6842664
cg0798,cg3181,prpC1,,0.40077063,0.40077063,9.2190713e-32,788,Kranz2022_expression_compendium_Zenodo6842664
cg0798,cg3182,prpC1,cop1,0.40308572,0.40308572,2.6810091e-32,792,Kranz2022_expression_compendium_Zenodo6842664
cg0798,cg3337,prpC1,,0.65210987,0.65210987,1.1359782e-60,490,Kranz2022_expression_compendium_Zenodo6842664
cg0800,cg0759,prpR,prpD2,0.553666,0.553666,1.744473e-68,838,Kranz2022_expression_compendium_Zenodo6842664
cg0800,cg0762,prpR,prpC2,0.53722922,0.53722922,4.6775109e-62,814,Kranz2022_expression_compendium_Zenodo6842664
cg0800,cg0868,prpR,secA,0.61833753,0.61833753,1.4042383e-94,886,Kranz2022_expression_compendium_Zenodo6842664
cg0814,cg0451,birA,,0.74891746,0.74891746,6.27903e-157,868,Kranz2022_expression_compendium_Zenodo6842664
cg0814,cg0535,birA,,0.68738801,0.68738801,1.3808852e-99,704,Kranz2022_expression_compendium_Zenodo6842664
cg0814,cg0781,birA,,0.64596462,0.64596462,7.9247592e-109,912,Kranz2022_expression_compendium_Zenodo6842664
cg0814,cg0810,birA,,0.64105287,0.64105287,7.6342732e-108,922,Kranz2022_expression_compendium_Zenodo6842664
cg0814,cg0811,birA,dtsR2,0.64978925,0.64978925,2.4512666e-114,944,Kranz2022_expression_compendium_Zenodo6842664
cg0814,cg0815,birA,,0.69391952,0.69391952,2.2662791e-121,838,Kranz2022_expression_compendium_Zenodo6842664
cg0814,cg1324,birA,rosR,0.73196746,0.73196746,8.3822324e-150,888,Kranz2022_expression_compendium_Zenodo6842664
cg0814,cg1497,birA,,0.50942935,0.50942935,1.055112e-54,810,Kranz2022_expression_compendium_Zenodo6842664
cg0814,cg2636,birA,catA1,0.52743767,0.52743767,1.8861262e-65,898,Kranz2022_expression_compendium_Zenodo6842664
cg0814,cg2685,birA,,0.72240743,0.72240743,6.2042014e-149,918,Kranz2022_expression_compendium_Zenodo6842664
cg0814,cg2811,birA,,0.74512878,0.74512878,1.7639611e-141,794,Kranz2022_expression_compendium_Zenodo6842664
cg0814,cg2970,birA,,0.76537307,0.76537307,1.9361774e-174,902,Kranz2022_expression_compendium_Zenodo6842664
cg0814,cg3077,birA,,0.50679087,0.50679087,1.0483067e-43,650,Kranz2022_expression_compendium_Zenodo6842664
cg0814,cg3079,birA,clpB,0.62361326,0.62361326,8.9724731e-99,906,Kranz2022_expression_compendium_Zenodo6842664
cg0814,cg3098,birA,dnaJ,0.65930549,0.65930549,1.1795146e-104,830,Kranz2022_expression_compendium_Zenodo6842664
cg0814,cg3100,birA,dnaK,0.54863227,0.54863227,1.9760797e-73,920,Kranz2022_expression_compendium_Zenodo6842664
cg0814,cg3112,birA,,0.52167448,0.52167448,1.2696834e-65,924,Kranz2022_expression_compendium_Zenodo6842664
cg0814,cg3142,birA,,0.57885184,0.57885184,3.4601409e-53,580,Kranz2022_expression_compendium_Zenodo6842664
cg0814,cg3143,birA,,0.37124112,0.37124112,4.8528411e-15,416,Kranz2022_expression_compendium_Zenodo6842664
cg0814,cg3264,birA,,0.64850889,0.64850889,2.6722757e-103,856,Kranz2022_expression_compendium_Zenodo6842664
cg0814,cg3320,birA,,0.68574599,0.68574599,1.0333021e-122,876,Kranz2022_expression_compendium_Zenodo6842664
cg0814,cg3321,birA,,0.71432638,0.71432638,1.7382905e-121,772,Kranz2022_expression_compendium_Zenodo6842664
cg0814,cg3322,birA,,0.71340373,0.71340373,2.1660175e-129,826,Kranz2022_expression_compendium_Zenodo6842664
cg0814,cg3408,birA,,0.61056099,0.61056099,5.5833855e-51,486,Kranz2022_expression_compendium_Zenodo6842664
cg0814,cg3429,birA,,0.66560371,0.66560371,1.4385067e-106,824,Kranz2022_expression_compendium_Zenodo6842664
cg0814,cg3432,birA,rpmH,0.5202156,0.5202156,5.4316792e-67,950,Kranz2022_expression_compendium_Zenodo6842664
cg0848,cg0847,wbbL,,0.34448871,0.34448871,9.160401e-15,478,Kranz2022_expression_compendium_Zenodo6842664
cg0848,cg1623,wbbL,,0.30998417,0.30998417,1.9871101e-14,582,Kranz2022_expression_compendium_Zenodo6842664
cg0878,cg0337,whiB1(whcE),whiB4(whcA),0.74591508,0.74591508,2.1447175e-173,972,Kranz2022_expression_compendium_Zenodo6842664
cg0878,cg0695,whiB1(whcE),whiB3,0.50245328,0.50245328,2.0170793e-18,266,Kranz2022_expression_compendium_Zenodo6842664
cg0878,cg3422,whiB1(whcE),trxB,0.70749208,0.70749208,6.8985416e-147,962,Kranz2022_expression_compendium_Zenodo6842664
cg0878,cg3423,whiB1(whcE),trxC,0.70795966,0.70795966,1.8177074e-147,964,Kranz2022_expression_compendium_Zenodo6842664
cg0878,cg3424,whiB1(whcE),cwlM,0.72868844,0.72868844,1.1429684e-160,966,Kranz2022_expression_compendium_Zenodo6842664
cg0897,cg0898,pdxR,,0.10404357,0.10404357,0.008856507,632,Kranz2022_expression_compendium_Zenodo6842664
cg0897,cg0899,pdxR,,0.06222674,0.06222674,0.11928047,628,Kranz2022_expression_compendium_Zenodo6842664
cg0985,cg0133,citE,,0.68561983,0.68561983,2.53976e-111,794,Kranz2022_expression_compendium_Zenodo6842664
cg0985,cg0134,citE,,0.75206544,0.75206544,6.3949478e-142,774,Kranz2022_expression_compendium_Zenodo6842664
cg0985,cg0282,citE,,0.64501159,0.64501159,7.526914e-91,762,Kranz2022_expression_compendium_Zenodo6842664
cg0985,cg0715,citE,,0.68717234,0.68717234,3.0628979e-114,810,Kranz2022_expression_compendium_Zenodo6842664
cg0985,cg0896,citE,,0.62446145,0.62446145,1.4672636e-85,780,Kranz2022_expression_compendium_Zenodo6842664
cg0985,cg0980,citE,,0.48349869,0.48349869,2.8972151e-49,820,Kranz2022_expression_compendium_Zenodo6842664
cg0985,cg0982,citE,,0.84562549,0.84562549,1.70344e-216,788,Kranz2022_expression_compendium_Zenodo6842664
cg0985,cg1016,citE,betP,0.66728086,0.66728086,5.2625686e-106,814,Kranz2022_expression_compendium_Zenodo6842664
cg0985,cg1037,citE,,0.64801179,0.64801179,7.0479078e-98,812,Kranz2022_expression_compendium_Zenodo6842664
cg0985,cg1039,citE,,0.79869259,0.79869259,1.3760943e-152,684,Kranz2022_expression_compendium_Zenodo6842664
cg0985,cg1041,citE,pdxK,0.73862681,0.73862681,3.4604301e-140,808,Kranz2022_expression_compendium_Zenodo6842664
cg0985,cg1118,citE,,0.65372396,0.65372396,7.035516e-50,398,Kranz2022_expression_compendium_Zenodo6842664
cg0985,cg1179,citE,,0.7791475,0.7791475,1.4435071e-146,714,Kranz2022_expression_compendium_Zenodo6842664
cg0985,cg1182,citE,,0.73937844,0.73937844,1.3736295e-118,680,Kranz2022_expression_compendium_Zenodo6842664
cg0985,cg1517,citE,,0.65451743,0.65451743,1.047217e-91,740,Kranz2022_expression_compendium_Zenodo6842664
cg0985,cg1665,citE,,0.74265381,0.74265381,5.439935e-131,742,Kranz2022_expression_compendium_Zenodo6842664
cg0985,cg1816,citE,pyrB,0.68037156,0.68037156,1.0333884e-111,814,Kranz2022_expression_compendium_Zenodo6842664
cg0985,cg1942,citE,,0.65568141,0.65568141,2.2207135e-92,742,Kranz2022_expression_compendium_Zenodo6842664
cg0985,cg1943,citE,,0.64699011,0.64699011,2.7901552e-75,624,Kranz2022_expression_compendium_Zenodo6842664
cg0985,cg2052,citE,,0.57469021,0.57469021,2.2711633e-61,684,Kranz2022_expression_compendium_Zenodo6842664
cg0985,cg2299,citE,hisA,0.79372236,0.79372236,5.6331432e-168,770,Kranz2022_expression_compendium_Zenodo6842664
cg0985,cg2636,citE,catA1,0.5115336,0.5115336,5.7637764e-53,776,Kranz2022_expression_compendium_Zenodo6842664
cg0985,cg2777,citE,,0.80618837,0.80618837,3.7143914e-183,796,Kranz2022_expression_compendium_Zenodo6842664
cg0985,cg2786,citE,nrdE,0.59635041,0.59635041,2.3434648e-79,812,Kranz2022_expression_compendium_Zenodo6842664
cg0985,cg2789,citE,nrdH,0.65692605,0.65692605,3.3495761e-101,810,Kranz2022_expression_compendium_Zenodo6842664
cg0985,cg3042,citE,,0.80822908,0.80822908,7.4630302e-190,818,Kranz2022_expression_compendium_Zenodo6842664
cg0985,cg3087,citE,,0.60640795,0.60640795,1.069695e-82,812,Kranz2022_expression_compendium_Zenodo6842664
cg0985,cg3138,citE,,0.59920824,0.59920824,4.2304537e-80,810,Kranz2022_expression_compendium_Zenodo6842664
cg0985,cg3139,citE,,0.60584215,0.60584215,1.6450646e-81,802,Kranz2022_expression_compendium_Zenodo6842664
cg0985,cg3254,citE,,0.58841054,0.58841054,7.0620048e-71,748,Kranz2022_expression_compendium_Zenodo6842664
cg0985,cg3395,citE,proP,0.69814052,0.69814052,2.4514331e-117,796,Kranz2022_expression_compendium_Zenodo6842664
cg0986,cg0113,amtR,ureA,0.80032126,0.80032126,4.9160632e-199,888,Kranz2022_expression_compendium_Zenodo6842664
cg0986,cg0115,amtR,ureC,0.74411247,0.74411247,4.0034414e-152,858,Kranz2022_expression_compendium_Zenodo6842664
cg0986,cg0117,amtR,ureF,0.70481431,0.70481431,9.1975609e-110,724,Kranz2022_expression_compendium_Zenodo6842664
cg0986,cg0119,amtR,ureD,0.69882857,0.69882857,4.8796005e-108,730,Kranz2022_expression_compendium_Zenodo6842664
cg0986,cg0135,amtR,,0.42812097,0.42812097,6.620902e-37,798,Kranz2022_expression_compendium_Zenodo6842664
cg0986,cg0136,amtR,,0.60062014,0.60062014,4.5743915e-69,692,Kranz2022_expression_compendium_Zenodo6842664
cg0986,cg0149,amtR,panB,0.75719312,0.75719312,9.360325e-160,854,Kranz2022_expression_compendium_Zenodo6842664
cg0986,cg0151,amtR,mag,0.75190486,0.75190486,4.6170302e-153,836,Kranz2022_expression_compendium_Zenodo6842664
cg0986,cg0153,amtR,hde,0.61199682,0.61199682,5.6941174e-83,796,Kranz2022_expression_compendium_Zenodo6842664
cg0986,cg0229,amtR,gltB,0.32757251,0.32757251,5.6739613e-15,540,Kranz2022_expression_compendium_Zenodo6842664
cg0986,cg0230,amtR,gltD,0.48167669,0.48167669,1.2622604e-48,816,Kranz2022_expression_compendium_Zenodo6842664
cg0986,cg0281,amtR,,0.55174022,0.55174022,3.043773e-46,564,Kranz2022_expression_compendium_Zenodo6842664
cg0986,cg1062,amtR,,0.36623481,0.36623481,7.6766548e-15,422,Kranz2022_expression_compendium_Zenodo6842664
cg0986,cg1066,amtR,,0.42117883,0.42117883,2.5731858e-25,556,Kranz2022_expression_compendium_Zenodo6842664
cg0986,cg1207,amtR,,0.35948284,0.35948284,1.4564334e-14,430,Kranz2022_expression_compendium_Zenodo6842664
cg0986,cg1211,amtR,oasR,0.77051541,0.77051541,8.0532907e-187,946,Kranz2022_expression_compendium_Zenodo6842664
cg0986,cg1212,amtR,,0.27311231,0.27311231,2.2347327e-08,406,Kranz2022_expression_compendium_Zenodo6842664
cg0986,cg1256,amtR,dapD,0.82755909,0.82755909,1.872821e-244,968,Kranz2022_expression_compendium_Zenodo6842664
cg0986,cg1295,amtR,,0.34834994,0.34834994,8.4743604e-22,714,Kranz2022_expression_compendium_Zenodo6842664
cg0986,cg1296,amtR,,0.42196701,0.42196701,6.5470754e-11,220,Kranz2022_expression_compendium_Zenodo6842664
cg0986,cg1646,amtR,,0.66857868,0.66857868,3.1405923e-112,858,Kranz2022_expression_compendium_Zenodo6842664
cg0986,cg1784,amtR,ocd,0.39282528,0.39282528,1.5420111e-17,436,Kranz2022_expression_compendium_Zenodo6842664
cg0986,cg1785,amtR,amt,0.46317587,0.46317587,5.0862413e-31,558,Kranz2022_expression_compendium_Zenodo6842664
cg0986,cg1855,amtR,hisS,0.76449135,0.76449135,2.5975342e-167,868,Kranz2022_expression_compendium_Zenodo6842664
cg0986,cg2003,amtR,,0.20103188,0.20103188,0.0004025288,306,Kranz2022_expression_compendium_Zenodo6842664
cg0986,cg2136,amtR,gluA,0.65956109,0.65956109,1.191046e-122,974,Kranz2022_expression_compendium_Zenodo6842664
cg0986,cg2137,amtR,gluB,0.64400941,0.64400941,3.3657671e-115,974,Kranz2022_expression_compendium_Zenodo6842664
cg0986,cg2139,amtR,gluD,0.69817746,0.69817746,5.6860396e-120,814,Kranz2022_expression_compendium_Zenodo6842664
cg0986,cg2184,amtR,,0.42090869,0.42090869,1.3871924e-34,774,Kranz2022_expression_compendium_Zenodo6842664
cg0986,cg2258,amtR,glnD,0.66259145,0.66259145,4.0140778e-80,624,Kranz2022_expression_compendium_Zenodo6842664
cg0986,cg2260,amtR,glnK,0.81957068,0.81957068,1.720788e-201,826,Kranz2022_expression_compendium_Zenodo6842664
cg0986,cg2261,amtR,amtB,0.49975597,0.49975597,1.6659996e-46,716,Kranz2022_expression_compendium_Zenodo6842664
cg0986,cg2280,amtR,gdh,0.7726081,0.7726081,3.2868387e-176,884,Kranz2022_expression_compendium_Zenodo6842664
cg0986,cg2346,amtR,rluD,0.66183302,0.66183302,1.6196999e-120,948,Kranz2022_expression_compendium_Zenodo6842664
cg0986,cg2394,amtR,cmt4,0.59373639,0.59373639,1.8496659e-93,970,Kranz2022_expression_compendium_Zenodo6842664
cg0986,cg2395,amtR,,0.4844407,0.4844407,1.2069717e-34,566,Kranz2022_expression_compendium_Zenodo6842664
cg0986,cg2397,amtR,,0.8536741,0.8536741,3.2894094e-240,842,Kranz2022_expression_compendium_Zenodo6842664
cg0986,cg2429,amtR,glnA,0.77409504,0.77409504,5.4262942e-196,978,Kranz2022_expression_compendium_Zenodo6842664
cg0986,cg3335,amtR,mez,0.73092199,0.73092199,1.7986972e-159,950,Kranz2022_expression_compendium_Zenodo6842664
cg0993,cg0992,,,0.83243789,0.83243789,7.344925e-190,734,Kranz2022_expression_compendium_Zenodo6842664
cg0998,cg0018,,,0.42812909,0.42812909,7.3258e-32,684,Kranz2022_expression_compendium_Zenodo6842664
cg0998,cg0229,,gltB,0.52167935,0.52167935,6.5514719e-38,524,Kranz2022_expression_compendium_Zenodo6842664
cg0998,cg0404,,,0.55793171,0.55793171,1.0421499e-70,850,Kranz2022_expression_compendium_Zenodo6842664
cg0998,cg0453,,,0.68859682,0.68859682,6.2862521e-120,846,Kranz2022_expression_compendium_Zenodo6842664
cg0998,cg0497,,hemA,0.66313546,0.66313546,8.6744652e-108,842,Kranz2022_expression_compendium_Zenodo6842664
cg0998,cg0498,,hemC,0.67303681,0.67303681,2.970261e-114,858,Kranz2022_expression_compendium_Zenodo6842664
cg0998,cg0612,,dkg,0.67568692,0.67568692,1.1184665e-114,852,Kranz2022_expression_compendium_Zenodo6842664
cg0998,cg0616,,fdhD,0.6669719,0.6669719,2.4498674e-104,802,Kranz2022_expression_compendium_Zenodo6842664
cg0998,cg0617,,,0.7105039,0.7105039,6.0000865e-131,846,Kranz2022_expression_compendium_Zenodo6842664
cg0998,cg0652,,rpsM,0.42639065,0.42639065,4.7932429e-39,854,Kranz2022_expression_compendium_Zenodo6842664
cg0998,cg0711,,,0.54228348,0.54228348,1.1930337e-45,580,Kranz2022_expression_compendium_Zenodo6842664
cg0998,cg0801,,,0.35743556,0.35743556,5.5757252e-19,582,Kranz2022_expression_compendium_Zenodo6842664
cg0998,cg0878,,whiB1(whcE),0.66771291,0.66771291,1.3896651e-111,856,Kranz2022_expression_compendium_Zenodo6842664
cg0998,cg0999,,,0.71306735,0.71306735,9.2952762e-80,506,Kranz2022_expression_compendium_Zenodo6842664
cg0998,cg1059,,,0.50941375,0.50941375,2.545673e-33,484,Kranz2022_expression_compendium_Zenodo6842664
cg0998,cg1096,,,0.69393168,0.69393168,1.1633898e-115,798,Kranz2022_expression_compendium_Zenodo6842664
cg0998,cg1127,,,0.70048333,0.70048333,2.2744632e-126,850,Kranz2022_expression_compendium_Zenodo6842664
cg0998,cg1181,,,0.65929938,0.65929938,3.2710459e-96,762,Kranz2022_expression_compendium_Zenodo6842664
cg0998,cg1182,,,0.61377133,0.61377133,1.2469063e-71,680,Kranz2022_expression_compendium_Zenodo6842664
cg0998,cg1214,,,0.59252169,0.59252169,1.7689184e-75,784,Kranz2022_expression_compendium_Zenodo6842664
cg0998,cg1215,,nadC,0.46097666,0.46097666,4.7661328e-46,852,Kranz2022_expression_compendium_Zenodo6842664
cg0998,cg1245,,,0.62495567,0.62495567,8.2592526e-87,790,Kranz2022_expression_compendium_Zenodo6842664
cg0998,cg1271,,sigE,0.6804978,0.6804978,2.9055499e-118,862,Kranz2022_expression_compendium_Zenodo6842664
cg0998,cg1282,,,0.6057588,0.6057588,4.6743541e-87,858,Kranz2022_expression_compendium_Zenodo6842664
cg0998,cg1288,,,0.508974,0.508974,1.6299035e-25,366,Kranz2022_expression_compendium_Zenodo6842664
cg0998,cg1289,,,0.44321119,0.44321119,1.6819592e-22,438,Kranz2022_expression_compendium_Zenodo6842664
cg0998,cg1333,,argS,0.56742854,0.56742854,9.1518519e-74,852,Kranz2022_expression_compendium_Zenodo6842664
cg0998,cg1338,,thrB,0.6938316,0.6938316,4.8280508e-121,836,Kranz2022_expression_compendium_Zenodo6842664
cg0998,cg1355,,prfA,0.67089135,0.67089135,2.1905553e-103,782,Kranz2022_expression_compendium_Zenodo6842664
cg0998,cg1358,,,0.6949267,0.6949267,1.3883534e-123,850,Kranz2022_expression_compendium_Zenodo6842664
cg0998,cg1360,,,0.57108511,0.57108511,1.6241797e-41,464,Kranz2022_expression_compendium_Zenodo6842664
cg0998,cg1363,,atpE,0.44543488,0.44543488,3.7956154e-43,860,Kranz2022_expression_compendium_Zenodo6842664
cg0998,cg1366,,atpA,0.44451521,0.44451521,5.8925934e-43,860,Kranz2022_expression_compendium_Zenodo6842664
cg0998,cg1368,,atpD,0.50830975,0.50830975,1.9782578e-57,856,Kranz2022_expression_compendium_Zenodo6842664
cg0998,cg1372,,,0.40893521,0.40893521,5.3321573e-32,760,Kranz2022_expression_compendium_Zenodo6842664
cg0998,cg1374,,,0.68764223,0.68764223,9.5000808e-120,848,Kranz2022_expression_compendium_Zenodo6842664
cg0998,cg1375,,,0.73130336,0.73130336,4.3382486e-133,790,Kranz2022_expression_compendium_Zenodo6842664
cg0998,cg1398,,,0.65138056,0.65138056,4.4048998e-71,578,Kranz2022_expression_compendium_Zenodo6842664
cg0998,cg1435,,ilvB,0.51794285,0.51794285,8.6241562e-60,854,Kranz2022_expression_compendium_Zenodo6842664
cg0998,cg1436,,ilvN,0.73810486,0.73810486,4.4393298e-147,850,Kranz2022_expression_compendium_Zenodo6842664
cg0998,cg1437,,ilvC,0.48416023,0.48416023,9.606497e-52,860,Kranz2022_expression_compendium_Zenodo6842664
cg0998,cg1525,,polA,0.74558142,0.74558142,9.623559e-148,828,Kranz2022_expression_compendium_Zenodo6842664
cg0998,cg1526,,,0.49718273,0.49718273,2.9049791e-19,286,Kranz2022_expression_compendium_Zenodo6842664
cg0998,cg1528,,dkgX,0.63606074,0.63606074,3.790947e-64,554,Kranz2022_expression_compendium_Zenodo6842664
cg0998,cg1531,,rpsA,0.53535779,0.53535779,1.6769905e-64,854,Kranz2022_expression_compendium_Zenodo6842664
cg0998,cg1540,,,0.4852974,0.4852974,3.0116992e-52,864,Kranz2022_expression_compendium_Zenodo6842664
cg0998,cg1543,,iunH3,0.63422633,0.63422633,1.6185026e-97,856,Kranz2022_expression_compendium_Zenodo6842664
cg0998,cg1545,,,0.62783676,0.62783676,3.4401035e-80,720,Kranz2022_expression_compendium_Zenodo6842664
cg0998,cg1547,,ccpA1(uriR),0.6232829,0.6232829,2.6761556e-78,716,Kranz2022_expression_compendium_Zenodo6842664
cg0998,cg1550,,uvrB,0.56468515,0.56468515,3.7238806e-50,580,Kranz2022_expression_compendium_Zenodo6842664
cg0998,cg1560,,uvrA,0.72213727,0.72213727,4.9880385e-100,614,Kranz2022_expression_compendium_Zenodo6842664
cg0998,cg1583,,argD,0.73907955,0.73907955,2.3683888e-137,790,Kranz2022_expression_compendium_Zenodo6842664
cg0998,cg1621,,,0.58293074,0.58293074,1.821533e-50,540,Kranz2022_expression_compendium_Zenodo6842664
cg0998,cg1624,,,0.73593875,0.73593875,3.3932185e-112,652,Kranz2022_expression_compendium_Zenodo6842664
cg0998,cg1640,,,0.71345395,0.71345395,2.0394763e-129,826,Kranz2022_expression_compendium_Zenodo6842664
cg0998,cg1686,,,0.70382624,0.70382624,8.1129726e-111,734,Kranz2022_expression_compendium_Zenodo6842664
cg0998,cg1689,,,0.66306113,0.66306113,1.8009953e-103,808,Kranz2022_expression_compendium_Zenodo6842664
cg0998,cg1709,,cysS2,0.75113845,0.75113845,4.708348e-150,822,Kranz2022_expression_compendium_Zenodo6842664
cg0998,cg1754,,,0.5831537,0.5831537,1.6674605e-16,166,Kranz2022_expression_compendium_Zenodo6842664
cg0998,cg1761,,nifS2,0.61715726,0.61715726,9.643174e-90,844,Kranz2022_expression_compendium_Zenodo6842664
cg0998,cg1763,,sufD,0.59414885,0.59414885,3.4236283e-83,860,Kranz2022_expression_compendium_Zenodo6842664
cg0998,cg1764,,sufB,0.56852518,0.56852518,5.9014004e-75,862,Kranz2022_expression_compendium_Zenodo6842664
cg0998,cg1765,,sufR,0.55880909,0.55880909,2.6848314e-71,854,Kranz2022_expression_compendium_Zenodo6842664
cg0998,cg1769,,ctaA,0.5839738,0.5839738,3.6387795e-14,140,Kranz2022_expression_compendium_Zenodo6842664
cg0998,cg1776,,tal,0.56774616,0.56774616,3.3427564e-74,856,Kranz2022_expression_compendium_Zenodo6842664
cg0998,cg1778,,zwf,0.57037271,0.57037271,2.2879908e-75,860,Kranz2022_expression_compendium_Zenodo6842664
cg0998,cg1880,,thrS,0.62984487,0.62984487,3.8224616e-95,850,Kranz2022_expression_compendium_Zenodo6842664
cg0998,cg1903,,,0.57165978,0.57165978,1.4379767e-69,788,Kranz2022_expression_compendium_Zenodo6842664
cg0998,cg1904,,,0.5667022,0.5667022,1.3126507e-65,758,Kranz2022_expression_compendium_Zenodo6842664
cg0998,cg1923,,,0.49973254,0.49973254,1.5378159e-27,414,Kranz2022_expression_compendium_Zenodo6842664
cg0998,cg1944,,,0.59179443,0.59179443,1.5868549e-55,574,Kranz2022_expression_compendium_Zenodo6842664
cg0998,cg1948,,,0.58327792,0.58327792,2.7503617e-31,328,Kranz2022_expression_compendium_Zenodo6842664
cg0998,cg1981,,,0.50330429,0.50330429,6.8630204e-42,632,Kranz2022_expression_compendium_Zenodo6842664
cg0998,cg1982,,,0.57606754,0.57606754,1.3183807e-43,478,Kranz2022_expression_compendium_Zenodo6842664
cg0998,cg1984,,,0.45133413,0.45133413,4.5590072e-24,452,Kranz2022_expression_compendium_Zenodo6842664
cg0998,cg2019,,,0.718976,0.718976,3.9997098e-136,850,Kranz2022_expression_compendium_Zenodo6842664
cg0998,cg2092,,sigA,0.60117728,0.60117728,1.2424013e-85,860,Kranz2022_expression_compendium_Zenodo6842664
cg0998,cg2126,,,0.7295078,0.7295078,2.0977009e-138,828,Kranz2022_expression_compendium_Zenodo6842664
cg0998,cg2152,,clgR,0.69616002,0.69616002,2.4828141e-123,844,Kranz2022_expression_compendium_Zenodo6842664
cg0998,cg2177,,,0.62781888,0.62781888,1.3856865e-94,852,Kranz2022_expression_compendium_Zenodo6842664
cg0998,cg2194,,gor,0.66158478,0.66158478,7.1648474e-108,848,Kranz2022_expression_compendium_Zenodo6842664
cg0998,cg2206,,ispG,0.65473683,0.65473683,3.6570266e-106,858,Kranz2022_expression_compendium_Zenodo6842664
cg0998,cg2275,,,0.68676662,0.68676662,4.7290855e-119,846,Kranz2022_expression_compendium_Zenodo6842664
cg0998,cg2279,,,0.68529404,0.68529404,2.591479e-107,766,Kranz2022_expression_compendium_Zenodo6842664
cg0998,cg2301,,,0.61548089,0.61548089,1.9678481e-69,654,Kranz2022_expression_compendium_Zenodo6842664
cg0998,cg2305,,hisD,0.49197154,0.49197154,1.7047377e-53,858,Kranz2022_expression_compendium_Zenodo6842664
cg0998,cg2309,,bioQ,0.71591792,0.71591792,2.144212e-135,856,Kranz2022_expression_compendium_Zenodo6842664
cg0998,cg2330,,,0.72102597,0.72102597,9.6145759e-134,828,Kranz2022_expression_compendium_Zenodo6842664
cg0998,cg2331,,,0.69384457,0.69384457,4.7597721e-123,850,Kranz2022_expression_compendium_Zenodo6842664
cg0998,cg2332,,,0.66594102,0.66594102,6.9103202e-103,794,Kranz2022_expression_compendium_Zenodo6842664
cg0998,cg2342,,,0.57373472,0.57373472,4.3596298e-76,856,Kranz2022_expression_compendium_Zenodo6842664
cg0998,cg2397,,,0.66532535,0.66532535,6.8956343e-103,796,Kranz2022_expression_compendium_Zenodo6842664
cg0998,cg2411,,,0.64979682,0.64979682,7.0005521e-103,848,Kranz2022_expression_compendium_Zenodo6842664
cg0998,cg2423,,lipA,0.33072727,0.33072727,2.1586235e-17,624,Kranz2022_expression_compendium_Zenodo6842664
cg0998,cg2429,,glnA,0.58255582,0.58255582,1.7780927e-79,862,Kranz2022_expression_compendium_Zenodo6842664
cg0998,cg2465,,,0.54543647,0.54543647,9.2202689e-19,224,Kranz2022_expression_compendium_Zenodo6842664
cg0998,cg2483,,,0.50671253,0.50671253,7.6622467e-21,298,Kranz2022_expression_compendium_Zenodo6842664
cg0998,cg2487,,,0.61583925,0.61583925,1.6551872e-90,856,Kranz2022_expression_compendium_Zenodo6842664
cg0998,cg2488,,,0.69995163,0.69995163,1.1023832e-80,540,Kranz2022_expression_compendium_Zenodo6842664
cg0998,cg2489,,dnaG,0.695206,0.695206,1.1574228e-88,606,Kranz2022_expression_compendium_Zenodo6842664
cg0998,cg2514,,,0.62793546,0.62793546,3.4157665e-94,848,Kranz2022_expression_compendium_Zenodo6842664
cg0998,cg2559,,aceB,0.54720237,0.54720237,2.6674916e-64,808,Kranz2022_expression_compendium_Zenodo6842664
cg0998,cg2613,,mdh,0.6416876,0.6416876,7.0641859e-93,790,Kranz2022_expression_compendium_Zenodo6842664
cg0998,cg2620,,clpX,0.69462176,0.69462176,1.1621681e-105,726,Kranz2022_expression_compendium_Zenodo6842664
cg0998,cg2641,,benR,0.64712802,0.64712802,2.7989827e-93,776,Kranz2022_expression_compendium_Zenodo6842664
cg0998,cg2642,,benK1,0.50471415,0.50471415,8.9437199e-57,860,Kranz2022_expression_compendium_Zenodo6842664
cg0998,cg2673,,,0.59877512,0.59877512,1.4302049e-79,806,Kranz2022_expression_compendium_Zenodo6842664
cg0998,cg2772,,,0.6900513,0.6900513,9.3749905e-122,854,Kranz2022_expression_compendium_Zenodo6842664
cg0998,cg2796,,,0.57481848,0.57481848,7.4083644e-57,632,Kranz2022_expression_compendium_Zenodo6842664
cg0998,cg2835,,,0.661382,0.661382,5.1667588e-94,738,Kranz2022_expression_compendium_Zenodo6842664
cg0998,cg2838,,,0.57209853,0.57209853,1.8480108e-72,820,Kranz2022_expression_compendium_Zenodo6842664
cg0998,cg2902,,,0.68439167,0.68439167,9.4978663e-119,852,Kranz2022_expression_compendium_Zenodo6842664
cg0998,cg2928,,nagB,0.62232876,0.62232876,6.2835215e-93,856,Kranz2022_expression_compendium_Zenodo6842664
cg0998,cg2929,,nagA1,0.61040985,0.61040985,2.5352802e-88,854,Kranz2022_expression_compendium_Zenodo6842664
cg0998,cg2946,,,0.72485888,0.72485888,1.3818301e-132,808,Kranz2022_expression_compendium_Zenodo6842664
cg0998,cg3015,,,0.72918175,0.72918175,2.7829701e-132,792,Kranz2022_expression_compendium_Zenodo6842664
cg0998,cg3059,,tnp8a(ISCg8a),0.73786711,0.73786711,4.7981237e-138,798,Kranz2022_expression_compendium_Zenodo6842664
cg0998,cg3079,,clpB,0.72135121,0.72135121,1.9583721e-137,850,Kranz2022_expression_compendium_Zenodo6842664
cg0998,cg3098,,dnaJ,0.68135417,0.68135417,2.3761448e-108,786,Kranz2022_expression_compendium_Zenodo6842664
cg0998,cg3100,,dnaK,0.54783734,0.54783734,4.9741338e-66,828,Kranz2022_expression_compendium_Zenodo6842664
cg0998,cg3107,,adhA,0.3899779,0.3899779,2.1455974e-31,826,Kranz2022_expression_compendium_Zenodo6842664
cg0998,cg3110,,,0.53060955,0.53060955,3.248189e-50,674,Kranz2022_expression_compendium_Zenodo6842664
cg0998,cg3143,,,0.48076192,0.48076192,4.2142527e-25,410,Kranz2022_expression_compendium_Zenodo6842664
cg0998,cg3174,,mmpL1,0.70512064,0.70512064,1.1675818e-123,816,Kranz2022_expression_compendium_Zenodo6842664
cg0998,cg3220,,,0.4919524,0.4919524,1.1909461e-29,464,Kranz2022_expression_compendium_Zenodo6842664
cg0998,cg3236,,msrA,0.71028175,0.71028175,1.4851321e-126,818,Kranz2022_expression_compendium_Zenodo6842664
cg0998,cg3264,,,0.65274832,0.65274832,8.5808299e-99,804,Kranz2022_expression_compendium_Zenodo6842664
cg0998,cg3283,,,0.48408907,0.48408907,6.5267078e-51,846,Kranz2022_expression_compendium_Zenodo6842664
cg0998,cg3299,,trxB1,0.72343434,0.72343434,6.9553807e-140,858,Kranz2022_expression_compendium_Zenodo6842664
cg0998,cg3311,,,0.6281849,0.6281849,1.0460988e-82,742,Kranz2022_expression_compendium_Zenodo6842664
cg0998,cg3344,,,0.60478915,0.60478915,8.8323393e-79,778,Kranz2022_expression_compendium_Zenodo6842664
cg0998,cg3357,,trpP,0.56037229,0.56037229,5.5967899e-69,820,Kranz2022_expression_compendium_Zenodo6842664
cg0998,cg3378,,,0.67770449,0.67770449,1.6393329e-106,784,Kranz2022_expression_compendium_Zenodo6842664
cg0998,cg3405,,,0.7121499,0.7121499,5.7139466e-126,808,Kranz2022_expression_compendium_Zenodo6842664
cg0998,cg3408,,,0.6757783,0.6757783,1.3941133e-65,482,Kranz2022_expression_compendium_Zenodo6842664
cg0998,cg3420,,sigM,0.56564816,0.56564816,7.9893945e-47,538,Kranz2022_expression_compendium_Zenodo6842664
cg0998,cg3422,,trxB,0.63689066,0.63689066,4.0416448e-98,852,Kranz2022_expression_compendium_Zenodo6842664
cg0998,cg3423,,trxC,0.6829017,0.6829017,3.9041801e-119,860,Kranz2022_expression_compendium_Zenodo6842664
cg0998,cg3429,,,0.69156721,0.69156721,2.7481354e-114,796,Kranz2022_expression_compendium_Zenodo6842664
cg0998,cg3432,,rpmH,0.6072359,0.6072359,8.7407194e-88,860,Kranz2022_expression_compendium_Zenodo6842664
cg1032,cg1173,,,0.65012178,0.65012178,7.9284341e-63,512,Kranz2022_expression_compendium_Zenodo6842664
cg1053,cg1199,,,0.3627535,0.3627535,1.227973e-12,360,Kranz2022_expression_compendium_Zenodo6842664
cg1084,cg1081,cgtR10,,0.84543128,0.84543128,2.2192204e-247,902,Kranz2022_expression_compendium_Zenodo6842664
cg1084,cg1083,cgtR10,cgtS10,0.86884955,0.86884955,5.5983231e-252,820,Kranz2022_expression_compendium_Zenodo6842664
cg1084,cg1231,cgtR10,chaA,0.39632899,0.39632899,1.7350923e-31,800,Kranz2022_expression_compendium_Zenodo6842664
cg1117,cg0977,,,0.82399077,0.82399077,4.7773614e-117,468,Kranz2022_expression_compendium_Zenodo6842664
cg1117,cg0978,,,0.55829284,0.55829284,1.6089381e-40,478,Kranz2022_expression_compendium_Zenodo6842664
cg1211,cg1368,oasR,atpD,0.51256966,0.51256966,1.2327279e-64,948,Kranz2022_expression_compendium_Zenodo6842664
cg1271,cg0310,sigE,katA,0.71711878,0.71711878,1.1536938e-158,1000,Kranz2022_expression_compendium_Zenodo6842664
cg1271,cg0446,sigE,sdhA,0.60980354,0.60980354,2.8413568e-102,994,Kranz2022_expression_compendium_Zenodo6842664
cg1271,cg0448,sigE,,0.49566318,0.49566318,1.5348664e-60,958,Kranz2022_expression_compendium_Zenodo6842664
cg1271,cg0527,sigE,glyR,0.29242973,0.29242973,3.0940504e-11,496,Kranz2022_expression_compendium_Zenodo6842664
cg1271,cg0530,sigE,,0.69005776,0.69005776,2.3738831e-120,844,Kranz2022_expression_compendium_Zenodo6842664
cg1271,cg1429,sigE,,0.68571964,0.68571964,1.3908494e-134,962,Kranz2022_expression_compendium_Zenodo6842664
cg1271,cg1512,sigE,,0.82627496,0.82627496,4.0959038e-206,820,Kranz2022_expression_compendium_Zenodo6842664
cg1271,cg1513,sigE,tnp23a(ISCg23a),0.24021589,0.24021589,8.4536662e-10,636,Kranz2022_expression_compendium_Zenodo6842664
cg1271,cg1514,sigE,tnp23a(ISCg23a),0.6226508,0.6226508,9.7713174e-101,928,Kranz2022_expression_compendium_Zenodo6842664
cg1271,cg1515,sigE,tnp24a(ISCg24a),0.63332719,0.63332719,4.1228022e-85,748,Kranz2022_expression_compendium_Zenodo6842664
cg1271,cg1516,sigE,,0.40967804,0.40967804,2.6930592e-27,640,Kranz2022_expression_compendium_Zenodo6842664
cg1271,cg1517,sigE,,0.68814347,0.68814347,2.1938763e-121,858,Kranz2022_expression_compendium_Zenodo6842664
cg1271,cg1681,sigE,pepE,0.7377423,0.7377423,3.4247528e-160,928,Kranz2022_expression_compendium_Zenodo6842664
cg1271,cg1682,sigE,,0.68147335,0.68147335,4.1537217e-114,828,Kranz2022_expression_compendium_Zenodo6842664
cg1271,cg1956,sigE,recJ,0.62703871,0.62703871,2.2493819e-110,1000,Kranz2022_expression_compendium_Zenodo6842664
cg1271,cg1957,sigE,,0.59994586,0.59994586,8.6713839e-79,794,Kranz2022_expression_compendium_Zenodo6842664
cg1271,cg1959,sigE,priP,0.15650481,0.15650481,0.002752352,364,Kranz2022_expression_compendium_Zenodo6842664
cg1271,cg2636,sigE,catA1,0.61487189,0.61487189,3.5120424e-97,924,Kranz2022_expression_compendium_Zenodo6842664
cg1271,cg3376,sigE,,0.26503025,0.26503025,2.1652088e-10,556,Kranz2022_expression_compendium_Zenodo6842664
cg1271,cg3377,sigE,,0.54986099,0.54986099,2.0961615e-64,800,Kranz2022_expression_compendium_Zenodo6842664
cg1271,cg4001,sigE,,0.2072247,0.2072247,4.9132236e-05,378,Kranz2022_expression_compendium_Zenodo6842664
cg1324,cg1301,rosR,cydA,0.73385119,0.73385119,1.9689975e-130,766,Kranz2022_expression_compendium_Zenodo6842664
cg1324,cg1426,rosR,,0.81860733,0.81860733,1.7257676e-204,842,Kranz2022_expression_compendium_Zenodo6842664
cg1324,cg1494,rosR,,0.66653849,0.66653849,1.9906434e-116,898,Kranz2022_expression_compendium_Zenodo6842664
cg1324,cg1513,rosR,tnp23a(ISCg23a),0.48042208,0.48042208,8.9439093e-37,614,Kranz2022_expression_compendium_Zenodo6842664
cg1324,cg1514,rosR,tnp23a(ISCg23a),0.49178051,0.49178051,4.0382855e-52,836,Kranz2022_expression_compendium_Zenodo6842664
cg1324,cg1515,rosR,tnp24a(ISCg24a),0.80756363,0.80756363,1.7708633e-170,736,Kranz2022_expression_compendium_Zenodo6842664
cg1324,cg1516,rosR,,0.62319549,0.62319549,1.4569211e-67,616,Kranz2022_expression_compendium_Zenodo6842664
cg1324,cg1517,rosR,,0.72326915,0.72326915,3.9720044e-130,798,Kranz2022_expression_compendium_Zenodo6842664
cg1324,cg1848,rosR,,0.63461388,0.63461388,1.380131e-100,882,Kranz2022_expression_compendium_Zenodo6842664
cg1324,cg1849,rosR,,0.69670805,0.69670805,3.5939032e-87,592,Kranz2022_expression_compendium_Zenodo6842664
cg1324,cg1850,rosR,,0.6099458,0.6099458,1.3675992e-46,444,Kranz2022_expression_compendium_Zenodo6842664
cg1324,cg2559,rosR,aceB,0.53345392,0.53345392,1.5519006e-63,848,Kranz2022_expression_compendium_Zenodo6842664
cg1324,cg3084,rosR,,0.6739192,0.6739192,5.8490523e-72,534,Kranz2022_expression_compendium_Zenodo6842664
cg1324,cg3085,rosR,,0.74037068,0.74037068,1.3795342e-152,874,Kranz2022_expression_compendium_Zenodo6842664
cg1324,cg3236,rosR,msrA,0.81034525,0.81034525,6.5614447e-201,858,Kranz2022_expression_compendium_Zenodo6842664
cg1324,cg3237,rosR,sod,0.65242524,0.65242524,9.8442613e-104,846,Kranz2022_expression_compendium_Zenodo6842664
cg1374,cg1214,,,0.70728367,0.70728367,1.7993438e-130,854,Kranz2022_expression_compendium_Zenodo6842664
cg1374,cg1215,,nadC,0.65306919,0.65306919,2.2518876e-115,940,Kranz2022_expression_compendium_Zenodo6842664
cg1374,cg1372,,,0.46986992,0.46986992,2.7601396e-45,802,Kranz2022_expression_compendium_Zenodo6842664
cg1410,cg1411,rbsR,,0.92615192,0.92615192,2.6921176e-228,536,Kranz2022_expression_compendium_Zenodo6842664
cg1410,cg1413,rbsR,,0.8120486,0.8120486,9.5678241e-131,552,Kranz2022_expression_compendium_Zenodo6842664
cg1410,cg1414,rbsR,,0.88900927,0.88900927,5.6964414e-184,538,Kranz2022_expression_compendium_Zenodo6842664
cg1410,cg1543,rbsR,iunH3,0.57984398,0.57984398,2.9242672e-51,556,Kranz2022_expression_compendium_Zenodo6842664
cg1410,cg1545,rbsR,,0.71201175,0.71201175,4.8312118e-84,536,Kranz2022_expression_compendium_Zenodo6842664
cg1410,cg1547,rbsR,ccpA1(uriR),0.80344897,0.80344897,3.6754028e-124,544,Kranz2022_expression_compendium_Zenodo6842664
cg1410,cg1600,rbsR,,0.75305729,0.75305729,1.3171148e-100,544,Kranz2022_expression_compendium_Zenodo6842664
cg1410,cg1744,rbsR,pacL,0.55743018,0.55743018,3.0047904e-45,538,Kranz2022_expression_compendium_Zenodo6842664
cg1410,cg2554,rbsR,rbsK2,0.69209758,0.69209758,2.4492458e-79,548,Kranz2022_expression_compendium_Zenodo6842664
cg1425,cg1613,lysG,sseA2,0.45762837,0.45762837,2.5974425e-19,346,Kranz2022_expression_compendium_Zenodo6842664
cg1479,cg1310,,tfdF,0.64484818,0.64484818,8.4145043e-50,412,Kranz2022_expression_compendium_Zenodo6842664
cg1479,cg1311,,catA2,0.5940458,0.5940458,1.6620463e-58,600,Kranz2022_expression_compendium_Zenodo6842664
cg1479,cg1481,,,0.64278767,0.64278767,8.3244777e-64,536,Kranz2022_expression_compendium_Zenodo6842664
cg1512,cg1513,,tnp23a(ISCg23a),0.41771841,0.41771841,9.7578155e-27,600,Kranz2022_expression_compendium_Zenodo6842664
cg1512,cg1514,,tnp23a(ISCg23a),0.61225119,0.61225119,2.6259584e-85,818,Kranz2022_expression_compendium_Zenodo6842664
cg1512,cg1515,,tnp24a(ISCg24a),0.78941359,0.78941359,1.3718977e-155,726,Kranz2022_expression_compendium_Zenodo6842664
cg1512,cg1516,,,0.58002357,0.58002357,5.996402e-56,608,Kranz2022_expression_compendium_Zenodo6842664
cg1512,cg1517,,,0.77362342,0.77362342,1.0538839e-158,792,Kranz2022_expression_compendium_Zenodo6842664
cg1512,cg3141,,hmp,0.4915497,0.4915497,9.8439279e-37,582,Kranz2022_expression_compendium_Zenodo6842664
cg1547,cg1410,ccpA1(uriR),rbsR,0.80344897,0.80344897,3.6754028e-124,544,Kranz2022_expression_compendium_Zenodo6842664
cg1547,cg1411,ccpA1(uriR),,0.76491293,0.76491293,1.874512e-122,632,Kranz2022_expression_compendium_Zenodo6842664
cg1547,cg1413,ccpA1(uriR),,0.68173399,0.68173399,7.9713483e-94,678,Kranz2022_expression_compendium_Zenodo6842664
cg1547,cg1414,ccpA1(uriR),,0.74514103,0.74514103,3.1298161e-112,628,Kranz2022_expression_compendium_Zenodo6842664
cg1547,cg1543,ccpA1(uriR),iunH3,0.70108105,0.70108105,8.786838e-111,742,Kranz2022_expression_compendium_Zenodo6842664
cg1547,cg1545,ccpA1(uriR),,0.82310115,0.82310115,2.7564558e-167,674,Kranz2022_expression_compendium_Zenodo6842664
cg1547,cg1600,ccpA1(uriR),,0.72360234,0.72360234,1.5840869e-113,694,Kranz2022_expression_compendium_Zenodo6842664
cg1547,cg1744,ccpA1(uriR),pacL,0.631878,0.631878,1.268389e-78,694,Kranz2022_expression_compendium_Zenodo6842664
cg1547,cg2554,ccpA1(uriR),rbsK2,0.72772939,0.72772939,2.1242612e-117,706,Kranz2022_expression_compendium_Zenodo6842664
cg1552,cg1752,qorR,int,0.6719685,0.6719685,9.0854918e-52,384,Kranz2022_expression_compendium_Zenodo6842664
cg1648,cg1650,,pctC,0.8936945,0.8936945,9.2315822e-99,280,Kranz2022_expression_compendium_Zenodo6842664
cg1648,cg1857,,ppiB,0.40284125,0.40284125,1.4898498e-21,516,Kranz2022_expression_compendium_Zenodo6842664
cg1648,cg1859,,,0.27755919,0.27755919,2.1067262e-10,506,Kranz2022_expression_compendium_Zenodo6842664
cg1648,cg1860,,,0.62759277,0.62759277,1.4563193e-49,440,Kranz2022_expression_compendium_Zenodo6842664
cg1648,cg1861,,rel(relA),0.5427322,0.5427322,2.0956995e-40,510,Kranz2022_expression_compendium_Zenodo6842664
cg1680,cg1453,,leuB,0.82549425,0.82549425,9.2269227e-230,918,Kranz2022_expression_compendium_Zenodo6842664
cg1680,cg1681,,pepE,0.73587228,0.73587228,1.4347541e-154,902,Kranz2022_expression_compendium_Zenodo6842664
cg1680,cg1682,,,0.75303547,0.75303547,1.1108392e-152,830,Kranz2022_expression_compendium_Zenodo6842664
cg1680,cg3359,,trpE,0.82087348,0.82087348,1.3268964e-223,912,Kranz2022_expression_compendium_Zenodo6842664
cg1680,cg3360,,trpG,0.74934152,0.74934152,4.3419925e-165,912,Kranz2022_expression_compendium_Zenodo6842664
cg1680,cg3361,,trpD,0.82217018,0.82217018,8.0933795e-229,928,Kranz2022_expression_compendium_Zenodo6842664
cg1680,cg3362,,trpCF,0.7376021,0.7376021,2.282671e-157,912,Kranz2022_expression_compendium_Zenodo6842664
cg1680,cg3363,,trpB,0.74668913,0.74668913,3.3019352e-167,934,Kranz2022_expression_compendium_Zenodo6842664
cg1680,cg3364,,trpA,0.46182923,0.46182923,1.3035408e-32,592,Kranz2022_expression_compendium_Zenodo6842664
cg1765,cg1761,sufR,nifS2,0.78142943,0.78142943,1.9978052e-198,960,Kranz2022_expression_compendium_Zenodo6842664
cg1765,cg1763,sufR,sufD,0.90438537,0.90438537,0,1012,Kranz2022_expression_compendium_Zenodo6842664
cg1765,cg1764,sufR,sufB,0.87913125,0.87913125,3.3596464e-322,996,Kranz2022_expression_compendium_Zenodo6842664
cg1765,cg1981,sufR,,0.29819243,0.29819243,9.8534751e-15,646,Kranz2022_expression_compendium_Zenodo6842664
cg1765,cg1982,sufR,,0.21576422,0.21576422,1.3603758e-06,492,Kranz2022_expression_compendium_Zenodo6842664
cg1765,cg1984,sufR,,0.081045571,0.081045571,0.079218988,470,Kranz2022_expression_compendium_Zenodo6842664
cg1787,cg0229,ppc,gltB,0.27173093,0.27173093,1.3535558e-10,540,Kranz2022_expression_compendium_Zenodo6842664
cg1787,cg0230,ppc,gltD,0.40770457,0.40770457,3.4823919e-34,820,Kranz2022_expression_compendium_Zenodo6842664
cg1787,cg1580,ppc,argC,0.79401564,0.79401564,4.1114006e-204,936,Kranz2022_expression_compendium_Zenodo6842664
cg1787,cg1581,ppc,argJ,0.81682176,0.81682176,9.4161738e-228,946,Kranz2022_expression_compendium_Zenodo6842664
cg1787,cg1784,ppc,ocd,0.30071919,0.30071919,1.3194481e-10,438,Kranz2022_expression_compendium_Zenodo6842664
cg1787,cg1785,ppc,amt,0.39084205,0.39084205,3.0383656e-22,570,Kranz2022_expression_compendium_Zenodo6842664
cg1787,cg1786,ppc,secG,0.66668014,0.66668014,8.0882148e-120,924,Kranz2022_expression_compendium_Zenodo6842664
cg1787,cg1813,ppc,carB,0.8289951,0.8289951,1.5778425e-244,962,Kranz2022_expression_compendium_Zenodo6842664
cg1787,cg1814,ppc,carA,0.78257966,0.78257966,1.2596627e-200,966,Kranz2022_expression_compendium_Zenodo6842664
cg1787,cg2032,ppc,,0.28501318,0.28501318,7.3951592e-10,450,Kranz2022_expression_compendium_Zenodo6842664
cg1787,cg2280,ppc,gdh,0.7722399,0.7722399,9.344273e-175,878,Kranz2022_expression_compendium_Zenodo6842664
cg1831,cg1832,,,0.75729954,0.75729954,2.1348867e-99,528,Kranz2022_expression_compendium_Zenodo6842664
cg1831,cg2054,,,0.68368914,0.68368914,3.1077856e-85,610,Kranz2022_expression_compendium_Zenodo6842664
cg1831,cg2055,,,0.62034645,0.62034645,1.0164089e-54,502,Kranz2022_expression_compendium_Zenodo6842664
cg1846,cg1845,cssR,,0.77107251,0.77107251,1.5215469e-182,922,Kranz2022_expression_compendium_Zenodo6842664
cg1846,cg1847,cssR,,0.82042264,0.82042264,3.4911966e-222,908,Kranz2022_expression_compendium_Zenodo6842664
cg1846,cg2065,cssR,,0.44765479,0.44765479,9.8205707e-13,230,Kranz2022_expression_compendium_Zenodo6842664
cg1861,cg0998,rel(relA),,0.72359186,0.72359186,9.5188728e-137,838,Kranz2022_expression_compendium_Zenodo6842664
cg1861,cg0999,rel(relA),,0.75026954,0.75026954,8.6748835e-95,518,Kranz2022_expression_compendium_Zenodo6842664
cg1861,cg1271,rel(relA),sigE,0.75172155,0.75172155,8.2480764e-164,896,Kranz2022_expression_compendium_Zenodo6842664
cg1861,cg1436,rel(relA),ilvN,0.84367057,0.84367057,3.4450477e-243,894,Kranz2022_expression_compendium_Zenodo6842664
cg1861,cg2305,rel(relA),hisD,0.65816406,0.65816406,7.785324e-112,892,Kranz2022_expression_compendium_Zenodo6842664
cg1861,cg2318,rel(relA),,0.76228046,0.76228046,2.4941053e-170,892,Kranz2022_expression_compendium_Zenodo6842664
cg1861,cg3254,rel(relA),,0.57080208,0.57080208,6.7646889e-72,818,Kranz2022_expression_compendium_Zenodo6842664
cg1861,cg3420,rel(relA),sigM,0.5533788,0.5533788,4.392226e-46,558,Kranz2022_expression_compendium_Zenodo6842664
cg1919,cg0318,,arsC1,0.6105943,0.6105943,1.5699006e-59,570,Kranz2022_expression_compendium_Zenodo6842664
cg1919,cg0319,,arsX,0.64987308,0.64987308,3.748339e-54,440,Kranz2022_expression_compendium_Zenodo6842664
cg1919,cg1705,,arsC2,0.47716064,0.47716064,4.1889247e-35,594,Kranz2022_expression_compendium_Zenodo6842664
cg1919,cg1707,,,0.57323777,0.57323777,1.2683324e-47,530,Kranz2022_expression_compendium_Zenodo6842664
cg1919,cg1921,,,0.93954464,0.93954464,8.5335555e-236,504,Kranz2022_expression_compendium_Zenodo6842664
cg1935,cg1537,gntR2,ptsG,0.55375202,0.55375202,7.3484165e-72,880,Kranz2022_expression_compendium_Zenodo6842664
cg1935,cg1643,gntR2,gnd,0.6865452,0.6865452,1.7131721e-124,886,Kranz2022_expression_compendium_Zenodo6842664
cg1935,cg1776,gntR2,tal,0.5381746,0.5381746,1.3037294e-69,912,Kranz2022_expression_compendium_Zenodo6842664
cg1935,cg1778,gntR2,zwf,0.54562545,0.54562545,2.0510242e-71,906,Kranz2022_expression_compendium_Zenodo6842664
cg1935,cg1994,gntR2,,0.58223985,0.58223985,3.5125672e-44,472,Kranz2022_expression_compendium_Zenodo6842664
cg1935,cg1999,gntR2,,0.62116317,0.62116317,4.7788445e-71,654,Kranz2022_expression_compendium_Zenodo6842664
cg1935,cg2000,gntR2,,0.66023226,0.66023226,8.4009092e-103,812,Kranz2022_expression_compendium_Zenodo6842664
cg1935,cg2732,gntR2,,0.53626552,0.53626552,1.6881543e-40,526,Kranz2022_expression_compendium_Zenodo6842664
cg1935,cg2925,gntR2,ptsS,0.50928308,0.50928308,1.0010132e-58,872,Kranz2022_expression_compendium_Zenodo6842664
cg1935,cg3169,gntR2,pck,0.62748118,0.62748118,2.7486653e-97,878,Kranz2022_expression_compendium_Zenodo6842664
cg1935,cg3216,gntR2,gntP,0.59334021,0.59334021,6.4772942e-83,860,Kranz2022_expression_compendium_Zenodo6842664
cg1957,cg1956,,recJ,0.51269632,0.51269632,1.0603462e-54,798,Kranz2022_expression_compendium_Zenodo6842664
cg1957,cg1959,,priP,0.44119814,0.44119814,4.1879448e-18,350,Kranz2022_expression_compendium_Zenodo6842664
cg2011,cg0812,,dtsR1,0.135296,0.135296,0.0089820548,372,Kranz2022_expression_compendium_Zenodo6842664
cg2011,cg2595,,rplU,0.32485627,0.32485627,1.9261717e-10,366,Kranz2022_expression_compendium_Zenodo6842664
cg2011,cg2599,,,0.26921764,0.26921764,1.1508718e-07,376,Kranz2022_expression_compendium_Zenodo6842664
cg2037,cg1816,,pyrB,0.8821385,0.8821385,0,992,Kranz2022_expression_compendium_Zenodo6842664
cg2037,cg2035,,,0.10166944,0.10166944,0.017902495,542,Kranz2022_expression_compendium_Zenodo6842664
cg2037,cg2434,,,0.78073994,0.78073994,1.1314698e-189,920,Kranz2022_expression_compendium_Zenodo6842664
cg2092,cg0014,sigA,,0.30609739,0.30609739,1.5998055e-15,648,Kranz2022_expression_compendium_Zenodo6842664
cg2092,cg0057,sigA,pknB,0.082277006,0.082277006,0.13000198,340,Kranz2022_expression_compendium_Zenodo6842664
cg2092,cg0059,sigA,pknA,0.82342347,0.82342347,4.3478517e-231,932,Kranz2022_expression_compendium_Zenodo6842664
cg2092,cg0060,sigA,pbpA,0.82737799,0.82737799,9.4083981e-244,966,Kranz2022_expression_compendium_Zenodo6842664
cg2092,cg0088,sigA,citP,0.1259024,0.1259024,0.0041776967,516,Kranz2022_expression_compendium_Zenodo6842664
cg2092,cg0096,sigA,,0.22921504,0.22921504,8.0326311e-10,702,Kranz2022_expression_compendium_Zenodo6842664
cg2092,cg0124,sigA,amn,0.74355816,0.74355816,5.5356271e-170,962,Kranz2022_expression_compendium_Zenodo6842664
cg2092,cg0143,sigA,mtlD,0.17575739,0.17575739,5.8498305e-07,798,Kranz2022_expression_compendium_Zenodo6842664
cg2092,cg0144,sigA,rbtT,0.30756341,0.30756341,4.5273691e-18,758,Kranz2022_expression_compendium_Zenodo6842664
cg2092,cg0146,sigA,atlR,0.45332963,0.45332963,3.7367699e-33,628,Kranz2022_expression_compendium_Zenodo6842664
cg2092,cg0147,sigA,xylB,0.55458954,0.55458954,1.1457341e-62,762,Kranz2022_expression_compendium_Zenodo6842664
cg2092,cg0156,sigA,cysR,0.69027944,0.69027944,3.9653634e-133,934,Kranz2022_expression_compendium_Zenodo6842664
cg2092,cg0179,sigA,,0.36010514,0.36010514,5.7246413e-21,638,Kranz2022_expression_compendium_Zenodo6842664
cg2092,cg0229,sigA,gltB,0.20500706,0.20500706,1.3008152e-06,548,Kranz2022_expression_compendium_Zenodo6842664
cg2092,cg0303,sigA,leuA,0.85530297,0.85530297,1.5563243e-289,1008,Kranz2022_expression_compendium_Zenodo6842664
cg2092,cg0313,sigA,lrp,0.16738029,0.16738029,1.9011899e-05,646,Kranz2022_expression_compendium_Zenodo6842664
cg2092,cg0314,sigA,brnF,0.2018179,0.2018179,0.0013977472,248,Kranz2022_expression_compendium_Zenodo6842664
cg2092,cg0315,sigA,brnE,0.11175146,0.11175146,0.013508249,488,Kranz2022_expression_compendium_Zenodo6842664
cg2092,cg0350,sigA,glxR,0.8060246,0.8060246,1.2540005e-228,996,Kranz2022_expression_compendium_Zenodo6842664
cg2092,cg0366,sigA,,0.12947318,0.12947318,0.03091895,278,Kranz2022_expression_compendium_Zenodo6842664
cg2092,cg0369,sigA,,0.88117204,0.88117204,0,994,Kranz2022_expression_compendium_Zenodo6842664
cg2092,cg0370,sigA,,0.64343826,0.64343826,1.8262086e-94,798,Kranz2022_expression_compendium_Zenodo6842664
cg2092,cg0397,sigA,,0.20766112,0.20766112,8.5341432e-06,452,Kranz2022_expression_compendium_Zenodo6842664
cg2092,cg0444,sigA,ramB,0.70685777,0.70685777,9.9285212e-151,990,Kranz2022_expression_compendium_Zenodo6842664
cg2092,cg0446,sigA,sdhA,0.76540139,0.76540139,7.3895823e-193,998,Kranz2022_expression_compendium_Zenodo6842664
cg2092,cg0448,sigA,,0.48978088,0.48978088,4.579525e-59,960,Kranz2022_expression_compendium_Zenodo6842664
cg2092,cg0527,sigA,glyR,0.15205736,0.15205736,0.00067952112,496,Kranz2022_expression_compendium_Zenodo6842664
cg2092,cg0530,sigA,,0.67878517,0.67878517,2.6423442e-115,846,Kranz2022_expression_compendium_Zenodo6842664
cg2092,cg0652,sigA,rpsM,0.78964337,0.78964337,4.3613654e-213,996,Kranz2022_expression_compendium_Zenodo6842664
cg2092,cg0676,sigA,,0.11373577,0.11373577,0.022230799,404,Kranz2022_expression_compendium_Zenodo6842664
cg2092,cg0678,sigA,,0.0085144784,0.0085144784,0.84553709,526,Kranz2022_expression_compendium_Zenodo6842664
cg2092,cg0679,sigA,,0.050466333,0.050466333,0.27695489,466,Kranz2022_expression_compendium_Zenodo6842664
cg2092,cg0690,sigA,groES,0.65009096,0.65009096,6.2767034e-121,998,Kranz2022_expression_compendium_Zenodo6842664
cg2092,cg0691,sigA,groEL',0.76461574,0.76461574,6.9834843e-187,970,Kranz2022_expression_compendium_Zenodo6842664
cg2092,cg0759,sigA,prpD2,0.56089308,0.56089308,1.5079797e-75,898,Kranz2022_expression_compendium_Zenodo6842664
cg2092,cg0762,sigA,prpC2,0.53513953,0.53513953,3.1032171e-67,892,Kranz2022_expression_compendium_Zenodo6842664
cg2092,cg0766,sigA,icd,0.90004087,0.90004087,0,996,Kranz2022_expression_compendium_Zenodo6842664
cg2092,cg0767,sigA,,0.53514887,0.53514887,1.0430113e-58,776,Kranz2022_expression_compendium_Zenodo6842664
cg2092,cg0769,sigA,,0.45607103,0.45607103,8.0959712e-41,770,Kranz2022_expression_compendium_Zenodo6842664
cg2092,cg0771,sigA,irp1,0.51241419,0.51241419,1.4851489e-57,842,Kranz2022_expression_compendium_Zenodo6842664
cg2092,cg0791,sigA,pyc,0.8116319,0.8116319,3.1496463e-235,1000,Kranz2022_expression_compendium_Zenodo6842664
cg2092,cg0795,sigA,,0.11731367,0.11731367,0.017483476,410,Kranz2022_expression_compendium_Zenodo6842664
cg2092,cg0800,sigA,prpR,0.64389581,0.64389581,9.2966045e-107,902,Kranz2022_expression_compendium_Zenodo6842664
cg2092,cg0862,sigA,mtrA,0.81097444,0.81097444,3.1992462e-232,990,Kranz2022_expression_compendium_Zenodo6842664
cg2092,cg0864,sigA,mtrB,0.71838138,0.71838138,7.6294763e-159,996,Kranz2022_expression_compendium_Zenodo6842664
cg2092,cg0868,sigA,secA,0.89989107,0.89989107,0,990,Kranz2022_expression_compendium_Zenodo6842664
cg2092,cg0878,sigA,whiB1(whcE),0.7199137,0.7199137,2.4568672e-156,974,Kranz2022_expression_compendium_Zenodo6842664
cg2092,cg0880,sigA,,0.60947868,0.60947868,2.453328e-83,808,Kranz2022_expression_compendium_Zenodo6842664
cg2092,cg0897,sigA,pdxR,0.092790146,0.092790146,0.019641557,632,Kranz2022_expression_compendium_Zenodo6842664
cg2092,cg0898,sigA,,0.73495132,0.73495132,3.3945723e-169,992,Kranz2022_expression_compendium_Zenodo6842664
cg2092,cg0899,sigA,,0.71675769,0.71675769,6.3349377e-156,984,Kranz2022_expression_compendium_Zenodo6842664
cg2092,cg0900,sigA,,0.20797192,0.20797192,2.5156688e-05,404,Kranz2022_expression_compendium_Zenodo6842664
cg2092,cg0905,sigA,psp2,0.57939836,0.57939836,2.2672404e-59,648,Kranz2022_expression_compendium_Zenodo6842664
cg2092,cg0922,sigA,,0.4109531,0.4109531,1.7205513e-32,764,Kranz2022_expression_compendium_Zenodo6842664
cg2092,cg0949,sigA,gltA,0.84219149,0.84219149,2.6956973e-267,990,Kranz2022_expression_compendium_Zenodo6842664
cg2092,cg1010,sigA,,0.67476227,0.67476227,2.9705048e-114,852,Kranz2022_expression_compendium_Zenodo6842664
cg2092,cg1011,sigA,,0.54644028,0.54644028,9.4030114e-58,726,Kranz2022_expression_compendium_Zenodo6842664
cg2092,cg1016,sigA,betP,0.78559644,0.78559644,1.0772262e-200,954,Kranz2022_expression_compendium_Zenodo6842664
cg2092,cg1037,sigA,,0.80026406,0.80026406,5.3743944e-219,978,Kranz2022_expression_compendium_Zenodo6842664
cg2092,cg1039,sigA,,0.54144919,0.54144919,4.076128e-54,694,Kranz2022_expression_compendium_Zenodo6842664
cg2092,cg1041,sigA,pdxK,0.60612261,0.60612261,5.7834206e-94,926,Kranz2022_expression_compendium_Zenodo6842664
cg2092,cg1051,sigA,,0.30781179,0.30781179,4.9797086e-15,618,Kranz2022_expression_compendium_Zenodo6842664
cg2092,cg1071,sigA,pth1,0.66815585,0.66815585,8.114262e-122,934,Kranz2022_expression_compendium_Zenodo6842664
cg2092,cg1111,sigA,eno,0.71339851,0.71339851,1.1076192e-155,996,Kranz2022_expression_compendium_Zenodo6842664
cg2092,cg1148,sigA,,0.20167195,0.20167195,0.0019326887,234,Kranz2022_expression_compendium_Zenodo6842664
cg2092,cg1151,sigA,ssiE,0.1143399,0.1143399,0.019961262,414,Kranz2022_expression_compendium_Zenodo6842664
cg2092,cg1152,sigA,ssiF,0.17155493,0.17155493,0.00016925954,476,Kranz2022_expression_compendium_Zenodo6842664
cg2092,cg1179,sigA,,0.5645698,0.5645698,3.45467e-64,748,Kranz2022_expression_compendium_Zenodo6842664
cg2092,cg1182,sigA,,0.56759757,0.56759757,6.114286e-61,700,Kranz2022_expression_compendium_Zenodo6842664
cg2092,cg1216,sigA,nadA,0.86474269,0.86474269,3.5093717e-297,988,Kranz2022_expression_compendium_Zenodo6842664
cg2092,cg1256,sigA,dapD,0.77165634,0.77165634,9.2399402e-197,992,Kranz2022_expression_compendium_Zenodo6842664
cg2092,cg1269,sigA,,0.68144236,0.68144236,4.4104528e-117,850,Kranz2022_expression_compendium_Zenodo6842664
cg2092,cg1280,sigA,odhA,0.78903336,0.78903336,7.0973318e-208,974,Kranz2022_expression_compendium_Zenodo6842664
cg2092,cg1284,sigA,lipT,0.53746148,0.53746148,1.5152901e-69,914,Kranz2022_expression_compendium_Zenodo6842664
cg2092,cg1296,sigA,,0.22932836,0.22932836,0.00057395039,222,Kranz2022_expression_compendium_Zenodo6842664
cg2092,cg1298,sigA,cydC,0.2446337,0.2446337,2.0787999e-11,730,Kranz2022_expression_compendium_Zenodo6842664
cg2092,cg1303,sigA,,0.75064628,0.75064628,2.6761862e-170,936,Kranz2022_expression_compendium_Zenodo6842664
cg2092,cg1307,sigA,,0.80501167,0.80501167,1.2645883e-227,996,Kranz2022_expression_compendium_Zenodo6842664
cg2092,cg1333,sigA,argS,0.85942355,0.85942355,7.2471316e-285,972,Kranz2022_expression_compendium_Zenodo6842664
cg2092,cg1334,sigA,lysA,0.85394222,0.85394222,2.2310346e-285,1000,Kranz2022_expression_compendium_Zenodo6842664
cg2092,cg1338,sigA,thrB,0.72476015,0.72476015,1.1110975e-150,920,Kranz2022_expression_compendium_Zenodo6842664
cg2092,cg1380,sigA,ssuA,0.22614479,0.22614479,3.021729e-10,758,Kranz2022_expression_compendium_Zenodo6842664
cg2092,cg1410,sigA,rbsR,0.38320978,0.38320978,5.8406112e-21,558,Kranz2022_expression_compendium_Zenodo6842664
cg2092,cg1411,sigA,,0.46808563,0.46808563,1.9706863e-38,682,Kranz2022_expression_compendium_Zenodo6842664
cg2092,cg1413,sigA,,0.52928082,0.52928082,5.9477395e-57,772,Kranz2022_expression_compendium_Zenodo6842664
cg2092,cg1414,sigA,,0.42156163,0.42156163,1.9086002e-31,698,Kranz2022_expression_compendium_Zenodo6842664
cg2092,cg1425,sigA,lysG,0.13584007,0.13584007,0.011427007,346,Kranz2022_expression_compendium_Zenodo6842664
cg2092,cg1432,sigA,ilvD,0.84741124,0.84741124,7.4587772e-268,968,Kranz2022_expression_compendium_Zenodo6842664
cg2092,cg1435,sigA,ilvB,0.82715148,0.82715148,1.6148832e-250,994,Kranz2022_expression_compendium_Zenodo6842664
cg2092,cg1437,sigA,ilvC,0.71778419,0.71778419,1.8410114e-158,996,Kranz2022_expression_compendium_Zenodo6842664
cg2092,cg1443,sigA,,-0.069342327,0.069342327,0.44411376,124,Kranz2022_expression_compendium_Zenodo6842664
cg2092,cg1453,sigA,leuB,0.81026942,0.81026942,1.1152235e-222,952,Kranz2022_expression_compendium_Zenodo6842664
cg2092,cg1458,sigA,,0.79891019,0.79891019,1.3159805e-218,982,Kranz2022_expression_compendium_Zenodo6842664
cg2092,cg1509,sigA,,0.83623358,0.83623358,2.2152904e-256,976,Kranz2022_expression_compendium_Zenodo6842664
cg2092,cg1512,sigA,,0.70124114,0.70124114,4.8184762e-122,818,Kranz2022_expression_compendium_Zenodo6842664
cg2092,cg1513,sigA,tnp23a(ISCg23a),0.27454895,0.27454895,1.8402856e-12,636,Kranz2022_expression_compendium_Zenodo6842664
cg2092,cg1514,sigA,tnp23a(ISCg23a),0.63984277,0.63984277,1.0802882e-108,934,Kranz2022_expression_compendium_Zenodo6842664
cg2092,cg1515,sigA,tnp24a(ISCg24a),0.60533828,0.60533828,5.6322797e-76,748,Kranz2022_expression_compendium_Zenodo6842664
cg2092,cg1516,sigA,,0.42611351,0.42611351,6.9889947e-30,646,Kranz2022_expression_compendium_Zenodo6842664
cg2092,cg1517,sigA,,0.63290563,0.63290563,3.2040146e-97,858,Kranz2022_expression_compendium_Zenodo6842664
cg2092,cg1537,sigA,ptsG,0.70538728,0.70538728,3.7538098e-144,952,Kranz2022_expression_compendium_Zenodo6842664
cg2092,cg1543,sigA,iunH3,0.6919868,0.6919868,1.0304727e-139,974,Kranz2022_expression_compendium_Zenodo6842664
cg2092,cg1545,sigA,,0.56368642,0.56368642,4.0669816e-64,750,Kranz2022_expression_compendium_Zenodo6842664
cg2092,cg1547,sigA,ccpA1(uriR),0.36888855,0.36888855,2.1280248e-25,744,Kranz2022_expression_compendium_Zenodo6842664
cg2092,cg1560,sigA,uvrA,0.51334999,0.51334999,1.1953301e-43,630,Kranz2022_expression_compendium_Zenodo6842664
cg2092,cg1562,sigA,,0.56014866,0.56014866,1.6887604e-63,754,Kranz2022_expression_compendium_Zenodo6842664
cg2092,cg1564,sigA,rpmI,0.7948889,0.7948889,1.2029156e-219,1004,Kranz2022_expression_compendium_Zenodo6842664
cg2092,cg1568,sigA,ugpA,0.53878218,0.53878218,4.8047892e-56,728,Kranz2022_expression_compendium_Zenodo6842664
cg2092,cg1570,sigA,ugpB,0.037021777,0.037021777,0.58151013,224,Kranz2022_expression_compendium_Zenodo6842664
cg2092,cg1597,sigA,,0.65217904,0.65217904,2.9127389e-93,760,Kranz2022_expression_compendium_Zenodo6842664
cg2092,cg1600,sigA,,0.68572828,0.68572828,1.7809446e-112,802,Kranz2022_expression_compendium_Zenodo6842664
cg2092,cg1613,sigA,sseA2,0.72214743,0.72214743,1.2648693e-152,942,Kranz2022_expression_compendium_Zenodo6842664
cg2092,cg1621,sigA,,0.29278537,0.29278537,2.2560469e-12,552,Kranz2022_expression_compendium_Zenodo6842664
cg2092,cg1624,sigA,,0.51626593,0.51626593,8.8637801e-47,668,Kranz2022_expression_compendium_Zenodo6842664
cg2092,cg1650,sigA,pctC,0.11427009,0.11427009,0.049518886,296,Kranz2022_expression_compendium_Zenodo6842664
cg2092,cg1680,sigA,,0.78473131,0.78473131,6.9918554e-198,944,Kranz2022_expression_compendium_Zenodo6842664
cg2092,cg1681,sigA,pepE,0.81065384,0.81065384,6.1890858e-218,930,Kranz2022_expression_compendium_Zenodo6842664
cg2092,cg1682,sigA,,0.63130662,0.63130662,1.0224298e-93,832,Kranz2022_expression_compendium_Zenodo6842664
cg2092,cg1744,sigA,pacL,0.46947743,0.46947743,2.5989195e-45,804,Kranz2022_expression_compendium_Zenodo6842664
cg2092,cg1769,sigA,ctaA,0.10864013,0.10864013,0.19492055,144,Kranz2022_expression_compendium_Zenodo6842664
cg2092,cg1770,sigA,,0.15091809,0.15091809,0.014478651,262,Kranz2022_expression_compendium_Zenodo6842664
cg2092,cg1784,sigA,ocd,0.23839808,0.23839808,4.4643754e-07,438,Kranz2022_expression_compendium_Zenodo6842664
cg2092,cg1785,sigA,amt,0.2888697,0.2888697,2.4319958e-12,566,Kranz2022_expression_compendium_Zenodo6842664
cg2092,cg1787,sigA,ppc,0.78625447,0.78625447,9.1413483e-204,966,Kranz2022_expression_compendium_Zenodo6842664
cg2092,cg1791,sigA,gap,0.58333174,0.58333174,7.2354107e-92,996,Kranz2022_expression_compendium_Zenodo6842664
cg2092,cg1916,sigA,,0.77383967,0.77383967,1.8571567e-185,926,Kranz2022_expression_compendium_Zenodo6842664
cg2092,cg1935,sigA,gntR2,0.55047483,0.55047483,6.5579817e-73,906,Kranz2022_expression_compendium_Zenodo6842664
cg2092,cg1956,sigA,recJ,0.74490717,0.74490717,2.5864927e-178,1004,Kranz2022_expression_compendium_Zenodo6842664
cg2092,cg1957,sigA,,0.62460195,0.62460195,2.4849408e-87,796,Kranz2022_expression_compendium_Zenodo6842664
cg2092,cg1959,sigA,priP,0.1218602,0.1218602,0.019698287,366,Kranz2022_expression_compendium_Zenodo6842664
cg2092,cg1992,sigA,,0.60270548,0.60270548,1.6013725e-77,772,Kranz2022_expression_compendium_Zenodo6842664
cg2092,cg2003,sigA,,0.14359901,0.14359901,0.011636023,308,Kranz2022_expression_compendium_Zenodo6842664
cg2092,cg2008,sigA,,0.25861504,0.25861504,8.3458736e-09,482,Kranz2022_expression_compendium_Zenodo6842664
cg2092,cg2009,sigA,,0.10357863,0.10357863,0.062571895,324,Kranz2022_expression_compendium_Zenodo6842664
cg2092,cg2026,sigA,,0.65908893,0.65908893,1.0075993e-115,920,Kranz2022_expression_compendium_Zenodo6842664
cg2092,cg2112,sigA,,0.44644321,0.44644321,3.3499451e-35,692,Kranz2022_expression_compendium_Zenodo6842664
cg2092,cg2115,sigA,sugR,0.70847276,0.70847276,3.4197465e-140,914,Kranz2022_expression_compendium_Zenodo6842664
cg2092,cg2118,sigA,fruR,0.74305109,0.74305109,7.7447029e-167,946,Kranz2022_expression_compendium_Zenodo6842664
cg2092,cg2119,sigA,pfkB,0.80388505,0.80388505,5.7491876e-227,998,Kranz2022_expression_compendium_Zenodo6842664
cg2092,cg2120,sigA,ptsF,0.77944848,0.77944848,7.5957215e-201,980,Kranz2022_expression_compendium_Zenodo6842664
cg2092,cg2121,sigA,ptsH,0.75848758,0.75848758,5.6620375e-180,958,Kranz2022_expression_compendium_Zenodo6842664
cg2092,cg2152,sigA,clgR,0.5871601,0.5871601,3.4579393e-88,940,Kranz2022_expression_compendium_Zenodo6842664
cg2092,cg2160,sigA,,0.83054893,0.83054893,1.1243775e-241,944,Kranz2022_expression_compendium_Zenodo6842664
cg2092,cg2162,sigA,,0.78133152,0.78133152,1.5487046e-181,878,Kranz2022_expression_compendium_Zenodo6842664
cg2092,cg2163,sigA,dapB,0.83846178,0.83846178,5.7382089e-258,972,Kranz2022_expression_compendium_Zenodo6842664
cg2092,cg2192,sigA,mqo,0.87702068,0.87702068,2.0113743e-310,970,Kranz2022_expression_compendium_Zenodo6842664
cg2092,cg2280,sigA,gdh,0.74365969,0.74365969,1.9035107e-157,890,Kranz2022_expression_compendium_Zenodo6842664
cg2092,cg2317,sigA,,0.40914575,0.40914575,4.5112137e-31,736,Kranz2022_expression_compendium_Zenodo6842664
cg2092,cg2318,sigA,,0.79402598,0.79402598,8.88603e-213,976,Kranz2022_expression_compendium_Zenodo6842664
cg2092,cg2322,sigA,,0.76765167,0.76765167,6.7933082e-194,994,Kranz2022_expression_compendium_Zenodo6842664
cg2092,cg2358,sigA,,0.0079767021,0.0079767021,0.86839355,434,Kranz2022_expression_compendium_Zenodo6842664
cg2092,cg2359,sigA,ileS,0.83523035,0.83523035,5.7631723e-249,952,Kranz2022_expression_compendium_Zenodo6842664
cg2092,cg2360,sigA,,0.66856851,0.66856851,1.4885935e-106,814,Kranz2022_expression_compendium_Zenodo6842664
cg2092,cg2372,sigA,mraY,0.78613253,0.78613253,1.8664227e-194,922,Kranz2022_expression_compendium_Zenodo6842664
cg2092,cg2421,sigA,sucB,0.65882156,0.65882156,1.5252221e-121,968,Kranz2022_expression_compendium_Zenodo6842664
cg2092,cg2429,sigA,glnA,0.82833091,0.82833091,7.0714616e-255,1006,Kranz2022_expression_compendium_Zenodo6842664
cg2092,cg2437,sigA,thrC,0.65818241,0.65818241,4.8213707e-116,926,Kranz2022_expression_compendium_Zenodo6842664
cg2092,cg2466,sigA,aceE,0.79193039,0.79193039,6.976034e-211,976,Kranz2022_expression_compendium_Zenodo6842664
cg2092,cg2500,sigA,znR,0.6180202,0.6180202,3.3118348e-102,960,Kranz2022_expression_compendium_Zenodo6842664
cg2092,cg2537,sigA,brnQ,0.65056713,0.65056713,3.3561872e-103,848,Kranz2022_expression_compendium_Zenodo6842664
cg2092,cg2554,sigA,rbsK2,0.49116016,0.49116016,8.3165222e-50,800,Kranz2022_expression_compendium_Zenodo6842664
cg2092,cg2559,sigA,aceB,0.68409138,0.68409138,1.4389364e-126,910,Kranz2022_expression_compendium_Zenodo6842664
cg2092,cg2560,sigA,aceA,0.55136739,0.55136739,3.0664635e-75,932,Kranz2022_expression_compendium_Zenodo6842664
cg2092,cg2563,sigA,lcoP,0.71347095,0.71347095,4.5562783e-134,856,Kranz2022_expression_compendium_Zenodo6842664
cg2092,cg2595,sigA,rplU,0.64761675,0.64761675,6.8800029e-117,974,Kranz2022_expression_compendium_Zenodo6842664
cg2092,cg2597,sigA,rne,0.79146129,0.79146129,1.7530187e-192,892,Kranz2022_expression_compendium_Zenodo6842664
cg2092,cg2598,sigA,,0.83005902,0.83005902,4.1471817e-239,936,Kranz2022_expression_compendium_Zenodo6842664
cg2092,cg2599,sigA,,0.77491883,0.77491883,4.5629555e-197,980,Kranz2022_expression_compendium_Zenodo6842664
cg2092,cg2612,sigA,,0.46455308,0.46455308,5.215016e-43,780,Kranz2022_expression_compendium_Zenodo6842664
cg2092,cg2616,sigA,vanA,0.72384546,0.72384546,2.2383831e-142,872,Kranz2022_expression_compendium_Zenodo6842664
cg2092,cg2617,sigA,vanB,0.73021977,0.73021977,5.6275065e-166,992,Kranz2022_expression_compendium_Zenodo6842664
cg2092,cg2618,sigA,vanK,0.73704672,0.73704672,8.2227745e-148,858,Kranz2022_expression_compendium_Zenodo6842664
cg2092,cg2651,sigA,,0.28473422,0.28473422,1.083031e-12,602,Kranz2022_expression_compendium_Zenodo6842664
cg2092,cg2701,sigA,,0.69024476,0.69024476,3.7993008e-140,984,Kranz2022_expression_compendium_Zenodo6842664
cg2092,cg2703,sigA,,0.6137462,0.6137462,1.130041e-101,972,Kranz2022_expression_compendium_Zenodo6842664
cg2092,cg2704,sigA,,0.68903759,0.68903759,1.9810084e-141,998,Kranz2022_expression_compendium_Zenodo6842664
cg2092,cg2705,sigA,,0.64124124,0.64124124,1.3084227e-114,980,Kranz2022_expression_compendium_Zenodo6842664
cg2092,cg2732,sigA,,0.049809213,0.049809213,0.2452647,546,Kranz2022_expression_compendium_Zenodo6842664
cg2092,cg2755,sigA,,0.17933746,0.17933746,0.0085518621,214,Kranz2022_expression_compendium_Zenodo6842664
cg2092,cg2782,sigA,ftn,0.51946952,0.51946952,4.6303485e-70,998,Kranz2022_expression_compendium_Zenodo6842664
cg2092,cg2794,sigA,,0.6173468,0.6173468,2.877283e-105,992,Kranz2022_expression_compendium_Zenodo6842664
cg2092,cg2837,sigA,sucC,0.63398564,0.63398564,2.4840644e-100,882,Kranz2022_expression_compendium_Zenodo6842664
cg2092,cg2844,sigA,pstA,0.32160327,0.32160327,2.3122767e-14,536,Kranz2022_expression_compendium_Zenodo6842664
cg2092,cg2868,sigA,nuc,0.3955168,0.3955168,1.5894538e-28,724,Kranz2022_expression_compendium_Zenodo6842664
cg2092,cg2884,sigA,,0.12414913,0.12414913,0.013190901,398,Kranz2022_expression_compendium_Zenodo6842664
cg2092,cg2885,sigA,bioA,0.20781427,0.20781427,0.00040352611,286,Kranz2022_expression_compendium_Zenodo6842664
cg2092,cg2886,sigA,bioD,0.17982788,0.17982788,0.00077851863,346,Kranz2022_expression_compendium_Zenodo6842664
cg2092,cg2887,sigA,cgtS3,0.69369146,0.69369146,1.5479123e-133,924,Kranz2022_expression_compendium_Zenodo6842664
cg2092,cg2891,sigA,poxB,0.7324611,0.7324611,8.5394529e-158,934,Kranz2022_expression_compendium_Zenodo6842664
cg2092,cg2895,sigA,,0.520456,0.520456,1.0511588e-53,756,Kranz2022_expression_compendium_Zenodo6842664
cg2092,cg2899,sigA,,0.23081648,0.23081648,6.8784295e-08,534,Kranz2022_expression_compendium_Zenodo6842664
cg2092,cg2905,sigA,thrE,0.68671153,0.68671153,9.6218711e-124,880,Kranz2022_expression_compendium_Zenodo6842664
cg2092,cg2911,sigA,,0.5197407,0.5197407,2.7699185e-63,898,Kranz2022_expression_compendium_Zenodo6842664
cg2092,cg2925,sigA,ptsS,0.72802341,0.72802341,2.6967748e-156,942,Kranz2022_expression_compendium_Zenodo6842664
cg2092,cg2928,sigA,nagB,0.84916137,0.84916137,1.2778515e-280,1006,Kranz2022_expression_compendium_Zenodo6842664
cg2092,cg2929,sigA,nagA1,0.81956502,0.81956502,4.2873675e-244,1002,Kranz2022_expression_compendium_Zenodo6842664
cg2092,cg2974,sigA,lysS,0.83668527,0.83668527,1.2665922e-261,994,Kranz2022_expression_compendium_Zenodo6842664
cg2092,cg3011,sigA,groEL,0.71434436,0.71434436,8.5784585e-154,980,Kranz2022_expression_compendium_Zenodo6842664
cg2092,cg3042,sigA,,0.77925698,0.77925698,5.37869e-195,952,Kranz2022_expression_compendium_Zenodo6842664
cg2092,cg3068,sigA,fda,0.24966575,0.24966575,4.0194498e-11,680,Kranz2022_expression_compendium_Zenodo6842664
cg2092,cg3079,sigA,clpB,0.72759223,0.72759223,2.1180892e-153,926,Kranz2022_expression_compendium_Zenodo6842664
cg2092,cg3096,sigA,,0.6153449,0.6153449,6.3262055e-102,968,Kranz2022_expression_compendium_Zenodo6842664
cg2092,cg3098,sigA,dnaJ,0.669528,0.669528,7.5927552e-111,844,Kranz2022_expression_compendium_Zenodo6842664
cg2092,cg3100,sigA,dnaK,0.70474966,0.70474966,2.2207284e-144,956,Kranz2022_expression_compendium_Zenodo6842664
cg2092,cg3107,sigA,adhA,0.58301908,0.58301908,3.9427783e-88,956,Kranz2022_expression_compendium_Zenodo6842664
cg2092,cg3110,sigA,,0.33537402,0.33537402,5.095514e-20,706,Kranz2022_expression_compendium_Zenodo6842664
cg2092,cg3112,sigA,,0.68213004,0.68213004,1.4389014e-131,954,Kranz2022_expression_compendium_Zenodo6842664
cg2092,cg3113,sigA,,0.76487849,0.76487849,3.1126706e-188,976,Kranz2022_expression_compendium_Zenodo6842664
cg2092,cg3114,sigA,cysN,0.71915917,0.71915917,5.0049963e-159,994,Kranz2022_expression_compendium_Zenodo6842664
cg2092,cg3115,sigA,cysD,0.73753456,0.73753456,1.0876162e-172,1002,Kranz2022_expression_compendium_Zenodo6842664
cg2092,cg3116,sigA,cysH,0.7576077,0.7576077,9.647946e-187,998,Kranz2022_expression_compendium_Zenodo6842664
cg2092,cg3117,sigA,,0.72406263,0.72406263,6.8993035e-162,992,Kranz2022_expression_compendium_Zenodo6842664
cg2092,cg3118,sigA,cysI,0.76689354,0.76689354,9.6497967e-192,986,Kranz2022_expression_compendium_Zenodo6842664
cg2092,cg3119,sigA,cysJ,0.68654279,0.68654279,9.6443152e-140,996,Kranz2022_expression_compendium_Zenodo6842664
cg2092,cg3125,sigA,,0.38682897,0.38682897,1.0740549e-25,680,Kranz2022_expression_compendium_Zenodo6842664
cg2092,cg3126,sigA,,0.3416973,0.3416973,1.5988391e-15,514,Kranz2022_expression_compendium_Zenodo6842664
cg2092,cg3127,sigA,,0.44595573,0.44595573,2.4117142e-34,676,Kranz2022_expression_compendium_Zenodo6842664
cg2092,cg3133,sigA,,0.26526734,0.26526734,6.0467121e-09,466,Kranz2022_expression_compendium_Zenodo6842664
cg2092,cg3138,sigA,,0.74400286,0.74400286,2.7180894e-170,962,Kranz2022_expression_compendium_Zenodo6842664
cg2092,cg3139,sigA,,0.66709916,0.66709916,5.6969949e-118,908,Kranz2022_expression_compendium_Zenodo6842664
cg2092,cg3148,sigA,,0.18632431,0.18632431,8.7547762e-05,438,Kranz2022_expression_compendium_Zenodo6842664
cg2092,cg3151,sigA,tnp2b(ISCg2b),0.38828769,0.38828769,1.1328412e-23,618,Kranz2022_expression_compendium_Zenodo6842664
cg2092,cg3153,sigA,,0.61896049,0.61896049,8.8551286e-82,762,Kranz2022_expression_compendium_Zenodo6842664
cg2092,cg3169,sigA,pck,0.679377,0.679377,1.9817178e-127,934,Kranz2022_expression_compendium_Zenodo6842664
cg2092,cg3192,sigA,,0.74558889,0.74558889,3.6511981e-173,972,Kranz2022_expression_compendium_Zenodo6842664
cg2092,cg3196,sigA,glf,0.78073126,0.78073126,7.6353873e-198,960,Kranz2022_expression_compendium_Zenodo6842664
cg2092,cg3216,sigA,gntP,0.6109528,0.6109528,3.2554559e-94,910,Kranz2022_expression_compendium_Zenodo6842664
cg2092,cg3219,sigA,ldh,0.583664,0.583664,2.3424256e-92,1000,Kranz2022_expression_compendium_Zenodo6842664
cg2092,cg3220,sigA,,0.13588946,0.13588946,0.0030320098,474,Kranz2022_expression_compendium_Zenodo6842664
cg2092,cg3221,sigA,,0.73379851,0.73379851,1.2815331e-154,910,Kranz2022_expression_compendium_Zenodo6842664
cg2092,cg3226,sigA,,0.47487045,0.47487045,8.1468561e-54,936,Kranz2022_expression_compendium_Zenodo6842664
cg2092,cg3227,sigA,lldA,0.61035423,0.61035423,2.6633768e-102,992,Kranz2022_expression_compendium_Zenodo6842664
cg2092,cg3237,sigA,sod,0.46291243,0.46291243,3.3172795e-49,904,Kranz2022_expression_compendium_Zenodo6842664
cg2092,cg3239,sigA,,0.10185238,0.10185238,0.10128176,260,Kranz2022_expression_compendium_Zenodo6842664
cg2092,cg3240,sigA,,0.13170914,0.13170914,0.016016045,334,Kranz2022_expression_compendium_Zenodo6842664
cg2092,cg3283,sigA,,0.48792971,0.48792971,4.8200303e-59,968,Kranz2022_expression_compendium_Zenodo6842664
cg2092,cg3335,sigA,mez,0.75547446,0.75547446,1.3612299e-179,968,Kranz2022_expression_compendium_Zenodo6842664
cg2092,cg3372,sigA,,0.70152713,0.70152713,5.5194603e-139,932,Kranz2022_expression_compendium_Zenodo6842664
cg2092,cg3374,sigA,,0.4861214,0.4861214,7.3914601e-46,752,Kranz2022_expression_compendium_Zenodo6842664
cg2092,cg3375,sigA,,0.21910457,0.21910457,1.8890379e-06,464,Kranz2022_expression_compendium_Zenodo6842664
cg2092,cg3376,sigA,,0.16431096,0.16431096,0.00010227863,554,Kranz2022_expression_compendium_Zenodo6842664
cg2092,cg3377,sigA,,0.42266934,0.42266934,4.2977436e-36,802,Kranz2022_expression_compendium_Zenodo6842664
cg2092,cg3395,sigA,proP,0.73135517,0.73135517,2.0235862e-158,942,Kranz2022_expression_compendium_Zenodo6842664
cg2092,cg3408,sigA,,0.36378119,0.36378119,7.6951565e-17,492,Kranz2022_expression_compendium_Zenodo6842664
cg2092,cg3429,sigA,,0.59617657,0.59617657,5.6109196e-82,840,Kranz2022_expression_compendium_Zenodo6842664
cg2092,cg3432,sigA,rpmH,0.68138386,0.68138386,5.6271791e-135,982,Kranz2022_expression_compendium_Zenodo6842664
cg2109,cg0310,oxyR,katA,0.73777558,0.73777558,3.9913413e-170,986,Kranz2022_expression_compendium_Zenodo6842664
cg2109,cg0375,oxyR,cyaB,0.69617232,0.69617232,4.3605291e-127,870,Kranz2022_expression_compendium_Zenodo6842664
cg2109,cg1292,oxyR,,0.64977753,0.64977753,1.7401896e-100,828,Kranz2022_expression_compendium_Zenodo6842664
cg2109,cg1298,oxyR,cydC,0.41291942,0.41291942,3.5159276e-31,724,Kranz2022_expression_compendium_Zenodo6842664
cg2109,cg1300,oxyR,cydB,0.62245821,0.62245821,7.0178339e-82,752,Kranz2022_expression_compendium_Zenodo6842664
cg2109,cg1301,oxyR,cydA,0.71064967,0.71064967,6.2762584e-121,780,Kranz2022_expression_compendium_Zenodo6842664
cg2109,cg1463,oxyR,gltS,0.76548516,0.76548516,2.2711652e-173,896,Kranz2022_expression_compendium_Zenodo6842664
cg2109,cg1464,oxyR,,0.40098981,0.40098981,1.9787939e-23,570,Kranz2022_expression_compendium_Zenodo6842664
cg2109,cg1469,oxyR,,0.72939518,0.72939518,4.3910382e-130,778,Kranz2022_expression_compendium_Zenodo6842664
cg2109,cg1695,oxyR,,0.83573839,0.83573839,3.4096659e-253,966,Kranz2022_expression_compendium_Zenodo6842664
cg2109,cg1746,oxyR,,0.6972155,0.6972155,6.3707983e-108,734,Kranz2022_expression_compendium_Zenodo6842664
cg2109,cg1761,oxyR,nifS2,0.67828533,0.67828533,9.4879775e-129,948,Kranz2022_expression_compendium_Zenodo6842664
cg2109,cg1763,oxyR,sufD,0.73656213,0.73656213,6.0137232e-169,984,Kranz2022_expression_compendium_Zenodo6842664
cg2109,cg1764,oxyR,sufB,0.69653706,0.69653706,7.2138754e-143,978,Kranz2022_expression_compendium_Zenodo6842664
cg2109,cg1765,oxyR,sufR,0.75301911,0.75301911,1.0606804e-180,984,Kranz2022_expression_compendium_Zenodo6842664
cg2109,cg1951,oxyR,tnp14a(ISCg14a),0.32213592,0.32213592,5.3189374e-07,232,Kranz2022_expression_compendium_Zenodo6842664
cg2109,cg1981,oxyR,,0.41095376,0.41095376,8.5213025e-28,648,Kranz2022_expression_compendium_Zenodo6842664
cg2109,cg1982,oxyR,,0.39126312,0.39126312,2.6667816e-19,488,Kranz2022_expression_compendium_Zenodo6842664
cg2109,cg1984,oxyR,,0.21963691,0.21963691,1.7809425e-06,464,Kranz2022_expression_compendium_Zenodo6842664
cg2109,cg2782,oxyR,ftn,0.53028495,0.53028495,1.8796411e-72,984,Kranz2022_expression_compendium_Zenodo6842664
cg2109,cg3327,oxyR,dps,0.72321749,0.72321749,2.2761449e-160,986,Kranz2022_expression_compendium_Zenodo6842664
cg2109,cg3395,oxyR,proP,0.73728977,0.73728977,3.0766007e-160,930,Kranz2022_expression_compendium_Zenodo6842664
cg2112,cg2786,,nrdE,0.49333717,0.49333717,2.3177679e-43,686,Kranz2022_expression_compendium_Zenodo6842664
cg2112,cg2789,,nrdH,0.51980484,0.51980484,5.1072891e-49,690,Kranz2022_expression_compendium_Zenodo6842664
cg2112,cg3087,,,0.55826614,0.55826614,8.6849537e-58,690,Kranz2022_expression_compendium_Zenodo6842664
cg2115,cg0441,sugR,lpd,0.7306667,0.7306667,2.4158246e-150,896,Kranz2022_expression_compendium_Zenodo6842664
cg2115,cg0637,sugR,betB,0.47473672,0.47473672,2.8787405e-33,568,Kranz2022_expression_compendium_Zenodo6842664
cg2115,cg0639,sugR,,0.57337575,0.57337575,1.3208046e-54,610,Kranz2022_expression_compendium_Zenodo6842664
cg2115,cg0641,sugR,fabG2,0.49999823,0.49999823,1.0005606e-31,480,Kranz2022_expression_compendium_Zenodo6842664
cg2115,cg0642,sugR,,0.50988349,0.50988349,4.2668818e-30,434,Kranz2022_expression_compendium_Zenodo6842664
cg2115,cg0644,sugR,,0.59036338,0.59036338,1.3538323e-49,514,Kranz2022_expression_compendium_Zenodo6842664
cg2115,cg0645,sugR,cytP,0.61683037,0.61683037,3.521082e-64,600,Kranz2022_expression_compendium_Zenodo6842664
cg2115,cg0738,sugR,dnaE2,0.61010061,0.61010061,1.3414024e-72,700,Kranz2022_expression_compendium_Zenodo6842664
cg2115,cg0782,sugR,dac,0.63129685,0.63129685,1.4887973e-77,686,Kranz2022_expression_compendium_Zenodo6842664
cg2115,cg0783,sugR,,0.7003295,0.7003295,2.1982479e-135,912,Kranz2022_expression_compendium_Zenodo6842664
cg2115,cg1111,sugR,eno,0.57970785,0.57970785,2.3427623e-83,916,Kranz2022_expression_compendium_Zenodo6842664
cg2115,cg1284,sugR,lipT,0.71305545,0.71305545,2.5771522e-136,872,Kranz2022_expression_compendium_Zenodo6842664
cg2115,cg1408,sugR,,0.7737439,0.7737439,6.6983309e-170,848,Kranz2022_expression_compendium_Zenodo6842664
cg2115,cg1449,sugR,,0.7512712,0.7512712,4.8831533e-166,910,Kranz2022_expression_compendium_Zenodo6842664
cg2115,cg1452,sugR,,0.80140126,0.80140126,2.5426718e-184,818,Kranz2022_expression_compendium_Zenodo6842664
cg2115,cg1537,sugR,ptsG,0.55466431,0.55466431,4.2290322e-73,892,Kranz2022_expression_compendium_Zenodo6842664
cg2115,cg1597,sugR,,0.77280579,0.77280579,1.1345005e-148,744,Kranz2022_expression_compendium_Zenodo6842664
cg2115,cg1773,sugR,ctaB,0.72149954,0.72149954,3.3838014e-137,848,Kranz2022_expression_compendium_Zenodo6842664
cg2115,cg1776,sugR,tal,0.6585298,0.6585298,1.0123438e-114,914,Kranz2022_expression_compendium_Zenodo6842664
cg2115,cg1778,sugR,zwf,0.68464854,0.68464854,1.1203296e-127,916,Kranz2022_expression_compendium_Zenodo6842664
cg2115,cg1791,sugR,gap,0.54857121,0.54857121,6.0647424e-73,914,Kranz2022_expression_compendium_Zenodo6842664
cg2115,cg1994,sugR,,0.39775535,0.39775535,2.8836757e-19,470,Kranz2022_expression_compendium_Zenodo6842664
cg2115,cg1999,sugR,,0.46234051,0.46234051,7.6486025e-36,652,Kranz2022_expression_compendium_Zenodo6842664
cg2115,cg2000,sugR,,0.70994886,0.70994886,1.6049982e-128,832,Kranz2022_expression_compendium_Zenodo6842664
cg2115,cg2118,sugR,fruR,0.76471088,0.76471088,8.1548042e-173,896,Kranz2022_expression_compendium_Zenodo6842664
cg2115,cg2119,sugR,pfkB,0.65198178,0.65198178,2.9483726e-111,910,Kranz2022_expression_compendium_Zenodo6842664
cg2115,cg2120,sugR,ptsF,0.63994194,0.63994194,1.3088324e-104,898,Kranz2022_expression_compendium_Zenodo6842664
cg2115,cg2121,sugR,ptsH,0.75304507,0.75304507,3.700754e-166,904,Kranz2022_expression_compendium_Zenodo6842664
cg2115,cg2262,sugR,ftsY,0.73950859,0.73950859,3.5087772e-135,776,Kranz2022_expression_compendium_Zenodo6842664
cg2115,cg2291,sugR,pyk,0.57886149,0.57886149,4.6053858e-83,916,Kranz2022_expression_compendium_Zenodo6842664
cg2115,cg2321,sugR,,0.7693638,0.7693638,7.8816173e-167,848,Kranz2022_expression_compendium_Zenodo6842664
cg2115,cg2322,sugR,,0.63213582,0.63213582,1.4015739e-103,918,Kranz2022_expression_compendium_Zenodo6842664
cg2115,cg2368,sugR,murC,0.74053795,0.74053795,3.4776313e-157,900,Kranz2022_expression_compendium_Zenodo6842664
cg2115,cg2796,sugR,,0.61417658,0.61417658,2.0447157e-67,638,Kranz2022_expression_compendium_Zenodo6842664
cg2115,cg2925,sugR,ptsS,0.60184458,0.60184458,3.232473e-88,884,Kranz2022_expression_compendium_Zenodo6842664
cg2115,cg3068,sugR,fda,0.40648627,0.40648627,3.9919813e-28,672,Kranz2022_expression_compendium_Zenodo6842664
cg2115,cg3095,sugR,,0.25098871,0.25098871,4.868747e-08,460,Kranz2022_expression_compendium_Zenodo6842664
cg2115,cg3133,sugR,,0.60448193,0.60448193,9.2412068e-48,466,Kranz2022_expression_compendium_Zenodo6842664
cg2115,cg3135,sugR,,0.73669823,0.73669823,2.4966491e-118,686,Kranz2022_expression_compendium_Zenodo6842664
cg2115,cg3219,sugR,ldh,0.55921866,0.55921866,1.7427764e-76,916,Kranz2022_expression_compendium_Zenodo6842664
cg2115,cg3365,sugR,rmpC,0.75936248,0.75936248,4.7725972e-166,880,Kranz2022_expression_compendium_Zenodo6842664
cg2115,cg3366,sugR,rmpA,0.7635341,0.7635341,7.7999092e-171,890,Kranz2022_expression_compendium_Zenodo6842664
cg2118,cg2119,fruR,pfkB,0.84739321,0.84739321,7.0516646e-263,950,Kranz2022_expression_compendium_Zenodo6842664
cg2118,cg2120,fruR,ptsF,0.80808247,0.80808247,1.6780394e-215,930,Kranz2022_expression_compendium_Zenodo6842664
cg2118,cg2121,fruR,ptsH,0.6535508,0.6535508,6.2390225e-113,918,Kranz2022_expression_compendium_Zenodo6842664
cg2118,cg2322,fruR,,0.68810173,0.68810173,3.3446681e-134,950,Kranz2022_expression_compendium_Zenodo6842664
cg2152,cg0297,clgR,,0.76624639,0.76624639,1.5627894e-168,868,Kranz2022_expression_compendium_Zenodo6842664
cg2152,cg0298,clgR,recR,0.60643332,0.60643332,6.7928612e-89,874,Kranz2022_expression_compendium_Zenodo6842664
cg2152,cg1016,clgR,betP,0.64654421,0.64654421,2.563542e-109,914,Kranz2022_expression_compendium_Zenodo6842664
cg2152,cg2126,clgR,,0.79667162,0.79667162,2.9814733e-197,894,Kranz2022_expression_compendium_Zenodo6842664
cg2152,cg2928,clgR,nagB,0.68697421,0.68697421,1.1878167e-131,936,Kranz2022_expression_compendium_Zenodo6842664
cg2152,cg2929,clgR,nagA1,0.64555358,0.64555358,3.1515053e-111,934,Kranz2022_expression_compendium_Zenodo6842664
cg2152,cg3180,clgR,,0.67130873,0.67130873,1.8481569e-119,904,Kranz2022_expression_compendium_Zenodo6842664
cg2152,cg3283,clgR,,0.61340013,0.61340013,8.9033334e-96,916,Kranz2022_expression_compendium_Zenodo6842664
cg2305,cg0096,hisD,,0.1792334,0.1792334,1.8843705e-06,698,Kranz2022_expression_compendium_Zenodo6842664
cg2305,cg0097,hisD,,0.072697972,0.072697972,0.12785808,440,Kranz2022_expression_compendium_Zenodo6842664
cg2305,cg1083,hisD,cgtS10,0.45717411,0.45717411,5.3248779e-44,828,Kranz2022_expression_compendium_Zenodo6842664
cg2305,cg1084,hisD,cgtR10,0.53809702,0.53809702,5.6959088e-72,944,Kranz2022_expression_compendium_Zenodo6842664
cg2305,cg1111,hisD,eno,0.67340692,0.67340692,1.6485153e-131,988,Kranz2022_expression_compendium_Zenodo6842664
cg2305,cg1296,hisD,,0.20705032,0.20705032,0.0020213353,220,Kranz2022_expression_compendium_Zenodo6842664
cg2305,cg1597,hisD,,0.61365208,0.61365208,5.2610586e-79,752,Kranz2022_expression_compendium_Zenodo6842664
cg2305,cg1606,hisD,pyrG,0.52491319,0.52491319,5.8059094e-51,702,Kranz2022_expression_compendium_Zenodo6842664
cg2305,cg1787,hisD,ppc,0.7818005,0.7818005,1.4747877e-199,964,Kranz2022_expression_compendium_Zenodo6842664
cg2305,cg1791,hisD,gap,0.58155061,0.58155061,2.284707e-91,998,Kranz2022_expression_compendium_Zenodo6842664
cg2305,cg2008,hisD,,0.21361876,0.21361876,2.4449153e-06,478,Kranz2022_expression_compendium_Zenodo6842664
cg2305,cg2009,hisD,,0.008599552,0.008599552,0.87783353,322,Kranz2022_expression_compendium_Zenodo6842664
cg2305,cg2162,hisD,,0.78324685,0.78324685,3.5194012e-182,874,Kranz2022_expression_compendium_Zenodo6842664
cg2305,cg2163,hisD,dapB,0.83542921,0.83542921,2.1388238e-254,972,Kranz2022_expression_compendium_Zenodo6842664
cg2305,cg2651,hisD,,0.24613852,0.24613852,9.9118133e-10,600,Kranz2022_expression_compendium_Zenodo6842664
cg2305,cg2891,hisD,poxB,0.71824601,0.71824601,5.6186518e-149,934,Kranz2022_expression_compendium_Zenodo6842664
cg2305,cg3068,hisD,fda,0.24743456,0.24743456,6.4564612e-11,678,Kranz2022_expression_compendium_Zenodo6842664
cg2305,cg3141,hisD,hmp,0.33769137,0.33769137,2.5382804e-18,632,Kranz2022_expression_compendium_Zenodo6842664
cg2305,cg3330,hisD,,0.41359822,0.41359822,1.4911432e-35,828,Kranz2022_expression_compendium_Zenodo6842664
cg2306,cg0198,,,0.17283798,0.17283798,0.0012480618,346,Kranz2022_expression_compendium_Zenodo6842664
cg2306,cg0199,,msmA,0.55720323,0.55720323,4.3349435e-67,808,Kranz2022_expression_compendium_Zenodo6842664
cg2306,cg0405,,,0.41830843,0.41830843,2.6102753e-26,588,Kranz2022_expression_compendium_Zenodo6842664
cg2306,cg0446,,sdhA,0.64421516,0.64421516,3.6725711e-117,990,Kranz2022_expression_compendium_Zenodo6842664
cg2306,cg0448,,,0.48706966,0.48706966,2.4365627e-58,960,Kranz2022_expression_compendium_Zenodo6842664
cg2306,cg0466,,,0.51362659,0.51362659,1.3684971e-53,778,Kranz2022_expression_compendium_Zenodo6842664
cg2306,cg0468,,,0.55541615,0.55541615,8.2212819e-56,674,Kranz2022_expression_compendium_Zenodo6842664
cg2306,cg0527,,glyR,0.23581205,0.23581205,8.9991539e-08,502,Kranz2022_expression_compendium_Zenodo6842664
cg2306,cg0530,,,0.6428466,0.6428466,4.835129e-100,848,Kranz2022_expression_compendium_Zenodo6842664
cg2306,cg0549,,,0.73169673,0.73169673,5.6586478e-167,992,Kranz2022_expression_compendium_Zenodo6842664
cg2306,cg0552,,menD,0.49254739,0.49254739,1.5406507e-40,642,Kranz2022_expression_compendium_Zenodo6842664
cg2306,cg0554,,,0.36674613,0.36674613,7.4347483e-17,484,Kranz2022_expression_compendium_Zenodo6842664
cg2306,cg0555,,,0.34448337,0.34448337,8.0130683e-16,516,Kranz2022_expression_compendium_Zenodo6842664
cg2306,cg0556,,ubiE,0.78598071,0.78598071,2.7013505e-184,874,Kranz2022_expression_compendium_Zenodo6842664
cg2306,cg0589,,,0.37624656,0.37624656,1.2085379e-31,900,Kranz2022_expression_compendium_Zenodo6842664
cg2306,cg0683,,,0.56575775,0.56575775,1.4115211e-72,844,Kranz2022_expression_compendium_Zenodo6842664
cg2306,cg0684,,papA,0.78328238,0.78328238,4.7646767e-202,970,Kranz2022_expression_compendium_Zenodo6842664
cg2306,cg0748,,,0.54115663,0.54115663,2.8587374e-50,644,Kranz2022_expression_compendium_Zenodo6842664
cg2306,cg0767,,,0.61066092,0.61066092,2.7634372e-80,774,Kranz2022_expression_compendium_Zenodo6842664
cg2306,cg0769,,,0.5884505,0.5884505,3.4753619e-72,762,Kranz2022_expression_compendium_Zenodo6842664
cg2306,cg0771,,irp1,0.61226948,0.61226948,9.572484e-87,832,Kranz2022_expression_compendium_Zenodo6842664
cg2306,cg0878,,whiB1(whcE),0.77596844,0.77596844,9.8549907e-197,974,Kranz2022_expression_compendium_Zenodo6842664
cg2306,cg0880,,,0.69490706,0.69490706,2.9177742e-117,806,Kranz2022_expression_compendium_Zenodo6842664
cg2306,cg0922,,,0.56769937,0.56769937,2.1629709e-66,764,Kranz2022_expression_compendium_Zenodo6842664
cg2306,cg0926,,,0.656329,0.656329,1.3393929e-106,856,Kranz2022_expression_compendium_Zenodo6842664
cg2306,cg0927,,,0.67343744,0.67343744,2.8735522e-126,948,Kranz2022_expression_compendium_Zenodo6842664
cg2306,cg1051,,,0.47886028,0.47886028,4.3897932e-37,624,Kranz2022_expression_compendium_Zenodo6842664
cg2306,cg1054,,mmpL2,0.62754325,0.62754325,6.1560568e-105,948,Kranz2022_expression_compendium_Zenodo6842664
cg2306,cg1059,,,0.30043669,0.30043669,5.145051e-12,506,Kranz2022_expression_compendium_Zenodo6842664
cg2306,cg1091,,,0.81090811,0.81090811,1.4554489e-226,966,Kranz2022_expression_compendium_Zenodo6842664
cg2306,cg1271,,sigE,0.75745015,0.75745015,2.1388932e-184,986,Kranz2022_expression_compendium_Zenodo6842664
cg2306,cg1418,,,0.63105811,0.63105811,2.515348e-86,766,Kranz2022_expression_compendium_Zenodo6842664
cg2306,cg1592,,,0.83287471,0.83287471,4.2226125e-257,994,Kranz2022_expression_compendium_Zenodo6842664
cg2306,cg1848,,,0.72378831,0.72378831,1.6356695e-157,966,Kranz2022_expression_compendium_Zenodo6842664
cg2306,cg1930,,,0.60552131,0.60552131,3.3262202e-81,800,Kranz2022_expression_compendium_Zenodo6842664
cg2306,cg1998,,cglIIR,0.63787139,0.63787139,5.7878559e-99,856,Kranz2022_expression_compendium_Zenodo6842664
cg2306,cg2115,,sugR,0.76924525,0.76924525,5.419257e-180,916,Kranz2022_expression_compendium_Zenodo6842664
cg2306,cg2187,,,0.064192607,0.064192607,0.078540874,752,Kranz2022_expression_compendium_Zenodo6842664
cg2306,cg2188,,,0.43054525,0.43054525,3.9823753e-27,570,Kranz2022_expression_compendium_Zenodo6842664
cg2306,cg2453,,,0.46734065,0.46734065,4.8765401e-36,640,Kranz2022_expression_compendium_Zenodo6842664
cg2306,cg2538,,,0.59946968,0.59946968,8.4769907e-80,806,Kranz2022_expression_compendium_Zenodo6842664
cg2306,cg2686,,,0.52522629,0.52522629,8.3038291e-47,642,Kranz2022_expression_compendium_Zenodo6842664
cg2306,cg2782,,ftn,0.52565707,0.52565707,3.8173957e-71,986,Kranz2022_expression_compendium_Zenodo6842664
cg2306,cg2796,,,0.4864254,0.4864254,1.1287371e-39,646,Kranz2022_expression_compendium_Zenodo6842664
cg2306,cg2797,,,0.34271952,0.34271952,9.9146628e-15,482,Kranz2022_expression_compendium_Zenodo6842664
cg2306,cg3084,,,0.3271398,0.3271398,4.9162364e-15,544,Kranz2022_expression_compendium_Zenodo6842664
cg2306,cg3085,,,0.77265166,0.77265166,1.6238449e-186,936,Kranz2022_expression_compendium_Zenodo6842664
cg2306,cg3112,,,0.66741849,0.66741849,1.6493038e-123,950,Kranz2022_expression_compendium_Zenodo6842664
cg2306,cg3113,,,0.70640207,0.70640207,3.0316444e-146,962,Kranz2022_expression_compendium_Zenodo6842664
cg2306,cg3114,,cysN,0.6761929,0.6761929,6.3173149e-132,980,Kranz2022_expression_compendium_Zenodo6842664
cg2306,cg3115,,cysD,0.69209683,0.69209683,9.2482246e-142,988,Kranz2022_expression_compendium_Zenodo6842664
cg2306,cg3116,,cysH,0.6955099,0.6955099,1.4422202e-142,980,Kranz2022_expression_compendium_Zenodo6842664
cg2306,cg3117,,,0.64006021,0.64006021,2.7119857e-114,982,Kranz2022_expression_compendium_Zenodo6842664
cg2306,cg3118,,cysI,0.71687444,0.71687444,1.9810315e-154,974,Kranz2022_expression_compendium_Zenodo6842664
cg2306,cg3119,,cysJ,0.69234343,0.69234343,9.1433398e-141,980,Kranz2022_expression_compendium_Zenodo6842664
cg2306,cg3156,,,0.25279212,0.25279212,7.6550923e-08,440,Kranz2022_expression_compendium_Zenodo6842664
cg2306,cg3247,,cgtR11(hrrA),0.71199687,0.71199687,4.8919136e-152,978,Kranz2022_expression_compendium_Zenodo6842664
cg2306,cg3327,,dps,0.64983777,0.64983777,1.3025171e-119,988,Kranz2022_expression_compendium_Zenodo6842664
cg2306,cg3394,,,0.23140685,0.23140685,2.5918951e-06,404,Kranz2022_expression_compendium_Zenodo6842664
cg2306,cg3404,,,0.51757207,0.51757207,9.0333486e-64,914,Kranz2022_expression_compendium_Zenodo6842664
cg2306,cg3412,,azlD,0.2355556,0.2355556,3.6590209e-06,378,Kranz2022_expression_compendium_Zenodo6842664
cg2306,cg3413,,azlC,0.35490018,0.35490018,1.880075e-25,810,Kranz2022_expression_compendium_Zenodo6842664
cg2306,cg4001,,,0.20818604,0.20818604,3.9321268e-05,384,Kranz2022_expression_compendium_Zenodo6842664
cg2318,cg0555,,,0.27606828,0.27606828,1.9172776e-10,514,Kranz2022_expression_compendium_Zenodo6842664
cg2318,cg0556,,ubiE,0.68609728,0.68609728,1.3124829e-122,874,Kranz2022_expression_compendium_Zenodo6842664
cg2318,cg0714,,dtxR,0.38344858,0.38344858,2.8904986e-21,566,Kranz2022_expression_compendium_Zenodo6842664
cg2318,cg0819,,,0.64591523,0.64591523,9.2267372e-98,818,Kranz2022_expression_compendium_Zenodo6842664
cg2318,cg0834,,,0.51464376,0.51464376,3.0442281e-67,978,Kranz2022_expression_compendium_Zenodo6842664
cg2318,cg0841,,,0.75763537,0.75763537,2.7182175e-172,920,Kranz2022_expression_compendium_Zenodo6842664
cg2318,cg0844,,,0.60231906,0.60231906,2.2726028e-89,894,Kranz2022_expression_compendium_Zenodo6842664
cg2318,cg0849,,rmlA2,0.67784456,0.67784456,2.2947757e-122,902,Kranz2022_expression_compendium_Zenodo6842664
cg2318,cg0898,,,0.54434782,0.54434782,3.1408932e-76,974,Kranz2022_expression_compendium_Zenodo6842664
cg2318,cg0899,,,0.54447403,0.54447403,2.3694571e-75,962,Kranz2022_expression_compendium_Zenodo6842664
cg2318,cg0997,,cgtS2,0.34636273,0.34636273,1.5404428e-15,500,Kranz2022_expression_compendium_Zenodo6842664
cg2318,cg1059,,,0.36765704,0.36765704,1.4124832e-17,504,Kranz2022_expression_compendium_Zenodo6842664
cg2318,cg1229,,,0.67662546,0.67662546,4.8582578e-118,874,Kranz2022_expression_compendium_Zenodo6842664
cg2318,cg1255,,,0.2833563,0.2833563,6.5289099e-12,566,Kranz2022_expression_compendium_Zenodo6842664
cg2318,cg1288,,,0.26684148,0.26684148,1.3896858e-07,378,Kranz2022_expression_compendium_Zenodo6842664
cg2318,cg1289,,,0.30354529,0.30354529,3.9376622e-11,454,Kranz2022_expression_compendium_Zenodo6842664
cg2318,cg1314,,putP,0.60687871,0.60687871,1.1795075e-98,970,Kranz2022_expression_compendium_Zenodo6842664
cg2318,cg1318,,,0.66949751,0.66949751,2.5022787e-103,786,Kranz2022_expression_compendium_Zenodo6842664
cg2318,cg1408,,,0.69673778,0.69673778,6.2552292e-126,860,Kranz2022_expression_compendium_Zenodo6842664
cg2318,cg1427,,,0.57837904,0.57837904,8.7171683e-73,802,Kranz2022_expression_compendium_Zenodo6842664
cg2318,cg1491,,,0.67303567,0.67303567,1.1177327e-112,846,Kranz2022_expression_compendium_Zenodo6842664
cg2318,cg1559,,,0.73443151,0.73443151,4.4966055e-160,940,Kranz2022_expression_compendium_Zenodo6842664
cg2318,cg1560,,uvrA,0.57371215,0.57371215,3.0062804e-56,628,Kranz2022_expression_compendium_Zenodo6842664
cg2318,cg1805,,priA,0.48335317,0.48335317,5.7865763e-38,626,Kranz2022_expression_compendium_Zenodo6842664
cg2318,cg1869,,ruvB,0.60010446,0.60010446,1.2973454e-65,658,Kranz2022_expression_compendium_Zenodo6842664
cg2318,cg1870,,ruvA,0.57922054,0.57922054,3.8836186e-64,702,Kranz2022_expression_compendium_Zenodo6842664
cg2318,cg1871,,ruvC,0.60995808,0.60995808,8.7120573e-75,722,Kranz2022_expression_compendium_Zenodo6842664
cg2318,cg1881,,,0.65837978,0.65837978,1.3142364e-118,946,Kranz2022_expression_compendium_Zenodo6842664
cg2318,cg1883,,,0.69769992,0.69769992,1.3230152e-138,944,Kranz2022_expression_compendium_Zenodo6842664
cg2318,cg1884,,,0.71081084,0.71081084,4.1444034e-146,944,Kranz2022_expression_compendium_Zenodo6842664
cg2318,cg1977,,,0.55121115,0.55121115,2.6647073e-67,832,Kranz2022_expression_compendium_Zenodo6842664
cg2318,cg2026,,,0.7182366,0.7182366,3.0751187e-144,904,Kranz2022_expression_compendium_Zenodo6842664
cg2318,cg2034,,,0.69338155,0.69338155,3.1053055e-130,902,Kranz2022_expression_compendium_Zenodo6842664
cg2318,cg2112,,,0.5829891,0.5829891,7.050651e-64,688,Kranz2022_expression_compendium_Zenodo6842664
cg2318,cg2277,,,0.59117578,0.59117578,2.5958218e-74,776,Kranz2022_expression_compendium_Zenodo6842664
cg2318,cg2279,,,0.62622113,0.62622113,6.6172773e-88,796,Kranz2022_expression_compendium_Zenodo6842664
cg2318,cg2317,,,0.56220161,0.56220161,3.1482295e-62,732,Kranz2022_expression_compendium_Zenodo6842664
cg2318,cg2348,,,0.59084858,0.59084858,7.0256548e-82,858,Kranz2022_expression_compendium_Zenodo6842664
cg2318,cg2349,,,0.46852501,0.46852501,3.9694389e-36,638,Kranz2022_expression_compendium_Zenodo6842664
cg2318,cg2369,,murG,0.73362357,0.73362357,3.2001124e-160,944,Kranz2022_expression_compendium_Zenodo6842664
cg2318,cg2614,,,0.46461047,0.46461047,1.7071888e-49,902,Kranz2022_expression_compendium_Zenodo6842664
cg2318,cg2690,,chrA,0.4732782,0.4732782,8.507126e-43,744,Kranz2022_expression_compendium_Zenodo6842664
cg2318,cg2757,,tnp15a(ISCg15a),0.31857846,0.31857846,1.9759951e-15,592,Kranz2022_expression_compendium_Zenodo6842664
cg2318,cg2969,,,0.5489063,0.5489063,6.4234325e-50,618,Kranz2022_expression_compendium_Zenodo6842664
cg2318,cg3028,,mrpF,0.67821326,0.67821326,1.0337411e-128,948,Kranz2022_expression_compendium_Zenodo6842664
cg2318,cg3265,,,0.33946286,0.33946286,1.4558933e-18,634,Kranz2022_expression_compendium_Zenodo6842664
cg2318,cg3345,,,0.49283995,0.49283995,7.5137149e-49,778,Kranz2022_expression_compendium_Zenodo6842664
cg2414,cg2202,cobT,,0.75179157,0.75179157,6.1414064e-90,488,Kranz2022_expression_compendium_Zenodo6842664
cg2414,cg2418,cobT,ilvE,0.76238443,0.76238443,1.4555106e-121,634,Kranz2022_expression_compendium_Zenodo6842664
cg2414,cg3247,cobT,cgtR11(hrrA),0.5217963,0.5217963,7.3342025e-50,696,Kranz2022_expression_compendium_Zenodo6842664
cg2489,cg2490,dnaG,,0.88056151,0.88056151,7.8172612e-193,590,Kranz2022_expression_compendium_Zenodo6842664
cg2500,cg2755,znR,,0.36809492,0.36809492,2.4685762e-08,216,Kranz2022_expression_compendium_Zenodo6842664
cg2516,cg0690,hrcA,groES,0.68781713,0.68781713,3.653379e-135,958,Kranz2022_expression_compendium_Zenodo6842664
cg2516,cg0691,hrcA,groEL',0.724324,0.724324,2.6906068e-154,944,Kranz2022_expression_compendium_Zenodo6842664
cg2516,cg1752,hrcA,int,0.39551408,0.39551408,7.8806452e-16,384,Kranz2022_expression_compendium_Zenodo6842664
cg2516,cg3011,hrcA,groEL,0.70544691,0.70544691,3.4664748e-144,952,Kranz2022_expression_compendium_Zenodo6842664
cg2536,cg0096,aecD,,0.52974514,0.52974514,6.9514842e-50,672,Kranz2022_expression_compendium_Zenodo6842664
cg2536,cg0097,aecD,,0.49198447,0.49198447,2.2282272e-26,410,Kranz2022_expression_compendium_Zenodo6842664
cg2536,cg0124,aecD,amn,0.76899035,0.76899035,4.0140308e-161,820,Kranz2022_expression_compendium_Zenodo6842664
cg2536,cg2358,aecD,,0.70400596,0.70400596,8.248087e-64,418,Kranz2022_expression_compendium_Zenodo6842664
cg2536,cg2359,aecD,ileS,0.65130711,0.65130711,1.1541477e-99,816,Kranz2022_expression_compendium_Zenodo6842664
cg2536,cg2360,aecD,,0.78076913,0.78076913,9.5126341e-156,754,Kranz2022_expression_compendium_Zenodo6842664
cg2536,cg2884,aecD,,0.41545606,0.41545606,8.6591208e-17,368,Kranz2022_expression_compendium_Zenodo6842664
cg2536,cg2885,aecD,bioA,0.48671132,0.48671132,1.3899816e-17,272,Kranz2022_expression_compendium_Zenodo6842664
cg2536,cg2886,aecD,bioD,0.63816832,0.63816832,2.2818037e-39,332,Kranz2022_expression_compendium_Zenodo6842664
cg2536,cg3192,aecD,,0.61434704,0.61434704,1.8835811e-86,822,Kranz2022_expression_compendium_Zenodo6842664
cg2627,cg1226,,pobB,0.52542709,0.52542709,5.146569e-45,616,Kranz2022_expression_compendium_Zenodo6842664
cg2627,cg1382,,glgE,0.53313941,0.53313941,1.1147839e-46,618,Kranz2022_expression_compendium_Zenodo6842664
cg2627,cg2628,,pcaI,0.87749655,0.87749655,9.0789369e-160,496,Kranz2022_expression_compendium_Zenodo6842664
cg2627,cg2629,,pcaB1,0.64232262,0.64232262,6.9114129e-74,624,Kranz2022_expression_compendium_Zenodo6842664
cg2627,cg2630,,pcaG,0.63279029,0.63279029,1.4867501e-69,610,Kranz2022_expression_compendium_Zenodo6842664
cg2627,cg2631,,pcaH,0.58041737,0.58041737,3.2197675e-56,610,Kranz2022_expression_compendium_Zenodo6842664
cg2641,cg2634,benR,catC,0.71968516,0.71968516,3.9460506e-104,646,Kranz2022_expression_compendium_Zenodo6842664
cg2641,cg2635,benR,catB,0.76658273,0.76658273,1.0726934e-128,660,Kranz2022_expression_compendium_Zenodo6842664
cg2641,cg2636,benR,catA1,0.57531731,0.57531731,6.4816747e-73,814,Kranz2022_expression_compendium_Zenodo6842664
cg2641,cg2637,benR,benA,0.56177103,0.56177103,3.6344712e-31,358,Kranz2022_expression_compendium_Zenodo6842664
cg2641,cg2638,benR,benB,0.53074669,0.53074669,1.4533236e-28,374,Kranz2022_expression_compendium_Zenodo6842664
cg2641,cg2639,benR,benC,0.63667215,0.63667215,2.9890549e-20,166,Kranz2022_expression_compendium_Zenodo6842664
cg2641,cg2923,benR,,0.63182456,0.63182456,1.1353459e-21,182,Kranz2022_expression_compendium_Zenodo6842664
cg2641,cg2925,benR,ptsS,0.57359564,0.57359564,9.6807541e-73,818,Kranz2022_expression_compendium_Zenodo6842664
cg2641,cg2927,benR,scrB,0.45747508,0.45747508,5.263102e-30,554,Kranz2022_expression_compendium_Zenodo6842664
cg2755,cg0055,,,0.78123828,0.78123828,2.8687062e-45,214,Kranz2022_expression_compendium_Zenodo6842664
cg2755,cg0057,,pknB,0.89668998,0.89668998,2.527675e-66,184,Kranz2022_expression_compendium_Zenodo6842664
cg2755,cg0059,,pknA,0.45301086,0.45301086,6.3992066e-12,208,Kranz2022_expression_compendium_Zenodo6842664
cg2755,cg0060,,pbpA,0.45384469,0.45384469,2.2601652e-12,216,Kranz2022_expression_compendium_Zenodo6842664
cg2755,cg0795,,,0.86455217,0.86455217,2.8006812e-56,184,Kranz2022_expression_compendium_Zenodo6842664
cg2755,cg0905,,psp2,0.70568792,0.70568792,3.1268412e-27,172,Kranz2022_expression_compendium_Zenodo6842664
cg2755,cg1447,,,0.68695034,0.68695034,1.5245324e-29,202,Kranz2022_expression_compendium_Zenodo6842664
cg2755,cg2911,,,0.61377941,0.61377941,2.4565856e-23,212,Kranz2022_expression_compendium_Zenodo6842664
cg2755,cg3220,,,0.80451122,0.80451122,4.8197466e-48,206,Kranz2022_expression_compendium_Zenodo6842664
cg2755,cg3221,,,0.51491583,0.51491583,5.0475796e-16,216,Kranz2022_expression_compendium_Zenodo6842664
cg2803,cg0350,,glxR,0.42462593,0.42462593,2.1039349e-29,640,Kranz2022_expression_compendium_Zenodo6842664
cg2803,cg2540,,,0.82992202,0.82992202,7.9979204e-129,502,Kranz2022_expression_compendium_Zenodo6842664
cg2803,cg2801,,crcB',0.71323508,0.71323508,1.2774262e-86,550,Kranz2022_expression_compendium_Zenodo6842664
cg2803,cg2802,,crcB,0.69467246,0.69467246,3.7328952e-80,548,Kranz2022_expression_compendium_Zenodo6842664
cg2898,cg2617,,vanB,0.12567096,0.12567096,0.0030463963,554,Kranz2022_expression_compendium_Zenodo6842664
cg2898,cg2618,,vanK,0.30554036,0.30554036,2.6209976e-12,502,Kranz2022_expression_compendium_Zenodo6842664
cg2898,cg2899,,,0.70077527,0.70077527,6.9882067e-64,424,Kranz2022_expression_compendium_Zenodo6842664
cg2907,cg1226,otsA,pobB,0.64426902,0.64426902,6.9441923e-104,876,Kranz2022_expression_compendium_Zenodo6842664
cg2907,cg1382,otsA,glgE,0.7193051,0.7193051,1.8183496e-152,952,Kranz2022_expression_compendium_Zenodo6842664
cg2907,cg2625,otsA,pcaF,0.67871718,0.67871718,2.7784675e-90,660,Kranz2022_expression_compendium_Zenodo6842664
cg2907,cg2626,otsA,pcaL,0.70652521,0.70652521,2.9206724e-125,822,Kranz2022_expression_compendium_Zenodo6842664
cg2907,cg2627,otsA,,0.52549843,0.52549843,5.1326859e-46,630,Kranz2022_expression_compendium_Zenodo6842664
cg2907,cg2628,otsA,pcaI,0.46209253,0.46209253,8.1732405e-30,538,Kranz2022_expression_compendium_Zenodo6842664
cg2907,cg2629,otsA,pcaB1,0.69732778,0.69732778,1.6145815e-126,862,Kranz2022_expression_compendium_Zenodo6842664
cg2907,cg2630,otsA,pcaG,0.63161567,0.63161567,7.7071718e-92,814,Kranz2022_expression_compendium_Zenodo6842664
cg2907,cg2631,otsA,pcaH,0.64932003,0.64932003,8.8857334e-101,832,Kranz2022_expression_compendium_Zenodo6842664
cg2907,cg2905,otsA,thrE,0.78501684,0.78501684,3.2731653e-185,882,Kranz2022_expression_compendium_Zenodo6842664
cg2907,cg2906,otsA,,0.64539858,0.64539858,6.6527414e-100,838,Kranz2022_expression_compendium_Zenodo6842664
cg2936,cg1977,nanR,,0.55181195,0.55181195,2.9427044e-65,804,Kranz2022_expression_compendium_Zenodo6842664
cg2936,cg2937,nanR,,0.57474227,0.57474227,3.4759364e-75,842,Kranz2022_expression_compendium_Zenodo6842664
cg2936,cg3239,nanR,,0.58624747,0.58624747,2.147293e-25,260,Kranz2022_expression_compendium_Zenodo6842664
cg2936,cg3240,nanR,,0.62054332,0.62054332,2.3221211e-37,338,Kranz2022_expression_compendium_Zenodo6842664
cg2936,cg3243,nanR,,0.60813588,0.60813588,6.9154508e-51,490,Kranz2022_expression_compendium_Zenodo6842664
cg2936,cg3244,nanR,,0.77441087,0.77441087,1.4697505e-173,864,Kranz2022_expression_compendium_Zenodo6842664
cg2936,cg3245,nanR,,0.6194579,0.6194579,5.3014464e-56,516,Kranz2022_expression_compendium_Zenodo6842664
cg2936,cg3247,nanR,cgtR11(hrrA),0.68828371,0.68828371,5.1803685e-122,862,Kranz2022_expression_compendium_Zenodo6842664
cg2936,cg3250,nanR,,0.53598973,0.53598973,4.5344661e-46,602,Kranz2022_expression_compendium_Zenodo6842664
cg2936,cg3251,nanR,,0.74598295,0.74598295,3.6183791e-151,846,Kranz2022_expression_compendium_Zenodo6842664
cg2936,cg3252,nanR,,0.77529177,0.77529177,1.3418028e-174,866,Kranz2022_expression_compendium_Zenodo6842664
cg2965,cg2966,,,0.84177513,0.84177513,3.9155988e-153,566,Kranz2022_expression_compendium_Zenodo6842664
cg3032,cg0802,,accBC,0.56396571,0.56396571,2.340334e-62,728,Kranz2022_expression_compendium_Zenodo6842664
cg3032,cg0812,,dtsR1,0.77804249,0.77804249,5.0251096e-196,962,Kranz2022_expression_compendium_Zenodo6842664
cg3032,cg0957,,fas-IB,0.81867042,0.81867042,6.2741832e-235,968,Kranz2022_expression_compendium_Zenodo6842664
cg3032,cg2743,,fas-IA,0.84608104,0.84608104,8.5971326e-256,930,Kranz2022_expression_compendium_Zenodo6842664
cg3063,cg0533,purA,menE,0.67908396,0.67908396,1.4390989e-92,676,Kranz2022_expression_compendium_Zenodo6842664
cg3063,cg0624,purA,,0.66169127,0.66169127,2.9986352e-57,444,Kranz2022_expression_compendium_Zenodo6842664
cg3063,cg1610,purA,parA2,0.87881065,0.87881065,3.8551763e-263,814,Kranz2022_expression_compendium_Zenodo6842664
cg3063,cg2290,purA,,0.60239121,0.60239121,5.4136472e-79,788,Kranz2022_expression_compendium_Zenodo6842664
cg3063,cg2674,purA,,0.83083189,0.83083189,4.4637751e-220,858,Kranz2022_expression_compendium_Zenodo6842664
cg3063,cg2676,purA,,0.71749924,0.71749924,1.4171095e-136,858,Kranz2022_expression_compendium_Zenodo6842664
cg3063,cg2959,purA,,0.74256814,0.74256814,1.7694062e-135,768,Kranz2022_expression_compendium_Zenodo6842664
cg3063,cg2962,purA,,0.70274342,0.70274342,5.2987018e-129,860,Kranz2022_expression_compendium_Zenodo6842664
cg3063,cg2963,purA,clpC,0.76101774,0.76101774,8.2695703e-167,878,Kranz2022_expression_compendium_Zenodo6842664
cg3063,cg3344,purA,,0.661455,0.661455,1.4857195e-101,798,Kranz2022_expression_compendium_Zenodo6842664
cg3083,cg0766,,icd,0.76487618,0.76487618,3.6143082e-172,892,Kranz2022_expression_compendium_Zenodo6842664
cg3083,cg1216,,nadA,0.79212679,0.79212679,1.323025e-195,904,Kranz2022_expression_compendium_Zenodo6842664
cg3083,cg1537,,ptsG,0.72287009,0.72287009,2.1737737e-144,888,Kranz2022_expression_compendium_Zenodo6842664
cg3083,cg1643,,gnd,0.84528534,0.84528534,7.4881835e-243,886,Kranz2022_expression_compendium_Zenodo6842664
cg3083,cg1776,,tal,0.78845812,0.78845812,6.9065468e-191,896,Kranz2022_expression_compendium_Zenodo6842664
cg3083,cg1778,,zwf,0.78274319,0.78274319,8.3464506e-189,908,Kranz2022_expression_compendium_Zenodo6842664
cg3083,cg1994,,,0.35849896,0.35849896,9.2354918e-16,472,Kranz2022_expression_compendium_Zenodo6842664
cg3083,cg1999,,,0.47705814,0.47705814,1.7917505e-38,654,Kranz2022_expression_compendium_Zenodo6842664
cg3083,cg2000,,,0.85261394,0.85261394,6.4358568e-234,824,Kranz2022_expression_compendium_Zenodo6842664
cg3083,cg2291,,pyk,0.75942849,0.75942849,5.9325857e-171,906,Kranz2022_expression_compendium_Zenodo6842664
cg3083,cg2732,,,0.35891928,0.35891928,9.6840051e-18,536,Kranz2022_expression_compendium_Zenodo6842664
cg3083,cg2925,,ptsS,0.74172473,0.74172473,9.7939791e-153,870,Kranz2022_expression_compendium_Zenodo6842664
cg3083,cg3169,,pck,0.77527503,0.77527503,1.386741e-176,876,Kranz2022_expression_compendium_Zenodo6842664
cg3083,cg3216,,gntP,0.66636666,0.66636666,5.5440069e-111,856,Kranz2022_expression_compendium_Zenodo6842664
cg3083,cg3335,,mez,0.7144885,0.7144885,1.1714121e-138,882,Kranz2022_expression_compendium_Zenodo6842664
cg3133,cg0444,,ramB,0.36659399,0.36659399,2.8647323e-16,466,Kranz2022_expression_compendium_Zenodo6842664
cg3133,cg0446,,sdhA,0.26646891,0.26646891,5.5369153e-09,464,Kranz2022_expression_compendium_Zenodo6842664
cg3133,cg0448,,,0.51285884,0.51285884,9.3660681e-33,468,Kranz2022_expression_compendium_Zenodo6842664
cg3133,cg0527,,glyR,0.76666108,0.76666108,1.1457933e-76,390,Kranz2022_expression_compendium_Zenodo6842664
cg3133,cg0530,,,0.58008475,0.58008475,1.9561597e-43,468,Kranz2022_expression_compendium_Zenodo6842664
cg3133,cg0759,,prpD2,0.3954604,0.3954604,4.5102046e-18,444,Kranz2022_expression_compendium_Zenodo6842664
cg3133,cg0762,,prpC2,0.31863964,0.31863964,9.5804472e-12,436,Kranz2022_expression_compendium_Zenodo6842664
cg3133,cg0868,,secA,0.24638985,0.24638985,8.65855e-08,460,Kranz2022_expression_compendium_Zenodo6842664
cg3133,cg0949,,gltA,0.26848536,0.26848536,4.5393867e-09,462,Kranz2022_expression_compendium_Zenodo6842664
cg3133,cg0952,,,0.41430431,0.41430431,1.1357941e-20,464,Kranz2022_expression_compendium_Zenodo6842664
cg3133,cg1037,,,0.34567218,0.34567218,1.5907709e-14,466,Kranz2022_expression_compendium_Zenodo6842664
cg3133,cg1039,,,0.70955296,0.70955296,2.7988763e-68,438,Kranz2022_expression_compendium_Zenodo6842664
cg3133,cg1041,,pdxK,0.65140599,0.65140599,7.462794e-58,468,Kranz2022_expression_compendium_Zenodo6842664
cg3133,cg1089,,,0.76011783,0.76011783,1.578549e-79,416,Kranz2022_expression_compendium_Zenodo6842664
cg3133,cg1157,,glpX,0.22787176,0.22787176,7.0246876e-07,464,Kranz2022_expression_compendium_Zenodo6842664
cg3133,cg1179,,,0.74500566,0.74500566,7.422802e-82,456,Kranz2022_expression_compendium_Zenodo6842664
cg3133,cg1182,,,0.63085471,0.63085471,1.1598825e-48,426,Kranz2022_expression_compendium_Zenodo6842664
cg3133,cg1216,,nadA,0.34629814,0.34629814,1.4166786e-14,466,Kranz2022_expression_compendium_Zenodo6842664
cg3133,cg1269,,,0.6602171,0.6602171,6.4805498e-58,452,Kranz2022_expression_compendium_Zenodo6842664
cg3133,cg1296,,,0.85244853,0.85244853,2.2776281e-59,206,Kranz2022_expression_compendium_Zenodo6842664
cg3133,cg1432,,ilvD,0.3452205,0.3452205,1.174409e-14,472,Kranz2022_expression_compendium_Zenodo6842664
cg3133,cg1537,,ptsG,0.37988118,0.37988118,1.630406e-17,468,Kranz2022_expression_compendium_Zenodo6842664
cg3133,cg1597,,,0.7165844,0.7165844,4.2442281e-72,450,Kranz2022_expression_compendium_Zenodo6842664
cg3133,cg1643,,gnd,0.39518332,0.39518332,1.0168234e-18,462,Kranz2022_expression_compendium_Zenodo6842664
cg3133,cg1776,,tal,0.26574762,0.26574762,6.5846085e-09,462,Kranz2022_expression_compendium_Zenodo6842664
cg3133,cg1778,,zwf,0.29982238,0.29982238,3.2240664e-11,470,Kranz2022_expression_compendium_Zenodo6842664
cg3133,cg1791,,gap,0.29887248,0.29887248,4.9865942e-11,464,Kranz2022_expression_compendium_Zenodo6842664
cg3133,cg1956,,recJ,0.19716414,0.19716414,1.7379081e-05,468,Kranz2022_expression_compendium_Zenodo6842664
cg3133,cg1957,,,0.6992513,0.6992513,3.5341168e-68,456,Kranz2022_expression_compendium_Zenodo6842664
cg3133,cg1959,,priP,0.58038051,0.58038051,3.0025011e-26,276,Kranz2022_expression_compendium_Zenodo6842664
cg3133,cg1994,,,0.63335844,0.63335844,1.4835199e-43,376,Kranz2022_expression_compendium_Zenodo6842664
cg3133,cg1999,,,0.60796007,0.60796007,2.0501879e-45,436,Kranz2022_expression_compendium_Zenodo6842664
cg3133,cg2000,,,0.62956086,0.62956086,1.351554e-52,464,Kranz2022_expression_compendium_Zenodo6842664
cg3133,cg2115,,sugR,0.60448193,0.60448193,9.2412068e-48,466,Kranz2022_expression_compendium_Zenodo6842664
cg3133,cg2121,,ptsH,0.44778999,0.44778999,2.3206858e-24,466,Kranz2022_expression_compendium_Zenodo6842664
cg3133,cg2192,,mqo,0.37991002,0.37991002,1.6205869e-17,468,Kranz2022_expression_compendium_Zenodo6842664
cg3133,cg2291,,pyk,0.31097085,0.31097085,5.3702196e-12,470,Kranz2022_expression_compendium_Zenodo6842664
cg3133,cg2321,,,0.62654566,0.62654566,9.5015806e-52,462,Kranz2022_expression_compendium_Zenodo6842664
cg3133,cg2421,,sucB,0.31369588,0.31369588,3.42503e-12,470,Kranz2022_expression_compendium_Zenodo6842664
cg3133,cg2559,,aceB,0.41112575,0.41112575,1.2822271e-19,446,Kranz2022_expression_compendium_Zenodo6842664
cg3133,cg2560,,aceA,0.26237865,0.26237865,1.7298483e-08,448,Kranz2022_expression_compendium_Zenodo6842664
cg3133,cg2612,,,0.63170913,0.63170913,2.2098807e-52,458,Kranz2022_expression_compendium_Zenodo6842664
cg3133,cg2837,,sucC,0.48000365,0.48000365,5.7368191e-27,444,Kranz2022_expression_compendium_Zenodo6842664
cg3133,cg2895,,,0.76502359,0.76502359,1.3769539e-84,434,Kranz2022_expression_compendium_Zenodo6842664
cg3133,cg3096,,,0.29336708,0.29336708,1.8366854e-10,454,Kranz2022_expression_compendium_Zenodo6842664
cg3133,cg3107,,adhA,0.24434718,0.24434718,1.3483876e-07,454,Kranz2022_expression_compendium_Zenodo6842664
cg3133,cg3138,,,0.40633906,0.40633906,7.1132987e-20,464,Kranz2022_expression_compendium_Zenodo6842664
cg3133,cg3169,,pck,0.34576125,0.34576125,2.0270568e-14,462,Kranz2022_expression_compendium_Zenodo6842664
cg3133,cg3219,,ldh,0.26338087,0.26338087,8.4060718e-09,464,Kranz2022_expression_compendium_Zenodo6842664
cg3133,cg3226,,,0.20564803,0.20564803,8.7374172e-06,460,Kranz2022_expression_compendium_Zenodo6842664
cg3133,cg3227,,lldA,0.17389779,0.17389779,0.00015634509,468,Kranz2022_expression_compendium_Zenodo6842664
cg3133,cg3271,,,0.80562923,0.80562923,3.3810917e-106,460,Kranz2022_expression_compendium_Zenodo6842664
cg3133,cg3335,,mez,0.29901122,0.29901122,4.880589e-11,464,Kranz2022_expression_compendium_Zenodo6842664
cg3133,cg3376,,,0.83103918,0.83103918,2.6032746e-97,376,Kranz2022_expression_compendium_Zenodo6842664
cg3133,cg3377,,,0.77015128,0.77015128,2.922071e-92,464,Kranz2022_expression_compendium_Zenodo6842664
cg3196,cg0085,glf,phoH1,0.39907486,0.39907486,1.6626008e-14,342,Kranz2022_expression_compendium_Zenodo6842664
cg3196,cg0397,glf,,0.45710051,0.45710051,6.354143e-25,456,Kranz2022_expression_compendium_Zenodo6842664
cg3196,cg0544,glf,,0.6335165,0.6335165,3.7208582e-62,542,Kranz2022_expression_compendium_Zenodo6842664
cg3196,cg0636,glf,,0.40214862,0.40214862,5.4523796e-18,426,Kranz2022_expression_compendium_Zenodo6842664
cg3196,cg1260,glf,dapE,0.73604717,0.73604717,1.603004e-164,960,Kranz2022_expression_compendium_Zenodo6842664
cg3196,cg1568,glf,ugpA,0.58038027,0.58038027,2.0490482e-66,724,Kranz2022_expression_compendium_Zenodo6842664
cg3196,cg1570,glf,ugpB,0.41201581,0.41201581,7.7300718e-11,230,Kranz2022_expression_compendium_Zenodo6842664
cg3196,cg1769,glf,ctaA,0.44934747,0.44934747,1.2763597e-08,146,Kranz2022_expression_compendium_Zenodo6842664
cg3196,cg1770,glf,,0.4680412,0.4680412,1.1432503e-15,262,Kranz2022_expression_compendium_Zenodo6842664
cg3196,cg1771,glf,qor,0.73965303,0.73965303,2.6159653e-157,904,Kranz2022_expression_compendium_Zenodo6842664
cg3196,cg2844,glf,pstA,0.51819639,0.51819639,1.7588532e-37,526,Kranz2022_expression_compendium_Zenodo6842664
cg3196,cg2868,glf,nuc,0.63443963,0.63443963,1.4057964e-82,722,Kranz2022_expression_compendium_Zenodo6842664
cg3196,cg2887,glf,cgtS3,0.70611512,0.70611512,9.0413188e-140,920,Kranz2022_expression_compendium_Zenodo6842664
cg3196,cg3148,glf,,0.41403379,0.41403379,3.7150378e-19,428,Kranz2022_expression_compendium_Zenodo6842664
cg3196,cg3151,glf,tnp2b(ISCg2b),0.56564554,0.56564554,3.2426297e-53,614,Kranz2022_expression_compendium_Zenodo6842664
cg3196,cg3153,glf,,0.76106817,0.76106817,3.8821286e-146,768,Kranz2022_expression_compendium_Zenodo6842664
cg3196,cg3393,glf,,0.038490119,0.038490119,0.44964835,388,Kranz2022_expression_compendium_Zenodo6842664
cg3202,cg1580,farR,argC,0.47625265,0.47625265,3.6743939e-54,936,Kranz2022_expression_compendium_Zenodo6842664
cg3202,cg1581,farR,argJ,0.54484222,0.54484222,1.777527e-73,936,Kranz2022_expression_compendium_Zenodo6842664
cg3202,cg1586,farR,argG,0.53877967,0.53877967,1.5809796e-73,962,Kranz2022_expression_compendium_Zenodo6842664
cg3202,cg1588,farR,argH,0.59123059,0.59123059,9.4529448e-89,930,Kranz2022_expression_compendium_Zenodo6842664
cg3202,cg1784,farR,ocd,0.26191227,0.26191227,2.4622541e-08,440,Kranz2022_expression_compendium_Zenodo6842664
cg3202,cg1785,farR,amt,0.3352823,0.3352823,2.4555599e-16,566,Kranz2022_expression_compendium_Zenodo6842664
cg3202,cg1786,farR,secG,0.56759764,0.56759764,2.9736386e-80,928,Kranz2022_expression_compendium_Zenodo6842664
cg3202,cg1787,farR,ppc,0.66326234,0.66326234,1.8315332e-121,950,Kranz2022_expression_compendium_Zenodo6842664
cg3202,cg2280,farR,gdh,0.43699001,0.43699001,5.7066791e-42,872,Kranz2022_expression_compendium_Zenodo6842664
cg3202,cg2893,farR,,0.2548651,0.2548651,9.6483887e-08,426,Kranz2022_expression_compendium_Zenodo6842664
cg3202,cg2895,farR,,0.42234684,0.42234684,1.0233545e-33,748,Kranz2022_expression_compendium_Zenodo6842664
cg3218,cg0044,,,0.58300617,0.58300617,1.1150582e-86,940,Kranz2022_expression_compendium_Zenodo6842664
cg3218,cg0046,,,0.49084399,0.49084399,3.4478027e-57,924,Kranz2022_expression_compendium_Zenodo6842664
cg3218,cg0062,,ppp,0.57981899,0.57981899,8.01161e-85,932,Kranz2022_expression_compendium_Zenodo6842664
cg3218,cg0533,,menE,0.29493393,0.29493393,2.5770632e-15,690,Kranz2022_expression_compendium_Zenodo6842664
cg3218,cg0624,,,0.36225423,0.36225423,2.1172045e-15,450,Kranz2022_expression_compendium_Zenodo6842664
cg3218,cg1610,,parA2,0.66821256,0.66821256,1.1674419e-106,816,Kranz2022_expression_compendium_Zenodo6842664
cg3218,cg3195,,,0.36960125,0.36960125,2.3829835e-31,926,Kranz2022_expression_compendium_Zenodo6842664
cg3218,cg3210,,,0.18913986,0.18913986,3.7231099e-06,590,Kranz2022_expression_compendium_Zenodo6842664
cg3218,cg3323,,,0.55837247,0.55837247,3.6470242e-78,940,Kranz2022_expression_compendium_Zenodo6842664
cg3224,cg2118,lldR,fruR,0.70072121,0.70072121,6.0088001e-138,928,Kranz2022_expression_compendium_Zenodo6842664
cg3224,cg2119,lldR,pfkB,0.7294931,0.7294931,3.3440956e-160,960,Kranz2022_expression_compendium_Zenodo6842664
cg3224,cg2120,lldR,ptsF,0.74422249,0.74422249,5.4751065e-168,948,Kranz2022_expression_compendium_Zenodo6842664
cg3224,cg3219,lldR,ldh,0.72022593,0.72022593,6.072442e-155,964,Kranz2022_expression_compendium_Zenodo6842664
cg3224,cg3226,lldR,,0.57785574,0.57785574,1.0255753e-82,916,Kranz2022_expression_compendium_Zenodo6842664
cg3224,cg3227,lldR,lldA,0.67560848,0.67560848,9.2517755e-130,966,Kranz2022_expression_compendium_Zenodo6842664
cg3239,cg3240,,,0.94289159,0.94289159,1.0581944e-113,236,Kranz2022_expression_compendium_Zenodo6842664
cg3247,cg0497,cgtR11(hrrA),hemA,0.60038099,0.60038099,1.399755e-91,924,Kranz2022_expression_compendium_Zenodo6842664
cg3247,cg0498,cgtR11(hrrA),hemC,0.74296102,0.74296102,1.03398e-172,980,Kranz2022_expression_compendium_Zenodo6842664
cg3247,cg0518,cgtR11(hrrA),hemL,0.65041247,0.65041247,6.8751372e-120,988,Kranz2022_expression_compendium_Zenodo6842664
cg3247,cg0523,cgtR11(hrrA),,0.61615606,0.61615606,1.4213298e-94,894,Kranz2022_expression_compendium_Zenodo6842664
cg3247,cg0524,cgtR11(hrrA),ccsB,0.58040745,0.58040745,1.9822077e-88,970,Kranz2022_expression_compendium_Zenodo6842664
cg3247,cg0603,cgtR11(hrrA),rpmC,0.38141739,0.38141739,5.1277667e-35,972,Kranz2022_expression_compendium_Zenodo6842664
cg3247,cg0604,cgtR11(hrrA),rpsQ,0.29521732,0.29521732,7.8795678e-17,764,Kranz2022_expression_compendium_Zenodo6842664
cg3247,cg0606,cgtR11(hrrA),,0.62762326,0.62762326,1.5525838e-104,944,Kranz2022_expression_compendium_Zenodo6842664
cg3247,cg0607,cgtR11(hrrA),,0.63052618,0.63052618,4.2601401e-107,956,Kranz2022_expression_compendium_Zenodo6842664
cg3247,cg0609,cgtR11(hrrA),rplX,0.61675586,0.61675586,1.9759066e-100,948,Kranz2022_expression_compendium_Zenodo6842664
cg3247,cg1951,cgtR11(hrrA),tnp14a(ISCg14a),0.34305421,0.34305421,9.4406395e-08,230,Kranz2022_expression_compendium_Zenodo6842664
cg3247,cg2201,cgtR11(hrrA),,0.38051789,0.38051789,1.7605666e-23,640,Kranz2022_expression_compendium_Zenodo6842664
cg3247,cg2403,cgtR11(hrrA),qcrB,0.57891194,0.57891194,9.0897015e-89,980,Kranz2022_expression_compendium_Zenodo6842664
cg3247,cg2404,cgtR11(hrrA),qcrA1,0.66031537,0.66031537,1.6025996e-123,978,Kranz2022_expression_compendium_Zenodo6842664
cg3247,cg2405,cgtR11(hrrA),qcrC,0.62808091,0.62808091,7.0551944e-109,982,Kranz2022_expression_compendium_Zenodo6842664
cg3247,cg2414,cgtR11(hrrA),cobT,0.5217963,0.5217963,7.3342025e-50,696,Kranz2022_expression_compendium_Zenodo6842664
cg3247,cg2639,cgtR11(hrrA),benC,0.37775625,0.37775625,8.4566235e-07,160,Kranz2022_expression_compendium_Zenodo6842664
cg3247,cg2686,cgtR11(hrrA),,0.48529989,0.48529989,3.0788822e-39,642,Kranz2022_expression_compendium_Zenodo6842664
cg3247,cg3079,cgtR11(hrrA),clpB,0.54206825,0.54206825,3.0470821e-71,918,Kranz2022_expression_compendium_Zenodo6842664
cg3253,cg0014,mcbR,,0.53473284,0.53473284,6.5643678e-49,644,Kranz2022_expression_compendium_Zenodo6842664
cg3253,cg0156,mcbR,cysR,0.84506416,0.84506416,7.4525598e-252,920,Kranz2022_expression_compendium_Zenodo6842664
cg3253,cg0736,mcbR,,0.72042423,0.72042423,1.0609834e-148,924,Kranz2022_expression_compendium_Zenodo6842664
cg3253,cg0842,mcbR,,0.78405923,0.78405923,7.4233179e-190,908,Kranz2022_expression_compendium_Zenodo6842664
cg3253,cg0843,mcbR,,0.78163958,0.78163958,7.9804497e-184,888,Kranz2022_expression_compendium_Zenodo6842664
cg3253,cg0862,mcbR,mtrA,0.75097251,0.75097251,6.8970272e-171,938,Kranz2022_expression_compendium_Zenodo6842664
cg3253,cg0864,mcbR,mtrB,0.67503976,0.67503976,1.7029968e-125,936,Kranz2022_expression_compendium_Zenodo6842664
cg3253,cg1151,mcbR,ssiE,0.38886676,0.38886676,1.5358641e-16,418,Kranz2022_expression_compendium_Zenodo6842664
cg3253,cg1152,mcbR,ssiF,0.4270225,0.4270225,1.0750441e-22,480,Kranz2022_expression_compendium_Zenodo6842664
cg3253,cg1298,mcbR,cydC,0.57769366,0.57769366,7.4205969e-66,726,Kranz2022_expression_compendium_Zenodo6842664
cg3253,cg1303,mcbR,,0.8130141,0.8130141,5.7217055e-216,912,Kranz2022_expression_compendium_Zenodo6842664
cg3253,cg1307,mcbR,,0.72827742,0.72827742,8.7347599e-157,944,Kranz2022_expression_compendium_Zenodo6842664
cg3253,cg1338,mcbR,thrB,0.79263632,0.79263632,4.9691764e-196,904,Kranz2022_expression_compendium_Zenodo6842664
cg3253,cg1380,mcbR,ssuA,0.47445022,0.47445022,1.3844245e-43,754,Kranz2022_expression_compendium_Zenodo6842664
cg3253,cg1387,mcbR,fixB,0.79501112,0.79501112,7.4831024e-206,940,Kranz2022_expression_compendium_Zenodo6842664
cg3253,cg1458,mcbR,,0.73581813,0.73581813,1.2235037e-160,938,Kranz2022_expression_compendium_Zenodo6842664
cg3253,cg1509,mcbR,,0.80309124,0.80309124,8.7872151e-212,934,Kranz2022_expression_compendium_Zenodo6842664
cg3253,cg1560,mcbR,uvrA,0.72079824,0.72079824,2.3057096e-102,632,Kranz2022_expression_compendium_Zenodo6842664
cg3253,cg1562,mcbR,,0.68768896,0.68768896,5.3044565e-105,742,Kranz2022_expression_compendium_Zenodo6842664
cg3253,cg1564,mcbR,rpmI,0.67550247,0.67550247,8.6600581e-127,944,Kranz2022_expression_compendium_Zenodo6842664
cg3253,cg1571,mcbR,ugpC,0.76414212,0.76414212,6.2039168e-174,904,Kranz2022_expression_compendium_Zenodo6842664
cg3253,cg1573,mcbR,tsnR,0.64255171,0.64255171,7.0858487e-107,908,Kranz2022_expression_compendium_Zenodo6842664
cg3253,cg1916,mcbR,,0.77719948,0.77719948,4.6963808e-184,906,Kranz2022_expression_compendium_Zenodo6842664
cg3253,cg1959,mcbR,priP,0.37286379,0.37286379,1.8910541e-13,364,Kranz2022_expression_compendium_Zenodo6842664
cg3253,cg2026,mcbR,,0.69744821,0.69744821,1.3109729e-128,876,Kranz2022_expression_compendium_Zenodo6842664
cg3253,cg2674,mcbR,,0.82551503,0.82551503,2.4126238e-218,872,Kranz2022_expression_compendium_Zenodo6842664
cg3253,cg2676,mcbR,,0.69052524,0.69052524,1.1921631e-125,880,Kranz2022_expression_compendium_Zenodo6842664
cg3253,cg2959,mcbR,,0.73831344,0.73831344,7.6736705e-134,772,Kranz2022_expression_compendium_Zenodo6842664
cg3253,cg2962,mcbR,,0.66776428,0.66776428,5.653855e-116,890,Kranz2022_expression_compendium_Zenodo6842664
cg3253,cg2963,mcbR,clpC,0.74382432,0.74382432,4.1501581e-162,916,Kranz2022_expression_compendium_Zenodo6842664
cg3253,cg2974,mcbR,lysS,0.68034501,0.68034501,9.7713402e-129,940,Kranz2022_expression_compendium_Zenodo6842664
cg3253,cg3112,mcbR,,0.70476902,0.70476902,8.0402616e-138,912,Kranz2022_expression_compendium_Zenodo6842664
cg3253,cg3113,mcbR,,0.72400387,0.72400387,1.5230873e-150,922,Kranz2022_expression_compendium_Zenodo6842664
cg3253,cg3114,mcbR,cysN,0.64565627,0.64565627,2.834239e-111,934,Kranz2022_expression_compendium_Zenodo6842664
cg3253,cg3115,mcbR,cysD,0.64851342,0.64851342,2.8232497e-113,940,Kranz2022_expression_compendium_Zenodo6842664
cg3253,cg3116,mcbR,cysH,0.66502279,0.66502279,8.4053545e-121,938,Kranz2022_expression_compendium_Zenodo6842664
cg3253,cg3117,mcbR,,0.64058876,0.64058876,1.462862e-108,930,Kranz2022_expression_compendium_Zenodo6842664
cg3253,cg3118,mcbR,cysI,0.69731601,0.69731601,1.7071645e-135,924,Kranz2022_expression_compendium_Zenodo6842664
cg3253,cg3119,mcbR,cysJ,0.67499924,0.67499924,6.0360611e-125,932,Kranz2022_expression_compendium_Zenodo6842664
cg3253,cg3132,mcbR,,0.58916122,0.58916122,9.6053133e-39,400,Kranz2022_expression_compendium_Zenodo6842664
cg3253,cg3135,mcbR,,0.68408466,0.68408466,2.934069e-95,682,Kranz2022_expression_compendium_Zenodo6842664
cg3253,cg3372,mcbR,,0.69502413,0.69502413,8.276372e-131,900,Kranz2022_expression_compendium_Zenodo6842664
cg3253,cg3373,mcbR,,0.68973353,0.68973353,6.8732932e-113,792,Kranz2022_expression_compendium_Zenodo6842664
cg3253,cg3374,mcbR,,0.69735139,0.69735139,1.3696925e-110,752,Kranz2022_expression_compendium_Zenodo6842664
cg3253,cg3375,mcbR,,0.55116991,0.55116991,1.5235583e-38,468,Kranz2022_expression_compendium_Zenodo6842664
cg3254,cg2941,,,0.60451852,0.60451852,1.7566707e-30,292,Kranz2022_expression_compendium_Zenodo6842664
cg3261,cg3263,,,0.72595393,0.72595393,1.348681e-157,958,Kranz2022_expression_compendium_Zenodo6842664
cg3285,cg3280,cgtR9(copR),,0.67027251,0.67027251,1.8605974e-98,746,Kranz2022_expression_compendium_Zenodo6842664
cg3285,cg3281,cgtR9(copR),,0.63234746,0.63234746,5.3244564e-91,804,Kranz2022_expression_compendium_Zenodo6842664
cg3285,cg3282,cgtR9(copR),,0.57194923,0.57194923,2.6630305e-64,726,Kranz2022_expression_compendium_Zenodo6842664
cg3285,cg3284,cgtR9(copR),cgtS9,0.85479672,0.85479672,5.8993486e-152,528,Kranz2022_expression_compendium_Zenodo6842664
cg3285,cg3286,cgtR9(copR),,0.74234489,0.74234489,1.2589205e-141,804,Kranz2022_expression_compendium_Zenodo6842664
cg3285,cg3287,cgtR9(copR),,0.7920146,0.7920146,3.3894422e-173,800,Kranz2022_expression_compendium_Zenodo6842664
cg3285,cg3288,cgtR9(copR),,0.82068608,0.82068608,3.0998731e-175,714,Kranz2022_expression_compendium_Zenodo6842664
cg3285,cg3289,cgtR9(copR),,0.84005441,0.84005441,5.0042296e-187,698,Kranz2022_expression_compendium_Zenodo6842664
cg3315,cg3316,malR,,0.83926546,0.83926546,8.4903085e-239,896,Kranz2022_expression_compendium_Zenodo6842664
cg3315,cg3335,malR,mez,0.68438881,0.68438881,2.0447599e-134,966,Kranz2022_expression_compendium_Zenodo6842664
cg3352,cg0637,genR(nagR),betB,0.83337431,0.83337431,1.4641965e-121,466,Kranz2022_expression_compendium_Zenodo6842664
cg3352,cg0639,genR(nagR),,0.8298026,0.8298026,1.0773351e-124,486,Kranz2022_expression_compendium_Zenodo6842664
cg3352,cg0640,genR(nagR),fdxB,0.83530975,0.83530975,2.1223766e-129,492,Kranz2022_expression_compendium_Zenodo6842664
cg3352,cg0641,genR(nagR),fabG2,0.84289548,0.84289548,1.2003129e-115,424,Kranz2022_expression_compendium_Zenodo6842664
cg3352,cg0642,genR(nagR),,0.83399213,0.83399213,1.2969969e-98,376,Kranz2022_expression_compendium_Zenodo6842664
cg3352,cg0644,genR(nagR),,0.85487264,0.85487264,2.5322122e-126,438,Kranz2022_expression_compendium_Zenodo6842664
cg3352,cg0645,genR(nagR),cytP,0.86649979,0.86649979,6.4181574e-144,472,Kranz2022_expression_compendium_Zenodo6842664
cg3352,cg0738,genR(nagR),dnaE2,0.77176913,0.77176913,5.6705916e-100,500,Kranz2022_expression_compendium_Zenodo6842664
cg3352,cg3349,genR(nagR),,0.83522606,0.83522606,2.9280447e-114,434,Kranz2022_expression_compendium_Zenodo6842664
cg3352,cg3350,genR(nagR),hpaG,0.3630396,0.3630396,9.0719629e-18,524,Kranz2022_expression_compendium_Zenodo6842664
cg3352,cg3351,genR(nagR),nagI,0.87747181,0.87747181,2.642702e-162,504,Kranz2022_expression_compendium_Zenodo6842664
cg3352,cg3353,genR(nagR),benK2(genK),0.88319559,0.88319559,5.9488279e-104,312,Kranz2022_expression_compendium_Zenodo6842664
cg3352,cg3354,genR(nagR),,0.88911051,0.88911051,1.9197928e-151,442,Kranz2022_expression_compendium_Zenodo6842664
cg3373,cg3374,,,0.68121945,0.68121945,1.0505544e-97,708,Kranz2022_expression_compendium_Zenodo6842664
cg3373,cg3375,,,0.75563999,0.75563999,1.8358467e-85,456,Kranz2022_expression_compendium_Zenodo6842664
cg3388,cg3385,,catA3,0.80973674,0.80973674,9.4153648e-164,700,Kranz2022_expression_compendium_Zenodo6842664
cg3388,cg3386,,tcbF,0.86198781,0.86198781,6.7547386e-223,750,Kranz2022_expression_compendium_Zenodo6842664
cg3388,cg3387,,,0.80612186,0.80612186,3.7464527e-172,748,Kranz2022_expression_compendium_Zenodo6842664
cg3412,cg3084,azlD,,0.82166847,0.82166847,5.1185619e-85,342,Kranz2022_expression_compendium_Zenodo6842664
cg3412,cg3085,azlD,,0.41138309,0.41138309,7.1802465e-17,378,Kranz2022_expression_compendium_Zenodo6842664
cg3412,cg3413,azlD,azlC,0.62825096,0.62825096,2.286273e-41,364,Kranz2022_expression_compendium_Zenodo6842664
cg3420,cg0690,sigM,groES,0.2672496,0.2672496,1.5104235e-10,556,Kranz2022_expression_compendium_Zenodo6842664
cg3420,cg0691,sigM,groEL',0.27476528,0.27476528,5.5363137e-11,550,Kranz2022_expression_compendium_Zenodo6842664
cg3420,cg1696,sigM,,0.77644911,0.77644911,2.210013e-73,358,Kranz2022_expression_compendium_Zenodo6842664
cg3420,cg1761,sigM,nifS2,0.30221044,0.30221044,4.0299453e-13,552,Kranz2022_expression_compendium_Zenodo6842664
cg3420,cg1763,sigM,sufD,0.15337484,0.15337484,0.00029833082,552,Kranz2022_expression_compendium_Zenodo6842664
cg3420,cg1764,sigM,sufB,0.16174983,0.16174983,0.00013143859,554,Kranz2022_expression_compendium_Zenodo6842664
cg3420,cg1765,sigM,sufR,0.13685774,0.13685774,0.0012671449,552,Kranz2022_expression_compendium_Zenodo6842664
cg3420,cg1981,sigM,,0.53320031,0.53320031,1.2977751e-36,480,Kranz2022_expression_compendium_Zenodo6842664
cg3420,cg1982,sigM,,0.70728607,0.70728607,1.2062607e-64,418,Kranz2022_expression_compendium_Zenodo6842664
cg3420,cg1984,sigM,,0.60348953,0.60348953,3.115686e-42,412,Kranz2022_expression_compendium_Zenodo6842664
cg3420,cg3079,sigM,clpB,0.35941959,0.35941959,4.2985847e-18,546,Kranz2022_expression_compendium_Zenodo6842664
cg3420,cg3299,sigM,trxB1,0.52851043,0.52851043,4.8432518e-41,552,Kranz2022_expression_compendium_Zenodo6842664
cg3420,cg3408,sigM,,0.81628317,0.81628317,3.0786328e-100,414,Kranz2022_expression_compendium_Zenodo6842664
cg3420,cg3422,sigM,trxB,0.2927041,0.2927041,1.7406419e-12,558,Kranz2022_expression_compendium_Zenodo6842664
cg3420,cg3423,sigM,trxC,0.34612969,0.34612969,3.3195094e-17,560,Kranz2022_expression_compendium_Zenodo6842664
cg3420,cg3424,sigM,cwlM,0.24572324,0.24572324,5.9554702e-09,546,Kranz2022_expression_compendium_Zenodo6842664
cg3420,cg4004,sigM,,0.70545541,0.70545541,2.2517453e-80,526,Kranz2022_expression_compendium_Zenodo6842664
cg3429,cg2152,,clgR,0.64430869,0.64430869,6.7404894e-97,816,Kranz2022_expression_compendium_Zenodo6842664
cg3429,cg3011,,groEL,0.58701191,0.58701191,2.2053903e-78,834,Kranz2022_expression_compendium_Zenodo6842664
cg3429,cg3079,,clpB,0.55234596,0.55234596,3.7672542e-67,826,Kranz2022_expression_compendium_Zenodo6842664
cg3429,cg3098,,dnaJ,0.70260362,0.70260362,5.6424334e-118,786,Kranz2022_expression_compendium_Zenodo6842664
cg3429,cg3100,,dnaK,0.47546919,0.47546919,6.3742038e-47,810,Kranz2022_expression_compendium_Zenodo6842664
cg3429,cg3408,,,0.77863898,0.77863898,3.0620172e-101,492,Kranz2022_expression_compendium_Zenodo6842664
cg3429,cg3432,,rpmH,0.6640744,0.6640744,1.0905819e-107,838,Kranz2022_expression_compendium_Zenodo6842664
