TF_locusTag,TF_altLocusTag,TF_name,TF_role,TG_locusTag,TG_altLocusTag,TG_name,Operon,Binding_site,Role,Is_sigma_factor,Evidence,PMID,Source,evidence_score,confidence_label,strain_note,strain_group
cg0350,,glxR,Dual,cg3169,,pck,,TGTGANCNNNNNTCACA,A,no,ChIP-seq,23103979,Literature_ChIP_GlxR,1.0,HIGH,ATCC13032,ATCC13032
cg0350,,glxR,Dual,cg2560,,aceA,,TGTGANCNNNNNTCACA,A,no,ChIP-seq,23103979,Literature_ChIP_GlxR,1.0,HIGH,ATCC13032,ATCC13032
cg0350,,glxR,Dual,cg2559,,aceB,OP_cg2559,TGTGANCNNNNNTCACA,A,no,ChIP-seq,23103979,Literature_ChIP_GlxR,1.0,HIGH,ATCC13032,ATCC13032
cg0350,,glxR,Dual,cg3048,,pta,,TGTGANCNNNNNTCACA,A,no,ChIP-seq,23103979,Literature_ChIP_GlxR,1.0,HIGH,ATCC13032,ATCC13032
cg0350,,glxR,Dual,cg3335,,mez,,TGTGANCNNNNNTCACA,A,no,ChIP-seq,23103979,Literature_ChIP_GlxR,1.0,HIGH,ATCC13032,ATCC13032
cg0350,,glxR,Dual,cg0446,,sdhA,,,A,no,ChIP-seq,23103979,Literature_ChIP_GlxR,1.0,HIGH,ATCC13032,ATCC13032
cg0350,,glxR,Dual,cg1737,,acn,,TGTGANCNNNNNTCACA,R,no,ChIP-seq,23103979,Literature_ChIP_GlxR,1.0,HIGH,ATCC13032,ATCC13032
cg0350,,glxR,Dual,cg0229,,gltB,,TGTGANCNNNNNTCACA,A,no,ChIP-seq,23103979,Literature_ChIP_GlxR,1.0,HIGH,ATCC13032,ATCC13032
cg0350,,glxR,Dual,cg0230,,gltD,OP_cg0229,,A,no,ChIP-seq,23103979,Literature_ChIP_GlxR,1.0,HIGH,ATCC13032,ATCC13032
cg0350,,glxR,Dual,cg2429,,glnA,,TGTGANCNNNNNTCACA,A,no,ChIP-seq,23103979,Literature_ChIP_GlxR,1.0,HIGH,ATCC13032,ATCC13032
cg0350,,glxR,Dual,cg1120,,ripA,,TGTGANCNNNNNTCACA,R,no,ChIP-seq,23103979,Literature_ChIP_GlxR,1.0,HIGH,ATCC13032,ATCC13032
cg0350,,glxR,Dual,cg2103,,dtxR,,TGTGANCNNNNNTCACA,R,no,ChIP-seq,23103979,Literature_ChIP_GlxR,1.0,HIGH,ATCC13032,ATCC13032
cg0350,,glxR,Dual,cg2782,,ftn,,TGTGANCNNNNNTCACA,R,no,ChIP-seq,23103979,Literature_ChIP_GlxR,1.0,HIGH,ATCC13032,ATCC13032
cg0350,,glxR,Dual,cg2136,,gluA,,TGTGANCNNNNNTCACA,A,no,ChIP-seq,23103979,Literature_ChIP_GlxR,1.0,HIGH,ATCC13032,ATCC13032
cg0350,,glxR,Dual,cg2137,,gluB,OP_cg2136,,A,no,ChIP-seq,23103979,Literature_ChIP_GlxR,1.0,HIGH,ATCC13032,ATCC13032
cg0350,,glxR,Dual,cg2138,,gluC,OP_cg2136,,A,no,ChIP-seq,23103979,Literature_ChIP_GlxR,1.0,HIGH,ATCC13032,ATCC13032
cg0350,,glxR,Dual,cg2139,,gluD,OP_cg2136,,A,no,ChIP-seq,23103979,Literature_ChIP_GlxR,1.0,HIGH,ATCC13032,ATCC13032
cg0350,,glxR,Dual,cg2102,,sigB,,TGTGANCNNNNNTCACA,A,no,ChIP-seq,23103979,Literature_ChIP_GlxR,1.0,HIGH,ATCC13032,ATCC13032
cg0350,,glxR,Dual,cg0876,,sigH,,TGTGANCNNNNNTCACA,A,no,ChIP-seq,23103979,Literature_ChIP_GlxR,1.0,HIGH,ATCC13032,ATCC13032
cg0350,,glxR,Dual,cg0350,,glxR,,TGTGANCNNNNNTCACA,R,no,ChIP-seq,23103979,Literature_ChIP_GlxR,1.0,HIGH,ATCC13032,ATCC13032
cg0350,,glxR,Dual,cg3422,,trxB,,TGTGANCNNNNNTCACA,A,no,ChIP-seq,23103979,Literature_ChIP_GlxR,1.0,HIGH,ATCC13032,ATCC13032
cg0350,,glxR,Dual,cg0862,,mtrA,,TGTGANCNNNNNTCACA,A,no,ChIP-seq,23103979,Literature_ChIP_GlxR,1.0,HIGH,ATCC13032,ATCC13032
cg0350,,glxR,Dual,cg1274,,mrp,,TGTGANCNNNNNTCACA,A,no,ChIP-seq,23103979,Literature_ChIP_GlxR,1.0,HIGH,ATCC13032,ATCC13032
cg0350,,glxR,Dual,cg0310,,katA,,TGTGANCNNNNNTCACA,A,no,ChIP-seq,23103979,Literature_ChIP_GlxR,1.0,HIGH,ATCC13032,ATCC13032
cg0350,,glxR,Dual,cg1145,,fum,,TGTGANCNNNNNTCACA,A,no,ChIP-seq,23103979,Literature_ChIP_GlxR,1.0,HIGH,ATCC13032,ATCC13032
cg0350,,glxR,Dual,cg1785,,amt,,TGTGANCNNNNNTCACA,R,no,ChIP-seq,23103979,Literature_ChIP_GlxR,1.0,HIGH,ATCC13032,ATCC13032
cg0350,,glxR,Dual,cg2261,,amtB,,TGTGANCNNNNNTCACA,R,no,ChIP-seq,23103979,Literature_ChIP_GlxR,1.0,HIGH,ATCC13032,ATCC13032
cg0350,,glxR,Dual,cg2092,,sigA,,TGTGANCNNNNNTCACA,A,no,ChIP-seq,23103979,Literature_ChIP_GlxR,1.0,HIGH,ATCC13032,ATCC13032
cg0350,,glxR,Dual,cg1738,,acnR,,TGTGANCNNNNNTCACA,A,no,ChIP-seq,23103979,Literature_ChIP_GlxR,1.0,HIGH,ATCC13032,ATCC13032
cg2103,,dtxR,R,cg1120,,ripA,,TGTTAGTTAGTCAACTA,R,no,ChAP-seq,40338743,Literature_ChAP_DtxR,1.0,HIGH,ATCC13032,ATCC13032
cg2103,,dtxR,R,cg2782,,ftn,,TGTTAGTTAGTCAACTA,R,no,ChAP-seq,40338743,Literature_ChAP_DtxR,1.0,HIGH,ATCC13032,ATCC13032
cg2103,,dtxR,R,cg1762,,sufC,,TGTTAGTTAGTCAACTA,R,no,ChAP-seq,40338743,Literature_ChAP_DtxR,1.0,HIGH,ATCC13032,ATCC13032
cg2103,,dtxR,R,cg1763,,sufD,OP_cg1762,,R,no,ChAP-seq,40338743,Literature_ChAP_DtxR,1.0,HIGH,ATCC13032,ATCC13032
cg2103,,dtxR,R,cg1764,,sufB,OP_cg1762,,R,no,ChAP-seq,40338743,Literature_ChAP_DtxR,1.0,HIGH,ATCC13032,ATCC13032
cg2103,,dtxR,R,cg2445,,hmuO,,TGTTAGTTAGTCAACTA,R,no,ChAP-seq,40338743,Literature_ChAP_DtxR,1.0,HIGH,ATCC13032,ATCC13032
cg2103,,dtxR,R,cg2103,,dtxR,,TGTTAGTTAGTCAACTA,R,no,ChAP-seq,40338743,Literature_ChAP_DtxR,1.0,HIGH,ATCC13032,ATCC13032
cg2103,,dtxR,R,cg1737,,acn,,TGTTAGTTAGTCAACTA,R,no,ChAP-seq,40338743,Literature_ChAP_DtxR,1.0,HIGH,ATCC13032,ATCC13032
cg2103,,dtxR,R,cg0640,,fdxB,,TGTTAGTTAGTCAACTA,R,no,ChAP-seq,40338743,Literature_ChAP_DtxR,1.0,HIGH,ATCC13032,ATCC13032
cg2103,,dtxR,R,cg3275,,fdxA,,TGTTAGTTAGTCAACTA,R,no,ChAP-seq,40338743,Literature_ChAP_DtxR,1.0,HIGH,ATCC13032,ATCC13032
cg2103,,dtxR,R,cg0310,,katA,,TGTTAGTTAGTCAACTA,R,no,ChAP-seq,40338743,Literature_ChAP_DtxR,1.0,HIGH,ATCC13032,ATCC13032
cg2103,,dtxR,R,cg1734,,hemH,,TGTTAGTTAGTCAACTA,R,no,ChAP-seq,40338743,Literature_ChAP_DtxR,1.0,HIGH,ATCC13032,ATCC13032
cg2103,,dtxR,R,cg2517,,hemN,,TGTTAGTTAGTCAACTA,R,no,ChAP-seq,40338743,Literature_ChAP_DtxR,1.0,HIGH,ATCC13032,ATCC13032
cg2103,,dtxR,R,cg1773,,ctaB,,TGTTAGTTAGTCAACTA,R,no,ChAP-seq,40338743,Literature_ChAP_DtxR,1.0,HIGH,ATCC13032,ATCC13032
cg2103,,dtxR,R,cg1738,,acnR,,TGTTAGTTAGTCAACTA,R,no,ChAP-seq,40338743,Literature_ChAP_DtxR,1.0,HIGH,ATCC13032,ATCC13032
cg2103,,dtxR,R,cg0065,,,,,R,no,ChAP-seq,40338743,Literature_ChAP_DtxR,1.0,HIGH,ATCC13032,ATCC13032
cg2103,,dtxR,R,cg1881,,,,,R,no,ChAP-seq,40338743,Literature_ChAP_DtxR,1.0,HIGH,ATCC13032,ATCC13032
cg2103,,dtxR,R,cg2079,,,,,R,no,ChAP-seq,40338743,Literature_ChAP_DtxR,1.0,HIGH,ATCC13032,ATCC13032
cg2103,,dtxR,R,cg2556,,,,,R,no,ChAP-seq,40338743,Literature_ChAP_DtxR,1.0,HIGH,ATCC13032,ATCC13032
cg2103,,dtxR,R,cg1285,,,,,R,no,ChAP-seq,40338743,Literature_ChAP_DtxR,1.0,HIGH,ATCC13032,ATCC13032
cg2103,,dtxR,R,cg3049,,fprA,,TGTTAGTTAGTCAACTA,R,no,ChAP-seq,40338743,Literature_ChAP_DtxR,1.0,HIGH,ATCC13032,ATCC13032
cg0876,,sigH,A,cg3422,,trxB,,,A,yes,ChIP-seq,34663317,Literature_ChIP_OsnR_sigH,1.0,HIGH,ATCC13032,ATCC13032
cg0876,,sigH,A,cg3423,,trxC,OP_cg3422,,A,yes,ChIP-seq,34663317,Literature_ChIP_OsnR_sigH,1.0,HIGH,ATCC13032,ATCC13032
cg0876,,sigH,A,cg1236,,tpx,,,A,yes,ChIP-seq,34663317,Literature_ChIP_OsnR_sigH,1.0,HIGH,ATCC13032,ATCC13032
cg0876,,sigH,A,cg2736,,bcp,,,A,yes,ChIP-seq,34663317,Literature_ChIP_OsnR_sigH,1.0,HIGH,ATCC13032,ATCC13032
cg0876,,sigH,A,cg0310,,katA,,,A,yes,ChIP-seq,34663317,Literature_ChIP_OsnR_sigH,1.0,HIGH,ATCC13032,ATCC13032
cg0986,,amtR,R,cg1785,,amt,,AGAAATCCCCTACAGG,R,no,ChIP-seq,35223787,Literature_ChIP_AmtR,0.9,HIGH,cross-strain_ATCC14067,Strain_ATCC14067
cg0986,,amtR,R,cg2261,,amtB,,AGAAATCCCCTACAGG,R,no,ChIP-seq,35223787,Literature_ChIP_AmtR,0.9,HIGH,cross-strain_ATCC14067,Strain_ATCC14067
cg0986,,amtR,R,cg0229,,gltB,,AGAAATCCCCTACAGG,R,no,ChIP-seq,35223787,Literature_ChIP_AmtR,0.9,HIGH,cross-strain_ATCC14067,Strain_ATCC14067
cg0986,,amtR,R,cg0230,,gltD,OP_cg0229,,R,no,ChIP-seq,35223787,Literature_ChIP_AmtR,0.9,HIGH,cross-strain_ATCC14067,Strain_ATCC14067
cg0986,,amtR,R,cg2429,,glnA,,AGAAATCCCCTACAGG,R,no,ChIP-seq,35223787,Literature_ChIP_AmtR,0.9,HIGH,cross-strain_ATCC14067,Strain_ATCC14067
cg0986,,amtR,R,cg1463,,gltS,,AGAAATCCCCTACAGG,R,no,ChIP-seq,35223787,Literature_ChIP_AmtR,0.9,HIGH,cross-strain_ATCC14067,Strain_ATCC14067
cg0986,,amtR,R,cg0986,,amtR,,AGAAATCCCCTACAGG,R,no,ChIP-seq,35223787,Literature_ChIP_AmtR,0.9,HIGH,cross-strain_ATCC14067,Strain_ATCC14067
cg3315,,malR,R,cg0007,,gyrB,,,R,no,ChAP-seq,,Literature_ChAP_MalR,1.0,HIGH,ATCC13032,ATCC13032
cg3315,,malR,R,cg0009,,cg0009,,,R,no,ChAP-seq,,Literature_ChAP_MalR,1.0,HIGH,ATCC13032,ATCC13032
cg3315,,malR,R,cg0065,,cg0065,,,R,no,ChAP-seq,,Literature_ChAP_MalR,1.0,HIGH,ATCC13032,ATCC13032
cg3315,,malR,R,cg0077,,cg0077,,,R,no,ChAP-seq,,Literature_ChAP_MalR,1.0,HIGH,ATCC13032,ATCC13032
cg3315,,malR,R,cg0110,,lip2,,,R,no,ChAP-seq,,Literature_ChAP_MalR,1.0,HIGH,ATCC13032,ATCC13032
cg3315,,malR,R,cg0111,,cg0111,,,R,no,ChAP-seq,,Literature_ChAP_MalR,1.0,HIGH,ATCC13032,ATCC13032
cg3315,,malR,R,cg0120,,cg0120,,,R,no,ChAP-seq,,Literature_ChAP_MalR,1.0,HIGH,ATCC13032,ATCC13032
cg3315,,malR,R,srna,,srna,,,R,no,ChAP-seq,,Literature_ChAP_MalR,1.0,HIGH,ATCC13032,ATCC13032
cg3315,,malR,R,cg0235,,embC,,,R,no,ChAP-seq,,Literature_ChAP_MalR,1.0,HIGH,ATCC13032,ATCC13032
cg3315,,malR,R,cg0304,,cg0304,,,R,no,ChAP-seq,,Literature_ChAP_MalR,1.0,HIGH,ATCC13032,ATCC13032
cg3315,,malR,R,cg0305,,cg0305,,,R,no,ChAP-seq,,Literature_ChAP_MalR,1.0,HIGH,ATCC13032,ATCC13032
cg3315,,malR,R,cg0306,,lysC,,,R,no,ChAP-seq,,Literature_ChAP_MalR,1.0,HIGH,ATCC13032,ATCC13032
cg3315,,malR,R,cg0420,,cg0420,,,R,no,ChAP-seq,,Literature_ChAP_MalR,1.0,HIGH,ATCC13032,ATCC13032
cg3315,,malR,R,cg0423,,murB,,,R,no,ChAP-seq,,Literature_ChAP_MalR,1.0,HIGH,ATCC13032,ATCC13032
cg3315,,malR,R,cg0431,,cg0431,,,R,no,ChAP-seq,,Literature_ChAP_MalR,1.0,HIGH,ATCC13032,ATCC13032
cg3315,,malR,R,cg0438,,cg0438,,,R,no,ChAP-seq,,Literature_ChAP_MalR,1.0,HIGH,ATCC13032,ATCC13032
cg3315,,malR,R,cg0439,,cg0439,,,R,no,ChAP-seq,,Literature_ChAP_MalR,1.0,HIGH,ATCC13032,ATCC13032
cg3315,,malR,R,cg0611,,cg0611,,,R,no,ChAP-seq,,Literature_ChAP_MalR,1.0,HIGH,ATCC13032,ATCC13032
cg3315,,malR,R,cg0712,,cg0712,,,R,no,ChAP-seq,,Literature_ChAP_MalR,1.0,HIGH,ATCC13032,ATCC13032
cg3315,,malR,R,cg0722,,cg0722,,,R,no,ChAP-seq,,Literature_ChAP_MalR,1.0,HIGH,ATCC13032,ATCC13032
cg3315,,malR,R,cg0900,,cg0900,,,R,no,ChAP-seq,,Literature_ChAP_MalR,1.0,HIGH,ATCC13032,ATCC13032
cg3315,,malR,R,cg0957,,fas-IB,,,R,no,ChAP-seq,,Literature_ChAP_MalR,1.0,HIGH,ATCC13032,ATCC13032
cg3315,,malR,R,cg1090,,ggtB,,,R,no,ChAP-seq,,Literature_ChAP_MalR,1.0,HIGH,ATCC13032,ATCC13032
cg3315,,malR,R,cg1347,,cg1347,,,R,no,ChAP-seq,,Literature_ChAP_MalR,1.0,HIGH,ATCC13032,ATCC13032
cg3315,,malR,R,cg1454,,cg1454,,,R,no,ChAP-seq,,Literature_ChAP_MalR,1.0,HIGH,ATCC13032,ATCC13032
cg3315,,malR,R,cg1456,,cg1456,,,R,no,ChAP-seq,,Literature_ChAP_MalR,1.0,HIGH,ATCC13032,ATCC13032
cg3315,,malR,R,cg1475,,cg1475,,,R,no,ChAP-seq,,Literature_ChAP_MalR,1.0,HIGH,ATCC13032,ATCC13032
cg3315,,malR,R,cg1577,,cg1577,,,R,no,ChAP-seq,,Literature_ChAP_MalR,1.0,HIGH,ATCC13032,ATCC13032
cg3315,,malR,R,ig,,ig,,,R,no,ChAP-seq,,Literature_ChAP_MalR,1.0,HIGH,ATCC13032,ATCC13032
cg3315,,malR,R,cg1895,,cg1895,,,R,no,ChAP-seq,,Literature_ChAP_MalR,1.0,HIGH,ATCC13032,ATCC13032
cg3315,,malR,R,cg1905,,cg1905,,,R,no,ChAP-seq,,Literature_ChAP_MalR,1.0,HIGH,ATCC13032,ATCC13032
cg3315,,malR,R,cg1909,,cg1909,,,R,no,ChAP-seq,,Literature_ChAP_MalR,1.0,HIGH,ATCC13032,ATCC13032
cg3315,,malR,R,cg1911,,cg1911,,,R,no,ChAP-seq,,Literature_ChAP_MalR,1.0,HIGH,ATCC13032,ATCC13032
cg3315,,malR,R,cg1912,,cg1912,,,R,no,ChAP-seq,,Literature_ChAP_MalR,1.0,HIGH,ATCC13032,ATCC13032
cg3315,,malR,R,cg1929,,res,,,R,no,ChAP-seq,,Literature_ChAP_MalR,1.0,HIGH,ATCC13032,ATCC13032
cg3315,,malR,R,cg1946,,cg1946,,,R,no,ChAP-seq,,Literature_ChAP_MalR,1.0,HIGH,ATCC13032,ATCC13032
cg3315,,malR,R,cg1948,,cg1948,,,R,no,ChAP-seq,,Literature_ChAP_MalR,1.0,HIGH,ATCC13032,ATCC13032
cg3315,,malR,R,cg1967,,cg1967,,,R,no,ChAP-seq,,Literature_ChAP_MalR,1.0,HIGH,ATCC13032,ATCC13032
cg3315,,malR,R,cg1978,,cg1978,,,R,no,ChAP-seq,,Literature_ChAP_MalR,1.0,HIGH,ATCC13032,ATCC13032
cg3315,,malR,R,cg1997,,cglIR,,,R,no,ChAP-seq,,Literature_ChAP_MalR,1.0,HIGH,ATCC13032,ATCC13032
cg3315,,malR,R,cg2033,,cg2033,,,R,no,ChAP-seq,,Literature_ChAP_MalR,1.0,HIGH,ATCC13032,ATCC13032
cg3315,,malR,R,cg2069,,psp1,,,R,no,ChAP-seq,,Literature_ChAP_MalR,1.0,HIGH,ATCC13032,ATCC13032
cg3315,,malR,R,cg2083,,dxs,,,R,no,ChAP-seq,,Literature_ChAP_MalR,1.0,HIGH,ATCC13032,ATCC13032
cg3315,,malR,R,cg2181,,oppA,,,R,no,ChAP-seq,,Literature_ChAP_MalR,1.0,HIGH,ATCC13032,ATCC13032
cg3315,,malR,R,cg2256,,cg2256,,,R,no,ChAP-seq,,Literature_ChAP_MalR,1.0,HIGH,ATCC13032,ATCC13032
cg3315,,malR,R,cg2334,,ilvA,,,R,no,ChAP-seq,,Literature_ChAP_MalR,1.0,HIGH,ATCC13032,ATCC13032
cg3315,,malR,R,cg2336,,cg2336,,,R,no,ChAP-seq,,Literature_ChAP_MalR,1.0,HIGH,ATCC13032,ATCC13032
cg3315,,malR,R,cg2340,,cg2340,,,R,no,ChAP-seq,,Literature_ChAP_MalR,1.0,HIGH,ATCC13032,ATCC13032
cg3315,,malR,R,cg2377,,mraW,,,R,no,ChAP-seq,,Literature_ChAP_MalR,1.0,HIGH,ATCC13032,ATCC13032
cg3315,,malR,R,cg2430,,cg2430,,,R,no,ChAP-seq,,Literature_ChAP_MalR,1.0,HIGH,ATCC13032,ATCC13032
cg3315,,malR,R,cg2499,,glyS,,,R,no,ChAP-seq,,Literature_ChAP_MalR,1.0,HIGH,ATCC13032,ATCC13032
cg3315,,malR,R,cg2500,,znR,,,R,no,ChAP-seq,,Literature_ChAP_MalR,1.0,HIGH,ATCC13032,ATCC13032
cg3315,,malR,R,cg2610,,cg2610,,,R,no,ChAP-seq,,Literature_ChAP_MalR,1.0,HIGH,ATCC13032,ATCC13032
cg3315,,malR,R,cg2651,,cg2651,,,R,no,ChAP-seq,,Literature_ChAP_MalR,1.0,HIGH,ATCC13032,ATCC13032
cg3315,,malR,R,cg2665,,cg2665,,,R,no,ChAP-seq,,Literature_ChAP_MalR,1.0,HIGH,ATCC13032,ATCC13032
cg3315,,malR,R,cg2666,,cg2666,,,R,no,ChAP-seq,,Literature_ChAP_MalR,1.0,HIGH,ATCC13032,ATCC13032
cg3315,,malR,R,cg2720,,lppS,,,R,no,ChAP-seq,,Literature_ChAP_MalR,1.0,HIGH,ATCC13032,ATCC13032
cg3315,,malR,R,cg2772,,clpS,,,R,no,ChAP-seq,,Literature_ChAP_MalR,1.0,HIGH,ATCC13032,ATCC13032
cg3315,,malR,R,cg2773,,cg2773,,,R,no,ChAP-seq,,Literature_ChAP_MalR,1.0,HIGH,ATCC13032,ATCC13032
cg3315,,malR,R,cg2903,,cg2903,,,R,no,ChAP-seq,,Literature_ChAP_MalR,1.0,HIGH,ATCC13032,ATCC13032
cg3315,,malR,R,cg2904,,cg2904,,,R,no,ChAP-seq,,Literature_ChAP_MalR,1.0,HIGH,ATCC13032,ATCC13032
cg3315,,malR,R,cg2910,,ipsA,,,R,no,ChAP-seq,,Literature_ChAP_MalR,1.0,HIGH,ATCC13032,ATCC13032
cg3315,,malR,R,cg2911,,znuA1,,,R,no,ChAP-seq,,Literature_ChAP_MalR,1.0,HIGH,ATCC13032,ATCC13032
cg3315,,malR,R,cg2962,,cg2962,,,R,no,ChAP-seq,,Literature_ChAP_MalR,1.0,HIGH,ATCC13032,ATCC13032
cg3315,,malR,R,cg3057,,cg3057,,,R,no,ChAP-seq,,Literature_ChAP_MalR,1.0,HIGH,ATCC13032,ATCC13032
cg3315,,malR,R,cg3179,,fadD2,,,R,no,ChAP-seq,,Literature_ChAP_MalR,1.0,HIGH,ATCC13032,ATCC13032
cg3315,,malR,R,cg3219,,ldh,,,R,no,ChAP-seq,,Literature_ChAP_MalR,1.0,HIGH,ATCC13032,ATCC13032
cg3315,,malR,R,cg3220,,cg3220,,,R,no,ChAP-seq,,Literature_ChAP_MalR,1.0,HIGH,ATCC13032,ATCC13032
cg3315,,malR,R,cg3231,,cg3231,,,R,no,ChAP-seq,,Literature_ChAP_MalR,1.0,HIGH,ATCC13032,ATCC13032
cg3315,,malR,R,cg3304,,dnaB,,,R,no,ChAP-seq,,Literature_ChAP_MalR,1.0,HIGH,ATCC13032,ATCC13032
cg3315,,malR,R,cg3315,,malR,,,R,no,ChAP-seq,,Literature_ChAP_MalR,1.0,HIGH,ATCC13032,ATCC13032
cg3315,,malR,R,cg3335,,mez,,,R,no,ChAP-seq,,Literature_ChAP_MalR,1.0,HIGH,ATCC13032,ATCC13032
cg3315,,malR,R,cg3343,,cg3343,,,R,no,ChAP-seq,,Literature_ChAP_MalR,1.0,HIGH,ATCC13032,ATCC13032
cg3315,,malR,R,cg3344,,cg3344,,,R,no,ChAP-seq,,Literature_ChAP_MalR,1.0,HIGH,ATCC13032,ATCC13032
cg2103,,dtxR,R,ncgl0005,,gyrB,,,R,no,ChAP-seq,40338743,Literature_ChAP_DtxR_2025,1.0,HIGH,ATCC13032;cond=iron_excess,ATCC13032
cg2103,,dtxR,R,ncgl0027,,znuB2,,,R,no,ChAP-seq,40338743,Literature_ChAP_DtxR_2025,1.0,HIGH,ATCC13032;cond=iron_excess,ATCC13032
cg2103,,dtxR,R,ncgl0097,,ncgl0097,,,R,no,ChAP-seq,40338743,Literature_ChAP_DtxR_2025,1.0,HIGH,ATCC13032;cond=heme,ATCC13032
cg2103,,dtxR,R,ncgl0123,,ncgl0123,,,R,no,ChAP-seq,40338743,Literature_ChAP_DtxR_2025,1.0,HIGH,ATCC13032;cond=iron_excess,ATCC13032
cg2103,,dtxR,R,ncgl0168,,oxiB,,,R,no,ChAP-seq,40338743,Literature_ChAP_DtxR_2025,1.0,HIGH,ATCC13032;cond=iron_excess,ATCC13032
cg2103,,dtxR,R,ncgl0176,,ncgl0176,,,R,no,ChAP-seq,40338743,Literature_ChAP_DtxR_2025,1.0,HIGH,ATCC13032;cond=iron_excess,ATCC13032
cg2103,,dtxR,R,ncgl0193,,ncgl0193,,,R,no,ChAP-seq,40338743,Literature_ChAP_DtxR_2025,1.0,HIGH,ATCC13032;cond=iron_excess+heme,ATCC13032
cg2103,,dtxR,R,ncgl0325,,rmlA1,,,R,no,ChAP-seq,40338743,Literature_ChAP_DtxR_2025,1.0,HIGH,ATCC13032;cond=heme,ATCC13032
cg2103,,dtxR,R,ncgl0329,,ncgl0329,,,R,no,ChAP-seq,40338743,Literature_ChAP_DtxR_2025,1.0,HIGH,ATCC13032;cond=iron_excess,ATCC13032
cg2103,,dtxR,R,ncgl0352,,wzy,,,R,no,ChAP-seq,40338743,Literature_ChAP_DtxR_2025,1.0,HIGH,ATCC13032;cond=iron_excess,ATCC13032
cg2103,,dtxR,R,ncgl0353,,ncgl0353,,,R,no,ChAP-seq,40338743,Literature_ChAP_DtxR_2025,1.0,HIGH,ATCC13032;cond=heme,ATCC13032
cg2103,,dtxR,R,ncgl0359,,sdhC sdhCD,,,R,no,ChAP-seq,40338743,Literature_ChAP_DtxR_2025,1.0,HIGH,ATCC13032;cond=iron_excess+heme,ATCC13032
cg2103,,dtxR,R,ncgl0381,,htaB,,,R,no,ChAP-seq,40338743,Literature_ChAP_DtxR_2025,1.0,HIGH,ATCC13032;cond=iron_excess+heme,ATCC13032
cg2103,,dtxR,R,ncgl0430,,glyR,,,R,no,ChAP-seq,40338743,Literature_ChAP_DtxR_2025,1.0,HIGH,ATCC13032;cond=iron_excess,ATCC13032
cg2103,,dtxR,R,ncgl0465,,ncgl0465,,,R,no,ChAP-seq,40338743,Literature_ChAP_DtxR_2025,1.0,HIGH,ATCC13032;cond=heme,ATCC13032
cg2103,,dtxR,R,ncgl0484,,ncgl0484,,,R,no,ChAP-seq,40338743,Literature_ChAP_DtxR_2025,1.0,HIGH,ATCC13032;cond=iron_excess+heme,ATCC13032
cg2103,,dtxR,R,ncgl0639,,irp1,,,R,no,ChAP-seq,40338743,Literature_ChAP_DtxR_2025,1.0,HIGH,ATCC13032;cond=iron_excess+heme,ATCC13032
cg2103,,dtxR,R,ncgl0664,,prpD1,,,R,no,ChAP-seq,40338743,Literature_ChAP_DtxR_2025,1.0,HIGH,ATCC13032;cond=heme,ATCC13032
cg2103,,dtxR,R,ncgl0777,,ncgl0777,,,R,no,ChAP-seq,40338743,Literature_ChAP_DtxR_2025,1.0,HIGH,ATCC13032;cond=iron_excess+heme,ATCC13032
cg2103,,dtxR,R,ncgl0817,,pgi,,,R,no,ChAP-seq,40338743,Literature_ChAP_DtxR_2025,1.0,HIGH,ATCC13032;cond=heme,ATCC13032
cg2103,,dtxR,R,ncgl0841,,pepD,,,R,no,ChAP-seq,40338743,Literature_ChAP_DtxR_2025,1.0,HIGH,ATCC13032;cond=heme,ATCC13032
cg2103,,dtxR,R,ncgl0943,,ripA,,,R,no,ChAP-seq,40338743,Literature_ChAP_DtxR_2025,1.0,HIGH,ATCC13032;cond=iron_excess,ATCC13032
cg2103,,dtxR,R,ncgl1173,,ssuD1,,,R,no,ChAP-seq,40338743,Literature_ChAP_DtxR_2025,1.0,HIGH,ATCC13032;cond=heme,ATCC13032
cg2103,,dtxR,R,ncgl1200,,ncgl1200,,,R,no,ChAP-seq,40338743,Literature_ChAP_DtxR_2025,1.0,HIGH,ATCC13032;cond=iron_excess,ATCC13032
cg2103,,dtxR,R,ncgl1376,,ncgl1376,,,R,no,ChAP-seq,40338743,Literature_ChAP_DtxR_2025,1.0,HIGH,ATCC13032;cond=iron_excess,ATCC13032
cg2103,,dtxR,R,ncgl1395,,ncgl1395,,,R,no,ChAP-seq,40338743,Literature_ChAP_DtxR_2025,1.0,HIGH,ATCC13032;cond=iron_excess+heme,ATCC13032
cg2103,,dtxR,R,ncgl1444,,ncgl1444,,,R,no,ChAP-seq,40338743,Literature_ChAP_DtxR_2025,1.0,HIGH,ATCC13032;cond=iron_excess,ATCC13032
cg2103,,dtxR,R,ncgl1450,,metH,,,R,no,ChAP-seq,40338743,Literature_ChAP_DtxR_2025,1.0,HIGH,ATCC13032;cond=heme,ATCC13032
cg2103,,dtxR,R,ncgl1646,,ncgl1646,,,R,no,ChAP-seq,40338743,Literature_ChAP_DtxR_2025,1.0,HIGH,ATCC13032;cond=iron_excess+heme,ATCC13032
cg2103,,dtxR,R,ncgl1711,,ncgl1711,,,R,no,ChAP-seq,40338743,Literature_ChAP_DtxR_2025,1.0,HIGH,ATCC13032;cond=heme,ATCC13032
cg2103,,dtxR,R,ncgl1781,,ncgl1781,,,R,no,ChAP-seq,40338743,Literature_ChAP_DtxR_2025,1.0,HIGH,ATCC13032;cond=iron_excess+heme,ATCC13032
cg2103,,dtxR,R,ncgl1952,,xerC,,,R,no,ChAP-seq,40338743,Literature_ChAP_DtxR_2025,1.0,HIGH,ATCC13032;cond=heme,ATCC13032
cg2103,,dtxR,R,ncgl1959,,ncgl1959,,,R,no,ChAP-seq,40338743,Literature_ChAP_DtxR_2025,1.0,HIGH,ATCC13032;cond=heme,ATCC13032
cg2103,,dtxR,R,ncgl2146,,hmuO,,,R,no,ChAP-seq,40338743,Literature_ChAP_DtxR_2025,1.0,HIGH,ATCC13032;cond=iron_excess+heme,ATCC13032
cg2103,,dtxR,R,ncgl2731,,ncgl2731,,,R,no,ChAP-seq,40338743,Literature_ChAP_DtxR_2025,1.0,HIGH,ATCC13032;cond=heme,ATCC13032
cg2103,,dtxR,R,ncgl2766,,ncgl2766,,,R,no,ChAP-seq,40338743,Literature_ChAP_DtxR_2025,1.0,HIGH,ATCC13032;cond=iron_excess,ATCC13032
cg2103,,dtxR,R,ncgl2769,,mmpL1,,,R,no,ChAP-seq,40338743,Literature_ChAP_DtxR_2025,1.0,HIGH,ATCC13032;cond=heme,ATCC13032
cg2103,,dtxR,R,ncgl2776,,ncgl2776,,,R,no,ChAP-seq,40338743,Literature_ChAP_DtxR_2025,1.0,HIGH,ATCC13032;cond=heme,ATCC13032
cg2103,,dtxR,R,ncgl2834,,hrrA,,,R,no,ChAP-seq,40338743,Literature_ChAP_DtxR_2025,1.0,HIGH,ATCC13032;cond=heme,ATCC13032
cg2103,,dtxR,R,ncgl2842,,uspA3,,,R,no,ChAP-seq,40338743,Literature_ChAP_DtxR_2025,1.0,HIGH,ATCC13032;cond=heme,ATCC13032
cg2103,,dtxR,R,ncgl2877,,ncgl2877,,,R,no,ChAP-seq,40338743,Literature_ChAP_DtxR_2025,1.0,HIGH,ATCC13032;cond=iron_excess+heme,ATCC13032
cg2103,,dtxR,R,ncgl2902,,qor3,,,R,no,ChAP-seq,40338743,Literature_ChAP_DtxR_2025,1.0,HIGH,ATCC13032;cond=iron_excess,ATCC13032
cg2103,,dtxR,R,ncgl2939,,ncgl2939,,,R,no,ChAP-seq,40338743,Literature_ChAP_DtxR_2025,1.0,HIGH,ATCC13032;cond=iron_excess,ATCC13032
cg2103,,dtxR,R,ncgl2968,,ncgl2968,,,R,no,ChAP-seq,40338743,Literature_ChAP_DtxR_2025,1.0,HIGH,ATCC13032;cond=iron_excess,ATCC13032
cg2103,,dtxR,R,ncgl2980,,ncgl2980,,,R,no,ChAP-seq,40338743,Literature_ChAP_DtxR_2025,1.0,HIGH,ATCC13032;cond=heme,ATCC13032
cg3247,,hrrA,Dual,ncgl0003,,recF,,,Dual,no,ChAP-seq,40338743,Literature_ChAP_HrrA_2025,1.0,HIGH,ATCC13032;cond=heme,ATCC13032
cg3247,,hrrA,Dual,ncgl0005,,gyrB,,,Dual,no,ChAP-seq,40338743,Literature_ChAP_HrrA_2025,1.0,HIGH,ATCC13032;cond=iron_excess,ATCC13032
cg3247,,hrrA,Dual,ncgl0007,,ncgl0007,,,Dual,no,ChAP-seq,40338743,Literature_ChAP_HrrA_2025,1.0,HIGH,ATCC13032;cond=iron_excess,ATCC13032
cg3247,,hrrA,Dual,ncgl0023,,ohr,,,Dual,no,ChAP-seq,40338743,Literature_ChAP_HrrA_2025,1.0,HIGH,ATCC13032;cond=iron_excess,ATCC13032
cg3247,,hrrA,Dual,ncgl0031,,ncgl0031,,,Dual,no,ChAP-seq,40338743,Literature_ChAP_HrrA_2025,1.0,HIGH,ATCC13032;cond=heme,ATCC13032
cg3247,,hrrA,Dual,ncgl0046,,fhaA,,,Dual,no,ChAP-seq,40338743,Literature_ChAP_HrrA_2025,1.0,HIGH,ATCC13032;cond=iron_excess,ATCC13032
cg3247,,hrrA,Dual,ncgl0055,,ncgl0055,,,Dual,no,ChAP-seq,40338743,Literature_ChAP_HrrA_2025,1.0,HIGH,ATCC13032;cond=iron_excess+heme,ATCC13032
cg3247,,hrrA,Dual,ncgl0056,,ncgl0056,,,Dual,no,ChAP-seq,40338743,Literature_ChAP_HrrA_2025,1.0,HIGH,ATCC13032;cond=iron_excess+heme,ATCC13032
cg3247,,hrrA,Dual,ncgl0069,,ncgl0069,,,Dual,no,ChAP-seq,40338743,Literature_ChAP_HrrA_2025,1.0,HIGH,ATCC13032;cond=iron_excess,ATCC13032
cg3247,,hrrA,Dual,ncgl0078,,ncgl0078,,,Dual,no,ChAP-seq,40338743,Literature_ChAP_HrrA_2025,1.0,HIGH,ATCC13032;cond=iron_excess+heme,ATCC13032
cg3247,,hrrA,Dual,ncgl0083,,ureA,,,Dual,no,ChAP-seq,40338743,Literature_ChAP_HrrA_2025,1.0,HIGH,ATCC13032;cond=heme,ATCC13032
cg3247,,hrrA,Dual,ncgl0098,,putA,,,Dual,no,ChAP-seq,40338743,Literature_ChAP_HrrA_2025,1.0,HIGH,ATCC13032;cond=iron_excess+heme,ATCC13032
cg3247,,hrrA,Dual,ncgl0106,,ncgl0106,,,Dual,no,ChAP-seq,40338743,Literature_ChAP_HrrA_2025,1.0,HIGH,ATCC13032;cond=iron_excess,ATCC13032
cg3247,,hrrA,Dual,ncgl0117,,hde,,,Dual,no,ChAP-seq,40338743,Literature_ChAP_HrrA_2025,1.0,HIGH,ATCC13032;cond=iron_excess+heme,ATCC13032
cg3247,,hrrA,Dual,ncgl0126,,ncgl0126,,,Dual,no,ChAP-seq,40338743,Literature_ChAP_HrrA_2025,1.0,HIGH,ATCC13032;cond=heme,ATCC13032
cg3247,,hrrA,Dual,ncgl0154,,iolR,,,Dual,no,ChAP-seq,40338743,Literature_ChAP_HrrA_2025,1.0,HIGH,ATCC13032;cond=iron_excess+heme,ATCC13032
cg3247,,hrrA,Dual,ncgl0155,,iolC,,,Dual,no,ChAP-seq,40338743,Literature_ChAP_HrrA_2025,1.0,HIGH,ATCC13032;cond=iron_excess+heme,ATCC13032
cg3247,,hrrA,Dual,ncgl0161,,iolG,,,Dual,no,ChAP-seq,40338743,Literature_ChAP_HrrA_2025,1.0,HIGH,ATCC13032;cond=iron_excess+heme,ATCC13032
cg3247,,hrrA,Dual,ncgl0171,,cspA,,,Dual,no,ChAP-seq,40338743,Literature_ChAP_HrrA_2025,1.0,HIGH,ATCC13032;cond=iron_excess,ATCC13032
cg3247,,hrrA,Dual,ncgl0176,,ncgl0176,,,Dual,no,ChAP-seq,40338743,Literature_ChAP_HrrA_2025,1.0,HIGH,ATCC13032;cond=iron_excess+heme,ATCC13032
cg3247,,hrrA,Dual,ncgl0177,,ncgl0177,,,Dual,no,ChAP-seq,40338743,Literature_ChAP_HrrA_2025,1.0,HIGH,ATCC13032;cond=iron_excess+heme,ATCC13032
cg3247,,hrrA,Dual,ncgl0184,,emb (embC),,,Dual,no,ChAP-seq,40338743,Literature_ChAP_HrrA_2025,1.0,HIGH,ATCC13032;cond=heme,ATCC13032
cg3247,,hrrA,Dual,ncgl0187,,ncgl0187,,,Dual,no,ChAP-seq,40338743,Literature_ChAP_HrrA_2025,1.0,HIGH,ATCC13032;cond=iron_excess,ATCC13032
cg3247,,hrrA,Dual,ncgl0189,,ncgl0189,,,Dual,no,ChAP-seq,40338743,Literature_ChAP_HrrA_2025,1.0,HIGH,ATCC13032;cond=iron_excess,ATCC13032
cg3247,,hrrA,Dual,ncgl0196,,ncgl0196,,,Dual,no,ChAP-seq,40338743,Literature_ChAP_HrrA_2025,1.0,HIGH,ATCC13032;cond=heme,ATCC13032
cg3247,,hrrA,Dual,ncgl0199,,ncgl0199,,,Dual,no,ChAP-seq,40338743,Literature_ChAP_HrrA_2025,1.0,HIGH,ATCC13032;cond=iron_excess+heme,ATCC13032
cg3247,,hrrA,Dual,ncgl0207,,moaB,,,Dual,no,ChAP-seq,40338743,Literature_ChAP_HrrA_2025,1.0,HIGH,ATCC13032;cond=iron_excess,ATCC13032
cg3247,,hrrA,Dual,ncgl0219,,ncgl0219,,,Dual,no,ChAP-seq,40338743,Literature_ChAP_HrrA_2025,1.0,HIGH,ATCC13032;cond=iron_excess,ATCC13032
cg3247,,hrrA,Dual,ncgl0236,,ncgl0236,,,Dual,no,ChAP-seq,40338743,Literature_ChAP_HrrA_2025,1.0,HIGH,ATCC13032;cond=heme,ATCC13032
cg3247,,hrrA,Dual,ncgl0237,,aspT (aspB),,,Dual,no,ChAP-seq,40338743,Literature_ChAP_HrrA_2025,1.0,HIGH,ATCC13032;cond=iron_excess,ATCC13032
cg3247,,hrrA,Dual,ncgl0245,,leuA,,,Dual,no,ChAP-seq,40338743,Literature_ChAP_HrrA_2025,1.0,HIGH,ATCC13032;cond=iron_excess+heme,ATCC13032
cg3247,,hrrA,Dual,ncgl0246,,ncgl0246,,,Dual,no,ChAP-seq,40338743,Literature_ChAP_HrrA_2025,1.0,HIGH,ATCC13032;cond=iron_excess+heme,ATCC13032
cg3247,,hrrA,Dual,ncgl0250,,sigC,,,Dual,no,ChAP-seq,40338743,Literature_ChAP_HrrA_2025,1.0,HIGH,ATCC13032;cond=iron_excess+heme,ATCC13032
cg3247,,hrrA,Dual,ncgl0268,,cgtR1,,,Dual,no,ChAP-seq,40338743,Literature_ChAP_HrrA_2025,1.0,HIGH,ATCC13032;cond=heme,ATCC13032
cg3247,,hrrA,Dual,ncgl0275,,whcA (whiB4),,,Dual,no,ChAP-seq,40338743,Literature_ChAP_HrrA_2025,1.0,HIGH,ATCC13032;cond=iron_excess+heme,ATCC13032
cg3247,,hrrA,Dual,ncgl0279,,phdA (fadD1),,,Dual,no,ChAP-seq,40338743,Literature_ChAP_HrrA_2025,1.0,HIGH,ATCC13032;cond=iron_excess+heme,ATCC13032
cg3247,,hrrA,Dual,ncgl0302,,ncgl0302,,,Dual,no,ChAP-seq,40338743,Literature_ChAP_HrrA_2025,1.0,HIGH,ATCC13032;cond=iron_excess,ATCC13032
cg3247,,hrrA,Dual,ncgl0303,,cspA2,,,Dual,no,ChAP-seq,40338743,Literature_ChAP_HrrA_2025,1.0,HIGH,ATCC13032;cond=iron_excess,ATCC13032
cg3247,,hrrA,Dual,ncgl0316,,ncgl0316,,,Dual,no,ChAP-seq,40338743,Literature_ChAP_HrrA_2025,1.0,HIGH,ATCC13032;cond=iron_excess+heme,ATCC13032
cg3247,,hrrA,Dual,ncgl0333,,ncgl0333,,,Dual,no,ChAP-seq,40338743,Literature_ChAP_HrrA_2025,1.0,HIGH,ATCC13032;cond=iron_excess,ATCC13032
cg3247,,hrrA,Dual,ncgl0342,,ncgl0342,,,Dual,no,ChAP-seq,40338743,Literature_ChAP_HrrA_2025,1.0,HIGH,ATCC13032;cond=iron_excess+heme,ATCC13032
cg3247,,hrrA,Dual,ncgl0344,,wzx,,,Dual,no,ChAP-seq,40338743,Literature_ChAP_HrrA_2025,1.0,HIGH,ATCC13032;cond=iron_excess+heme,ATCC13032
cg3247,,hrrA,Dual,ncgl0345,,murA,,,Dual,no,ChAP-seq,40338743,Literature_ChAP_HrrA_2025,1.0,HIGH,ATCC13032;cond=iron_excess+heme,ATCC13032
cg3247,,hrrA,Dual,ncgl0347,,ncgl0347,,,Dual,no,ChAP-seq,40338743,Literature_ChAP_HrrA_2025,1.0,HIGH,ATCC13032;cond=iron_excess+heme,ATCC13032
cg3247,,hrrA,Dual,ncgl0349,,ncgl0349,,,Dual,no,ChAP-seq,40338743,Literature_ChAP_HrrA_2025,1.0,HIGH,ATCC13032;cond=heme,ATCC13032
cg3247,,hrrA,Dual,ncgl0350,,ncgl0350,,,Dual,no,ChAP-seq,40338743,Literature_ChAP_HrrA_2025,1.0,HIGH,ATCC13032;cond=iron_excess+heme,ATCC13032
cg3247,,hrrA,Dual,ncgl0351,,udgA1,,,Dual,no,ChAP-seq,40338743,Literature_ChAP_HrrA_2025,1.0,HIGH,ATCC13032;cond=heme,ATCC13032
cg3247,,hrrA,Dual,ncgl0352,,wzy,,,Dual,no,ChAP-seq,40338743,Literature_ChAP_HrrA_2025,1.0,HIGH,ATCC13032;cond=iron_excess+heme,ATCC13032
cg3247,,hrrA,Dual,ncgl0353,,ncgl0353,,,Dual,no,ChAP-seq,40338743,Literature_ChAP_HrrA_2025,1.0,HIGH,ATCC13032;cond=heme,ATCC13032
cg3247,,hrrA,Dual,ncgl0354,,ncgl0354,,,Dual,no,ChAP-seq,40338743,Literature_ChAP_HrrA_2025,1.0,HIGH,ATCC13032;cond=iron_excess+heme,ATCC13032
cg3247,,hrrA,Dual,ncgl0359,,sdhC sdhCD,,,Dual,no,ChAP-seq,40338743,Literature_ChAP_HrrA_2025,1.0,HIGH,ATCC13032;cond=iron_excess+heme,ATCC13032
cg3247,,hrrA,Dual,ncgl0367,,ncgl0367,,,Dual,no,ChAP-seq,40338743,Literature_ChAP_HrrA_2025,1.0,HIGH,ATCC13032;cond=iron_excess+heme,ATCC13032
cg3247,,hrrA,Dual,ncgl0375,,"copA (ctpA, ctpV)",,,Dual,no,ChAP-seq,40338743,Literature_ChAP_HrrA_2025,1.0,HIGH,ATCC13032;cond=iron_excess,ATCC13032
cg3247,,hrrA,Dual,ncgl0377,,htaA,,,Dual,no,ChAP-seq,40338743,Literature_ChAP_HrrA_2025,1.0,HIGH,ATCC13032;cond=iron_excess+heme,ATCC13032
cg3247,,hrrA,Dual,ncgl0385,,ncgl0385,,,Dual,no,ChAP-seq,40338743,Literature_ChAP_HrrA_2025,1.0,HIGH,ATCC13032;cond=iron_excess+heme,ATCC13032
cg3247,,hrrA,Dual,ncgl0390,,gpmA,,,Dual,no,ChAP-seq,40338743,Literature_ChAP_HrrA_2025,1.0,HIGH,ATCC13032;cond=iron_excess,ATCC13032
cg3247,,hrrA,Dual,ncgl0391,,senX3 (cgtS4),,,Dual,no,ChAP-seq,40338743,Literature_ChAP_HrrA_2025,1.0,HIGH,ATCC13032;cond=iron_excess,ATCC13032
cg3247,,hrrA,Dual,ncgl0400,,ncgl0400,,,Dual,no,ChAP-seq,40338743,Literature_ChAP_HrrA_2025,1.0,HIGH,ATCC13032;cond=iron_excess+heme,ATCC13032
cg3247,,hrrA,Dual,ncgl0405,,qsuR,,,Dual,no,ChAP-seq,40338743,Literature_ChAP_HrrA_2025,1.0,HIGH,ATCC13032;cond=iron_excess+heme,ATCC13032
cg3247,,hrrA,Dual,ncgl0410,,ncgl0410,,,Dual,no,ChAP-seq,40338743,Literature_ChAP_HrrA_2025,1.0,HIGH,ATCC13032;cond=heme,ATCC13032
cg3247,,hrrA,Dual,ncgl0420,,hemE,,,Dual,no,ChAP-seq,40338743,Literature_ChAP_HrrA_2025,1.0,HIGH,ATCC13032;cond=iron_excess+heme,ATCC13032
cg3247,,hrrA,Dual,ncgl0422,,hemL,,,Dual,no,ChAP-seq,40338743,Literature_ChAP_HrrA_2025,1.0,HIGH,ATCC13032;cond=iron_excess,ATCC13032
cg3247,,hrrA,Dual,ncgl0425,,ccsA,,,Dual,no,ChAP-seq,40338743,Literature_ChAP_HrrA_2025,1.0,HIGH,ATCC13032;cond=iron_excess,ATCC13032
cg3247,,hrrA,Dual,ncgl0427,,ccsB,,,Dual,no,ChAP-seq,40338743,Literature_ChAP_HrrA_2025,1.0,HIGH,ATCC13032;cond=heme,ATCC13032
cg3247,,hrrA,Dual,ncgl0435,,menE,,,Dual,no,ChAP-seq,40338743,Literature_ChAP_HrrA_2025,1.0,HIGH,ATCC13032;cond=iron_excess+heme,ATCC13032
cg3247,,hrrA,Dual,ncgl0445,,pitA,,,Dual,no,ChAP-seq,40338743,Literature_ChAP_HrrA_2025,1.0,HIGH,ATCC13032;cond=iron_excess,ATCC13032
cg3247,,hrrA,Dual,ncgl0455,,ncgl0455,,,Dual,no,ChAP-seq,40338743,Literature_ChAP_HrrA_2025,1.0,HIGH,ATCC13032;cond=iron_excess+heme,ATCC13032
cg3247,,hrrA,Dual,ncgl0459,,rplK,,,Dual,no,ChAP-seq,40338743,Literature_ChAP_HrrA_2025,1.0,HIGH,ATCC13032;cond=iron_excess,ATCC13032
cg3247,,hrrA,Dual,ncgl0461,,pwkR/gabR,,,Dual,no,ChAP-seq,40338743,Literature_ChAP_HrrA_2025,1.0,HIGH,ATCC13032;cond=heme,ATCC13032
cg3247,,hrrA,Dual,ncgl0468,,rplJ,,,Dual,no,ChAP-seq,40338743,Literature_ChAP_HrrA_2025,1.0,HIGH,ATCC13032;cond=iron_excess,ATCC13032
cg3247,,hrrA,Dual,ncgl0471,,rpoB,,,Dual,no,ChAP-seq,40338743,Literature_ChAP_HrrA_2025,1.0,HIGH,ATCC13032;cond=iron_excess,ATCC13032
cg3247,,hrrA,Dual,ncgl0475,,ncgl0475,,,Dual,no,ChAP-seq,40338743,Literature_ChAP_HrrA_2025,1.0,HIGH,ATCC13032;cond=iron_excess,ATCC13032
cg3247,,hrrA,Dual,ncgl0476,,rpsL,,,Dual,no,ChAP-seq,40338743,Literature_ChAP_HrrA_2025,1.0,HIGH,ATCC13032;cond=iron_excess,ATCC13032
cg3247,,hrrA,Dual,ncgl0478,,fusA,,,Dual,no,ChAP-seq,40338743,Literature_ChAP_HrrA_2025,1.0,HIGH,ATCC13032;cond=iron_excess,ATCC13032
cg3247,,hrrA,Dual,ncgl0505,,fdhD,,,Dual,no,ChAP-seq,40338743,Literature_ChAP_HrrA_2025,1.0,HIGH,ATCC13032;cond=heme,ATCC13032
cg3247,,hrrA,Dual,ncgl0515,,rpsH,,,Dual,no,ChAP-seq,40338743,Literature_ChAP_HrrA_2025,1.0,HIGH,ATCC13032;cond=iron_excess,ATCC13032
cg3247,,hrrA,Dual,ncgl0522,,creB,,,Dual,no,ChAP-seq,40338743,Literature_ChAP_HrrA_2025,1.0,HIGH,ATCC13032;cond=iron_excess,ATCC13032
cg3247,,hrrA,Dual,ncgl0532,,secY,,,Dual,no,ChAP-seq,40338743,Literature_ChAP_HrrA_2025,1.0,HIGH,ATCC13032;cond=iron_excess,ATCC13032
cg3247,,hrrA,Dual,ncgl0536,,infA,,,Dual,no,ChAP-seq,40338743,Literature_ChAP_HrrA_2025,1.0,HIGH,ATCC13032;cond=iron_excess,ATCC13032
cg3247,,hrrA,Dual,ncgl0541,,rplQ,,,Dual,no,ChAP-seq,40338743,Literature_ChAP_HrrA_2025,1.0,HIGH,ATCC13032;cond=heme,ATCC13032
cg3247,,hrrA,Dual,ncgl0553,,ncgl0553,,,Dual,no,ChAP-seq,40338743,Literature_ChAP_HrrA_2025,1.0,HIGH,ATCC13032;cond=iron_excess+heme,ATCC13032
cg3247,,hrrA,Dual,ncgl0556,,rplM,,,Dual,no,ChAP-seq,40338743,Literature_ChAP_HrrA_2025,1.0,HIGH,ATCC13032;cond=iron_excess,ATCC13032
cg3247,,hrrA,Dual,ncgl0557,,rpsI,,,Dual,no,ChAP-seq,40338743,Literature_ChAP_HrrA_2025,1.0,HIGH,ATCC13032;cond=heme,ATCC13032
cg3247,,hrrA,Dual,ncgl0570,,ncgl0570,,,Dual,no,ChAP-seq,40338743,Literature_ChAP_HrrA_2025,1.0,HIGH,ATCC13032;cond=iron_excess+heme,ATCC13032
cg3247,,hrrA,Dual,ncgl0604,,phr,,,Dual,no,ChAP-seq,40338743,Literature_ChAP_HrrA_2025,1.0,HIGH,ATCC13032;cond=heme,ATCC13032
cg3247,,hrrA,Dual,ncgl0611,,dnaE2,,,Dual,no,ChAP-seq,40338743,Literature_ChAP_HrrA_2025,1.0,HIGH,ATCC13032;cond=iron_excess+heme,ATCC13032
cg3247,,hrrA,Dual,ncgl0623,,ncgl0623,,,Dual,no,ChAP-seq,40338743,Literature_ChAP_HrrA_2025,1.0,HIGH,ATCC13032;cond=iron_excess+heme,ATCC13032
cg3247,,hrrA,Dual,ncgl0646,,ncgl0646,,,Dual,no,ChAP-seq,40338743,Literature_ChAP_HrrA_2025,1.0,HIGH,ATCC13032;cond=iron_excess+heme,ATCC13032
cg3247,,hrrA,Dual,ncgl0648,,ncgl0648,,,Dual,no,ChAP-seq,40338743,Literature_ChAP_HrrA_2025,1.0,HIGH,ATCC13032;cond=iron_excess+heme,ATCC13032
cg3247,,hrrA,Dual,ncgl0659,,pyc,,,Dual,no,ChAP-seq,40338743,Literature_ChAP_HrrA_2025,1.0,HIGH,ATCC13032;cond=heme,ATCC13032
cg3247,,hrrA,Dual,ncgl0670,,accBC,,,Dual,no,ChAP-seq,40338743,Literature_ChAP_HrrA_2025,1.0,HIGH,ATCC13032;cond=iron_excess,ATCC13032
cg3247,,hrrA,Dual,ncgl0675,,maf,,,Dual,no,ChAP-seq,40338743,Literature_ChAP_HrrA_2025,1.0,HIGH,ATCC13032;cond=heme,ATCC13032
cg3247,,hrrA,Dual,ncgl0694,,tusG,,,Dual,no,ChAP-seq,40338743,Literature_ChAP_HrrA_2025,1.0,HIGH,ATCC13032;cond=iron_excess+heme,ATCC13032
cg3247,,hrrA,Dual,ncgl0710,,manC (rmlA2),,,Dual,no,ChAP-seq,40338743,Literature_ChAP_HrrA_2025,1.0,HIGH,ATCC13032;cond=heme,ATCC13032
cg3247,,hrrA,Dual,ncgl0725,,psrp-1,,,Dual,no,ChAP-seq,40338743,Literature_ChAP_HrrA_2025,1.0,HIGH,ATCC13032;cond=iron_excess,ATCC13032
cg3247,,hrrA,Dual,ncgl0726,,secA1,,,Dual,no,ChAP-seq,40338743,Literature_ChAP_HrrA_2025,1.0,HIGH,ATCC13032;cond=iron_excess,ATCC13032
cg3247,,hrrA,Dual,ncgl0732,,ncgl0732,,,Dual,no,ChAP-seq,40338743,Literature_ChAP_HrrA_2025,1.0,HIGH,ATCC13032;cond=iron_excess+heme,ATCC13032
cg3247,,hrrA,Dual,ncgl0736,,ncgl0736,,,Dual,no,ChAP-seq,40338743,Literature_ChAP_HrrA_2025,1.0,HIGH,ATCC13032;cond=iron_excess+heme,ATCC13032
cg3247,,hrrA,Dual,ncgl0753,,pdxR,,,Dual,no,ChAP-seq,40338743,Literature_ChAP_HrrA_2025,1.0,HIGH,ATCC13032;cond=heme,ATCC13032
cg3247,,hrrA,Dual,ncgl0756,,ncgl0756,,,Dual,no,ChAP-seq,40338743,Literature_ChAP_HrrA_2025,1.0,HIGH,ATCC13032;cond=heme,ATCC13032
cg3247,,hrrA,Dual,ncgl0757,,ncgl0757,,,Dual,no,ChAP-seq,40338743,Literature_ChAP_HrrA_2025,1.0,HIGH,ATCC13032;cond=heme,ATCC13032
cg3247,,hrrA,Dual,ncgl0773,,ncgl0773,,,Dual,no,ChAP-seq,40338743,Literature_ChAP_HrrA_2025,1.0,HIGH,ATCC13032;cond=heme,ATCC13032
cg3247,,hrrA,Dual,ncgl0775,,ncgl0775,,,Dual,no,ChAP-seq,40338743,Literature_ChAP_HrrA_2025,1.0,HIGH,ATCC13032;cond=iron_excess,ATCC13032
cg3247,,hrrA,Dual,ncgl0776,,ncgl0776,,,Dual,no,ChAP-seq,40338743,Literature_ChAP_HrrA_2025,1.0,HIGH,ATCC13032;cond=iron_excess,ATCC13032
cg3247,,hrrA,Dual,ncgl0780,,ncgl0780,,,Dual,no,ChAP-seq,40338743,Literature_ChAP_HrrA_2025,1.0,HIGH,ATCC13032;cond=iron_excess+heme,ATCC13032
cg3247,,hrrA,Dual,ncgl0786,,cspB,,,Dual,no,ChAP-seq,40338743,Literature_ChAP_HrrA_2025,1.0,HIGH,ATCC13032;cond=iron_excess,ATCC13032
cg3247,,hrrA,Dual,ncgl0794,,serC,,,Dual,no,ChAP-seq,40338743,Literature_ChAP_HrrA_2025,1.0,HIGH,ATCC13032;cond=iron_excess+heme,ATCC13032
cg3247,,hrrA,Dual,ncgl0795,,gltA,,,Dual,no,ChAP-seq,40338743,Literature_ChAP_HrrA_2025,1.0,HIGH,ATCC13032;cond=iron_excess+heme,ATCC13032
cg3247,,hrrA,Dual,ncgl0797,,accD3,,,Dual,no,ChAP-seq,40338743,Literature_ChAP_HrrA_2025,1.0,HIGH,ATCC13032;cond=heme,ATCC13032
cg3247,,hrrA,Dual,ncgl0829,,amtR,,,Dual,no,ChAP-seq,40338743,Literature_ChAP_HrrA_2025,1.0,HIGH,ATCC13032;cond=heme,ATCC13032
cg3247,,hrrA,Dual,ncgl0834,,rpmB,,,Dual,no,ChAP-seq,40338743,Literature_ChAP_HrrA_2025,1.0,HIGH,ATCC13032;cond=iron_excess,ATCC13032
cg3247,,hrrA,Dual,ncgl0839,,cgtR2,,,Dual,no,ChAP-seq,40338743,Literature_ChAP_HrrA_2025,1.0,HIGH,ATCC13032;cond=heme,ATCC13032
cg3247,,hrrA,Dual,ncgl0840,,cgtS2,,,Dual,no,ChAP-seq,40338743,Literature_ChAP_HrrA_2025,1.0,HIGH,ATCC13032;cond=iron_excess+heme,ATCC13032
cg3247,,hrrA,Dual,ncgl0867,,tnp6c,,,Dual,no,ChAP-seq,40338743,Literature_ChAP_HrrA_2025,1.0,HIGH,ATCC13032;cond=iron_excess+heme,ATCC13032
cg3247,,hrrA,Dual,ncgl0883,,ncgl0883,,,Dual,no,ChAP-seq,40338743,Literature_ChAP_HrrA_2025,1.0,HIGH,ATCC13032;cond=iron_excess+heme,ATCC13032
cg3247,,hrrA,Dual,ncgl0884,,ncgl0884,,,Dual,no,ChAP-seq,40338743,Literature_ChAP_HrrA_2025,1.0,HIGH,ATCC13032;cond=iron_excess+heme,ATCC13032
cg3247,,hrrA,Dual,ncgl0900,,gapB (gapX),,,Dual,no,ChAP-seq,40338743,Literature_ChAP_HrrA_2025,1.0,HIGH,ATCC13032;cond=heme,ATCC13032
cg3247,,hrrA,Dual,ncgl0907,,ncgl0907,,,Dual,no,ChAP-seq,40338743,Literature_ChAP_HrrA_2025,1.0,HIGH,ATCC13032;cond=iron_excess+heme,ATCC13032
cg3247,,hrrA,Dual,ncgl0914,,ncgl0914,,,Dual,no,ChAP-seq,40338743,Literature_ChAP_HrrA_2025,1.0,HIGH,ATCC13032;cond=iron_excess+heme,ATCC13032
cg3247,,hrrA,Dual,ncgl0917,,ncgl0917,,,Dual,no,ChAP-seq,40338743,Literature_ChAP_HrrA_2025,1.0,HIGH,ATCC13032;cond=iron_excess,ATCC13032
cg3247,,hrrA,Dual,ncgl0927,,ncgl0927,,,Dual,no,ChAP-seq,40338743,Literature_ChAP_HrrA_2025,1.0,HIGH,ATCC13032;cond=iron_excess+heme,ATCC13032
cg3247,,hrrA,Dual,ncgl0929,,lysI,,,Dual,no,ChAP-seq,40338743,Literature_ChAP_HrrA_2025,1.0,HIGH,ATCC13032;cond=iron_excess+heme,ATCC13032
cg3247,,hrrA,Dual,ncgl0935,,eno,,,Dual,no,ChAP-seq,40338743,Literature_ChAP_HrrA_2025,1.0,HIGH,ATCC13032;cond=heme,ATCC13032
cg3247,,hrrA,Dual,ncgl0947,,ncgl0947,,,Dual,no,ChAP-seq,40338743,Literature_ChAP_HrrA_2025,1.0,HIGH,ATCC13032;cond=iron_excess,ATCC13032
cg3247,,hrrA,Dual,ncgl0968,,ssuI,,,Dual,no,ChAP-seq,40338743,Literature_ChAP_HrrA_2025,1.0,HIGH,ATCC13032;cond=iron_excess+heme,ATCC13032
cg3247,,hrrA,Dual,ncgl0978,,ncgl0978,,,Dual,no,ChAP-seq,40338743,Literature_ChAP_HrrA_2025,1.0,HIGH,ATCC13032;cond=iron_excess+heme,ATCC13032
cg3247,,hrrA,Dual,ncgl0993,,tnp9a,,,Dual,no,ChAP-seq,40338743,Literature_ChAP_HrrA_2025,1.0,HIGH,ATCC13032;cond=heme,ATCC13032
cg3247,,hrrA,Dual,ncgl1038,,ncgl1038,,,Dual,no,ChAP-seq,40338743,Literature_ChAP_HrrA_2025,1.0,HIGH,ATCC13032;cond=iron_excess,ATCC13032
cg3247,,hrrA,Dual,ncgl1053,,ncgl1053,,,Dual,no,ChAP-seq,40338743,Literature_ChAP_HrrA_2025,1.0,HIGH,ATCC13032;cond=iron_excess,ATCC13032
cg3247,,hrrA,Dual,ncgl1069,,ncgl1069,,,Dual,no,ChAP-seq,40338743,Literature_ChAP_HrrA_2025,1.0,HIGH,ATCC13032;cond=iron_excess,ATCC13032
cg3247,,hrrA,Dual,ncgl1093,,ncgl1093,,,Dual,no,ChAP-seq,40338743,Literature_ChAP_HrrA_2025,1.0,HIGH,ATCC13032;cond=heme,ATCC13032
cg3247,,hrrA,Dual,ncgl1096,,ncgl1096,,,Dual,no,ChAP-seq,40338743,Literature_ChAP_HrrA_2025,1.0,HIGH,ATCC13032;cond=iron_excess+heme,ATCC13032
cg3247,,hrrA,Dual,ncgl1098,,ncgl1098,,,Dual,no,ChAP-seq,40338743,Literature_ChAP_HrrA_2025,1.0,HIGH,ATCC13032;cond=heme,ATCC13032
cg3247,,hrrA,Dual,ncgl1104,,cydA,,,Dual,no,ChAP-seq,40338743,Literature_ChAP_HrrA_2025,1.0,HIGH,ATCC13032;cond=iron_excess+heme,ATCC13032
cg3247,,hrrA,Dual,ncgl1133,,lysA,,,Dual,no,ChAP-seq,40338743,Literature_ChAP_HrrA_2025,1.0,HIGH,ATCC13032;cond=iron_excess+heme,ATCC13032
cg3247,,hrrA,Dual,ncgl1144,,mog,,,Dual,no,ChAP-seq,40338743,Literature_ChAP_HrrA_2025,1.0,HIGH,ATCC13032;cond=iron_excess,ATCC13032
cg3247,,hrrA,Dual,ncgl1147,,ncgl1147,,,Dual,no,ChAP-seq,40338743,Literature_ChAP_HrrA_2025,1.0,HIGH,ATCC13032;cond=heme,ATCC13032
cg3247,,hrrA,Dual,ncgl1153,,prfA,,,Dual,no,ChAP-seq,40338743,Literature_ChAP_HrrA_2025,1.0,HIGH,ATCC13032;cond=heme,ATCC13032
cg3247,,hrrA,Dual,ncgl1158,,atpI,,,Dual,no,ChAP-seq,40338743,Literature_ChAP_HrrA_2025,1.0,HIGH,ATCC13032;cond=heme,ATCC13032
cg3247,,hrrA,Dual,ncgl1159,,atpB,,,Dual,no,ChAP-seq,40338743,Literature_ChAP_HrrA_2025,1.0,HIGH,ATCC13032;cond=iron_excess,ATCC13032
cg3247,,hrrA,Dual,ncgl1200,,ncgl1200,,,Dual,no,ChAP-seq,40338743,Literature_ChAP_HrrA_2025,1.0,HIGH,ATCC13032;cond=heme,ATCC13032
cg3247,,hrrA,Dual,ncgl1202,,pfkA (pfk),,,Dual,no,ChAP-seq,40338743,Literature_ChAP_HrrA_2025,1.0,HIGH,ATCC13032;cond=iron_excess,ATCC13032
cg3247,,hrrA,Dual,ncgl1203,,rbsR,,,Dual,no,ChAP-seq,40338743,Literature_ChAP_HrrA_2025,1.0,HIGH,ATCC13032;cond=heme,ATCC13032
cg3247,,hrrA,Dual,ncgl1241,,odx,,,Dual,no,ChAP-seq,40338743,Literature_ChAP_HrrA_2025,1.0,HIGH,ATCC13032;cond=iron_excess+heme,ATCC13032
cg3247,,hrrA,Dual,ncgl1250,,ncgl1250,,,Dual,no,ChAP-seq,40338743,Literature_ChAP_HrrA_2025,1.0,HIGH,ATCC13032;cond=iron_excess,ATCC13032
cg3247,,hrrA,Dual,ncgl1251,,ncgl1251,,,Dual,no,ChAP-seq,40338743,Literature_ChAP_HrrA_2025,1.0,HIGH,ATCC13032;cond=iron_excess+heme,ATCC13032
cg3247,,hrrA,Dual,ncgl1259,,ncgl1259,,,Dual,no,ChAP-seq,40338743,Literature_ChAP_HrrA_2025,1.0,HIGH,ATCC13032;cond=iron_excess+heme,ATCC13032
cg3247,,hrrA,Dual,ncgl1290,,ncgl1290,,,Dual,no,ChAP-seq,40338743,Literature_ChAP_HrrA_2025,1.0,HIGH,ATCC13032;cond=iron_excess+heme,ATCC13032
cg3247,,hrrA,Dual,ncgl1300,,ncgl1300,,,Dual,no,ChAP-seq,40338743,Literature_ChAP_HrrA_2025,1.0,HIGH,ATCC13032;cond=heme,ATCC13032
cg3247,,hrrA,Dual,ncgl1303,,ncgl1303,,,Dual,no,ChAP-seq,40338743,Literature_ChAP_HrrA_2025,1.0,HIGH,ATCC13032;cond=heme,ATCC13032
cg3247,,hrrA,Dual,ncgl1304,,rpsA,,,Dual,no,ChAP-seq,40338743,Literature_ChAP_HrrA_2025,1.0,HIGH,ATCC13032;cond=heme,ATCC13032
cg3247,,hrrA,Dual,ncgl1306,,coaE,,,Dual,no,ChAP-seq,40338743,Literature_ChAP_HrrA_2025,1.0,HIGH,ATCC13032;cond=iron_excess+heme,ATCC13032
cg3247,,hrrA,Dual,ncgl1324,,infC,,,Dual,no,ChAP-seq,40338743,Literature_ChAP_HrrA_2025,1.0,HIGH,ATCC13032;cond=iron_excess,ATCC13032
cg3247,,hrrA,Dual,ncgl1350,,ncgl1350,,,Dual,no,ChAP-seq,40338743,Literature_ChAP_HrrA_2025,1.0,HIGH,ATCC13032;cond=heme,ATCC13032
cg3247,,hrrA,Dual,ncgl1354a,,ncgl1354a,,,Dual,no,ChAP-seq,40338743,Literature_ChAP_HrrA_2025,1.0,HIGH,ATCC13032;cond=heme,ATCC13032
cg3247,,hrrA,Dual,ncgl1360,,ncgl1360,,,Dual,no,ChAP-seq,40338743,Literature_ChAP_HrrA_2025,1.0,HIGH,ATCC13032;cond=heme,ATCC13032
cg3247,,hrrA,Dual,ncgl1383,,ncgl1383,,,Dual,no,ChAP-seq,40338743,Literature_ChAP_HrrA_2025,1.0,HIGH,ATCC13032;cond=iron_excess+heme,ATCC13032
cg3247,,hrrA,Dual,ncgl1390,,ncgl1390,,,Dual,no,ChAP-seq,40338743,Literature_ChAP_HrrA_2025,1.0,HIGH,ATCC13032;cond=iron_excess+heme,ATCC13032
cg3247,,hrrA,Dual,ncgl1440,,arc (mpa),,,Dual,no,ChAP-seq,40338743,Literature_ChAP_HrrA_2025,1.0,HIGH,ATCC13032;cond=heme,ATCC13032
cg3247,,hrrA,Dual,ncgl1444,,ncgl1444,,,Dual,no,ChAP-seq,40338743,Literature_ChAP_HrrA_2025,1.0,HIGH,ATCC13032;cond=iron_excess+heme,ATCC13032
cg3247,,hrrA,Dual,ncgl1476,,ncgl1476,,,Dual,no,ChAP-seq,40338743,Literature_ChAP_HrrA_2025,1.0,HIGH,ATCC13032;cond=iron_excess+heme,ATCC13032
cg3247,,hrrA,Dual,ncgl1479,,hemH,,,Dual,no,ChAP-seq,40338743,Literature_ChAP_HrrA_2025,1.0,HIGH,ATCC13032;cond=iron_excess+heme,ATCC13032
cg3247,,hrrA,Dual,ncgl1481,,ncgl1481,,,Dual,no,ChAP-seq,40338743,Literature_ChAP_HrrA_2025,1.0,HIGH,ATCC13032;cond=iron_excess+heme,ATCC13032
cg3247,,hrrA,Dual,ncgl1506,,ncgl1506,,,Dual,no,ChAP-seq,40338743,Literature_ChAP_HrrA_2025,1.0,HIGH,ATCC13032;cond=iron_excess+heme,ATCC13032
cg3247,,hrrA,Dual,ncgl1512,,tkt,,,Dual,no,ChAP-seq,40338743,Literature_ChAP_HrrA_2025,1.0,HIGH,ATCC13032;cond=heme,ATCC13032
cg3247,,hrrA,Dual,ncgl1525,,pgk,,,Dual,no,ChAP-seq,40338743,Literature_ChAP_HrrA_2025,1.0,HIGH,ATCC13032;cond=iron_excess,ATCC13032
cg3247,,hrrA,Dual,ncgl1526,,gapA (gap),,,Dual,no,ChAP-seq,40338743,Literature_ChAP_HrrA_2025,1.0,HIGH,ATCC13032;cond=iron_excess+heme,ATCC13032
cg3247,,hrrA,Dual,ncgl1536,,rpe,,,Dual,no,ChAP-seq,40338743,Literature_ChAP_HrrA_2025,1.0,HIGH,ATCC13032;cond=iron_excess+heme,ATCC13032
cg3247,,hrrA,Dual,ncgl1543,,ncgl1543,,,Dual,no,ChAP-seq,40338743,Literature_ChAP_HrrA_2025,1.0,HIGH,ATCC13032;cond=iron_excess,ATCC13032
cg3247,,hrrA,Dual,ncgl1610,,ncgl1610,,,Dual,no,ChAP-seq,40338743,Literature_ChAP_HrrA_2025,1.0,HIGH,ATCC13032;cond=heme,ATCC13032
cg3247,,hrrA,Dual,ncgl1614,,act4,,,Dual,no,ChAP-seq,40338743,Literature_ChAP_HrrA_2025,1.0,HIGH,ATCC13032;cond=heme,ATCC13032
cg3247,,hrrA,Dual,ncgl1615,,ncgl1615,,,Dual,no,ChAP-seq,40338743,Literature_ChAP_HrrA_2025,1.0,HIGH,ATCC13032;cond=iron_excess,ATCC13032
cg3247,,hrrA,Dual,ncgl1619,,ncgl1619,,,Dual,no,ChAP-seq,40338743,Literature_ChAP_HrrA_2025,1.0,HIGH,ATCC13032;cond=iron_excess+heme,ATCC13032
cg3247,,hrrA,Dual,ncgl1625,,ncgl1625,,,Dual,no,ChAP-seq,40338743,Literature_ChAP_HrrA_2025,1.0,HIGH,ATCC13032;cond=iron_excess+heme,ATCC13032
cg3247,,hrrA,Dual,ncgl1640,,ncgl1640,,,Dual,no,ChAP-seq,40338743,Literature_ChAP_HrrA_2025,1.0,HIGH,ATCC13032;cond=heme,ATCC13032
cg3247,,hrrA,Dual,ncgl1641,,ncgl1641,,,Dual,no,ChAP-seq,40338743,Literature_ChAP_HrrA_2025,1.0,HIGH,ATCC13032;cond=heme,ATCC13032
cg3247,,hrrA,Dual,ncgl1642,,ncgl1642,,,Dual,no,ChAP-seq,40338743,Literature_ChAP_HrrA_2025,1.0,HIGH,ATCC13032;cond=heme,ATCC13032
cg3247,,hrrA,Dual,ncgl1659,,ncgl1659,,,Dual,no,ChAP-seq,40338743,Literature_ChAP_HrrA_2025,1.0,HIGH,ATCC13032;cond=heme,ATCC13032
cg3247,,hrrA,Dual,ncgl1664,,tnp14a,,,Dual,no,ChAP-seq,40338743,Literature_ChAP_HrrA_2025,1.0,HIGH,ATCC13032;cond=iron_excess+heme,ATCC13032
cg3247,,hrrA,Dual,ncgl1666,,ncgl1666,,,Dual,no,ChAP-seq,40338743,Literature_ChAP_HrrA_2025,1.0,HIGH,ATCC13032;cond=iron_excess+heme,ATCC13032
cg3247,,hrrA,Dual,ncgl1669,,priP,,,Dual,no,ChAP-seq,40338743,Literature_ChAP_HrrA_2025,1.0,HIGH,ATCC13032;cond=iron_excess+heme,ATCC13032
cg3247,,hrrA,Dual,ncgl1670,,ncgl1670,,,Dual,no,ChAP-seq,40338743,Literature_ChAP_HrrA_2025,1.0,HIGH,ATCC13032;cond=heme,ATCC13032
cg3247,,hrrA,Dual,ncgl1688,,ncgl1688,,,Dual,no,ChAP-seq,40338743,Literature_ChAP_HrrA_2025,1.0,HIGH,ATCC13032;cond=iron_excess,ATCC13032
cg3247,,hrrA,Dual,ncgl1692,,ncgl1692,,,Dual,no,ChAP-seq,40338743,Literature_ChAP_HrrA_2025,1.0,HIGH,ATCC13032;cond=iron_excess+heme,ATCC13032
cg3247,,hrrA,Dual,ncgl1705,,cglIIR,,,Dual,no,ChAP-seq,40338743,Literature_ChAP_HrrA_2025,1.0,HIGH,ATCC13032;cond=heme,ATCC13032
cg3247,,hrrA,Dual,ncgl1710,,ncgl1710,,,Dual,no,ChAP-seq,40338743,Literature_ChAP_HrrA_2025,1.0,HIGH,ATCC13032;cond=heme,ATCC13032
cg3247,,hrrA,Dual,ncgl1712,,ncgl1712,,,Dual,no,ChAP-seq,40338743,Literature_ChAP_HrrA_2025,1.0,HIGH,ATCC13032;cond=iron_excess+heme,ATCC13032
cg3247,,hrrA,Dual,ncgl1720,,ncgl1720,,,Dual,no,ChAP-seq,40338743,Literature_ChAP_HrrA_2025,1.0,HIGH,ATCC13032;cond=iron_excess+heme,ATCC13032
cg3247,,hrrA,Dual,ncgl1727,,ncgl1727,,,Dual,no,ChAP-seq,40338743,Literature_ChAP_HrrA_2025,1.0,HIGH,ATCC13032;cond=heme,ATCC13032
cg3247,,hrrA,Dual,ncgl1730,,ncgl1730,,,Dual,no,ChAP-seq,40338743,Literature_ChAP_HrrA_2025,1.0,HIGH,ATCC13032;cond=iron_excess+heme,ATCC13032
cg3247,,hrrA,Dual,ncgl1736,,ncgl1736,,,Dual,no,ChAP-seq,40338743,Literature_ChAP_HrrA_2025,1.0,HIGH,ATCC13032;cond=iron_excess+heme,ATCC13032
cg3247,,hrrA,Dual,ncgl1742,,ncgl1742,,,Dual,no,ChAP-seq,40338743,Literature_ChAP_HrrA_2025,1.0,HIGH,ATCC13032;cond=iron_excess+heme,ATCC13032
cg3247,,hrrA,Dual,ncgl1755,,ncgl1755,,,Dual,no,ChAP-seq,40338743,Literature_ChAP_HrrA_2025,1.0,HIGH,ATCC13032;cond=iron_excess+heme,ATCC13032
cg3247,,hrrA,Dual,ncgl1769,,ncgl1769,,,Dual,no,ChAP-seq,40338743,Literature_ChAP_HrrA_2025,1.0,HIGH,ATCC13032;cond=iron_excess,ATCC13032
cg3247,,hrrA,Dual,ncgl1787,,ncgl1787,,,Dual,no,ChAP-seq,40338743,Literature_ChAP_HrrA_2025,1.0,HIGH,ATCC13032;cond=iron_excess+heme,ATCC13032
cg3247,,hrrA,Dual,ncgl1793,,ncgl1793,,,Dual,no,ChAP-seq,40338743,Literature_ChAP_HrrA_2025,1.0,HIGH,ATCC13032;cond=heme,ATCC13032
cg3247,,hrrA,Dual,ncgl1806,,ncgl1806,,,Dual,no,ChAP-seq,40338743,Literature_ChAP_HrrA_2025,1.0,HIGH,ATCC13032;cond=iron_excess+heme,ATCC13032
cg3247,,hrrA,Dual,ncgl1815,,ncgl1815,,,Dual,no,ChAP-seq,40338743,Literature_ChAP_HrrA_2025,1.0,HIGH,ATCC13032;cond=heme,ATCC13032
cg3247,,hrrA,Dual,ncgl1822,,aftC,,,Dual,no,ChAP-seq,40338743,Literature_ChAP_HrrA_2025,1.0,HIGH,ATCC13032;cond=heme,ATCC13032
cg3247,,hrrA,Dual,ncgl1824,,ncgl1824,,,Dual,no,ChAP-seq,40338743,Literature_ChAP_HrrA_2025,1.0,HIGH,ATCC13032;cond=iron_excess+heme,ATCC13032
cg3247,,hrrA,Dual,ncgl1829,,ncgl1829,,,Dual,no,ChAP-seq,40338743,Literature_ChAP_HrrA_2025,1.0,HIGH,ATCC13032;cond=heme,ATCC13032
cg3247,,hrrA,Dual,ncgl1834,,suhB,,,Dual,no,ChAP-seq,40338743,Literature_ChAP_HrrA_2025,1.0,HIGH,ATCC13032;cond=iron_excess+heme,ATCC13032
cg3247,,hrrA,Dual,ncgl1873,,ncgl1873,,,Dual,no,ChAP-seq,40338743,Literature_ChAP_HrrA_2025,1.0,HIGH,ATCC13032;cond=heme,ATCC13032
cg3247,,hrrA,Dual,ncgl1875,,gluA,,,Dual,no,ChAP-seq,40338743,Literature_ChAP_HrrA_2025,1.0,HIGH,ATCC13032;cond=heme,ATCC13032
cg3247,,hrrA,Dual,ncgl1890,,ncgl1890,,,Dual,no,ChAP-seq,40338743,Literature_ChAP_HrrA_2025,1.0,HIGH,ATCC13032;cond=iron_excess+heme,ATCC13032
cg3247,,hrrA,Dual,ncgl1903,,ribF,,,Dual,no,ChAP-seq,40338743,Literature_ChAP_HrrA_2025,1.0,HIGH,ATCC13032;cond=heme,ATCC13032
cg3247,,hrrA,Dual,ncgl1911,,ncgl1911,,,Dual,no,ChAP-seq,40338743,Literature_ChAP_HrrA_2025,1.0,HIGH,ATCC13032;cond=iron_excess,ATCC13032
cg3247,,hrrA,Dual,ncgl1915,,oppA,,,Dual,no,ChAP-seq,40338743,Literature_ChAP_HrrA_2025,1.0,HIGH,ATCC13032;cond=iron_excess+heme,ATCC13032
cg3247,,hrrA,Dual,ncgl1919,,proS,,,Dual,no,ChAP-seq,40338743,Literature_ChAP_HrrA_2025,1.0,HIGH,ATCC13032;cond=heme,ATCC13032
cg3247,,hrrA,Dual,ncgl1921,,ncgl1921,,,Dual,no,ChAP-seq,40338743,Literature_ChAP_HrrA_2025,1.0,HIGH,ATCC13032;cond=heme,ATCC13032
cg3247,,hrrA,Dual,ncgl1922,,ncgl1922,,,Dual,no,ChAP-seq,40338743,Literature_ChAP_HrrA_2025,1.0,HIGH,ATCC13032;cond=heme,ATCC13032
cg3247,,hrrA,Dual,ncgl1929,,ncgl1929,,,Dual,no,ChAP-seq,40338743,Literature_ChAP_HrrA_2025,1.0,HIGH,ATCC13032;cond=iron_excess+heme,ATCC13032
cg3247,,hrrA,Dual,ncgl1930,,ncgl1930,,,Dual,no,ChAP-seq,40338743,Literature_ChAP_HrrA_2025,1.0,HIGH,ATCC13032;cond=iron_excess,ATCC13032
cg3247,,hrrA,Dual,ncgl1940,,dxr,,,Dual,no,ChAP-seq,40338743,Literature_ChAP_HrrA_2025,1.0,HIGH,ATCC13032;cond=iron_excess+heme,ATCC13032
cg3247,,hrrA,Dual,ncgl1941,,ncgl1941,,,Dual,no,ChAP-seq,40338743,Literature_ChAP_HrrA_2025,1.0,HIGH,ATCC13032;cond=iron_excess,ATCC13032
cg3247,,hrrA,Dual,ncgl1946,,cdsA,,,Dual,no,ChAP-seq,40338743,Literature_ChAP_HrrA_2025,1.0,HIGH,ATCC13032;cond=heme,ATCC13032
cg3247,,hrrA,Dual,ncgl1952,,xerC,,,Dual,no,ChAP-seq,40338743,Literature_ChAP_HrrA_2025,1.0,HIGH,ATCC13032;cond=iron_excess+heme,ATCC13032
cg3247,,hrrA,Dual,ncgl2026,,glgX,,,Dual,no,ChAP-seq,40338743,Literature_ChAP_HrrA_2025,1.0,HIGH,ATCC13032;cond=iron_excess+heme,ATCC13032
cg3247,,hrrA,Dual,ncgl2027,,ncgl2027,,,Dual,no,ChAP-seq,40338743,Literature_ChAP_HrrA_2025,1.0,HIGH,ATCC13032;cond=iron_excess+heme,ATCC13032
cg3247,,hrrA,Dual,ncgl2048,,ncgl2048,,,Dual,no,ChAP-seq,40338743,Literature_ChAP_HrrA_2025,1.0,HIGH,ATCC13032;cond=heme,ATCC13032
cg3247,,hrrA,Dual,ncgl2054,,ncgl2054,,,Dual,no,ChAP-seq,40338743,Literature_ChAP_HrrA_2025,1.0,HIGH,ATCC13032;cond=iron_excess,ATCC13032
cg3247,,hrrA,Dual,ncgl2055,,ncgl2055,,,Dual,no,ChAP-seq,40338743,Literature_ChAP_HrrA_2025,1.0,HIGH,ATCC13032;cond=iron_excess+heme,ATCC13032
cg3247,,hrrA,Dual,ncgl2104,,plsC,,,Dual,no,ChAP-seq,40338743,Literature_ChAP_HrrA_2025,1.0,HIGH,ATCC13032;cond=heme,ATCC13032
cg3247,,hrrA,Dual,ncgl2112,,ctaE,,,Dual,no,ChAP-seq,40338743,Literature_ChAP_HrrA_2025,1.0,HIGH,ATCC13032;cond=heme,ATCC13032
cg3247,,hrrA,Dual,ncgl2113,,ncgl2113,,,Dual,no,ChAP-seq,40338743,Literature_ChAP_HrrA_2025,1.0,HIGH,ATCC13032;cond=iron_excess+heme,ATCC13032
cg3247,,hrrA,Dual,ncgl2115,,ctaC,,,Dual,no,ChAP-seq,40338743,Literature_ChAP_HrrA_2025,1.0,HIGH,ATCC13032;cond=iron_excess+heme,ATCC13032
cg3247,,hrrA,Dual,ncgl2128,,lipA,,,Dual,no,ChAP-seq,40338743,Literature_ChAP_HrrA_2025,1.0,HIGH,ATCC13032;cond=iron_excess+heme,ATCC13032
cg3247,,hrrA,Dual,ncgl2146,,hmuO,,,Dual,no,ChAP-seq,40338743,Literature_ChAP_HrrA_2025,1.0,HIGH,ATCC13032;cond=iron_excess+heme,ATCC13032
cg3247,,hrrA,Dual,ncgl2167,,aceE,,,Dual,no,ChAP-seq,40338743,Literature_ChAP_HrrA_2025,1.0,HIGH,ATCC13032;cond=iron_excess,ATCC13032
cg3247,,hrrA,Dual,ncgl2174,,acpM,,,Dual,no,ChAP-seq,40338743,Literature_ChAP_HrrA_2025,1.0,HIGH,ATCC13032;cond=iron_excess+heme,ATCC13032
cg3247,,hrrA,Dual,ncgl2195,,ncgl2195,,,Dual,no,ChAP-seq,40338743,Literature_ChAP_HrrA_2025,1.0,HIGH,ATCC13032;cond=iron_excess+heme,ATCC13032
cg3247,,hrrA,Dual,ncgl2198,,glyS,,,Dual,no,ChAP-seq,40338743,Literature_ChAP_HrrA_2025,1.0,HIGH,ATCC13032;cond=iron_excess,ATCC13032
cg3247,,hrrA,Dual,ncgl2207,,ncgl2207,,,Dual,no,ChAP-seq,40338743,Literature_ChAP_HrrA_2025,1.0,HIGH,ATCC13032;cond=heme,ATCC13032
cg3247,,hrrA,Dual,ncgl2211,,hrcA,,,Dual,no,ChAP-seq,40338743,Literature_ChAP_HrrA_2025,1.0,HIGH,ATCC13032;cond=heme,ATCC13032
cg3247,,hrrA,Dual,ncgl2216,,fadD15,,,Dual,no,ChAP-seq,40338743,Literature_ChAP_HrrA_2025,1.0,HIGH,ATCC13032;cond=iron_excess+heme,ATCC13032
cg3247,,hrrA,Dual,ncgl2217,,malQ,,,Dual,no,ChAP-seq,40338743,Literature_ChAP_HrrA_2025,1.0,HIGH,ATCC13032;cond=iron_excess,ATCC13032
cg3247,,hrrA,Dual,ncgl2228,,brnQ,,,Dual,no,ChAP-seq,40338743,Literature_ChAP_HrrA_2025,1.0,HIGH,ATCC13032;cond=iron_excess+heme,ATCC13032
cg3247,,hrrA,Dual,ncgl2236,,ncgl2236,,,Dual,no,ChAP-seq,40338743,Literature_ChAP_HrrA_2025,1.0,HIGH,ATCC13032;cond=iron_excess+heme,ATCC13032
cg3247,,hrrA,Dual,ncgl2247,,aceB,,,Dual,no,ChAP-seq,40338743,Literature_ChAP_HrrA_2025,1.0,HIGH,ATCC13032;cond=iron_excess,ATCC13032
cg3247,,hrrA,Dual,ncgl2248,,aceA,,,Dual,no,ChAP-seq,40338743,Literature_ChAP_HrrA_2025,1.0,HIGH,ATCC13032;cond=heme,ATCC13032
cg3247,,hrrA,Dual,ncgl2252,,ncgl2252,,,Dual,no,ChAP-seq,40338743,Literature_ChAP_HrrA_2025,1.0,HIGH,ATCC13032;cond=iron_excess,ATCC13032
cg3247,,hrrA,Dual,ncgl2253,,ncgl2253,,,Dual,no,ChAP-seq,40338743,Literature_ChAP_HrrA_2025,1.0,HIGH,ATCC13032;cond=iron_excess,ATCC13032
cg3247,,hrrA,Dual,ncgl2254,,ncgl2254,,,Dual,no,ChAP-seq,40338743,Literature_ChAP_HrrA_2025,1.0,HIGH,ATCC13032;cond=iron_excess,ATCC13032
cg3247,,hrrA,Dual,ncgl2261,,rpsT,,,Dual,no,ChAP-seq,40338743,Literature_ChAP_HrrA_2025,1.0,HIGH,ATCC13032;cond=heme,ATCC13032
cg3247,,hrrA,Dual,ncgl2280,,rplU,,,Dual,no,ChAP-seq,40338743,Literature_ChAP_HrrA_2025,1.0,HIGH,ATCC13032;cond=iron_excess,ATCC13032
cg3247,,hrrA,Dual,ncgl2296,,ncgl2296,,,Dual,no,ChAP-seq,40338743,Literature_ChAP_HrrA_2025,1.0,HIGH,ATCC13032;cond=iron_excess,ATCC13032
cg3247,,hrrA,Dual,ncgl2304,,clpX,,,Dual,no,ChAP-seq,40338743,Literature_ChAP_HrrA_2025,1.0,HIGH,ATCC13032;cond=iron_excess,ATCC13032
cg3247,,hrrA,Dual,ncgl2309,,pcaF,,,Dual,no,ChAP-seq,40338743,Literature_ChAP_HrrA_2025,1.0,HIGH,ATCC13032;cond=iron_excess+heme,ATCC13032
cg3247,,hrrA,Dual,ncgl2316,,ncgl2316,,,Dual,no,ChAP-seq,40338743,Literature_ChAP_HrrA_2025,1.0,HIGH,ATCC13032;cond=heme,ATCC13032
cg3247,,hrrA,Dual,ncgl2324,,benR,,,Dual,no,ChAP-seq,40338743,Literature_ChAP_HrrA_2025,1.0,HIGH,ATCC13032;cond=iron_excess+heme,ATCC13032
cg3247,,hrrA,Dual,ncgl2326,,benE,,,Dual,no,ChAP-seq,40338743,Literature_ChAP_HrrA_2025,1.0,HIGH,ATCC13032;cond=heme,ATCC13032
cg3247,,hrrA,Dual,ncgl2350,,ncgl2350,,,Dual,no,ChAP-seq,40338743,Literature_ChAP_HrrA_2025,1.0,HIGH,ATCC13032;cond=iron_excess+heme,ATCC13032
cg3247,,hrrA,Dual,ncgl2355,,argD2,,,Dual,no,ChAP-seq,40338743,Literature_ChAP_HrrA_2025,1.0,HIGH,ATCC13032;cond=heme,ATCC13032
cg3247,,hrrA,Dual,ncgl2358,,ncgl2358,,,Dual,no,ChAP-seq,40338743,Literature_ChAP_HrrA_2025,1.0,HIGH,ATCC13032;cond=iron_excess+heme,ATCC13032
cg3247,,hrrA,Dual,ncgl2384,,hyi,,,Dual,no,ChAP-seq,40338743,Literature_ChAP_HrrA_2025,1.0,HIGH,ATCC13032;cond=heme,ATCC13032
cg3247,,hrrA,Dual,ncgl2410,,ncgl2410,,,Dual,no,ChAP-seq,40338743,Literature_ChAP_HrrA_2025,1.0,HIGH,ATCC13032;cond=heme,ATCC13032
cg3247,,hrrA,Dual,ncgl2422,,cpdA,,,Dual,no,ChAP-seq,40338743,Literature_ChAP_HrrA_2025,1.0,HIGH,ATCC13032;cond=iron_excess+heme,ATCC13032
cg3247,,hrrA,Dual,ncgl2434,,ncgl2434,,,Dual,no,ChAP-seq,40338743,Literature_ChAP_HrrA_2025,1.0,HIGH,ATCC13032;cond=heme,ATCC13032
cg3247,,hrrA,Dual,ncgl2437,,ctaD,,,Dual,no,ChAP-seq,40338743,Literature_ChAP_HrrA_2025,1.0,HIGH,ATCC13032;cond=iron_excess+heme,ATCC13032
cg3247,,hrrA,Dual,ncgl2443,,nrdE,,,Dual,no,ChAP-seq,40338743,Literature_ChAP_HrrA_2025,1.0,HIGH,ATCC13032;cond=iron_excess+heme,ATCC13032
cg3247,,hrrA,Dual,ncgl2446a,,ncgl2446a,,,Dual,no,ChAP-seq,40338743,Literature_ChAP_HrrA_2025,1.0,HIGH,ATCC13032;cond=iron_excess,ATCC13032
cg3247,,hrrA,Dual,ncgl2447,,ncgl2447,,,Dual,no,ChAP-seq,40338743,Literature_ChAP_HrrA_2025,1.0,HIGH,ATCC13032;cond=iron_excess,ATCC13032
cg3247,,hrrA,Dual,ncgl2465,,ncgl2465,,,Dual,no,ChAP-seq,40338743,Literature_ChAP_HrrA_2025,1.0,HIGH,ATCC13032;cond=iron_excess+heme,ATCC13032
cg3247,,hrrA,Dual,ncgl2466,,ncgl2466,,,Dual,no,ChAP-seq,40338743,Literature_ChAP_HrrA_2025,1.0,HIGH,ATCC13032;cond=iron_excess,ATCC13032
cg3247,,hrrA,Dual,ncgl2471,,pduO,,,Dual,no,ChAP-seq,40338743,Literature_ChAP_HrrA_2025,1.0,HIGH,ATCC13032;cond=iron_excess,ATCC13032
cg3247,,hrrA,Dual,ncgl2472,,ramA,,,Dual,no,ChAP-seq,40338743,Literature_ChAP_HrrA_2025,1.0,HIGH,ATCC13032;cond=iron_excess+heme,ATCC13032
cg3247,,hrrA,Dual,ncgl2473,,cysK,,,Dual,no,ChAP-seq,40338743,Literature_ChAP_HrrA_2025,1.0,HIGH,ATCC13032;cond=iron_excess,ATCC13032
cg3247,,hrrA,Dual,ncgl2482,,phoU,,,Dual,no,ChAP-seq,40338743,Literature_ChAP_HrrA_2025,1.0,HIGH,ATCC13032;cond=iron_excess+heme,ATCC13032
cg3247,,hrrA,Dual,ncgl2491,,ncgl2491,,,Dual,no,ChAP-seq,40338743,Literature_ChAP_HrrA_2025,1.0,HIGH,ATCC13032;cond=iron_excess,ATCC13032
cg3247,,hrrA,Dual,ncgl2492,,ncgl2492,,,Dual,no,ChAP-seq,40338743,Literature_ChAP_HrrA_2025,1.0,HIGH,ATCC13032;cond=iron_excess,ATCC13032
cg3247,,hrrA,Dual,ncgl2569,,ispF,,,Dual,no,ChAP-seq,40338743,Literature_ChAP_HrrA_2025,1.0,HIGH,ATCC13032;cond=iron_excess+heme,ATCC13032
cg3247,,hrrA,Dual,ncgl2574,,ncgl2574,,,Dual,no,ChAP-seq,40338743,Literature_ChAP_HrrA_2025,1.0,HIGH,ATCC13032;cond=iron_excess+heme,ATCC13032
cg3247,,hrrA,Dual,ncgl2577,,ncgl2577,,,Dual,no,ChAP-seq,40338743,Literature_ChAP_HrrA_2025,1.0,HIGH,ATCC13032;cond=iron_excess+heme,ATCC13032
cg3247,,hrrA,Dual,ncgl2581,,ncgl2581,,,Dual,no,ChAP-seq,40338743,Literature_ChAP_HrrA_2025,1.0,HIGH,ATCC13032;cond=iron_excess,ATCC13032
cg3247,,hrrA,Dual,ncgl2589,,ncgl2589,,,Dual,no,ChAP-seq,40338743,Literature_ChAP_HrrA_2025,1.0,HIGH,ATCC13032;cond=iron_excess+heme,ATCC13032
cg3247,,hrrA,Dual,ncgl2591,,ncgl2591,,,Dual,no,ChAP-seq,40338743,Literature_ChAP_HrrA_2025,1.0,HIGH,ATCC13032;cond=iron_excess,ATCC13032
cg3247,,hrrA,Dual,ncgl2592,,lmrB,,,Dual,no,ChAP-seq,40338743,Literature_ChAP_HrrA_2025,1.0,HIGH,ATCC13032;cond=iron_excess+heme,ATCC13032
cg3247,,hrrA,Dual,ncgl2602,,folE,,,Dual,no,ChAP-seq,40338743,Literature_ChAP_HrrA_2025,1.0,HIGH,ATCC13032;cond=heme,ATCC13032
cg3247,,hrrA,Dual,ncgl2648,,ncgl2648,,,Dual,no,ChAP-seq,40338743,Literature_ChAP_HrrA_2025,1.0,HIGH,ATCC13032;cond=iron_excess,ATCC13032
cg3247,,hrrA,Dual,ncgl2655,,pknG,,,Dual,no,ChAP-seq,40338743,Literature_ChAP_HrrA_2025,1.0,HIGH,ATCC13032;cond=heme,ATCC13032
cg3247,,hrrA,Dual,ncgl2659,,ncgl2659,,,Dual,no,ChAP-seq,40338743,Literature_ChAP_HrrA_2025,1.0,HIGH,ATCC13032;cond=heme,ATCC13032
cg3247,,hrrA,Dual,ncgl2663,,purT,,,Dual,no,ChAP-seq,40338743,Literature_ChAP_HrrA_2025,1.0,HIGH,ATCC13032;cond=heme,ATCC13032
cg3247,,hrrA,Dual,ncgl2664,,ncgl2664,,,Dual,no,ChAP-seq,40338743,Literature_ChAP_HrrA_2025,1.0,HIGH,ATCC13032;cond=iron_excess+heme,ATCC13032
cg3247,,hrrA,Dual,ncgl2666,,tnp8a,,,Dual,no,ChAP-seq,40338743,Literature_ChAP_HrrA_2025,1.0,HIGH,ATCC13032;cond=iron_excess,ATCC13032
cg3247,,hrrA,Dual,ncgl2673,,fda,,,Dual,no,ChAP-seq,40338743,Literature_ChAP_HrrA_2025,1.0,HIGH,ATCC13032;cond=iron_excess+heme,ATCC13032
cg3247,,hrrA,Dual,ncgl2674,,ncgl2674,,,Dual,no,ChAP-seq,40338743,Literature_ChAP_HrrA_2025,1.0,HIGH,ATCC13032;cond=iron_excess+heme,ATCC13032
cg3247,,hrrA,Dual,ncgl2699,,hspR,,,Dual,no,ChAP-seq,40338743,Literature_ChAP_HrrA_2025,1.0,HIGH,ATCC13032;cond=heme,ATCC13032
cg3247,,hrrA,Dual,ncgl2702,,dnaK,,,Dual,no,ChAP-seq,40338743,Literature_ChAP_HrrA_2025,1.0,HIGH,ATCC13032;cond=iron_excess,ATCC13032
cg3247,,hrrA,Dual,ncgl2703,,ncgl2703,,,Dual,no,ChAP-seq,40338743,Literature_ChAP_HrrA_2025,1.0,HIGH,ATCC13032;cond=iron_excess+heme,ATCC13032
cg3247,,hrrA,Dual,ncgl2716,,cysD,,,Dual,no,ChAP-seq,40338743,Literature_ChAP_HrrA_2025,1.0,HIGH,ATCC13032;cond=heme,ATCC13032
cg3247,,hrrA,Dual,ncgl2719,,cysJ (fpr2),,,Dual,no,ChAP-seq,40338743,Literature_ChAP_HrrA_2025,1.0,HIGH,ATCC13032;cond=iron_excess,ATCC13032
cg3247,,hrrA,Dual,ncgl2720,,ncgl2720,,,Dual,no,ChAP-seq,40338743,Literature_ChAP_HrrA_2025,1.0,HIGH,ATCC13032;cond=heme,ATCC13032
cg3247,,hrrA,Dual,ncgl2726,,tctC,,,Dual,no,ChAP-seq,40338743,Literature_ChAP_HrrA_2025,1.0,HIGH,ATCC13032;cond=iron_excess+heme,ATCC13032
cg3247,,hrrA,Dual,ncgl2748,,ncgl2748,,,Dual,no,ChAP-seq,40338743,Literature_ChAP_HrrA_2025,1.0,HIGH,ATCC13032;cond=iron_excess+heme,ATCC13032
cg3247,,hrrA,Dual,ncgl2752,,htaD,,,Dual,no,ChAP-seq,40338743,Literature_ChAP_HrrA_2025,1.0,HIGH,ATCC13032;cond=iron_excess+heme,ATCC13032
cg3247,,hrrA,Dual,ncgl2762,,ncgl2762,,,Dual,no,ChAP-seq,40338743,Literature_ChAP_HrrA_2025,1.0,HIGH,ATCC13032;cond=iron_excess+heme,ATCC13032
cg3247,,hrrA,Dual,ncgl2765,,pck,,,Dual,no,ChAP-seq,40338743,Literature_ChAP_HrrA_2025,1.0,HIGH,ATCC13032;cond=iron_excess,ATCC13032
cg3247,,hrrA,Dual,ncgl2768,,ncgl2768,,,Dual,no,ChAP-seq,40338743,Literature_ChAP_HrrA_2025,1.0,HIGH,ATCC13032;cond=iron_excess+heme,ATCC13032
cg3247,,hrrA,Dual,ncgl2770,,ncgl2770,,,Dual,no,ChAP-seq,40338743,Literature_ChAP_HrrA_2025,1.0,HIGH,ATCC13032;cond=iron_excess+heme,ATCC13032
cg3247,,hrrA,Dual,ncgl2777,,cop1,,,Dual,no,ChAP-seq,40338743,Literature_ChAP_HrrA_2025,1.0,HIGH,ATCC13032;cond=iron_excess+heme,ATCC13032
cg3247,,hrrA,Dual,ncgl2787,,ncgl2787,,,Dual,no,ChAP-seq,40338743,Literature_ChAP_HrrA_2025,1.0,HIGH,ATCC13032;cond=iron_excess+heme,ATCC13032
cg3247,,hrrA,Dual,ncgl2789,,psp5,,,Dual,no,ChAP-seq,40338743,Literature_ChAP_HrrA_2025,1.0,HIGH,ATCC13032;cond=iron_excess+heme,ATCC13032
cg3247,,hrrA,Dual,ncgl2791,,ncgl2791,,,Dual,no,ChAP-seq,40338743,Literature_ChAP_HrrA_2025,1.0,HIGH,ATCC13032;cond=iron_excess+heme,ATCC13032
cg3247,,hrrA,Dual,ncgl2794,,farR,,,Dual,no,ChAP-seq,40338743,Literature_ChAP_HrrA_2025,1.0,HIGH,ATCC13032;cond=iron_excess,ATCC13032
cg3247,,hrrA,Dual,ncgl2809,,ncgl2809,,,Dual,no,ChAP-seq,40338743,Literature_ChAP_HrrA_2025,1.0,HIGH,ATCC13032;cond=iron_excess,ATCC13032
cg3247,,hrrA,Dual,ncgl2810,,ldhA (ldh),,,Dual,no,ChAP-seq,40338743,Literature_ChAP_HrrA_2025,1.0,HIGH,ATCC13032;cond=iron_excess,ATCC13032
cg3247,,hrrA,Dual,ncgl2816,,ncgl2816,,,Dual,no,ChAP-seq,40338743,Literature_ChAP_HrrA_2025,1.0,HIGH,ATCC13032;cond=iron_excess+heme,ATCC13032
cg3247,,hrrA,Dual,ncgl2826,,sodA (sod),,,Dual,no,ChAP-seq,40338743,Literature_ChAP_HrrA_2025,1.0,HIGH,ATCC13032;cond=iron_excess,ATCC13032
cg3247,,hrrA,Dual,ncgl2834,,hrrA (cgtR11),,,Dual,no,ChAP-seq,40338743,Literature_ChAP_HrrA_2025,1.0,HIGH,ATCC13032;cond=iron_excess+heme,ATCC13032
cg3247,,hrrA,Dual,ncgl2842,,uspA3,,,Dual,no,ChAP-seq,40338743,Literature_ChAP_HrrA_2025,1.0,HIGH,ATCC13032;cond=iron_excess,ATCC13032
cg3247,,hrrA,Dual,ncgl2843,,ncgl2843,,,Dual,no,ChAP-seq,40338743,Literature_ChAP_HrrA_2025,1.0,HIGH,ATCC13032;cond=iron_excess,ATCC13032
cg3247,,hrrA,Dual,ncgl2845,,ncgl2845,,,Dual,no,ChAP-seq,40338743,Literature_ChAP_HrrA_2025,1.0,HIGH,ATCC13032;cond=iron_excess,ATCC13032
cg3247,,hrrA,Dual,ncgl2847,,ncgl2847,,,Dual,no,ChAP-seq,40338743,Literature_ChAP_HrrA_2025,1.0,HIGH,ATCC13032;cond=heme,ATCC13032
cg3247,,hrrA,Dual,ncgl2861,,ncgl2861,,,Dual,no,ChAP-seq,40338743,Literature_ChAP_HrrA_2025,1.0,HIGH,ATCC13032;cond=iron_excess,ATCC13032
cg3247,,hrrA,Dual,ncgl2874,,trxB1,,,Dual,no,ChAP-seq,40338743,Literature_ChAP_HrrA_2025,1.0,HIGH,ATCC13032;cond=iron_excess,ATCC13032
cg3247,,hrrA,Dual,ncgl2881,,rpsF,,,Dual,no,ChAP-seq,40338743,Literature_ChAP_HrrA_2025,1.0,HIGH,ATCC13032;cond=iron_excess,ATCC13032
cg3247,,hrrA,Dual,ncgl2885,,ncgl2885,,,Dual,no,ChAP-seq,40338743,Literature_ChAP_HrrA_2025,1.0,HIGH,ATCC13032;cond=iron_excess,ATCC13032
cg3247,,hrrA,Dual,ncgl2888,,ncgl2888,,,Dual,no,ChAP-seq,40338743,Literature_ChAP_HrrA_2025,1.0,HIGH,ATCC13032;cond=iron_excess+heme,ATCC13032
cg3247,,hrrA,Dual,ncgl2894,,ino1,,,Dual,no,ChAP-seq,40338743,Literature_ChAP_HrrA_2025,1.0,HIGH,ATCC13032;cond=iron_excess+heme,ATCC13032
cg3247,,hrrA,Dual,ncgl2897,,dps,,,Dual,no,ChAP-seq,40338743,Literature_ChAP_HrrA_2025,1.0,HIGH,ATCC13032;cond=iron_excess,ATCC13032
cg3247,,hrrA,Dual,ncgl2902,,qor3,,,Dual,no,ChAP-seq,40338743,Literature_ChAP_HrrA_2025,1.0,HIGH,ATCC13032;cond=heme,ATCC13032
cg3247,,hrrA,Dual,ncgl2905,,gntK,,,Dual,no,ChAP-seq,40338743,Literature_ChAP_HrrA_2025,1.0,HIGH,ATCC13032;cond=iron_excess+heme,ATCC13032
cg3247,,hrrA,Dual,ncgl2911,,ncgl2911,,,Dual,no,ChAP-seq,40338743,Literature_ChAP_HrrA_2025,1.0,HIGH,ATCC13032;cond=iron_excess,ATCC13032
cg3247,,hrrA,Dual,ncgl2916,,ncgl2916,,,Dual,no,ChAP-seq,40338743,Literature_ChAP_HrrA_2025,1.0,HIGH,ATCC13032;cond=iron_excess,ATCC13032
cg3247,,hrrA,Dual,ncgl2924,,ncgl2924,,,Dual,no,ChAP-seq,40338743,Literature_ChAP_HrrA_2025,1.0,HIGH,ATCC13032;cond=iron_excess,ATCC13032
cg3247,,hrrA,Dual,ncgl2925,,trpP,,,Dual,no,ChAP-seq,40338743,Literature_ChAP_HrrA_2025,1.0,HIGH,ATCC13032;cond=iron_excess,ATCC13032
cg3247,,hrrA,Dual,ncgl2938,,ncgl2938,,,Dual,no,ChAP-seq,40338743,Literature_ChAP_HrrA_2025,1.0,HIGH,ATCC13032;cond=heme,ATCC13032
cg3247,,hrrA,Dual,ncgl2952,,tcbF (rhcM2),,,Dual,no,ChAP-seq,40338743,Literature_ChAP_HrrA_2025,1.0,HIGH,ATCC13032;cond=heme,ATCC13032
cg3247,,hrrA,Dual,ncgl2968,,ncgl2968,,,Dual,no,ChAP-seq,40338743,Literature_ChAP_HrrA_2025,1.0,HIGH,ATCC13032;cond=iron_excess+heme,ATCC13032
cg3247,,hrrA,Dual,ncgl2980,,ncgl2980,,,Dual,no,ChAP-seq,40338743,Literature_ChAP_HrrA_2025,1.0,HIGH,ATCC13032;cond=iron_excess,ATCC13032
cg3247,,hrrA,Dual,ncgl2991,,ncgl2991,,,Dual,no,ChAP-seq,40338743,Literature_ChAP_HrrA_2025,1.0,HIGH,ATCC13032;cond=heme,ATCC13032
cg3247,,hrrA,Dual,ncgl2993,,rpmH,,,Dual,no,ChAP-seq,40338743,Literature_ChAP_HrrA_2025,1.0,HIGH,ATCC13032;cond=iron_excess,ATCC13032
cg0309,,sigC,A,cgrrev16452,,cgrrev16452,,,A,yes,ChIP-chip,26500293,GEO_GSE72452_SigC,1.0,HIGH,ATCC13032,Strain_R
cg0309,,sigC,A,cgrfwd09387,,cgrfwd09387,,,A,yes,ChIP-chip,26500293,GEO_GSE72452_SigC,1.0,HIGH,ATCC13032,Strain_R
cg0309,,sigC,A,cgrfwd05512,,cgrfwd05512,,,A,yes,ChIP-chip,26500293,GEO_GSE72452_SigC,1.0,HIGH,ATCC13032,Strain_R
cg0309,,sigC,A,cgrfwd13767,,cgrfwd13767,,,A,yes,ChIP-chip,26500293,GEO_GSE72452_SigC,1.0,HIGH,ATCC13032,Strain_R
cg0309,,sigC,A,cgrrev00718,,cgrrev00718,,,A,yes,ChIP-chip,26500293,GEO_GSE72452_SigC,1.0,HIGH,ATCC13032,Strain_R
cg0309,,sigC,A,cgr2879,,cgr2879,,,A,yes,ChIP-chip,26500293,GEO_GSE72452_SigC,1.0,HIGH,ATCC13032,Strain_R
cg0309,,sigC,A,cgrrev01465,,cgrrev01465,,,A,yes,ChIP-chip,26500293,GEO_GSE72452_SigC,1.0,HIGH,ATCC13032,Strain_R
cg0696,,sigD,A,(+)e1a_r60_a22,,(+)e1a_r60_a22,,,A,yes,ChIP-chip,28874697,GEO_GSE102323_SigD,1.0,HIGH,ATCC13032,Strain_R
cg0696,,sigD,A,darkcorner,,darkcorner,,,A,yes,ChIP-chip,28874697,GEO_GSE102323_SigD,1.0,HIGH,ATCC13032,Strain_R
gntr1,,gntR1,R,cgrrev02141,,cgrrev02141,,,R,no,ChIP-chip,24982231,GEO_GSE58632_GntR1,1.0,HIGH,ATCC13032,Strain_R
gntr1,,gntR1,R,cgrrev12428,,cgrrev12428,,,R,no,ChIP-chip,24982231,GEO_GSE58632_GntR1,1.0,HIGH,ATCC13032,Strain_R
gntr1,,gntR1,R,cgrfwd12146,,cgrfwd12146,,,R,no,ChIP-chip,24982231,GEO_GSE58632_GntR1,1.0,HIGH,ATCC13032,Strain_R
gntr1,,gntR1,R,cgrfwd11590,,cgrfwd11590,,,R,no,ChIP-chip,24982231,GEO_GSE58632_GntR1,1.0,HIGH,ATCC13032,Strain_R
gntr1,,gntR1,R,cgrfwd17744,,cgrfwd17744,,,R,no,ChIP-chip,24982231,GEO_GSE58632_GntR1,1.0,HIGH,ATCC13032,Strain_R
gntr1,,gntR1,R,cgrfwd09338,,cgrfwd09338,,,R,no,ChIP-chip,24982231,GEO_GSE58632_GntR1,1.0,HIGH,ATCC13032,Strain_R
gntr1,,gntR1,R,cgr3007,,cgr3007,,,R,no,ChIP-chip,24982231,GEO_GSE58632_GntR1,1.0,HIGH,ATCC13032,Strain_R
gntr1,,gntR1,R,cgrfwd10056,,cgrfwd10056,,,R,no,ChIP-chip,24982231,GEO_GSE58632_GntR1,1.0,HIGH,ATCC13032,Strain_R
gntr1,,gntR1,R,cgrrev04884,,cgrrev04884,,,R,no,ChIP-chip,24982231,GEO_GSE58632_GntR1,1.0,HIGH,ATCC13032,Strain_R
gntr1,,gntR1,R,cgrrev03104,,cgrrev03104,,,R,no,ChIP-chip,24982231,GEO_GSE58632_GntR1,1.0,HIGH,ATCC13032,Strain_R
gntr1,,gntR1,R,cgrrev06322,,cgrrev06322,,,R,no,ChIP-chip,24982231,GEO_GSE58632_GntR1,1.0,HIGH,ATCC13032,Strain_R
gntr1,,gntR1,R,cgrfwd13943,,cgrfwd13943,,,R,no,ChIP-chip,24982231,GEO_GSE58632_GntR1,1.0,HIGH,ATCC13032,Strain_R
gntr1,,gntR1,R,cgrfwd10054,,cgrfwd10054,,,R,no,ChIP-chip,24982231,GEO_GSE58632_GntR1,1.0,HIGH,ATCC13032,Strain_R
gntr1,,gntR1,R,cgrrev09702,,cgrrev09702,,,R,no,ChIP-chip,24982231,GEO_GSE58632_GntR1,1.0,HIGH,ATCC13032,Strain_R
gntr1,,gntR1,R,cgrfwd17374,,cgrfwd17374,,,R,no,ChIP-chip,24982231,GEO_GSE58632_GntR1,1.0,HIGH,ATCC13032,Strain_R
gntr1,,gntR1,R,cgrfwd15088,,cgrfwd15088,,,R,no,ChIP-chip,24982231,GEO_GSE58632_GntR1,1.0,HIGH,ATCC13032,Strain_R
gntr1,,gntR1,R,cgrrev09123,,cgrrev09123,,,R,no,ChIP-chip,24982231,GEO_GSE58632_GntR1,1.0,HIGH,ATCC13032,Strain_R
gntr1,,gntR1,R,cgrrev00721,,cgrrev00721,,,R,no,ChIP-chip,24982231,GEO_GSE58632_GntR1,1.0,HIGH,ATCC13032,Strain_R
gntr1,,gntR1,R,cgrfwd02664,,cgrfwd02664,,,R,no,ChIP-chip,24982231,GEO_GSE58632_GntR1,1.0,HIGH,ATCC13032,Strain_R
gntr1,,gntR1,R,cgrrev08399,,cgrrev08399,,,R,no,ChIP-chip,24982231,GEO_GSE58632_GntR1,1.0,HIGH,ATCC13032,Strain_R
gntr1,,gntR1,R,cgrfwd17882,,cgrfwd17882,,,R,no,ChIP-chip,24982231,GEO_GSE58632_GntR1,1.0,HIGH,ATCC13032,Strain_R
gntr1,,gntR1,R,cgrfwd04132,,cgrfwd04132,,,R,no,ChIP-chip,24982231,GEO_GSE58632_GntR1,1.0,HIGH,ATCC13032,Strain_R
gntr1,,gntR1,R,cgrrev07965,,cgrrev07965,,,R,no,ChIP-chip,24982231,GEO_GSE58632_GntR1,1.0,HIGH,ATCC13032,Strain_R
gntr1,,gntR1,R,cgrrev00720,,cgrrev00720,,,R,no,ChIP-chip,24982231,GEO_GSE58632_GntR1,1.0,HIGH,ATCC13032,Strain_R
gntr1,,gntR1,R,cgrfwd10060,,cgrfwd10060,,,R,no,ChIP-chip,24982231,GEO_GSE58632_GntR1,1.0,HIGH,ATCC13032,Strain_R
gntr1,,gntR1,R,cgrrev07968,,cgrrev07968,,,R,no,ChIP-chip,24982231,GEO_GSE58632_GntR1,1.0,HIGH,ATCC13032,Strain_R
gntr1,,gntR1,R,cgrfwd10160,,cgrfwd10160,,,R,no,ChIP-chip,24982231,GEO_GSE58632_GntR1,1.0,HIGH,ATCC13032,Strain_R
gntr1,,gntR1,R,cgrrev15643,,cgrrev15643,,,R,no,ChIP-chip,24982231,GEO_GSE58632_GntR1,1.0,HIGH,ATCC13032,Strain_R
gntr1,,gntR1,R,cgrfwd13945,,cgrfwd13945,,,R,no,ChIP-chip,24982231,GEO_GSE58632_GntR1,1.0,HIGH,ATCC13032,Strain_R
gntr1,,gntR1,R,cgr1600,,cgr1600,,,R,no,ChIP-chip,24982231,GEO_GSE58632_GntR1,1.0,HIGH,ATCC13032,Strain_R
gntr1,,gntR1,R,cgrrev05497,,cgrrev05497,,,R,no,ChIP-chip,24982231,GEO_GSE58632_GntR1,1.0,HIGH,ATCC13032,Strain_R
gntr1,,gntR1,R,cgrfwd17375,,cgrfwd17375,,,R,no,ChIP-chip,24982231,GEO_GSE58632_GntR1,1.0,HIGH,ATCC13032,Strain_R
gntr1,,gntR1,R,cgrfwd06598,,cgrfwd06598,,,R,no,ChIP-chip,24982231,GEO_GSE58632_GntR1,1.0,HIGH,ATCC13032,Strain_R
gntr1,,gntR1,R,cgrrev04883,,cgrrev04883,,,R,no,ChIP-chip,24982231,GEO_GSE58632_GntR1,1.0,HIGH,ATCC13032,Strain_R
gntr1,,gntR1,R,cgrfwd17746,,cgrfwd17746,,,R,no,ChIP-chip,24982231,GEO_GSE58632_GntR1,1.0,HIGH,ATCC13032,Strain_R
gntr1,,gntR1,R,cgrfwd14737,,cgrfwd14737,,,R,no,ChIP-chip,24982231,GEO_GSE58632_GntR1,1.0,HIGH,ATCC13032,Strain_R
gntr1,,gntR1,R,cgrrev08400,,cgrrev08400,,,R,no,ChIP-chip,24982231,GEO_GSE58632_GntR1,1.0,HIGH,ATCC13032,Strain_R
gntr1,,gntR1,R,cgrfwd13720,,cgrfwd13720,,,R,no,ChIP-chip,24982231,GEO_GSE58632_GntR1,1.0,HIGH,ATCC13032,Strain_R
gntr1,,gntR1,R,cgrrev05494,,cgrrev05494,,,R,no,ChIP-chip,24982231,GEO_GSE58632_GntR1,1.0,HIGH,ATCC13032,Strain_R
gntr1,,gntR1,R,cgrrev08401,,cgrrev08401,,,R,no,ChIP-chip,24982231,GEO_GSE58632_GntR1,1.0,HIGH,ATCC13032,Strain_R
gntr1,,gntR1,R,cgrrev09791,,cgrrev09791,,,R,no,ChIP-chip,24982231,GEO_GSE58632_GntR1,1.0,HIGH,ATCC13032,Strain_R
gntr1,,gntR1,R,cgr2280,,cgr2280,,,R,no,ChIP-chip,24982231,GEO_GSE58632_GntR1,1.0,HIGH,ATCC13032,Strain_R
gntr1,,gntR1,R,cgrrev15789,,cgrrev15789,,,R,no,ChIP-chip,24982231,GEO_GSE58632_GntR1,1.0,HIGH,ATCC13032,Strain_R
gntr1,,gntR1,R,cgr1811,,cgr1811,,,R,no,ChIP-chip,24982231,GEO_GSE58632_GntR1,1.0,HIGH,ATCC13032,Strain_R
gntr1,,gntR1,R,cgrfwd02428,,cgrfwd02428,,,R,no,ChIP-chip,24982231,GEO_GSE58632_GntR1,1.0,HIGH,ATCC13032,Strain_R
gntr1,,gntR1,R,cgrrev03138,,cgrrev03138,,,R,no,ChIP-chip,24982231,GEO_GSE58632_GntR1,1.0,HIGH,ATCC13032,Strain_R
gntr1,,gntR1,R,cgrfwd16320,,cgrfwd16320,,,R,no,ChIP-chip,24982231,GEO_GSE58632_GntR1,1.0,HIGH,ATCC13032,Strain_R
gntr1,,gntR1,R,cgrrev03337,,cgrrev03337,,,R,no,ChIP-chip,24982231,GEO_GSE58632_GntR1,1.0,HIGH,ATCC13032,Strain_R
gntr1,,gntR1,R,cgrfwd10492,,cgrfwd10492,,,R,no,ChIP-chip,24982231,GEO_GSE58632_GntR1,1.0,HIGH,ATCC13032,Strain_R
gntr1,,gntR1,R,cgrfwd15126,,cgrfwd15126,,,R,no,ChIP-chip,24982231,GEO_GSE58632_GntR1,1.0,HIGH,ATCC13032,Strain_R
gntr1,,gntR1,R,cgrfwd09335,,cgrfwd09335,,,R,no,ChIP-chip,24982231,GEO_GSE58632_GntR1,1.0,HIGH,ATCC13032,Strain_R
gntr1,,gntR1,R,cgrfwd09337,,cgrfwd09337,,,R,no,ChIP-chip,24982231,GEO_GSE58632_GntR1,1.0,HIGH,ATCC13032,Strain_R
gntr1,,gntR1,R,cgrrev03371,,cgrrev03371,,,R,no,ChIP-chip,24982231,GEO_GSE58632_GntR1,1.0,HIGH,ATCC13032,Strain_R
gntr1,,gntR1,R,cgrfwd10490,,cgrfwd10490,,,R,no,ChIP-chip,24982231,GEO_GSE58632_GntR1,1.0,HIGH,ATCC13032,Strain_R
gntr1,,gntR1,R,cgr2635,,cgr2635,,,R,no,ChIP-chip,24982231,GEO_GSE58632_GntR1,1.0,HIGH,ATCC13032,Strain_R
gntr1,,gntR1,R,cgrfwd02665,,cgrfwd02665,,,R,no,ChIP-chip,24982231,GEO_GSE58632_GntR1,1.0,HIGH,ATCC13032,Strain_R
gntr1,,gntR1,R,cgrrev12196,,cgrrev12196,,,R,no,ChIP-chip,24982231,GEO_GSE58632_GntR1,1.0,HIGH,ATCC13032,Strain_R
gntr1,,gntR1,R,cgrfwd09068,,cgrfwd09068,,,R,no,ChIP-chip,24982231,GEO_GSE58632_GntR1,1.0,HIGH,ATCC13032,Strain_R
gntr1,,gntR1,R,cgrfwd10159,,cgrfwd10159,,,R,no,ChIP-chip,24982231,GEO_GSE58632_GntR1,1.0,HIGH,ATCC13032,Strain_R
gntr1,,gntR1,R,cgrfwd00605,,cgrfwd00605,,,R,no,ChIP-chip,24982231,GEO_GSE58632_GntR1,1.0,HIGH,ATCC13032,Strain_R
gntr1,,gntR1,R,cgrfwd14736,,cgrfwd14736,,,R,no,ChIP-chip,24982231,GEO_GSE58632_GntR1,1.0,HIGH,ATCC13032,Strain_R
gntr1,,gntR1,R,cgrrev03372,,cgrrev03372,,,R,no,ChIP-chip,24982231,GEO_GSE58632_GntR1,1.0,HIGH,ATCC13032,Strain_R
gntr1,,gntR1,R,cgr2388,,cgr2388,,,R,no,ChIP-chip,24982231,GEO_GSE58632_GntR1,1.0,HIGH,ATCC13032,Strain_R
gntr1,,gntR1,R,cgrfwd06387,,cgrfwd06387,,,R,no,ChIP-chip,24982231,GEO_GSE58632_GntR1,1.0,HIGH,ATCC13032,Strain_R
gntr1,,gntR1,R,cgr2126,,cgr2126,,,R,no,ChIP-chip,24982231,GEO_GSE58632_GntR1,1.0,HIGH,ATCC13032,Strain_R
gntr1,,gntR1,R,cgrrev06312,,cgrrev06312,,,R,no,ChIP-chip,24982231,GEO_GSE58632_GntR1,1.0,HIGH,ATCC13032,Strain_R
gntr1,,gntR1,R,cgrfwd16990,,cgrfwd16990,,,R,no,ChIP-chip,24982231,GEO_GSE58632_GntR1,1.0,HIGH,ATCC13032,Strain_R
gntr1,,gntR1,R,cgrfwd06257,,cgrfwd06257,,,R,no,ChIP-chip,24982231,GEO_GSE58632_GntR1,1.0,HIGH,ATCC13032,Strain_R
gntr1,,gntR1,R,cgr2430,,cgr2430,,,R,no,ChIP-chip,24982231,GEO_GSE58632_GntR1,1.0,HIGH,ATCC13032,Strain_R
gntr1,,gntR1,R,cgrrev01468,,cgrrev01468,,,R,no,ChIP-chip,24982231,GEO_GSE58632_GntR1,1.0,HIGH,ATCC13032,Strain_R
gntr1,,gntR1,R,cgrrev00580,,cgrrev00580,,,R,no,ChIP-chip,24982231,GEO_GSE58632_GntR1,1.0,HIGH,ATCC13032,Strain_R
gntr1,,gntR1,R,cgrrev07967,,cgrrev07967,,,R,no,ChIP-chip,24982231,GEO_GSE58632_GntR1,1.0,HIGH,ATCC13032,Strain_R
gntr1,,gntR1,R,cgrrev06311,,cgrrev06311,,,R,no,ChIP-chip,24982231,GEO_GSE58632_GntR1,1.0,HIGH,ATCC13032,Strain_R
gntr1,,gntR1,R,cgrfwd13942,,cgrfwd13942,,,R,no,ChIP-chip,24982231,GEO_GSE58632_GntR1,1.0,HIGH,ATCC13032,Strain_R
gntr1,,gntR1,R,cgrfwd06187,,cgrfwd06187,,,R,no,ChIP-chip,24982231,GEO_GSE58632_GntR1,1.0,HIGH,ATCC13032,Strain_R
gntr1,,gntR1,R,cgrrev09790,,cgrrev09790,,,R,no,ChIP-chip,24982231,GEO_GSE58632_GntR1,1.0,HIGH,ATCC13032,Strain_R
gntr1,,gntR1,R,cgrfwd17881,,cgrfwd17881,,,R,no,ChIP-chip,24982231,GEO_GSE58632_GntR1,1.0,HIGH,ATCC13032,Strain_R
gntr1,,gntR1,R,cgr1646,,cgr1646,,,R,no,ChIP-chip,24982231,GEO_GSE58632_GntR1,1.0,HIGH,ATCC13032,Strain_R
gntr1,,gntR1,R,cgrfwd16991,,cgrfwd16991,,,R,no,ChIP-chip,24982231,GEO_GSE58632_GntR1,1.0,HIGH,ATCC13032,Strain_R
gntr1,,gntR1,R,cgrrev00717,,cgrrev00717,,,R,no,ChIP-chip,24982231,GEO_GSE58632_GntR1,1.0,HIGH,ATCC13032,Strain_R
gntr1,,gntR1,R,cgr1540,,cgr1540,,,R,no,ChIP-chip,24982231,GEO_GSE58632_GntR1,1.0,HIGH,ATCC13032,Strain_R
gntr1,,gntR1,R,cgrrev03719,,cgrrev03719,,,R,no,ChIP-chip,24982231,GEO_GSE58632_GntR1,1.0,HIGH,ATCC13032,Strain_R
gntr1,,gntR1,R,cgrrev09387,,cgrrev09387,,,R,no,ChIP-chip,24982231,GEO_GSE58632_GntR1,1.0,HIGH,ATCC13032,Strain_R
gntr1,,gntR1,R,cgr2636,,cgr2636,,,R,no,ChIP-chip,24982231,GEO_GSE58632_GntR1,1.0,HIGH,ATCC13032,Strain_R
gntr1,,gntR1,R,cgrfwd01797,,cgrfwd01797,,,R,no,ChIP-chip,24982231,GEO_GSE58632_GntR1,1.0,HIGH,ATCC13032,Strain_R
gntr1,,gntR1,R,cgrrev10785,,cgrrev10785,,,R,no,ChIP-chip,24982231,GEO_GSE58632_GntR1,1.0,HIGH,ATCC13032,Strain_R
gntr1,,gntR1,R,cgrrev08397,,cgrrev08397,,,R,no,ChIP-chip,24982231,GEO_GSE58632_GntR1,1.0,HIGH,ATCC13032,Strain_R
gntr1,,gntR1,R,cgrfwd17743,,cgrfwd17743,,,R,no,ChIP-chip,24982231,GEO_GSE58632_GntR1,1.0,HIGH,ATCC13032,Strain_R
gntr1,,gntR1,R,cgrfwd12136,,cgrfwd12136,,,R,no,ChIP-chip,24982231,GEO_GSE58632_GntR1,1.0,HIGH,ATCC13032,Strain_R
gntr1,,gntR1,R,cgr2574,,cgr2574,,,R,no,ChIP-chip,24982231,GEO_GSE58632_GntR1,1.0,HIGH,ATCC13032,Strain_R
gntr1,,gntR1,R,cgrrev16029,,cgrrev16029,,,R,no,ChIP-chip,24982231,GEO_GSE58632_GntR1,1.0,HIGH,ATCC13032,Strain_R
gntr1,,gntR1,R,cgrfwd13718,,cgrfwd13718,,,R,no,ChIP-chip,24982231,GEO_GSE58632_GntR1,1.0,HIGH,ATCC13032,Strain_R
gntr1,,gntR1,R,cgrfwd16993,,cgrfwd16993,,,R,no,ChIP-chip,24982231,GEO_GSE58632_GntR1,1.0,HIGH,ATCC13032,Strain_R
gntr1,,gntR1,R,cgrfwd06385,,cgrfwd06385,,,R,no,ChIP-chip,24982231,GEO_GSE58632_GntR1,1.0,HIGH,ATCC13032,Strain_R
gntr1,,gntR1,R,cgrrev07963,,cgrrev07963,,,R,no,ChIP-chip,24982231,GEO_GSE58632_GntR1,1.0,HIGH,ATCC13032,Strain_R
gntr1,,gntR1,R,cgrfwd08668,,cgrfwd08668,,,R,no,ChIP-chip,24982231,GEO_GSE58632_GntR1,1.0,HIGH,ATCC13032,Strain_R
gntr1,,gntR1,R,cgrfwd12964,,cgrfwd12964,,,R,no,ChIP-chip,24982231,GEO_GSE58632_GntR1,1.0,HIGH,ATCC13032,Strain_R
gntr1,,gntR1,R,cgrrev09732,,cgrrev09732,,,R,no,ChIP-chip,24982231,GEO_GSE58632_GntR1,1.0,HIGH,ATCC13032,Strain_R
gntr1,,gntR1,R,cgrfwd14740,,cgrfwd14740,,,R,no,ChIP-chip,24982231,GEO_GSE58632_GntR1,1.0,HIGH,ATCC13032,Strain_R
gntr1,,gntR1,R,cgrrev16885,,cgrrev16885,,,R,no,ChIP-chip,24982231,GEO_GSE58632_GntR1,1.0,HIGH,ATCC13032,Strain_R
gntr1,,gntR1,R,cgrrev03333,,cgrrev03333,,,R,no,ChIP-chip,24982231,GEO_GSE58632_GntR1,1.0,HIGH,ATCC13032,Strain_R
gntr1,,gntR1,R,cgrfwd10157,,cgrfwd10157,,,R,no,ChIP-chip,24982231,GEO_GSE58632_GntR1,1.0,HIGH,ATCC13032,Strain_R
gntr1,,gntR1,R,cgr3074,,cgr3074,,,R,no,ChIP-chip,24982231,GEO_GSE58632_GntR1,1.0,HIGH,ATCC13032,Strain_R
gntr1,,gntR1,R,cgrfwd17745,,cgrfwd17745,,,R,no,ChIP-chip,24982231,GEO_GSE58632_GntR1,1.0,HIGH,ATCC13032,Strain_R
gntr1,,gntR1,R,cgrrev15809,,cgrrev15809,,,R,no,ChIP-chip,24982231,GEO_GSE58632_GntR1,1.0,HIGH,ATCC13032,Strain_R
gntr1,,gntR1,R,cgrrev04739,,cgrrev04739,,,R,no,ChIP-chip,24982231,GEO_GSE58632_GntR1,1.0,HIGH,ATCC13032,Strain_R
gntr1,,gntR1,R,cgrrev05495,,cgrrev05495,,,R,no,ChIP-chip,24982231,GEO_GSE58632_GntR1,1.0,HIGH,ATCC13032,Strain_R
gntr1,,gntR1,R,cgrrev03723,,cgrrev03723,,,R,no,ChIP-chip,24982231,GEO_GSE58632_GntR1,1.0,HIGH,ATCC13032,Strain_R
gntr1,,gntR1,R,cgrfwd16321,,cgrfwd16321,,,R,no,ChIP-chip,24982231,GEO_GSE58632_GntR1,1.0,HIGH,ATCC13032,Strain_R
gntr1,,gntR1,R,cgrfwd12963,,cgrfwd12963,,,R,no,ChIP-chip,24982231,GEO_GSE58632_GntR1,1.0,HIGH,ATCC13032,Strain_R
gntr1,,gntR1,R,cgr1533,,cgr1533,,,R,no,ChIP-chip,24982231,GEO_GSE58632_GntR1,1.0,HIGH,ATCC13032,Strain_R
gntr1,,gntR1,R,cgrrev09767,,cgrrev09767,,,R,no,ChIP-chip,24982231,GEO_GSE58632_GntR1,1.0,HIGH,ATCC13032,Strain_R
gntr1,,gntR1,R,cgrfwd15066,,cgrfwd15066,,,R,no,ChIP-chip,24982231,GEO_GSE58632_GntR1,1.0,HIGH,ATCC13032,Strain_R
gntr1,,gntR1,R,cgrrev08398,,cgrrev08398,,,R,no,ChIP-chip,24982231,GEO_GSE58632_GntR1,1.0,HIGH,ATCC13032,Strain_R
gntr1,,gntR1,R,cgrfwd02645,,cgrfwd02645,,,R,no,ChIP-chip,24982231,GEO_GSE58632_GntR1,1.0,HIGH,ATCC13032,Strain_R
gntr1,,gntR1,R,cgrfwd13084,,cgrfwd13084,,,R,no,ChIP-chip,24982231,GEO_GSE58632_GntR1,1.0,HIGH,ATCC13032,Strain_R
gntr1,,gntR1,R,cgrfwd10491,,cgrfwd10491,,,R,no,ChIP-chip,24982231,GEO_GSE58632_GntR1,1.0,HIGH,ATCC13032,Strain_R
gntr1,,gntR1,R,cgrfwd13941,,cgrfwd13941,,,R,no,ChIP-chip,24982231,GEO_GSE58632_GntR1,1.0,HIGH,ATCC13032,Strain_R
gntr1,,gntR1,R,cgrfwd01567,,cgrfwd01567,,,R,no,ChIP-chip,24982231,GEO_GSE58632_GntR1,1.0,HIGH,ATCC13032,Strain_R
gntr1,,gntR1,R,cgrfwd08688,,cgrfwd08688,,,R,no,ChIP-chip,24982231,GEO_GSE58632_GntR1,1.0,HIGH,ATCC13032,Strain_R
gntr1,,gntR1,R,cgrfwd10055,,cgrfwd10055,,,R,no,ChIP-chip,24982231,GEO_GSE58632_GntR1,1.0,HIGH,ATCC13032,Strain_R
gntr1,,gntR1,R,cgrfwd08751,,cgrfwd08751,,,R,no,ChIP-chip,24982231,GEO_GSE58632_GntR1,1.0,HIGH,ATCC13032,Strain_R
gntr1,,gntR1,R,cgr0756,,cgr0756,,,R,no,ChIP-chip,24982231,GEO_GSE58632_GntR1,1.0,HIGH,ATCC13032,Strain_R
gntr1,,gntR1,R,cgrrev04512,,cgrrev04512,,,R,no,ChIP-chip,24982231,GEO_GSE58632_GntR1,1.0,HIGH,ATCC13032,Strain_R
gntr1,,gntR1,R,cgr1601,,cgr1601,,,R,no,ChIP-chip,24982231,GEO_GSE58632_GntR1,1.0,HIGH,ATCC13032,Strain_R
gntr1,,gntR1,R,cgrrev00562,,cgrrev00562,,,R,no,ChIP-chip,24982231,GEO_GSE58632_GntR1,1.0,HIGH,ATCC13032,Strain_R
gntr1,,gntR1,R,cgrfwd17883,,cgrfwd17883,,,R,no,ChIP-chip,24982231,GEO_GSE58632_GntR1,1.0,HIGH,ATCC13032,Strain_R
gntr1,,gntR1,R,cgr1534,,cgr1534,,,R,no,ChIP-chip,24982231,GEO_GSE58632_GntR1,1.0,HIGH,ATCC13032,Strain_R
gntr1,,gntR1,R,cgrfwd01796,,cgrfwd01796,,,R,no,ChIP-chip,24982231,GEO_GSE58632_GntR1,1.0,HIGH,ATCC13032,Strain_R
gntr1,,gntR1,R,cgrrev06066,,cgrrev06066,,,R,no,ChIP-chip,24982231,GEO_GSE58632_GntR1,1.0,HIGH,ATCC13032,Strain_R
gntr1,,gntR1,R,cgrrev03720,,cgrrev03720,,,R,no,ChIP-chip,24982231,GEO_GSE58632_GntR1,1.0,HIGH,ATCC13032,Strain_R
gntr1,,gntR1,R,cgrfwd08687,,cgrfwd08687,,,R,no,ChIP-chip,24982231,GEO_GSE58632_GntR1,1.0,HIGH,ATCC13032,Strain_R
gntr1,,gntR1,R,cgrfwd10058,,cgrfwd10058,,,R,no,ChIP-chip,24982231,GEO_GSE58632_GntR1,1.0,HIGH,ATCC13032,Strain_R
gntr1,,gntR1,R,cgrrev09788,,cgrrev09788,,,R,no,ChIP-chip,24982231,GEO_GSE58632_GntR1,1.0,HIGH,ATCC13032,Strain_R
gntr1,,gntR1,R,cgr1123,,cgr1123,,,R,no,ChIP-chip,24982231,GEO_GSE58632_GntR1,1.0,HIGH,ATCC13032,Strain_R
gntr1,,gntR1,R,cgrrev08297,,cgrrev08297,,,R,no,ChIP-chip,24982231,GEO_GSE58632_GntR1,1.0,HIGH,ATCC13032,Strain_R
gntr1,,gntR1,R,cgrrev08402,,cgrrev08402,,,R,no,ChIP-chip,24982231,GEO_GSE58632_GntR1,1.0,HIGH,ATCC13032,Strain_R
gntr1,,gntR1,R,cgrrev17962,,cgrrev17962,,,R,no,ChIP-chip,24982231,GEO_GSE58632_GntR1,1.0,HIGH,ATCC13032,Strain_R
gntr1,,gntR1,R,cgrfwd12390,,cgrfwd12390,,,R,no,ChIP-chip,24982231,GEO_GSE58632_GntR1,1.0,HIGH,ATCC13032,Strain_R
gntr1,,gntR1,R,cgrrev03103,,cgrrev03103,,,R,no,ChIP-chip,24982231,GEO_GSE58632_GntR1,1.0,HIGH,ATCC13032,Strain_R
gntr1,,gntR1,R,cgrfwd02667,,cgrfwd02667,,,R,no,ChIP-chip,24982231,GEO_GSE58632_GntR1,1.0,HIGH,ATCC13032,Strain_R
gntr1,,gntR1,R,cgrfwd11685,,cgrfwd11685,,,R,no,ChIP-chip,24982231,GEO_GSE58632_GntR1,1.0,HIGH,ATCC13032,Strain_R
gntr1,,gntR1,R,cgrfwd10488,,cgrfwd10488,,,R,no,ChIP-chip,24982231,GEO_GSE58632_GntR1,1.0,HIGH,ATCC13032,Strain_R
gntr1,,gntR1,R,cgrrev07966,,cgrrev07966,,,R,no,ChIP-chip,24982231,GEO_GSE58632_GntR1,1.0,HIGH,ATCC13032,Strain_R
gntr1,,gntR1,R,cgrrev03335,,cgrrev03335,,,R,no,ChIP-chip,24982231,GEO_GSE58632_GntR1,1.0,HIGH,ATCC13032,Strain_R
gntr1,,gntR1,R,cgrrev03102,,cgrrev03102,,,R,no,ChIP-chip,24982231,GEO_GSE58632_GntR1,1.0,HIGH,ATCC13032,Strain_R
gntr1,,gntR1,R,cgrrev10784,,cgrrev10784,,,R,no,ChIP-chip,24982231,GEO_GSE58632_GntR1,1.0,HIGH,ATCC13032,Strain_R
gntr1,,gntR1,R,cgrfwd17376,,cgrfwd17376,,,R,no,ChIP-chip,24982231,GEO_GSE58632_GntR1,1.0,HIGH,ATCC13032,Strain_R
gntr1,,gntR1,R,cgr2019,,cgr2019,,,R,no,ChIP-chip,24982231,GEO_GSE58632_GntR1,1.0,HIGH,ATCC13032,Strain_R
gntr1,,gntR1,R,cgrfwd12961,,cgrfwd12961,,,R,no,ChIP-chip,24982231,GEO_GSE58632_GntR1,1.0,HIGH,ATCC13032,Strain_R
gntr1,,gntR1,R,cgrfwd10371,,cgrfwd10371,,,R,no,ChIP-chip,24982231,GEO_GSE58632_GntR1,1.0,HIGH,ATCC13032,Strain_R
gntr1,,gntR1,R,cgrrev01469,,cgrrev01469,,,R,no,ChIP-chip,24982231,GEO_GSE58632_GntR1,1.0,HIGH,ATCC13032,Strain_R
gntr1,,gntR1,R,cgrrev01086,,cgrrev01086,,,R,no,ChIP-chip,24982231,GEO_GSE58632_GntR1,1.0,HIGH,ATCC13032,Strain_R
gntr1,,gntR1,R,cgrrev06595,,cgrrev06595,,,R,no,ChIP-chip,24982231,GEO_GSE58632_GntR1,1.0,HIGH,ATCC13032,Strain_R
gntr1,,gntR1,R,cgrrev16889,,cgrrev16889,,,R,no,ChIP-chip,24982231,GEO_GSE58632_GntR1,1.0,HIGH,ATCC13032,Strain_R
gntr1,,gntR1,R,cgrrev12070,,cgrrev12070,,,R,no,ChIP-chip,24982231,GEO_GSE58632_GntR1,1.0,HIGH,ATCC13032,Strain_R
gntr1,,gntR1,R,cgrrev15787,,cgrrev15787,,,R,no,ChIP-chip,24982231,GEO_GSE58632_GntR1,1.0,HIGH,ATCC13032,Strain_R
gntr1,,gntR1,R,cgrrev09769,,cgrrev09769,,,R,no,ChIP-chip,24982231,GEO_GSE58632_GntR1,1.0,HIGH,ATCC13032,Strain_R
gntr1,,gntR1,R,cgrrev00582,,cgrrev00582,,,R,no,ChIP-chip,24982231,GEO_GSE58632_GntR1,1.0,HIGH,ATCC13032,Strain_R
gntr1,,gntR1,R,cgrrev00718,,cgrrev00718,,,R,no,ChIP-chip,24982231,GEO_GSE58632_GntR1,1.0,HIGH,ATCC13032,Strain_R
gntr1,,gntR1,R,cgrrev12069,,cgrrev12069,,,R,no,ChIP-chip,24982231,GEO_GSE58632_GntR1,1.0,HIGH,ATCC13032,Strain_R
gntr1,,gntR1,R,cgrrev03336,,cgrrev03336,,,R,no,ChIP-chip,24982231,GEO_GSE58632_GntR1,1.0,HIGH,ATCC13032,Strain_R
gntr1,,gntR1,R,cgrrev08299,,cgrrev08299,,,R,no,ChIP-chip,24982231,GEO_GSE58632_GntR1,1.0,HIGH,ATCC13032,Strain_R
gntr1,,gntR1,R,cgrfwd08670,,cgrfwd08670,,,R,no,ChIP-chip,24982231,GEO_GSE58632_GntR1,1.0,HIGH,ATCC13032,Strain_R
gntr1,,gntR1,R,cgrrev03393,,cgrrev03393,,,R,no,ChIP-chip,24982231,GEO_GSE58632_GntR1,1.0,HIGH,ATCC13032,Strain_R
gntr1,,gntR1,R,cgrfwd17886,,cgrfwd17886,,,R,no,ChIP-chip,24982231,GEO_GSE58632_GntR1,1.0,HIGH,ATCC13032,Strain_R
gntr1,,gntR1,R,cgrrev01087,,cgrrev01087,,,R,no,ChIP-chip,24982231,GEO_GSE58632_GntR1,1.0,HIGH,ATCC13032,Strain_R
gntr1,,gntR1,R,cgrrev09705,,cgrrev09705,,,R,no,ChIP-chip,24982231,GEO_GSE58632_GntR1,1.0,HIGH,ATCC13032,Strain_R
gntr1,,gntR1,R,cgrrev06320,,cgrrev06320,,,R,no,ChIP-chip,24982231,GEO_GSE58632_GntR1,1.0,HIGH,ATCC13032,Strain_R
gntr1,,gntR1,R,cgrfwd13574,,cgrfwd13574,,,R,no,ChIP-chip,24982231,GEO_GSE58632_GntR1,1.0,HIGH,ATCC13032,Strain_R
gntr1,,gntR1,R,cgrfwd08689,,cgrfwd08689,,,R,no,ChIP-chip,24982231,GEO_GSE58632_GntR1,1.0,HIGH,ATCC13032,Strain_R
gntr1,,gntR1,R,cgrrev16656,,cgrrev16656,,,R,no,ChIP-chip,24982231,GEO_GSE58632_GntR1,1.0,HIGH,ATCC13032,Strain_R
gntr1,,gntR1,R,cgrfwd17325,,cgrfwd17325,,,R,no,ChIP-chip,24982231,GEO_GSE58632_GntR1,1.0,HIGH,ATCC13032,Strain_R
gntr1,,gntR1,R,cgrrev09787,,cgrrev09787,,,R,no,ChIP-chip,24982231,GEO_GSE58632_GntR1,1.0,HIGH,ATCC13032,Strain_R
gntr1,,gntR1,R,cgrrev03338,,cgrrev03338,,,R,no,ChIP-chip,24982231,GEO_GSE58632_GntR1,1.0,HIGH,ATCC13032,Strain_R
gntr1,,gntR1,R,cgrrev00563,,cgrrev00563,,,R,no,ChIP-chip,24982231,GEO_GSE58632_GntR1,1.0,HIGH,ATCC13032,Strain_R
gntr1,,gntR1,R,cgrfwd10158,,cgrfwd10158,,,R,no,ChIP-chip,24982231,GEO_GSE58632_GntR1,1.0,HIGH,ATCC13032,Strain_R
gntr1,,gntR1,R,cgrrev06068,,cgrrev06068,,,R,no,ChIP-chip,24982231,GEO_GSE58632_GntR1,1.0,HIGH,ATCC13032,Strain_R
gntr1,,gntR1,R,cgrfwd13573,,cgrfwd13573,,,R,no,ChIP-chip,24982231,GEO_GSE58632_GntR1,1.0,HIGH,ATCC13032,Strain_R
gntr1,,gntR1,R,cgrrev06313,,cgrrev06313,,,R,no,ChIP-chip,24982231,GEO_GSE58632_GntR1,1.0,HIGH,ATCC13032,Strain_R
gntr1,,gntR1,R,cgrfwd04858,,cgrfwd04858,,,R,no,ChIP-chip,24982231,GEO_GSE58632_GntR1,1.0,HIGH,ATCC13032,Strain_R
gntr1,,gntR1,R,cgrrev03137,,cgrrev03137,,,R,no,ChIP-chip,24982231,GEO_GSE58632_GntR1,1.0,HIGH,ATCC13032,Strain_R
gntr1,,gntR1,R,cgrfwd02425,,cgrfwd02425,,,R,no,ChIP-chip,24982231,GEO_GSE58632_GntR1,1.0,HIGH,ATCC13032,Strain_R
gntr1,,gntR1,R,cgrfwd14739,,cgrfwd14739,,,R,no,ChIP-chip,24982231,GEO_GSE58632_GntR1,1.0,HIGH,ATCC13032,Strain_R
gntr1,,gntR1,R,cgr3101,,cgr3101,,,R,no,ChIP-chip,24982231,GEO_GSE58632_GntR1,1.0,HIGH,ATCC13032,Strain_R
gntr1,,gntR1,R,cgrfwd08666,,cgrfwd08666,,,R,no,ChIP-chip,24982231,GEO_GSE58632_GntR1,1.0,HIGH,ATCC13032,Strain_R
gntr1,,gntR1,R,cgrrev09789,,cgrrev09789,,,R,no,ChIP-chip,24982231,GEO_GSE58632_GntR1,1.0,HIGH,ATCC13032,Strain_R
gntr1,,gntR1,R,cgrfwd15122,,cgrfwd15122,,,R,no,ChIP-chip,24982231,GEO_GSE58632_GntR1,1.0,HIGH,ATCC13032,Strain_R
gntr1,,gntR1,R,cgrfwd06026,,cgrfwd06026,,,R,no,ChIP-chip,24982231,GEO_GSE58632_GntR1,1.0,HIGH,ATCC13032,Strain_R
gntr1,,gntR1,R,cgrrev01466,,cgrrev01466,,,R,no,ChIP-chip,24982231,GEO_GSE58632_GntR1,1.0,HIGH,ATCC13032,Strain_R
gntr1,,gntR1,R,cgrrev03721,,cgrrev03721,,,R,no,ChIP-chip,24982231,GEO_GSE58632_GntR1,1.0,HIGH,ATCC13032,Strain_R
gntr1,,gntR1,R,cgrfwd01563,,cgrfwd01563,,,R,no,ChIP-chip,24982231,GEO_GSE58632_GntR1,1.0,HIGH,ATCC13032,Strain_R
gntr1,,gntR1,R,cgrfwd10493,,cgrfwd10493,,,R,no,ChIP-chip,24982231,GEO_GSE58632_GntR1,1.0,HIGH,ATCC13032,Strain_R
gntr1,,gntR1,R,cgrrev12195,,cgrrev12195,,,R,no,ChIP-chip,24982231,GEO_GSE58632_GntR1,1.0,HIGH,ATCC13032,Strain_R
gntr1,,gntR1,R,cgrfwd10494,,cgrfwd10494,,,R,no,ChIP-chip,24982231,GEO_GSE58632_GntR1,1.0,HIGH,ATCC13032,Strain_R
gntr1,,gntR1,R,cgrfwd02496,,cgrfwd02496,,,R,no,ChIP-chip,24982231,GEO_GSE58632_GntR1,1.0,HIGH,ATCC13032,Strain_R
gntr1,,gntR1,R,cgrfwd02426,,cgrfwd02426,,,R,no,ChIP-chip,24982231,GEO_GSE58632_GntR1,1.0,HIGH,ATCC13032,Strain_R
gntr1,,gntR1,R,cgrrev00581,,cgrrev00581,,,R,no,ChIP-chip,24982231,GEO_GSE58632_GntR1,1.0,HIGH,ATCC13032,Strain_R
gntr1,,gntR1,R,cgrrev09786,,cgrrev09786,,,R,no,ChIP-chip,24982231,GEO_GSE58632_GntR1,1.0,HIGH,ATCC13032,Strain_R
gntr1,,gntR1,R,cgrfwd13719,,cgrfwd13719,,,R,no,ChIP-chip,24982231,GEO_GSE58632_GntR1,1.0,HIGH,ATCC13032,Strain_R
gntr1,,gntR1,R,cgrfwd12133,,cgrfwd12133,,,R,no,ChIP-chip,24982231,GEO_GSE58632_GntR1,1.0,HIGH,ATCC13032,Strain_R
gntr1,,gntR1,R,cgr2573,,cgr2573,,,R,no,ChIP-chip,24982231,GEO_GSE58632_GntR1,1.0,HIGH,ATCC13032,Strain_R
gntr1,,gntR1,R,cgrfwd00587,,cgrfwd00587,,,R,no,ChIP-chip,24982231,GEO_GSE58632_GntR1,1.0,HIGH,ATCC13032,Strain_R
gntr1,,gntR1,R,cgrrev03722,,cgrrev03722,,,R,no,ChIP-chip,24982231,GEO_GSE58632_GntR1,1.0,HIGH,ATCC13032,Strain_R
gntr1,,gntR1,R,cgrrev01089,,cgrrev01089,,,R,no,ChIP-chip,24982231,GEO_GSE58632_GntR1,1.0,HIGH,ATCC13032,Strain_R
gntr1,,gntR1,R,cgrrev07964,,cgrrev07964,,,R,no,ChIP-chip,24982231,GEO_GSE58632_GntR1,1.0,HIGH,ATCC13032,Strain_R
gntr1,,gntR1,R,cgrfwd17373,,cgrfwd17373,,,R,no,ChIP-chip,24982231,GEO_GSE58632_GntR1,1.0,HIGH,ATCC13032,Strain_R
gntr1,,gntR1,R,cgrrev08403,,cgrrev08403,,,R,no,ChIP-chip,24982231,GEO_GSE58632_GntR1,1.0,HIGH,ATCC13032,Strain_R
gntr1,,gntR1,R,cgrrev09119,,cgrrev09119,,,R,no,ChIP-chip,24982231,GEO_GSE58632_GntR1,1.0,HIGH,ATCC13032,Strain_R
gntr1,,gntR1,R,cgrrev04514,,cgrrev04514,,,R,no,ChIP-chip,24982231,GEO_GSE58632_GntR1,1.0,HIGH,ATCC13032,Strain_R
gntr1,,gntR1,R,cgrfwd12389,,cgrfwd12389,,,R,no,ChIP-chip,24982231,GEO_GSE58632_GntR1,1.0,HIGH,ATCC13032,Strain_R
gntr1,,gntR1,R,cgrrev09124,,cgrrev09124,,,R,no,ChIP-chip,24982231,GEO_GSE58632_GntR1,1.0,HIGH,ATCC13032,Strain_R
gntr1,,gntR1,R,cgrrev06324,,cgrrev06324,,,R,no,ChIP-chip,24982231,GEO_GSE58632_GntR1,1.0,HIGH,ATCC13032,Strain_R
gntr1,,gntR1,R,cgrfwd09067,,cgrfwd09067,,,R,no,ChIP-chip,24982231,GEO_GSE58632_GntR1,1.0,HIGH,ATCC13032,Strain_R
gntr1,,gntR1,R,cgrfwd09339,,cgrfwd09339,,,R,no,ChIP-chip,24982231,GEO_GSE58632_GntR1,1.0,HIGH,ATCC13032,Strain_R
gntr1,,gntR1,R,cgrfwd15090,,cgrfwd15090,,,R,no,ChIP-chip,24982231,GEO_GSE58632_GntR1,1.0,HIGH,ATCC13032,Strain_R
gntr1,,gntR1,R,cgrrev09388,,cgrrev09388,,,R,no,ChIP-chip,24982231,GEO_GSE58632_GntR1,1.0,HIGH,ATCC13032,Strain_R
gntr1,,gntR1,R,cgrrev01470,,cgrrev01470,,,R,no,ChIP-chip,24982231,GEO_GSE58632_GntR1,1.0,HIGH,ATCC13032,Strain_R
gntr1,,gntR1,R,cgrrev05373,,cgrrev05373,,,R,no,ChIP-chip,24982231,GEO_GSE58632_GntR1,1.0,HIGH,ATCC13032,Strain_R
gntr1,,gntR1,R,cgrrev04516,,cgrrev04516,,,R,no,ChIP-chip,24982231,GEO_GSE58632_GntR1,1.0,HIGH,ATCC13032,Strain_R
gntr1,,gntR1,R,cgrrev17848,,cgrrev17848,,,R,no,ChIP-chip,24982231,GEO_GSE58632_GntR1,1.0,HIGH,ATCC13032,Strain_R
gntr1,,gntR1,R,cgrfwd15357,,cgrfwd15357,,,R,no,ChIP-chip,24982231,GEO_GSE58632_GntR1,1.0,HIGH,ATCC13032,Strain_R
gntr1,,gntR1,R,cgrfwd08754,,cgrfwd08754,,,R,no,ChIP-chip,24982231,GEO_GSE58632_GntR1,1.0,HIGH,ATCC13032,Strain_R
gntr1,,gntR1,R,cgrfwd16994,,cgrfwd16994,,,R,no,ChIP-chip,24982231,GEO_GSE58632_GntR1,1.0,HIGH,ATCC13032,Strain_R
gntr1,,gntR1,R,cgrrev16026,,cgrrev16026,,,R,no,ChIP-chip,24982231,GEO_GSE58632_GntR1,1.0,HIGH,ATCC13032,Strain_R
gntr1,,gntR1,R,cgrrev01471,,cgrrev01471,,,R,no,ChIP-chip,24982231,GEO_GSE58632_GntR1,1.0,HIGH,ATCC13032,Strain_R
gntr1,,gntR1,R,cgrfwd15091,,cgrfwd15091,,,R,no,ChIP-chip,24982231,GEO_GSE58632_GntR1,1.0,HIGH,ATCC13032,Strain_R
gntr1,,gntR1,R,cgrfwd09340,,cgrfwd09340,,,R,no,ChIP-chip,24982231,GEO_GSE58632_GntR1,1.0,HIGH,ATCC13032,Strain_R
gntr1,,gntR1,R,cgrrev04737,,cgrrev04737,,,R,no,ChIP-chip,24982231,GEO_GSE58632_GntR1,1.0,HIGH,ATCC13032,Strain_R
gntr1,,gntR1,R,cgrfwd06025,,cgrfwd06025,,,R,no,ChIP-chip,24982231,GEO_GSE58632_GntR1,1.0,HIGH,ATCC13032,Strain_R
gntr1,,gntR1,R,cgrrev08298,,cgrrev08298,,,R,no,ChIP-chip,24982231,GEO_GSE58632_GntR1,1.0,HIGH,ATCC13032,Strain_R
gntr1,,gntR1,R,cgr2018,,cgr2018,,,R,no,ChIP-chip,24982231,GEO_GSE58632_GntR1,1.0,HIGH,ATCC13032,Strain_R
gntr1,,gntR1,R,cgrrev01467,,cgrrev01467,,,R,no,ChIP-chip,24982231,GEO_GSE58632_GntR1,1.0,HIGH,ATCC13032,Strain_R
gntr1,,gntR1,R,cgrfwd02424,,cgrfwd02424,,,R,no,ChIP-chip,24982231,GEO_GSE58632_GntR1,1.0,HIGH,ATCC13032,Strain_R
gntr1,,gntR1,R,cgrfwd12962,,cgrfwd12962,,,R,no,ChIP-chip,24982231,GEO_GSE58632_GntR1,1.0,HIGH,ATCC13032,Strain_R
gntr1,,gntR1,R,cgrrev03370,,cgrrev03370,,,R,no,ChIP-chip,24982231,GEO_GSE58632_GntR1,1.0,HIGH,ATCC13032,Strain_R
gntr1,,gntR1,R,cgrfwd02668,,cgrfwd02668,,,R,no,ChIP-chip,24982231,GEO_GSE58632_GntR1,1.0,HIGH,ATCC13032,Strain_R
gntr1,,gntR1,R,cgrfwd17742,,cgrfwd17742,,,R,no,ChIP-chip,24982231,GEO_GSE58632_GntR1,1.0,HIGH,ATCC13032,Strain_R
gntr1,,gntR1,R,cgrfwd15358,,cgrfwd15358,,,R,no,ChIP-chip,24982231,GEO_GSE58632_GntR1,1.0,HIGH,ATCC13032,Strain_R
gntr1,,gntR1,R,cgrrev15786,,cgrrev15786,,,R,no,ChIP-chip,24982231,GEO_GSE58632_GntR1,1.0,HIGH,ATCC13032,Strain_R
gntr1,,gntR1,R,cgrrev03395,,cgrrev03395,,,R,no,ChIP-chip,24982231,GEO_GSE58632_GntR1,1.0,HIGH,ATCC13032,Strain_R
gntr1,,gntR1,R,cgrfwd09070,,cgrfwd09070,,,R,no,ChIP-chip,24982231,GEO_GSE58632_GntR1,1.0,HIGH,ATCC13032,Strain_R
gntr1,,gntR1,R,cgrfwd10057,,cgrfwd10057,,,R,no,ChIP-chip,24982231,GEO_GSE58632_GntR1,1.0,HIGH,ATCC13032,Strain_R
gntr1,,gntR1,R,cgrfwd02497,,cgrfwd02497,,,R,no,ChIP-chip,24982231,GEO_GSE58632_GntR1,1.0,HIGH,ATCC13032,Strain_R
gntr1,,gntR1,R,cgrfwd17372,,cgrfwd17372,,,R,no,ChIP-chip,24982231,GEO_GSE58632_GntR1,1.0,HIGH,ATCC13032,Strain_R
gntr1,,gntR1,R,cgrfwd12391,,cgrfwd12391,,,R,no,ChIP-chip,24982231,GEO_GSE58632_GntR1,1.0,HIGH,ATCC13032,Strain_R
gntr1,,gntR1,R,cgrrev17849,,cgrrev17849,,,R,no,ChIP-chip,24982231,GEO_GSE58632_GntR1,1.0,HIGH,ATCC13032,Strain_R
gntr1,,gntR1,R,cgrrev06321,,cgrrev06321,,,R,no,ChIP-chip,24982231,GEO_GSE58632_GntR1,1.0,HIGH,ATCC13032,Strain_R
gntr1,,gntR1,R,cgrrev06868,,cgrrev06868,,,R,no,ChIP-chip,24982231,GEO_GSE58632_GntR1,1.0,HIGH,ATCC13032,Strain_R
gntr1,,gntR1,R,cgrrev05496,,cgrrev05496,,,R,no,ChIP-chip,24982231,GEO_GSE58632_GntR1,1.0,HIGH,ATCC13032,Strain_R
gntr1,,gntR1,R,cgrrev01088,,cgrrev01088,,,R,no,ChIP-chip,24982231,GEO_GSE58632_GntR1,1.0,HIGH,ATCC13032,Strain_R
gntr1,,gntR1,R,cgrrev09701,,cgrrev09701,,,R,no,ChIP-chip,24982231,GEO_GSE58632_GntR1,1.0,HIGH,ATCC13032,Strain_R
gntr1,,gntR1,R,cgrrev09385,,cgrrev09385,,,R,no,ChIP-chip,24982231,GEO_GSE58632_GntR1,1.0,HIGH,ATCC13032,Strain_R
gntr1,,gntR1,R,cgrrev08085,,cgrrev08085,,,R,no,ChIP-chip,24982231,GEO_GSE58632_GntR1,1.0,HIGH,ATCC13032,Strain_R
gntr1,,gntR1,R,cgrfwd06383,,cgrfwd06383,,,R,no,ChIP-chip,24982231,GEO_GSE58632_GntR1,1.0,HIGH,ATCC13032,Strain_R
gntr1,,gntR1,R,cgrfwd13721,,cgrfwd13721,,,R,no,ChIP-chip,24982231,GEO_GSE58632_GntR1,1.0,HIGH,ATCC13032,Strain_R
gntr1,,gntR1,R,cgrrev00579,,cgrrev00579,,,R,no,ChIP-chip,24982231,GEO_GSE58632_GntR1,1.0,HIGH,ATCC13032,Strain_R
gntr1,,gntR1,R,cgrrev09122,,cgrrev09122,,,R,no,ChIP-chip,24982231,GEO_GSE58632_GntR1,1.0,HIGH,ATCC13032,Strain_R
gntr1,,gntR1,R,cgrrev16886,,cgrrev16886,,,R,no,ChIP-chip,24982231,GEO_GSE58632_GntR1,1.0,HIGH,ATCC13032,Strain_R
gntr1,,gntR1,R,cgrrev03105,,cgrrev03105,,,R,no,ChIP-chip,24982231,GEO_GSE58632_GntR1,1.0,HIGH,ATCC13032,Strain_R
gntr1,,gntR1,R,cgrfwd08753,,cgrfwd08753,,,R,no,ChIP-chip,24982231,GEO_GSE58632_GntR1,1.0,HIGH,ATCC13032,Strain_R
gntr1,,gntR1,R,cgrfwd17884,,cgrfwd17884,,,R,no,ChIP-chip,24982231,GEO_GSE58632_GntR1,1.0,HIGH,ATCC13032,Strain_R
gntr1,,gntR1,R,cgrrev16887,,cgrrev16887,,,R,no,ChIP-chip,24982231,GEO_GSE58632_GntR1,1.0,HIGH,ATCC13032,Strain_R
gntr1,,gntR1,R,cgrfwd10161,,cgrfwd10161,,,R,no,ChIP-chip,24982231,GEO_GSE58632_GntR1,1.0,HIGH,ATCC13032,Strain_R
gntr1,,gntR1,R,cgrfwd12134,,cgrfwd12134,,,R,no,ChIP-chip,24982231,GEO_GSE58632_GntR1,1.0,HIGH,ATCC13032,Strain_R
gntr1,,gntR1,R,cgrfwd12137,,cgrfwd12137,,,R,no,ChIP-chip,24982231,GEO_GSE58632_GntR1,1.0,HIGH,ATCC13032,Strain_R
gntr1,,gntR1,R,cgrfwd12144,,cgrfwd12144,,,R,no,ChIP-chip,24982231,GEO_GSE58632_GntR1,1.0,HIGH,ATCC13032,Strain_R
gntr1,,gntR1,R,cgrfwd01798,,cgrfwd01798,,,R,no,ChIP-chip,24982231,GEO_GSE58632_GntR1,1.0,HIGH,ATCC13032,Strain_R
gntr1,,gntR1,R,cgrfwd15067,,cgrfwd15067,,,R,no,ChIP-chip,24982231,GEO_GSE58632_GntR1,1.0,HIGH,ATCC13032,Strain_R
gntr1,,gntR1,R,cgrfwd09336,,cgrfwd09336,,,R,no,ChIP-chip,24982231,GEO_GSE58632_GntR1,1.0,HIGH,ATCC13032,Strain_R
gntr1,,gntR1,R,cgrfwd04322,,cgrfwd04322,,,R,no,ChIP-chip,24982231,GEO_GSE58632_GntR1,1.0,HIGH,ATCC13032,Strain_R
gntr1,,gntR1,R,cgrfwd15125,,cgrfwd15125,,,R,no,ChIP-chip,24982231,GEO_GSE58632_GntR1,1.0,HIGH,ATCC13032,Strain_R
gntr1,,gntR1,R,cgrfwd01566,,cgrfwd01566,,,R,no,ChIP-chip,24982231,GEO_GSE58632_GntR1,1.0,HIGH,ATCC13032,Strain_R
gntr1,,gntR1,R,cgrfwd15124,,cgrfwd15124,,,R,no,ChIP-chip,24982231,GEO_GSE58632_GntR1,1.0,HIGH,ATCC13032,Strain_R
gntr1,,gntR1,R,cgrrev06867,,cgrrev06867,,,R,no,ChIP-chip,24982231,GEO_GSE58632_GntR1,1.0,HIGH,ATCC13032,Strain_R
gntr1,,gntR1,R,cgrrev16027,,cgrrev16027,,,R,no,ChIP-chip,24982231,GEO_GSE58632_GntR1,1.0,HIGH,ATCC13032,Strain_R
gntr1,,gntR1,R,cgrrev04513,,cgrrev04513,,,R,no,ChIP-chip,24982231,GEO_GSE58632_GntR1,1.0,HIGH,ATCC13032,Strain_R
gntr1,,gntR1,R,cgrrev01136,,cgrrev01136,,,R,no,ChIP-chip,24982231,GEO_GSE58632_GntR1,1.0,HIGH,ATCC13032,Strain_R
gntr1,,gntR1,R,cgrrev00578,,cgrrev00578,,,R,no,ChIP-chip,24982231,GEO_GSE58632_GntR1,1.0,HIGH,ATCC13032,Strain_R
gntr1,,gntR1,R,cgrrev06323,,cgrrev06323,,,R,no,ChIP-chip,24982231,GEO_GSE58632_GntR1,1.0,HIGH,ATCC13032,Strain_R
gntr1,,gntR1,R,cgrfwd09334,,cgrfwd09334,,,R,no,ChIP-chip,24982231,GEO_GSE58632_GntR1,1.0,HIGH,ATCC13032,Strain_R
gntr1,,gntR1,R,cgrfwd09071,,cgrfwd09071,,,R,no,ChIP-chip,24982231,GEO_GSE58632_GntR1,1.0,HIGH,ATCC13032,Strain_R
gntr1,,gntR1,R,cgr3100,,cgr3100,,,R,no,ChIP-chip,24982231,GEO_GSE58632_GntR1,1.0,HIGH,ATCC13032,Strain_R
gntr1,,gntR1,R,cgrfwd08669,,cgrfwd08669,,,R,no,ChIP-chip,24982231,GEO_GSE58632_GntR1,1.0,HIGH,ATCC13032,Strain_R
gntr1,,gntR1,R,cgrrev12068,,cgrrev12068,,,R,no,ChIP-chip,24982231,GEO_GSE58632_GntR1,1.0,HIGH,ATCC13032,Strain_R
gntr1,,gntR1,R,cgrfwd16992,,cgrfwd16992,,,R,no,ChIP-chip,24982231,GEO_GSE58632_GntR1,1.0,HIGH,ATCC13032,Strain_R
gntr1,,gntR1,R,cgrrev14322,,cgrrev14322,,,R,no,ChIP-chip,24982231,GEO_GSE58632_GntR1,1.0,HIGH,ATCC13032,Strain_R
gntr1,,gntR1,R,cgrrev17864,,cgrrev17864,,,R,no,ChIP-chip,24982231,GEO_GSE58632_GntR1,1.0,HIGH,ATCC13032,Strain_R
gntr1,,gntR1,R,cgrfwd02429,,cgrfwd02429,,,R,no,ChIP-chip,24982231,GEO_GSE58632_GntR1,1.0,HIGH,ATCC13032,Strain_R
gntr1,,gntR1,R,cgrrev03394,,cgrrev03394,,,R,no,ChIP-chip,24982231,GEO_GSE58632_GntR1,1.0,HIGH,ATCC13032,Strain_R
gntr1,,gntR1,R,cgrfwd06386,,cgrfwd06386,,,R,no,ChIP-chip,24982231,GEO_GSE58632_GntR1,1.0,HIGH,ATCC13032,Strain_R
gntr1,,gntR1,R,cgrfwd10489,,cgrfwd10489,,,R,no,ChIP-chip,24982231,GEO_GSE58632_GntR1,1.0,HIGH,ATCC13032,Strain_R
gntr1,,gntR1,R,cgrrev15957,,cgrrev15957,,,R,no,ChIP-chip,24982231,GEO_GSE58632_GntR1,1.0,HIGH,ATCC13032,Strain_R
gntr1,,gntR1,R,cgrrev02140,,cgrrev02140,,,R,no,ChIP-chip,24982231,GEO_GSE58632_GntR1,1.0,HIGH,ATCC13032,Strain_R
gntr1,,gntR1,R,cgrrev04736,,cgrrev04736,,,R,no,ChIP-chip,24982231,GEO_GSE58632_GntR1,1.0,HIGH,ATCC13032,Strain_R
gntr1,,gntR1,R,cgrfwd02666,,cgrfwd02666,,,R,no,ChIP-chip,24982231,GEO_GSE58632_GntR1,1.0,HIGH,ATCC13032,Strain_R
gntr1,,gntR1,R,cgrrev09703,,cgrrev09703,,,R,no,ChIP-chip,24982231,GEO_GSE58632_GntR1,1.0,HIGH,ATCC13032,Strain_R
gntr1,,gntR1,R,cgrfwd14738,,cgrfwd14738,,,R,no,ChIP-chip,24982231,GEO_GSE58632_GntR1,1.0,HIGH,ATCC13032,Strain_R
gntr1,,gntR1,R,cgrfwd01564,,cgrfwd01564,,,R,no,ChIP-chip,24982231,GEO_GSE58632_GntR1,1.0,HIGH,ATCC13032,Strain_R
gntr1,,gntR1,R,cgrfwd15127,,cgrfwd15127,,,R,no,ChIP-chip,24982231,GEO_GSE58632_GntR1,1.0,HIGH,ATCC13032,Strain_R
gntr1,,gntR1,R,cgrrev06067,,cgrrev06067,,,R,no,ChIP-chip,24982231,GEO_GSE58632_GntR1,1.0,HIGH,ATCC13032,Strain_R
gntr1,,gntR1,R,cgrrev16888,,cgrrev16888,,,R,no,ChIP-chip,24982231,GEO_GSE58632_GntR1,1.0,HIGH,ATCC13032,Strain_R
gntr1,,gntR1,R,cgrfwd06024,,cgrfwd06024,,,R,no,ChIP-chip,24982231,GEO_GSE58632_GntR1,1.0,HIGH,ATCC13032,Strain_R
gntr1,,gntR1,R,cgrrev03718,,cgrrev03718,,,R,no,ChIP-chip,24982231,GEO_GSE58632_GntR1,1.0,HIGH,ATCC13032,Strain_R
gntr1,,gntR1,R,cgrrev09704,,cgrrev09704,,,R,no,ChIP-chip,24982231,GEO_GSE58632_GntR1,1.0,HIGH,ATCC13032,Strain_R
gntr1,,gntR1,R,cgrfwd08667,,cgrfwd08667,,,R,no,ChIP-chip,24982231,GEO_GSE58632_GntR1,1.0,HIGH,ATCC13032,Strain_R
gntr1,,gntR1,R,cgrrev04515,,cgrrev04515,,,R,no,ChIP-chip,24982231,GEO_GSE58632_GntR1,1.0,HIGH,ATCC13032,Strain_R
gntr1,,gntR1,R,cgr1102,,cgr1102,,,R,no,ChIP-chip,24982231,GEO_GSE58632_GntR1,1.0,HIGH,ATCC13032,Strain_R
gntr1,,gntR1,R,cgrfwd08671,,cgrfwd08671,,,R,no,ChIP-chip,24982231,GEO_GSE58632_GntR1,1.0,HIGH,ATCC13032,Strain_R
gntr1,,gntR1,R,cgrrev09386,,cgrrev09386,,,R,no,ChIP-chip,24982231,GEO_GSE58632_GntR1,1.0,HIGH,ATCC13032,Strain_R
gntr1,,gntR1,R,cgrfwd09069,,cgrfwd09069,,,R,no,ChIP-chip,24982231,GEO_GSE58632_GntR1,1.0,HIGH,ATCC13032,Strain_R
gntr1,,gntR1,R,cgrrev12429,,cgrrev12429,,,R,no,ChIP-chip,24982231,GEO_GSE58632_GntR1,1.0,HIGH,ATCC13032,Strain_R
gntr1,,gntR1,R,cgrfwd08755,,cgrfwd08755,,,R,no,ChIP-chip,24982231,GEO_GSE58632_GntR1,1.0,HIGH,ATCC13032,Strain_R
gntr1,,gntR1,R,cgrfwd17901,,cgrfwd17901,,,R,no,ChIP-chip,24982231,GEO_GSE58632_GntR1,1.0,HIGH,ATCC13032,Strain_R
gntr1,,gntR1,R,cgrrev03334,,cgrrev03334,,,R,no,ChIP-chip,24982231,GEO_GSE58632_GntR1,1.0,HIGH,ATCC13032,Strain_R
gntr1,,gntR1,R,cgrfwd15089,,cgrfwd15089,,,R,no,ChIP-chip,24982231,GEO_GSE58632_GntR1,1.0,HIGH,ATCC13032,Strain_R
gntr1,,gntR1,R,cgrfwd12145,,cgrfwd12145,,,R,no,ChIP-chip,24982231,GEO_GSE58632_GntR1,1.0,HIGH,ATCC13032,Strain_R
gntr1,,gntR1,R,cgrrev06866,,cgrrev06866,,,R,no,ChIP-chip,24982231,GEO_GSE58632_GntR1,1.0,HIGH,ATCC13032,Strain_R
gntr1,,gntR1,R,cgrfwd13944,,cgrfwd13944,,,R,no,ChIP-chip,24982231,GEO_GSE58632_GntR1,1.0,HIGH,ATCC13032,Strain_R
gntr1,,gntR1,R,cgrfwd02427,,cgrfwd02427,,,R,no,ChIP-chip,24982231,GEO_GSE58632_GntR1,1.0,HIGH,ATCC13032,Strain_R
gntr1,,gntR1,R,cgrfwd15123,,cgrfwd15123,,,R,no,ChIP-chip,24982231,GEO_GSE58632_GntR1,1.0,HIGH,ATCC13032,Strain_R
gntr1,,gntR1,R,cgrrev16654,,cgrrev16654,,,R,no,ChIP-chip,24982231,GEO_GSE58632_GntR1,1.0,HIGH,ATCC13032,Strain_R
gntr1,,gntR1,R,cgrfwd15324,,cgrfwd15324,,,R,no,ChIP-chip,24982231,GEO_GSE58632_GntR1,1.0,HIGH,ATCC13032,Strain_R
gntr1,,gntR1,R,cgrrev01137,,cgrrev01137,,,R,no,ChIP-chip,24982231,GEO_GSE58632_GntR1,1.0,HIGH,ATCC13032,Strain_R
gntr1,,gntR1,R,cgrfwd17324,,cgrfwd17324,,,R,no,ChIP-chip,24982231,GEO_GSE58632_GntR1,1.0,HIGH,ATCC13032,Strain_R
gntr1,,gntR1,R,cgrrev09120,,cgrrev09120,,,R,no,ChIP-chip,24982231,GEO_GSE58632_GntR1,1.0,HIGH,ATCC13032,Strain_R
gntr1,,gntR1,R,cgrfwd08750,,cgrfwd08750,,,R,no,ChIP-chip,24982231,GEO_GSE58632_GntR1,1.0,HIGH,ATCC13032,Strain_R
gntr1,,gntR1,R,cgrfwd10059,,cgrfwd10059,,,R,no,ChIP-chip,24982231,GEO_GSE58632_GntR1,1.0,HIGH,ATCC13032,Strain_R
gntr1,,gntR1,R,cgrrev06869,,cgrrev06869,,,R,no,ChIP-chip,24982231,GEO_GSE58632_GntR1,1.0,HIGH,ATCC13032,Strain_R
gntr1,,gntR1,R,cgrrev09121,,cgrrev09121,,,R,no,ChIP-chip,24982231,GEO_GSE58632_GntR1,1.0,HIGH,ATCC13032,Strain_R
gntr1,,gntR1,R,cgrrev16890,,cgrrev16890,,,R,no,ChIP-chip,24982231,GEO_GSE58632_GntR1,1.0,HIGH,ATCC13032,Strain_R
gntr1,,gntR1,R,cgrrev01135,,cgrrev01135,,,R,no,ChIP-chip,24982231,GEO_GSE58632_GntR1,1.0,HIGH,ATCC13032,Strain_R
gntr1,,gntR1,R,cgrfwd14741,,cgrfwd14741,,,R,no,ChIP-chip,24982231,GEO_GSE58632_GntR1,1.0,HIGH,ATCC13032,Strain_R
gntr1,,gntR1,R,cgrfwd16995,,cgrfwd16995,,,R,no,ChIP-chip,24982231,GEO_GSE58632_GntR1,1.0,HIGH,ATCC13032,Strain_R
gntr1,,gntR1,R,cgrfwd06384,,cgrfwd06384,,,R,no,ChIP-chip,24982231,GEO_GSE58632_GntR1,1.0,HIGH,ATCC13032,Strain_R
gntr1,,gntR1,R,cgrfwd00604,,cgrfwd00604,,,R,no,ChIP-chip,24982231,GEO_GSE58632_GntR1,1.0,HIGH,ATCC13032,Strain_R
gntr1,,gntR1,R,cgrrev15788,,cgrrev15788,,,R,no,ChIP-chip,24982231,GEO_GSE58632_GntR1,1.0,HIGH,ATCC13032,Strain_R
gntr1,,gntR1,R,cgr3006,,cgr3006,,,R,no,ChIP-chip,24982231,GEO_GSE58632_GntR1,1.0,HIGH,ATCC13032,Strain_R
gntr1,,gntR1,R,cgrfwd15359,,cgrfwd15359,,,R,no,ChIP-chip,24982231,GEO_GSE58632_GntR1,1.0,HIGH,ATCC13032,Strain_R
gntr1,,gntR1,R,cgrrev09118,,cgrrev09118,,,R,no,ChIP-chip,24982231,GEO_GSE58632_GntR1,1.0,HIGH,ATCC13032,Strain_R
gntr1,,gntR1,R,cgrrev08296,,cgrrev08296,,,R,no,ChIP-chip,24982231,GEO_GSE58632_GntR1,1.0,HIGH,ATCC13032,Strain_R
gntr1,,gntR1,R,cgrfwd17326,,cgrfwd17326,,,R,no,ChIP-chip,24982231,GEO_GSE58632_GntR1,1.0,HIGH,ATCC13032,Strain_R
gntr1,,gntR1,R,cgrrev09768,,cgrrev09768,,,R,no,ChIP-chip,24982231,GEO_GSE58632_GntR1,1.0,HIGH,ATCC13032,Strain_R
gntr1,,gntR1,R,cgrrev12067,,cgrrev12067,,,R,no,ChIP-chip,24982231,GEO_GSE58632_GntR1,1.0,HIGH,ATCC13032,Strain_R
gntr1,,gntR1,R,cgrrev16655,,cgrrev16655,,,R,no,ChIP-chip,24982231,GEO_GSE58632_GntR1,1.0,HIGH,ATCC13032,Strain_R
gntr1,,gntR1,R,cgrfwd12135,,cgrfwd12135,,,R,no,ChIP-chip,24982231,GEO_GSE58632_GntR1,1.0,HIGH,ATCC13032,Strain_R
gntr1,,gntR1,R,cgrrev03135,,cgrrev03135,,,R,no,ChIP-chip,24982231,GEO_GSE58632_GntR1,1.0,HIGH,ATCC13032,Strain_R
gntr1,,gntR1,R,cgrrev16028,,cgrrev16028,,,R,no,ChIP-chip,24982231,GEO_GSE58632_GntR1,1.0,HIGH,ATCC13032,Strain_R
gntr1,,gntR1,R,cgrfwd17900,,cgrfwd17900,,,R,no,ChIP-chip,24982231,GEO_GSE58632_GntR1,1.0,HIGH,ATCC13032,Strain_R
gntr1,,gntR1,R,cgrfwd01565,,cgrfwd01565,,,R,no,ChIP-chip,24982231,GEO_GSE58632_GntR1,1.0,HIGH,ATCC13032,Strain_R
gntr1,,gntR1,R,cgrrev04738,,cgrrev04738,,,R,no,ChIP-chip,24982231,GEO_GSE58632_GntR1,1.0,HIGH,ATCC13032,Strain_R
gntr1,,gntR1,R,cgr2999,,cgr2999,,,R,no,ChIP-chip,24982231,GEO_GSE58632_GntR1,1.0,HIGH,ATCC13032,Strain_R
gntr1,,gntR1,R,cgrfwd11589,,cgrfwd11589,,,R,no,ChIP-chip,24982231,GEO_GSE58632_GntR1,1.0,HIGH,ATCC13032,Strain_R
gntr1,,gntR1,R,cgrfwd06258,,cgrfwd06258,,,R,no,ChIP-chip,24982231,GEO_GSE58632_GntR1,1.0,HIGH,ATCC13032,Strain_R
gntr1,,gntR1,R,cgrfwd17885,,cgrfwd17885,,,R,no,ChIP-chip,24982231,GEO_GSE58632_GntR1,1.0,HIGH,ATCC13032,Strain_R
gntr1,,gntR1,R,cgrfwd04321,,cgrfwd04321,,,R,no,ChIP-chip,24982231,GEO_GSE58632_GntR1,1.0,HIGH,ATCC13032,Strain_R
gntr1,,gntR1,R,cgrrev00719,,cgrrev00719,,,R,no,ChIP-chip,24982231,GEO_GSE58632_GntR1,1.0,HIGH,ATCC13032,Strain_R
gntr1,,gntR1,R,cgrfwd08752,,cgrfwd08752,,,R,no,ChIP-chip,24982231,GEO_GSE58632_GntR1,1.0,HIGH,ATCC13032,Strain_R
gntr1,,gntR1,R,cgrfwd10372,,cgrfwd10372,,,R,no,ChIP-chip,24982231,GEO_GSE58632_GntR1,1.0,HIGH,ATCC13032,Strain_R
gntr1,,gntR1,R,cgrfwd11591,,cgrfwd11591,,,R,no,ChIP-chip,24982231,GEO_GSE58632_GntR1,1.0,HIGH,ATCC13032,Strain_R
gntr1,,gntR1,R,cgrrev16025,,cgrrev16025,,,R,no,ChIP-chip,24982231,GEO_GSE58632_GntR1,1.0,HIGH,ATCC13032,Strain_R
gntr1,,gntR1,R,cgrfwd07671,,cgrfwd07671,,,R,no,ChIP-chip,24982231,GEO_GSE58632_GntR1,1.0,HIGH,ATCC13032,Strain_R
cg0876,,sigH,A,cgr2237,,cgr2237,,,A,yes,ChIP-chip,25646197,GEO_GSE52040_SigH_Toyoda2015,1.0,HIGH,ATCC13032,Strain_R
cg0876,,sigH,A,cgrrev00127,,cgrrev00127,,,A,yes,ChIP-chip,25646197,GEO_GSE52040_SigH_Toyoda2015,1.0,HIGH,ATCC13032,Strain_R
cg0876,,sigH,A,cgrrev00925,,cgrrev00925,,,A,yes,ChIP-chip,25646197,GEO_GSE52040_SigH_Toyoda2015,1.0,HIGH,ATCC13032,Strain_R
cg0876,,sigH,A,cgrrev11069,,cgrrev11069,,,A,yes,ChIP-chip,25646197,GEO_GSE52040_SigH_Toyoda2015,1.0,HIGH,ATCC13032,Strain_R
cg0876,,sigH,A,cgrfwd09474,,cgrfwd09474,,,A,yes,ChIP-chip,25646197,GEO_GSE52040_SigH_Toyoda2015,1.0,HIGH,ATCC13032,Strain_R
cg0876,,sigH,A,cgrrev00748,,cgrrev00748,,,A,yes,ChIP-chip,25646197,GEO_GSE52040_SigH_Toyoda2015,1.0,HIGH,ATCC13032,Strain_R
cg0876,,sigH,A,cgrrev07688,,cgrrev07688,,,A,yes,ChIP-chip,25646197,GEO_GSE52040_SigH_Toyoda2015,1.0,HIGH,ATCC13032,Strain_R
cg0876,,sigH,A,cgrrev06281,,cgrrev06281,,,A,yes,ChIP-chip,25646197,GEO_GSE52040_SigH_Toyoda2015,1.0,HIGH,ATCC13032,Strain_R
cg0876,,sigH,A,cgrfwd11096,,cgrfwd11096,,,A,yes,ChIP-chip,25646197,GEO_GSE52040_SigH_Toyoda2015,1.0,HIGH,ATCC13032,Strain_R
cg0876,,sigH,A,cgrrev03791,,cgrrev03791,,,A,yes,ChIP-chip,25646197,GEO_GSE52040_SigH_Toyoda2015,1.0,HIGH,ATCC13032,Strain_R
cg0876,,sigH,A,cgrrev10377,,cgrrev10377,,,A,yes,ChIP-chip,25646197,GEO_GSE52040_SigH_Toyoda2015,1.0,HIGH,ATCC13032,Strain_R
cg0876,,sigH,A,cgrfwd05404,,cgrfwd05404,,,A,yes,ChIP-chip,25646197,GEO_GSE52040_SigH_Toyoda2015,1.0,HIGH,ATCC13032,Strain_R
cg0876,,sigH,A,cgr3069,,cgr3069,,,A,yes,ChIP-chip,25646197,GEO_GSE52040_SigH_Toyoda2015,1.0,HIGH,ATCC13032,Strain_R
cg0876,,sigH,A,cgrfwd09998,,cgrfwd09998,,,A,yes,ChIP-chip,25646197,GEO_GSE52040_SigH_Toyoda2015,1.0,HIGH,ATCC13032,Strain_R
cg0876,,sigH,A,cgr2084,,cgr2084,,,A,yes,ChIP-chip,25646197,GEO_GSE52040_SigH_Toyoda2015,1.0,HIGH,ATCC13032,Strain_R
cg0876,,sigH,A,cgrrev00747,,cgrrev00747,,,A,yes,ChIP-chip,25646197,GEO_GSE52040_SigH_Toyoda2015,1.0,HIGH,ATCC13032,Strain_R
cg0876,,sigH,A,cgrfwd09472,,cgrfwd09472,,,A,yes,ChIP-chip,25646197,GEO_GSE52040_SigH_Toyoda2015,1.0,HIGH,ATCC13032,Strain_R
cg0876,,sigH,A,cgrfwd12178,,cgrfwd12178,,,A,yes,ChIP-chip,25646197,GEO_GSE52040_SigH_Toyoda2015,1.0,HIGH,ATCC13032,Strain_R
cg0876,,sigH,A,cgrrev07359,,cgrrev07359,,,A,yes,ChIP-chip,25646197,GEO_GSE52040_SigH_Toyoda2015,1.0,HIGH,ATCC13032,Strain_R
cg0876,,sigH,A,cgrfwd15163,,cgrfwd15163,,,A,yes,ChIP-chip,25646197,GEO_GSE52040_SigH_Toyoda2015,1.0,HIGH,ATCC13032,Strain_R
cg0876,,sigH,A,cgrrev00923,,cgrrev00923,,,A,yes,ChIP-chip,25646197,GEO_GSE52040_SigH_Toyoda2015,1.0,HIGH,ATCC13032,Strain_R
cg0876,,sigH,A,cgrfwd11362,,cgrfwd11362,,,A,yes,ChIP-chip,25646197,GEO_GSE52040_SigH_Toyoda2015,1.0,HIGH,ATCC13032,Strain_R
cg0876,,sigH,A,cgrfwd08258,,cgrfwd08258,,,A,yes,ChIP-chip,25646197,GEO_GSE52040_SigH_Toyoda2015,1.0,HIGH,ATCC13032,Strain_R
cg0876,,sigH,A,cgrfwd09708,,cgrfwd09708,,,A,yes,ChIP-chip,25646197,GEO_GSE52040_SigH_Toyoda2015,1.0,HIGH,ATCC13032,Strain_R
cg0876,,sigH,A,cgrfwd12888,,cgrfwd12888,,,A,yes,ChIP-chip,25646197,GEO_GSE52040_SigH_Toyoda2015,1.0,HIGH,ATCC13032,Strain_R
cg0876,,sigH,A,cgrfwd18337,,cgrfwd18337,,,A,yes,ChIP-chip,25646197,GEO_GSE52040_SigH_Toyoda2015,1.0,HIGH,ATCC13032,Strain_R
cg0876,,sigH,A,cgrfwd07385,,cgrfwd07385,,,A,yes,ChIP-chip,25646197,GEO_GSE52040_SigH_Toyoda2015,1.0,HIGH,ATCC13032,Strain_R
cg0876,,sigH,A,cgrfwd09709,,cgrfwd09709,,,A,yes,ChIP-chip,25646197,GEO_GSE52040_SigH_Toyoda2015,1.0,HIGH,ATCC13032,Strain_R
cg0876,,sigH,A,cgrrev06990,,cgrrev06990,,,A,yes,ChIP-chip,25646197,GEO_GSE52040_SigH_Toyoda2015,1.0,HIGH,ATCC13032,Strain_R
cg0876,,sigH,A,cgrfwd11097,,cgrfwd11097,,,A,yes,ChIP-chip,25646197,GEO_GSE52040_SigH_Toyoda2015,1.0,HIGH,ATCC13032,Strain_R
cg0876,,sigH,A,cgrrev09587,,cgrrev09587,,,A,yes,ChIP-chip,25646197,GEO_GSE52040_SigH_Toyoda2015,1.0,HIGH,ATCC13032,Strain_R
cg0876,,sigH,A,cgrrev10198,,cgrrev10198,,,A,yes,ChIP-chip,25646197,GEO_GSE52040_SigH_Toyoda2015,1.0,HIGH,ATCC13032,Strain_R
cg0876,,sigH,A,cgrrev06279,,cgrrev06279,,,A,yes,ChIP-chip,25646197,GEO_GSE52040_SigH_Toyoda2015,1.0,HIGH,ATCC13032,Strain_R
cg0876,,sigH,A,cgrrev11068,,cgrrev11068,,,A,yes,ChIP-chip,25646197,GEO_GSE52040_SigH_Toyoda2015,1.0,HIGH,ATCC13032,Strain_R
cg0876,,sigH,A,cgrfwd17714,,cgrfwd17714,,,A,yes,ChIP-chip,25646197,GEO_GSE52040_SigH_Toyoda2015,1.0,HIGH,ATCC13032,Strain_R
cg0876,,sigH,A,cgrfwd10699,,cgrfwd10699,,,A,yes,ChIP-chip,25646197,GEO_GSE52040_SigH_Toyoda2015,1.0,HIGH,ATCC13032,Strain_R
cg0876,,sigH,A,cgrfwd18017,,cgrfwd18017,,,A,yes,ChIP-chip,25646197,GEO_GSE52040_SigH_Toyoda2015,1.0,HIGH,ATCC13032,Strain_R
cg0876,,sigH,A,cgrfwd08079,,cgrfwd08079,,,A,yes,ChIP-chip,25646197,GEO_GSE52040_SigH_Toyoda2015,1.0,HIGH,ATCC13032,Strain_R
cg0876,,sigH,A,cgrfwd18018,,cgrfwd18018,,,A,yes,ChIP-chip,25646197,GEO_GSE52040_SigH_Toyoda2015,1.0,HIGH,ATCC13032,Strain_R
cg0876,,sigH,A,cgr1989,,cgr1989,,,A,yes,ChIP-chip,25646197,GEO_GSE52040_SigH_Toyoda2015,1.0,HIGH,ATCC13032,Strain_R
cg0876,,sigH,A,cgr1933,,cgr1933,,,A,yes,ChIP-chip,25646197,GEO_GSE52040_SigH_Toyoda2015,1.0,HIGH,ATCC13032,Strain_R
cg0876,,sigH,A,cgrrev00921,,cgrrev00921,,,A,yes,ChIP-chip,25646197,GEO_GSE52040_SigH_Toyoda2015,1.0,HIGH,ATCC13032,Strain_R
cg0876,,sigH,A,cgrfwd17717,,cgrfwd17717,,,A,yes,ChIP-chip,25646197,GEO_GSE52040_SigH_Toyoda2015,1.0,HIGH,ATCC13032,Strain_R
cg0876,,sigH,A,cgr1866,,cgr1866,,,A,yes,ChIP-chip,25646197,GEO_GSE52040_SigH_Toyoda2015,1.0,HIGH,ATCC13032,Strain_R
cg0876,,sigH,A,cgrfwd12825,,cgrfwd12825,,,A,yes,ChIP-chip,25646197,GEO_GSE52040_SigH_Toyoda2015,1.0,HIGH,ATCC13032,Strain_R
cg0876,,sigH,A,cgrrev07689,,cgrrev07689,,,A,yes,ChIP-chip,25646197,GEO_GSE52040_SigH_Toyoda2015,1.0,HIGH,ATCC13032,Strain_R
cg0876,,sigH,A,cgrrev05630,,cgrrev05630,,,A,yes,ChIP-chip,25646197,GEO_GSE52040_SigH_Toyoda2015,1.0,HIGH,ATCC13032,Strain_R
cg0876,,sigH,A,cgrrev07096,,cgrrev07096,,,A,yes,ChIP-chip,25646197,GEO_GSE52040_SigH_Toyoda2015,1.0,HIGH,ATCC13032,Strain_R
cg0876,,sigH,A,cgrrev07757,,cgrrev07757,,,A,yes,ChIP-chip,25646197,GEO_GSE52040_SigH_Toyoda2015,1.0,HIGH,ATCC13032,Strain_R
cg0876,,sigH,A,cgrrev13052,,cgrrev13052,,,A,yes,ChIP-chip,25646197,GEO_GSE52040_SigH_Toyoda2015,1.0,HIGH,ATCC13032,Strain_R
cg0876,,sigH,A,cgrrev03790,,cgrrev03790,,,A,yes,ChIP-chip,25646197,GEO_GSE52040_SigH_Toyoda2015,1.0,HIGH,ATCC13032,Strain_R
cg0876,,sigH,A,cgr3176,,cgr3176,,,A,yes,ChIP-chip,25646197,GEO_GSE52040_SigH_Toyoda2015,1.0,HIGH,ATCC13032,Strain_R
cg0876,,sigH,A,cgrrev09588,,cgrrev09588,,,A,yes,ChIP-chip,25646197,GEO_GSE52040_SigH_Toyoda2015,1.0,HIGH,ATCC13032,Strain_R
cg0876,,sigH,A,cgrrev07357,,cgrrev07357,,,A,yes,ChIP-chip,25646197,GEO_GSE52040_SigH_Toyoda2015,1.0,HIGH,ATCC13032,Strain_R
cg0876,,sigH,A,cgrrev07358,,cgrrev07358,,,A,yes,ChIP-chip,25646197,GEO_GSE52040_SigH_Toyoda2015,1.0,HIGH,ATCC13032,Strain_R
cg0876,,sigH,A,cgr0950,,cgr0950,,,A,yes,ChIP-chip,25646197,GEO_GSE52040_SigH_Toyoda2015,1.0,HIGH,ATCC13032,Strain_R
cg0876,,sigH,A,cgrfwd09473,,cgrfwd09473,,,A,yes,ChIP-chip,25646197,GEO_GSE52040_SigH_Toyoda2015,1.0,HIGH,ATCC13032,Strain_R
cg0876,,sigH,A,cgrrev00924,,cgrrev00924,,,A,yes,ChIP-chip,25646197,GEO_GSE52040_SigH_Toyoda2015,1.0,HIGH,ATCC13032,Strain_R
cg0876,,sigH,A,cgrrev07690,,cgrrev07690,,,A,yes,ChIP-chip,25646197,GEO_GSE52040_SigH_Toyoda2015,1.0,HIGH,ATCC13032,Strain_R
cg0876,,sigH,A,cgrrev00749,,cgrrev00749,,,A,yes,ChIP-chip,25646197,GEO_GSE52040_SigH_Toyoda2015,1.0,HIGH,ATCC13032,Strain_R
cg0876,,sigH,A,cgrfwd11467,,cgrfwd11467,,,A,yes,ChIP-chip,25646197,GEO_GSE52040_SigH_Toyoda2015,1.0,HIGH,ATCC13032,Strain_R
cg0876,,sigH,A,cgrfwd12826,,cgrfwd12826,,,A,yes,ChIP-chip,25646197,GEO_GSE52040_SigH_Toyoda2015,1.0,HIGH,ATCC13032,Strain_R
cg0876,,sigH,A,cgrrev08985,,cgrrev08985,,,A,yes,ChIP-chip,25646197,GEO_GSE52040_SigH_Toyoda2015,1.0,HIGH,ATCC13032,Strain_R
cg0876,,sigH,A,cgrfwd08259,,cgrfwd08259,,,A,yes,ChIP-chip,25646197,GEO_GSE52040_SigH_Toyoda2015,1.0,HIGH,ATCC13032,Strain_R
cg0876,,sigH,A,cgr3068,,cgr3068,,,A,yes,ChIP-chip,25646197,GEO_GSE52040_SigH_Toyoda2015,1.0,HIGH,ATCC13032,Strain_R
cg0876,,sigH,A,cgrfwd07957,,cgrfwd07957,,,A,yes,ChIP-chip,25646197,GEO_GSE52040_SigH_Toyoda2015,1.0,HIGH,ATCC13032,Strain_R
cg0876,,sigH,A,cgrfwd17538,,cgrfwd17538,,,A,yes,ChIP-chip,25646197,GEO_GSE52040_SigH_Toyoda2015,1.0,HIGH,ATCC13032,Strain_R
cg0876,,sigH,A,cgrrev10197,,cgrrev10197,,,A,yes,ChIP-chip,25646197,GEO_GSE52040_SigH_Toyoda2015,1.0,HIGH,ATCC13032,Strain_R
cg0876,,sigH,A,cgrfwd11468,,cgrfwd11468,,,A,yes,ChIP-chip,25646197,GEO_GSE52040_SigH_Toyoda2015,1.0,HIGH,ATCC13032,Strain_R
cg0876,,sigH,A,cgrfwd12810,,cgrfwd12810,,,A,yes,ChIP-chip,25646197,GEO_GSE52040_SigH_Toyoda2015,1.0,HIGH,ATCC13032,Strain_R
cg0876,,sigH,A,cgrrev11067,,cgrrev11067,,,A,yes,ChIP-chip,25646197,GEO_GSE52040_SigH_Toyoda2015,1.0,HIGH,ATCC13032,Strain_R
cg0876,,sigH,A,cgrfwd02694,,cgrfwd02694,,,A,yes,ChIP-chip,25646197,GEO_GSE52040_SigH_Toyoda2015,1.0,HIGH,ATCC13032,Strain_R
cg0876,,sigH,A,cgrrev05568,,cgrrev05568,,,A,yes,ChIP-chip,25646197,GEO_GSE52040_SigH_Toyoda2015,1.0,HIGH,ATCC13032,Strain_R
cg0876,,sigH,A,cgrrev00126,,cgrrev00126,,,A,yes,ChIP-chip,25646197,GEO_GSE52040_SigH_Toyoda2015,1.0,HIGH,ATCC13032,Strain_R
cg0876,,sigH,A,cgrfwd08869,,cgrfwd08869,,,A,yes,ChIP-chip,25646197,GEO_GSE52040_SigH_Toyoda2015,1.0,HIGH,ATCC13032,Strain_R
cg0876,,sigH,A,cgrrev11070,,cgrrev11070,,,A,yes,ChIP-chip,25646197,GEO_GSE52040_SigH_Toyoda2015,1.0,HIGH,ATCC13032,Strain_R
cg0876,,sigH,A,cgrfwd05403,,cgrfwd05403,,,A,yes,ChIP-chip,25646197,GEO_GSE52040_SigH_Toyoda2015,1.0,HIGH,ATCC13032,Strain_R
cg0876,,sigH,A,cgrrev08747,,cgrrev08747,,,A,yes,ChIP-chip,25646197,GEO_GSE52040_SigH_Toyoda2015,1.0,HIGH,ATCC13032,Strain_R
cg0876,,sigH,A,cgrfwd08260,,cgrfwd08260,,,A,yes,ChIP-chip,25646197,GEO_GSE52040_SigH_Toyoda2015,1.0,HIGH,ATCC13032,Strain_R
cg0876,,sigH,A,cgrrev08749,,cgrrev08749,,,A,yes,ChIP-chip,25646197,GEO_GSE52040_SigH_Toyoda2015,1.0,HIGH,ATCC13032,Strain_R
cg0876,,sigH,A,cgr1449,,cgr1449,,,A,yes,ChIP-chip,25646197,GEO_GSE52040_SigH_Toyoda2015,1.0,HIGH,ATCC13032,Strain_R
cg0876,,sigH,A,cgrrev07687,,cgrrev07687,,,A,yes,ChIP-chip,25646197,GEO_GSE52040_SigH_Toyoda2015,1.0,HIGH,ATCC13032,Strain_R
cg0876,,sigH,A,cgrfwd11098,,cgrfwd11098,,,A,yes,ChIP-chip,25646197,GEO_GSE52040_SigH_Toyoda2015,1.0,HIGH,ATCC13032,Strain_R
cg0876,,sigH,A,cgrfwd11101,,cgrfwd11101,,,A,yes,ChIP-chip,25646197,GEO_GSE52040_SigH_Toyoda2015,1.0,HIGH,ATCC13032,Strain_R
cg0876,,sigH,A,cgrrev08748,,cgrrev08748,,,A,yes,ChIP-chip,25646197,GEO_GSE52040_SigH_Toyoda2015,1.0,HIGH,ATCC13032,Strain_R
cg0876,,sigH,A,cgrfwd12827,,cgrfwd12827,,,A,yes,ChIP-chip,25646197,GEO_GSE52040_SigH_Toyoda2015,1.0,HIGH,ATCC13032,Strain_R
cg0876,,sigH,A,cgrfwd18016,,cgrfwd18016,,,A,yes,ChIP-chip,25646197,GEO_GSE52040_SigH_Toyoda2015,1.0,HIGH,ATCC13032,Strain_R
cg0876,,sigH,A,cgrrev15759,,cgrrev15759,,,A,yes,ChIP-chip,25646197,GEO_GSE52040_SigH_Toyoda2015,1.0,HIGH,ATCC13032,Strain_R
cg0876,,sigH,A,cgrfwd08257,,cgrfwd08257,,,A,yes,ChIP-chip,25646197,GEO_GSE52040_SigH_Toyoda2015,1.0,HIGH,ATCC13032,Strain_R
cg0876,,sigH,A,cgrrev05646,,cgrrev05646,,,A,yes,ChIP-chip,25646197,GEO_GSE52040_SigH_Toyoda2015,1.0,HIGH,ATCC13032,Strain_R
cg0876,,sigH,A,cgrfwd11361,,cgrfwd11361,,,A,yes,ChIP-chip,25646197,GEO_GSE52040_SigH_Toyoda2015,1.0,HIGH,ATCC13032,Strain_R
cg0876,,sigH,A,cgrrev10199,,cgrrev10199,,,A,yes,ChIP-chip,25646197,GEO_GSE52040_SigH_Toyoda2015,1.0,HIGH,ATCC13032,Strain_R
cg0876,,sigH,A,cgrrev05824,,cgrrev05824,,,A,yes,ChIP-chip,25646197,GEO_GSE52040_SigH_Toyoda2015,1.0,HIGH,ATCC13032,Strain_R
cg0876,,sigH,A,cgrfwd18019,,cgrfwd18019,,,A,yes,ChIP-chip,25646197,GEO_GSE52040_SigH_Toyoda2015,1.0,HIGH,ATCC13032,Strain_R
cg0876,,sigH,A,cgrfwd17540,,cgrfwd17540,,,A,yes,ChIP-chip,25646197,GEO_GSE52040_SigH_Toyoda2015,1.0,HIGH,ATCC13032,Strain_R
cg0876,,sigH,A,cgrfwd10769,,cgrfwd10769,,,A,yes,ChIP-chip,25646197,GEO_GSE52040_SigH_Toyoda2015,1.0,HIGH,ATCC13032,Strain_R
cg0876,,sigH,A,cgrrev07758,,cgrrev07758,,,A,yes,ChIP-chip,25646197,GEO_GSE52040_SigH_Toyoda2015,1.0,HIGH,ATCC13032,Strain_R
cg0876,,sigH,A,cgr1670,,cgr1670,,,A,yes,ChIP-chip,25646197,GEO_GSE52040_SigH_Toyoda2015,1.0,HIGH,ATCC13032,Strain_R
cg0876,,sigH,A,cgrfwd17715,,cgrfwd17715,,,A,yes,ChIP-chip,25646197,GEO_GSE52040_SigH_Toyoda2015,1.0,HIGH,ATCC13032,Strain_R
cg0876,,sigH,A,cgrfwd09997,,cgrfwd09997,,,A,yes,ChIP-chip,25646197,GEO_GSE52040_SigH_Toyoda2015,1.0,HIGH,ATCC13032,Strain_R
cg0876,,sigH,A,cgrfwd12177,,cgrfwd12177,,,A,yes,ChIP-chip,25646197,GEO_GSE52040_SigH_Toyoda2015,1.0,HIGH,ATCC13032,Strain_R
cg0876,,sigH,A,cgrfwd07387,,cgrfwd07387,,,A,yes,ChIP-chip,25646197,GEO_GSE52040_SigH_Toyoda2015,1.0,HIGH,ATCC13032,Strain_R
cg0876,,sigH,A,cgr2085,,cgr2085,,,A,yes,ChIP-chip,25646197,GEO_GSE52040_SigH_Toyoda2015,1.0,HIGH,ATCC13032,Strain_R
cg0876,,sigH,A,cgrfwd11100,,cgrfwd11100,,,A,yes,ChIP-chip,25646197,GEO_GSE52040_SigH_Toyoda2015,1.0,HIGH,ATCC13032,Strain_R
cg0876,,sigH,A,cgrfwd12812,,cgrfwd12812,,,A,yes,ChIP-chip,25646197,GEO_GSE52040_SigH_Toyoda2015,1.0,HIGH,ATCC13032,Strain_R
cg0876,,sigH,A,cgrrev05629,,cgrrev05629,,,A,yes,ChIP-chip,25646197,GEO_GSE52040_SigH_Toyoda2015,1.0,HIGH,ATCC13032,Strain_R
cg0876,,sigH,A,cgrrev03789,,cgrrev03789,,,A,yes,ChIP-chip,25646197,GEO_GSE52040_SigH_Toyoda2015,1.0,HIGH,ATCC13032,Strain_R
cg0876,,sigH,A,cgrfwd12633,,cgrfwd12633,,,A,yes,ChIP-chip,25646197,GEO_GSE52040_SigH_Toyoda2015,1.0,HIGH,ATCC13032,Strain_R
cg0876,,sigH,A,cgrfwd10700,,cgrfwd10700,,,A,yes,ChIP-chip,25646197,GEO_GSE52040_SigH_Toyoda2015,1.0,HIGH,ATCC13032,Strain_R
cg0876,,sigH,A,cgrfwd08870,,cgrfwd08870,,,A,yes,ChIP-chip,25646197,GEO_GSE52040_SigH_Toyoda2015,1.0,HIGH,ATCC13032,Strain_R
cg0876,,sigH,A,cgrrev08986,,cgrrev08986,,,A,yes,ChIP-chip,25646197,GEO_GSE52040_SigH_Toyoda2015,1.0,HIGH,ATCC13032,Strain_R
cg0876,,sigH,A,cgrrev07612,,cgrrev07612,,,A,yes,ChIP-chip,25646197,GEO_GSE52040_SigH_Toyoda2015,1.0,HIGH,ATCC13032,Strain_R
cg0876,,sigH,A,cgrfwd18338,,cgrfwd18338,,,A,yes,ChIP-chip,25646197,GEO_GSE52040_SigH_Toyoda2015,1.0,HIGH,ATCC13032,Strain_R
cg0876,,sigH,A,cgrfwd10768,,cgrfwd10768,,,A,yes,ChIP-chip,25646197,GEO_GSE52040_SigH_Toyoda2015,1.0,HIGH,ATCC13032,Strain_R
cg0876,,sigH,A,cgrfwd16516,,cgrfwd16516,,,A,yes,ChIP-chip,25646197,GEO_GSE52040_SigH_Toyoda2015,1.0,HIGH,ATCC13032,Strain_R
cg0876,,sigH,A,cgrrev00447,,cgrrev00447,,,A,yes,ChIP-chip,25646197,GEO_GSE52040_SigH_Toyoda2015,1.0,HIGH,ATCC13032,Strain_R
cg0876,,sigH,A,cgrrev05569,,cgrrev05569,,,A,yes,ChIP-chip,25646197,GEO_GSE52040_SigH_Toyoda2015,1.0,HIGH,ATCC13032,Strain_R
cg0876,,sigH,A,cgrrev13050,,cgrrev13050,,,A,yes,ChIP-chip,25646197,GEO_GSE52040_SigH_Toyoda2015,1.0,HIGH,ATCC13032,Strain_R
cg0876,,sigH,A,cgrrev00446,,cgrrev00446,,,A,yes,ChIP-chip,25646197,GEO_GSE52040_SigH_Toyoda2015,1.0,HIGH,ATCC13032,Strain_R
cg0876,,sigH,A,cgrrev07759,,cgrrev07759,,,A,yes,ChIP-chip,25646197,GEO_GSE52040_SigH_Toyoda2015,1.0,HIGH,ATCC13032,Strain_R
cg0876,,sigH,A,cgrfwd07386,,cgrfwd07386,,,A,yes,ChIP-chip,25646197,GEO_GSE52040_SigH_Toyoda2015,1.0,HIGH,ATCC13032,Strain_R
cg0876,,sigH,A,cgrfwd12634,,cgrfwd12634,,,A,yes,ChIP-chip,25646197,GEO_GSE52040_SigH_Toyoda2015,1.0,HIGH,ATCC13032,Strain_R
cg0876,,sigH,A,cgrrev08984,,cgrrev08984,,,A,yes,ChIP-chip,25646197,GEO_GSE52040_SigH_Toyoda2015,1.0,HIGH,ATCC13032,Strain_R
cg0876,,sigH,A,cgrrev06591,,cgrrev06591,,,A,yes,ChIP-chip,25646197,GEO_GSE52040_SigH_Toyoda2015,1.0,HIGH,ATCC13032,Strain_R
cg0876,,sigH,A,cgrrev00444,,cgrrev00444,,,A,yes,ChIP-chip,25646197,GEO_GSE52040_SigH_Toyoda2015,1.0,HIGH,ATCC13032,Strain_R
cg0876,,sigH,A,cgrfwd07384,,cgrfwd07384,,,A,yes,ChIP-chip,25646197,GEO_GSE52040_SigH_Toyoda2015,1.0,HIGH,ATCC13032,Strain_R
cg0876,,sigH,A,cgrrev06989,,cgrrev06989,,,A,yes,ChIP-chip,25646197,GEO_GSE52040_SigH_Toyoda2015,1.0,HIGH,ATCC13032,Strain_R
cg0876,,sigH,A,cgrrev09586,,cgrrev09586,,,A,yes,ChIP-chip,25646197,GEO_GSE52040_SigH_Toyoda2015,1.0,HIGH,ATCC13032,Strain_R
cg0876,,sigH,A,cgrrev06280,,cgrrev06280,,,A,yes,ChIP-chip,25646197,GEO_GSE52040_SigH_Toyoda2015,1.0,HIGH,ATCC13032,Strain_R
cg0876,,sigH,A,cgrrev00922,,cgrrev00922,,,A,yes,ChIP-chip,25646197,GEO_GSE52040_SigH_Toyoda2015,1.0,HIGH,ATCC13032,Strain_R
cg0876,,sigH,A,cgrrev07095,,cgrrev07095,,,A,yes,ChIP-chip,25646197,GEO_GSE52040_SigH_Toyoda2015,1.0,HIGH,ATCC13032,Strain_R
cg0876,,sigH,A,cgric15,,cgric15,,,A,yes,ChIP-chip,25646197,GEO_GSE52040_SigH_Toyoda2015,1.0,HIGH,ATCC13032,Strain_R
cg0876,,sigH,A,cgrfwd11868,,cgrfwd11868,,,A,yes,ChIP-chip,25646197,GEO_GSE52040_SigH_Toyoda2015,1.0,HIGH,ATCC13032,Strain_R
cg0876,,sigH,A,cgrfwd10770,,cgrfwd10770,,,A,yes,ChIP-chip,25646197,GEO_GSE52040_SigH_Toyoda2015,1.0,HIGH,ATCC13032,Strain_R
cg0876,,sigH,A,cgrrev10196,,cgrrev10196,,,A,yes,ChIP-chip,25646197,GEO_GSE52040_SigH_Toyoda2015,1.0,HIGH,ATCC13032,Strain_R
cg0876,,sigH,A,cgrrev10376,,cgrrev10376,,,A,yes,ChIP-chip,25646197,GEO_GSE52040_SigH_Toyoda2015,1.0,HIGH,ATCC13032,Strain_R
cg0876,,sigH,A,cgrrev07360,,cgrrev07360,,,A,yes,ChIP-chip,25646197,GEO_GSE52040_SigH_Toyoda2015,1.0,HIGH,ATCC13032,Strain_R
cg0876,,sigH,A,cgrrev03299,,cgrrev03299,,,A,yes,ChIP-chip,25646197,GEO_GSE52040_SigH_Toyoda2015,1.0,HIGH,ATCC13032,Strain_R
cg0876,,sigH,A,cgrfwd10846,,cgrfwd10846,,,A,yes,ChIP-chip,25646197,GEO_GSE52040_SigH_Toyoda2015,1.0,HIGH,ATCC13032,Strain_R
cg0876,,sigH,A,cgrfwd17537,,cgrfwd17537,,,A,yes,ChIP-chip,25646197,GEO_GSE52040_SigH_Toyoda2015,1.0,HIGH,ATCC13032,Strain_R
cg0876,,sigH,A,cgrfwd14668,,cgrfwd14668,,,A,yes,ChIP-chip,25646197,GEO_GSE52040_SigH_Toyoda2015,1.0,HIGH,ATCC13032,Strain_R
cg0876,,sigH,A,cgrrev01858,,cgrrev01858,,,A,yes,ChIP-chip,25646197,GEO_GSE52040_SigH_Toyoda2015,1.0,HIGH,ATCC13032,Strain_R
cg0876,,sigH,A,cgrrev00750,,cgrrev00750,,,A,yes,ChIP-chip,25646197,GEO_GSE52040_SigH_Toyoda2015,1.0,HIGH,ATCC13032,Strain_R
cg0876,,sigH,A,cgrrev13051,,cgrrev13051,,,A,yes,ChIP-chip,25646197,GEO_GSE52040_SigH_Toyoda2015,1.0,HIGH,ATCC13032,Strain_R
cg0876,,sigH,A,cgrfwd18020,,cgrfwd18020,,,A,yes,ChIP-chip,25646197,GEO_GSE52040_SigH_Toyoda2015,1.0,HIGH,ATCC13032,Strain_R
cg0876,,sigH,A,cgr1709,,cgr1709,,,A,yes,ChIP-chip,25646197,GEO_GSE52040_SigH_Toyoda2015,1.0,HIGH,ATCC13032,Strain_R
cg0876,,sigH,A,cgrfwd10767,,cgrfwd10767,,,A,yes,ChIP-chip,25646197,GEO_GSE52040_SigH_Toyoda2015,1.0,HIGH,ATCC13032,Strain_R
cg0876,,sigH,A,cgrfwd09710,,cgrfwd09710,,,A,yes,ChIP-chip,25646197,GEO_GSE52040_SigH_Toyoda2015,1.0,HIGH,ATCC13032,Strain_R
cg0876,,sigH,A,cgrrev07361,,cgrrev07361,,,A,yes,ChIP-chip,25646197,GEO_GSE52040_SigH_Toyoda2015,1.0,HIGH,ATCC13032,Strain_R
cg0876,,sigH,A,cgrrev08460,,cgrrev08460,,,A,yes,ChIP-chip,25646197,GEO_GSE52040_SigH_Toyoda2015,1.0,HIGH,ATCC13032,Strain_R
cg0876,,sigH,A,cgrfwd11469,,cgrfwd11469,,,A,yes,ChIP-chip,25646197,GEO_GSE52040_SigH_Toyoda2015,1.0,HIGH,ATCC13032,Strain_R
cg0876,,sigH,A,cgrfwd12829,,cgrfwd12829,,,A,yes,ChIP-chip,25646197,GEO_GSE52040_SigH_Toyoda2015,1.0,HIGH,ATCC13032,Strain_R
cg0876,,sigH,A,cgrfwd17716,,cgrfwd17716,,,A,yes,ChIP-chip,25646197,GEO_GSE52040_SigH_Toyoda2015,1.0,HIGH,ATCC13032,Strain_R
cg0876,,sigH,A,cgrfwd14669,,cgrfwd14669,,,A,yes,ChIP-chip,25646197,GEO_GSE52040_SigH_Toyoda2015,1.0,HIGH,ATCC13032,Strain_R
cg0876,,sigH,A,cgrfwd12889,,cgrfwd12889,,,A,yes,ChIP-chip,25646197,GEO_GSE52040_SigH_Toyoda2015,1.0,HIGH,ATCC13032,Strain_R
cg0876,,sigH,A,cgrrev05631,,cgrrev05631,,,A,yes,ChIP-chip,25646197,GEO_GSE52040_SigH_Toyoda2015,1.0,HIGH,ATCC13032,Strain_R
cg0876,,sigH,A,cgrrev06590,,cgrrev06590,,,A,yes,ChIP-chip,25646197,GEO_GSE52040_SigH_Toyoda2015,1.0,HIGH,ATCC13032,Strain_R
cg0876,,sigH,A,cgrfwd12828,,cgrfwd12828,,,A,yes,ChIP-chip,25646197,GEO_GSE52040_SigH_Toyoda2015,1.0,HIGH,ATCC13032,Strain_R
cg0876,,sigH,A,cgr1972,,cgr1972,,,A,yes,ChIP-chip,25646197,GEO_GSE52040_SigH_Toyoda2015,1.0,HIGH,ATCC13032,Strain_R
cg0876,,sigH,A,cgrfwd08868,,cgrfwd08868,,,A,yes,ChIP-chip,25646197,GEO_GSE52040_SigH_Toyoda2015,1.0,HIGH,ATCC13032,Strain_R
cg0876,,sigH,A,cgrrev05632,,cgrrev05632,,,A,yes,ChIP-chip,25646197,GEO_GSE52040_SigH_Toyoda2015,1.0,HIGH,ATCC13032,Strain_R
cg0876,,sigH,A,cgrfwd17539,,cgrfwd17539,,,A,yes,ChIP-chip,25646197,GEO_GSE52040_SigH_Toyoda2015,1.0,HIGH,ATCC13032,Strain_R
cg0876,,sigH,A,cgrrev00445,,cgrrev00445,,,A,yes,ChIP-chip,25646197,GEO_GSE52040_SigH_Toyoda2015,1.0,HIGH,ATCC13032,Strain_R
cg0876,,sigH,A,cgrfwd12811,,cgrfwd12811,,,A,yes,ChIP-chip,25646197,GEO_GSE52040_SigH_Toyoda2015,1.0,HIGH,ATCC13032,Strain_R
cg0876,,sigH,A,cgr3032,,cgr3032,,,A,yes,ChIP-chip,25646197,GEO_GSE52040_SigH_Toyoda2015,1.0,HIGH,ATCC13032,Strain_R
cg0876,,sigH,A,cgrfwd11099,,cgrfwd11099,,,A,yes,ChIP-chip,25646197,GEO_GSE52040_SigH_Toyoda2015,1.0,HIGH,ATCC13032,Strain_R
cg0876,,sigH,A,cgrrev09585,,cgrrev09585,,,A,yes,ChIP-chip,25646197,GEO_GSE52040_SigH_Toyoda2015,1.0,HIGH,ATCC13032,Strain_R
cg0876,,sigH,A,cgrrev05647,,cgrrev05647,,,A,yes,ChIP-chip,25646197,GEO_GSE52040_SigH_Toyoda2015,1.0,HIGH,ATCC13032,Strain_R
cg0876,,sigH,A,cgrfwd14670,,cgrfwd14670,,,A,yes,ChIP-chip,25646197,GEO_GSE52040_SigH_Toyoda2015,1.0,HIGH,ATCC13032,Strain_R
cg0876,,sigH,A,cgr2652,,cgr2652,,,A,yes,ChIP-chip,25646197,GEO_GSE52040_SigH_Toyoda2015,1.0,HIGH,ATCC13032,Strain_R
cg0876,,sigH,A,cgr1932,,cgr1932,,,A,yes,ChIP-chip,25646197,GEO_GSE52040_SigH_Toyoda2015,1.0,HIGH,ATCC13032,Strain_R
cg0876,,sigH,A,cgrrev00125,,cgrrev00125,,,A,yes,ChIP-chip,25646197,GEO_GSE52040_SigH_Toyoda2015,1.0,HIGH,ATCC13032,Strain_R
cg0876,,sigH,A,cgrrev00443,,cgrrev00443,,,A,yes,ChIP-chip,25646197,GEO_GSE52040_SigH_Toyoda2015,1.0,HIGH,ATCC13032,Strain_R
cg0876,,sigH,A,cgrfwd11470,,cgrfwd11470,,,A,yes,ChIP-chip,25646197,GEO_GSE52040_SigH_Toyoda2015,1.0,HIGH,ATCC13032,Strain_R
cg0876,,sigH,A,cgrrev08983,,cgrrev08983,,,A,yes,ChIP-chip,25646197,GEO_GSE52040_SigH_Toyoda2015,1.0,HIGH,ATCC13032,Strain_R
