TF_locusTag,TF_altLocusTag,TF_name,TF_role,TG_locusTag,TG_altLocusTag,TG_name,Operon,Binding_site,Role,Is_sigma_factor,Evidence,PMID,Source,evidence_score,confidence_label,strain_note,strain_group
cg0436,Cgl0395,amtR,Dual,cg0002,Cgl0002,nan,,,A,no,ChIP-seq (Internal Fused Prior),,Lab_Internal_ChIPseq,0.95,HIGH,ATCC13032_sample_AmtRpl8,ATCC13032
cg0350,Cgl0291,glxR,Dual,cg0002,Cgl0002,nan,,,R,no,ChIP-seq (Internal Fused Prior),,Lab_Internal_ChIPseq,0.95,HIGH,ATCC13032_sample_Cgl0291,ATCC13032
cg0527,Cgl0445,glyR,Dual,cg0002,Cgl0002,nan,,,A,no,ChIP-seq (Internal Fused Prior),,Lab_Internal_ChIPseq,0.95,HIGH,ATCC13032_sample_Cgl0445,ATCC13032
cg0800,Cgl0698,prpR,Dual,cg0002,Cgl0002,nan,,,R,no,ChIP-seq (Internal Fused Prior),,Lab_Internal_ChIPseq,0.95,HIGH,ATCC13032_sample_Cgl0698,ATCC13032
cg1053,Cgl0923,nan,Dual,cg0002,Cgl0002,nan,,,R,no,ChIP-seq (Internal Fused Prior),,Lab_Internal_ChIPseq,0.95,HIGH,ATCC13032_sample_Cgl0923,ATCC13032
cg1585,Cgl1399,argR,Dual,cg0002,Cgl0002,nan,,,R,no,ChIP-seq (Internal Fused Prior),,Lab_Internal_ChIPseq,0.95,HIGH,ATCC13032_sample_Cgl1399,ATCC13032
cg2200,Cgl2009,cgtR8,Dual,cg0002,Cgl0002,nan,,,R,no,ChIP-seq (Internal Fused Prior),,Lab_Internal_ChIPseq,0.95,HIGH,ATCC13032_sample_Cgl2009,ATCC13032
cg2314,Cgl2111,nan,Dual,cg0002,Cgl0002,nan,,,R,no,ChIP-seq (Internal Fused Prior),,Lab_Internal_ChIPseq,0.95,HIGH,ATCC13032_sample_Cgl2111,ATCC13032
cg2378,Cgl2167,mraZ,Dual,cg0002,Cgl0002,nan,,,R,no,ChIP-seq (Internal Fused Prior),,Lab_Internal_ChIPseq,0.95,HIGH,ATCC13032_sample_Cgl2167,ATCC13032
A2b,,A2b,Dual,cg0004,Cgl0003,dnaN,,,R,no,ChIP-seq (Internal Fused Prior),,Lab_Internal_ChIPseq,0.95,HIGH,ATCC13032_sample_A2b,ATCC13032
A4a,,A4a,Dual,cg0004,Cgl0003,dnaN,,,A,no,ChIP-seq (Internal Fused Prior),,Lab_Internal_ChIPseq,0.95,HIGH,ATCC13032_sample_A4a,ATCC13032
cg2109,Cgl1925,oxyR,Dual,cg0004,Cgl0003,dnaN,,,A,no,ChIP-seq (Internal Fused Prior),,Lab_Internal_ChIPseq,0.95,HIGH,ATCC13032_sample_Cgl1925,ATCC13032
cg2200,Cgl2009,cgtR8,Dual,cg0007,Cgl0006,gyrB,,,R,no,ChIP-seq (Internal Fused Prior),,Lab_Internal_ChIPseq,0.95,HIGH,ATCC13032_sample_Cgl2009,ATCC13032
cg3315,Cgl2988,malR,Dual,cg0007,Cgl0006,gyrB,,,R,no,ChIP-seq (Internal Fused Prior),,Lab_Internal_ChIPseq,0.95,HIGH,ATCC13032_sample_Cgl2988,ATCC13032
cg2200,Cgl2009,cgtR8,Dual,cg0008,Cgl0007,nan,,,R,no,ChIP-seq (Internal Fused Prior),,Lab_Internal_ChIPseq,0.95,HIGH,ATCC13032_sample_Cgl2009,ATCC13032
cg2378,Cgl2167,mraZ,Dual,cg0008,Cgl0007,nan,,,R,no,ChIP-seq (Internal Fused Prior),,Lab_Internal_ChIPseq,0.95,HIGH,ATCC13032_sample_Cgl2167,ATCC13032
cg0436,Cgl0395,amtR,Dual,cg0012,Cgl0010,ssuR,,,R,no,ChIP-seq (Internal Fused Prior),,Lab_Internal_ChIPseq,0.95,HIGH,ATCC13032_sample_AmTR,ATCC13032
cg0436,Cgl0395,amtR,Dual,cg0012,Cgl0010,ssuR,,,R,no,ChIP-seq (Internal Fused Prior),,Lab_Internal_ChIPseq,0.95,HIGH,ATCC13032_sample_AmtRpl8,ATCC13032
cg0986,Cgl0863,amtR,Dual,cg0012,Cgl0010,ssuR,,,R,no,ChIP-seq (Internal Fused Prior),,Lab_Internal_ChIPseq,0.95,HIGH,ATCC13032_sample_Cgl0863,ATCC13032
cg3253,Cgl2941,mcbR,Dual,cg0012,Cgl0010,ssuR,,,R,no,ChIP-seq (Internal Fused Prior),,Lab_Internal_ChIPseq,0.95,HIGH,ATCC13032_sample_Cgl2941,ATCC13032
cg3261,Cgl2947,nan,Dual,cg0012,Cgl0010,ssuR,,,R,no,ChIP-seq (Internal Fused Prior),,Lab_Internal_ChIPseq,0.95,HIGH,ATCC13032_sample_Cgl2947,ATCC13032
cg0800,Cgl0698,prpR,Dual,cg0018,Cgl0015,nan,,,A,no,ChIP-seq (Internal Fused Prior),,Lab_Internal_ChIPseq,0.95,HIGH,ATCC13032_sample_Cgl0698,ATCC13032
cg2502,Cgl2280,fur,Dual,cg0021,Cgl0017,nan,,,R,no,ChIP-seq (Internal Fused Prior),,Lab_Internal_ChIPseq,0.95,HIGH,ATCC13032_sample_Cgl2280,ATCC13032
cg1068,Cgl0936,fur,Dual,cg0021,Cgl0017,nan,,,R,no,ChIP-seq (Internal Fused Prior),,Lab_Internal_ChIPseq,0.95,HIGH,ATCC13032_sample_FurHpl5,ATCC13032
A3b,,A3b,Dual,cg0039,Cgl0025,ohsR,,,A,no,ChIP-seq (Internal Fused Prior),,Lab_Internal_ChIPseq,0.95,HIGH,ATCC13032_sample_A3b,ATCC13032
cg2502,Cgl2280,fur,Dual,cg0040,Cgl0026,nan,,,R,no,ChIP-seq (Internal Fused Prior),,Lab_Internal_ChIPseq,0.95,HIGH,ATCC13032_sample_Cgl2280,ATCC13032
cg2502,Cgl2280,fur,Dual,cg0043,Cgl0029,nan,,,R,no,ChIP-seq (Internal Fused Prior),,Lab_Internal_ChIPseq,0.95,HIGH,ATCC13032_sample_Cgl2280,ATCC13032
cg0492,Cgl0411,nan,Dual,cg0047,Cgl0033,nan,,,R,no,ChIP-seq (Internal Fused Prior),,Lab_Internal_ChIPseq,0.95,HIGH,ATCC13032_sample_Cgl0411,ATCC13032
cg0719,Cgl0622,crtYe,Dual,cg0047,Cgl0033,nan,,,R,no,ChIP-seq (Internal Fused Prior),,Lab_Internal_ChIPseq,0.95,HIGH,ATCC13032_sample_Cgl0622,ATCC13032
cg1068,Cgl0936,fur,Dual,cg0047,Cgl0033,nan,,,R,no,ChIP-seq (Internal Fused Prior),,Lab_Internal_ChIPseq,0.95,HIGH,ATCC13032_sample_FurHpl7,ATCC13032
cg0719,Cgl0622,crtYe,Dual,cg0048,Cgl0034,ppiA,,,R,no,ChIP-seq (Internal Fused Prior),,Lab_Internal_ChIPseq,0.95,HIGH,ATCC13032_sample_Cgl0622,ATCC13032
cg2502,Cgl2280,fur,Dual,cg0048,Cgl0034,ppiA,,,R,no,ChIP-seq (Internal Fused Prior),,Lab_Internal_ChIPseq,0.95,HIGH,ATCC13032_sample_Cgl2280,ATCC13032
cg2888,Cgl2607,cgtR3(phoR),Dual,cg0048,Cgl0034,ppiA,,,A,no,ChIP-seq (Internal Fused Prior),,Lab_Internal_ChIPseq,0.95,HIGH,ATCC13032_sample_Cgl2607,ATCC13032
cg1068,Cgl0936,fur,Dual,cg0048,Cgl0034,ppiA,,,R,no,ChIP-seq (Internal Fused Prior),,Lab_Internal_ChIPseq,0.95,HIGH,ATCC13032_sample_FurHpl7,ATCC13032
A3b,,A3b,Dual,cg0049,Cgl0035,nan,,,R,no,ChIP-seq (Internal Fused Prior),,Lab_Internal_ChIPseq,0.95,HIGH,ATCC13032_sample_A3b,ATCC13032
cg1308,Cgl1157,rhcR,Dual,cg0049,Cgl0035,nan,,,R,no,ChIP-seq (Internal Fused Prior),,Lab_Internal_ChIPseq,0.95,HIGH,ATCC13032_sample_Cgl1157,ATCC13032
cg2888,Cgl2607,cgtR3(phoR),Dual,cg0055,Cgl0040,nan,,,A,no,ChIP-seq (Internal Fused Prior),,Lab_Internal_ChIPseq,0.95,HIGH,ATCC13032_sample_Cgl2607,ATCC13032
A2b,,A2b,Dual,cg0065,Cgl0048,nan,,,R,no,ChIP-seq (Internal Fused Prior),,Lab_Internal_ChIPseq,0.95,HIGH,ATCC13032_sample_A2b,ATCC13032
cg1308,Cgl1157,rhcR,Dual,cg0065,Cgl0048,nan,,,A,no,ChIP-seq (Internal Fused Prior),,Lab_Internal_ChIPseq,0.95,HIGH,ATCC13032_sample_Cgl1157,ATCC13032
cg2910,Cgl2627,ipsA,Dual,cg0065,Cgl0048,nan,,,R,no,ChIP-seq (Internal Fused Prior),,Lab_Internal_ChIPseq,0.95,HIGH,ATCC13032_sample_Cgl2627,ATCC13032
A3b,,A3b,Dual,cg0066,Cgl0049,nan,,,R,no,ChIP-seq (Internal Fused Prior),,Lab_Internal_ChIPseq,0.95,HIGH,ATCC13032_sample_A3b,ATCC13032
cg0146,Cgl0111,atlR,Dual,cg0066,Cgl0049,nan,,,R,no,ChIP-seq (Internal Fused Prior),,Lab_Internal_ChIPseq,0.95,HIGH,ATCC13032_sample_Cgl0111,ATCC13032
cg1425,Cgl1263,lysG,Dual,cg0066,Cgl0049,nan,,,R,no,ChIP-seq (Internal Fused Prior),,Lab_Internal_ChIPseq,0.95,HIGH,ATCC13032_sample_Cgl1263,ATCC13032
cg2378,Cgl2167,mraZ,Dual,cg0071,Cgl0052,nan,,,A,no,ChIP-seq (Internal Fused Prior),,Lab_Internal_ChIPseq,0.95,HIGH,ATCC13032_sample_Cgl2167,ATCC13032
cg3001,Cgl2711,cosR,Dual,cg0072,Cgl0053,nan,,,R,no,ChIP-seq (Internal Fused Prior),,Lab_Internal_ChIPseq,0.95,HIGH,ATCC13032_sample_Cgl2711,ATCC13032
cg3247,Cgl2935,cgtR11(hrrA),Dual,cg0072,Cgl0053,nan,,,R,no,ChIP-seq (Internal Fused Prior),,Lab_Internal_ChIPseq,0.95,HIGH,ATCC13032_sample_Cgl2935,ATCC13032
cg3001,Cgl2711,cosR,Dual,cg0073,Cgl0054,nan,,,R,no,ChIP-seq (Internal Fused Prior),,Lab_Internal_ChIPseq,0.95,HIGH,ATCC13032_sample_Cgl2711,ATCC13032
cg3247,Cgl2935,cgtR11(hrrA),Dual,cg0073,Cgl0054,nan,,,R,no,ChIP-seq (Internal Fused Prior),,Lab_Internal_ChIPseq,0.95,HIGH,ATCC13032_sample_Cgl2935,ATCC13032
cg3001,Cgl2711,cosR,Dual,cg0074,Cgl0055,nan,,,R,no,ChIP-seq (Internal Fused Prior),,Lab_Internal_ChIPseq,0.95,HIGH,ATCC13032_sample_Cgl2711,ATCC13032
cg3247,Cgl2935,cgtR11(hrrA),Dual,cg0074,Cgl0055,nan,,,R,no,ChIP-seq (Internal Fused Prior),,Lab_Internal_ChIPseq,0.95,HIGH,ATCC13032_sample_Cgl2935,ATCC13032
A2b,,A2b,Dual,cg0077,Cgl0058,nan,,,A,no,ChIP-seq (Internal Fused Prior),,Lab_Internal_ChIPseq,0.95,HIGH,ATCC13032_sample_A2b,ATCC13032
cg0436,Cgl0395,amtR,Dual,cg0077,Cgl0058,nan,,,A,no,ChIP-seq (Internal Fused Prior),,Lab_Internal_ChIPseq,0.95,HIGH,ATCC13032_sample_AmtRpl8,ATCC13032
cg0996,Cgl0874,cgtR2,Dual,cg0077,Cgl0058,nan,,,A,no,ChIP-seq (Internal Fused Prior),,Lab_Internal_ChIPseq,0.95,HIGH,ATCC13032_sample_Cgl0874,ATCC13032
cg2109,Cgl1925,oxyR,Dual,cg0077,Cgl0058,nan,,,A,no,ChIP-seq (Internal Fused Prior),,Lab_Internal_ChIPseq,0.95,HIGH,ATCC13032_sample_Cgl1925,ATCC13032
cg2378,Cgl2167,mraZ,Dual,cg0077,Cgl0058,nan,,,A,no,ChIP-seq (Internal Fused Prior),,Lab_Internal_ChIPseq,0.95,HIGH,ATCC13032_sample_Cgl2167,ATCC13032
A2b,,A2b,Dual,cg0078,Cgl0059,nan,,,A,no,ChIP-seq (Internal Fused Prior),,Lab_Internal_ChIPseq,0.95,HIGH,ATCC13032_sample_A2b,ATCC13032
cg0436,Cgl0395,amtR,Dual,cg0078,Cgl0059,nan,,,A,no,ChIP-seq (Internal Fused Prior),,Lab_Internal_ChIPseq,0.95,HIGH,ATCC13032_sample_AmtRpl8,ATCC13032
cg0996,Cgl0874,cgtR2,Dual,cg0078,Cgl0059,nan,,,A,no,ChIP-seq (Internal Fused Prior),,Lab_Internal_ChIPseq,0.95,HIGH,ATCC13032_sample_Cgl0874,ATCC13032
cg2109,Cgl1925,oxyR,Dual,cg0078,Cgl0059,nan,,,A,no,ChIP-seq (Internal Fused Prior),,Lab_Internal_ChIPseq,0.95,HIGH,ATCC13032_sample_Cgl1925,ATCC13032
cg2378,Cgl2167,mraZ,Dual,cg0078,Cgl0059,nan,,,A,no,ChIP-seq (Internal Fused Prior),,Lab_Internal_ChIPseq,0.95,HIGH,ATCC13032_sample_Cgl2167,ATCC13032
A2b,,A2b,Dual,cg0060,Cgl0060,cg0060,,,A,no,ChIP-seq (Internal Fused Prior),,Lab_Internal_ChIPseq,0.95,HIGH,ATCC13032_sample_A2b,ATCC13032
cg0436,Cgl0395,amtR,Dual,cg0060,Cgl0060,cg0060,,,A,no,ChIP-seq (Internal Fused Prior),,Lab_Internal_ChIPseq,0.95,HIGH,ATCC13032_sample_AmtRpl8,ATCC13032
cg0996,Cgl0874,cgtR2,Dual,cg0060,Cgl0060,cg0060,,,A,no,ChIP-seq (Internal Fused Prior),,Lab_Internal_ChIPseq,0.95,HIGH,ATCC13032_sample_Cgl0874,ATCC13032
cg2109,Cgl1925,oxyR,Dual,cg0060,Cgl0060,cg0060,,,A,no,ChIP-seq (Internal Fused Prior),,Lab_Internal_ChIPseq,0.95,HIGH,ATCC13032_sample_Cgl1925,ATCC13032
cg2378,Cgl2167,mraZ,Dual,cg0060,Cgl0060,cg0060,,,A,no,ChIP-seq (Internal Fused Prior),,Lab_Internal_ChIPseq,0.95,HIGH,ATCC13032_sample_Cgl2167,ATCC13032
cg3001,Cgl2711,cosR,Dual,cg0081,Cgl0062,nan,,,R,no,ChIP-seq (Internal Fused Prior),,Lab_Internal_ChIPseq,0.95,HIGH,ATCC13032_sample_Cgl2711,ATCC13032
nan,Cgl1930,nan,Dual,cg0082,Cgl0063,nan,,,R,no,ChIP-seq (Internal Fused Prior),,Lab_Internal_ChIPseq,0.95,HIGH,ATCC13032_sample_Cgl1930,ATCC13032
cg2648,Cgl2415,nan,Dual,cg0083,Cgl0064,nan,,,A,no,ChIP-seq (Internal Fused Prior),,Lab_Internal_ChIPseq,0.95,HIGH,ATCC13032_sample_Cgl2415,ATCC13032
cg1324,Cgl1171,rosR,Dual,cg0091,Cgl0070,nan,,,A,no,ChIP-seq (Internal Fused Prior),,Lab_Internal_ChIPseq,0.95,HIGH,ATCC13032_sample_Cgl1171,ATCC13032
cg0725,Cgl0627,crtR,Dual,cg0092,Cgl0071,nan,,,R,no,ChIP-seq (Internal Fused Prior),,Lab_Internal_ChIPseq,0.95,HIGH,ATCC13032_sample_Cgl0627,ATCC13032
cg1324,Cgl1171,rosR,Dual,cg0092,Cgl0071,nan,,,R,no,ChIP-seq (Internal Fused Prior),,Lab_Internal_ChIPseq,0.95,HIGH,ATCC13032_sample_Cgl1171,ATCC13032
cg2309,Cgl2106,bioQ,Dual,cg0096,Cgl0073,nan,,,R,no,ChIP-seq (Internal Fused Prior),,Lab_Internal_ChIPseq,0.95,HIGH,ATCC13032_sample_Cgl2106,ATCC13032
cg2309,Cgl2106,bioQ,Dual,cg0097,Cgl0074,nan,,,R,no,ChIP-seq (Internal Fused Prior),,Lab_Internal_ChIPseq,0.95,HIGH,ATCC13032_sample_Cgl2106,ATCC13032
cg0436,Cgl0395,amtR,Dual,cg0103,Cgl0075,nan,,,R,no,ChIP-seq (Internal Fused Prior),,Lab_Internal_ChIPseq,0.95,HIGH,ATCC13032_sample_AmTR,ATCC13032
cg0436,Cgl0395,amtR,Dual,cg0103,Cgl0075,nan,,,R,no,ChIP-seq (Internal Fused Prior),,Lab_Internal_ChIPseq,0.95,HIGH,ATCC13032_sample_AmtRH,ATCC13032
cg0436,Cgl0395,amtR,Dual,cg0103,Cgl0075,nan,,,R,no,ChIP-seq (Internal Fused Prior),,Lab_Internal_ChIPseq,0.95,HIGH,ATCC13032_sample_AmtRpl5,ATCC13032
cg0436,Cgl0395,amtR,Dual,cg0103,Cgl0075,nan,,,R,no,ChIP-seq (Internal Fused Prior),,Lab_Internal_ChIPseq,0.95,HIGH,ATCC13032_sample_AmtRpl6,ATCC13032
cg0436,Cgl0395,amtR,Dual,cg0103,Cgl0075,nan,,,R,no,ChIP-seq (Internal Fused Prior),,Lab_Internal_ChIPseq,0.95,HIGH,ATCC13032_sample_AmtRpl7,ATCC13032
cg0436,Cgl0395,amtR,Dual,cg0103,Cgl0075,nan,,,R,no,ChIP-seq (Internal Fused Prior),,Lab_Internal_ChIPseq,0.95,HIGH,ATCC13032_sample_AmtRpl8,ATCC13032
cg0986,Cgl0863,amtR,Dual,cg0103,Cgl0075,nan,,,R,no,ChIP-seq (Internal Fused Prior),,Lab_Internal_ChIPseq,0.95,HIGH,ATCC13032_sample_Cgl0863,ATCC13032
cg0993,Cgl0871,nan,Dual,cg0103,Cgl0075,nan,,,R,no,ChIP-seq (Internal Fused Prior),,Lab_Internal_ChIPseq,0.95,HIGH,ATCC13032_sample_Cgl0871,ATCC13032
cg1032,Cgl0906,nan,Dual,cg0103,Cgl0075,nan,,,R,no,ChIP-seq (Internal Fused Prior),,Lab_Internal_ChIPseq,0.95,HIGH,ATCC13032_sample_Cgl0906,ATCC13032
cg1119,Cgl0981,nan,Dual,cg0103,Cgl0075,nan,,,R,no,ChIP-seq (Internal Fused Prior),,Lab_Internal_ChIPseq,0.95,HIGH,ATCC13032_sample_Cgl0981,ATCC13032
cg1218,Cgl1070,nrtR,Dual,cg0103,Cgl0075,nan,,,R,no,ChIP-seq (Internal Fused Prior),,Lab_Internal_ChIPseq,0.95,HIGH,ATCC13032_sample_Cgl1070,ATCC13032
cg2962,Cgl2677,nan,Dual,cg0103,Cgl0075,nan,,,R,no,ChIP-seq (Internal Fused Prior),,Lab_Internal_ChIPseq,0.95,HIGH,ATCC13032_sample_Cgl2677,ATCC13032
cg3087,Cgl2787,nan,Dual,cg0103,Cgl0075,nan,,,R,no,ChIP-seq (Internal Fused Prior),,Lab_Internal_ChIPseq,0.95,HIGH,ATCC13032_sample_Cgl2787,ATCC13032
cg3210,Cgl2902,nan,Dual,cg0103,Cgl0075,nan,,,R,no,ChIP-seq (Internal Fused Prior),,Lab_Internal_ChIPseq,0.95,HIGH,ATCC13032_sample_Cgl2902,ATCC13032
cg3247,Cgl2935,cgtR11(hrrA),Dual,cg0103,Cgl0075,nan,,,R,no,ChIP-seq (Internal Fused Prior),,Lab_Internal_ChIPseq,0.95,HIGH,ATCC13032_sample_Cgl2935,ATCC13032
cg1068,Cgl0936,fur,Dual,cg0103,Cgl0075,nan,,,R,no,ChIP-seq (Internal Fused Prior),,Lab_Internal_ChIPseq,0.95,HIGH,ATCC13032_sample_FurH,ATCC13032
cg1068,Cgl0936,fur,Dual,cg0103,Cgl0075,nan,,,R,no,ChIP-seq (Internal Fused Prior),,Lab_Internal_ChIPseq,0.95,HIGH,ATCC13032_sample_FurHpl5,ATCC13032
cg1068,Cgl0936,fur,Dual,cg0103,Cgl0075,nan,,,R,no,ChIP-seq (Internal Fused Prior),,Lab_Internal_ChIPseq,0.95,HIGH,ATCC13032_sample_FurHpl7,ATCC13032
cg0725,Cgl0627,crtR,Dual,cg0104,Cgl0076,codA,,,A,no,ChIP-seq (Internal Fused Prior),,Lab_Internal_ChIPseq,0.95,HIGH,ATCC13032_sample_Cgl0627,ATCC13032
cg0986,Cgl0863,amtR,Dual,cg0104,Cgl0076,codA,,,R,no,ChIP-seq (Internal Fused Prior),,Lab_Internal_ChIPseq,0.95,HIGH,ATCC13032_sample_Cgl0863,ATCC13032
cg1935,Cgl1718,gntR2,Dual,cg0104,Cgl0076,codA,,,A,no,ChIP-seq (Internal Fused Prior),,Lab_Internal_ChIPseq,0.95,HIGH,ATCC13032_sample_Cgl1718,ATCC13032
nan,Cgl1930,nan,Dual,cg0104,Cgl0076,codA,,,A,no,ChIP-seq (Internal Fused Prior),,Lab_Internal_ChIPseq,0.95,HIGH,ATCC13032_sample_Cgl1930,ATCC13032
cg2624,Cgl2391,pcaR,Dual,cg0104,Cgl0076,codA,,,A,no,ChIP-seq (Internal Fused Prior),,Lab_Internal_ChIPseq,0.95,HIGH,ATCC13032_sample_Cgl2391,ATCC13032
cg2686,Cgl2445,nan,Dual,cg0104,Cgl0076,codA,,,R,no,ChIP-seq (Internal Fused Prior),,Lab_Internal_ChIPseq,0.95,HIGH,ATCC13032_sample_Cgl2445,ATCC13032
cg2527,Cgl2527,cg2527,Dual,cg0104,Cgl0076,codA,,,R,no,ChIP-seq (Internal Fused Prior),,Lab_Internal_ChIPseq,0.95,HIGH,ATCC13032_sample_Cgl2527,ATCC13032
cg2831,Cgl2560,ramA,Dual,cg0104,Cgl0076,codA,,,A,no,ChIP-seq (Internal Fused Prior),,Lab_Internal_ChIPseq,0.95,HIGH,ATCC13032_sample_Cgl2560,ATCC13032
cg2922,Cgl2639,nan,Dual,cg0104,Cgl0076,codA,,,A,no,ChIP-seq (Internal Fused Prior),,Lab_Internal_ChIPseq,0.95,HIGH,ATCC13032_sample_Cgl2639,ATCC13032
cg2200,Cgl2009,cgtR8,Dual,cg0105,Cgl0077,nan,,,A,no,ChIP-seq (Internal Fused Prior),,Lab_Internal_ChIPseq,0.95,HIGH,ATCC13032_sample_Cgl2009,ATCC13032
cg2309,Cgl2106,bioQ,Dual,cg0105,Cgl0077,nan,,,R,no,ChIP-seq (Internal Fused Prior),,Lab_Internal_ChIPseq,0.95,HIGH,ATCC13032_sample_Cgl2106,ATCC13032
cg2641,Cgl2408,benR,Dual,cg0105,Cgl0077,nan,,,A,no,ChIP-seq (Internal Fused Prior),,Lab_Internal_ChIPseq,0.95,HIGH,ATCC13032_sample_Cgl2408,ATCC13032
nan,Cgl1930,nan,Dual,cg0107,Cgl0078,nan,,,R,no,ChIP-seq (Internal Fused Prior),,Lab_Internal_ChIPseq,0.95,HIGH,ATCC13032_sample_Cgl1930,ATCC13032
cg0436,Cgl0395,amtR,Dual,cg0111,Cgl0082,nan,,,R,no,ChIP-seq (Internal Fused Prior),,Lab_Internal_ChIPseq,0.95,HIGH,ATCC13032_sample_AmTR,ATCC13032
cg1410,Cgl1251,rbsR,Dual,cg0111,Cgl0082,nan,,,R,no,ChIP-seq (Internal Fused Prior),,Lab_Internal_ChIPseq,0.95,HIGH,ATCC13032_sample_Cgl1251,ATCC13032
cg3315,Cgl2988,malR,Dual,cg0111,Cgl0082,nan,,,R,no,ChIP-seq (Internal Fused Prior),,Lab_Internal_ChIPseq,0.95,HIGH,ATCC13032_sample_Cgl2988,ATCC13032
cg0156,Cgl0121,cysR,Dual,cg0112,Cgl0083,ureR,,,R,no,ChIP-seq (Internal Fused Prior),,Lab_Internal_ChIPseq,0.95,HIGH,ATCC13032_sample_Cgl0121,ATCC13032
cg0436,Cgl0395,amtR,Dual,cg0120,Cgl0091,nan,,,R,no,ChIP-seq (Internal Fused Prior),,Lab_Internal_ChIPseq,0.95,HIGH,ATCC13032_sample_AmtRpl7,ATCC13032
cg0436,Cgl0395,amtR,Dual,cg0120,Cgl0091,nan,,,R,no,ChIP-seq (Internal Fused Prior),,Lab_Internal_ChIPseq,0.95,HIGH,ATCC13032_sample_AmtRpl8,ATCC13032
cg1053,Cgl0923,nan,Dual,cg0120,Cgl0091,nan,,,R,no,ChIP-seq (Internal Fused Prior),,Lab_Internal_ChIPseq,0.95,HIGH,ATCC13032_sample_Cgl0923,ATCC13032
cg1935,Cgl1718,gntR2,Dual,cg0120,Cgl0091,nan,,,R,no,ChIP-seq (Internal Fused Prior),,Lab_Internal_ChIPseq,0.95,HIGH,ATCC13032_sample_Cgl1718,ATCC13032
cg2314,Cgl2111,nan,Dual,cg0120,Cgl0091,nan,,,R,no,ChIP-seq (Internal Fused Prior),,Lab_Internal_ChIPseq,0.95,HIGH,ATCC13032_sample_Cgl2111,ATCC13032
cg2378,Cgl2167,mraZ,Dual,cg0120,Cgl0091,nan,,,R,no,ChIP-seq (Internal Fused Prior),,Lab_Internal_ChIPseq,0.95,HIGH,ATCC13032_sample_Cgl2167,ATCC13032
cg0069,Cgl0069,cg0069,Dual,cg0121,Cgl0092,nan,,,R,no,ChIP-seq (Internal Fused Prior),,Lab_Internal_ChIPseq,0.95,HIGH,ATCC13032_sample_Cgl0069,ATCC13032
cg1861,Cgl1653,rel(relA),Dual,cg0121,Cgl0092,nan,,,R,no,ChIP-seq (Internal Fused Prior),,Lab_Internal_ChIPseq,0.95,HIGH,ATCC13032_sample_Cgl1653,ATCC13032
cg1935,Cgl1718,gntR2,Dual,cg0121,Cgl0092,nan,,,R,no,ChIP-seq (Internal Fused Prior),,Lab_Internal_ChIPseq,0.95,HIGH,ATCC13032_sample_Cgl1718,ATCC13032
cg2556,Cgl2326,nan,Dual,cg0121,Cgl0092,nan,,,A,no,ChIP-seq (Internal Fused Prior),,Lab_Internal_ChIPseq,0.95,HIGH,ATCC13032_sample_Cgl2326,ATCC13032
cg2527,Cgl2527,cg2527,Dual,cg0121,Cgl0092,nan,,,R,no,ChIP-seq (Internal Fused Prior),,Lab_Internal_ChIPseq,0.95,HIGH,ATCC13032_sample_Cgl2527,ATCC13032
cg3230,Cgl2920,nan,Dual,cg0121,Cgl0092,nan,,,R,no,ChIP-seq (Internal Fused Prior),,Lab_Internal_ChIPseq,0.95,HIGH,ATCC13032_sample_Cgl2920,ATCC13032
A2b,,A2b,Dual,cg0124,Cgl0095,amn,,,R,no,ChIP-seq (Internal Fused Prior),,Lab_Internal_ChIPseq,0.95,HIGH,ATCC13032_sample_A2b,ATCC13032
cg0436,Cgl0395,amtR,Dual,cg0124,Cgl0095,amn,,,R,no,ChIP-seq (Internal Fused Prior),,Lab_Internal_ChIPseq,0.95,HIGH,ATCC13032_sample_AmtRpl7,ATCC13032
cg0350,Cgl0291,glxR,Dual,cg0128,Cgl0098,nan,,,A,no,ChIP-seq (Internal Fused Prior),,Lab_Internal_ChIPseq,0.95,HIGH,ATCC13032_sample_Cgl0291,ATCC13032
cg2200,Cgl2009,cgtR8,Dual,cg0131,Cgl0100,nan,,,A,no,ChIP-seq (Internal Fused Prior),,Lab_Internal_ChIPseq,0.95,HIGH,ATCC13032_sample_Cgl2009,ATCC13032
cg2378,Cgl2167,mraZ,Dual,cg0131,Cgl0100,nan,,,A,no,ChIP-seq (Internal Fused Prior),,Lab_Internal_ChIPseq,0.95,HIGH,ATCC13032_sample_Cgl2167,ATCC13032
cg2651,Cgl2418,nan,Dual,cg0131,Cgl0100,nan,,,A,no,ChIP-seq (Internal Fused Prior),,Lab_Internal_ChIPseq,0.95,HIGH,ATCC13032_sample_Cgl2418,ATCC13032
cg0725,Cgl0627,crtR,Dual,cg0133,Cgl0101,nan,,,R,no,ChIP-seq (Internal Fused Prior),,Lab_Internal_ChIPseq,0.95,HIGH,ATCC13032_sample_Cgl0627,ATCC13032
nan,Cgl1930,nan,Dual,cg0134,Cgl0102,nan,,,A,no,ChIP-seq (Internal Fused Prior),,Lab_Internal_ChIPseq,0.95,HIGH,ATCC13032_sample_Cgl1930,ATCC13032
cg1340,Cgl1185,arnR,Dual,cg0141,Cgl0107,nan,,,R,no,ChIP-seq (Internal Fused Prior),,Lab_Internal_ChIPseq,0.95,HIGH,ATCC13032_sample_Cgl1185,ATCC13032
cg2200,Cgl2009,cgtR8,Dual,cg0141,Cgl0107,nan,,,R,no,ChIP-seq (Internal Fused Prior),,Lab_Internal_ChIPseq,0.95,HIGH,ATCC13032_sample_Cgl2009,ATCC13032
cg3384,Cgl3055,nan,Dual,cg0141,Cgl0107,nan,,,R,no,ChIP-seq (Internal Fused Prior),,Lab_Internal_ChIPseq,0.95,HIGH,ATCC13032_sample_Cgl3055,ATCC13032
A3a,,A3a,Dual,cg0144,Cgl0110,rbtT,,,A,no,ChIP-seq (Internal Fused Prior),,Lab_Internal_ChIPseq,0.95,HIGH,ATCC13032_sample_A3a,ATCC13032
cg0210,Cgl0170,nan,Dual,cg0144,Cgl0110,rbtT,,,A,no,ChIP-seq (Internal Fused Prior),,Lab_Internal_ChIPseq,0.95,HIGH,ATCC13032_sample_Cgl0170,ATCC13032
cg0272,Cgl0221,nan,Dual,cg0144,Cgl0110,rbtT,,,A,no,ChIP-seq (Internal Fused Prior),,Lab_Internal_ChIPseq,0.95,HIGH,ATCC13032_sample_Cgl0221,ATCC13032
cg0350,Cgl0291,glxR,Dual,cg0144,Cgl0110,rbtT,,,A,no,ChIP-seq (Internal Fused Prior),,Lab_Internal_ChIPseq,0.95,HIGH,ATCC13032_sample_Cgl0291,ATCC13032
cg1308,Cgl1157,rhcR,Dual,cg0144,Cgl0110,rbtT,,,R,no,ChIP-seq (Internal Fused Prior),,Lab_Internal_ChIPseq,0.95,HIGH,ATCC13032_sample_Cgl1157,ATCC13032
cg2200,Cgl2009,cgtR8,Dual,cg0144,Cgl0110,rbtT,,,A,no,ChIP-seq (Internal Fused Prior),,Lab_Internal_ChIPseq,0.95,HIGH,ATCC13032_sample_Cgl2009,ATCC13032
cg2641,Cgl2408,benR,Dual,cg0144,Cgl0110,rbtT,,,A,no,ChIP-seq (Internal Fused Prior),,Lab_Internal_ChIPseq,0.95,HIGH,ATCC13032_sample_Cgl2408,ATCC13032
cg2904,Cgl2621,nan,Dual,cg0144,Cgl0110,rbtT,,,A,no,ChIP-seq (Internal Fused Prior),,Lab_Internal_ChIPseq,0.95,HIGH,ATCC13032_sample_Cgl2621,ATCC13032
cg3202,Cgl2894,farR,Dual,cg0144,Cgl0110,rbtT,,,A,no,ChIP-seq (Internal Fused Prior),,Lab_Internal_ChIPseq,0.95,HIGH,ATCC13032_sample_Cgl2894,ATCC13032
cg3352,Cgl3024,genR(nagR),Dual,cg0144,Cgl0110,rbtT,,,A,no,ChIP-seq (Internal Fused Prior),,Lab_Internal_ChIPseq,0.95,HIGH,ATCC13032_sample_Cgl3024,ATCC13032
A2b,,A2b,Dual,cg0150,Cgl0115,nan,,,A,no,ChIP-seq (Internal Fused Prior),,Lab_Internal_ChIPseq,0.95,HIGH,ATCC13032_sample_A2b,ATCC13032
cg0725,Cgl0627,crtR,Dual,cg0150,Cgl0115,nan,,,A,no,ChIP-seq (Internal Fused Prior),,Lab_Internal_ChIPseq,0.95,HIGH,ATCC13032_sample_Cgl0627,ATCC13032
cg0986,Cgl0863,amtR,Dual,cg0150,Cgl0115,nan,,,A,no,ChIP-seq (Internal Fused Prior),,Lab_Internal_ChIPseq,0.95,HIGH,ATCC13032_sample_Cgl0863,ATCC13032
cg2314,Cgl2111,nan,Dual,cg0150,Cgl0115,nan,,,A,no,ChIP-seq (Internal Fused Prior),,Lab_Internal_ChIPseq,0.95,HIGH,ATCC13032_sample_Cgl2111,ATCC13032
cg2378,Cgl2167,mraZ,Dual,cg0150,Cgl0115,nan,,,A,no,ChIP-seq (Internal Fused Prior),,Lab_Internal_ChIPseq,0.95,HIGH,ATCC13032_sample_Cgl2167,ATCC13032
cg2502,Cgl2280,fur,Dual,cg0150,Cgl0115,nan,,,A,no,ChIP-seq (Internal Fused Prior),,Lab_Internal_ChIPseq,0.95,HIGH,ATCC13032_sample_Cgl2280,ATCC13032
cg1068,Cgl0936,fur,Dual,cg0150,Cgl0115,nan,,,A,no,ChIP-seq (Internal Fused Prior),,Lab_Internal_ChIPseq,0.95,HIGH,ATCC13032_sample_FurHpl6,ATCC13032
cg1068,Cgl0936,fur,Dual,cg0150,Cgl0115,nan,,,A,no,ChIP-seq (Internal Fused Prior),,Lab_Internal_ChIPseq,0.95,HIGH,ATCC13032_sample_Furpl10,ATCC13032
A2b,,A2b,Dual,cg0153,Cgl0118,hde,,,A,no,ChIP-seq (Internal Fused Prior),,Lab_Internal_ChIPseq,0.95,HIGH,ATCC13032_sample_A2b,ATCC13032
cg0725,Cgl0627,crtR,Dual,cg0160,Cgl0124,nan,,,A,no,ChIP-seq (Internal Fused Prior),,Lab_Internal_ChIPseq,0.95,HIGH,ATCC13032_sample_Cgl0627,ATCC13032
cg2200,Cgl2009,cgtR8,Dual,cg0160,Cgl0124,nan,,,R,no,ChIP-seq (Internal Fused Prior),,Lab_Internal_ChIPseq,0.95,HIGH,ATCC13032_sample_Cgl2009,ATCC13032
cg3230,Cgl2920,nan,Dual,cg0160,Cgl0124,nan,,,A,no,ChIP-seq (Internal Fused Prior),,Lab_Internal_ChIPseq,0.95,HIGH,ATCC13032_sample_Cgl2920,ATCC13032
cg0646,Cgl0554,nan,Dual,cg0161,Cgl0125,nan,,,A,no,ChIP-seq (Internal Fused Prior),,Lab_Internal_ChIPseq,0.95,HIGH,ATCC13032_sample_Cgl0554,ATCC13032
cg1119,Cgl0981,nan,Dual,cg0161,Cgl0125,nan,,,R,no,ChIP-seq (Internal Fused Prior),,Lab_Internal_ChIPseq,0.95,HIGH,ATCC13032_sample_Cgl0981,ATCC13032
cg1861,Cgl1653,rel(relA),Dual,cg0161,Cgl0125,nan,,,R,no,ChIP-seq (Internal Fused Prior),,Lab_Internal_ChIPseq,0.95,HIGH,ATCC13032_sample_Cgl1653,ATCC13032
cg2378,Cgl2167,mraZ,Dual,cg0161,Cgl0125,nan,,,A,no,ChIP-seq (Internal Fused Prior),,Lab_Internal_ChIPseq,0.95,HIGH,ATCC13032_sample_Cgl2167,ATCC13032
cg2942,Cgl2657,nan,Dual,cg0161,Cgl0125,nan,,,A,no,ChIP-seq (Internal Fused Prior),,Lab_Internal_ChIPseq,0.95,HIGH,ATCC13032_sample_Cgl2657,ATCC13032
cg3230,Cgl2920,nan,Dual,cg0161,Cgl0125,nan,,,A,no,ChIP-seq (Internal Fused Prior),,Lab_Internal_ChIPseq,0.95,HIGH,ATCC13032_sample_Cgl2920,ATCC13032
cg3253,Cgl2941,mcbR,Dual,cg0161,Cgl0125,nan,,,R,no,ChIP-seq (Internal Fused Prior),,Lab_Internal_ChIPseq,0.95,HIGH,ATCC13032_sample_Cgl2941,ATCC13032
cg3384,Cgl3055,nan,Dual,cg0167,Cgl0131,nan,,,R,no,ChIP-seq (Internal Fused Prior),,Lab_Internal_ChIPseq,0.95,HIGH,ATCC13032_sample_Cgl3055,ATCC13032
cg0646,Cgl0554,nan,Dual,cg0178,Cgl0141,hrpB,,,A,no,ChIP-seq (Internal Fused Prior),,Lab_Internal_ChIPseq,0.95,HIGH,ATCC13032_sample_Cgl0554,ATCC13032
cg1084,Cgl0949,cgtR10,Dual,cg0178,Cgl0141,hrpB,,,A,no,ChIP-seq (Internal Fused Prior),,Lab_Internal_ChIPseq,0.95,HIGH,ATCC13032_sample_Cgl0949,ATCC13032
cg2200,Cgl2009,cgtR8,Dual,cg0178,Cgl0141,hrpB,,,A,no,ChIP-seq (Internal Fused Prior),,Lab_Internal_ChIPseq,0.95,HIGH,ATCC13032_sample_Cgl2009,ATCC13032
cg2260,Cgl2060,glnK,Dual,cg0178,Cgl0141,hrpB,,,A,no,ChIP-seq (Internal Fused Prior),,Lab_Internal_ChIPseq,0.95,HIGH,ATCC13032_sample_Cgl2060,ATCC13032
cg2500,Cgl2279,znR,Dual,cg0178,Cgl0141,hrpB,,,A,no,ChIP-seq (Internal Fused Prior),,Lab_Internal_ChIPseq,0.95,HIGH,ATCC13032_sample_Cgl2279,ATCC13032
cg0069,Cgl0069,cg0069,Dual,cg0179,Cgl0142,nan,,,R,no,ChIP-seq (Internal Fused Prior),,Lab_Internal_ChIPseq,0.95,HIGH,ATCC13032_sample_Cgl0069,ATCC13032
cg0714,Cgl0617,dtxR,Dual,cg0179,Cgl0142,nan,,,R,no,ChIP-seq (Internal Fused Prior),,Lab_Internal_ChIPseq,0.95,HIGH,ATCC13032_sample_Cgl0617,ATCC13032
cg1053,Cgl0923,nan,Dual,cg0179,Cgl0142,nan,,,R,no,ChIP-seq (Internal Fused Prior),,Lab_Internal_ChIPseq,0.95,HIGH,ATCC13032_sample_Cgl0923,ATCC13032
cg1308,Cgl1157,rhcR,Dual,cg0179,Cgl0142,nan,,,R,no,ChIP-seq (Internal Fused Prior),,Lab_Internal_ChIPseq,0.95,HIGH,ATCC13032_sample_Cgl1157,ATCC13032
cg1340,Cgl1185,arnR,Dual,cg0179,Cgl0142,nan,,,R,no,ChIP-seq (Internal Fused Prior),,Lab_Internal_ChIPseq,0.95,HIGH,ATCC13032_sample_Cgl1185,ATCC13032
cg2314,Cgl2111,nan,Dual,cg0179,Cgl0142,nan,,,R,no,ChIP-seq (Internal Fused Prior),,Lab_Internal_ChIPseq,0.95,HIGH,ATCC13032_sample_Cgl2111,ATCC13032
cg2378,Cgl2167,mraZ,Dual,cg0179,Cgl0142,nan,,,R,no,ChIP-seq (Internal Fused Prior),,Lab_Internal_ChIPseq,0.95,HIGH,ATCC13032_sample_Cgl2167,ATCC13032
cg2737,Cgl2490,nan,Dual,cg0179,Cgl0142,nan,,,R,no,ChIP-seq (Internal Fused Prior),,Lab_Internal_ChIPseq,0.95,HIGH,ATCC13032_sample_Cgl2490,ATCC13032
cg2888,Cgl2607,cgtR3(phoR),Dual,cg0179,Cgl0142,nan,,,R,no,ChIP-seq (Internal Fused Prior),,Lab_Internal_ChIPseq,0.95,HIGH,ATCC13032_sample_Cgl2607,ATCC13032
cg2831,Cgl2560,ramA,Dual,cg0184,Cgl0147,nan,,,A,no,ChIP-seq (Internal Fused Prior),,Lab_Internal_ChIPseq,0.95,HIGH,ATCC13032_sample_Cgl2560,ATCC13032
cg3261,Cgl2947,nan,Dual,cg0184,Cgl0147,nan,,,R,no,ChIP-seq (Internal Fused Prior),,Lab_Internal_ChIPseq,0.95,HIGH,ATCC13032_sample_Cgl2947,ATCC13032
cg2831,Cgl2560,ramA,Dual,cg0185,Cgl0148,nan,,,A,no,ChIP-seq (Internal Fused Prior),,Lab_Internal_ChIPseq,0.95,HIGH,ATCC13032_sample_Cgl2560,ATCC13032
cg3261,Cgl2947,nan,Dual,cg0185,Cgl0148,nan,,,R,no,ChIP-seq (Internal Fused Prior),,Lab_Internal_ChIPseq,0.95,HIGH,ATCC13032_sample_Cgl2947,ATCC13032
cg2831,Cgl2560,ramA,Dual,cg0186,Cgl0149,nan,,,A,no,ChIP-seq (Internal Fused Prior),,Lab_Internal_ChIPseq,0.95,HIGH,ATCC13032_sample_Cgl2560,ATCC13032
cg3261,Cgl2947,nan,Dual,cg0186,Cgl0149,nan,,,R,no,ChIP-seq (Internal Fused Prior),,Lab_Internal_ChIPseq,0.95,HIGH,ATCC13032_sample_Cgl2947,ATCC13032
cg0725,Cgl0627,crtR,Dual,cg0187,Cgl0150,nan,,,R,no,ChIP-seq (Internal Fused Prior),,Lab_Internal_ChIPseq,0.95,HIGH,ATCC13032_sample_Cgl0627,ATCC13032
cg0787,Cgl0685,nan,Dual,cg0187,Cgl0150,nan,,,R,no,ChIP-seq (Internal Fused Prior),,Lab_Internal_ChIPseq,0.95,HIGH,ATCC13032_sample_Cgl0685,ATCC13032
cg1053,Cgl0923,nan,Dual,cg0187,Cgl0150,nan,,,R,no,ChIP-seq (Internal Fused Prior),,Lab_Internal_ChIPseq,0.95,HIGH,ATCC13032_sample_Cgl0923,ATCC13032
cg3001,Cgl2711,cosR,Dual,cg0187,Cgl0150,nan,,,R,no,ChIP-seq (Internal Fused Prior),,Lab_Internal_ChIPseq,0.95,HIGH,ATCC13032_sample_Cgl2711,ATCC13032
A4b,,A4b,Dual,cg0193,Cgl0155,pepO,,,R,no,ChIP-seq (Internal Fused Prior),,Lab_Internal_ChIPseq,0.95,HIGH,ATCC13032_sample_A4b,ATCC13032
cg3239,Cgl2928,nan,Dual,cg0205,Cgl0165,iolH,,,R,no,ChIP-seq (Internal Fused Prior),,Lab_Internal_ChIPseq,0.95,HIGH,ATCC13032_sample_Cgl2928,ATCC13032
cg2946,Cgl2661,nan,Dual,cg0215,Cgl0174,cspA,,,A,no,ChIP-seq (Internal Fused Prior),,Lab_Internal_ChIPseq,0.95,HIGH,ATCC13032_sample_Cgl2661,ATCC13032
cg0702,Cgl0606,nan,Dual,cg0218,Cgl0177,nan,,,R,no,ChIP-seq (Internal Fused Prior),,Lab_Internal_ChIPseq,0.95,HIGH,ATCC13032_sample_Cgl0606,ATCC13032
cg0800,Cgl0698,prpR,Dual,cg0222,Cgl0180,nan,,,R,no,ChIP-seq (Internal Fused Prior),,Lab_Internal_ChIPseq,0.95,HIGH,ATCC13032_sample_Cgl0698,ATCC13032
cg3261,Cgl2947,nan,Dual,cg0222,Cgl0180,nan,,,A,no,ChIP-seq (Internal Fused Prior),,Lab_Internal_ChIPseq,0.95,HIGH,ATCC13032_sample_Cgl2947,ATCC13032
cg0436,Cgl0395,amtR,Dual,cg0223,Cgl0181,nan,,,R,no,ChIP-seq (Internal Fused Prior),,Lab_Internal_ChIPseq,0.95,HIGH,ATCC13032_sample_AmtRpl6,ATCC13032
cg0350,Cgl0291,glxR,Dual,cg0223,Cgl0181,nan,,,R,no,ChIP-seq (Internal Fused Prior),,Lab_Internal_ChIPseq,0.95,HIGH,ATCC13032_sample_Cgl0291,ATCC13032
cg0436,Cgl0395,amtR,Dual,cg0228,Cgl0183,nan,,,A,no,ChIP-seq (Internal Fused Prior),,Lab_Internal_ChIPseq,0.95,HIGH,ATCC13032_sample_AmtRH,ATCC13032
cg0436,Cgl0395,amtR,Dual,cg0228,Cgl0183,nan,,,A,no,ChIP-seq (Internal Fused Prior),,Lab_Internal_ChIPseq,0.95,HIGH,ATCC13032_sample_AmtRpl5,ATCC13032
cg0436,Cgl0395,amtR,Dual,cg0228,Cgl0183,nan,,,A,no,ChIP-seq (Internal Fused Prior),,Lab_Internal_ChIPseq,0.95,HIGH,ATCC13032_sample_AmtRpl6,ATCC13032
cg0436,Cgl0395,amtR,Dual,cg0228,Cgl0183,nan,,,A,no,ChIP-seq (Internal Fused Prior),,Lab_Internal_ChIPseq,0.95,HIGH,ATCC13032_sample_AmtRpl7,ATCC13032
cg0436,Cgl0395,amtR,Dual,cg0228,Cgl0183,nan,,,A,no,ChIP-seq (Internal Fused Prior),,Lab_Internal_ChIPseq,0.95,HIGH,ATCC13032_sample_AmtRpl8,ATCC13032
cg0196,Cgl0157,iolR,Dual,cg0228,Cgl0183,nan,,,R,no,ChIP-seq (Internal Fused Prior),,Lab_Internal_ChIPseq,0.95,HIGH,ATCC13032_sample_Cgl0157,ATCC13032
cg0993,Cgl0871,nan,Dual,cg0228,Cgl0183,nan,,,R,no,ChIP-seq (Internal Fused Prior),,Lab_Internal_ChIPseq,0.95,HIGH,ATCC13032_sample_Cgl0871,ATCC13032
cg1068,Cgl0936,fur,Dual,cg0228,Cgl0183,nan,,,A,no,ChIP-seq (Internal Fused Prior),,Lab_Internal_ChIPseq,0.95,HIGH,ATCC13032_sample_FurHpl5,ATCC13032
cg1068,Cgl0936,fur,Dual,cg0228,Cgl0183,nan,,,A,no,ChIP-seq (Internal Fused Prior),,Lab_Internal_ChIPseq,0.95,HIGH,ATCC13032_sample_FurHpl7,ATCC13032
cg1552,Cgl1371,qorR,Dual,cg0233,Cgl0186,nan,,,R,no,ChIP-seq (Internal Fused Prior),,Lab_Internal_ChIPseq,0.95,HIGH,ATCC13032_sample_Cgl1371,ATCC13032
cg0350,Cgl0291,glxR,Dual,cg0250,Cgl0202,nan,,,A,no,ChIP-seq (Internal Fused Prior),,Lab_Internal_ChIPseq,0.95,HIGH,ATCC13032_sample_Cgl0291,ATCC13032
cg2888,Cgl2607,cgtR3(phoR),Dual,cg0250,Cgl0202,nan,,,A,no,ChIP-seq (Internal Fused Prior),,Lab_Internal_ChIPseq,0.95,HIGH,ATCC13032_sample_Cgl2607,ATCC13032
cg2942,Cgl2657,nan,Dual,cg0250,Cgl0202,nan,,,A,no,ChIP-seq (Internal Fused Prior),,Lab_Internal_ChIPseq,0.95,HIGH,ATCC13032_sample_Cgl2657,ATCC13032
cg3082,Cgl2782,nan,Dual,cg0250,Cgl0202,nan,,,A,no,ChIP-seq (Internal Fused Prior),,Lab_Internal_ChIPseq,0.95,HIGH,ATCC13032_sample_Cgl2782,ATCC13032
cg0001,Cgl0001,dnaA,Dual,cg0254,Cgl0206,nan,,,R,no,ChIP-seq (Internal Fused Prior),,Lab_Internal_ChIPseq,0.95,HIGH,ATCC13032_sample_Cgl0001,ATCC13032
cg1738,Cgl1541,acnR,Dual,cg0254,Cgl0206,nan,,,R,no,ChIP-seq (Internal Fused Prior),,Lab_Internal_ChIPseq,0.95,HIGH,ATCC13032_sample_Cgl1541,ATCC13032
cg2615,Cgl2382,vanR,Dual,cg0254,Cgl0206,nan,,,R,no,ChIP-seq (Internal Fused Prior),,Lab_Internal_ChIPseq,0.95,HIGH,ATCC13032_sample_Cgl2382,ATCC13032
cg2641,Cgl2408,benR,Dual,cg0254,Cgl0206,nan,,,R,no,ChIP-seq (Internal Fused Prior),,Lab_Internal_ChIPseq,0.95,HIGH,ATCC13032_sample_Cgl2408,ATCC13032
cg3426,Cgl3094,parB,Dual,cg0254,Cgl0206,nan,,,R,no,ChIP-seq (Internal Fused Prior),,Lab_Internal_ChIPseq,0.95,HIGH,ATCC13032_sample_Cgl3094,ATCC13032
A3b,,A3b,Dual,cg0263,Cgl0214,modA,,,A,no,ChIP-seq (Internal Fused Prior),,Lab_Internal_ChIPseq,0.95,HIGH,ATCC13032_sample_A3b,ATCC13032
cg0725,Cgl0627,crtR,Dual,cg0263,Cgl0214,modA,,,A,no,ChIP-seq (Internal Fused Prior),,Lab_Internal_ChIPseq,0.95,HIGH,ATCC13032_sample_Cgl0627,ATCC13032
cg3253,Cgl2941,mcbR,Dual,cg0263,Cgl0214,modA,,,R,no,ChIP-seq (Internal Fused Prior),,Lab_Internal_ChIPseq,0.95,HIGH,ATCC13032_sample_Cgl2941,ATCC13032
A3b,,A3b,Dual,cg0264,Cgl0215,nan,,,R,no,ChIP-seq (Internal Fused Prior),,Lab_Internal_ChIPseq,0.95,HIGH,ATCC13032_sample_A3b,ATCC13032
cg0725,Cgl0627,crtR,Dual,cg0264,Cgl0215,nan,,,R,no,ChIP-seq (Internal Fused Prior),,Lab_Internal_ChIPseq,0.95,HIGH,ATCC13032_sample_Cgl0627,ATCC13032
cg1340,Cgl1185,arnR,Dual,cg0264,Cgl0215,nan,,,R,no,ChIP-seq (Internal Fused Prior),,Lab_Internal_ChIPseq,0.95,HIGH,ATCC13032_sample_Cgl1185,ATCC13032
cg3261,Cgl2947,nan,Dual,cg0272,Cgl0221,nan,,,R,no,ChIP-seq (Internal Fused Prior),,Lab_Internal_ChIPseq,0.95,HIGH,ATCC13032_sample_Cgl2947,ATCC13032
cg2946,Cgl2661,nan,Dual,cg0282,Cgl0229,nan,,,R,no,ChIP-seq (Internal Fused Prior),,Lab_Internal_ChIPseq,0.95,HIGH,ATCC13032_sample_Cgl2661,ATCC13032
cg1410,Cgl1251,rbsR,Dual,cg0313,Cgl0257,lrp,,,R,no,ChIP-seq (Internal Fused Prior),,Lab_Internal_ChIPseq,0.95,HIGH,ATCC13032_sample_Cgl1251,ATCC13032
cg2115,Cgl1931,sugR,Dual,cg0313,Cgl0257,lrp,,,A,no,ChIP-seq (Internal Fused Prior),,Lab_Internal_ChIPseq,0.95,HIGH,ATCC13032_sample_Cgl1931,ATCC13032
cg2500,Cgl2279,znR,Dual,cg0313,Cgl0257,lrp,,,R,no,ChIP-seq (Internal Fused Prior),,Lab_Internal_ChIPseq,0.95,HIGH,ATCC13032_sample_Cgl2279,ATCC13032
cg2942,Cgl2657,nan,Dual,cg0313,Cgl0257,lrp,,,R,no,ChIP-seq (Internal Fused Prior),,Lab_Internal_ChIPseq,0.95,HIGH,ATCC13032_sample_Cgl2657,ATCC13032
cg3001,Cgl2711,cosR,Dual,cg0313,Cgl0257,lrp,,,R,no,ChIP-seq (Internal Fused Prior),,Lab_Internal_ChIPseq,0.95,HIGH,ATCC13032_sample_Cgl2711,ATCC13032
cg3315,Cgl2988,malR,Dual,cg0313,Cgl0257,lrp,,,R,no,ChIP-seq (Internal Fused Prior),,Lab_Internal_ChIPseq,0.95,HIGH,ATCC13032_sample_Cgl2988,ATCC13032
cg1053,Cgl0923,nan,Dual,cg0316,Cgl0260,nan,,,R,no,ChIP-seq (Internal Fused Prior),,Lab_Internal_ChIPseq,0.95,HIGH,ATCC13032_sample_Cgl0923,ATCC13032
cg0317,Cgl0261,arsR2,Dual,cg0317,Cgl0261,arsR2,,,R,no,ChIP-seq (Internal Fused Prior),,Lab_Internal_ChIPseq,0.95,HIGH,ATCC13032_sample_Cgl0261,ATCC13032
cg0444,Cgl0369,ramB,Dual,cg0317,Cgl0261,arsR2,,,R,no,ChIP-seq (Internal Fused Prior),,Lab_Internal_ChIPseq,0.95,HIGH,ATCC13032_sample_Cgl0369,ATCC13032
cg0719,Cgl0622,crtYe,Dual,cg0317,Cgl0261,arsR2,,,R,no,ChIP-seq (Internal Fused Prior),,Lab_Internal_ChIPseq,0.95,HIGH,ATCC13032_sample_Cgl0622,ATCC13032
cg0725,Cgl0627,crtR,Dual,cg0317,Cgl0261,arsR2,,,R,no,ChIP-seq (Internal Fused Prior),,Lab_Internal_ChIPseq,0.95,HIGH,ATCC13032_sample_Cgl0627,ATCC13032
cg0847,Cgl0740,nan,Dual,cg0317,Cgl0261,arsR2,,,R,no,ChIP-seq (Internal Fused Prior),,Lab_Internal_ChIPseq,0.95,HIGH,ATCC13032_sample_Cgl0740,ATCC13032
cg0993,Cgl0871,nan,Dual,cg0317,Cgl0261,arsR2,,,R,no,ChIP-seq (Internal Fused Prior),,Lab_Internal_ChIPseq,0.95,HIGH,ATCC13032_sample_Cgl0871,ATCC13032
cg1308,Cgl1157,rhcR,Dual,cg0317,Cgl0261,arsR2,,,R,no,ChIP-seq (Internal Fused Prior),,Lab_Internal_ChIPseq,0.95,HIGH,ATCC13032_sample_Cgl1157,ATCC13032
cg2115,Cgl1931,sugR,Dual,cg0317,Cgl0261,arsR2,,,R,no,ChIP-seq (Internal Fused Prior),,Lab_Internal_ChIPseq,0.95,HIGH,ATCC13032_sample_Cgl1931,ATCC13032
cg2200,Cgl2009,cgtR8,Dual,cg0317,Cgl0261,arsR2,,,R,no,ChIP-seq (Internal Fused Prior),,Lab_Internal_ChIPseq,0.95,HIGH,ATCC13032_sample_Cgl2009,ATCC13032
cg2260,Cgl2060,glnK,Dual,cg0317,Cgl0261,arsR2,,,R,no,ChIP-seq (Internal Fused Prior),,Lab_Internal_ChIPseq,0.95,HIGH,ATCC13032_sample_Cgl2060,ATCC13032
cg2314,Cgl2111,nan,Dual,cg0317,Cgl0261,arsR2,,,R,no,ChIP-seq (Internal Fused Prior),,Lab_Internal_ChIPseq,0.95,HIGH,ATCC13032_sample_Cgl2111,ATCC13032
cg2378,Cgl2167,mraZ,Dual,cg0317,Cgl0261,arsR2,,,R,no,ChIP-seq (Internal Fused Prior),,Lab_Internal_ChIPseq,0.95,HIGH,ATCC13032_sample_Cgl2167,ATCC13032
cg2500,Cgl2279,znR,Dual,cg0317,Cgl0261,arsR2,,,R,no,ChIP-seq (Internal Fused Prior),,Lab_Internal_ChIPseq,0.95,HIGH,ATCC13032_sample_Cgl2279,ATCC13032
cg2686,Cgl2445,nan,Dual,cg0317,Cgl0261,arsR2,,,R,no,ChIP-seq (Internal Fused Prior),,Lab_Internal_ChIPseq,0.95,HIGH,ATCC13032_sample_Cgl2445,ATCC13032
cg2831,Cgl2560,ramA,Dual,cg0317,Cgl0261,arsR2,,,R,no,ChIP-seq (Internal Fused Prior),,Lab_Internal_ChIPseq,0.95,HIGH,ATCC13032_sample_Cgl2560,ATCC13032
cg3230,Cgl2920,nan,Dual,cg0317,Cgl0261,arsR2,,,R,no,ChIP-seq (Internal Fused Prior),,Lab_Internal_ChIPseq,0.95,HIGH,ATCC13032_sample_Cgl2920,ATCC13032
cg1068,Cgl0936,fur,Dual,cg0317,Cgl0261,arsR2,,,R,no,ChIP-seq (Internal Fused Prior),,Lab_Internal_ChIPseq,0.95,HIGH,ATCC13032_sample_FurH,ATCC13032
cg1068,Cgl0936,fur,Dual,cg0317,Cgl0261,arsR2,,,R,no,ChIP-seq (Internal Fused Prior),,Lab_Internal_ChIPseq,0.95,HIGH,ATCC13032_sample_FurHpl5,ATCC13032
cg1068,Cgl0936,fur,Dual,cg0317,Cgl0261,arsR2,,,R,no,ChIP-seq (Internal Fused Prior),,Lab_Internal_ChIPseq,0.95,HIGH,ATCC13032_sample_FurHpl6,ATCC13032
cg1704,,cg1704,Dual,cg0318,Cgl0262,arsC1,,,R,no,ChIP-seq (Internal Fused Prior),,Lab_Internal_ChIPseq,0.95,HIGH,ATCC13032_sample_cg1704,ATCC13032
cg1704,,cg1704,Dual,cg0319,Cgl0263,arsX,,,R,no,ChIP-seq (Internal Fused Prior),,Lab_Internal_ChIPseq,0.95,HIGH,ATCC13032_sample_cg1704,ATCC13032
cg2648,Cgl2415,nan,Dual,cg0328,Cgl0271,nan,,,A,no,ChIP-seq (Internal Fused Prior),,Lab_Internal_ChIPseq,0.95,HIGH,ATCC13032_sample_Cgl2415,ATCC13032
cg3420,Cgl3089,sigM,Dual,cg0328,Cgl0271,nan,,,R,no,ChIP-seq (Internal Fused Prior),,Lab_Internal_ChIPseq,0.95,HIGH,ATCC13032_sample_Cgl3089,ATCC13032
cg0156,Cgl0121,cysR,Dual,cg0330,Cgl0272,cgtR1,,,R,no,ChIP-seq (Internal Fused Prior),,Lab_Internal_ChIPseq,0.95,HIGH,ATCC13032_sample_Cgl0121,ATCC13032
cg2102,Cgl1919,sigB,Dual,cg0333,Cgl0274,nan,,,R,no,ChIP-seq (Internal Fused Prior),,Lab_Internal_ChIPseq,0.95,HIGH,ATCC13032_sample_Cgl1919,ATCC13032
cg3001,Cgl2711,cosR,Dual,cg0333,Cgl0274,nan,,,R,no,ChIP-seq (Internal Fused Prior),,Lab_Internal_ChIPseq,0.95,HIGH,ATCC13032_sample_Cgl2711,ATCC13032
cg1308,Cgl1157,rhcR,Dual,cg0334,Cgl0276,nan,,,A,no,ChIP-seq (Internal Fused Prior),,Lab_Internal_ChIPseq,0.95,HIGH,ATCC13032_sample_Cgl1157,ATCC13032
cg2200,Cgl2009,cgtR8,Dual,cg0334,Cgl0276,nan,,,A,no,ChIP-seq (Internal Fused Prior),,Lab_Internal_ChIPseq,0.95,HIGH,ATCC13032_sample_Cgl2009,ATCC13032
cg2378,Cgl2167,mraZ,Dual,cg0334,Cgl0276,nan,,,A,no,ChIP-seq (Internal Fused Prior),,Lab_Internal_ChIPseq,0.95,HIGH,ATCC13032_sample_Cgl2167,ATCC13032
cg1308,Cgl1157,rhcR,Dual,cg0335,Cgl0277,nan,,,R,no,ChIP-seq (Internal Fused Prior),,Lab_Internal_ChIPseq,0.95,HIGH,ATCC13032_sample_Cgl1157,ATCC13032
cg2200,Cgl2009,cgtR8,Dual,cg0335,Cgl0277,nan,,,R,no,ChIP-seq (Internal Fused Prior),,Lab_Internal_ChIPseq,0.95,HIGH,ATCC13032_sample_Cgl2009,ATCC13032
cg2378,Cgl2167,mraZ,Dual,cg0335,Cgl0277,nan,,,R,no,ChIP-seq (Internal Fused Prior),,Lab_Internal_ChIPseq,0.95,HIGH,ATCC13032_sample_Cgl2167,ATCC13032
cg2942,Cgl2657,nan,Dual,cg0335,Cgl0277,nan,,,R,no,ChIP-seq (Internal Fused Prior),,Lab_Internal_ChIPseq,0.95,HIGH,ATCC13032_sample_Cgl2657,ATCC13032
cg3001,Cgl2711,cosR,Dual,cg0335,Cgl0277,nan,,,R,no,ChIP-seq (Internal Fused Prior),,Lab_Internal_ChIPseq,0.95,HIGH,ATCC13032_sample_Cgl2711,ATCC13032
cg0343,Cgl0285,phdR,Dual,cg0340,Cgl0283,phdT,,,R,no,ChIP-seq (Internal Fused Prior),,Lab_Internal_ChIPseq,0.95,HIGH,ATCC13032_sample_Cgl0285,ATCC13032
cg0343,Cgl0285,phdR,Dual,cg0341,Cgl0284,phdA(fadD1),,,R,no,ChIP-seq (Internal Fused Prior),,Lab_Internal_ChIPseq,0.95,HIGH,ATCC13032_sample_Cgl0285,ATCC13032
cg0350,Cgl0291,glxR,Dual,cg0343,Cgl0285,phdR,,,R,no,ChIP-seq (Internal Fused Prior),,Lab_Internal_ChIPseq,0.95,HIGH,ATCC13032_sample_Cgl0291,ATCC13032
cg3001,Cgl2711,cosR,Dual,cg0343,Cgl0285,phdR,,,R,no,ChIP-seq (Internal Fused Prior),,Lab_Internal_ChIPseq,0.95,HIGH,ATCC13032_sample_Cgl2711,ATCC13032
cg0343,Cgl0285,phdR,Dual,cg0344,Cgl0286,phdB(fabG1),,,R,no,ChIP-seq (Internal Fused Prior),,Lab_Internal_ChIPseq,0.95,HIGH,ATCC13032_sample_Cgl0285,ATCC13032
cg0343,Cgl0285,phdR,Dual,cg0345,Cgl0287,phdC,,,R,no,ChIP-seq (Internal Fused Prior),,Lab_Internal_ChIPseq,0.95,HIGH,ATCC13032_sample_Cgl0285,ATCC13032
cg0343,Cgl0285,phdR,Dual,cg0346,Cgl0288,phdD(fadE),,,R,no,ChIP-seq (Internal Fused Prior),,Lab_Internal_ChIPseq,0.95,HIGH,ATCC13032_sample_Cgl0285,ATCC13032
cg0343,Cgl0285,phdR,Dual,cg0347,Cgl0289,phdE (hdtZ),,,R,no,ChIP-seq (Internal Fused Prior),,Lab_Internal_ChIPseq,0.95,HIGH,ATCC13032_sample_Cgl0285,ATCC13032
cg2648,Cgl2415,nan,Dual,cg0356,Cgl0296,nan,,,R,no,ChIP-seq (Internal Fused Prior),,Lab_Internal_ChIPseq,0.95,HIGH,ATCC13032_sample_Cgl2415,ATCC13032
cg0001,Cgl0001,dnaA,Dual,cg0360,Cgl0299,nan,,,R,no,ChIP-seq (Internal Fused Prior),,Lab_Internal_ChIPseq,0.95,HIGH,ATCC13032_sample_Cgl0001,ATCC13032
cg0350,Cgl0291,glxR,Dual,cg0360,Cgl0299,nan,,,R,no,ChIP-seq (Internal Fused Prior),,Lab_Internal_ChIPseq,0.95,HIGH,ATCC13032_sample_Cgl0291,ATCC13032
cg0444,Cgl0369,ramB,Dual,cg0360,Cgl0299,nan,,,R,no,ChIP-seq (Internal Fused Prior),,Lab_Internal_ChIPseq,0.95,HIGH,ATCC13032_sample_Cgl0369,ATCC13032
cg0800,Cgl0698,prpR,Dual,cg0360,Cgl0299,nan,,,R,no,ChIP-seq (Internal Fused Prior),,Lab_Internal_ChIPseq,0.95,HIGH,ATCC13032_sample_Cgl0698,ATCC13032
nan,Cgl1930,nan,Dual,cg0360,Cgl0299,nan,,,R,no,ChIP-seq (Internal Fused Prior),,Lab_Internal_ChIPseq,0.95,HIGH,ATCC13032_sample_Cgl1930,ATCC13032
cg1547,Cgl1367,ccpA1(uriR),Dual,cg0370,Cgl0307,nan,,,R,no,ChIP-seq (Internal Fused Prior),,Lab_Internal_ChIPseq,0.95,HIGH,ATCC13032_sample_Cgl1367,ATCC13032
cg2946,Cgl2661,nan,Dual,cg0370,Cgl0307,nan,,,R,no,ChIP-seq (Internal Fused Prior),,Lab_Internal_ChIPseq,0.95,HIGH,ATCC13032_sample_Cgl2661,ATCC13032
cg0371,Cgl0308,cspA2,Dual,cg0371,Cgl0308,cspA2,,,R,no,ChIP-seq (Internal Fused Prior),,Lab_Internal_ChIPseq,0.95,HIGH,ATCC13032_sample_Cgl0308,ATCC13032
cg1392,Cgl1235,nan,Dual,cg0371,Cgl0308,cspA2,,,A,no,ChIP-seq (Internal Fused Prior),,Lab_Internal_ChIPseq,0.95,HIGH,ATCC13032_sample_Cgl1235,ATCC13032
cg0876,Cgl0767,sigH,Dual,cg0378,Cgl0314,nan,,,R,no,ChIP-seq (Internal Fused Prior),,Lab_Internal_ChIPseq,0.95,HIGH,ATCC13032_sample_Cgl0767,ATCC13032
cg1053,Cgl0923,nan,Dual,cg0378,Cgl0314,nan,,,R,no,ChIP-seq (Internal Fused Prior),,Lab_Internal_ChIPseq,0.95,HIGH,ATCC13032_sample_Cgl0923,ATCC13032
cg1410,Cgl1251,rbsR,Dual,cg0378,Cgl0314,nan,,,R,no,ChIP-seq (Internal Fused Prior),,Lab_Internal_ChIPseq,0.95,HIGH,ATCC13032_sample_Cgl1251,ATCC13032
cg2109,Cgl1925,oxyR,Dual,cg0378,Cgl0314,nan,,,R,no,ChIP-seq (Internal Fused Prior),,Lab_Internal_ChIPseq,0.95,HIGH,ATCC13032_sample_Cgl1925,ATCC13032
cg2200,Cgl2009,cgtR8,Dual,cg0378,Cgl0314,nan,,,R,no,ChIP-seq (Internal Fused Prior),,Lab_Internal_ChIPseq,0.95,HIGH,ATCC13032_sample_Cgl2009,ATCC13032
cg0156,Cgl0121,cysR,Dual,cg0397,Cgl0328,nan,,,R,no,ChIP-seq (Internal Fused Prior),,Lab_Internal_ChIPseq,0.95,HIGH,ATCC13032_sample_Cgl0121,ATCC13032
cg2946,Cgl2661,nan,Dual,cg0399,Cgl0330,nan,,,R,no,ChIP-seq (Internal Fused Prior),,Lab_Internal_ChIPseq,0.95,HIGH,ATCC13032_sample_Cgl2661,ATCC13032
cg2102,Cgl1919,sigB,Dual,cg0400,Cgl0331,adhC,,,A,no,ChIP-seq (Internal Fused Prior),,Lab_Internal_ChIPseq,0.95,HIGH,ATCC13032_sample_Cgl1919,ATCC13032
cg2888,Cgl2607,cgtR3(phoR),Dual,cg0400,Cgl0331,adhC,,,A,no,ChIP-seq (Internal Fused Prior),,Lab_Internal_ChIPseq,0.95,HIGH,ATCC13032_sample_Cgl2607,ATCC13032
cg0156,Cgl0121,cysR,Dual,cg0405,Cgl0336,nan,,,R,no,ChIP-seq (Internal Fused Prior),,Lab_Internal_ChIPseq,0.95,HIGH,ATCC13032_sample_Cgl0121,ATCC13032
cg2260,Cgl2060,glnK,Dual,cg0405,Cgl0336,nan,,,R,no,ChIP-seq (Internal Fused Prior),,Lab_Internal_ChIPseq,0.95,HIGH,ATCC13032_sample_Cgl2060,ATCC13032
cg2500,Cgl2279,znR,Dual,cg0405,Cgl0336,nan,,,R,no,ChIP-seq (Internal Fused Prior),,Lab_Internal_ChIPseq,0.95,HIGH,ATCC13032_sample_Cgl2279,ATCC13032
cg0444,Cgl0369,ramB,Dual,cg0407,Cgl0337,nan,,,R,no,ChIP-seq (Internal Fused Prior),,Lab_Internal_ChIPseq,0.95,HIGH,ATCC13032_sample_Cgl0369,ATCC13032
cg0725,Cgl0627,crtR,Dual,cg0407,Cgl0337,nan,,,R,no,ChIP-seq (Internal Fused Prior),,Lab_Internal_ChIPseq,0.95,HIGH,ATCC13032_sample_Cgl0627,ATCC13032
cg2648,Cgl2415,nan,Dual,cg0407,Cgl0337,nan,,,R,no,ChIP-seq (Internal Fused Prior),,Lab_Internal_ChIPseq,0.95,HIGH,ATCC13032_sample_Cgl2415,ATCC13032
cg0719,Cgl0622,crtYe,Dual,cg0420,Cgl0350,nan,,,R,no,ChIP-seq (Internal Fused Prior),,Lab_Internal_ChIPseq,0.95,HIGH,ATCC13032_sample_Cgl0622,ATCC13032
cg0737,Cgl0637,nan,Dual,cg0420,Cgl0350,nan,,,R,no,ChIP-seq (Internal Fused Prior),,Lab_Internal_ChIPseq,0.95,HIGH,ATCC13032_sample_Cgl0637,ATCC13032
cg0847,Cgl0740,nan,Dual,cg0420,Cgl0350,nan,,,R,no,ChIP-seq (Internal Fused Prior),,Lab_Internal_ChIPseq,0.95,HIGH,ATCC13032_sample_Cgl0740,ATCC13032
cg2102,Cgl1919,sigB,Dual,cg0420,Cgl0350,nan,,,R,no,ChIP-seq (Internal Fused Prior),,Lab_Internal_ChIPseq,0.95,HIGH,ATCC13032_sample_Cgl1919,ATCC13032
cg2314,Cgl2111,nan,Dual,cg0420,Cgl0350,nan,,,R,no,ChIP-seq (Internal Fused Prior),,Lab_Internal_ChIPseq,0.95,HIGH,ATCC13032_sample_Cgl2111,ATCC13032
cg2942,Cgl2657,nan,Dual,cg0420,Cgl0350,nan,,,R,no,ChIP-seq (Internal Fused Prior),,Lab_Internal_ChIPseq,0.95,HIGH,ATCC13032_sample_Cgl2657,ATCC13032
A2b,,A2b,Dual,cg0421,Cgl0351,wzx,,,R,no,ChIP-seq (Internal Fused Prior),,Lab_Internal_ChIPseq,0.95,HIGH,ATCC13032_sample_A2b,ATCC13032
cg2615,Cgl2382,vanR,Dual,cg0421,Cgl0351,wzx,,,R,no,ChIP-seq (Internal Fused Prior),,Lab_Internal_ChIPseq,0.95,HIGH,ATCC13032_sample_Cgl2382,ATCC13032
cg2260,Cgl2060,glnK,Dual,cg0431,Cgl0358,nan,,,A,no,ChIP-seq (Internal Fused Prior),,Lab_Internal_ChIPseq,0.95,HIGH,ATCC13032_sample_Cgl2060,ATCC13032
cg2500,Cgl2279,znR,Dual,cg0431,Cgl0358,nan,,,A,no,ChIP-seq (Internal Fused Prior),,Lab_Internal_ChIPseq,0.95,HIGH,ATCC13032_sample_Cgl2279,ATCC13032
cg0313,Cgl0257,lrp,Dual,cg0435,Cgl0360,udgA1,,,A,no,ChIP-seq (Internal Fused Prior),,Lab_Internal_ChIPseq,0.95,HIGH,ATCC13032_sample_Cgl0257,ATCC13032
cg1425,Cgl1263,lysG,Dual,cg0436,Cgl0361,nan,,,A,no,ChIP-seq (Internal Fused Prior),,Lab_Internal_ChIPseq,0.95,HIGH,ATCC13032_sample_Cgl1263,ATCC13032
cg2527,Cgl2527,cg2527,Dual,cg0436,Cgl0361,nan,,,A,no,ChIP-seq (Internal Fused Prior),,Lab_Internal_ChIPseq,0.95,HIGH,ATCC13032_sample_Cgl2527,ATCC13032
cg2888,Cgl2607,cgtR3(phoR),Dual,cg0437,Cgl0362,nan,,,R,no,ChIP-seq (Internal Fused Prior),,Lab_Internal_ChIPseq,0.95,HIGH,ATCC13032_sample_Cgl2607,ATCC13032
cg0317,Cgl0261,arsR2,Dual,cg0438,Cgl0363,nan,,,A,no,ChIP-seq (Internal Fused Prior),,Lab_Internal_ChIPseq,0.95,HIGH,ATCC13032_sample_Cgl0261,ATCC13032
cg0993,Cgl0871,nan,Dual,cg0438,Cgl0363,nan,,,R,no,ChIP-seq (Internal Fused Prior),,Lab_Internal_ChIPseq,0.95,HIGH,ATCC13032_sample_Cgl0871,ATCC13032
cg1410,Cgl1251,rbsR,Dual,cg0438,Cgl0363,nan,,,R,no,ChIP-seq (Internal Fused Prior),,Lab_Internal_ChIPseq,0.95,HIGH,ATCC13032_sample_Cgl1251,ATCC13032
cg2109,Cgl1925,oxyR,Dual,cg0438,Cgl0363,nan,,,A,no,ChIP-seq (Internal Fused Prior),,Lab_Internal_ChIPseq,0.95,HIGH,ATCC13032_sample_Cgl1925,ATCC13032
cg3315,Cgl2988,malR,Dual,cg0438,Cgl0363,nan,,,A,no,ChIP-seq (Internal Fused Prior),,Lab_Internal_ChIPseq,0.95,HIGH,ATCC13032_sample_Cgl2988,ATCC13032
cg0069,Cgl0069,cg0069,Dual,cg0439,Cgl0364,nan,,,R,no,ChIP-seq (Internal Fused Prior),,Lab_Internal_ChIPseq,0.95,HIGH,ATCC13032_sample_Cgl0069,ATCC13032
cg0196,Cgl0157,iolR,Dual,cg0439,Cgl0364,nan,,,R,no,ChIP-seq (Internal Fused Prior),,Lab_Internal_ChIPseq,0.95,HIGH,ATCC13032_sample_Cgl0157,ATCC13032
cg0527,Cgl0445,glyR,Dual,cg0439,Cgl0364,nan,,,R,no,ChIP-seq (Internal Fused Prior),,Lab_Internal_ChIPseq,0.95,HIGH,ATCC13032_sample_Cgl0445,ATCC13032
cg0897,Cgl0787,pdxR,Dual,cg0439,Cgl0364,nan,,,R,no,ChIP-seq (Internal Fused Prior),,Lab_Internal_ChIPseq,0.95,HIGH,ATCC13032_sample_Cgl0787,ATCC13032
cg2260,Cgl2060,glnK,Dual,cg0439,Cgl0364,nan,,,R,no,ChIP-seq (Internal Fused Prior),,Lab_Internal_ChIPseq,0.95,HIGH,ATCC13032_sample_Cgl2060,ATCC13032
cg2500,Cgl2279,znR,Dual,cg0439,Cgl0364,nan,,,R,no,ChIP-seq (Internal Fused Prior),,Lab_Internal_ChIPseq,0.95,HIGH,ATCC13032_sample_Cgl2279,ATCC13032
cg2502,Cgl2280,fur,Dual,cg0439,Cgl0364,nan,,,R,no,ChIP-seq (Internal Fused Prior),,Lab_Internal_ChIPseq,0.95,HIGH,ATCC13032_sample_Cgl2280,ATCC13032
cg2942,Cgl2657,nan,Dual,cg0439,Cgl0364,nan,,,R,no,ChIP-seq (Internal Fused Prior),,Lab_Internal_ChIPseq,0.95,HIGH,ATCC13032_sample_Cgl2657,ATCC13032
cg3001,Cgl2711,cosR,Dual,cg0439,Cgl0364,nan,,,R,no,ChIP-seq (Internal Fused Prior),,Lab_Internal_ChIPseq,0.95,HIGH,ATCC13032_sample_Cgl2711,ATCC13032
cg1068,Cgl0936,fur,Dual,cg0439,Cgl0364,nan,,,R,no,ChIP-seq (Internal Fused Prior),,Lab_Internal_ChIPseq,0.95,HIGH,ATCC13032_sample_FurHpl5,ATCC13032
cg1068,Cgl0936,fur,Dual,cg0439,Cgl0364,nan,,,R,no,ChIP-seq (Internal Fused Prior),,Lab_Internal_ChIPseq,0.95,HIGH,ATCC13032_sample_FurHpl6,ATCC13032
cg1068,Cgl0936,fur,Dual,cg0439,Cgl0364,nan,,,R,no,ChIP-seq (Internal Fused Prior),,Lab_Internal_ChIPseq,0.95,HIGH,ATCC13032_sample_FurHpl7,ATCC13032
cg1068,Cgl0936,fur,Dual,cg0439,Cgl0364,nan,,,R,no,ChIP-seq (Internal Fused Prior),,Lab_Internal_ChIPseq,0.95,HIGH,ATCC13032_sample_FurHpl8,ATCC13032
cg1068,Cgl0936,fur,Dual,cg0439,Cgl0364,nan,,,A,no,ChIP-seq (Internal Fused Prior),,Lab_Internal_ChIPseq,0.95,HIGH,ATCC13032_sample_Furpl10,ATCC13032
cg2627,Cgl2394,nan,Dual,cg0450,Cgl0375,nan,,,A,no,ChIP-seq (Internal Fused Prior),,Lab_Internal_ChIPseq,0.95,HIGH,ATCC13032_sample_Cgl2394,ATCC13032
cg0350,Cgl0291,glxR,Dual,cg0454,Cgl0379,nan,,,R,no,ChIP-seq (Internal Fused Prior),,Lab_Internal_ChIPseq,0.95,HIGH,ATCC13032_sample_Cgl0291,ATCC13032
cg0876,Cgl0767,sigH,Dual,cg0454,Cgl0379,nan,,,R,no,ChIP-seq (Internal Fused Prior),,Lab_Internal_ChIPseq,0.95,HIGH,ATCC13032_sample_Cgl0767,ATCC13032
cg1935,Cgl1718,gntR2,Dual,cg0454,Cgl0379,nan,,,R,no,ChIP-seq (Internal Fused Prior),,Lab_Internal_ChIPseq,0.95,HIGH,ATCC13032_sample_Cgl1718,ATCC13032
cg2527,Cgl2527,cg2527,Dual,cg0454,Cgl0379,nan,,,R,no,ChIP-seq (Internal Fused Prior),,Lab_Internal_ChIPseq,0.95,HIGH,ATCC13032_sample_Cgl2527,ATCC13032
cg0350,Cgl0291,glxR,Dual,cg0455,Cgl0380,nan,,,R,no,ChIP-seq (Internal Fused Prior),,Lab_Internal_ChIPseq,0.95,HIGH,ATCC13032_sample_Cgl0291,ATCC13032
cg0876,Cgl0767,sigH,Dual,cg0455,Cgl0380,nan,,,R,no,ChIP-seq (Internal Fused Prior),,Lab_Internal_ChIPseq,0.95,HIGH,ATCC13032_sample_Cgl0767,ATCC13032
cg1935,Cgl1718,gntR2,Dual,cg0455,Cgl0380,nan,,,R,no,ChIP-seq (Internal Fused Prior),,Lab_Internal_ChIPseq,0.95,HIGH,ATCC13032_sample_Cgl1718,ATCC13032
cg2527,Cgl2527,cg2527,Dual,cg0455,Cgl0380,nan,,,R,no,ChIP-seq (Internal Fused Prior),,Lab_Internal_ChIPseq,0.95,HIGH,ATCC13032_sample_Cgl2527,ATCC13032
cg0350,Cgl0291,glxR,Dual,cg0456,Cgl0381,nan,,,R,no,ChIP-seq (Internal Fused Prior),,Lab_Internal_ChIPseq,0.95,HIGH,ATCC13032_sample_Cgl0291,ATCC13032
cg0876,Cgl0767,sigH,Dual,cg0456,Cgl0381,nan,,,R,no,ChIP-seq (Internal Fused Prior),,Lab_Internal_ChIPseq,0.95,HIGH,ATCC13032_sample_Cgl0767,ATCC13032
cg1935,Cgl1718,gntR2,Dual,cg0456,Cgl0381,nan,,,R,no,ChIP-seq (Internal Fused Prior),,Lab_Internal_ChIPseq,0.95,HIGH,ATCC13032_sample_Cgl1718,ATCC13032
cg2527,Cgl2527,cg2527,Dual,cg0456,Cgl0381,nan,,,R,no,ChIP-seq (Internal Fused Prior),,Lab_Internal_ChIPseq,0.95,HIGH,ATCC13032_sample_Cgl2527,ATCC13032
cg2946,Cgl2661,nan,Dual,cg0457,Cgl0382,purU,,,R,no,ChIP-seq (Internal Fused Prior),,Lab_Internal_ChIPseq,0.95,HIGH,ATCC13032_sample_Cgl2661,ATCC13032
cg2946,Cgl2661,nan,Dual,cg0458,Cgl0383,deoC,,,A,no,ChIP-seq (Internal Fused Prior),,Lab_Internal_ChIPseq,0.95,HIGH,ATCC13032_sample_Cgl2661,ATCC13032
cg0492,Cgl0411,nan,Dual,cg0462,Cgl0384,nan,,,R,no,ChIP-seq (Internal Fused Prior),,Lab_Internal_ChIPseq,0.95,HIGH,ATCC13032_sample_Cgl0411,ATCC13032
cg1053,Cgl0923,nan,Dual,cg0462,Cgl0384,nan,,,R,no,ChIP-seq (Internal Fused Prior),,Lab_Internal_ChIPseq,0.95,HIGH,ATCC13032_sample_Cgl0923,ATCC13032
cg1410,Cgl1251,rbsR,Dual,cg0462,Cgl0384,nan,,,R,no,ChIP-seq (Internal Fused Prior),,Lab_Internal_ChIPseq,0.95,HIGH,ATCC13032_sample_Cgl1251,ATCC13032
cg2378,Cgl2167,mraZ,Dual,cg0462,Cgl0384,nan,,,A,no,ChIP-seq (Internal Fused Prior),,Lab_Internal_ChIPseq,0.95,HIGH,ATCC13032_sample_Cgl2167,ATCC13032
cg2462,Cgl2244,nan,Dual,cg0462,Cgl0384,nan,,,A,no,ChIP-seq (Internal Fused Prior),,Lab_Internal_ChIPseq,0.95,HIGH,ATCC13032_sample_Cgl2244,ATCC13032
cg2500,Cgl2279,znR,Dual,cg0462,Cgl0384,nan,,,R,no,ChIP-seq (Internal Fused Prior),,Lab_Internal_ChIPseq,0.95,HIGH,ATCC13032_sample_Cgl2279,ATCC13032
cg2888,Cgl2607,cgtR3(phoR),Dual,cg0462,Cgl0384,nan,,,R,no,ChIP-seq (Internal Fused Prior),,Lab_Internal_ChIPseq,0.95,HIGH,ATCC13032_sample_Cgl2607,ATCC13032
cg3087,Cgl2787,nan,Dual,cg0462,Cgl0384,nan,,,R,no,ChIP-seq (Internal Fused Prior),,Lab_Internal_ChIPseq,0.95,HIGH,ATCC13032_sample_Cgl2787,ATCC13032
cg1410,Cgl1251,rbsR,Dual,cg0466,Cgl0388,nan,,,R,no,ChIP-seq (Internal Fused Prior),,Lab_Internal_ChIPseq,0.95,HIGH,ATCC13032_sample_Cgl1251,ATCC13032
cg1410,Cgl1251,rbsR,Dual,cg0467,Cgl0389,nan,,,R,no,ChIP-seq (Internal Fused Prior),,Lab_Internal_ChIPseq,0.95,HIGH,ATCC13032_sample_Cgl1251,ATCC13032
cg1410,Cgl1251,rbsR,Dual,cg0468,Cgl0390,nan,,,R,no,ChIP-seq (Internal Fused Prior),,Lab_Internal_ChIPseq,0.95,HIGH,ATCC13032_sample_Cgl1251,ATCC13032
cg1410,Cgl1251,rbsR,Dual,cg0469,Cgl0391,nan,,,R,no,ChIP-seq (Internal Fused Prior),,Lab_Internal_ChIPseq,0.95,HIGH,ATCC13032_sample_Cgl1251,ATCC13032
cg0012,Cgl0010,ssuR,Dual,cg0479,Cgl0399,nan,,,R,no,ChIP-seq (Internal Fused Prior),,Lab_Internal_ChIPseq,0.95,HIGH,ATCC13032_sample_Cgl0010,ATCC13032
cg1053,Cgl0923,nan,Dual,cg0479,Cgl0399,nan,,,R,no,ChIP-seq (Internal Fused Prior),,Lab_Internal_ChIPseq,0.95,HIGH,ATCC13032_sample_Cgl0923,ATCC13032
cg2141,Cgl1955,recA,Dual,cg0479,Cgl0399,nan,,,R,no,ChIP-seq (Internal Fused Prior),,Lab_Internal_ChIPseq,0.95,HIGH,ATCC13032_sample_Cgl1955,ATCC13032
cg2378,Cgl2167,mraZ,Dual,cg0479,Cgl0399,nan,,,R,no,ChIP-seq (Internal Fused Prior),,Lab_Internal_ChIPseq,0.95,HIGH,ATCC13032_sample_Cgl2167,ATCC13032
cg2942,Cgl2657,nan,Dual,cg0479,Cgl0399,nan,,,R,no,ChIP-seq (Internal Fused Prior),,Lab_Internal_ChIPseq,0.95,HIGH,ATCC13032_sample_Cgl2657,ATCC13032
cg3285,Cgl2965,cgtR9(copR),Dual,cg0479,Cgl0399,nan,,,R,no,ChIP-seq (Internal Fused Prior),,Lab_Internal_ChIPseq,0.95,HIGH,ATCC13032_sample_Cgl2965,ATCC13032
cg3352,Cgl3024,genR(nagR),Dual,cg0479,Cgl0399,nan,,,R,no,ChIP-seq (Internal Fused Prior),,Lab_Internal_ChIPseq,0.95,HIGH,ATCC13032_sample_Cgl3024,ATCC13032
cg0492,Cgl0411,nan,Dual,cg0480,Cgl0400,fadD5,,,R,no,ChIP-seq (Internal Fused Prior),,Lab_Internal_ChIPseq,0.95,HIGH,ATCC13032_sample_Cgl0411,ATCC13032
cg0492,Cgl0411,nan,Dual,cg0481,Cgl0401,nan,,,R,no,ChIP-seq (Internal Fused Prior),,Lab_Internal_ChIPseq,0.95,HIGH,ATCC13032_sample_Cgl0411,ATCC13032
nan,Cgl1930,nan,Dual,cg0485,Cgl0405,nan,,,R,no,ChIP-seq (Internal Fused Prior),,Lab_Internal_ChIPseq,0.95,HIGH,ATCC13032_sample_Cgl1930,ATCC13032
cg2115,Cgl1931,sugR,Dual,cg0485,Cgl0405,nan,,,R,no,ChIP-seq (Internal Fused Prior),,Lab_Internal_ChIPseq,0.95,HIGH,ATCC13032_sample_Cgl1931,ATCC13032
cg2942,Cgl2657,nan,Dual,cg0485,Cgl0405,nan,,,R,no,ChIP-seq (Internal Fused Prior),,Lab_Internal_ChIPseq,0.95,HIGH,ATCC13032_sample_Cgl2657,ATCC13032
cg3420,Cgl3089,sigM,Dual,cg0485,Cgl0405,nan,,,R,no,ChIP-seq (Internal Fused Prior),,Lab_Internal_ChIPseq,0.95,HIGH,ATCC13032_sample_Cgl3089,ATCC13032
cg0787,Cgl0685,nan,Dual,cg0487,Cgl0407,nan,,,R,no,ChIP-seq (Internal Fused Prior),,Lab_Internal_ChIPseq,0.95,HIGH,ATCC13032_sample_Cgl0685,ATCC13032
cg1392,Cgl1235,nan,Dual,cg0487,Cgl0407,nan,,,R,no,ChIP-seq (Internal Fused Prior),,Lab_Internal_ChIPseq,0.95,HIGH,ATCC13032_sample_Cgl1235,ATCC13032
cg2040,Cgl1820,nan,Dual,cg0487,Cgl0407,nan,,,R,no,ChIP-seq (Internal Fused Prior),,Lab_Internal_ChIPseq,0.95,HIGH,ATCC13032_sample_Cgl1820,ATCC13032
cg2152,Cgl1962,clgR,Dual,cg0487,Cgl0407,nan,,,R,no,ChIP-seq (Internal Fused Prior),,Lab_Internal_ChIPseq,0.95,HIGH,ATCC13032_sample_Cgl1962,ATCC13032
cg2615,Cgl2382,vanR,Dual,cg0487,Cgl0407,nan,,,R,no,ChIP-seq (Internal Fused Prior),,Lab_Internal_ChIPseq,0.95,HIGH,ATCC13032_sample_Cgl2382,ATCC13032
cg3384,Cgl3055,nan,Dual,cg0487,Cgl0407,nan,,,R,no,ChIP-seq (Internal Fused Prior),,Lab_Internal_ChIPseq,0.95,HIGH,ATCC13032_sample_Cgl3055,ATCC13032
cg1308,Cgl1157,rhcR,Dual,cg0499,Cgl0419,nan,,,R,no,ChIP-seq (Internal Fused Prior),,Lab_Internal_ChIPseq,0.95,HIGH,ATCC13032_sample_Cgl1157,ATCC13032
cg2378,Cgl2167,mraZ,Dual,cg0499,Cgl0419,nan,,,A,no,ChIP-seq (Internal Fused Prior),,Lab_Internal_ChIPseq,0.95,HIGH,ATCC13032_sample_Cgl2167,ATCC13032
cg2527,Cgl2527,cg2527,Dual,cg0499,Cgl0419,nan,,,A,no,ChIP-seq (Internal Fused Prior),,Lab_Internal_ChIPseq,0.95,HIGH,ATCC13032_sample_Cgl2527,ATCC13032
cg2888,Cgl2607,cgtR3(phoR),Dual,cg0499,Cgl0419,nan,,,R,no,ChIP-seq (Internal Fused Prior),,Lab_Internal_ChIPseq,0.95,HIGH,ATCC13032_sample_Cgl2607,ATCC13032
cg0500,Cgl0420,qsuR,Dual,cg0500,Cgl0420,qsuR,,,R,no,ChIP-seq (Internal Fused Prior),,Lab_Internal_ChIPseq,0.95,HIGH,ATCC13032_sample_Cgl420,ATCC13032
cg0500,Cgl0420,qsuR,Dual,cg0505,Cgl0425,nan,,,R,no,ChIP-seq (Internal Fused Prior),,Lab_Internal_ChIPseq,0.95,HIGH,ATCC13032_sample_Cgl0420,ATCC13032
cg2268,Cgl2068,nan,Dual,cg0505,Cgl0425,nan,,,R,no,ChIP-seq (Internal Fused Prior),,Lab_Internal_ChIPseq,0.95,HIGH,ATCC13032_sample_Cgl2068,ATCC13032
cg2831,Cgl2560,ramA,Dual,cg0505,Cgl0425,nan,,,R,no,ChIP-seq (Internal Fused Prior),,Lab_Internal_ChIPseq,0.95,HIGH,ATCC13032_sample_Cgl2560,ATCC13032
cg1552,Cgl1371,qorR,Dual,cg0514,Cgl0433,nan,,,A,no,ChIP-seq (Internal Fused Prior),,Lab_Internal_ChIPseq,0.95,HIGH,ATCC13032_sample_Cgl1371,ATCC13032
cg3239,Cgl2928,nan,Dual,cg0515,Cgl0434,nan,,,R,no,ChIP-seq (Internal Fused Prior),,Lab_Internal_ChIPseq,0.95,HIGH,ATCC13032_sample_Cgl2928,ATCC13032
cg2109,Cgl1925,oxyR,Dual,cg0527,Cgl0445,glyR,,,R,no,ChIP-seq (Internal Fused Prior),,Lab_Internal_ChIPseq,0.95,HIGH,ATCC13032_sample_Cgl1925,ATCC13032
cg2102,Cgl1919,sigB,Dual,cg0528,Cgl0446,nan,,,R,no,ChIP-seq (Internal Fused Prior),,Lab_Internal_ChIPseq,0.95,HIGH,ATCC13032_sample_Cgl1919,ATCC13032
cg2888,Cgl2607,cgtR3(phoR),Dual,cg0528,Cgl0446,nan,,,R,no,ChIP-seq (Internal Fused Prior),,Lab_Internal_ChIPseq,0.95,HIGH,ATCC13032_sample_Cgl2607,ATCC13032
cg3352,Cgl3024,genR(nagR),Dual,cg0530,Cgl0447,nan,,,R,no,ChIP-seq (Internal Fused Prior),,Lab_Internal_ChIPseq,0.95,HIGH,ATCC13032_sample_Cgl3024,ATCC13032
cg2109,Cgl1925,oxyR,Dual,cg0531,Cgl0448,menA,,,A,no,ChIP-seq (Internal Fused Prior),,Lab_Internal_ChIPseq,0.95,HIGH,ATCC13032_sample_Cgl1925,ATCC13032
A2b,,A2b,Dual,cg0532,Cgl0449,nan,,,R,no,ChIP-seq (Internal Fused Prior),,Lab_Internal_ChIPseq,0.95,HIGH,ATCC13032_sample_A2b,ATCC13032
cg0313,Cgl0257,lrp,Dual,cg0532,Cgl0449,nan,,,R,no,ChIP-seq (Internal Fused Prior),,Lab_Internal_ChIPseq,0.95,HIGH,ATCC13032_sample_Cgl0257,ATCC13032
cg1324,Cgl1171,rosR,Dual,cg0532,Cgl0449,nan,,,R,no,ChIP-seq (Internal Fused Prior),,Lab_Internal_ChIPseq,0.95,HIGH,ATCC13032_sample_Cgl1171,ATCC13032
cg2109,Cgl1925,oxyR,Dual,cg0532,Cgl0449,nan,,,R,no,ChIP-seq (Internal Fused Prior),,Lab_Internal_ChIPseq,0.95,HIGH,ATCC13032_sample_Cgl1925,ATCC13032
cg3261,Cgl2947,nan,Dual,cg0532,Cgl0449,nan,,,R,no,ChIP-seq (Internal Fused Prior),,Lab_Internal_ChIPseq,0.95,HIGH,ATCC13032_sample_Cgl2947,ATCC13032
cg2648,Cgl2415,nan,Dual,cg0533,Cgl0450,menE,,,R,no,ChIP-seq (Internal Fused Prior),,Lab_Internal_ChIPseq,0.95,HIGH,ATCC13032_sample_Cgl2415,ATCC13032
cg1119,Cgl0981,nan,Dual,cg0540,Cgl0456,nan,,,A,no,ChIP-seq (Internal Fused Prior),,Lab_Internal_ChIPseq,0.95,HIGH,ATCC13032_sample_Cgl0981,ATCC13032
cg1119,Cgl0981,nan,Dual,cg0542,Cgl0457,nan,,,A,no,ChIP-seq (Internal Fused Prior),,Lab_Internal_ChIPseq,0.95,HIGH,ATCC13032_sample_Cgl0981,ATCC13032
cg1119,Cgl0981,nan,Dual,cg0543,Cgl0458,nan,,,A,no,ChIP-seq (Internal Fused Prior),,Lab_Internal_ChIPseq,0.95,HIGH,ATCC13032_sample_Cgl0981,ATCC13032
cg1308,Cgl1157,rhcR,Dual,cg0557,Cgl0472,nan,,,A,no,ChIP-seq (Internal Fused Prior),,Lab_Internal_ChIPseq,0.95,HIGH,ATCC13032_sample_Cgl1157,ATCC13032
cg0565,Cgl0478,gabR,Dual,cg0559,Cgl0473,ispB,,,R,no,ChIP-seq (Internal Fused Prior),,Lab_Internal_ChIPseq,0.95,HIGH,ATCC13032_sample_Cgl0478,ATCC13032
cg2946,Cgl2661,nan,Dual,cg0561,Cgl0474,secE,,,R,no,ChIP-seq (Internal Fused Prior),,Lab_Internal_ChIPseq,0.95,HIGH,ATCC13032_sample_Cgl2661,ATCC13032
cg0436,Cgl0395,amtR,Dual,cg0562,Cgl0475,nusG,,,R,no,ChIP-seq (Internal Fused Prior),,Lab_Internal_ChIPseq,0.95,HIGH,ATCC13032_sample_AmTR,ATCC13032
cg0436,Cgl0395,amtR,Dual,cg0562,Cgl0475,nusG,,,A,no,ChIP-seq (Internal Fused Prior),,Lab_Internal_ChIPseq,0.95,HIGH,ATCC13032_sample_AmtRH,ATCC13032
cg0436,Cgl0395,amtR,Dual,cg0562,Cgl0475,nusG,,,R,no,ChIP-seq (Internal Fused Prior),,Lab_Internal_ChIPseq,0.95,HIGH,ATCC13032_sample_AmtRpl5,ATCC13032
cg0436,Cgl0395,amtR,Dual,cg0562,Cgl0475,nusG,,,A,no,ChIP-seq (Internal Fused Prior),,Lab_Internal_ChIPseq,0.95,HIGH,ATCC13032_sample_AmtRpl6,ATCC13032
cg0436,Cgl0395,amtR,Dual,cg0562,Cgl0475,nusG,,,R,no,ChIP-seq (Internal Fused Prior),,Lab_Internal_ChIPseq,0.95,HIGH,ATCC13032_sample_AmtRpl7,ATCC13032
cg0436,Cgl0395,amtR,Dual,cg0562,Cgl0475,nusG,,,R,no,ChIP-seq (Internal Fused Prior),,Lab_Internal_ChIPseq,0.95,HIGH,ATCC13032_sample_AmtRpl8,ATCC13032
cg0313,Cgl0257,lrp,Dual,cg0565,Cgl0478,gabR,,,R,no,ChIP-seq (Internal Fused Prior),,Lab_Internal_ChIPseq,0.95,HIGH,ATCC13032_sample_Cgl0257,ATCC13032
cg0350,Cgl0291,glxR,Dual,cg0565,Cgl0478,gabR,,,A,no,ChIP-seq (Internal Fused Prior),,Lab_Internal_ChIPseq,0.95,HIGH,ATCC13032_sample_Cgl0291,ATCC13032
cg0565,Cgl0478,gabR,Dual,cg0565,Cgl0478,gabR,,,R,no,ChIP-seq (Internal Fused Prior),,Lab_Internal_ChIPseq,0.95,HIGH,ATCC13032_sample_Cgl0478,ATCC13032
cg0725,Cgl0627,crtR,Dual,cg0565,Cgl0478,gabR,,,A,no,ChIP-seq (Internal Fused Prior),,Lab_Internal_ChIPseq,0.95,HIGH,ATCC13032_sample_Cgl0627,ATCC13032
cg2268,Cgl2068,nan,Dual,cg0565,Cgl0478,gabR,,,R,no,ChIP-seq (Internal Fused Prior),,Lab_Internal_ChIPseq,0.95,HIGH,ATCC13032_sample_Cgl2068,ATCC13032
cg3384,Cgl3055,nan,Dual,cg0565,Cgl0478,gabR,,,A,no,ChIP-seq (Internal Fused Prior),,Lab_Internal_ChIPseq,0.95,HIGH,ATCC13032_sample_Cgl3055,ATCC13032
cg2268,Cgl2068,nan,Dual,cg0568,Cgl0481,nan,,,A,no,ChIP-seq (Internal Fused Prior),,Lab_Internal_ChIPseq,0.95,HIGH,ATCC13032_sample_Cgl2068,ATCC13032
cg1585,Cgl1399,argR,Dual,cg0569,Cgl0482,nan,,,R,no,ChIP-seq (Internal Fused Prior),,Lab_Internal_ChIPseq,0.95,HIGH,ATCC13032_sample_Cgl1399,ATCC13032
cg2200,Cgl2009,cgtR8,Dual,cg0569,Cgl0482,nan,,,R,no,ChIP-seq (Internal Fused Prior),,Lab_Internal_ChIPseq,0.95,HIGH,ATCC13032_sample_Cgl2009,ATCC13032
cg2378,Cgl2167,mraZ,Dual,cg0569,Cgl0482,nan,,,R,no,ChIP-seq (Internal Fused Prior),,Lab_Internal_ChIPseq,0.95,HIGH,ATCC13032_sample_Cgl2167,ATCC13032
cg2627,Cgl2394,nan,Dual,cg0569,Cgl0482,nan,,,R,no,ChIP-seq (Internal Fused Prior),,Lab_Internal_ChIPseq,0.95,HIGH,ATCC13032_sample_Cgl2394,ATCC13032
cg1585,Cgl1399,argR,Dual,cg0570,Cgl0483,nan,,,R,no,ChIP-seq (Internal Fused Prior),,Lab_Internal_ChIPseq,0.95,HIGH,ATCC13032_sample_Cgl1399,ATCC13032
cg2200,Cgl2009,cgtR8,Dual,cg0570,Cgl0483,nan,,,R,no,ChIP-seq (Internal Fused Prior),,Lab_Internal_ChIPseq,0.95,HIGH,ATCC13032_sample_Cgl2009,ATCC13032
cg2378,Cgl2167,mraZ,Dual,cg0570,Cgl0483,nan,,,R,no,ChIP-seq (Internal Fused Prior),,Lab_Internal_ChIPseq,0.95,HIGH,ATCC13032_sample_Cgl2167,ATCC13032
cg2627,Cgl2394,nan,Dual,cg0570,Cgl0483,nan,,,R,no,ChIP-seq (Internal Fused Prior),,Lab_Internal_ChIPseq,0.95,HIGH,ATCC13032_sample_Cgl2394,ATCC13032
cg1585,Cgl1399,argR,Dual,cg0571,Cgl0484,nan,,,R,no,ChIP-seq (Internal Fused Prior),,Lab_Internal_ChIPseq,0.95,HIGH,ATCC13032_sample_Cgl1399,ATCC13032
cg2200,Cgl2009,cgtR8,Dual,cg0571,Cgl0484,nan,,,R,no,ChIP-seq (Internal Fused Prior),,Lab_Internal_ChIPseq,0.95,HIGH,ATCC13032_sample_Cgl2009,ATCC13032
cg2378,Cgl2167,mraZ,Dual,cg0571,Cgl0484,nan,,,R,no,ChIP-seq (Internal Fused Prior),,Lab_Internal_ChIPseq,0.95,HIGH,ATCC13032_sample_Cgl2167,ATCC13032
cg2627,Cgl2394,nan,Dual,cg0571,Cgl0484,nan,,,R,no,ChIP-seq (Internal Fused Prior),,Lab_Internal_ChIPseq,0.95,HIGH,ATCC13032_sample_Cgl2394,ATCC13032
cg2946,Cgl2661,nan,Dual,cg0580,Cgl0492,nan,,,R,no,ChIP-seq (Internal Fused Prior),,Lab_Internal_ChIPseq,0.95,HIGH,ATCC13032_sample_Cgl2661,ATCC13032
cg3352,Cgl3024,genR(nagR),Dual,cg0580,Cgl0492,nan,,,R,no,ChIP-seq (Internal Fused Prior),,Lab_Internal_ChIPseq,0.95,HIGH,ATCC13032_sample_Cgl3024,ATCC13032
cg0484,Cgl0404,cgtR4,Dual,cg0588,Cgl0499,nan,,,A,no,ChIP-seq (Internal Fused Prior),,Lab_Internal_ChIPseq,0.95,HIGH,ATCC13032_sample_Cgl0404,ATCC13032
cg0527,Cgl0445,glyR,Dual,cg0588,Cgl0499,nan,,,A,no,ChIP-seq (Internal Fused Prior),,Lab_Internal_ChIPseq,0.95,HIGH,ATCC13032_sample_Cgl0445,ATCC13032
cg2200,Cgl2009,cgtR8,Dual,cg0588,Cgl0499,nan,,,R,no,ChIP-seq (Internal Fused Prior),,Lab_Internal_ChIPseq,0.95,HIGH,ATCC13032_sample_Cgl2009,ATCC13032
cg2268,Cgl2068,nan,Dual,cg0588,Cgl0499,nan,,,A,no,ChIP-seq (Internal Fused Prior),,Lab_Internal_ChIPseq,0.95,HIGH,ATCC13032_sample_Cgl2068,ATCC13032
cg0156,Cgl0121,cysR,Dual,cg0591,Cgl0502,nan,,,R,no,ChIP-seq (Internal Fused Prior),,Lab_Internal_ChIPseq,0.95,HIGH,ATCC13032_sample_Cgl0121,ATCC13032
cg2200,Cgl2009,cgtR8,Dual,cg0592,Cgl0503,nan,,,R,no,ChIP-seq (Internal Fused Prior),,Lab_Internal_ChIPseq,0.95,HIGH,ATCC13032_sample_Cgl2009,ATCC13032
cg2378,Cgl2167,mraZ,Dual,cg0592,Cgl0503,nan,,,R,no,ChIP-seq (Internal Fused Prior),,Lab_Internal_ChIPseq,0.95,HIGH,ATCC13032_sample_Cgl2167,ATCC13032
cg2268,Cgl2068,nan,Dual,cg0612,Cgl0525,dkg,,,R,no,ChIP-seq (Internal Fused Prior),,Lab_Internal_ChIPseq,0.95,HIGH,ATCC13032_sample_Cgl2068,ATCC13032
cg2888,Cgl2607,cgtR3(phoR),Dual,cg0612,Cgl0525,dkg,,,R,no,ChIP-seq (Internal Fused Prior),,Lab_Internal_ChIPseq,0.95,HIGH,ATCC13032_sample_Cgl2607,ATCC13032
cg0001,Cgl0001,dnaA,Dual,cg0623,Cgl0533,nan,,,R,no,ChIP-seq (Internal Fused Prior),,Lab_Internal_ChIPseq,0.95,HIGH,ATCC13032_sample_Cgl0001,ATCC13032
cg0001,Cgl0001,dnaA,Dual,cg0624,Cgl0534,nan,,,R,no,ChIP-seq (Internal Fused Prior),,Lab_Internal_ChIPseq,0.95,HIGH,ATCC13032_sample_Cgl0001,ATCC13032
cg0001,Cgl0001,dnaA,Dual,cg0625,Cgl0535,nan,,,R,no,ChIP-seq (Internal Fused Prior),,Lab_Internal_ChIPseq,0.95,HIGH,ATCC13032_sample_Cgl0001,ATCC13032
cg3239,Cgl2928,nan,Dual,cg0636,Cgl0545,nan,,,R,no,ChIP-seq (Internal Fused Prior),,Lab_Internal_ChIPseq,0.95,HIGH,ATCC13032_sample_Cgl2928,ATCC13032
A4b,,A4b,Dual,cg0647,Cgl0555,secY,,,R,no,ChIP-seq (Internal Fused Prior),,Lab_Internal_ChIPseq,0.95,HIGH,ATCC13032_sample_A4b,ATCC13032
cg0337,Cgl0279,whiB4(whcA),Dual,cg0647,Cgl0555,secY,,,A,no,ChIP-seq (Internal Fused Prior),,Lab_Internal_ChIPseq,0.95,HIGH,ATCC13032_sample_Cgl0279,ATCC13032
cg2102,Cgl1919,sigB,Dual,cg0647,Cgl0555,secY,,,A,no,ChIP-seq (Internal Fused Prior),,Lab_Internal_ChIPseq,0.95,HIGH,ATCC13032_sample_Cgl1919,ATCC13032
cg2946,Cgl2661,nan,Dual,cg0647,Cgl0555,secY,,,A,no,ChIP-seq (Internal Fused Prior),,Lab_Internal_ChIPseq,0.95,HIGH,ATCC13032_sample_Cgl2661,ATCC13032
A2b,,A2b,Dual,cg0655,Cgl0564,rpoA,,,R,no,ChIP-seq (Internal Fused Prior),,Lab_Internal_ChIPseq,0.95,HIGH,ATCC13032_sample_A2b,ATCC13032
cg0492,Cgl0411,nan,Dual,cg0664,Cgl0574,nan,,,R,no,ChIP-seq (Internal Fused Prior),,Lab_Internal_ChIPseq,0.95,HIGH,ATCC13032_sample_Cgl0411,ATCC13032
cg3384,Cgl3055,nan,Dual,cg0680,Cgl0587,nan,,,R,no,ChIP-seq (Internal Fused Prior),,Lab_Internal_ChIPseq,0.95,HIGH,ATCC13032_sample_Cgl3055,ATCC13032
cg3352,Cgl3024,genR(nagR),Dual,cg0682,Cgl0589,nan,,,R,no,ChIP-seq (Internal Fused Prior),,Lab_Internal_ChIPseq,0.95,HIGH,ATCC13032_sample_Cgl3024,ATCC13032
cg1119,Cgl0981,nan,Dual,cg0683,Cgl0590,nan,,,A,no,ChIP-seq (Internal Fused Prior),,Lab_Internal_ChIPseq,0.95,HIGH,ATCC13032_sample_Cgl0981,ATCC13032
cg1935,Cgl1718,gntR2,Dual,cg0688,Cgl0595,nan,,,A,no,ChIP-seq (Internal Fused Prior),,Lab_Internal_ChIPseq,0.95,HIGH,ATCC13032_sample_Cgl1718,ATCC13032
cg2648,Cgl2415,nan,Dual,cg0688,Cgl0595,nan,,,A,no,ChIP-seq (Internal Fused Prior),,Lab_Internal_ChIPseq,0.95,HIGH,ATCC13032_sample_Cgl2415,ATCC13032
cg2527,Cgl2527,cg2527,Dual,cg0688,Cgl0595,nan,,,A,no,ChIP-seq (Internal Fused Prior),,Lab_Internal_ChIPseq,0.95,HIGH,ATCC13032_sample_Cgl2527,ATCC13032
cg3247,Cgl2935,cgtR11(hrrA),Dual,cg0688,Cgl0595,nan,,,A,no,ChIP-seq (Internal Fused Prior),,Lab_Internal_ChIPseq,0.95,HIGH,ATCC13032_sample_Cgl2935,ATCC13032
cg2516,Cgl2291,hrcA,Dual,cg0695,Cgl0599,whiB3,,,R,no,ChIP-seq (Internal Fused Prior),,Lab_Internal_ChIPseq,0.95,HIGH,ATCC13032_sample_Cgl2291,ATCC13032
A2b,,A2b,Dual,cg0698,Cgl0602,nan,,,R,no,ChIP-seq (Internal Fused Prior),,Lab_Internal_ChIPseq,0.95,HIGH,ATCC13032_sample_A2b,ATCC13032
cg1053,Cgl0923,nan,Dual,cg0700,Cgl0604,guaB3,,,R,no,ChIP-seq (Internal Fused Prior),,Lab_Internal_ChIPseq,0.95,HIGH,ATCC13032_sample_Cgl0923,ATCC13032
cg2648,Cgl2415,nan,Dual,cg0725,Cgl0627,crtR,,,R,no,ChIP-seq (Internal Fused Prior),,Lab_Internal_ChIPseq,0.95,HIGH,ATCC13032_sample_Cgl2415,ATCC13032
cg0877,,cg0877,Dual,cg0726,Cgl0628,nan,,,R,no,ChIP-seq (Internal Fused Prior),,Lab_Internal_ChIPseq,0.95,HIGH,ATCC13032_sample_Cg0877,ATCC13032
cg0069,Cgl0069,cg0069,Dual,cg0726,Cgl0628,nan,,,R,no,ChIP-seq (Internal Fused Prior),,Lab_Internal_ChIPseq,0.95,HIGH,ATCC13032_sample_Cgl0069,ATCC13032
cg0695,Cgl0599,whiB3,Dual,cg0726,Cgl0628,nan,,,A,no,ChIP-seq (Internal Fused Prior),,Lab_Internal_ChIPseq,0.95,HIGH,ATCC13032_sample_Cgl0599,ATCC13032
cg0737,Cgl0637,nan,Dual,cg0726,Cgl0628,nan,,,A,no,ChIP-seq (Internal Fused Prior),,Lab_Internal_ChIPseq,0.95,HIGH,ATCC13032_sample_Cgl0637,ATCC13032
cg0741,Cgl0641,sirR(mntR),Dual,cg0726,Cgl0628,nan,,,A,no,ChIP-seq (Internal Fused Prior),,Lab_Internal_ChIPseq,0.95,HIGH,ATCC13032_sample_Cgl0641,ATCC13032
cg0800,Cgl0698,prpR,Dual,cg0726,Cgl0628,nan,,,A,no,ChIP-seq (Internal Fused Prior),,Lab_Internal_ChIPseq,0.95,HIGH,ATCC13032_sample_Cgl0698,ATCC13032
cg0850,Cgl0743,whiB2(whcD),Dual,cg0726,Cgl0628,nan,,,R,no,ChIP-seq (Internal Fused Prior),,Lab_Internal_ChIPseq,0.95,HIGH,ATCC13032_sample_Cgl0743,ATCC13032
cg0878,Cgl0768,whiB1(whcE),Dual,cg0726,Cgl0628,nan,,,R,no,ChIP-seq (Internal Fused Prior),,Lab_Internal_ChIPseq,0.95,HIGH,ATCC13032_sample_Cgl0768,ATCC13032
cg0897,Cgl0787,pdxR,Dual,cg0726,Cgl0628,nan,,,R,no,ChIP-seq (Internal Fused Prior),,Lab_Internal_ChIPseq,0.95,HIGH,ATCC13032_sample_Cgl0787,ATCC13032
cg1585,Cgl1399,argR,Dual,cg0726,Cgl0628,nan,,,R,no,ChIP-seq (Internal Fused Prior),,Lab_Internal_ChIPseq,0.95,HIGH,ATCC13032_sample_Cgl1399,ATCC13032
cg1935,Cgl1718,gntR2,Dual,cg0726,Cgl0628,nan,,,R,no,ChIP-seq (Internal Fused Prior),,Lab_Internal_ChIPseq,0.95,HIGH,ATCC13032_sample_Cgl1718,ATCC13032
cg2502,Cgl2280,fur,Dual,cg0726,Cgl0628,nan,,,R,no,ChIP-seq (Internal Fused Prior),,Lab_Internal_ChIPseq,0.95,HIGH,ATCC13032_sample_Cgl2280,ATCC13032
cg3001,Cgl2711,cosR,Dual,cg0726,Cgl0628,nan,,,R,no,ChIP-seq (Internal Fused Prior),,Lab_Internal_ChIPseq,0.95,HIGH,ATCC13032_sample_Cgl2711,ATCC13032
cg9768,Cgl9768,cg9768,Dual,cg0726,Cgl0628,nan,,,R,no,ChIP-seq (Internal Fused Prior),,Lab_Internal_ChIPseq,0.95,HIGH,ATCC13032_sample_Cgl9768,ATCC13032
cg1068,Cgl0936,fur,Dual,cg0726,Cgl0628,nan,,,R,no,ChIP-seq (Internal Fused Prior),,Lab_Internal_ChIPseq,0.95,HIGH,ATCC13032_sample_FurH,ATCC13032
cg1068,Cgl0936,fur,Dual,cg0726,Cgl0628,nan,,,R,no,ChIP-seq (Internal Fused Prior),,Lab_Internal_ChIPseq,0.95,HIGH,ATCC13032_sample_FurHpl5,ATCC13032
cg1068,Cgl0936,fur,Dual,cg0726,Cgl0628,nan,,,R,no,ChIP-seq (Internal Fused Prior),,Lab_Internal_ChIPseq,0.95,HIGH,ATCC13032_sample_FurHpl6,ATCC13032
cg1068,Cgl0936,fur,Dual,cg0726,Cgl0628,nan,,,R,no,ChIP-seq (Internal Fused Prior),,Lab_Internal_ChIPseq,0.95,HIGH,ATCC13032_sample_FurHpl7,ATCC13032
cg1068,Cgl0936,fur,Dual,cg0726,Cgl0628,nan,,,R,no,ChIP-seq (Internal Fused Prior),,Lab_Internal_ChIPseq,0.95,HIGH,ATCC13032_sample_Furpl10,ATCC13032
cg0444,Cgl0369,ramB,Dual,cg0727,Cgl0629,nan,,,R,no,ChIP-seq (Internal Fused Prior),,Lab_Internal_ChIPseq,0.95,HIGH,ATCC13032_sample_Cgl0369,ATCC13032
cg0719,Cgl0622,crtYe,Dual,cg0727,Cgl0629,nan,,,R,no,ChIP-seq (Internal Fused Prior),,Lab_Internal_ChIPseq,0.95,HIGH,ATCC13032_sample_Cgl0622,ATCC13032
cg0737,Cgl0637,nan,Dual,cg0727,Cgl0629,nan,,,A,no,ChIP-seq (Internal Fused Prior),,Lab_Internal_ChIPseq,0.95,HIGH,ATCC13032_sample_Cgl0637,ATCC13032
cg0787,Cgl0685,nan,Dual,cg0727,Cgl0629,nan,,,R,no,ChIP-seq (Internal Fused Prior),,Lab_Internal_ChIPseq,0.95,HIGH,ATCC13032_sample_Cgl0685,ATCC13032
cg0800,Cgl0698,prpR,Dual,cg0727,Cgl0629,nan,,,A,no,ChIP-seq (Internal Fused Prior),,Lab_Internal_ChIPseq,0.95,HIGH,ATCC13032_sample_Cgl0698,ATCC13032
cg2648,Cgl2415,nan,Dual,cg0727,Cgl0629,nan,,,R,no,ChIP-seq (Internal Fused Prior),,Lab_Internal_ChIPseq,0.95,HIGH,ATCC13032_sample_Cgl2415,ATCC13032
cg3239,Cgl2928,nan,Dual,cg0727,Cgl0629,nan,,,R,no,ChIP-seq (Internal Fused Prior),,Lab_Internal_ChIPseq,0.95,HIGH,ATCC13032_sample_Cgl2928,ATCC13032
cg2686,Cgl2445,nan,Dual,cg0728,Cgl0630,phr,,,R,no,ChIP-seq (Internal Fused Prior),,Lab_Internal_ChIPseq,0.95,HIGH,ATCC13032_sample_Cgl2445,ATCC13032
cg2651,Cgl2418,nan,Dual,cg0749,Cgl0647,spoU,,,A,no,ChIP-seq (Internal Fused Prior),,Lab_Internal_ChIPseq,0.95,HIGH,ATCC13032_sample_Cgl2418,ATCC13032
cg0146,Cgl0111,atlR,Dual,cg0750,Cgl0648,folD,,,A,no,ChIP-seq (Internal Fused Prior),,Lab_Internal_ChIPseq,0.95,HIGH,ATCC13032_sample_Cgl0111,ATCC13032
cg2651,Cgl2418,nan,Dual,cg0750,Cgl0648,folD,,,R,no,ChIP-seq (Internal Fused Prior),,Lab_Internal_ChIPseq,0.95,HIGH,ATCC13032_sample_Cgl2418,ATCC13032
cg2268,Cgl2068,nan,Dual,cg0753,Cgl0651,nan,,,A,no,ChIP-seq (Internal Fused Prior),,Lab_Internal_ChIPseq,0.95,HIGH,ATCC13032_sample_Cgl2068,ATCC13032
cg3253,Cgl2941,mcbR,Dual,cg0755,Cgl0653,metY,,,R,no,ChIP-seq (Internal Fused Prior),,Lab_Internal_ChIPseq,0.95,HIGH,ATCC13032_sample_Cgl2941,ATCC13032
cg0800,Cgl0698,prpR,Dual,cg0765,Cgl0663,nan,,,A,no,ChIP-seq (Internal Fused Prior),,Lab_Internal_ChIPseq,0.95,HIGH,ATCC13032_sample_Cgl0698,ATCC13032
cg2831,Cgl2560,ramA,Dual,cg0782,Cgl0680,dac,,,A,no,ChIP-seq (Internal Fused Prior),,Lab_Internal_ChIPseq,0.95,HIGH,ATCC13032_sample_Cgl2560,ATCC13032
nan,Cgl1930,nan,Dual,cg0783,Cgl0681,nan,,,R,no,ChIP-seq (Internal Fused Prior),,Lab_Internal_ChIPseq,0.95,HIGH,ATCC13032_sample_Cgl1930,ATCC13032
cg2200,Cgl2009,cgtR8,Dual,cg0790,Cgl0688,lpdA,,,R,no,ChIP-seq (Internal Fused Prior),,Lab_Internal_ChIPseq,0.95,HIGH,ATCC13032_sample_Cgl2009,ATCC13032
nan,Cgl1930,nan,Dual,cg0791,Cgl0689,pyc,,,A,no,ChIP-seq (Internal Fused Prior),,Lab_Internal_ChIPseq,0.95,HIGH,ATCC13032_sample_Cgl1930,ATCC13032
cg2502,Cgl2280,fur,Dual,cg0794,Cgl0692,nan,,,R,no,ChIP-seq (Internal Fused Prior),,Lab_Internal_ChIPseq,0.95,HIGH,ATCC13032_sample_Cgl2280,ATCC13032
cg2502,Cgl2280,fur,Dual,cg0795,Cgl0693,nan,,,R,no,ChIP-seq (Internal Fused Prior),,Lab_Internal_ChIPseq,0.95,HIGH,ATCC13032_sample_Cgl2280,ATCC13032
A3b,,A3b,Dual,cg0806,Cgl0702,nan,,,R,no,ChIP-seq (Internal Fused Prior),,Lab_Internal_ChIPseq,0.95,HIGH,ATCC13032_sample_A3b,ATCC13032
cg3261,Cgl2947,nan,Dual,cg0823,Cgl0717,ntaA,,,A,no,ChIP-seq (Internal Fused Prior),,Lab_Internal_ChIPseq,0.95,HIGH,ATCC13032_sample_Cgl2947,ATCC13032
cg0444,Cgl0369,ramB,Dual,cg0830,Cgl0723,nan,,,R,no,ChIP-seq (Internal Fused Prior),,Lab_Internal_ChIPseq,0.95,HIGH,ATCC13032_sample_Cgl0369,ATCC13032
cg0444,Cgl0369,ramB,Dual,cg0831,Cgl0724,nan,,,R,no,ChIP-seq (Internal Fused Prior),,Lab_Internal_ChIPseq,0.95,HIGH,ATCC13032_sample_Cgl0369,ATCC13032
cg0444,Cgl0369,ramB,Dual,cg0832,Cgl0725,nan,,,R,no,ChIP-seq (Internal Fused Prior),,Lab_Internal_ChIPseq,0.95,HIGH,ATCC13032_sample_Cgl0369,ATCC13032
cg3261,Cgl2947,nan,Dual,cg0835,Cgl0729,msiK2,,,R,no,ChIP-seq (Internal Fused Prior),,Lab_Internal_ChIPseq,0.95,HIGH,ATCC13032_sample_Cgl2947,ATCC13032
cg2109,Cgl1925,oxyR,Dual,cg0840,Cgl0733,nan,,,A,no,ChIP-seq (Internal Fused Prior),,Lab_Internal_ChIPseq,0.95,HIGH,ATCC13032_sample_Cgl1925,ATCC13032
cg2268,Cgl2068,nan,Dual,cg0841,Cgl0734,nan,,,R,no,ChIP-seq (Internal Fused Prior),,Lab_Internal_ChIPseq,0.95,HIGH,ATCC13032_sample_Cgl2068,ATCC13032
cg2314,Cgl2111,nan,Dual,cg0841,Cgl0734,nan,,,R,no,ChIP-seq (Internal Fused Prior),,Lab_Internal_ChIPseq,0.95,HIGH,ATCC13032_sample_Cgl2111,ATCC13032
cg2648,Cgl2415,nan,Dual,cg0841,Cgl0734,nan,,,R,no,ChIP-seq (Internal Fused Prior),,Lab_Internal_ChIPseq,0.95,HIGH,ATCC13032_sample_Cgl2415,ATCC13032
cg3261,Cgl2947,nan,Dual,cg0849,Cgl0742,rmlA2,,,A,no,ChIP-seq (Internal Fused Prior),,Lab_Internal_ChIPseq,0.95,HIGH,ATCC13032_sample_Cgl2947,ATCC13032
cg2260,Cgl2060,glnK,Dual,cg0853,Cgl0745,nan,,,A,no,ChIP-seq (Internal Fused Prior),,Lab_Internal_ChIPseq,0.95,HIGH,ATCC13032_sample_Cgl2060,ATCC13032
cg2260,Cgl2060,glnK,Dual,cg0855,Cgl0747,nan,,,R,no,ChIP-seq (Internal Fused Prior),,Lab_Internal_ChIPseq,0.95,HIGH,ATCC13032_sample_Cgl2060,ATCC13032
cg3384,Cgl3055,nan,Dual,cg0867,Cgl0759,nan,,,R,no,ChIP-seq (Internal Fused Prior),,Lab_Internal_ChIPseq,0.95,HIGH,ATCC13032_sample_Cgl3055,ATCC13032
cg3239,Cgl2928,nan,Dual,cg0875,Cgl0766,nan,,,A,no,ChIP-seq (Internal Fused Prior),,Lab_Internal_ChIPseq,0.95,HIGH,ATCC13032_sample_Cgl2928,ATCC13032
cg2942,Cgl2657,nan,Dual,cg0876,Cgl0767,sigH,,,R,no,ChIP-seq (Internal Fused Prior),,Lab_Internal_ChIPseq,0.95,HIGH,ATCC13032_sample_Cgl2657,ATCC13032
cg3239,Cgl2928,nan,Dual,cg0876,Cgl0767,sigH,,,R,no,ChIP-seq (Internal Fused Prior),,Lab_Internal_ChIPseq,0.95,HIGH,ATCC13032_sample_Cgl2928,ATCC13032
nan,Cgl1930,nan,Dual,cg0878,Cgl0768,whiB1(whcE),,,R,no,ChIP-seq (Internal Fused Prior),,Lab_Internal_ChIPseq,0.95,HIGH,ATCC13032_sample_Cgl1930,ATCC13032
cg2831,Cgl2560,ramA,Dual,cg0878,Cgl0768,whiB1(whcE),,,R,no,ChIP-seq (Internal Fused Prior),,Lab_Internal_ChIPseq,0.95,HIGH,ATCC13032_sample_Cgl2560,ATCC13032
cg0001,Cgl0001,dnaA,Dual,cg0879,Cgl0769,nan,,,R,no,ChIP-seq (Internal Fused Prior),,Lab_Internal_ChIPseq,0.95,HIGH,ATCC13032_sample_Cgl0001,ATCC13032
cg0725,Cgl0627,crtR,Dual,cg0879,Cgl0769,nan,,,R,no,ChIP-seq (Internal Fused Prior),,Lab_Internal_ChIPseq,0.95,HIGH,ATCC13032_sample_Cgl0627,ATCC13032
cg0876,Cgl0767,sigH,Dual,cg0879,Cgl0769,nan,,,R,no,ChIP-seq (Internal Fused Prior),,Lab_Internal_ChIPseq,0.95,HIGH,ATCC13032_sample_Cgl0767,ATCC13032
cg2942,Cgl2657,nan,Dual,cg0879,Cgl0769,nan,,,R,no,ChIP-seq (Internal Fused Prior),,Lab_Internal_ChIPseq,0.95,HIGH,ATCC13032_sample_Cgl2657,ATCC13032
cg2942,Cgl2657,nan,Dual,cg0890,Cgl0781,nan,,,R,no,ChIP-seq (Internal Fused Prior),,Lab_Internal_ChIPseq,0.95,HIGH,ATCC13032_sample_Cgl2657,ATCC13032
cg0350,Cgl0291,glxR,Dual,cg0902,Cgl0792,nan,,,R,no,ChIP-seq (Internal Fused Prior),,Lab_Internal_ChIPseq,0.95,HIGH,ATCC13032_sample_Cgl0291,ATCC13032
cg0527,Cgl0445,glyR,Dual,cg0902,Cgl0792,nan,,,R,no,ChIP-seq (Internal Fused Prior),,Lab_Internal_ChIPseq,0.95,HIGH,ATCC13032_sample_Cgl0445,ATCC13032
cg0725,Cgl0627,crtR,Dual,cg0902,Cgl0792,nan,,,R,no,ChIP-seq (Internal Fused Prior),,Lab_Internal_ChIPseq,0.95,HIGH,ATCC13032_sample_Cgl0627,ATCC13032
cg2200,Cgl2009,cgtR8,Dual,cg0902,Cgl0792,nan,,,A,no,ChIP-seq (Internal Fused Prior),,Lab_Internal_ChIPseq,0.95,HIGH,ATCC13032_sample_Cgl2009,ATCC13032
cg2268,Cgl2068,nan,Dual,cg0902,Cgl0792,nan,,,R,no,ChIP-seq (Internal Fused Prior),,Lab_Internal_ChIPseq,0.95,HIGH,ATCC13032_sample_Cgl2068,ATCC13032
cg2378,Cgl2167,mraZ,Dual,cg0902,Cgl0792,nan,,,A,no,ChIP-seq (Internal Fused Prior),,Lab_Internal_ChIPseq,0.95,HIGH,ATCC13032_sample_Cgl2167,ATCC13032
cg2831,Cgl2560,ramA,Dual,cg0902,Cgl0792,nan,,,R,no,ChIP-seq (Internal Fused Prior),,Lab_Internal_ChIPseq,0.95,HIGH,ATCC13032_sample_Cgl2560,ATCC13032
cg2942,Cgl2657,nan,Dual,cg0902,Cgl0792,nan,,,R,no,ChIP-seq (Internal Fused Prior),,Lab_Internal_ChIPseq,0.95,HIGH,ATCC13032_sample_Cgl2657,ATCC13032
cg3247,Cgl2935,cgtR11(hrrA),Dual,cg0902,Cgl0792,nan,,,R,no,ChIP-seq (Internal Fused Prior),,Lab_Internal_ChIPseq,0.95,HIGH,ATCC13032_sample_Cgl2935,ATCC13032
cg2651,Cgl2418,nan,Dual,cg0906,Cgl0795,nan,,,R,no,ChIP-seq (Internal Fused Prior),,Lab_Internal_ChIPseq,0.95,HIGH,ATCC13032_sample_Cgl2418,ATCC13032
cg2888,Cgl2607,cgtR3(phoR),Dual,cg0906,Cgl0795,nan,,,R,no,ChIP-seq (Internal Fused Prior),,Lab_Internal_ChIPseq,0.95,HIGH,ATCC13032_sample_Cgl2607,ATCC13032
A2b,,A2b,Dual,cg0908,Cgl0796,nan,,,R,no,ChIP-seq (Internal Fused Prior),,Lab_Internal_ChIPseq,0.95,HIGH,ATCC13032_sample_A2b,ATCC13032
cg2200,Cgl2009,cgtR8,Dual,cg0908,Cgl0796,nan,,,R,no,ChIP-seq (Internal Fused Prior),,Lab_Internal_ChIPseq,0.95,HIGH,ATCC13032_sample_Cgl2009,ATCC13032
cg2378,Cgl2167,mraZ,Dual,cg0908,Cgl0796,nan,,,R,no,ChIP-seq (Internal Fused Prior),,Lab_Internal_ChIPseq,0.95,HIGH,ATCC13032_sample_Cgl2167,ATCC13032
A3a,,A3a,Dual,cg0931,Cgl0814,nan,,,R,no,ChIP-seq (Internal Fused Prior),,Lab_Internal_ChIPseq,0.95,HIGH,ATCC13032_sample_A3a,ATCC13032
cg0436,Cgl0395,amtR,Dual,cg0931,Cgl0814,nan,,,R,no,ChIP-seq (Internal Fused Prior),,Lab_Internal_ChIPseq,0.95,HIGH,ATCC13032_sample_AmtRpl7,ATCC13032
cg0012,Cgl0010,ssuR,Dual,cg0931,Cgl0814,nan,,,R,no,ChIP-seq (Internal Fused Prior),,Lab_Internal_ChIPseq,0.95,HIGH,ATCC13032_sample_Cgl0010,ATCC13032
cg0051,Cgl0037,nan,Dual,cg0931,Cgl0814,nan,,,R,no,ChIP-seq (Internal Fused Prior),,Lab_Internal_ChIPseq,0.95,HIGH,ATCC13032_sample_Cgl0037,ATCC13032
cg0702,Cgl0606,nan,Dual,cg0931,Cgl0814,nan,,,R,no,ChIP-seq (Internal Fused Prior),,Lab_Internal_ChIPseq,0.95,HIGH,ATCC13032_sample_Cgl0606,ATCC13032
cg1327,Cgl1174,nan,Dual,cg0931,Cgl0814,nan,,,R,no,ChIP-seq (Internal Fused Prior),,Lab_Internal_ChIPseq,0.95,HIGH,ATCC13032_sample_Cgl1174,ATCC13032
cg1763,Cgl1563,sufD,Dual,cg0931,Cgl0814,nan,,,R,no,ChIP-seq (Internal Fused Prior),,Lab_Internal_ChIPseq,0.95,HIGH,ATCC13032_sample_Cgl1563,ATCC13032
cg2091,Cgl1910,ppgK,Dual,cg0931,Cgl0814,nan,,,R,no,ChIP-seq (Internal Fused Prior),,Lab_Internal_ChIPseq,0.95,HIGH,ATCC13032_sample_Cgl1910,ATCC13032
cg2103,Cgl1920,dtxR,Dual,cg0931,Cgl0814,nan,,,R,no,ChIP-seq (Internal Fused Prior),,Lab_Internal_ChIPseq,0.95,HIGH,ATCC13032_sample_Cgl1920,ATCC13032
nan,Cgl1930,nan,Dual,cg0931,Cgl0814,nan,,,A,no,ChIP-seq (Internal Fused Prior),,Lab_Internal_ChIPseq,0.95,HIGH,ATCC13032_sample_Cgl1930,ATCC13032
cg2200,Cgl2009,cgtR8,Dual,cg0931,Cgl0814,nan,,,R,no,ChIP-seq (Internal Fused Prior),,Lab_Internal_ChIPseq,0.95,HIGH,ATCC13032_sample_Cgl2009,ATCC13032
cg2378,Cgl2167,mraZ,Dual,cg0931,Cgl0814,nan,,,R,no,ChIP-seq (Internal Fused Prior),,Lab_Internal_ChIPseq,0.95,HIGH,ATCC13032_sample_Cgl2167,ATCC13032
cg2766,Cgl2511,nan,Dual,cg0931,Cgl0814,nan,,,R,no,ChIP-seq (Internal Fused Prior),,Lab_Internal_ChIPseq,0.95,HIGH,ATCC13032_sample_Cgl2511,ATCC13032
cg2899,Cgl2616,nan,Dual,cg0931,Cgl0814,nan,,,R,no,ChIP-seq (Internal Fused Prior),,Lab_Internal_ChIPseq,0.95,HIGH,ATCC13032_sample_Cgl2616,ATCC13032
cg2947,Cgl2662,cgtR5,Dual,cg0931,Cgl0814,nan,,,R,no,ChIP-seq (Internal Fused Prior),,Lab_Internal_ChIPseq,0.95,HIGH,ATCC13032_sample_Cgl2662,ATCC13032
cg3087,Cgl2787,nan,Dual,cg0931,Cgl0814,nan,,,R,no,ChIP-seq (Internal Fused Prior),,Lab_Internal_ChIPseq,0.95,HIGH,ATCC13032_sample_Cgl2787,ATCC13032
cg3253,Cgl2941,mcbR,Dual,cg0931,Cgl0814,nan,,,R,no,ChIP-seq (Internal Fused Prior),,Lab_Internal_ChIPseq,0.95,HIGH,ATCC13032_sample_Cgl2941,ATCC13032
cg3373,Cgl3044,nan,Dual,cg0931,Cgl0814,nan,,,R,no,ChIP-seq (Internal Fused Prior),,Lab_Internal_ChIPseq,0.95,HIGH,ATCC13032_sample_Cgl3044,ATCC13032
cg3414,Cgl3084,nan,Dual,cg0931,Cgl0814,nan,,,R,no,ChIP-seq (Internal Fused Prior),,Lab_Internal_ChIPseq,0.95,HIGH,ATCC13032_sample_Cgl3084,ATCC13032
cg1068,Cgl0936,spiA,Dual,cg0931,Cgl0814,nan,,,R,no,ChIP-seq (Internal Fused Prior),,Lab_Internal_ChIPseq,0.95,HIGH,ATCC13032_sample_cg1068,ATCC13032
cg2378,Cgl2167,mraZ,Dual,cg0938,Cgl0820,nan,,,A,no,ChIP-seq (Internal Fused Prior),,Lab_Internal_ChIPseq,0.95,HIGH,ATCC13032_sample_Cgl2167,ATCC13032
cg0527,Cgl0445,glyR,Dual,cg0950,Cgl0830,fkpA,,,A,no,ChIP-seq (Internal Fused Prior),,Lab_Internal_ChIPseq,0.95,HIGH,ATCC13032_sample_Cgl0445,ATCC13032
cg2115,Cgl1931,sugR,Dual,cg0950,Cgl0830,fkpA,,,A,no,ChIP-seq (Internal Fused Prior),,Lab_Internal_ChIPseq,0.95,HIGH,ATCC13032_sample_Cgl1931,ATCC13032
cg2831,Cgl2560,ramA,Dual,cg0950,Cgl0830,fkpA,,,A,no,ChIP-seq (Internal Fused Prior),,Lab_Internal_ChIPseq,0.95,HIGH,ATCC13032_sample_Cgl2560,ATCC13032
cg3352,Cgl3024,genR(nagR),Dual,cg0950,Cgl0830,fkpA,,,A,no,ChIP-seq (Internal Fused Prior),,Lab_Internal_ChIPseq,0.95,HIGH,ATCC13032_sample_Cgl3024,ATCC13032
cg3384,Cgl3055,nan,Dual,cg0955,Cgl0835,nan,,,R,no,ChIP-seq (Internal Fused Prior),,Lab_Internal_ChIPseq,0.95,HIGH,ATCC13032_sample_Cgl3055,ATCC13032
cg2946,Cgl2661,nan,Dual,cg0961,Cgl0839,nan,,,R,no,ChIP-seq (Internal Fused Prior),,Lab_Internal_ChIPseq,0.95,HIGH,ATCC13032_sample_Cgl2661,ATCC13032
cg0725,Cgl0627,crtR,Dual,cg0977,Cgl0855,nan,,,R,no,ChIP-seq (Internal Fused Prior),,Lab_Internal_ChIPseq,0.95,HIGH,ATCC13032_sample_Cgl0627,ATCC13032
cg0979,Cgl0857,nan,Dual,cg0977,Cgl0855,nan,,,R,no,ChIP-seq (Internal Fused Prior),,Lab_Internal_ChIPseq,0.95,HIGH,ATCC13032_sample_Cgl0857,ATCC13032
cg2268,Cgl2068,nan,Dual,cg0977,Cgl0855,nan,,,R,no,ChIP-seq (Internal Fused Prior),,Lab_Internal_ChIPseq,0.95,HIGH,ATCC13032_sample_Cgl2068,ATCC13032
cg2766,Cgl2511,nan,Dual,cg0977,Cgl0855,nan,,,R,no,ChIP-seq (Internal Fused Prior),,Lab_Internal_ChIPseq,0.95,HIGH,ATCC13032_sample_Cgl2511,ATCC13032
cg0725,Cgl0627,crtR,Dual,cg0978,Cgl0856,nan,,,R,no,ChIP-seq (Internal Fused Prior),,Lab_Internal_ChIPseq,0.95,HIGH,ATCC13032_sample_Cgl0627,ATCC13032
cg0979,Cgl0857,nan,Dual,cg0978,Cgl0856,nan,,,R,no,ChIP-seq (Internal Fused Prior),,Lab_Internal_ChIPseq,0.95,HIGH,ATCC13032_sample_Cgl0857,ATCC13032
cg2268,Cgl2068,nan,Dual,cg0978,Cgl0856,nan,,,R,no,ChIP-seq (Internal Fused Prior),,Lab_Internal_ChIPseq,0.95,HIGH,ATCC13032_sample_Cgl2068,ATCC13032
cg2766,Cgl2511,nan,Dual,cg0978,Cgl0856,nan,,,R,no,ChIP-seq (Internal Fused Prior),,Lab_Internal_ChIPseq,0.95,HIGH,ATCC13032_sample_Cgl2511,ATCC13032
cg0725,Cgl0627,crtR,Dual,cg0979,Cgl0857,nan,,,R,no,ChIP-seq (Internal Fused Prior),,Lab_Internal_ChIPseq,0.95,HIGH,ATCC13032_sample_Cgl0627,ATCC13032
cg0979,Cgl0857,nan,Dual,cg0979,Cgl0857,nan,,,R,no,ChIP-seq (Internal Fused Prior),,Lab_Internal_ChIPseq,0.95,HIGH,ATCC13032_sample_Cgl0857,ATCC13032
cg2268,Cgl2068,nan,Dual,cg0979,Cgl0857,nan,,,R,no,ChIP-seq (Internal Fused Prior),,Lab_Internal_ChIPseq,0.95,HIGH,ATCC13032_sample_Cgl2068,ATCC13032
cg2766,Cgl2511,nan,Dual,cg0979,Cgl0857,nan,,,R,no,ChIP-seq (Internal Fused Prior),,Lab_Internal_ChIPseq,0.95,HIGH,ATCC13032_sample_Cgl2511,ATCC13032
cg2040,Cgl1820,nan,Dual,cg0986,Cgl0863,amtR,,,A,no,ChIP-seq (Internal Fused Prior),,Lab_Internal_ChIPseq,0.95,HIGH,ATCC13032_sample_Cgl1820,ATCC13032
cg1738,Cgl1541,acnR,Dual,cg0997,Cgl0875,cgtS2,,,R,no,ChIP-seq (Internal Fused Prior),,Lab_Internal_ChIPseq,0.95,HIGH,ATCC13032_sample_Cgl1541,ATCC13032
A3b,,A3b,Dual,cg1001,Cgl0879,mscL,,,R,no,ChIP-seq (Internal Fused Prior),,Lab_Internal_ChIPseq,0.95,HIGH,ATCC13032_sample_A3b,ATCC13032
cg1846,Cgl1640,cssR,Dual,cg1019,Cgl0895,nan,,,R,no,ChIP-seq (Internal Fused Prior),,Lab_Internal_ChIPseq,0.95,HIGH,ATCC13032_sample_Cgl1640,ATCC13032
cg3261,Cgl2947,nan,Dual,cg1020,Cgl0896,nan,,,A,no,ChIP-seq (Internal Fused Prior),,Lab_Internal_ChIPseq,0.95,HIGH,ATCC13032_sample_Cgl2947,ATCC13032
cg2378,Cgl2167,mraZ,Dual,cg1021,Cgl0897,nan,,,R,no,ChIP-seq (Internal Fused Prior),,Lab_Internal_ChIPseq,0.95,HIGH,ATCC13032_sample_Cgl2167,ATCC13032
cg3384,Cgl3055,nan,Dual,cg1024,Cgl0900,tnp7a(ISCg7a),,,A,no,ChIP-seq (Internal Fused Prior),,Lab_Internal_ChIPseq,0.95,HIGH,ATCC13032_sample_Cgl3055,ATCC13032
cg0069,Cgl0069,cg0069,Dual,cg1032,Cgl0906,nan,,,A,no,ChIP-seq (Internal Fused Prior),,Lab_Internal_ChIPseq,0.95,HIGH,ATCC13032_sample_Cgl0069,ATCC13032
cg0527,Cgl0445,glyR,Dual,cg1032,Cgl0906,nan,,,A,no,ChIP-seq (Internal Fused Prior),,Lab_Internal_ChIPseq,0.95,HIGH,ATCC13032_sample_Cgl0445,ATCC13032
cg1032,Cgl0906,nan,Dual,cg1033,Cgl0907,nan,,,R,no,ChIP-seq (Internal Fused Prior),,Lab_Internal_ChIPseq,0.95,HIGH,ATCC13032_sample_Cgl0906,ATCC13032
cg0492,Cgl0411,nan,Dual,cg1048,Cgl0918,nan,,,A,no,ChIP-seq (Internal Fused Prior),,Lab_Internal_ChIPseq,0.95,HIGH,ATCC13032_sample_Cgl0411,ATCC13032
cg3384,Cgl3055,nan,Dual,cg1056,Cgl0926,nan,,,R,no,ChIP-seq (Internal Fused Prior),,Lab_Internal_ChIPseq,0.95,HIGH,ATCC13032_sample_Cgl3055,ATCC13032
cg0993,Cgl0871,nan,Dual,cg1097,Cgl0961,nan,,,R,no,ChIP-seq (Internal Fused Prior),,Lab_Internal_ChIPseq,0.95,HIGH,ATCC13032_sample_Cgl0871,ATCC13032
cg1053,Cgl0923,nan,Dual,cg1097,Cgl0961,nan,,,R,no,ChIP-seq (Internal Fused Prior),,Lab_Internal_ChIPseq,0.95,HIGH,ATCC13032_sample_Cgl0923,ATCC13032
cg2102,Cgl1919,sigB,Dual,cg1097,Cgl0961,nan,,,R,no,ChIP-seq (Internal Fused Prior),,Lab_Internal_ChIPseq,0.95,HIGH,ATCC13032_sample_Cgl1919,ATCC13032
cg2946,Cgl2661,nan,Dual,cg1097,Cgl0961,nan,,,R,no,ChIP-seq (Internal Fused Prior),,Lab_Internal_ChIPseq,0.95,HIGH,ATCC13032_sample_Cgl2661,ATCC13032
cg2268,Cgl2068,nan,Dual,cg1107,Cgl0970,nan,,,R,no,ChIP-seq (Internal Fused Prior),,Lab_Internal_ChIPseq,0.95,HIGH,ATCC13032_sample_Cgl2068,ATCC13032
A2b,,A2b,Dual,cg1108,Cgl0971,porC,,,A,no,ChIP-seq (Internal Fused Prior),,Lab_Internal_ChIPseq,0.95,HIGH,ATCC13032_sample_A2b,ATCC13032
cg2115,Cgl1931,sugR,Dual,cg1112,Cgl0975,nan,,,A,no,ChIP-seq (Internal Fused Prior),,Lab_Internal_ChIPseq,0.95,HIGH,ATCC13032_sample_Cgl1931,ATCC13032
cg2118,Cgl1934,fruR,Dual,cg1112,Cgl0975,nan,,,A,no,ChIP-seq (Internal Fused Prior),,Lab_Internal_ChIPseq,0.95,HIGH,ATCC13032_sample_Cgl1934,ATCC13032
cg2140,Cgl1954,recX,Dual,cg1112,Cgl0975,nan,,,A,no,ChIP-seq (Internal Fused Prior),,Lab_Internal_ChIPseq,0.95,HIGH,ATCC13032_sample_Cgl1954,ATCC13032
cg2152,Cgl1962,clgR,Dual,cg1112,Cgl0975,nan,,,A,no,ChIP-seq (Internal Fused Prior),,Lab_Internal_ChIPseq,0.95,HIGH,ATCC13032_sample_Cgl1962,ATCC13032
cg2242,Cgl2044,nan,Dual,cg1112,Cgl0975,nan,,,A,no,ChIP-seq (Internal Fused Prior),,Lab_Internal_ChIPseq,0.95,HIGH,ATCC13032_sample_Cgl2044,ATCC13032
cg2462,Cgl2244,nan,Dual,cg1112,Cgl0975,nan,,,A,no,ChIP-seq (Internal Fused Prior),,Lab_Internal_ChIPseq,0.95,HIGH,ATCC13032_sample_Cgl2244,ATCC13032
cg2831,Cgl2560,ramA,Dual,cg1112,Cgl0975,nan,,,A,no,ChIP-seq (Internal Fused Prior),,Lab_Internal_ChIPseq,0.95,HIGH,ATCC13032_sample_Cgl2560,ATCC13032
cg2378,Cgl2167,mraZ,Dual,cg1121,Cgl0983,nan,,,A,no,ChIP-seq (Internal Fused Prior),,Lab_Internal_ChIPseq,0.95,HIGH,ATCC13032_sample_Cgl2167,ATCC13032
cg0527,Cgl0445,glyR,Dual,cg1125,Cgl0987,nan,,,R,no,ChIP-seq (Internal Fused Prior),,Lab_Internal_ChIPseq,0.95,HIGH,ATCC13032_sample_Cgl0445,ATCC13032
cg2378,Cgl2167,mraZ,Dual,cg1125,Cgl0987,nan,,,R,no,ChIP-seq (Internal Fused Prior),,Lab_Internal_ChIPseq,0.95,HIGH,ATCC13032_sample_Cgl2167,ATCC13032
cg2648,Cgl2415,nan,Dual,cg1125,Cgl0987,nan,,,R,no,ChIP-seq (Internal Fused Prior),,Lab_Internal_ChIPseq,0.95,HIGH,ATCC13032_sample_Cgl2415,ATCC13032
A2b,,A2b,Dual,cg1129,Cgl0990,aroF,,,R,no,ChIP-seq (Internal Fused Prior),,Lab_Internal_ChIPseq,0.95,HIGH,ATCC13032_sample_A2b,ATCC13032
cg0492,Cgl0411,nan,Dual,cg1129,Cgl0990,aroF,,,R,no,ChIP-seq (Internal Fused Prior),,Lab_Internal_ChIPseq,0.95,HIGH,ATCC13032_sample_Cgl0411,ATCC13032
cg0702,Cgl0606,nan,Dual,cg1129,Cgl0990,aroF,,,R,no,ChIP-seq (Internal Fused Prior),,Lab_Internal_ChIPseq,0.95,HIGH,ATCC13032_sample_Cgl0606,ATCC13032
cg0876,Cgl0767,sigH,Dual,cg1129,Cgl0990,aroF,,,R,no,ChIP-seq (Internal Fused Prior),,Lab_Internal_ChIPseq,0.95,HIGH,ATCC13032_sample_Cgl0767,ATCC13032
cg0156,Cgl0121,cysR,Dual,cg1130,Cgl0991,uppS1,,,A,no,ChIP-seq (Internal Fused Prior),,Lab_Internal_ChIPseq,0.95,HIGH,ATCC13032_sample_Cgl0121,ATCC13032
cg3253,Cgl2941,mcbR,Dual,cg1144,Cgl1009,nan,,,R,no,ChIP-seq (Internal Fused Prior),,Lab_Internal_ChIPseq,0.95,HIGH,ATCC13032_sample_Cgl2941,ATCC13032
cg3261,Cgl2947,nan,Dual,cg1158,Cgl1020,nan,,,R,no,ChIP-seq (Internal Fused Prior),,Lab_Internal_ChIPseq,0.95,HIGH,ATCC13032_sample_Cgl2947,ATCC13032
cg1308,Cgl1157,rhcR,Dual,cg1159,Cgl1021,nan,,,R,no,ChIP-seq (Internal Fused Prior),,Lab_Internal_ChIPseq,0.95,HIGH,ATCC13032_sample_Cgl1157,ATCC13032
cg3230,Cgl2920,nan,Dual,cg1170,Cgl1031,cmt5,,,R,no,ChIP-seq (Internal Fused Prior),,Lab_Internal_ChIPseq,0.95,HIGH,ATCC13032_sample_Cgl2920,ATCC13032
cg3001,Cgl2711,cosR,Dual,cg1183,Cgl1041,nan,,,R,no,ChIP-seq (Internal Fused Prior),,Lab_Internal_ChIPseq,0.95,HIGH,ATCC13032_sample_Cgl2711,ATCC13032
cg1068,Cgl0936,fur,Dual,cg1183,Cgl1041,nan,,,R,no,ChIP-seq (Internal Fused Prior),,Lab_Internal_ChIPseq,0.95,HIGH,ATCC13032_sample_FurH,ATCC13032
cg1068,Cgl0936,fur,Dual,cg1183,Cgl1041,nan,,,R,no,ChIP-seq (Internal Fused Prior),,Lab_Internal_ChIPseq,0.95,HIGH,ATCC13032_sample_FurHpl7,ATCC13032
cg1410,Cgl1251,rbsR,Dual,cg1191,Cgl1047,nan,,,R,no,ChIP-seq (Internal Fused Prior),,Lab_Internal_ChIPseq,0.95,HIGH,ATCC13032_sample_Cgl1251,ATCC13032
cg1410,Cgl1251,rbsR,Dual,cg1192,Cgl1048,nan,,,R,no,ChIP-seq (Internal Fused Prior),,Lab_Internal_ChIPseq,0.95,HIGH,ATCC13032_sample_Cgl1251,ATCC13032
cg1410,Cgl1251,rbsR,Dual,cg1193,Cgl1049,nan,,,R,no,ChIP-seq (Internal Fused Prior),,Lab_Internal_ChIPseq,0.95,HIGH,ATCC13032_sample_Cgl1251,ATCC13032
cg3384,Cgl3055,nan,Dual,cg1197,Cgl1052,nan,,,A,no,ChIP-seq (Internal Fused Prior),,Lab_Internal_ChIPseq,0.95,HIGH,ATCC13032_sample_Cgl3055,ATCC13032
A2b,,A2b,Dual,cg1201,Cgl1055,nan,,,R,no,ChIP-seq (Internal Fused Prior),,Lab_Internal_ChIPseq,0.95,HIGH,ATCC13032_sample_A2b,ATCC13032
cg0725,Cgl0627,crtR,Dual,nan,Cgl1066,nan,,,R,no,ChIP-seq (Internal Fused Prior),,Lab_Internal_ChIPseq,0.95,HIGH,ATCC13032_sample_Cgl0627,ATCC13032
cg1211,Cgl1064,oasR,Dual,nan,Cgl1066,nan,,,R,no,ChIP-seq (Internal Fused Prior),,Lab_Internal_ChIPseq,0.95,HIGH,ATCC13032_sample_Cgl1064,ATCC13032
cg1218,Cgl1070,nrtR,Dual,nan,Cgl1066,nan,,,R,no,ChIP-seq (Internal Fused Prior),,Lab_Internal_ChIPseq,0.95,HIGH,ATCC13032_sample_Cgl1070,ATCC13032
cg1410,Cgl1251,rbsR,Dual,nan,Cgl1066,nan,,,R,no,ChIP-seq (Internal Fused Prior),,Lab_Internal_ChIPseq,0.95,HIGH,ATCC13032_sample_Cgl1251,ATCC13032
cg2314,Cgl2111,nan,Dual,nan,Cgl1066,nan,,,A,no,ChIP-seq (Internal Fused Prior),,Lab_Internal_ChIPseq,0.95,HIGH,ATCC13032_sample_Cgl2111,ATCC13032
cg3426,Cgl3094,parB,Dual,nan,Cgl1066,nan,,,R,no,ChIP-seq (Internal Fused Prior),,Lab_Internal_ChIPseq,0.95,HIGH,ATCC13032_sample_Cgl3094,ATCC13032
cg0436,Cgl0395,amtR,Dual,cg1224,Cgl1075,phnB2,,,R,no,ChIP-seq (Internal Fused Prior),,Lab_Internal_ChIPseq,0.95,HIGH,ATCC13032_sample_AmtRH,ATCC13032
cg0436,Cgl0395,amtR,Dual,cg1224,Cgl1075,phnB2,,,R,no,ChIP-seq (Internal Fused Prior),,Lab_Internal_ChIPseq,0.95,HIGH,ATCC13032_sample_AmtRpl5,ATCC13032
cg0436,Cgl0395,amtR,Dual,cg1224,Cgl1075,phnB2,,,R,no,ChIP-seq (Internal Fused Prior),,Lab_Internal_ChIPseq,0.95,HIGH,ATCC13032_sample_AmtRpl8,ATCC13032
cg3384,Cgl3055,nan,Dual,cg1233,Cgl1084,nan,,,R,no,ChIP-seq (Internal Fused Prior),,Lab_Internal_ChIPseq,0.95,HIGH,ATCC13032_sample_Cgl3055,ATCC13032
cg1410,Cgl1251,rbsR,Dual,cg1239,Cgl1089,nan,,,R,no,ChIP-seq (Internal Fused Prior),,Lab_Internal_ChIPseq,0.95,HIGH,ATCC13032_sample_Cgl1251,ATCC13032
cg1410,Cgl1251,rbsR,Dual,cg1240,Cgl1090,nan,,,R,no,ChIP-seq (Internal Fused Prior),,Lab_Internal_ChIPseq,0.95,HIGH,ATCC13032_sample_Cgl1251,ATCC13032
cg1410,Cgl1251,rbsR,Dual,cg4004,Cgl1091,nan,,,R,no,ChIP-seq (Internal Fused Prior),,Lab_Internal_ChIPseq,0.95,HIGH,ATCC13032_sample_Cgl1251,ATCC13032
cg0527,Cgl0445,glyR,Dual,cg1267,Cgl1116,nan,,,R,no,ChIP-seq (Internal Fused Prior),,Lab_Internal_ChIPseq,0.95,HIGH,ATCC13032_sample_Cgl0445,ATCC13032
cg2942,Cgl2657,nan,Dual,cg1267,Cgl1116,nan,,,R,no,ChIP-seq (Internal Fused Prior),,Lab_Internal_ChIPseq,0.95,HIGH,ATCC13032_sample_Cgl2657,ATCC13032
cg0156,Cgl0121,cysR,Dual,cg1292,Cgl1141,nan,,,R,no,ChIP-seq (Internal Fused Prior),,Lab_Internal_ChIPseq,0.95,HIGH,ATCC13032_sample_Cgl0121,ATCC13032
cg0350,Cgl0291,glxR,Dual,cg1292,Cgl1141,nan,,,R,no,ChIP-seq (Internal Fused Prior),,Lab_Internal_ChIPseq,0.95,HIGH,ATCC13032_sample_Cgl0291,ATCC13032
cg2831,Cgl2560,ramA,Dual,cg1292,Cgl1141,nan,,,R,no,ChIP-seq (Internal Fused Prior),,Lab_Internal_ChIPseq,0.95,HIGH,ATCC13032_sample_Cgl2560,ATCC13032
cg3253,Cgl2941,mcbR,Dual,cg1292,Cgl1141,nan,,,R,no,ChIP-seq (Internal Fused Prior),,Lab_Internal_ChIPseq,0.95,HIGH,ATCC13032_sample_Cgl2941,ATCC13032
cg1552,Cgl1371,qorR,Dual,cg1302,Cgl1151,nan,,,A,no,ChIP-seq (Internal Fused Prior),,Lab_Internal_ChIPseq,0.95,HIGH,ATCC13032_sample_Cgl1371,ATCC13032
cg0996,Cgl0874,cgtR2,Dual,cg1305,Cgl1155,nan,,,R,no,ChIP-seq (Internal Fused Prior),,Lab_Internal_ChIPseq,0.95,HIGH,ATCC13032_sample_Cgl0874,ATCC13032
cg2942,Cgl2657,nan,Dual,cg1305,Cgl1155,nan,,,R,no,ChIP-seq (Internal Fused Prior),,Lab_Internal_ChIPseq,0.95,HIGH,ATCC13032_sample_Cgl2657,ATCC13032
cg1068,Cgl0936,fur,Dual,cg1305,Cgl1155,nan,,,R,no,ChIP-seq (Internal Fused Prior),,Lab_Internal_ChIPseq,0.95,HIGH,ATCC13032_sample_FurHpl6,ATCC13032
cg2378,Cgl2167,mraZ,Dual,cg1314,Cgl1163,putP,,,R,no,ChIP-seq (Internal Fused Prior),,Lab_Internal_ChIPseq,0.95,HIGH,ATCC13032_sample_Cgl2167,ATCC13032
cg3420,Cgl3089,sigM,Dual,cg1314,Cgl1163,putP,,,R,no,ChIP-seq (Internal Fused Prior),,Lab_Internal_ChIPseq,0.95,HIGH,ATCC13032_sample_Cgl3089,ATCC13032
cg2527,Cgl2527,cg2527,Dual,cg1316,Cgl1164,nan,,,R,no,ChIP-seq (Internal Fused Prior),,Lab_Internal_ChIPseq,0.95,HIGH,ATCC13032_sample_Cgl2527,ATCC13032
cg2527,Cgl2527,cg2527,Dual,cg1317,Cgl1165,nan,,,R,no,ChIP-seq (Internal Fused Prior),,Lab_Internal_ChIPseq,0.95,HIGH,ATCC13032_sample_Cgl2527,ATCC13032
cg1324,Cgl1171,rosR,Dual,cg1318,Cgl1166,nan,,,A,no,ChIP-seq (Internal Fused Prior),,Lab_Internal_ChIPseq,0.95,HIGH,ATCC13032_sample_Cgl1171,ATCC13032
cg2527,Cgl2527,cg2527,Dual,cg1318,Cgl1166,nan,,,R,no,ChIP-seq (Internal Fused Prior),,Lab_Internal_ChIPseq,0.95,HIGH,ATCC13032_sample_Cgl2527,ATCC13032
cg2942,Cgl2657,nan,Dual,cg1318,Cgl1166,nan,,,A,no,ChIP-seq (Internal Fused Prior),,Lab_Internal_ChIPseq,0.95,HIGH,ATCC13032_sample_Cgl2657,ATCC13032
cg2527,Cgl2527,cg2527,Dual,cg1319,Cgl1167,nan,,,R,no,ChIP-seq (Internal Fused Prior),,Lab_Internal_ChIPseq,0.95,HIGH,ATCC13032_sample_Cgl2527,ATCC13032
cg3384,Cgl3055,nan,Dual,cg1324,Cgl1171,rosR,,,R,no,ChIP-seq (Internal Fused Prior),,Lab_Internal_ChIPseq,0.95,HIGH,ATCC13032_sample_Cgl3055,ATCC13032
cg2627,Cgl2394,nan,Dual,cg1327,Cgl1174,nan,,,R,no,ChIP-seq (Internal Fused Prior),,Lab_Internal_ChIPseq,0.95,HIGH,ATCC13032_sample_Cgl2394,ATCC13032
cg3261,Cgl2947,nan,Dual,cg1327,Cgl1174,nan,,,R,no,ChIP-seq (Internal Fused Prior),,Lab_Internal_ChIPseq,0.95,HIGH,ATCC13032_sample_Cgl2947,ATCC13032
cg0156,Cgl0121,cysR,Dual,cg1329,Cgl1176,ctpC,,,R,no,ChIP-seq (Internal Fused Prior),,Lab_Internal_ChIPseq,0.95,HIGH,ATCC13032_sample_Cgl0121,ATCC13032
cg0313,Cgl0257,lrp,Dual,cg1329,Cgl1176,ctpC,,,R,no,ChIP-seq (Internal Fused Prior),,Lab_Internal_ChIPseq,0.95,HIGH,ATCC13032_sample_Cgl0257,ATCC13032
cg0996,Cgl0874,cgtR2,Dual,cg1329,Cgl1176,ctpC,,,A,no,ChIP-seq (Internal Fused Prior),,Lab_Internal_ChIPseq,0.95,HIGH,ATCC13032_sample_Cgl0874,ATCC13032
cg2502,Cgl2280,fur,Dual,cg1329,Cgl1176,ctpC,,,R,no,ChIP-seq (Internal Fused Prior),,Lab_Internal_ChIPseq,0.95,HIGH,ATCC13032_sample_Cgl2280,ATCC13032
cg2648,Cgl2415,nan,Dual,cg1329,Cgl1176,ctpC,,,R,no,ChIP-seq (Internal Fused Prior),,Lab_Internal_ChIPseq,0.95,HIGH,ATCC13032_sample_Cgl2415,ATCC13032
cg2527,Cgl2527,cg2527,Dual,cg1329,Cgl1176,ctpC,,,A,no,ChIP-seq (Internal Fused Prior),,Lab_Internal_ChIPseq,0.95,HIGH,ATCC13032_sample_Cgl2527,ATCC13032
cg1068,Cgl0936,fur,Dual,cg1329,Cgl1176,ctpC,,,R,no,ChIP-seq (Internal Fused Prior),,Lab_Internal_ChIPseq,0.95,HIGH,ATCC13032_sample_FurHpl5,ATCC13032
cg1068,Cgl0936,fur,Dual,cg1329,Cgl1176,ctpC,,,R,no,ChIP-seq (Internal Fused Prior),,Lab_Internal_ChIPseq,0.95,HIGH,ATCC13032_sample_FurHpl6,ATCC13032
cg1068,Cgl0936,fur,Dual,cg1329,Cgl1176,ctpC,,,R,no,ChIP-seq (Internal Fused Prior),,Lab_Internal_ChIPseq,0.95,HIGH,ATCC13032_sample_Furpl10,ATCC13032
cg0156,Cgl0121,cysR,Dual,cg1330,Cgl1177,nan,,,R,no,ChIP-seq (Internal Fused Prior),,Lab_Internal_ChIPseq,0.95,HIGH,ATCC13032_sample_Cgl0121,ATCC13032
cg3253,Cgl2941,mcbR,Dual,cg1337,Cgl1183,hom,,,R,no,ChIP-seq (Internal Fused Prior),,Lab_Internal_ChIPseq,0.95,HIGH,ATCC13032_sample_Cgl2941,ATCC13032
cg3253,Cgl2941,mcbR,Dual,cg1338,Cgl1184,thrB,,,R,no,ChIP-seq (Internal Fused Prior),,Lab_Internal_ChIPseq,0.95,HIGH,ATCC13032_sample_Cgl2941,ATCC13032
nan,Cgl1930,nan,Dual,cg1352,Cgl1197,moaA,,,R,no,ChIP-seq (Internal Fused Prior),,Lab_Internal_ChIPseq,0.95,HIGH,ATCC13032_sample_Cgl1930,ATCC13032
cg2115,Cgl1931,sugR,Dual,cg1352,Cgl1197,moaA,,,R,no,ChIP-seq (Internal Fused Prior),,Lab_Internal_ChIPseq,0.95,HIGH,ATCC13032_sample_Cgl1931,ATCC13032
cg2200,Cgl2009,cgtR8,Dual,cg1352,Cgl1197,moaA,,,R,no,ChIP-seq (Internal Fused Prior),,Lab_Internal_ChIPseq,0.95,HIGH,ATCC13032_sample_Cgl2009,ATCC13032
cg3384,Cgl3055,nan,Dual,cg1353,Cgl1198,fadD4,,,R,no,ChIP-seq (Internal Fused Prior),,Lab_Internal_ChIPseq,0.95,HIGH,ATCC13032_sample_Cgl3055,ATCC13032
cg2942,Cgl2657,nan,Dual,cg1358,Cgl1202,nan,,,R,no,ChIP-seq (Internal Fused Prior),,Lab_Internal_ChIPseq,0.95,HIGH,ATCC13032_sample_Cgl2657,ATCC13032
cg2942,Cgl2657,nan,Dual,cg1359,Cgl1203,nan,,,R,no,ChIP-seq (Internal Fused Prior),,Lab_Internal_ChIPseq,0.95,HIGH,ATCC13032_sample_Cgl2657,ATCC13032
cg2942,Cgl2657,nan,Dual,cg1360,Cgl1204,nan,,,R,no,ChIP-seq (Internal Fused Prior),,Lab_Internal_ChIPseq,0.95,HIGH,ATCC13032_sample_Cgl2657,ATCC13032
cg2140,Cgl1954,recX,Dual,cg1361,Cgl1205,nan,,,R,no,ChIP-seq (Internal Fused Prior),,Lab_Internal_ChIPseq,0.95,HIGH,ATCC13032_sample_Cgl1954,ATCC13032
cg2942,Cgl2657,nan,Dual,cg1374,Cgl1218,nan,,,R,no,ChIP-seq (Internal Fused Prior),,Lab_Internal_ChIPseq,0.95,HIGH,ATCC13032_sample_Cgl2657,ATCC13032
cg2200,Cgl2009,cgtR8,Dual,cg1376,Cgl1220,ssuD1,,,R,no,ChIP-seq (Internal Fused Prior),,Lab_Internal_ChIPseq,0.95,HIGH,ATCC13032_sample_Cgl2009,ATCC13032
cg2378,Cgl2167,mraZ,Dual,cg1376,Cgl1220,ssuD1,,,R,no,ChIP-seq (Internal Fused Prior),,Lab_Internal_ChIPseq,0.95,HIGH,ATCC13032_sample_Cgl2167,ATCC13032
cg2627,Cgl2394,nan,Dual,cg1376,Cgl1220,ssuD1,,,R,no,ChIP-seq (Internal Fused Prior),,Lab_Internal_ChIPseq,0.95,HIGH,ATCC13032_sample_Cgl2394,ATCC13032
cg1425,Cgl1263,lysG,Dual,nan,Cgl1237,nan,,,R,no,ChIP-seq (Internal Fused Prior),,Lab_Internal_ChIPseq,0.95,HIGH,ATCC13032_sample_Cgl1263,ATCC13032
cg2922,Cgl2639,nan,Dual,cg1408,Cgl1249,nan,,,A,no,ChIP-seq (Internal Fused Prior),,Lab_Internal_ChIPseq,0.95,HIGH,ATCC13032_sample_Cgl2639,ATCC13032
cg2118,Cgl1934,fruR,Dual,cg1410,Cgl1251,rbsR,,,R,no,ChIP-seq (Internal Fused Prior),,Lab_Internal_ChIPseq,0.95,HIGH,ATCC13032_sample_Cgl1934,ATCC13032
cg2831,Cgl2560,ramA,Dual,cg1410,Cgl1251,rbsR,,,R,no,ChIP-seq (Internal Fused Prior),,Lab_Internal_ChIPseq,0.95,HIGH,ATCC13032_sample_Cgl2560,ATCC13032
cg2118,Cgl1934,fruR,Dual,cg1411,Cgl1252,nan,,,R,no,ChIP-seq (Internal Fused Prior),,Lab_Internal_ChIPseq,0.95,HIGH,ATCC13032_sample_Cgl1934,ATCC13032
cg2831,Cgl2560,ramA,Dual,cg1411,Cgl1252,nan,,,R,no,ChIP-seq (Internal Fused Prior),,Lab_Internal_ChIPseq,0.95,HIGH,ATCC13032_sample_Cgl2560,ATCC13032
cg2118,Cgl1934,fruR,Dual,cg1412,Cgl1253,nan,,,R,no,ChIP-seq (Internal Fused Prior),,Lab_Internal_ChIPseq,0.95,HIGH,ATCC13032_sample_Cgl1934,ATCC13032
cg2831,Cgl2560,ramA,Dual,cg1412,Cgl1253,nan,,,R,no,ChIP-seq (Internal Fused Prior),,Lab_Internal_ChIPseq,0.95,HIGH,ATCC13032_sample_Cgl2560,ATCC13032
cg2118,Cgl1934,fruR,Dual,cg1413,Cgl1254,nan,,,R,no,ChIP-seq (Internal Fused Prior),,Lab_Internal_ChIPseq,0.95,HIGH,ATCC13032_sample_Cgl1934,ATCC13032
cg2831,Cgl2560,ramA,Dual,cg1413,Cgl1254,nan,,,R,no,ChIP-seq (Internal Fused Prior),,Lab_Internal_ChIPseq,0.95,HIGH,ATCC13032_sample_Cgl2560,ATCC13032
cg2118,Cgl1934,fruR,Dual,cg1414,Cgl1255,nan,,,R,no,ChIP-seq (Internal Fused Prior),,Lab_Internal_ChIPseq,0.95,HIGH,ATCC13032_sample_Cgl1934,ATCC13032
cg2831,Cgl2560,ramA,Dual,cg1414,Cgl1255,nan,,,R,no,ChIP-seq (Internal Fused Prior),,Lab_Internal_ChIPseq,0.95,HIGH,ATCC13032_sample_Cgl2560,ATCC13032
cg0800,Cgl0698,prpR,Dual,cg1417,Cgl1256,nan,,,R,no,ChIP-seq (Internal Fused Prior),,Lab_Internal_ChIPseq,0.95,HIGH,ATCC13032_sample_Cgl0698,ATCC13032
cg2946,Cgl2661,nan,Dual,cg1421,Cgl1260,nan,,,R,no,ChIP-seq (Internal Fused Prior),,Lab_Internal_ChIPseq,0.95,HIGH,ATCC13032_sample_Cgl2661,ATCC13032
cg2942,Cgl2657,nan,Dual,cg1436,Cgl1272,ilvN,,,R,no,ChIP-seq (Internal Fused Prior),,Lab_Internal_ChIPseq,0.95,HIGH,ATCC13032_sample_Cgl2657,ATCC13032
cg2648,Cgl2415,nan,Dual,cg1448,Cgl1282,nan,,,R,no,ChIP-seq (Internal Fused Prior),,Lab_Internal_ChIPseq,0.95,HIGH,ATCC13032_sample_Cgl2415,ATCC13032
cg0217,Cgl0176,nan,Dual,cg1462,Cgl1292,entC,,,R,no,ChIP-seq (Internal Fused Prior),,Lab_Internal_ChIPseq,0.95,HIGH,ATCC13032_sample_Cgl0176,ATCC13032
cg2268,Cgl2068,nan,Dual,cg1462,Cgl1292,entC,,,A,no,ChIP-seq (Internal Fused Prior),,Lab_Internal_ChIPseq,0.95,HIGH,ATCC13032_sample_Cgl2068,ATCC13032
cg2378,Cgl2167,mraZ,Dual,cg1462,Cgl1292,entC,,,R,no,ChIP-seq (Internal Fused Prior),,Lab_Internal_ChIPseq,0.95,HIGH,ATCC13032_sample_Cgl2167,ATCC13032
cg0217,Cgl0176,nan,Dual,cg1463,Cgl1293,gltS,,,A,no,ChIP-seq (Internal Fused Prior),,Lab_Internal_ChIPseq,0.95,HIGH,ATCC13032_sample_Cgl0176,ATCC13032
cg2268,Cgl2068,nan,Dual,cg1463,Cgl1293,gltS,,,R,no,ChIP-seq (Internal Fused Prior),,Lab_Internal_ChIPseq,0.95,HIGH,ATCC13032_sample_Cgl2068,ATCC13032
cg2378,Cgl2167,mraZ,Dual,cg1463,Cgl1293,gltS,,,A,no,ChIP-seq (Internal Fused Prior),,Lab_Internal_ChIPseq,0.95,HIGH,ATCC13032_sample_Cgl2167,ATCC13032
cg0196,Cgl0157,iolR,Dual,cg1511,Cgl1339,nan,,,R,no,ChIP-seq (Internal Fused Prior),,Lab_Internal_ChIPseq,0.95,HIGH,ATCC13032_sample_Cgl0157,ATCC13032
cg0993,Cgl0871,nan,Dual,cg1511,Cgl1339,nan,,,R,no,ChIP-seq (Internal Fused Prior),,Lab_Internal_ChIPseq,0.95,HIGH,ATCC13032_sample_Cgl0871,ATCC13032
cg2314,Cgl2111,nan,Dual,cg1511,Cgl1339,nan,,,R,no,ChIP-seq (Internal Fused Prior),,Lab_Internal_ChIPseq,0.95,HIGH,ATCC13032_sample_Cgl2111,ATCC13032
cg1068,Cgl0936,fur,Dual,cg1511,Cgl1339,nan,,,R,no,ChIP-seq (Internal Fused Prior),,Lab_Internal_ChIPseq,0.95,HIGH,ATCC13032_sample_FurHpl5,ATCC13032
cg1068,Cgl0936,fur,Dual,cg1511,Cgl1339,nan,,,R,no,ChIP-seq (Internal Fused Prior),,Lab_Internal_ChIPseq,0.95,HIGH,ATCC13032_sample_FurHpl7,ATCC13032
cg1068,Cgl0936,fur,Dual,cg1511,Cgl1339,nan,,,R,no,ChIP-seq (Internal Fused Prior),,Lab_Internal_ChIPseq,0.95,HIGH,ATCC13032_sample_FurHpl8,ATCC13032
cg3239,Cgl2928,nan,Dual,cg1513,Cgl1341,tnp23a(ISCg23a),,,R,no,ChIP-seq (Internal Fused Prior),,Lab_Internal_ChIPseq,0.95,HIGH,ATCC13032_sample_Cgl2928,ATCC13032
cg0019,Cgl0016,nan,Dual,cg1518,Cgl1346,nan,,,R,no,ChIP-seq (Internal Fused Prior),,Lab_Internal_ChIPseq,0.95,HIGH,ATCC13032_sample_Cgl0016,ATCC13032
cg2527,Cgl2527,cg2527,Dual,cg1518,Cgl1346,nan,,,A,no,ChIP-seq (Internal Fused Prior),,Lab_Internal_ChIPseq,0.95,HIGH,ATCC13032_sample_Cgl2527,ATCC13032
cg3239,Cgl2928,nan,Dual,cg1518,Cgl1346,nan,,,R,no,ChIP-seq (Internal Fused Prior),,Lab_Internal_ChIPseq,0.95,HIGH,ATCC13032_sample_Cgl2928,ATCC13032
cg3239,Cgl2928,nan,Dual,cg1520,Cgl1348,nan,,,R,no,ChIP-seq (Internal Fused Prior),,Lab_Internal_ChIPseq,0.95,HIGH,ATCC13032_sample_Cgl2928,ATCC13032
A3b,,A3b,Dual,cg1525,Cgl1353,polA,,,R,no,ChIP-seq (Internal Fused Prior),,Lab_Internal_ChIPseq,0.95,HIGH,ATCC13032_sample_A3b,ATCC13032
cg2260,Cgl2060,glnK,Dual,cg1525,Cgl1353,polA,,,A,no,ChIP-seq (Internal Fused Prior),,Lab_Internal_ChIPseq,0.95,HIGH,ATCC13032_sample_Cgl2060,ATCC13032
cg2500,Cgl2279,znR,Dual,cg1525,Cgl1353,polA,,,A,no,ChIP-seq (Internal Fused Prior),,Lab_Internal_ChIPseq,0.95,HIGH,ATCC13032_sample_Cgl2279,ATCC13032
cg1068,Cgl0936,fur,Dual,cg1525,Cgl1353,polA,,,A,no,ChIP-seq (Internal Fused Prior),,Lab_Internal_ChIPseq,0.95,HIGH,ATCC13032_sample_FurH,ATCC13032
cg1068,Cgl0936,fur,Dual,cg1525,Cgl1353,polA,,,A,no,ChIP-seq (Internal Fused Prior),,Lab_Internal_ChIPseq,0.95,HIGH,ATCC13032_sample_FurHpl6,ATCC13032
cg0492,Cgl0411,nan,Dual,cg1526,Cgl1354,nan,,,R,no,ChIP-seq (Internal Fused Prior),,Lab_Internal_ChIPseq,0.95,HIGH,ATCC13032_sample_Cgl0411,ATCC13032
cg1585,Cgl1399,argR,Dual,cg1531,Cgl1359,rpsA,,,R,no,ChIP-seq (Internal Fused Prior),,Lab_Internal_ChIPseq,0.95,HIGH,ATCC13032_sample_Cgl1399,ATCC13032
cg3224,Cgl2915,lldR,Dual,cg1531,Cgl1359,rpsA,,,R,no,ChIP-seq (Internal Fused Prior),,Lab_Internal_ChIPseq,0.95,HIGH,ATCC13032_sample_Cgl2915,ATCC13032
cg1410,Cgl1251,rbsR,Dual,cg1550,Cgl1369,uvrB,,,R,no,ChIP-seq (Internal Fused Prior),,Lab_Internal_ChIPseq,0.95,HIGH,ATCC13032_sample_Cgl1251,ATCC13032
cg1068,Cgl0936,fur,Dual,cg1551,Cgl1370,uspA1,,,R,no,ChIP-seq (Internal Fused Prior),,Lab_Internal_ChIPseq,0.95,HIGH,ATCC13032_sample_FurHpl5,ATCC13032
cg1552,Cgl1371,qorR,Dual,cg1552,Cgl1371,qorR,,,R,no,ChIP-seq (Internal Fused Prior),,Lab_Internal_ChIPseq,0.95,HIGH,ATCC13032_sample_Cgl1371,ATCC13032
cg1552,Cgl1371,qorR,Dual,cg1553,Cgl1372,nan,,,R,no,ChIP-seq (Internal Fused Prior),,Lab_Internal_ChIPseq,0.95,HIGH,ATCC13032_sample_Cgl1371,ATCC13032
cg0217,Cgl0176,nan,Dual,cg1574,Cgl1389,pheS,,,A,no,ChIP-seq (Internal Fused Prior),,Lab_Internal_ChIPseq,0.95,HIGH,ATCC13032_sample_Cgl0176,ATCC13032
cg0702,Cgl0606,nan,Dual,cg1597,Cgl1409,nan,,,R,no,ChIP-seq (Internal Fused Prior),,Lab_Internal_ChIPseq,0.95,HIGH,ATCC13032_sample_Cgl0606,ATCC13032
nan,Cgl1930,nan,Dual,cg1597,Cgl1409,nan,,,A,no,ChIP-seq (Internal Fused Prior),,Lab_Internal_ChIPseq,0.95,HIGH,ATCC13032_sample_Cgl1930,ATCC13032
cg0436,Cgl0395,amtR,Dual,cg1598,Cgl1410,nan,,,R,no,ChIP-seq (Internal Fused Prior),,Lab_Internal_ChIPseq,0.95,HIGH,ATCC13032_sample_AmTR,ATCC13032
cg0436,Cgl0395,amtR,Dual,cg1598,Cgl1410,nan,,,A,no,ChIP-seq (Internal Fused Prior),,Lab_Internal_ChIPseq,0.95,HIGH,ATCC13032_sample_AmtRH,ATCC13032
cg0436,Cgl0395,amtR,Dual,cg1598,Cgl1410,nan,,,R,no,ChIP-seq (Internal Fused Prior),,Lab_Internal_ChIPseq,0.95,HIGH,ATCC13032_sample_AmtRpl5,ATCC13032
cg0436,Cgl0395,amtR,Dual,cg1598,Cgl1410,nan,,,A,no,ChIP-seq (Internal Fused Prior),,Lab_Internal_ChIPseq,0.95,HIGH,ATCC13032_sample_AmtRpl8,ATCC13032
cg0051,Cgl0037,nan,Dual,cg1598,Cgl1410,nan,,,A,no,ChIP-seq (Internal Fused Prior),,Lab_Internal_ChIPseq,0.95,HIGH,ATCC13032_sample_Cgl0037,ATCC13032
cg0702,Cgl0606,nan,Dual,cg1598,Cgl1410,nan,,,R,no,ChIP-seq (Internal Fused Prior),,Lab_Internal_ChIPseq,0.95,HIGH,ATCC13032_sample_Cgl0606,ATCC13032
nan,Cgl1930,nan,Dual,cg1598,Cgl1410,nan,,,A,no,ChIP-seq (Internal Fused Prior),,Lab_Internal_ChIPseq,0.95,HIGH,ATCC13032_sample_Cgl1930,ATCC13032
cg2614,Cgl2381,nan,Dual,cg1598,Cgl1410,nan,,,R,no,ChIP-seq (Internal Fused Prior),,Lab_Internal_ChIPseq,0.95,HIGH,ATCC13032_sample_Cgl2381,ATCC13032
cg3352,Cgl3024,genR(nagR),Dual,cg1598,Cgl1410,nan,,,R,no,ChIP-seq (Internal Fused Prior),,Lab_Internal_ChIPseq,0.95,HIGH,ATCC13032_sample_Cgl3024,ATCC13032
cg0702,Cgl0606,nan,Dual,cg1599,Cgl1411,nan,,,R,no,ChIP-seq (Internal Fused Prior),,Lab_Internal_ChIPseq,0.95,HIGH,ATCC13032_sample_Cgl0606,ATCC13032
nan,Cgl1930,nan,Dual,cg1599,Cgl1411,nan,,,A,no,ChIP-seq (Internal Fused Prior),,Lab_Internal_ChIPseq,0.95,HIGH,ATCC13032_sample_Cgl1930,ATCC13032
cg0725,Cgl0627,crtR,Dual,cg1611,Cgl1422,nan,,,R,no,ChIP-seq (Internal Fused Prior),,Lab_Internal_ChIPseq,0.95,HIGH,ATCC13032_sample_Cgl0627,ATCC13032
cg0787,Cgl0685,nan,Dual,cg1611,Cgl1422,nan,,,R,no,ChIP-seq (Internal Fused Prior),,Lab_Internal_ChIPseq,0.95,HIGH,ATCC13032_sample_Cgl0685,ATCC13032
cg0847,Cgl0740,nan,Dual,cg1611,Cgl1422,nan,,,R,no,ChIP-seq (Internal Fused Prior),,Lab_Internal_ChIPseq,0.95,HIGH,ATCC13032_sample_Cgl0740,ATCC13032
cg3261,Cgl2947,nan,Dual,cg1618,Cgl1429,nan,,,A,no,ChIP-seq (Internal Fused Prior),,Lab_Internal_ChIPseq,0.95,HIGH,ATCC13032_sample_Cgl2947,ATCC13032
cg0436,Cgl0395,amtR,Dual,cg1633,Cgl1444,nan,,,R,no,ChIP-seq (Internal Fused Prior),,Lab_Internal_ChIPseq,0.95,HIGH,ATCC13032_sample_AmTR,ATCC13032
cg0436,Cgl0395,amtR,Dual,cg1633,Cgl1444,nan,,,R,no,ChIP-seq (Internal Fused Prior),,Lab_Internal_ChIPseq,0.95,HIGH,ATCC13032_sample_AmtRpl6,ATCC13032
cg2200,Cgl2009,cgtR8,Dual,cg1633,Cgl1444,nan,,,R,no,ChIP-seq (Internal Fused Prior),,Lab_Internal_ChIPseq,0.95,HIGH,ATCC13032_sample_Cgl2009,ATCC13032
cg0850,Cgl0743,whiB2(whcD),Dual,cg1635,Cgl1445,nan,,,R,no,ChIP-seq (Internal Fused Prior),,Lab_Internal_ChIPseq,0.95,HIGH,ATCC13032_sample_Cgl0743,ATCC13032
cg2378,Cgl2167,mraZ,Dual,cg1635,Cgl1445,nan,,,R,no,ChIP-seq (Internal Fused Prior),,Lab_Internal_ChIPseq,0.95,HIGH,ATCC13032_sample_Cgl2167,ATCC13032
cg2946,Cgl2661,nan,Dual,cg1635,Cgl1445,nan,,,A,no,ChIP-seq (Internal Fused Prior),,Lab_Internal_ChIPseq,0.95,HIGH,ATCC13032_sample_Cgl2661,ATCC13032
cg3384,Cgl3055,nan,Dual,cg1636,Cgl1446,nan,,,R,no,ChIP-seq (Internal Fused Prior),,Lab_Internal_ChIPseq,0.95,HIGH,ATCC13032_sample_Cgl3055,ATCC13032
cg0492,Cgl0411,nan,Dual,cg1648,Cgl1457,nan,,,R,no,ChIP-seq (Internal Fused Prior),,Lab_Internal_ChIPseq,0.95,HIGH,ATCC13032_sample_Cgl0411,ATCC13032
A2b,,A2b,Dual,cg1656,Cgl1465,ndh,,,A,no,ChIP-seq (Internal Fused Prior),,Lab_Internal_ChIPseq,0.95,HIGH,ATCC13032_sample_A2b,ATCC13032
cg1410,Cgl1251,rbsR,Dual,cg1658,Cgl1467,nan,,,A,no,ChIP-seq (Internal Fused Prior),,Lab_Internal_ChIPseq,0.95,HIGH,ATCC13032_sample_Cgl1251,ATCC13032
cg0996,Cgl0874,cgtR2,Dual,cg1661,Cgl1470,nan,,,R,no,ChIP-seq (Internal Fused Prior),,Lab_Internal_ChIPseq,0.95,HIGH,ATCC13032_sample_Cgl0874,ATCC13032
cg1552,Cgl1371,qorR,Dual,cg1663,Cgl1472,nan,,,R,no,ChIP-seq (Internal Fused Prior),,Lab_Internal_ChIPseq,0.95,HIGH,ATCC13032_sample_Cgl1371,ATCC13032
cg0069,Cgl0069,cg0069,Dual,cg1664,Cgl1473,nan,,,R,no,ChIP-seq (Internal Fused Prior),,Lab_Internal_ChIPseq,0.95,HIGH,ATCC13032_sample_Cgl0069,ATCC13032
cg2115,Cgl1931,sugR,Dual,cg1664,Cgl1473,nan,,,R,no,ChIP-seq (Internal Fused Prior),,Lab_Internal_ChIPseq,0.95,HIGH,ATCC13032_sample_Cgl1931,ATCC13032
cg2200,Cgl2009,cgtR8,Dual,cg1664,Cgl1473,nan,,,R,no,ChIP-seq (Internal Fused Prior),,Lab_Internal_ChIPseq,0.95,HIGH,ATCC13032_sample_Cgl2009,ATCC13032
cg2378,Cgl2167,mraZ,Dual,cg1664,Cgl1473,nan,,,R,no,ChIP-seq (Internal Fused Prior),,Lab_Internal_ChIPseq,0.95,HIGH,ATCC13032_sample_Cgl2167,ATCC13032
cg2942,Cgl2657,nan,Dual,cg1664,Cgl1473,nan,,,R,no,ChIP-seq (Internal Fused Prior),,Lab_Internal_ChIPseq,0.95,HIGH,ATCC13032_sample_Cgl2657,ATCC13032
cg3253,Cgl2941,mcbR,Dual,cg1676,Cgl1481,lip,,,A,no,ChIP-seq (Internal Fused Prior),,Lab_Internal_ChIPseq,0.95,HIGH,ATCC13032_sample_Cgl2941,ATCC13032
cg3253,Cgl2941,mcbR,Dual,cg1677,Cgl1482,cobG,,,R,no,ChIP-seq (Internal Fused Prior),,Lab_Internal_ChIPseq,0.95,HIGH,ATCC13032_sample_Cgl2941,ATCC13032
cg3261,Cgl2947,nan,Dual,cg1686,Cgl1492,nan,,,R,no,ChIP-seq (Internal Fused Prior),,Lab_Internal_ChIPseq,0.95,HIGH,ATCC13032_sample_Cgl2947,ATCC13032
cg3261,Cgl2947,nan,Dual,cg1687,Cgl1493,nan,,,R,no,ChIP-seq (Internal Fused Prior),,Lab_Internal_ChIPseq,0.95,HIGH,ATCC13032_sample_Cgl2947,ATCC13032
cg3261,Cgl2947,nan,Dual,cg1688,Cgl1494,nan,,,R,no,ChIP-seq (Internal Fused Prior),,Lab_Internal_ChIPseq,0.95,HIGH,ATCC13032_sample_Cgl2947,ATCC13032
cg3261,Cgl2947,nan,Dual,cg1689,Cgl1495,nan,,,R,no,ChIP-seq (Internal Fused Prior),,Lab_Internal_ChIPseq,0.95,HIGH,ATCC13032_sample_Cgl2947,ATCC13032
cg0444,Cgl0369,ramB,Dual,cg1702,Cgl1508,nan,,,R,no,ChIP-seq (Internal Fused Prior),,Lab_Internal_ChIPseq,0.95,HIGH,ATCC13032_sample_Cgl0369,ATCC13032
cg1704,,cg1704,Dual,cg1705,Cgl1510,arsC2,,,R,no,ChIP-seq (Internal Fused Prior),,Lab_Internal_ChIPseq,0.95,HIGH,ATCC13032_sample_cg1704,ATCC13032
cg1704,,cg1704,Dual,cg1706,Cgl1511,nan,,,R,no,ChIP-seq (Internal Fused Prior),,Lab_Internal_ChIPseq,0.95,HIGH,ATCC13032_sample_cg1704,ATCC13032
cg1704,,cg1704,Dual,cg1707,Cgl1512,nan,,,R,no,ChIP-seq (Internal Fused Prior),,Lab_Internal_ChIPseq,0.95,HIGH,ATCC13032_sample_cg1704,ATCC13032
A2b,,A2b,Dual,cg1722,Cgl1527,nan,,,R,no,ChIP-seq (Internal Fused Prior),,Lab_Internal_ChIPseq,0.95,HIGH,ATCC13032_sample_A2b,ATCC13032
A3b,,A3b,Dual,cg1728,Cgl1532,nan,,,R,no,ChIP-seq (Internal Fused Prior),,Lab_Internal_ChIPseq,0.95,HIGH,ATCC13032_sample_A3b,ATCC13032
cg0876,Cgl0767,sigH,Dual,cg1733,Cgl1536,nan,,,R,no,ChIP-seq (Internal Fused Prior),,Lab_Internal_ChIPseq,0.95,HIGH,ATCC13032_sample_Cgl0767,ATCC13032
cg1738,Cgl1541,acnR,Dual,cg1737,Cgl1540,acn,,,R,no,ChIP-seq (Internal Fused Prior),,Lab_Internal_ChIPseq,0.95,HIGH,ATCC13032_sample_Cgl1541,ATCC13032
cg3253,Cgl2941,mcbR,Dual,cg1740,Cgl1543,nan,,,R,no,ChIP-seq (Internal Fused Prior),,Lab_Internal_ChIPseq,0.95,HIGH,ATCC13032_sample_Cgl2941,ATCC13032
cg0309,Cgl0254,sigC,Dual,cg1773,Cgl1573,ctaB,,,A,no,ChIP-seq (Internal Fused Prior),,Lab_Internal_ChIPseq,0.95,HIGH,ATCC13032_sample_Cgl0254,ATCC13032
cg1738,Cgl1541,acnR,Dual,cg1802,Cgl1599,fmu,,,R,no,ChIP-seq (Internal Fused Prior),,Lab_Internal_ChIPseq,0.95,HIGH,ATCC13032_sample_Cgl1541,ATCC13032
cg3253,Cgl2941,mcbR,Dual,cg1806,Cgl1603,metK,,,R,no,ChIP-seq (Internal Fused Prior),,Lab_Internal_ChIPseq,0.95,HIGH,ATCC13032_sample_Cgl2941,ATCC13032
cg2942,Cgl2657,nan,Dual,cg1825,Cgl1619,efp,,,R,no,ChIP-seq (Internal Fused Prior),,Lab_Internal_ChIPseq,0.95,HIGH,ATCC13032_sample_Cgl2657,ATCC13032
cg3384,Cgl3055,nan,Dual,cg1825,Cgl1619,efp,,,A,no,ChIP-seq (Internal Fused Prior),,Lab_Internal_ChIPseq,0.95,HIGH,ATCC13032_sample_Cgl3055,ATCC13032
cg3384,Cgl3055,nan,Dual,cg1841,Cgl1635,aspS,,,A,no,ChIP-seq (Internal Fused Prior),,Lab_Internal_ChIPseq,0.95,HIGH,ATCC13032_sample_Cgl3055,ATCC13032
cg1324,Cgl1171,rosR,Dual,cg1850,Cgl1644,nan,,,R,no,ChIP-seq (Internal Fused Prior),,Lab_Internal_ChIPseq,0.95,HIGH,ATCC13032_sample_Cgl1171,ATCC13032
cg1527,Cgl1355,nan,Dual,cg1850,Cgl1644,nan,,,R,no,ChIP-seq (Internal Fused Prior),,Lab_Internal_ChIPseq,0.95,HIGH,ATCC13032_sample_Cgl1355,ATCC13032
cg2200,Cgl2009,cgtR8,Dual,cg1850,Cgl1644,nan,,,R,no,ChIP-seq (Internal Fused Prior),,Lab_Internal_ChIPseq,0.95,HIGH,ATCC13032_sample_Cgl2009,ATCC13032
cg2527,Cgl2527,cg2527,Dual,cg1850,Cgl1644,nan,,,R,no,ChIP-seq (Internal Fused Prior),,Lab_Internal_ChIPseq,0.95,HIGH,ATCC13032_sample_Cgl2527,ATCC13032
A2b,,A2b,Dual,cg1856,Cgl1648,nan,,,R,no,ChIP-seq (Internal Fused Prior),,Lab_Internal_ChIPseq,0.95,HIGH,ATCC13032_sample_A2b,ATCC13032
cg2109,Cgl1925,oxyR,Dual,cg1865,Cgl1657,secF,,,R,no,ChIP-seq (Internal Fused Prior),,Lab_Internal_ChIPseq,0.95,HIGH,ATCC13032_sample_Cgl1925,ATCC13032
cg0309,Cgl0254,sigC,Dual,cg1890,Cgl1675,nan,,,R,no,ChIP-seq (Internal Fused Prior),,Lab_Internal_ChIPseq,0.95,HIGH,ATCC13032_sample_Cgl0254,ATCC13032
A4b,,A4b,Dual,cg1892,Cgl1677,nan,,,R,no,ChIP-seq (Internal Fused Prior),,Lab_Internal_ChIPseq,0.95,HIGH,ATCC13032_sample_A4b,ATCC13032
cg0019,Cgl0016,nan,Dual,cg1892,Cgl1677,nan,,,R,no,ChIP-seq (Internal Fused Prior),,Lab_Internal_ChIPseq,0.95,HIGH,ATCC13032_sample_Cgl0016,ATCC13032
cg0313,Cgl0257,lrp,Dual,cg1892,Cgl1677,nan,,,R,no,ChIP-seq (Internal Fused Prior),,Lab_Internal_ChIPseq,0.95,HIGH,ATCC13032_sample_Cgl0257,ATCC13032
cg0850,Cgl0743,whiB2(whcD),Dual,cg1892,Cgl1677,nan,,,R,no,ChIP-seq (Internal Fused Prior),,Lab_Internal_ChIPseq,0.95,HIGH,ATCC13032_sample_Cgl0743,ATCC13032
A2b,,A2b,Dual,cg1893,Cgl1678,nan,,,R,no,ChIP-seq (Internal Fused Prior),,Lab_Internal_ChIPseq,0.95,HIGH,ATCC13032_sample_A2b,ATCC13032
cg3384,Cgl3055,nan,Dual,cg1893,Cgl1678,nan,,,R,no,ChIP-seq (Internal Fused Prior),,Lab_Internal_ChIPseq,0.95,HIGH,ATCC13032_sample_Cgl3055,ATCC13032
cg1068,Cgl0936,fur,Dual,cg1893,Cgl1678,nan,,,R,no,ChIP-seq (Internal Fused Prior),,Lab_Internal_ChIPseq,0.95,HIGH,ATCC13032_sample_FurHpl5,ATCC13032
cg1068,Cgl0936,fur,Dual,cg1893,Cgl1678,nan,,,R,no,ChIP-seq (Internal Fused Prior),,Lab_Internal_ChIPseq,0.95,HIGH,ATCC13032_sample_FurHpl7,ATCC13032
cg1068,Cgl0936,fur,Dual,cg1893,Cgl1678,nan,,,R,no,ChIP-seq (Internal Fused Prior),,Lab_Internal_ChIPseq,0.95,HIGH,ATCC13032_sample_FurHpl8,ATCC13032
A2b,,A2b,Dual,cg1894,Cgl1679,nan,,,A,no,ChIP-seq (Internal Fused Prior),,Lab_Internal_ChIPseq,0.95,HIGH,ATCC13032_sample_A2b,ATCC13032
cg0436,Cgl0395,amtR,Dual,cg1894,Cgl1679,nan,,,R,no,ChIP-seq (Internal Fused Prior),,Lab_Internal_ChIPseq,0.95,HIGH,ATCC13032_sample_AmTR,ATCC13032
cg0436,Cgl0395,amtR,Dual,cg1894,Cgl1679,nan,,,R,no,ChIP-seq (Internal Fused Prior),,Lab_Internal_ChIPseq,0.95,HIGH,ATCC13032_sample_AmtRH,ATCC13032
cg0436,Cgl0395,amtR,Dual,cg1894,Cgl1679,nan,,,R,no,ChIP-seq (Internal Fused Prior),,Lab_Internal_ChIPseq,0.95,HIGH,ATCC13032_sample_AmtRpl5,ATCC13032
cg0436,Cgl0395,amtR,Dual,cg1894,Cgl1679,nan,,,R,no,ChIP-seq (Internal Fused Prior),,Lab_Internal_ChIPseq,0.95,HIGH,ATCC13032_sample_AmtRpl6,ATCC13032
cg0436,Cgl0395,amtR,Dual,cg1894,Cgl1679,nan,,,R,no,ChIP-seq (Internal Fused Prior),,Lab_Internal_ChIPseq,0.95,HIGH,ATCC13032_sample_AmtRpl8,ATCC13032
cg0146,Cgl0111,atlR,Dual,cg1894,Cgl1679,nan,,,R,no,ChIP-seq (Internal Fused Prior),,Lab_Internal_ChIPseq,0.95,HIGH,ATCC13032_sample_Cgl0111,ATCC13032
cg0527,Cgl0445,glyR,Dual,cg1894,Cgl1679,nan,,,R,no,ChIP-seq (Internal Fused Prior),,Lab_Internal_ChIPseq,0.95,HIGH,ATCC13032_sample_Cgl0445,ATCC13032
cg0719,Cgl0622,crtYe,Dual,cg1894,Cgl1679,nan,,,R,no,ChIP-seq (Internal Fused Prior),,Lab_Internal_ChIPseq,0.95,HIGH,ATCC13032_sample_Cgl0622,ATCC13032
cg0725,Cgl0627,crtR,Dual,cg1894,Cgl1679,nan,,,R,no,ChIP-seq (Internal Fused Prior),,Lab_Internal_ChIPseq,0.95,HIGH,ATCC13032_sample_Cgl0627,ATCC13032
cg0787,Cgl0685,nan,Dual,cg1894,Cgl1679,nan,,,R,no,ChIP-seq (Internal Fused Prior),,Lab_Internal_ChIPseq,0.95,HIGH,ATCC13032_sample_Cgl0685,ATCC13032
cg0847,Cgl0740,nan,Dual,cg1894,Cgl1679,nan,,,R,no,ChIP-seq (Internal Fused Prior),,Lab_Internal_ChIPseq,0.95,HIGH,ATCC13032_sample_Cgl0740,ATCC13032
cg0897,Cgl0787,pdxR,Dual,cg1894,Cgl1679,nan,,,R,no,ChIP-seq (Internal Fused Prior),,Lab_Internal_ChIPseq,0.95,HIGH,ATCC13032_sample_Cgl0787,ATCC13032
cg0986,Cgl0863,amtR,Dual,cg1894,Cgl1679,nan,,,R,no,ChIP-seq (Internal Fused Prior),,Lab_Internal_ChIPseq,0.95,HIGH,ATCC13032_sample_Cgl0863,ATCC13032
cg0993,Cgl0871,nan,Dual,cg1894,Cgl1679,nan,,,R,no,ChIP-seq (Internal Fused Prior),,Lab_Internal_ChIPseq,0.95,HIGH,ATCC13032_sample_Cgl0871,ATCC13032
cg0996,Cgl0874,cgtR2,Dual,cg1894,Cgl1679,nan,,,R,no,ChIP-seq (Internal Fused Prior),,Lab_Internal_ChIPseq,0.95,HIGH,ATCC13032_sample_Cgl0874,ATCC13032
cg1464,Cgl1294,nan,Dual,cg1894,Cgl1679,nan,,,R,no,ChIP-seq (Internal Fused Prior),,Lab_Internal_ChIPseq,0.95,HIGH,ATCC13032_sample_Cgl1294,ATCC13032
cg2109,Cgl1925,oxyR,Dual,cg1894,Cgl1679,nan,,,R,no,ChIP-seq (Internal Fused Prior),,Lab_Internal_ChIPseq,0.95,HIGH,ATCC13032_sample_Cgl1925,ATCC13032
cg2260,Cgl2060,glnK,Dual,cg1894,Cgl1679,nan,,,R,no,ChIP-seq (Internal Fused Prior),,Lab_Internal_ChIPseq,0.95,HIGH,ATCC13032_sample_Cgl2060,ATCC13032
cg2320,Cgl2115,nan,Dual,cg1894,Cgl1679,nan,,,R,no,ChIP-seq (Internal Fused Prior),,Lab_Internal_ChIPseq,0.95,HIGH,ATCC13032_sample_Cgl2115,ATCC13032
cg2500,Cgl2279,znR,Dual,cg1894,Cgl1679,nan,,,R,no,ChIP-seq (Internal Fused Prior),,Lab_Internal_ChIPseq,0.95,HIGH,ATCC13032_sample_Cgl2279,ATCC13032
cg3261,Cgl2947,nan,Dual,cg1894,Cgl1679,nan,,,R,no,ChIP-seq (Internal Fused Prior),,Lab_Internal_ChIPseq,0.95,HIGH,ATCC13032_sample_Cgl2947,ATCC13032
cg1068,Cgl0936,fur,Dual,cg1894,Cgl1679,nan,,,A,no,ChIP-seq (Internal Fused Prior),,Lab_Internal_ChIPseq,0.95,HIGH,ATCC13032_sample_FurHpl7,ATCC13032
cg1068,Cgl0936,fur,Dual,cg1894,Cgl1679,nan,,,A,no,ChIP-seq (Internal Fused Prior),,Lab_Internal_ChIPseq,0.95,HIGH,ATCC13032_sample_FurHpl8,ATCC13032
cg0492,Cgl0411,nan,Dual,cg1896,Cgl1681,nan,,,R,no,ChIP-seq (Internal Fused Prior),,Lab_Internal_ChIPseq,0.95,HIGH,ATCC13032_sample_Cgl0411,ATCC13032
cg1935,Cgl1718,gntR2,Dual,cg1896,Cgl1681,nan,,,R,no,ChIP-seq (Internal Fused Prior),,Lab_Internal_ChIPseq,0.95,HIGH,ATCC13032_sample_Cgl1718,ATCC13032
cg2527,Cgl2527,cg2527,Dual,cg1896,Cgl1681,nan,,,A,no,ChIP-seq (Internal Fused Prior),,Lab_Internal_ChIPseq,0.95,HIGH,ATCC13032_sample_Cgl2527,ATCC13032
cg2904,Cgl2621,nan,Dual,cg1896,Cgl1681,nan,,,R,no,ChIP-seq (Internal Fused Prior),,Lab_Internal_ChIPseq,0.95,HIGH,ATCC13032_sample_Cgl2621,ATCC13032
A3b,,A3b,Dual,nan,Cgl1691,nan,,,R,no,ChIP-seq (Internal Fused Prior),,Lab_Internal_ChIPseq,0.95,HIGH,ATCC13032_sample_A3b,ATCC13032
A3b,,A3b,Dual,cg1907,Cgl1692,nan,,,R,no,ChIP-seq (Internal Fused Prior),,Lab_Internal_ChIPseq,0.95,HIGH,ATCC13032_sample_A3b,ATCC13032
A3b,,A3b,Dual,cg1908,Cgl1693,nan,,,R,no,ChIP-seq (Internal Fused Prior),,Lab_Internal_ChIPseq,0.95,HIGH,ATCC13032_sample_A3b,ATCC13032
cg0146,Cgl0111,atlR,Dual,cg1909,Cgl1694,nan,,,A,no,ChIP-seq (Internal Fused Prior),,Lab_Internal_ChIPseq,0.95,HIGH,ATCC13032_sample_Cgl0111,ATCC13032
cg0719,Cgl0622,crtYe,Dual,cg1910,Cgl1695,nan,,,A,no,ChIP-seq (Internal Fused Prior),,Lab_Internal_ChIPseq,0.95,HIGH,ATCC13032_sample_Cgl0622,ATCC13032
cg1053,Cgl0923,nan,Dual,cg1910,Cgl1695,nan,,,R,no,ChIP-seq (Internal Fused Prior),,Lab_Internal_ChIPseq,0.95,HIGH,ATCC13032_sample_Cgl0923,ATCC13032
cg3384,Cgl3055,nan,Dual,cg1919,Cgl1704,nan,,,R,no,ChIP-seq (Internal Fused Prior),,Lab_Internal_ChIPseq,0.95,HIGH,ATCC13032_sample_Cgl3055,ATCC13032
cg1068,Cgl0936,fur,Dual,cg1929,Cgl1713,res,,,R,no,ChIP-seq (Internal Fused Prior),,Lab_Internal_ChIPseq,0.95,HIGH,ATCC13032_sample_FurH,ATCC13032
cg1068,Cgl0936,fur,Dual,cg1929,Cgl1713,res,,,R,no,ChIP-seq (Internal Fused Prior),,Lab_Internal_ChIPseq,0.95,HIGH,ATCC13032_sample_FurHpl6,ATCC13032
A3b,,A3b,Dual,cg1932,Cgl1716,ppp2,,,A,no,ChIP-seq (Internal Fused Prior),,Lab_Internal_ChIPseq,0.95,HIGH,ATCC13032_sample_A3b,ATCC13032
cg2888,Cgl2607,cgtR3(phoR),Dual,cg1932,Cgl1716,ppp2,,,R,no,ChIP-seq (Internal Fused Prior),,Lab_Internal_ChIPseq,0.95,HIGH,ATCC13032_sample_Cgl2607,ATCC13032
nan,Cgl1930,nan,Dual,cg1934,Cgl1717,nan,,,R,no,ChIP-seq (Internal Fused Prior),,Lab_Internal_ChIPseq,0.95,HIGH,ATCC13032_sample_Cgl1930,ATCC13032
cg0492,Cgl0411,nan,Dual,cg1935,Cgl1718,gntR2,,,R,no,ChIP-seq (Internal Fused Prior),,Lab_Internal_ChIPseq,0.95,HIGH,ATCC13032_sample_Cgl0411,ATCC13032
cg1068,Cgl0936,fur,Dual,cg1935,Cgl1718,gntR2,,,R,no,ChIP-seq (Internal Fused Prior),,Lab_Internal_ChIPseq,0.95,HIGH,ATCC13032_sample_FurH,ATCC13032
cg1068,Cgl0936,fur,Dual,cg1935,Cgl1718,gntR2,,,R,no,ChIP-seq (Internal Fused Prior),,Lab_Internal_ChIPseq,0.95,HIGH,ATCC13032_sample_FurHpl6,ATCC13032
cg1068,Cgl0936,fur,Dual,cg1935,Cgl1718,gntR2,,,R,no,ChIP-seq (Internal Fused Prior),,Lab_Internal_ChIPseq,0.95,HIGH,ATCC13032_sample_FurHpl7,ATCC13032
cg2109,Cgl1925,oxyR,Dual,cg1938,Cgl1721,nan,,,R,no,ChIP-seq (Internal Fused Prior),,Lab_Internal_ChIPseq,0.95,HIGH,ATCC13032_sample_Cgl1925,ATCC13032
cg2115,Cgl1931,sugR,Dual,cg1938,Cgl1721,nan,,,R,no,ChIP-seq (Internal Fused Prior),,Lab_Internal_ChIPseq,0.95,HIGH,ATCC13032_sample_Cgl1931,ATCC13032
cg1068,Cgl0936,fur,Dual,cg1938,Cgl1721,nan,,,R,no,ChIP-seq (Internal Fused Prior),,Lab_Internal_ChIPseq,0.95,HIGH,ATCC13032_sample_FurHpl5,ATCC13032
cg1068,Cgl0936,fur,Dual,cg1938,Cgl1721,nan,,,R,no,ChIP-seq (Internal Fused Prior),,Lab_Internal_ChIPseq,0.95,HIGH,ATCC13032_sample_FurHpl6,ATCC13032
cg0313,Cgl0257,lrp,Dual,cg1944,Cgl1726,nan,,,R,no,ChIP-seq (Internal Fused Prior),,Lab_Internal_ChIPseq,0.95,HIGH,ATCC13032_sample_Cgl0257,ATCC13032
cg0350,Cgl0291,glxR,Dual,cg1944,Cgl1726,nan,,,R,no,ChIP-seq (Internal Fused Prior),,Lab_Internal_ChIPseq,0.95,HIGH,ATCC13032_sample_Cgl0291,ATCC13032
cg1053,Cgl0923,nan,Dual,cg1944,Cgl1726,nan,,,R,no,ChIP-seq (Internal Fused Prior),,Lab_Internal_ChIPseq,0.95,HIGH,ATCC13032_sample_Cgl0923,ATCC13032
cg1410,Cgl1251,rbsR,Dual,cg1944,Cgl1726,nan,,,R,no,ChIP-seq (Internal Fused Prior),,Lab_Internal_ChIPseq,0.95,HIGH,ATCC13032_sample_Cgl1251,ATCC13032
cg1464,Cgl1294,nan,Dual,cg1944,Cgl1726,nan,,,R,no,ChIP-seq (Internal Fused Prior),,Lab_Internal_ChIPseq,0.95,HIGH,ATCC13032_sample_Cgl1294,ATCC13032
cg1935,Cgl1718,gntR2,Dual,cg1944,Cgl1726,nan,,,R,no,ChIP-seq (Internal Fused Prior),,Lab_Internal_ChIPseq,0.95,HIGH,ATCC13032_sample_Cgl1718,ATCC13032
cg2260,Cgl2060,glnK,Dual,cg1944,Cgl1726,nan,,,R,no,ChIP-seq (Internal Fused Prior),,Lab_Internal_ChIPseq,0.95,HIGH,ATCC13032_sample_Cgl2060,ATCC13032
A2b,,A2b,Dual,cg1945,Cgl1727,nan,,,R,no,ChIP-seq (Internal Fused Prior),,Lab_Internal_ChIPseq,0.95,HIGH,ATCC13032_sample_A2b,ATCC13032
cg1585,Cgl1399,argR,Dual,cg1945,Cgl1727,nan,,,R,no,ChIP-seq (Internal Fused Prior),,Lab_Internal_ChIPseq,0.95,HIGH,ATCC13032_sample_Cgl1399,ATCC13032
cg2910,Cgl2627,ipsA,Dual,cg1945,Cgl1727,nan,,,R,no,ChIP-seq (Internal Fused Prior),,Lab_Internal_ChIPseq,0.95,HIGH,ATCC13032_sample_Cgl2627,ATCC13032
cg2942,Cgl2657,nan,Dual,cg1945,Cgl1727,nan,,,R,no,ChIP-seq (Internal Fused Prior),,Lab_Internal_ChIPseq,0.95,HIGH,ATCC13032_sample_Cgl2657,ATCC13032
cg2527,Cgl2527,cg2527,Dual,cg1948,Cgl1730,nan,,,R,no,ChIP-seq (Internal Fused Prior),,Lab_Internal_ChIPseq,0.95,HIGH,ATCC13032_sample_Cgl2527,ATCC13032
cg3384,Cgl3055,nan,Dual,cg1948,Cgl1730,nan,,,R,no,ChIP-seq (Internal Fused Prior),,Lab_Internal_ChIPseq,0.95,HIGH,ATCC13032_sample_Cgl3055,ATCC13032
A2b,,A2b,Dual,cg1951,Cgl1734,tnp14a(ISCg14a),,,R,no,ChIP-seq (Internal Fused Prior),,Lab_Internal_ChIPseq,0.95,HIGH,ATCC13032_sample_A2b,ATCC13032
cg0719,Cgl0622,crtYe,Dual,cg1951,Cgl1734,tnp14a(ISCg14a),,,A,no,ChIP-seq (Internal Fused Prior),,Lab_Internal_ChIPseq,0.95,HIGH,ATCC13032_sample_Cgl0622,ATCC13032
cg1218,Cgl1070,nrtR,Dual,cg1951,Cgl1734,tnp14a(ISCg14a),,,R,no,ChIP-seq (Internal Fused Prior),,Lab_Internal_ChIPseq,0.95,HIGH,ATCC13032_sample_Cgl1070,ATCC13032
cg1068,Cgl0936,fur,Dual,cg1951,Cgl1734,tnp14a(ISCg14a),,,R,no,ChIP-seq (Internal Fused Prior),,Lab_Internal_ChIPseq,0.95,HIGH,ATCC13032_sample_FurHpl6,ATCC13032
cg0527,Cgl0445,glyR,Dual,cg1954,Cgl1735,nan,,,A,no,ChIP-seq (Internal Fused Prior),,Lab_Internal_ChIPseq,0.95,HIGH,ATCC13032_sample_Cgl0445,ATCC13032
A2b,,A2b,Dual,cg1978,Cgl1757,nan,,,R,no,ChIP-seq (Internal Fused Prior),,Lab_Internal_ChIPseq,0.95,HIGH,ATCC13032_sample_A2b,ATCC13032
cg0156,Cgl0121,cysR,Dual,cg1980,Cgl1758,nan,,,A,no,ChIP-seq (Internal Fused Prior),,Lab_Internal_ChIPseq,0.95,HIGH,ATCC13032_sample_Cgl0121,ATCC13032
cg0725,Cgl0627,crtR,Dual,cg1980,Cgl1758,nan,,,R,no,ChIP-seq (Internal Fused Prior),,Lab_Internal_ChIPseq,0.95,HIGH,ATCC13032_sample_Cgl0627,ATCC13032
cg0787,Cgl0685,nan,Dual,cg1980,Cgl1758,nan,,,R,no,ChIP-seq (Internal Fused Prior),,Lab_Internal_ChIPseq,0.95,HIGH,ATCC13032_sample_Cgl0685,ATCC13032
cg0800,Cgl0698,prpR,Dual,cg1980,Cgl1758,nan,,,R,no,ChIP-seq (Internal Fused Prior),,Lab_Internal_ChIPseq,0.95,HIGH,ATCC13032_sample_Cgl0698,ATCC13032
cg0897,Cgl0787,pdxR,Dual,cg1980,Cgl1758,nan,,,R,no,ChIP-seq (Internal Fused Prior),,Lab_Internal_ChIPseq,0.95,HIGH,ATCC13032_sample_Cgl0787,ATCC13032
cg0993,Cgl0871,nan,Dual,cg1980,Cgl1758,nan,,,R,no,ChIP-seq (Internal Fused Prior),,Lab_Internal_ChIPseq,0.95,HIGH,ATCC13032_sample_Cgl0871,ATCC13032
cg0996,Cgl0874,cgtR2,Dual,cg1980,Cgl1758,nan,,,R,no,ChIP-seq (Internal Fused Prior),,Lab_Internal_ChIPseq,0.95,HIGH,ATCC13032_sample_Cgl0874,ATCC13032
cg1324,Cgl1171,rosR,Dual,cg1980,Cgl1758,nan,,,R,no,ChIP-seq (Internal Fused Prior),,Lab_Internal_ChIPseq,0.95,HIGH,ATCC13032_sample_Cgl1171,ATCC13032
cg1935,Cgl1718,gntR2,Dual,cg1980,Cgl1758,nan,,,R,no,ChIP-seq (Internal Fused Prior),,Lab_Internal_ChIPseq,0.95,HIGH,ATCC13032_sample_Cgl1718,ATCC13032
cg2115,Cgl1931,sugR,Dual,cg1980,Cgl1758,nan,,,R,no,ChIP-seq (Internal Fused Prior),,Lab_Internal_ChIPseq,0.95,HIGH,ATCC13032_sample_Cgl1931,ATCC13032
cg2260,Cgl2060,glnK,Dual,cg1980,Cgl1758,nan,,,R,no,ChIP-seq (Internal Fused Prior),,Lab_Internal_ChIPseq,0.95,HIGH,ATCC13032_sample_Cgl2060,ATCC13032
cg2500,Cgl2279,znR,Dual,cg1980,Cgl1758,nan,,,R,no,ChIP-seq (Internal Fused Prior),,Lab_Internal_ChIPseq,0.95,HIGH,ATCC13032_sample_Cgl2279,ATCC13032
cg2502,Cgl2280,fur,Dual,cg1980,Cgl1758,nan,,,R,no,ChIP-seq (Internal Fused Prior),,Lab_Internal_ChIPseq,0.95,HIGH,ATCC13032_sample_Cgl2280,ATCC13032
cg1068,Cgl0936,fur,Dual,cg1980,Cgl1758,nan,,,R,no,ChIP-seq (Internal Fused Prior),,Lab_Internal_ChIPseq,0.95,HIGH,ATCC13032_sample_FurH,ATCC13032
cg1068,Cgl0936,fur,Dual,cg1980,Cgl1758,nan,,,R,no,ChIP-seq (Internal Fused Prior),,Lab_Internal_ChIPseq,0.95,HIGH,ATCC13032_sample_FurHpl5,ATCC13032
cg1068,Cgl0936,fur,Dual,cg1980,Cgl1758,nan,,,R,no,ChIP-seq (Internal Fused Prior),,Lab_Internal_ChIPseq,0.95,HIGH,ATCC13032_sample_FurHpl6,ATCC13032
cg1068,Cgl0936,fur,Dual,cg1980,Cgl1758,nan,,,R,no,ChIP-seq (Internal Fused Prior),,Lab_Internal_ChIPseq,0.95,HIGH,ATCC13032_sample_FurHpl7,ATCC13032
cg1068,Cgl0936,fur,Dual,cg1980,Cgl1758,nan,,,R,no,ChIP-seq (Internal Fused Prior),,Lab_Internal_ChIPseq,0.95,HIGH,ATCC13032_sample_Furpl10,ATCC13032
cg2627,Cgl2394,nan,Dual,cg1985,Cgl1765,nan,,,A,no,ChIP-seq (Internal Fused Prior),,Lab_Internal_ChIPseq,0.95,HIGH,ATCC13032_sample_Cgl2394,ATCC13032
cg2527,Cgl2527,cg2527,Dual,cg1985,Cgl1765,nan,,,R,no,ChIP-seq (Internal Fused Prior),,Lab_Internal_ChIPseq,0.95,HIGH,ATCC13032_sample_Cgl2527,ATCC13032
cg2627,Cgl2394,nan,Dual,cg1986,Cgl1766,nan,,,A,no,ChIP-seq (Internal Fused Prior),,Lab_Internal_ChIPseq,0.95,HIGH,ATCC13032_sample_Cgl2394,ATCC13032
cg2527,Cgl2527,cg2527,Dual,cg1986,Cgl1766,nan,,,R,no,ChIP-seq (Internal Fused Prior),,Lab_Internal_ChIPseq,0.95,HIGH,ATCC13032_sample_Cgl2527,ATCC13032
cg2627,Cgl2394,nan,Dual,cg1987,Cgl1767,nan,,,A,no,ChIP-seq (Internal Fused Prior),,Lab_Internal_ChIPseq,0.95,HIGH,ATCC13032_sample_Cgl2394,ATCC13032
cg2527,Cgl2527,cg2527,Dual,cg1987,Cgl1767,nan,,,R,no,ChIP-seq (Internal Fused Prior),,Lab_Internal_ChIPseq,0.95,HIGH,ATCC13032_sample_Cgl2527,ATCC13032
cg1068,Cgl0936,fur,Dual,cg1988,Cgl1768,nan,,,R,no,ChIP-seq (Internal Fused Prior),,Lab_Internal_ChIPseq,0.95,HIGH,ATCC13032_sample_FurHpl5,ATCC13032
cg1068,Cgl0936,fur,Dual,cg1989,Cgl1769,nan,,,R,no,ChIP-seq (Internal Fused Prior),,Lab_Internal_ChIPseq,0.95,HIGH,ATCC13032_sample_FurHpl5,ATCC13032
cg1068,Cgl0936,fur,Dual,cg1990,Cgl1770,nan,,,R,no,ChIP-seq (Internal Fused Prior),,Lab_Internal_ChIPseq,0.95,HIGH,ATCC13032_sample_FurHpl5,ATCC13032
cg1068,Cgl0936,fur,Dual,cg1991,Cgl1771,nan,,,R,no,ChIP-seq (Internal Fused Prior),,Lab_Internal_ChIPseq,0.95,HIGH,ATCC13032_sample_FurHpl5,ATCC13032
cg0484,Cgl0404,cgtR4,Dual,cg2000,Cgl1780,nan,,,R,no,ChIP-seq (Internal Fused Prior),,Lab_Internal_ChIPseq,0.95,HIGH,ATCC13032_sample_Cgl0404,ATCC13032
cg1218,Cgl1070,nrtR,Dual,cg2005,Cgl1786,nan,,,R,no,ChIP-seq (Internal Fused Prior),,Lab_Internal_ChIPseq,0.95,HIGH,ATCC13032_sample_Cgl1070,ATCC13032
cg3239,Cgl2928,nan,Dual,cg2005,Cgl1786,nan,,,R,no,ChIP-seq (Internal Fused Prior),,Lab_Internal_ChIPseq,0.95,HIGH,ATCC13032_sample_Cgl2928,ATCC13032
cg0787,Cgl0685,nan,Dual,cg2006,Cgl1787,nan,,,A,no,ChIP-seq (Internal Fused Prior),,Lab_Internal_ChIPseq,0.95,HIGH,ATCC13032_sample_Cgl0685,ATCC13032
cg2910,Cgl2627,ipsA,Dual,cg2006,Cgl1787,nan,,,A,no,ChIP-seq (Internal Fused Prior),,Lab_Internal_ChIPseq,0.95,HIGH,ATCC13032_sample_Cgl2627,ATCC13032
cg0484,Cgl0404,cgtR4,Dual,cg2008,Cgl1789,nan,,,R,no,ChIP-seq (Internal Fused Prior),,Lab_Internal_ChIPseq,0.95,HIGH,ATCC13032_sample_Cgl0404,ATCC13032
cg0492,Cgl0411,nan,Dual,cg2008,Cgl1789,nan,,,R,no,ChIP-seq (Internal Fused Prior),,Lab_Internal_ChIPseq,0.95,HIGH,ATCC13032_sample_Cgl0411,ATCC13032
cg2942,Cgl2657,nan,Dual,cg2008,Cgl1789,nan,,,R,no,ChIP-seq (Internal Fused Prior),,Lab_Internal_ChIPseq,0.95,HIGH,ATCC13032_sample_Cgl2657,ATCC13032
cg3001,Cgl2711,cosR,Dual,cg2012,Cgl1793,nan,,,R,no,ChIP-seq (Internal Fused Prior),,Lab_Internal_ChIPseq,0.95,HIGH,ATCC13032_sample_Cgl2711,ATCC13032
cg1068,Cgl0936,fur,Dual,cg2015,Cgl1795,nan,,,R,no,ChIP-seq (Internal Fused Prior),,Lab_Internal_ChIPseq,0.95,HIGH,ATCC13032_sample_FurHpl6,ATCC13032
cg1068,Cgl0936,fur,Dual,cg2016,Cgl1796,nan,,,A,no,ChIP-seq (Internal Fused Prior),,Lab_Internal_ChIPseq,0.95,HIGH,ATCC13032_sample_FurH,ATCC13032
cg1068,Cgl0936,fur,Dual,cg2016,Cgl1796,nan,,,A,no,ChIP-seq (Internal Fused Prior),,Lab_Internal_ChIPseq,0.95,HIGH,ATCC13032_sample_FurHpl5,ATCC13032
cg1068,Cgl0936,fur,Dual,cg2016,Cgl1796,nan,,,A,no,ChIP-seq (Internal Fused Prior),,Lab_Internal_ChIPseq,0.95,HIGH,ATCC13032_sample_FurHpl8,ATCC13032
A2b,,A2b,Dual,cg2017,Cgl1797,nan,,,R,no,ChIP-seq (Internal Fused Prior),,Lab_Internal_ChIPseq,0.95,HIGH,ATCC13032_sample_A2b,ATCC13032
cg2904,Cgl2621,nan,Dual,cg2024,Cgl1804,nan,,,R,no,ChIP-seq (Internal Fused Prior),,Lab_Internal_ChIPseq,0.95,HIGH,ATCC13032_sample_Cgl2621,ATCC13032
cg3230,Cgl2920,nan,Dual,cg2025,Cgl1805,nan,,,R,no,ChIP-seq (Internal Fused Prior),,Lab_Internal_ChIPseq,0.95,HIGH,ATCC13032_sample_Cgl2920,ATCC13032
cg3384,Cgl3055,nan,Dual,cg2026,Cgl1806,nan,,,R,no,ChIP-seq (Internal Fused Prior),,Lab_Internal_ChIPseq,0.95,HIGH,ATCC13032_sample_Cgl3055,ATCC13032
cg0019,Cgl0016,nan,Dual,cg2030,Cgl1810,nan,,,A,no,ChIP-seq (Internal Fused Prior),,Lab_Internal_ChIPseq,0.95,HIGH,ATCC13032_sample_Cgl0016,ATCC13032
cg0156,Cgl0121,cysR,Dual,cg2030,Cgl1810,nan,,,A,no,ChIP-seq (Internal Fused Prior),,Lab_Internal_ChIPseq,0.95,HIGH,ATCC13032_sample_Cgl0121,ATCC13032
cg2615,Cgl2382,vanR,Dual,cg2030,Cgl1810,nan,,,A,no,ChIP-seq (Internal Fused Prior),,Lab_Internal_ChIPseq,0.95,HIGH,ATCC13032_sample_Cgl2382,ATCC13032
cg2910,Cgl2627,ipsA,Dual,cg2030,Cgl1810,nan,,,A,no,ChIP-seq (Internal Fused Prior),,Lab_Internal_ChIPseq,0.95,HIGH,ATCC13032_sample_Cgl2627,ATCC13032
cg1068,Cgl0936,fur,Dual,cg2030,Cgl1810,nan,,,A,no,ChIP-seq (Internal Fused Prior),,Lab_Internal_ChIPseq,0.95,HIGH,ATCC13032_sample_FurHpl5,ATCC13032
cg0737,Cgl0637,nan,Dual,cg2031,Cgl1811,nan,,,R,no,ChIP-seq (Internal Fused Prior),,Lab_Internal_ChIPseq,0.95,HIGH,ATCC13032_sample_Cgl0637,ATCC13032
cg0996,Cgl0874,cgtR2,Dual,cg2031,Cgl1811,nan,,,R,no,ChIP-seq (Internal Fused Prior),,Lab_Internal_ChIPseq,0.95,HIGH,ATCC13032_sample_Cgl0874,ATCC13032
cg2641,Cgl2408,benR,Dual,cg2031,Cgl1811,nan,,,R,no,ChIP-seq (Internal Fused Prior),,Lab_Internal_ChIPseq,0.95,HIGH,ATCC13032_sample_Cgl2408,ATCC13032
cg2648,Cgl2415,nan,Dual,cg2031,Cgl1811,nan,,,R,no,ChIP-seq (Internal Fused Prior),,Lab_Internal_ChIPseq,0.95,HIGH,ATCC13032_sample_Cgl2415,ATCC13032
A2b,,A2b,Dual,cg2033,Cgl1813,nan,,,R,no,ChIP-seq (Internal Fused Prior),,Lab_Internal_ChIPseq,0.95,HIGH,ATCC13032_sample_A2b,ATCC13032
A2b,,A2b,Dual,cg2034,Cgl1814,nan,,,A,no,ChIP-seq (Internal Fused Prior),,Lab_Internal_ChIPseq,0.95,HIGH,ATCC13032_sample_A2b,ATCC13032
cg2888,Cgl2607,cgtR3(phoR),Dual,cg2034,Cgl1814,nan,,,R,no,ChIP-seq (Internal Fused Prior),,Lab_Internal_ChIPseq,0.95,HIGH,ATCC13032_sample_Cgl2607,ATCC13032
cg2102,Cgl1919,sigB,Dual,cg2036,Cgl1816,nan,,,R,no,ChIP-seq (Internal Fused Prior),,Lab_Internal_ChIPseq,0.95,HIGH,ATCC13032_sample_Cgl1919,ATCC13032
cg2109,Cgl1925,oxyR,Dual,cg2036,Cgl1816,nan,,,R,no,ChIP-seq (Internal Fused Prior),,Lab_Internal_ChIPseq,0.95,HIGH,ATCC13032_sample_Cgl1925,ATCC13032
cg2946,Cgl2661,nan,Dual,cg2036,Cgl1816,nan,,,R,no,ChIP-seq (Internal Fused Prior),,Lab_Internal_ChIPseq,0.95,HIGH,ATCC13032_sample_Cgl2661,ATCC13032
cg2942,Cgl2657,nan,Dual,cg2037,Cgl1817,nan,,,A,no,ChIP-seq (Internal Fused Prior),,Lab_Internal_ChIPseq,0.95,HIGH,ATCC13032_sample_Cgl2657,ATCC13032
cg0897,Cgl0787,pdxR,Dual,cg2039,Cgl1819,nan,,,R,no,ChIP-seq (Internal Fused Prior),,Lab_Internal_ChIPseq,0.95,HIGH,ATCC13032_sample_Cgl0787,ATCC13032
cg2502,Cgl2280,fur,Dual,cg2039,Cgl1819,nan,,,R,no,ChIP-seq (Internal Fused Prior),,Lab_Internal_ChIPseq,0.95,HIGH,ATCC13032_sample_Cgl2280,ATCC13032
cg1068,Cgl0936,fur,Dual,cg2039,Cgl1819,nan,,,R,no,ChIP-seq (Internal Fused Prior),,Lab_Internal_ChIPseq,0.95,HIGH,ATCC13032_sample_FurH,ATCC13032
cg1068,Cgl0936,fur,Dual,cg2039,Cgl1819,nan,,,R,no,ChIP-seq (Internal Fused Prior),,Lab_Internal_ChIPseq,0.95,HIGH,ATCC13032_sample_FurHpl6,ATCC13032
cg1068,Cgl0936,fur,Dual,cg2039,Cgl1819,nan,,,R,no,ChIP-seq (Internal Fused Prior),,Lab_Internal_ChIPseq,0.95,HIGH,ATCC13032_sample_FurHpl8,ATCC13032
cg1068,Cgl0936,fur,Dual,cg2039,Cgl1819,nan,,,R,no,ChIP-seq (Internal Fused Prior),,Lab_Internal_ChIPseq,0.95,HIGH,ATCC13032_sample_Furpl10,ATCC13032
cg0527,Cgl0445,glyR,Dual,cg2040,Cgl1820,nan,,,A,no,ChIP-seq (Internal Fused Prior),,Lab_Internal_ChIPseq,0.95,HIGH,ATCC13032_sample_Cgl0445,ATCC13032
cg3247,Cgl2935,cgtR11(hrrA),Dual,cg2040,Cgl1820,nan,,,R,no,ChIP-seq (Internal Fused Prior),,Lab_Internal_ChIPseq,0.95,HIGH,ATCC13032_sample_Cgl2935,ATCC13032
A2b,,A2b,Dual,cg2047,Cgl1826,nan,,,R,no,ChIP-seq (Internal Fused Prior),,Lab_Internal_ChIPseq,0.95,HIGH,ATCC13032_sample_A2b,ATCC13032
cg0993,Cgl0871,nan,Dual,cg2047,Cgl1826,nan,,,R,no,ChIP-seq (Internal Fused Prior),,Lab_Internal_ChIPseq,0.95,HIGH,ATCC13032_sample_Cgl0871,ATCC13032
cg2260,Cgl2060,glnK,Dual,cg2048,Cgl1828,nan,,,A,no,ChIP-seq (Internal Fused Prior),,Lab_Internal_ChIPseq,0.95,HIGH,ATCC13032_sample_Cgl2060,ATCC13032
A3b,,A3b,Dual,cg2052,Cgl1831,nan,,,R,no,ChIP-seq (Internal Fused Prior),,Lab_Internal_ChIPseq,0.95,HIGH,ATCC13032_sample_A3b,ATCC13032
cg0146,Cgl0111,atlR,Dual,cg2052,Cgl1831,nan,,,A,no,ChIP-seq (Internal Fused Prior),,Lab_Internal_ChIPseq,0.95,HIGH,ATCC13032_sample_Cgl0111,ATCC13032
cg0527,Cgl0445,glyR,Dual,cg2052,Cgl1831,nan,,,A,no,ChIP-seq (Internal Fused Prior),,Lab_Internal_ChIPseq,0.95,HIGH,ATCC13032_sample_Cgl0445,ATCC13032
cg0800,Cgl0698,prpR,Dual,cg2052,Cgl1831,nan,,,R,no,ChIP-seq (Internal Fused Prior),,Lab_Internal_ChIPseq,0.95,HIGH,ATCC13032_sample_Cgl0698,ATCC13032
A3b,,A3b,Dual,cg2053,Cgl1832,nan,,,R,no,ChIP-seq (Internal Fused Prior),,Lab_Internal_ChIPseq,0.95,HIGH,ATCC13032_sample_A3b,ATCC13032
cg0146,Cgl0111,atlR,Dual,cg2053,Cgl1832,nan,,,R,no,ChIP-seq (Internal Fused Prior),,Lab_Internal_ChIPseq,0.95,HIGH,ATCC13032_sample_Cgl0111,ATCC13032
cg0527,Cgl0445,glyR,Dual,cg2053,Cgl1832,nan,,,R,no,ChIP-seq (Internal Fused Prior),,Lab_Internal_ChIPseq,0.95,HIGH,ATCC13032_sample_Cgl0445,ATCC13032
cg0800,Cgl0698,prpR,Dual,cg2053,Cgl1832,nan,,,R,no,ChIP-seq (Internal Fused Prior),,Lab_Internal_ChIPseq,0.95,HIGH,ATCC13032_sample_Cgl0698,ATCC13032
cg3384,Cgl3055,nan,Dual,cg2053,Cgl1832,nan,,,R,no,ChIP-seq (Internal Fused Prior),,Lab_Internal_ChIPseq,0.95,HIGH,ATCC13032_sample_Cgl3055,ATCC13032
cg3001,Cgl2711,cosR,Dual,cg2054,Cgl1833,nan,,,R,no,ChIP-seq (Internal Fused Prior),,Lab_Internal_ChIPseq,0.95,HIGH,ATCC13032_sample_Cgl2711,ATCC13032
cg1068,Cgl0936,fur,Dual,cg2054,Cgl1833,nan,,,R,no,ChIP-seq (Internal Fused Prior),,Lab_Internal_ChIPseq,0.95,HIGH,ATCC13032_sample_FurHpl5,ATCC13032
cg1068,Cgl0936,fur,Dual,cg2054,Cgl1833,nan,,,R,no,ChIP-seq (Internal Fused Prior),,Lab_Internal_ChIPseq,0.95,HIGH,ATCC13032_sample_FurHpl7,ATCC13032
cg1068,Cgl0936,fur,Dual,cg2054,Cgl1833,nan,,,R,no,ChIP-seq (Internal Fused Prior),,Lab_Internal_ChIPseq,0.95,HIGH,ATCC13032_sample_Furpl10,ATCC13032
cg3001,Cgl2711,cosR,Dual,cg2055,Cgl1834,nan,,,R,no,ChIP-seq (Internal Fused Prior),,Lab_Internal_ChIPseq,0.95,HIGH,ATCC13032_sample_Cgl2711,ATCC13032
cg1068,Cgl0936,fur,Dual,cg2055,Cgl1834,nan,,,R,no,ChIP-seq (Internal Fused Prior),,Lab_Internal_ChIPseq,0.95,HIGH,ATCC13032_sample_FurHpl5,ATCC13032
cg1068,Cgl0936,fur,Dual,cg2055,Cgl1834,nan,,,R,no,ChIP-seq (Internal Fused Prior),,Lab_Internal_ChIPseq,0.95,HIGH,ATCC13032_sample_FurHpl7,ATCC13032
cg1068,Cgl0936,fur,Dual,cg2055,Cgl1834,nan,,,R,no,ChIP-seq (Internal Fused Prior),,Lab_Internal_ChIPseq,0.95,HIGH,ATCC13032_sample_Furpl10,ATCC13032
cg3001,Cgl2711,cosR,Dual,cg2056,Cgl1835,nan,,,R,no,ChIP-seq (Internal Fused Prior),,Lab_Internal_ChIPseq,0.95,HIGH,ATCC13032_sample_Cgl2711,ATCC13032
cg1068,Cgl0936,fur,Dual,cg2056,Cgl1835,nan,,,R,no,ChIP-seq (Internal Fused Prior),,Lab_Internal_ChIPseq,0.95,HIGH,ATCC13032_sample_FurHpl5,ATCC13032
cg1068,Cgl0936,fur,Dual,cg2056,Cgl1835,nan,,,R,no,ChIP-seq (Internal Fused Prior),,Lab_Internal_ChIPseq,0.95,HIGH,ATCC13032_sample_FurHpl7,ATCC13032
cg1068,Cgl0936,fur,Dual,cg2056,Cgl1835,nan,,,R,no,ChIP-seq (Internal Fused Prior),,Lab_Internal_ChIPseq,0.95,HIGH,ATCC13032_sample_Furpl10,ATCC13032
A2b,,A2b,Dual,cg2057,Cgl1836,nan,,,R,no,ChIP-seq (Internal Fused Prior),,Lab_Internal_ChIPseq,0.95,HIGH,ATCC13032_sample_A2b,ATCC13032
cg0719,Cgl0622,crtYe,Dual,cg2057,Cgl1836,nan,,,R,no,ChIP-seq (Internal Fused Prior),,Lab_Internal_ChIPseq,0.95,HIGH,ATCC13032_sample_Cgl0622,ATCC13032
cg0800,Cgl0698,prpR,Dual,cg2057,Cgl1836,nan,,,R,no,ChIP-seq (Internal Fused Prior),,Lab_Internal_ChIPseq,0.95,HIGH,ATCC13032_sample_Cgl0698,ATCC13032
cg3001,Cgl2711,cosR,Dual,cg2057,Cgl1836,nan,,,R,no,ChIP-seq (Internal Fused Prior),,Lab_Internal_ChIPseq,0.95,HIGH,ATCC13032_sample_Cgl2711,ATCC13032
cg1053,Cgl0923,nan,Dual,cg2067,Cgl1846,nan,,,R,no,ChIP-seq (Internal Fused Prior),,Lab_Internal_ChIPseq,0.95,HIGH,ATCC13032_sample_Cgl0923,ATCC13032
cg2942,Cgl2657,nan,Dual,cg2067,Cgl1846,nan,,,R,no,ChIP-seq (Internal Fused Prior),,Lab_Internal_ChIPseq,0.95,HIGH,ATCC13032_sample_Cgl2657,ATCC13032
cg3239,Cgl2928,nan,Dual,cg2067,Cgl1846,nan,,,R,no,ChIP-seq (Internal Fused Prior),,Lab_Internal_ChIPseq,0.95,HIGH,ATCC13032_sample_Cgl2928,ATCC13032
cg3261,Cgl2947,nan,Dual,cg2084,Cgl1903,nan,,,A,no,ChIP-seq (Internal Fused Prior),,Lab_Internal_ChIPseq,0.95,HIGH,ATCC13032_sample_Cgl2947,ATCC13032
cg0702,Cgl0606,nan,Dual,cg2085,Cgl1904,nan,,,R,no,ChIP-seq (Internal Fused Prior),,Lab_Internal_ChIPseq,0.95,HIGH,ATCC13032_sample_Cgl0606,ATCC13032
cg2831,Cgl2560,ramA,Dual,cg2085,Cgl1904,nan,,,R,no,ChIP-seq (Internal Fused Prior),,Lab_Internal_ChIPseq,0.95,HIGH,ATCC13032_sample_Cgl2560,ATCC13032
cg2268,Cgl2068,nan,Dual,cg2110,Cgl1926,nan,,,R,no,ChIP-seq (Internal Fused Prior),,Lab_Internal_ChIPseq,0.95,HIGH,ATCC13032_sample_Cgl2068,ATCC13032
cg0800,Cgl0698,prpR,Dual,cg2113,Cgl1929,nan,,,A,no,ChIP-seq (Internal Fused Prior),,Lab_Internal_ChIPseq,0.95,HIGH,ATCC13032_sample_Cgl0698,ATCC13032
cg1410,Cgl1251,rbsR,Dual,cg2113,Cgl1929,nan,,,R,no,ChIP-seq (Internal Fused Prior),,Lab_Internal_ChIPseq,0.95,HIGH,ATCC13032_sample_Cgl1251,ATCC13032
cg3001,Cgl2711,cosR,Dual,cg2113,Cgl1929,nan,,,R,no,ChIP-seq (Internal Fused Prior),,Lab_Internal_ChIPseq,0.95,HIGH,ATCC13032_sample_Cgl2711,ATCC13032
A2b,,A2b,Dual,cg2117,Cgl1933,ptsI,,,R,no,ChIP-seq (Internal Fused Prior),,Lab_Internal_ChIPseq,0.95,HIGH,ATCC13032_sample_A2b,ATCC13032
cg1308,Cgl1157,rhcR,Dual,cg2117,Cgl1933,ptsI,,,R,no,ChIP-seq (Internal Fused Prior),,Lab_Internal_ChIPseq,0.95,HIGH,ATCC13032_sample_Cgl1157,ATCC13032
cg2115,Cgl1931,sugR,Dual,cg2117,Cgl1933,ptsI,,,R,no,ChIP-seq (Internal Fused Prior),,Lab_Internal_ChIPseq,0.95,HIGH,ATCC13032_sample_Cgl1931,ATCC13032
cg2942,Cgl2657,nan,Dual,cg2117,Cgl1933,ptsI,,,R,no,ChIP-seq (Internal Fused Prior),,Lab_Internal_ChIPseq,0.95,HIGH,ATCC13032_sample_Cgl2657,ATCC13032
cg1068,Cgl0936,fur,Dual,cg2117,Cgl1933,ptsI,,,R,no,ChIP-seq (Internal Fused Prior),,Lab_Internal_ChIPseq,0.95,HIGH,ATCC13032_sample_FurH,ATCC13032
cg2102,Cgl1919,sigB,Dual,cg2127,Cgl1941,nan,,,A,no,ChIP-seq (Internal Fused Prior),,Lab_Internal_ChIPseq,0.95,HIGH,ATCC13032_sample_Cgl1919,ATCC13032
cg3261,Cgl2947,nan,Dual,cg2129,Cgl1943,dapF,,,A,no,ChIP-seq (Internal Fused Prior),,Lab_Internal_ChIPseq,0.95,HIGH,ATCC13032_sample_Cgl2947,ATCC13032
cg3261,Cgl2947,nan,Dual,cg2134,Cgl1948,nan,,,R,no,ChIP-seq (Internal Fused Prior),,Lab_Internal_ChIPseq,0.95,HIGH,ATCC13032_sample_Cgl2947,ATCC13032
cg3384,Cgl3055,nan,Dual,cg2134,Cgl1948,nan,,,A,no,ChIP-seq (Internal Fused Prior),,Lab_Internal_ChIPseq,0.95,HIGH,ATCC13032_sample_Cgl3055,ATCC13032
cg2888,Cgl2607,cgtR3(phoR),Dual,cg2137,Cgl1951,gluB,,,A,no,ChIP-seq (Internal Fused Prior),,Lab_Internal_ChIPseq,0.95,HIGH,ATCC13032_sample_Cgl2607,ATCC13032
cg3384,Cgl3055,nan,Dual,cg2137,Cgl1951,gluB,,,R,no,ChIP-seq (Internal Fused Prior),,Lab_Internal_ChIPseq,0.95,HIGH,ATCC13032_sample_Cgl3055,ATCC13032
cg2651,Cgl2418,nan,Dual,cg2140,Cgl1954,recX,,,A,no,ChIP-seq (Internal Fused Prior),,Lab_Internal_ChIPseq,0.95,HIGH,ATCC13032_sample_Cgl2418,ATCC13032
cg0436,Cgl0395,amtR,Dual,cg2152,Cgl1962,clgR,,,A,no,ChIP-seq (Internal Fused Prior),,Lab_Internal_ChIPseq,0.95,HIGH,ATCC13032_sample_AmtRH,ATCC13032
cg0436,Cgl0395,amtR,Dual,cg2152,Cgl1962,clgR,,,A,no,ChIP-seq (Internal Fused Prior),,Lab_Internal_ChIPseq,0.95,HIGH,ATCC13032_sample_AmtRpl5,ATCC13032
cg0436,Cgl0395,amtR,Dual,cg2152,Cgl1962,clgR,,,A,no,ChIP-seq (Internal Fused Prior),,Lab_Internal_ChIPseq,0.95,HIGH,ATCC13032_sample_AmtRpl6,ATCC13032
cg0436,Cgl0395,amtR,Dual,cg2152,Cgl1962,clgR,,,A,no,ChIP-seq (Internal Fused Prior),,Lab_Internal_ChIPseq,0.95,HIGH,ATCC13032_sample_AmtRpl7,ATCC13032
cg0436,Cgl0395,amtR,Dual,cg2152,Cgl1962,clgR,,,A,no,ChIP-seq (Internal Fused Prior),,Lab_Internal_ChIPseq,0.95,HIGH,ATCC13032_sample_AmtRpl8,ATCC13032
cg0986,Cgl0863,amtR,Dual,cg2152,Cgl1962,clgR,,,A,no,ChIP-seq (Internal Fused Prior),,Lab_Internal_ChIPseq,0.95,HIGH,ATCC13032_sample_Cgl0863,ATCC13032
cg1053,Cgl0923,nan,Dual,cg2152,Cgl1962,clgR,,,A,no,ChIP-seq (Internal Fused Prior),,Lab_Internal_ChIPseq,0.95,HIGH,ATCC13032_sample_Cgl0923,ATCC13032
cg1585,Cgl1399,argR,Dual,cg2152,Cgl1962,clgR,,,A,no,ChIP-seq (Internal Fused Prior),,Lab_Internal_ChIPseq,0.95,HIGH,ATCC13032_sample_Cgl1399,ATCC13032
cg2831,Cgl2560,ramA,Dual,cg2152,Cgl1962,clgR,,,A,no,ChIP-seq (Internal Fused Prior),,Lab_Internal_ChIPseq,0.95,HIGH,ATCC13032_sample_Cgl2560,ATCC13032
cg2963,Cgl2678,clpC,Dual,cg2152,Cgl1962,clgR,,,A,no,ChIP-seq (Internal Fused Prior),,Lab_Internal_ChIPseq,0.95,HIGH,ATCC13032_sample_Cgl2678,ATCC13032
cg3247,Cgl2935,cgtR11(hrrA),Dual,cg2152,Cgl1962,clgR,,,A,no,ChIP-seq (Internal Fused Prior),,Lab_Internal_ChIPseq,0.95,HIGH,ATCC13032_sample_Cgl2935,ATCC13032
cg1068,Cgl0936,fur,Dual,cg2152,Cgl1962,clgR,,,A,no,ChIP-seq (Internal Fused Prior),,Lab_Internal_ChIPseq,0.95,HIGH,ATCC13032_sample_FurHpl5,ATCC13032
cg1068,Cgl0936,fur,Dual,cg2152,Cgl1962,clgR,,,A,no,ChIP-seq (Internal Fused Prior),,Lab_Internal_ChIPseq,0.95,HIGH,ATCC13032_sample_FurHpl7,ATCC13032
cg2831,Cgl2560,ramA,Dual,cg2161,Cgl1971,dapA,,,A,no,ChIP-seq (Internal Fused Prior),,Lab_Internal_ChIPseq,0.95,HIGH,ATCC13032_sample_Cgl2560,ATCC13032
cg0787,Cgl0685,nan,Dual,cg2167,Cgl1976,rpsO,,,A,no,ChIP-seq (Internal Fused Prior),,Lab_Internal_ChIPseq,0.95,HIGH,ATCC13032_sample_Cgl0685,ATCC13032
cg0444,Cgl0369,ramB,Dual,cg2185,Cgl1994,proS,,,R,no,ChIP-seq (Internal Fused Prior),,Lab_Internal_ChIPseq,0.95,HIGH,ATCC13032_sample_Cgl0369,ATCC13032
A2b,,A2b,Dual,cg2186,Cgl1995,nan,,,R,no,ChIP-seq (Internal Fused Prior),,Lab_Internal_ChIPseq,0.95,HIGH,ATCC13032_sample_A2b,ATCC13032
cg0444,Cgl0369,ramB,Dual,cg2186,Cgl1995,nan,,,A,no,ChIP-seq (Internal Fused Prior),,Lab_Internal_ChIPseq,0.95,HIGH,ATCC13032_sample_Cgl0369,ATCC13032
cg1308,Cgl1157,rhcR,Dual,cg2189,Cgl1998,cobA,,,R,no,ChIP-seq (Internal Fused Prior),,Lab_Internal_ChIPseq,0.95,HIGH,ATCC13032_sample_Cgl1157,ATCC13032
cg0492,Cgl0411,nan,Dual,cg2190,Cgl1999,nan,,,R,no,ChIP-seq (Internal Fused Prior),,Lab_Internal_ChIPseq,0.95,HIGH,ATCC13032_sample_Cgl0411,ATCC13032
cg2102,Cgl1919,sigB,Dual,cg2190,Cgl1999,nan,,,A,no,ChIP-seq (Internal Fused Prior),,Lab_Internal_ChIPseq,0.95,HIGH,ATCC13032_sample_Cgl1919,ATCC13032
cg2946,Cgl2661,nan,Dual,cg2190,Cgl1999,nan,,,R,no,ChIP-seq (Internal Fused Prior),,Lab_Internal_ChIPseq,0.95,HIGH,ATCC13032_sample_Cgl2661,ATCC13032
cg3384,Cgl3055,nan,Dual,cg2191,Cgl2000,nan,,,R,no,ChIP-seq (Internal Fused Prior),,Lab_Internal_ChIPseq,0.95,HIGH,ATCC13032_sample_Cgl3055,ATCC13032
cg2648,Cgl2415,nan,Dual,cg2192,Cgl2001,mqo,,,R,no,ChIP-seq (Internal Fused Prior),,Lab_Internal_ChIPseq,0.95,HIGH,ATCC13032_sample_Cgl2415,ATCC13032
cg2200,Cgl2009,cgtR8,Dual,cg2197,Cgl2006,nan,,,A,no,ChIP-seq (Internal Fused Prior),,Lab_Internal_ChIPseq,0.95,HIGH,ATCC13032_sample_Cgl2009,ATCC13032
cg2378,Cgl2167,mraZ,Dual,cg2197,Cgl2006,nan,,,A,no,ChIP-seq (Internal Fused Prior),,Lab_Internal_ChIPseq,0.95,HIGH,ATCC13032_sample_Cgl2167,ATCC13032
cg2627,Cgl2394,nan,Dual,cg2197,Cgl2006,nan,,,A,no,ChIP-seq (Internal Fused Prior),,Lab_Internal_ChIPseq,0.95,HIGH,ATCC13032_sample_Cgl2394,ATCC13032
cg2109,Cgl1925,oxyR,Dual,cg2214,Cgl2020,nan,,,A,no,ChIP-seq (Internal Fused Prior),,Lab_Internal_ChIPseq,0.95,HIGH,ATCC13032_sample_Cgl1925,ATCC13032
cg2946,Cgl2661,nan,Dual,cg2214,Cgl2020,nan,,,R,no,ChIP-seq (Internal Fused Prior),,Lab_Internal_ChIPseq,0.95,HIGH,ATCC13032_sample_Cgl2661,ATCC13032
cg2627,Cgl2394,nan,Dual,cg2254,Cgl2055,nan,,,R,no,ChIP-seq (Internal Fused Prior),,Lab_Internal_ChIPseq,0.95,HIGH,ATCC13032_sample_Cgl2394,ATCC13032
A2b,,A2b,Dual,cg2257,Cgl2058,srp,,,R,no,ChIP-seq (Internal Fused Prior),,Lab_Internal_ChIPseq,0.95,HIGH,ATCC13032_sample_A2b,ATCC13032
cg3384,Cgl3055,nan,Dual,cg2262,Cgl2062,ftsY,,,R,no,ChIP-seq (Internal Fused Prior),,Lab_Internal_ChIPseq,0.95,HIGH,ATCC13032_sample_Cgl3055,ATCC13032
cg2200,Cgl2009,cgtR8,Dual,cg2289,Cgl2087,glgP2,,,R,no,ChIP-seq (Internal Fused Prior),,Lab_Internal_ChIPseq,0.95,HIGH,ATCC13032_sample_Cgl2009,ATCC13032
cg2378,Cgl2167,mraZ,Dual,cg2289,Cgl2087,glgP2,,,R,no,ChIP-seq (Internal Fused Prior),,Lab_Internal_ChIPseq,0.95,HIGH,ATCC13032_sample_Cgl2167,ATCC13032
cg2357,Cgl2146,nan,Dual,cg2292,Cgl2090,lgt,,,A,no,ChIP-seq (Internal Fused Prior),,Lab_Internal_ChIPseq,0.95,HIGH,ATCC13032_sample_Cgl2146,ATCC13032
cg3261,Cgl2947,nan,Dual,cg2301,Cgl2098,nan,,,R,no,ChIP-seq (Internal Fused Prior),,Lab_Internal_ChIPseq,0.95,HIGH,ATCC13032_sample_Cgl2947,ATCC13032
cg3315,Cgl2988,malR,Dual,cg2303,Cgl2100,hisB,,,R,no,ChIP-seq (Internal Fused Prior),,Lab_Internal_ChIPseq,0.95,HIGH,ATCC13032_sample_Cgl2988,ATCC13032
cg2942,Cgl2657,nan,Dual,cg2314,Cgl2111,nan,,,R,no,ChIP-seq (Internal Fused Prior),,Lab_Internal_ChIPseq,0.95,HIGH,ATCC13032_sample_Cgl2657,ATCC13032
cg1053,Cgl0923,nan,Dual,cg2324,Cgl2119,nan,,,A,no,ChIP-seq (Internal Fused Prior),,Lab_Internal_ChIPseq,0.95,HIGH,ATCC13032_sample_Cgl0923,ATCC13032
nan,Cgl1930,nan,Dual,cg2324,Cgl2119,nan,,,A,no,ChIP-seq (Internal Fused Prior),,Lab_Internal_ChIPseq,0.95,HIGH,ATCC13032_sample_Cgl1930,ATCC13032
cg3239,Cgl2928,nan,Dual,cg2324,Cgl2119,nan,,,R,no,ChIP-seq (Internal Fused Prior),,Lab_Internal_ChIPseq,0.95,HIGH,ATCC13032_sample_Cgl2928,ATCC13032
cg3230,Cgl2920,nan,Dual,cg2334,Cgl2127,ilvA,,,R,no,ChIP-seq (Internal Fused Prior),,Lab_Internal_ChIPseq,0.95,HIGH,ATCC13032_sample_Cgl2920,ATCC13032
cg2831,Cgl2560,ramA,Dual,cg2337,Cgl2129,nan,,,R,no,ChIP-seq (Internal Fused Prior),,Lab_Internal_ChIPseq,0.95,HIGH,ATCC13032_sample_Cgl2560,ATCC13032
cg0787,Cgl0685,nan,Dual,cg2339,Cgl2131,nan,,,R,no,ChIP-seq (Internal Fused Prior),,Lab_Internal_ChIPseq,0.95,HIGH,ATCC13032_sample_Cgl0685,ATCC13032
cg1631,Cgl1442,ftsR,Dual,cg2339,Cgl2131,nan,,,R,no,ChIP-seq (Internal Fused Prior),,Lab_Internal_ChIPseq,0.95,HIGH,ATCC13032_sample_Cgl1442,ATCC13032
cg2651,Cgl2418,nan,Dual,cg2339,Cgl2131,nan,,,R,no,ChIP-seq (Internal Fused Prior),,Lab_Internal_ChIPseq,0.95,HIGH,ATCC13032_sample_Cgl2418,ATCC13032
cg2831,Cgl2560,ramA,Dual,cg2339,Cgl2131,nan,,,R,no,ChIP-seq (Internal Fused Prior),,Lab_Internal_ChIPseq,0.95,HIGH,ATCC13032_sample_Cgl2560,ATCC13032
cg2946,Cgl2661,nan,Dual,cg2339,Cgl2131,nan,,,R,no,ChIP-seq (Internal Fused Prior),,Lab_Internal_ChIPseq,0.95,HIGH,ATCC13032_sample_Cgl2661,ATCC13032
A4b,,A4b,Dual,cg2343,Cgl2135,nan,,,A,no,ChIP-seq (Internal Fused Prior),,Lab_Internal_ChIPseq,0.95,HIGH,ATCC13032_sample_A4b,ATCC13032
nan,Cgl1930,nan,Dual,cg2349,Cgl2141,nan,,,R,no,ChIP-seq (Internal Fused Prior),,Lab_Internal_ChIPseq,0.95,HIGH,ATCC13032_sample_Cgl1930,ATCC13032
cg2462,Cgl2244,nan,Dual,cg2352,Cgl2143,ansA,,,A,no,ChIP-seq (Internal Fused Prior),,Lab_Internal_ChIPseq,0.95,HIGH,ATCC13032_sample_Cgl2244,ATCC13032
cg1308,Cgl1157,rhcR,Dual,cg2356,Cgl2145,nan,,,A,no,ChIP-seq (Internal Fused Prior),,Lab_Internal_ChIPseq,0.95,HIGH,ATCC13032_sample_Cgl1157,ATCC13032
cg1308,Cgl1157,rhcR,Dual,cg2357,Cgl2146,nan,,,A,no,ChIP-seq (Internal Fused Prior),,Lab_Internal_ChIPseq,0.95,HIGH,ATCC13032_sample_Cgl1157,ATCC13032
cg1308,Cgl1157,rhcR,Dual,cg2358,Cgl2147,nan,,,A,no,ChIP-seq (Internal Fused Prior),,Lab_Internal_ChIPseq,0.95,HIGH,ATCC13032_sample_Cgl1157,ATCC13032
A2b,,A2b,Dual,cg2369,Cgl2158,murG,,,R,no,ChIP-seq (Internal Fused Prior),,Lab_Internal_ChIPseq,0.95,HIGH,ATCC13032_sample_A2b,ATCC13032
cg2378,Cgl2167,mraZ,Dual,cg2369,Cgl2158,murG,,,R,no,ChIP-seq (Internal Fused Prior),,Lab_Internal_ChIPseq,0.95,HIGH,ATCC13032_sample_Cgl2167,ATCC13032
cg2651,Cgl2418,nan,Dual,cg2369,Cgl2158,murG,,,R,no,ChIP-seq (Internal Fused Prior),,Lab_Internal_ChIPseq,0.95,HIGH,ATCC13032_sample_Cgl2418,ATCC13032
cg3001,Cgl2711,cosR,Dual,cg2369,Cgl2158,murG,,,R,no,ChIP-seq (Internal Fused Prior),,Lab_Internal_ChIPseq,0.95,HIGH,ATCC13032_sample_Cgl2711,ATCC13032
cg0444,Cgl0369,ramB,Dual,cg2381,Cgl2169,nan,,,R,no,ChIP-seq (Internal Fused Prior),,Lab_Internal_ChIPseq,0.95,HIGH,ATCC13032_sample_Cgl0369,ATCC13032
cg1053,Cgl0923,nan,Dual,cg2381,Cgl2169,nan,,,R,no,ChIP-seq (Internal Fused Prior),,Lab_Internal_ChIPseq,0.95,HIGH,ATCC13032_sample_Cgl0923,ATCC13032
cg0800,Cgl0698,prpR,Dual,cg2382,Cgl2170,nan,,,R,no,ChIP-seq (Internal Fused Prior),,Lab_Internal_ChIPseq,0.95,HIGH,ATCC13032_sample_Cgl0698,ATCC13032
cg3261,Cgl2947,nan,Dual,cg2385,Cgl2173,nan,,,A,no,ChIP-seq (Internal Fused Prior),,Lab_Internal_ChIPseq,0.95,HIGH,ATCC13032_sample_Cgl2947,ATCC13032
cg0876,Cgl0767,sigH,Dual,cg2386,Cgl2174,nan,,,A,no,ChIP-seq (Internal Fused Prior),,Lab_Internal_ChIPseq,0.95,HIGH,ATCC13032_sample_Cgl0767,ATCC13032
cg2109,Cgl1925,oxyR,Dual,cg2386,Cgl2174,nan,,,A,no,ChIP-seq (Internal Fused Prior),,Lab_Internal_ChIPseq,0.95,HIGH,ATCC13032_sample_Cgl1925,ATCC13032
cg2946,Cgl2661,nan,Dual,cg2386,Cgl2174,nan,,,A,no,ChIP-seq (Internal Fused Prior),,Lab_Internal_ChIPseq,0.95,HIGH,ATCC13032_sample_Cgl2661,ATCC13032
cg0156,Cgl0121,cysR,Dual,cg2397,Cgl2183,nan,,,R,no,ChIP-seq (Internal Fused Prior),,Lab_Internal_ChIPseq,0.95,HIGH,ATCC13032_sample_Cgl0121,ATCC13032
A2b,,A2b,Dual,cg2400,Cgl2186,nan,,,R,no,ChIP-seq (Internal Fused Prior),,Lab_Internal_ChIPseq,0.95,HIGH,ATCC13032_sample_A2b,ATCC13032
cg0436,Cgl0395,amtR,Dual,cg2400,Cgl2186,nan,,,R,no,ChIP-seq (Internal Fused Prior),,Lab_Internal_ChIPseq,0.95,HIGH,ATCC13032_sample_AmtRH,ATCC13032
cg3001,Cgl2711,cosR,Dual,cg2400,Cgl2186,nan,,,R,no,ChIP-seq (Internal Fused Prior),,Lab_Internal_ChIPseq,0.95,HIGH,ATCC13032_sample_Cgl2711,ATCC13032
cg3239,Cgl2928,nan,Dual,cg2400,Cgl2186,nan,,,R,no,ChIP-seq (Internal Fused Prior),,Lab_Internal_ChIPseq,0.95,HIGH,ATCC13032_sample_Cgl2928,ATCC13032
cg3303,Cgl2979,nan,Dual,cg2400,Cgl2186,nan,,,R,no,ChIP-seq (Internal Fused Prior),,Lab_Internal_ChIPseq,0.95,HIGH,ATCC13032_sample_Cgl2979,ATCC13032
cg2946,Cgl2661,nan,Dual,cg2402,Cgl2188,nan,,,R,no,ChIP-seq (Internal Fused Prior),,Lab_Internal_ChIPseq,0.95,HIGH,ATCC13032_sample_Cgl2661,ATCC13032
cg2963,Cgl2678,clpC,Dual,cg2402,Cgl2188,nan,,,R,no,ChIP-seq (Internal Fused Prior),,Lab_Internal_ChIPseq,0.95,HIGH,ATCC13032_sample_Cgl2678,ATCC13032
cg2109,Cgl1925,oxyR,Dual,cg2419,Cgl2205,pepB,,,A,no,ChIP-seq (Internal Fused Prior),,Lab_Internal_ChIPseq,0.95,HIGH,ATCC13032_sample_Cgl1925,ATCC13032
cg2888,Cgl2607,cgtR3(phoR),Dual,cg2419,Cgl2205,pepB,,,A,no,ChIP-seq (Internal Fused Prior),,Lab_Internal_ChIPseq,0.95,HIGH,ATCC13032_sample_Cgl2607,ATCC13032
cg3384,Cgl3055,nan,Dual,nan,Cgl2212,nan,,,R,no,ChIP-seq (Internal Fused Prior),,Lab_Internal_ChIPseq,0.95,HIGH,ATCC13032_sample_Cgl3055,ATCC13032
cg0019,Cgl0016,nan,Dual,cg2428,Cgl2213,nan,,,R,no,ChIP-seq (Internal Fused Prior),,Lab_Internal_ChIPseq,0.95,HIGH,ATCC13032_sample_Cgl0016,ATCC13032
cg0146,Cgl0111,atlR,Dual,cg2428,Cgl2213,nan,,,R,no,ChIP-seq (Internal Fused Prior),,Lab_Internal_ChIPseq,0.95,HIGH,ATCC13032_sample_Cgl0111,ATCC13032
A3b,,A3b,Dual,cg2445,Cgl2227,hmuO,,,A,no,ChIP-seq (Internal Fused Prior),,Lab_Internal_ChIPseq,0.95,HIGH,ATCC13032_sample_A3b,ATCC13032
cg2200,Cgl2009,cgtR8,Dual,cg2445,Cgl2227,hmuO,,,A,no,ChIP-seq (Internal Fused Prior),,Lab_Internal_ChIPseq,0.95,HIGH,ATCC13032_sample_Cgl2009,ATCC13032
cg2378,Cgl2167,mraZ,Dual,cg2445,Cgl2227,hmuO,,,A,no,ChIP-seq (Internal Fused Prior),,Lab_Internal_ChIPseq,0.95,HIGH,ATCC13032_sample_Cgl2167,ATCC13032
A2b,,A2b,Dual,cg2446,Cgl2228,glnE,,,R,no,ChIP-seq (Internal Fused Prior),,Lab_Internal_ChIPseq,0.95,HIGH,ATCC13032_sample_A2b,ATCC13032
cg2831,Cgl2560,ramA,Dual,cg2446,Cgl2228,glnE,,,R,no,ChIP-seq (Internal Fused Prior),,Lab_Internal_ChIPseq,0.95,HIGH,ATCC13032_sample_Cgl2560,ATCC13032
cg0436,Cgl0395,amtR,Dual,cg2450,Cgl2231,nan,,,A,no,ChIP-seq (Internal Fused Prior),,Lab_Internal_ChIPseq,0.95,HIGH,ATCC13032_sample_AmtRpl8,ATCC13032
cg2627,Cgl2394,nan,Dual,cg2450,Cgl2231,nan,,,R,no,ChIP-seq (Internal Fused Prior),,Lab_Internal_ChIPseq,0.95,HIGH,ATCC13032_sample_Cgl2394,ATCC13032
cg3384,Cgl3055,nan,Dual,cg2450,Cgl2231,nan,,,A,no,ChIP-seq (Internal Fused Prior),,Lab_Internal_ChIPseq,0.95,HIGH,ATCC13032_sample_Cgl3055,ATCC13032
A3b,,A3b,Dual,cg2460,Cgl2241,nan,,,R,no,ChIP-seq (Internal Fused Prior),,Lab_Internal_ChIPseq,0.95,HIGH,ATCC13032_sample_A3b,ATCC13032
cg1053,Cgl0923,nan,Dual,cg2460,Cgl2241,nan,,,A,no,ChIP-seq (Internal Fused Prior),,Lab_Internal_ChIPseq,0.95,HIGH,ATCC13032_sample_Cgl0923,ATCC13032
cg2115,Cgl1931,sugR,Dual,cg2460,Cgl2241,nan,,,A,no,ChIP-seq (Internal Fused Prior),,Lab_Internal_ChIPseq,0.95,HIGH,ATCC13032_sample_Cgl1931,ATCC13032
cg0492,Cgl0411,nan,Dual,cg2467,Cgl2249,nan,,,R,no,ChIP-seq (Internal Fused Prior),,Lab_Internal_ChIPseq,0.95,HIGH,ATCC13032_sample_Cgl0411,ATCC13032
cg2378,Cgl2167,mraZ,Dual,cg2467,Cgl2249,nan,,,R,no,ChIP-seq (Internal Fused Prior),,Lab_Internal_ChIPseq,0.95,HIGH,ATCC13032_sample_Cgl2167,ATCC13032
cg2651,Cgl2418,nan,Dual,cg2467,Cgl2249,nan,,,R,no,ChIP-seq (Internal Fused Prior),,Lab_Internal_ChIPseq,0.95,HIGH,ATCC13032_sample_Cgl2418,ATCC13032
cg0492,Cgl0411,nan,Dual,cg2468,Cgl2250,nan,,,R,no,ChIP-seq (Internal Fused Prior),,Lab_Internal_ChIPseq,0.95,HIGH,ATCC13032_sample_Cgl0411,ATCC13032
cg2378,Cgl2167,mraZ,Dual,cg2468,Cgl2250,nan,,,R,no,ChIP-seq (Internal Fused Prior),,Lab_Internal_ChIPseq,0.95,HIGH,ATCC13032_sample_Cgl2167,ATCC13032
cg2651,Cgl2418,nan,Dual,cg2468,Cgl2250,nan,,,R,no,ChIP-seq (Internal Fused Prior),,Lab_Internal_ChIPseq,0.95,HIGH,ATCC13032_sample_Cgl2418,ATCC13032
cg0492,Cgl0411,nan,Dual,cg2470,Cgl2251,nan,,,R,no,ChIP-seq (Internal Fused Prior),,Lab_Internal_ChIPseq,0.95,HIGH,ATCC13032_sample_Cgl0411,ATCC13032
cg2378,Cgl2167,mraZ,Dual,cg2470,Cgl2251,nan,,,R,no,ChIP-seq (Internal Fused Prior),,Lab_Internal_ChIPseq,0.95,HIGH,ATCC13032_sample_Cgl2167,ATCC13032
cg2651,Cgl2418,nan,Dual,cg2470,Cgl2251,nan,,,R,no,ChIP-seq (Internal Fused Prior),,Lab_Internal_ChIPseq,0.95,HIGH,ATCC13032_sample_Cgl2418,ATCC13032
cg0313,Cgl0257,lrp,Dual,cg2488,Cgl2267,nan,,,R,no,ChIP-seq (Internal Fused Prior),,Lab_Internal_ChIPseq,0.95,HIGH,ATCC13032_sample_Cgl0257,ATCC13032
cg3230,Cgl2920,nan,Dual,cg2488,Cgl2267,nan,,,R,no,ChIP-seq (Internal Fused Prior),,Lab_Internal_ChIPseq,0.95,HIGH,ATCC13032_sample_Cgl2920,ATCC13032
cg2268,Cgl2068,nan,Dual,cg2494,Cgl2273,dgt,,,R,no,ChIP-seq (Internal Fused Prior),,Lab_Internal_ChIPseq,0.95,HIGH,ATCC13032_sample_Cgl2068,ATCC13032
cg2627,Cgl2394,nan,Dual,cg2507,Cgl2282,nan,,,R,no,ChIP-seq (Internal Fused Prior),,Lab_Internal_ChIPseq,0.95,HIGH,ATCC13032_sample_Cgl2394,ATCC13032
cg1053,Cgl0923,nan,Dual,cg2519,Cgl2294,nan,,,R,no,ChIP-seq (Internal Fused Prior),,Lab_Internal_ChIPseq,0.95,HIGH,ATCC13032_sample_Cgl0923,ATCC13032
cg3001,Cgl2711,cosR,Dual,cg2519,Cgl2294,nan,,,R,no,ChIP-seq (Internal Fused Prior),,Lab_Internal_ChIPseq,0.95,HIGH,ATCC13032_sample_Cgl2711,ATCC13032
cg2268,Cgl2068,nan,Dual,cg2526,Cgl2300,nan,,,R,no,ChIP-seq (Internal Fused Prior),,Lab_Internal_ChIPseq,0.95,HIGH,ATCC13032_sample_Cgl2068,ATCC13032
cg2888,Cgl2607,cgtR3(phoR),Dual,cg2526,Cgl2300,nan,,,R,no,ChIP-seq (Internal Fused Prior),,Lab_Internal_ChIPseq,0.95,HIGH,ATCC13032_sample_Cgl2607,ATCC13032
cg2946,Cgl2661,nan,Dual,cg2526,Cgl2300,nan,,,R,no,ChIP-seq (Internal Fused Prior),,Lab_Internal_ChIPseq,0.95,HIGH,ATCC13032_sample_Cgl2661,ATCC13032
cg2378,Cgl2167,mraZ,Dual,cg2556,Cgl2326,nan,,,A,no,ChIP-seq (Internal Fused Prior),,Lab_Internal_ChIPseq,0.95,HIGH,ATCC13032_sample_Cgl2167,ATCC13032
cg0215,Cgl0174,cspA,Dual,cg2559,Cgl2329,aceB,,,R,no,ChIP-seq (Internal Fused Prior),,Lab_Internal_ChIPseq,0.95,HIGH,ATCC13032_sample_Cgl0174,ATCC13032
cg2648,Cgl2415,nan,Dual,cg2572,Cgl2342,nan,,,R,no,ChIP-seq (Internal Fused Prior),,Lab_Internal_ChIPseq,0.95,HIGH,ATCC13032_sample_Cgl2415,ATCC13032
cg2942,Cgl2657,nan,Dual,cg2572,Cgl2342,nan,,,R,no,ChIP-seq (Internal Fused Prior),,Lab_Internal_ChIPseq,0.95,HIGH,ATCC13032_sample_Cgl2657,ATCC13032
cg3001,Cgl2711,cosR,Dual,cg2572,Cgl2342,nan,,,R,no,ChIP-seq (Internal Fused Prior),,Lab_Internal_ChIPseq,0.95,HIGH,ATCC13032_sample_Cgl2711,ATCC13032
cg0156,Cgl0121,cysR,Dual,cg2586,Cgl2354,proA,,,A,no,ChIP-seq (Internal Fused Prior),,Lab_Internal_ChIPseq,0.95,HIGH,ATCC13032_sample_Cgl0121,ATCC13032
cg2922,Cgl2639,nan,Dual,cg2586,Cgl2354,proA,,,A,no,ChIP-seq (Internal Fused Prior),,Lab_Internal_ChIPseq,0.95,HIGH,ATCC13032_sample_Cgl2639,ATCC13032
cg2831,Cgl2560,ramA,Dual,cg2587,Cgl2355,nan,,,R,no,ChIP-seq (Internal Fused Prior),,Lab_Internal_ChIPseq,0.95,HIGH,ATCC13032_sample_Cgl2560,ATCC13032
cg3230,Cgl2920,nan,Dual,cg2587,Cgl2355,nan,,,A,no,ChIP-seq (Internal Fused Prior),,Lab_Internal_ChIPseq,0.95,HIGH,ATCC13032_sample_Cgl2920,ATCC13032
cg0156,Cgl0121,cysR,Dual,cg2591,Cgl2359,dkgA,,,R,no,ChIP-seq (Internal Fused Prior),,Lab_Internal_ChIPseq,0.95,HIGH,ATCC13032_sample_Cgl0121,ATCC13032
cg2946,Cgl2661,nan,Dual,cg2591,Cgl2359,dkgA,,,R,no,ChIP-seq (Internal Fused Prior),,Lab_Internal_ChIPseq,0.95,HIGH,ATCC13032_sample_Cgl2661,ATCC13032
cg3087,Cgl2787,nan,Dual,cg2591,Cgl2359,dkgA,,,R,no,ChIP-seq (Internal Fused Prior),,Lab_Internal_ChIPseq,0.95,HIGH,ATCC13032_sample_Cgl2787,ATCC13032
cg0350,Cgl0291,glxR,Dual,cg2604,Cgl2371,nan,,,R,no,ChIP-seq (Internal Fused Prior),,Lab_Internal_ChIPseq,0.95,HIGH,ATCC13032_sample_Cgl0291,ATCC13032
cg2624,Cgl2391,pcaR,Dual,cg2604,Cgl2371,nan,,,R,no,ChIP-seq (Internal Fused Prior),,Lab_Internal_ChIPseq,0.95,HIGH,ATCC13032_sample_Cgl2391,ATCC13032
cg2627,Cgl2394,nan,Dual,cg2604,Cgl2371,nan,,,R,no,ChIP-seq (Internal Fused Prior),,Lab_Internal_ChIPseq,0.95,HIGH,ATCC13032_sample_Cgl2394,ATCC13032
cg0725,Cgl0627,crtR,Dual,cg2607,Cgl2374,nan,,,R,no,ChIP-seq (Internal Fused Prior),,Lab_Internal_ChIPseq,0.95,HIGH,ATCC13032_sample_Cgl0627,ATCC13032
cg1631,Cgl1442,ftsR,Dual,cg2607,Cgl2374,nan,,,R,no,ChIP-seq (Internal Fused Prior),,Lab_Internal_ChIPseq,0.95,HIGH,ATCC13032_sample_Cgl1442,ATCC13032
nan,Cgl1930,nan,Dual,cg2607,Cgl2374,nan,,,R,no,ChIP-seq (Internal Fused Prior),,Lab_Internal_ChIPseq,0.95,HIGH,ATCC13032_sample_Cgl1930,ATCC13032
cg2115,Cgl1931,sugR,Dual,cg2607,Cgl2374,nan,,,A,no,ChIP-seq (Internal Fused Prior),,Lab_Internal_ChIPseq,0.95,HIGH,ATCC13032_sample_Cgl1931,ATCC13032
cg2200,Cgl2009,cgtR8,Dual,cg2607,Cgl2374,nan,,,R,no,ChIP-seq (Internal Fused Prior),,Lab_Internal_ChIPseq,0.95,HIGH,ATCC13032_sample_Cgl2009,ATCC13032
cg2378,Cgl2167,mraZ,Dual,cg2607,Cgl2374,nan,,,R,no,ChIP-seq (Internal Fused Prior),,Lab_Internal_ChIPseq,0.95,HIGH,ATCC13032_sample_Cgl2167,ATCC13032
cg2648,Cgl2415,nan,Dual,cg2607,Cgl2374,nan,,,R,no,ChIP-seq (Internal Fused Prior),,Lab_Internal_ChIPseq,0.95,HIGH,ATCC13032_sample_Cgl2415,ATCC13032
cg2737,Cgl2490,nan,Dual,cg2607,Cgl2374,nan,,,A,no,ChIP-seq (Internal Fused Prior),,Lab_Internal_ChIPseq,0.95,HIGH,ATCC13032_sample_Cgl2490,ATCC13032
A3b,,A3b,Dual,cg2621,Cgl2388,nan,,,R,no,ChIP-seq (Internal Fused Prior),,Lab_Internal_ChIPseq,0.95,HIGH,ATCC13032_sample_A3b,ATCC13032
cg2627,Cgl2394,nan,Dual,cg2628,Cgl2395,pcaI,,,A,no,ChIP-seq (Internal Fused Prior),,Lab_Internal_ChIPseq,0.95,HIGH,ATCC13032_sample_Cgl2394,ATCC13032
cg2627,Cgl2394,nan,Dual,cg2629,Cgl2396,pcaB1,,,A,no,ChIP-seq (Internal Fused Prior),,Lab_Internal_ChIPseq,0.95,HIGH,ATCC13032_sample_Cgl2394,ATCC13032
cg2627,Cgl2394,nan,Dual,cg2630,Cgl2397,pcaG,,,A,no,ChIP-seq (Internal Fused Prior),,Lab_Internal_ChIPseq,0.95,HIGH,ATCC13032_sample_Cgl2394,ATCC13032
cg2627,Cgl2394,nan,Dual,cg2631,Cgl2398,pcaH,,,A,no,ChIP-seq (Internal Fused Prior),,Lab_Internal_ChIPseq,0.95,HIGH,ATCC13032_sample_Cgl2394,ATCC13032
cg0492,Cgl0411,nan,Dual,cg2647,Cgl2414,tig,,,R,no,ChIP-seq (Internal Fused Prior),,Lab_Internal_ChIPseq,0.95,HIGH,ATCC13032_sample_Cgl0411,ATCC13032
cg3253,Cgl2941,mcbR,Dual,cg2647,Cgl2414,tig,,,R,no,ChIP-seq (Internal Fused Prior),,Lab_Internal_ChIPseq,0.95,HIGH,ATCC13032_sample_Cgl2941,ATCC13032
cg3253,Cgl2941,mcbR,Dual,cg2648,Cgl2415,nan,,,R,no,ChIP-seq (Internal Fused Prior),,Lab_Internal_ChIPseq,0.95,HIGH,ATCC13032_sample_Cgl2941,ATCC13032
cg1585,Cgl1399,argR,Dual,cg2651,Cgl2418,nan,,,R,no,ChIP-seq (Internal Fused Prior),,Lab_Internal_ChIPseq,0.95,HIGH,ATCC13032_sample_Cgl1399,ATCC13032
cg2268,Cgl2068,nan,Dual,cg2664,Cgl2427,nan,,,R,no,ChIP-seq (Internal Fused Prior),,Lab_Internal_ChIPseq,0.95,HIGH,ATCC13032_sample_Cgl2068,ATCC13032
cg1392,Cgl1235,nan,Dual,cg2665,Cgl2428,nan,,,R,no,ChIP-seq (Internal Fused Prior),,Lab_Internal_ChIPseq,0.95,HIGH,ATCC13032_sample_Cgl1235,ATCC13032
A3b,,A3b,Dual,cg2674,Cgl2435,nan,,,R,no,ChIP-seq (Internal Fused Prior),,Lab_Internal_ChIPseq,0.95,HIGH,ATCC13032_sample_A3b,ATCC13032
A3b,,A3b,Dual,cg2675,Cgl2436,nan,,,R,no,ChIP-seq (Internal Fused Prior),,Lab_Internal_ChIPseq,0.95,HIGH,ATCC13032_sample_A3b,ATCC13032
A3b,,A3b,Dual,cg2676,Cgl2437,nan,,,R,no,ChIP-seq (Internal Fused Prior),,Lab_Internal_ChIPseq,0.95,HIGH,ATCC13032_sample_A3b,ATCC13032
A3b,,A3b,Dual,cg2677,Cgl2438,nan,,,R,no,ChIP-seq (Internal Fused Prior),,Lab_Internal_ChIPseq,0.95,HIGH,ATCC13032_sample_A3b,ATCC13032
A3b,,A3b,Dual,cg2678,Cgl2439,nan,,,R,no,ChIP-seq (Internal Fused Prior),,Lab_Internal_ChIPseq,0.95,HIGH,ATCC13032_sample_A3b,ATCC13032
A3b,,A3b,Dual,cg2726,Cgl2480,nan,,,A,no,ChIP-seq (Internal Fused Prior),,Lab_Internal_ChIPseq,0.95,HIGH,ATCC13032_sample_A3b,ATCC13032
cg2942,Cgl2657,nan,Dual,cg2726,Cgl2480,nan,,,A,no,ChIP-seq (Internal Fused Prior),,Lab_Internal_ChIPseq,0.95,HIGH,ATCC13032_sample_Cgl2657,ATCC13032
A3b,,A3b,Dual,cg2731,Cgl2484,nan,,,R,no,ChIP-seq (Internal Fused Prior),,Lab_Internal_ChIPseq,0.95,HIGH,ATCC13032_sample_A3b,ATCC13032
cg0527,Cgl0445,glyR,Dual,cg2731,Cgl2484,nan,,,R,no,ChIP-seq (Internal Fused Prior),,Lab_Internal_ChIPseq,0.95,HIGH,ATCC13032_sample_Cgl0445,ATCC13032
cg2942,Cgl2657,nan,Dual,cg2731,Cgl2484,nan,,,R,no,ChIP-seq (Internal Fused Prior),,Lab_Internal_ChIPseq,0.95,HIGH,ATCC13032_sample_Cgl2657,ATCC13032
cg0001,Cgl0001,dnaA,Dual,nan,Cgl2486,nan,,,A,no,ChIP-seq (Internal Fused Prior),,Lab_Internal_ChIPseq,0.95,HIGH,ATCC13032_sample_Cgl0001,ATCC13032
cg3315,Cgl2988,malR,Dual,cg2738,Cgl2491,ppt1,,,R,no,ChIP-seq (Internal Fused Prior),,Lab_Internal_ChIPseq,0.95,HIGH,ATCC13032_sample_Cgl2988,ATCC13032
A2b,,A2b,Dual,cg2748,Cgl2498,nan,,,A,no,ChIP-seq (Internal Fused Prior),,Lab_Internal_ChIPseq,0.95,HIGH,ATCC13032_sample_A2b,ATCC13032
cg0350,Cgl0291,glxR,Dual,cg2758,Cgl2505,nan,,,R,no,ChIP-seq (Internal Fused Prior),,Lab_Internal_ChIPseq,0.95,HIGH,ATCC13032_sample_Cgl0291,ATCC13032
cg1425,Cgl1263,lysG,Dual,cg2758,Cgl2505,nan,,,R,no,ChIP-seq (Internal Fused Prior),,Lab_Internal_ChIPseq,0.95,HIGH,ATCC13032_sample_Cgl1263,ATCC13032
cg2102,Cgl1919,sigB,Dual,cg2758,Cgl2505,nan,,,R,no,ChIP-seq (Internal Fused Prior),,Lab_Internal_ChIPseq,0.95,HIGH,ATCC13032_sample_Cgl1919,ATCC13032
cg2268,Cgl2068,nan,Dual,cg2758,Cgl2505,nan,,,R,no,ChIP-seq (Internal Fused Prior),,Lab_Internal_ChIPseq,0.95,HIGH,ATCC13032_sample_Cgl2068,ATCC13032
cg2888,Cgl2607,cgtR3(phoR),Dual,cg2758,Cgl2505,nan,,,R,no,ChIP-seq (Internal Fused Prior),,Lab_Internal_ChIPseq,0.95,HIGH,ATCC13032_sample_Cgl2607,ATCC13032
cg1068,Cgl0936,fur,Dual,cg2758,Cgl2505,nan,,,R,no,ChIP-seq (Internal Fused Prior),,Lab_Internal_ChIPseq,0.95,HIGH,ATCC13032_sample_FurH,ATCC13032
cg1068,Cgl0936,fur,Dual,cg2758,Cgl2505,nan,,,R,no,ChIP-seq (Internal Fused Prior),,Lab_Internal_ChIPseq,0.95,HIGH,ATCC13032_sample_FurHpl6,ATCC13032
cg2109,Cgl1925,oxyR,Dual,cg2759,Cgl2506,tnp15b(ISCg15b),,,R,no,ChIP-seq (Internal Fused Prior),,Lab_Internal_ChIPseq,0.95,HIGH,ATCC13032_sample_Cgl1925,ATCC13032
cg2268,Cgl2068,nan,Dual,cg2760,Cgl2507,nan,,,R,no,ChIP-seq (Internal Fused Prior),,Lab_Internal_ChIPseq,0.95,HIGH,ATCC13032_sample_Cgl2068,ATCC13032
cg2527,Cgl2527,cg2527,Dual,cg2760,Cgl2507,nan,,,A,no,ChIP-seq (Internal Fused Prior),,Lab_Internal_ChIPseq,0.95,HIGH,ATCC13032_sample_Cgl2527,ATCC13032
cg1068,Cgl0936,fur,Dual,cg2775,Cgl2518,nan,,,R,no,ChIP-seq (Internal Fused Prior),,Lab_Internal_ChIPseq,0.95,HIGH,ATCC13032_sample_FurH,ATCC13032
A2b,,A2b,Dual,cg2527,Cgl2527,cg2527,,,R,no,ChIP-seq (Internal Fused Prior),,Lab_Internal_ChIPseq,0.95,HIGH,ATCC13032_sample_A2b,ATCC13032
A4b,,A4b,Dual,cg2527,Cgl2527,cg2527,,,R,no,ChIP-seq (Internal Fused Prior),,Lab_Internal_ChIPseq,0.95,HIGH,ATCC13032_sample_A4b,ATCC13032
cg0436,Cgl0395,amtR,Dual,cg2527,Cgl2527,cg2527,,,R,no,ChIP-seq (Internal Fused Prior),,Lab_Internal_ChIPseq,0.95,HIGH,ATCC13032_sample_AmtRH,ATCC13032
cg0436,Cgl0395,amtR,Dual,cg2527,Cgl2527,cg2527,,,R,no,ChIP-seq (Internal Fused Prior),,Lab_Internal_ChIPseq,0.95,HIGH,ATCC13032_sample_AmtRpl5,ATCC13032
cg0436,Cgl0395,amtR,Dual,cg2527,Cgl2527,cg2527,,,R,no,ChIP-seq (Internal Fused Prior),,Lab_Internal_ChIPseq,0.95,HIGH,ATCC13032_sample_AmtRpl8,ATCC13032
cg0012,Cgl0010,ssuR,Dual,cg2527,Cgl2527,cg2527,,,R,no,ChIP-seq (Internal Fused Prior),,Lab_Internal_ChIPseq,0.95,HIGH,ATCC13032_sample_Cgl0010,ATCC13032
cg0051,Cgl0037,nan,Dual,cg2527,Cgl2527,cg2527,,,R,no,ChIP-seq (Internal Fused Prior),,Lab_Internal_ChIPseq,0.95,HIGH,ATCC13032_sample_Cgl0037,ATCC13032
cg0350,Cgl0291,glxR,Dual,cg2527,Cgl2527,cg2527,,,R,no,ChIP-seq (Internal Fused Prior),,Lab_Internal_ChIPseq,0.95,HIGH,ATCC13032_sample_Cgl0291,ATCC13032
cg0850,Cgl0743,whiB2(whcD),Dual,cg2527,Cgl2527,cg2527,,,R,no,ChIP-seq (Internal Fused Prior),,Lab_Internal_ChIPseq,0.95,HIGH,ATCC13032_sample_Cgl0743,ATCC13032
cg0862,Cgl0754,mtrA,Dual,cg2527,Cgl2527,cg2527,,,R,no,ChIP-seq (Internal Fused Prior),,Lab_Internal_ChIPseq,0.95,HIGH,ATCC13032_sample_Cgl0754,ATCC13032
cg1068,Cgl0936,spiA,Dual,cg2527,Cgl2527,cg2527,,,R,no,ChIP-seq (Internal Fused Prior),,Lab_Internal_ChIPseq,0.95,HIGH,ATCC13032_sample_Cgl0936,ATCC13032
cg2115,Cgl1931,sugR,Dual,cg2527,Cgl2527,cg2527,,,R,no,ChIP-seq (Internal Fused Prior),,Lab_Internal_ChIPseq,0.95,HIGH,ATCC13032_sample_Cgl1931,ATCC13032
cg2140,Cgl1954,recX,Dual,cg2527,Cgl2527,cg2527,,,R,no,ChIP-seq (Internal Fused Prior),,Lab_Internal_ChIPseq,0.95,HIGH,ATCC13032_sample_Cgl1954,ATCC13032
cg2242,Cgl2044,nan,Dual,cg2527,Cgl2527,cg2527,,,R,no,ChIP-seq (Internal Fused Prior),,Lab_Internal_ChIPseq,0.95,HIGH,ATCC13032_sample_Cgl2044,ATCC13032
cg2378,Cgl2167,mraZ,Dual,cg2527,Cgl2527,cg2527,,,A,no,ChIP-seq (Internal Fused Prior),,Lab_Internal_ChIPseq,0.95,HIGH,ATCC13032_sample_Cgl2167,ATCC13032
cg2614,Cgl2381,nan,Dual,cg2527,Cgl2527,cg2527,,,R,no,ChIP-seq (Internal Fused Prior),,Lab_Internal_ChIPseq,0.95,HIGH,ATCC13032_sample_Cgl2381,ATCC13032
cg2624,Cgl2391,pcaR,Dual,cg2527,Cgl2527,cg2527,,,R,no,ChIP-seq (Internal Fused Prior),,Lab_Internal_ChIPseq,0.95,HIGH,ATCC13032_sample_Cgl2391,ATCC13032
cg2627,Cgl2394,nan,Dual,cg2527,Cgl2527,cg2527,,,R,no,ChIP-seq (Internal Fused Prior),,Lab_Internal_ChIPseq,0.95,HIGH,ATCC13032_sample_Cgl2394,ATCC13032
cg2831,Cgl2560,ramA,Dual,cg2527,Cgl2527,cg2527,,,A,no,ChIP-seq (Internal Fused Prior),,Lab_Internal_ChIPseq,0.95,HIGH,ATCC13032_sample_Cgl2560,ATCC13032
cg3224,Cgl2915,lldR,Dual,cg2527,Cgl2527,cg2527,,,R,no,ChIP-seq (Internal Fused Prior),,Lab_Internal_ChIPseq,0.95,HIGH,ATCC13032_sample_Cgl2915,ATCC13032
cg3246,Cgl2934,nan,Dual,cg2527,Cgl2527,cg2527,,,A,no,ChIP-seq (Internal Fused Prior),,Lab_Internal_ChIPseq,0.95,HIGH,ATCC13032_sample_Cgl2934,ATCC13032
cg3247,Cgl2935,cgtR11(hrrA),Dual,cg2527,Cgl2527,cg2527,,,R,no,ChIP-seq (Internal Fused Prior),,Lab_Internal_ChIPseq,0.95,HIGH,ATCC13032_sample_Cgl2935,ATCC13032
cg3253,Cgl2941,mcbR,Dual,cg2527,Cgl2527,cg2527,,,R,no,ChIP-seq (Internal Fused Prior),,Lab_Internal_ChIPseq,0.95,HIGH,ATCC13032_sample_Cgl2941,ATCC13032
cg3261,Cgl2947,nan,Dual,cg2527,Cgl2527,cg2527,,,R,no,ChIP-seq (Internal Fused Prior),,Lab_Internal_ChIPseq,0.95,HIGH,ATCC13032_sample_Cgl2947,ATCC13032
cg3352,Cgl3024,genR(nagR),Dual,cg2527,Cgl2527,cg2527,,,R,no,ChIP-seq (Internal Fused Prior),,Lab_Internal_ChIPseq,0.95,HIGH,ATCC13032_sample_Cgl3024,ATCC13032
cg1068,Cgl0936,fur,Dual,cg2527,Cgl2527,cg2527,,,R,no,ChIP-seq (Internal Fused Prior),,Lab_Internal_ChIPseq,0.95,HIGH,ATCC13032_sample_FurHpl6,ATCC13032
cg0702,Cgl0606,nan,Dual,cg2784,Cgl2528,nan,,,R,no,ChIP-seq (Internal Fused Prior),,Lab_Internal_ChIPseq,0.95,HIGH,ATCC13032_sample_Cgl0606,ATCC13032
cg2627,Cgl2394,nan,Dual,cg2786,Cgl2530,nrdE,,,R,no,ChIP-seq (Internal Fused Prior),,Lab_Internal_ChIPseq,0.95,HIGH,ATCC13032_sample_Cgl2394,ATCC13032
cg2946,Cgl2661,nan,Dual,cg2786,Cgl2530,nrdE,,,R,no,ChIP-seq (Internal Fused Prior),,Lab_Internal_ChIPseq,0.95,HIGH,ATCC13032_sample_Cgl2661,ATCC13032
cg3224,Cgl2915,lldR,Dual,cg2786,Cgl2530,nrdE,,,R,no,ChIP-seq (Internal Fused Prior),,Lab_Internal_ChIPseq,0.95,HIGH,ATCC13032_sample_Cgl2915,ATCC13032
cg2200,Cgl2009,cgtR8,Dual,cg2789,Cgl2532,nrdH,,,A,no,ChIP-seq (Internal Fused Prior),,Lab_Internal_ChIPseq,0.95,HIGH,ATCC13032_sample_Cgl2009,ATCC13032
cg2242,Cgl2044,nan,Dual,cg2789,Cgl2532,nrdH,,,A,no,ChIP-seq (Internal Fused Prior),,Lab_Internal_ChIPseq,0.95,HIGH,ATCC13032_sample_Cgl2044,ATCC13032
cg2378,Cgl2167,mraZ,Dual,cg2789,Cgl2532,nrdH,,,A,no,ChIP-seq (Internal Fused Prior),,Lab_Internal_ChIPseq,0.95,HIGH,ATCC13032_sample_Cgl2167,ATCC13032
cg2556,Cgl2326,nan,Dual,nan,Cgl2533,nan,,,R,no,ChIP-seq (Internal Fused Prior),,Lab_Internal_ChIPseq,0.95,HIGH,ATCC13032_sample_Cgl2326,ATCC13032
cg0436,Cgl0395,amtR,Dual,cg2795,Cgl2537,nan,,,R,no,ChIP-seq (Internal Fused Prior),,Lab_Internal_ChIPseq,0.95,HIGH,ATCC13032_sample_AmtRpl8,ATCC13032
A2b,,A2b,Dual,cg2799,Cgl2540,pknE,,,A,no,ChIP-seq (Internal Fused Prior),,Lab_Internal_ChIPseq,0.95,HIGH,ATCC13032_sample_A2b,ATCC13032
cg2651,Cgl2418,nan,Dual,cg2799,Cgl2540,pknE,,,R,no,ChIP-seq (Internal Fused Prior),,Lab_Internal_ChIPseq,0.95,HIGH,ATCC13032_sample_Cgl2418,ATCC13032
cg2527,Cgl2527,cg2527,Dual,cg2799,Cgl2540,pknE,,,A,no,ChIP-seq (Internal Fused Prior),,Lab_Internal_ChIPseq,0.95,HIGH,ATCC13032_sample_Cgl2527,ATCC13032
cg1464,Cgl1294,nan,Dual,cg2800,Cgl2541,pgm,,,R,no,ChIP-seq (Internal Fused Prior),,Lab_Internal_ChIPseq,0.95,HIGH,ATCC13032_sample_Cgl1294,ATCC13032
cg0876,Cgl0767,sigH,Dual,cg2807,Cgl2548,tnp11a(ISCg11a),,,R,no,ChIP-seq (Internal Fused Prior),,Lab_Internal_ChIPseq,0.95,HIGH,ATCC13032_sample_Cgl0767,ATCC13032
cg2946,Cgl2661,nan,Dual,cg2807,Cgl2548,tnp11a(ISCg11a),,,R,no,ChIP-seq (Internal Fused Prior),,Lab_Internal_ChIPseq,0.95,HIGH,ATCC13032_sample_Cgl2661,ATCC13032
cg3001,Cgl2711,cosR,Dual,cg2807,Cgl2548,tnp11a(ISCg11a),,,R,no,ChIP-seq (Internal Fused Prior),,Lab_Internal_ChIPseq,0.95,HIGH,ATCC13032_sample_Cgl2711,ATCC13032
cg0876,Cgl0767,sigH,Dual,nan,Cgl2549,nan,,,A,no,ChIP-seq (Internal Fused Prior),,Lab_Internal_ChIPseq,0.95,HIGH,ATCC13032_sample_Cgl0767,ATCC13032
cg2102,Cgl1919,sigB,Dual,nan,Cgl2549,nan,,,A,no,ChIP-seq (Internal Fused Prior),,Lab_Internal_ChIPseq,0.95,HIGH,ATCC13032_sample_Cgl1919,ATCC13032
cg3001,Cgl2711,cosR,Dual,nan,Cgl2549,nan,,,A,no,ChIP-seq (Internal Fused Prior),,Lab_Internal_ChIPseq,0.95,HIGH,ATCC13032_sample_Cgl2711,ATCC13032
cg2102,Cgl1919,sigB,Dual,cg2822,Cgl2554,nan,,,A,no,ChIP-seq (Internal Fused Prior),,Lab_Internal_ChIPseq,0.95,HIGH,ATCC13032_sample_Cgl1919,ATCC13032
cg3253,Cgl2941,mcbR,Dual,cg2833,Cgl2562,cysK,,,R,no,ChIP-seq (Internal Fused Prior),,Lab_Internal_ChIPseq,0.95,HIGH,ATCC13032_sample_Cgl2941,ATCC13032
cg0725,Cgl0627,crtR,Dual,cg2842,Cgl2571,phoU,,,A,no,ChIP-seq (Internal Fused Prior),,Lab_Internal_ChIPseq,0.95,HIGH,ATCC13032_sample_Cgl0627,ATCC13032
cg2527,Cgl2527,cg2527,Dual,cg2842,Cgl2571,phoU,,,A,no,ChIP-seq (Internal Fused Prior),,Lab_Internal_ChIPseq,0.95,HIGH,ATCC13032_sample_Cgl2527,ATCC13032
cg0527,Cgl0445,glyR,Dual,cg2851,Cgl2580,nan,,,R,no,ChIP-seq (Internal Fused Prior),,Lab_Internal_ChIPseq,0.95,HIGH,ATCC13032_sample_Cgl0445,ATCC13032
cg2527,Cgl2527,cg2527,Dual,cg2851,Cgl2580,nan,,,R,no,ChIP-seq (Internal Fused Prior),,Lab_Internal_ChIPseq,0.95,HIGH,ATCC13032_sample_Cgl2527,ATCC13032
cg2527,Cgl2527,cg2527,Dual,cg2852,Cgl2581,nan,,,A,no,ChIP-seq (Internal Fused Prior),,Lab_Internal_ChIPseq,0.95,HIGH,ATCC13032_sample_Cgl2527,ATCC13032
cg2309,Cgl2106,bioQ,Dual,cg2853,Cgl2582,nan,,,R,no,ChIP-seq (Internal Fused Prior),,Lab_Internal_ChIPseq,0.95,HIGH,ATCC13032_sample_Cgl2106,ATCC13032
cg3253,Cgl2941,mcbR,Dual,cg2867,Cgl2591,gpx,,,R,no,ChIP-seq (Internal Fused Prior),,Lab_Internal_ChIPseq,0.95,HIGH,ATCC13032_sample_Cgl2941,ATCC13032
cg3384,Cgl3055,nan,Dual,cg2876,Cgl2598,purB,,,R,no,ChIP-seq (Internal Fused Prior),,Lab_Internal_ChIPseq,0.95,HIGH,ATCC13032_sample_Cgl3055,ATCC13032
cg2309,Cgl2106,bioQ,Dual,cg2883,Cgl2602,nan,,,R,no,ChIP-seq (Internal Fused Prior),,Lab_Internal_ChIPseq,0.95,HIGH,ATCC13032_sample_Cgl2106,ATCC13032
cg2899,Cgl2616,nan,Dual,cg2883,Cgl2602,nan,,,A,no,ChIP-seq (Internal Fused Prior),,Lab_Internal_ChIPseq,0.95,HIGH,ATCC13032_sample_Cgl2616,ATCC13032
cg2309,Cgl2106,bioQ,Dual,cg2884,Cgl2603,nan,,,R,no,ChIP-seq (Internal Fused Prior),,Lab_Internal_ChIPseq,0.95,HIGH,ATCC13032_sample_Cgl2106,ATCC13032
cg2962,Cgl2677,nan,Dual,cg2884,Cgl2603,nan,,,R,no,ChIP-seq (Internal Fused Prior),,Lab_Internal_ChIPseq,0.95,HIGH,ATCC13032_sample_Cgl2677,ATCC13032
A3b,,A3b,Dual,cg2902,Cgl2619,nan,,,R,no,ChIP-seq (Internal Fused Prior),,Lab_Internal_ChIPseq,0.95,HIGH,ATCC13032_sample_A3b,ATCC13032
cg2268,Cgl2068,nan,Dual,cg2902,Cgl2619,nan,,,A,no,ChIP-seq (Internal Fused Prior),,Lab_Internal_ChIPseq,0.95,HIGH,ATCC13032_sample_Cgl2068,ATCC13032
cg2936,Cgl2651,nanR,Dual,cg2928,Cgl2644,nagB,,,R,no,ChIP-seq (Internal Fused Prior),,Lab_Internal_ChIPseq,0.95,HIGH,ATCC13032_sample_Cgl2651,ATCC13032
cg3239,Cgl2928,nan,Dual,cg2928,Cgl2644,nagB,,,R,no,ChIP-seq (Internal Fused Prior),,Lab_Internal_ChIPseq,0.95,HIGH,ATCC13032_sample_Cgl2928,ATCC13032
cg2268,Cgl2068,nan,Dual,cg2937,Cgl2652,nan,,,A,no,ChIP-seq (Internal Fused Prior),,Lab_Internal_ChIPseq,0.95,HIGH,ATCC13032_sample_Cgl2068,ATCC13032
cg0146,Cgl0111,atlR,Dual,cg2941,Cgl2656,nan,,,R,no,ChIP-seq (Internal Fused Prior),,Lab_Internal_ChIPseq,0.95,HIGH,ATCC13032_sample_Cgl0111,ATCC13032
cg2942,Cgl2657,nan,Dual,cg2941,Cgl2656,nan,,,R,no,ChIP-seq (Internal Fused Prior),,Lab_Internal_ChIPseq,0.95,HIGH,ATCC13032_sample_Cgl2657,ATCC13032
cg2942,Cgl2657,nan,Dual,cg2942,Cgl2657,nan,,,A,no,ChIP-seq (Internal Fused Prior),,Lab_Internal_ChIPseq,0.95,HIGH,ATCC13032_sample_Cgl2657,ATCC13032
cg0492,Cgl0411,nan,Dual,cg2943,Cgl2658,nan,,,R,no,ChIP-seq (Internal Fused Prior),,Lab_Internal_ChIPseq,0.95,HIGH,ATCC13032_sample_Cgl0411,ATCC13032
cg2942,Cgl2657,nan,Dual,cg2949,Cgl2664,nan,,,A,no,ChIP-seq (Internal Fused Prior),,Lab_Internal_ChIPseq,0.95,HIGH,ATCC13032_sample_Cgl2657,ATCC13032
cg2946,Cgl2661,nan,Dual,cg2962,Cgl2677,nan,,,A,no,ChIP-seq (Internal Fused Prior),,Lab_Internal_ChIPseq,0.95,HIGH,ATCC13032_sample_Cgl2661,ATCC13032
cg1846,Cgl1640,cssR,Dual,cg2971,Cgl2685,lmrB,,,R,no,ChIP-seq (Internal Fused Prior),,Lab_Internal_ChIPseq,0.95,HIGH,ATCC13032_sample_Cgl1640,ATCC13032
cg0527,Cgl0445,glyR,Dual,cg2974,Cgl2687,lysS,,,R,no,ChIP-seq (Internal Fused Prior),,Lab_Internal_ChIPseq,0.95,HIGH,ATCC13032_sample_Cgl0445,ATCC13032
cg2200,Cgl2009,cgtR8,Dual,cg2974,Cgl2687,lysS,,,R,no,ChIP-seq (Internal Fused Prior),,Lab_Internal_ChIPseq,0.95,HIGH,ATCC13032_sample_Cgl2009,ATCC13032
cg2378,Cgl2167,mraZ,Dual,cg2974,Cgl2687,lysS,,,R,no,ChIP-seq (Internal Fused Prior),,Lab_Internal_ChIPseq,0.95,HIGH,ATCC13032_sample_Cgl2167,ATCC13032
cg1425,Cgl1263,lysG,Dual,cg2987,Cgl2699,dacB,,,R,no,ChIP-seq (Internal Fused Prior),,Lab_Internal_ChIPseq,0.95,HIGH,ATCC13032_sample_Cgl1263,ATCC13032
nan,Cgl1930,nan,Dual,cg2987,Cgl2699,dacB,,,R,no,ChIP-seq (Internal Fused Prior),,Lab_Internal_ChIPseq,0.95,HIGH,ATCC13032_sample_Cgl1930,ATCC13032
cg2888,Cgl2607,cgtR3(phoR),Dual,cg3008,Cgl2715,porA,,,A,no,ChIP-seq (Internal Fused Prior),,Lab_Internal_ChIPseq,0.95,HIGH,ATCC13032_sample_Cgl2607,ATCC13032
cg2378,Cgl2167,mraZ,Dual,cg3013,Cgl2718,nan,,,R,no,ChIP-seq (Internal Fused Prior),,Lab_Internal_ChIPseq,0.95,HIGH,ATCC13032_sample_Cgl2167,ATCC13032
cg2502,Cgl2280,fur,Dual,cg3038,Cgl2743,nan,,,R,no,ChIP-seq (Internal Fused Prior),,Lab_Internal_ChIPseq,0.95,HIGH,ATCC13032_sample_Cgl2280,ATCC13032
cg1068,Cgl0936,fur,Dual,cg3038,Cgl2743,nan,,,R,no,ChIP-seq (Internal Fused Prior),,Lab_Internal_ChIPseq,0.95,HIGH,ATCC13032_sample_FurH,ATCC13032
cg1068,Cgl0936,fur,Dual,cg3038,Cgl2743,nan,,,R,no,ChIP-seq (Internal Fused Prior),,Lab_Internal_ChIPseq,0.95,HIGH,ATCC13032_sample_FurHpl7,ATCC13032
cg2627,Cgl2394,nan,Dual,cg3046,Cgl2751,pknG,,,R,no,ChIP-seq (Internal Fused Prior),,Lab_Internal_ChIPseq,0.95,HIGH,ATCC13032_sample_Cgl2394,ATCC13032
cg1308,Cgl1157,rhcR,Dual,cg3057,Cgl2760,nan,,,A,no,ChIP-seq (Internal Fused Prior),,Lab_Internal_ChIPseq,0.95,HIGH,ATCC13032_sample_Cgl1157,ATCC13032
cg2109,Cgl1925,oxyR,Dual,cg3057,Cgl2760,nan,,,R,no,ChIP-seq (Internal Fused Prior),,Lab_Internal_ChIPseq,0.95,HIGH,ATCC13032_sample_Cgl1925,ATCC13032
cg3253,Cgl2941,mcbR,Dual,cg3057,Cgl2760,nan,,,A,no,ChIP-seq (Internal Fused Prior),,Lab_Internal_ChIPseq,0.95,HIGH,ATCC13032_sample_Cgl2941,ATCC13032
cg3384,Cgl3055,nan,Dual,cg3057,Cgl2760,nan,,,R,no,ChIP-seq (Internal Fused Prior),,Lab_Internal_ChIPseq,0.95,HIGH,ATCC13032_sample_Cgl3055,ATCC13032
cg0444,Cgl0369,ramB,Dual,cg3059,Cgl2762,tnp8a(ISCg8a),,,R,no,ChIP-seq (Internal Fused Prior),,Lab_Internal_ChIPseq,0.95,HIGH,ATCC13032_sample_Cgl0369,ATCC13032
cg0725,Cgl0627,crtR,Dual,cg3059,Cgl2762,tnp8a(ISCg8a),,,R,no,ChIP-seq (Internal Fused Prior),,Lab_Internal_ChIPseq,0.95,HIGH,ATCC13032_sample_Cgl0627,ATCC13032
cg3230,Cgl2920,nan,Dual,cg3059,Cgl2762,tnp8a(ISCg8a),,,R,no,ChIP-seq (Internal Fused Prior),,Lab_Internal_ChIPseq,0.95,HIGH,ATCC13032_sample_Cgl2920,ATCC13032
cg3239,Cgl2928,nan,Dual,cg3059,Cgl2762,tnp8a(ISCg8a),,,R,no,ChIP-seq (Internal Fused Prior),,Lab_Internal_ChIPseq,0.95,HIGH,ATCC13032_sample_Cgl2928,ATCC13032
cg0069,Cgl0069,cg0069,Dual,cg3060,Cgl2763,cgtS6,,,R,no,ChIP-seq (Internal Fused Prior),,Lab_Internal_ChIPseq,0.95,HIGH,ATCC13032_sample_Cgl0069,ATCC13032
cg1053,Cgl0923,nan,Dual,cg3060,Cgl2763,cgtS6,,,R,no,ChIP-seq (Internal Fused Prior),,Lab_Internal_ChIPseq,0.95,HIGH,ATCC13032_sample_Cgl0923,ATCC13032
cg2314,Cgl2111,nan,Dual,cg3060,Cgl2763,cgtS6,,,R,no,ChIP-seq (Internal Fused Prior),,Lab_Internal_ChIPseq,0.95,HIGH,ATCC13032_sample_Cgl2111,ATCC13032
cg2648,Cgl2415,nan,Dual,cg3060,Cgl2763,cgtS6,,,R,no,ChIP-seq (Internal Fused Prior),,Lab_Internal_ChIPseq,0.95,HIGH,ATCC13032_sample_Cgl2415,ATCC13032
cg1068,Cgl0936,fur,Dual,cg3060,Cgl2763,cgtS6,,,R,no,ChIP-seq (Internal Fused Prior),,Lab_Internal_ChIPseq,0.95,HIGH,ATCC13032_sample_FurHpl5,ATCC13032
cg1068,Cgl0936,fur,Dual,cg3060,Cgl2763,cgtS6,,,R,no,ChIP-seq (Internal Fused Prior),,Lab_Internal_ChIPseq,0.95,HIGH,ATCC13032_sample_FurHpl6,ATCC13032
cg1068,Cgl0936,fur,Dual,cg3060,Cgl2763,cgtS6,,,R,no,ChIP-seq (Internal Fused Prior),,Lab_Internal_ChIPseq,0.95,HIGH,ATCC13032_sample_FurHpl8,ATCC13032
cg1068,Cgl0936,fur,Dual,cg3060,Cgl2763,cgtS6,,,R,no,ChIP-seq (Internal Fused Prior),,Lab_Internal_ChIPseq,0.95,HIGH,ATCC13032_sample_Furpl10,ATCC13032
cg2268,Cgl2068,nan,Dual,cg3067,Cgl2769,nan,,,R,no,ChIP-seq (Internal Fused Prior),,Lab_Internal_ChIPseq,0.95,HIGH,ATCC13032_sample_Cgl2068,ATCC13032
cg2737,Cgl2490,nan,Dual,cg3077,Cgl2778,nan,,,R,no,ChIP-seq (Internal Fused Prior),,Lab_Internal_ChIPseq,0.95,HIGH,ATCC13032_sample_Cgl2490,ATCC13032
cg0787,Cgl0685,nan,Dual,cg3079,Cgl2780,clpB,,,R,no,ChIP-seq (Internal Fused Prior),,Lab_Internal_ChIPseq,0.95,HIGH,ATCC13032_sample_Cgl0685,ATCC13032
cg2942,Cgl2657,nan,Dual,cg3083,Cgl2783,nan,,,A,no,ChIP-seq (Internal Fused Prior),,Lab_Internal_ChIPseq,0.95,HIGH,ATCC13032_sample_Cgl2657,ATCC13032
cg2942,Cgl2657,nan,Dual,cg3084,Cgl2784,nan,,,A,no,ChIP-seq (Internal Fused Prior),,Lab_Internal_ChIPseq,0.95,HIGH,ATCC13032_sample_Cgl2657,ATCC13032
cg2942,Cgl2657,nan,Dual,cg3085,Cgl2785,nan,,,A,no,ChIP-seq (Internal Fused Prior),,Lab_Internal_ChIPseq,0.95,HIGH,ATCC13032_sample_Cgl2657,ATCC13032
cg0012,Cgl0010,ssuR,Dual,cg3093,Cgl2793,nan,,,R,no,ChIP-seq (Internal Fused Prior),,Lab_Internal_ChIPseq,0.95,HIGH,ATCC13032_sample_Cgl0010,ATCC13032
cg0156,Cgl0121,cysR,Dual,cg3093,Cgl2793,nan,,,R,no,ChIP-seq (Internal Fused Prior),,Lab_Internal_ChIPseq,0.95,HIGH,ATCC13032_sample_Cgl0121,ATCC13032
cg2314,Cgl2111,nan,Dual,cg3093,Cgl2793,nan,,,R,no,ChIP-seq (Internal Fused Prior),,Lab_Internal_ChIPseq,0.95,HIGH,ATCC13032_sample_Cgl2111,ATCC13032
cg3253,Cgl2941,mcbR,Dual,cg3093,Cgl2793,nan,,,R,no,ChIP-seq (Internal Fused Prior),,Lab_Internal_ChIPseq,0.95,HIGH,ATCC13032_sample_Cgl2941,ATCC13032
cg3261,Cgl2947,nan,Dual,cg3093,Cgl2793,nan,,,R,no,ChIP-seq (Internal Fused Prior),,Lab_Internal_ChIPseq,0.95,HIGH,ATCC13032_sample_Cgl2947,ATCC13032
cg3285,Cgl2965,cgtR9(copR),Dual,cg3093,Cgl2793,nan,,,R,no,ChIP-seq (Internal Fused Prior),,Lab_Internal_ChIPseq,0.95,HIGH,ATCC13032_sample_Cgl2965,ATCC13032
cg3291,Cgl2970,nan,Dual,cg3093,Cgl2793,nan,,,R,no,ChIP-seq (Internal Fused Prior),,Lab_Internal_ChIPseq,0.95,HIGH,ATCC13032_sample_Cgl2970,ATCC13032
cg3315,Cgl2988,malR,Dual,cg3093,Cgl2793,nan,,,R,no,ChIP-seq (Internal Fused Prior),,Lab_Internal_ChIPseq,0.95,HIGH,ATCC13032_sample_Cgl2988,ATCC13032
cg0436,Cgl0395,amtR,Dual,cg3100,Cgl2800,dnaK,,,R,no,ChIP-seq (Internal Fused Prior),,Lab_Internal_ChIPseq,0.95,HIGH,ATCC13032_sample_AmtRH,ATCC13032
cg0436,Cgl0395,amtR,Dual,cg3100,Cgl2800,dnaK,,,R,no,ChIP-seq (Internal Fused Prior),,Lab_Internal_ChIPseq,0.95,HIGH,ATCC13032_sample_AmtRpl7,ATCC13032
cg0436,Cgl0395,amtR,Dual,cg3100,Cgl2800,dnaK,,,R,no,ChIP-seq (Internal Fused Prior),,Lab_Internal_ChIPseq,0.95,HIGH,ATCC13032_sample_AmtRpl8,ATCC13032
cg3253,Cgl2941,mcbR,Dual,cg3118,Cgl2817,cysI,,,R,no,ChIP-seq (Internal Fused Prior),,Lab_Internal_ChIPseq,0.95,HIGH,ATCC13032_sample_Cgl2941,ATCC13032
nan,Cgl1930,nan,Dual,cg3120,Cgl2819,nan,,,R,no,ChIP-seq (Internal Fused Prior),,Lab_Internal_ChIPseq,0.95,HIGH,ATCC13032_sample_Cgl1930,ATCC13032
cg3001,Cgl2711,cosR,Dual,cg3130,Cgl2828,nan,,,R,no,ChIP-seq (Internal Fused Prior),,Lab_Internal_ChIPseq,0.95,HIGH,ATCC13032_sample_Cgl2711,ATCC13032
cg0492,Cgl0411,nan,Dual,cg3141,Cgl2838,hmp,,,R,no,ChIP-seq (Internal Fused Prior),,Lab_Internal_ChIPseq,0.95,HIGH,ATCC13032_sample_Cgl0411,ATCC13032
cg2102,Cgl1919,sigB,Dual,cg3141,Cgl2838,hmp,,,R,no,ChIP-seq (Internal Fused Prior),,Lab_Internal_ChIPseq,0.95,HIGH,ATCC13032_sample_Cgl1919,ATCC13032
cg0436,Cgl0395,amtR,Dual,cg3142,Cgl2839,nan,,,R,no,ChIP-seq (Internal Fused Prior),,Lab_Internal_ChIPseq,0.95,HIGH,ATCC13032_sample_AmtRpl7,ATCC13032
cg0146,Cgl0111,atlR,Dual,cg3142,Cgl2839,nan,,,R,no,ChIP-seq (Internal Fused Prior),,Lab_Internal_ChIPseq,0.95,HIGH,ATCC13032_sample_Cgl0111,ATCC13032
cg0196,Cgl0157,iolR,Dual,cg3142,Cgl2839,nan,,,R,no,ChIP-seq (Internal Fused Prior),,Lab_Internal_ChIPseq,0.95,HIGH,ATCC13032_sample_Cgl0157,ATCC13032
cg0350,Cgl0291,glxR,Dual,cg3142,Cgl2839,nan,,,R,no,ChIP-seq (Internal Fused Prior),,Lab_Internal_ChIPseq,0.95,HIGH,ATCC13032_sample_Cgl0291,ATCC13032
cg2556,Cgl2326,nan,Dual,cg3142,Cgl2839,nan,,,R,no,ChIP-seq (Internal Fused Prior),,Lab_Internal_ChIPseq,0.95,HIGH,ATCC13032_sample_Cgl2326,ATCC13032
cg2527,Cgl2527,cg2527,Dual,cg3142,Cgl2839,nan,,,R,no,ChIP-seq (Internal Fused Prior),,Lab_Internal_ChIPseq,0.95,HIGH,ATCC13032_sample_Cgl2527,ATCC13032
cg2831,Cgl2560,ramA,Dual,cg3142,Cgl2839,nan,,,R,no,ChIP-seq (Internal Fused Prior),,Lab_Internal_ChIPseq,0.95,HIGH,ATCC13032_sample_Cgl2560,ATCC13032
cg2946,Cgl2661,nan,Dual,cg3142,Cgl2839,nan,,,R,no,ChIP-seq (Internal Fused Prior),,Lab_Internal_ChIPseq,0.95,HIGH,ATCC13032_sample_Cgl2661,ATCC13032
cg2942,Cgl2657,nan,Dual,cg3163,Cgl2858,nan,,,R,no,ChIP-seq (Internal Fused Prior),,Lab_Internal_ChIPseq,0.95,HIGH,ATCC13032_sample_Cgl2657,ATCC13032
cg3261,Cgl2947,nan,Dual,cg3166,Cgl2861,nan,,,A,no,ChIP-seq (Internal Fused Prior),,Lab_Internal_ChIPseq,0.95,HIGH,ATCC13032_sample_Cgl2947,ATCC13032
cg3001,Cgl2711,cosR,Dual,cg3177,Cgl2870,pccB,,,R,no,ChIP-seq (Internal Fused Prior),,Lab_Internal_ChIPseq,0.95,HIGH,ATCC13032_sample_Cgl2711,ATCC13032
cg2378,Cgl2167,mraZ,Dual,cg3180,Cgl2873,nan,,,R,no,ChIP-seq (Internal Fused Prior),,Lab_Internal_ChIPseq,0.95,HIGH,ATCC13032_sample_Cgl2167,ATCC13032
cg1218,Cgl1070,nrtR,Dual,cg3210,Cgl2902,nan,,,R,no,ChIP-seq (Internal Fused Prior),,Lab_Internal_ChIPseq,0.95,HIGH,ATCC13032_sample_Cgl1070,ATCC13032
cg3202,Cgl2894,farR,Dual,cg3210,Cgl2902,nan,,,R,no,ChIP-seq (Internal Fused Prior),,Lab_Internal_ChIPseq,0.95,HIGH,ATCC13032_sample_Cgl2894,ATCC13032
cg3239,Cgl2928,nan,Dual,cg3210,Cgl2902,nan,,,R,no,ChIP-seq (Internal Fused Prior),,Lab_Internal_ChIPseq,0.95,HIGH,ATCC13032_sample_Cgl2928,ATCC13032
cg3246,Cgl2934,nan,Dual,cg3210,Cgl2902,nan,,,R,no,ChIP-seq (Internal Fused Prior),,Lab_Internal_ChIPseq,0.95,HIGH,ATCC13032_sample_Cgl2934,ATCC13032
cg2091,Cgl1910,ppgK,Dual,cg3211,Cgl2903,nan,,,R,no,ChIP-seq (Internal Fused Prior),,Lab_Internal_ChIPseq,0.95,HIGH,ATCC13032_sample_Cgl1910,ATCC13032
cg2115,Cgl1931,sugR,Dual,cg3211,Cgl2903,nan,,,R,no,ChIP-seq (Internal Fused Prior),,Lab_Internal_ChIPseq,0.95,HIGH,ATCC13032_sample_Cgl1931,ATCC13032
cg2942,Cgl2657,nan,Dual,cg3211,Cgl2903,nan,,,R,no,ChIP-seq (Internal Fused Prior),,Lab_Internal_ChIPseq,0.95,HIGH,ATCC13032_sample_Cgl2657,ATCC13032
A3a,,A3a,Dual,cg3231,Cgl2921,nan,,,A,no,ChIP-seq (Internal Fused Prior),,Lab_Internal_ChIPseq,0.95,HIGH,ATCC13032_sample_A3a,ATCC13032
cg1935,Cgl1718,gntR2,Dual,cg3231,Cgl2921,nan,,,A,no,ChIP-seq (Internal Fused Prior),,Lab_Internal_ChIPseq,0.95,HIGH,ATCC13032_sample_Cgl1718,ATCC13032
cg2614,Cgl2381,nan,Dual,cg3231,Cgl2921,nan,,,A,no,ChIP-seq (Internal Fused Prior),,Lab_Internal_ChIPseq,0.95,HIGH,ATCC13032_sample_Cgl2381,ATCC13032
cg2932,Cgl2647,nan,Dual,cg3231,Cgl2921,nan,,,A,no,ChIP-seq (Internal Fused Prior),,Lab_Internal_ChIPseq,0.95,HIGH,ATCC13032_sample_Cgl2647,ATCC13032
cg2962,Cgl2677,nan,Dual,cg3231,Cgl2921,nan,,,A,no,ChIP-seq (Internal Fused Prior),,Lab_Internal_ChIPseq,0.95,HIGH,ATCC13032_sample_Cgl2677,ATCC13032
cg2527,Cgl2527,cg2527,Dual,cg3232,Cgl2922,nan,,,R,no,ChIP-seq (Internal Fused Prior),,Lab_Internal_ChIPseq,0.95,HIGH,ATCC13032_sample_Cgl2527,ATCC13032
cg0878,Cgl0768,whiB1(whcE),Dual,cg3233,Cgl2923,nan,,,A,no,ChIP-seq (Internal Fused Prior),,Lab_Internal_ChIPseq,0.95,HIGH,ATCC13032_sample_Cgl0768,ATCC13032
cg2109,Cgl1925,oxyR,Dual,cg3233,Cgl2923,nan,,,R,no,ChIP-seq (Internal Fused Prior),,Lab_Internal_ChIPseq,0.95,HIGH,ATCC13032_sample_Cgl1925,ATCC13032
cg2115,Cgl1931,sugR,Dual,cg3233,Cgl2923,nan,,,R,no,ChIP-seq (Internal Fused Prior),,Lab_Internal_ChIPseq,0.95,HIGH,ATCC13032_sample_Cgl1931,ATCC13032
cg2500,Cgl2279,znR,Dual,cg3233,Cgl2923,nan,,,R,no,ChIP-seq (Internal Fused Prior),,Lab_Internal_ChIPseq,0.95,HIGH,ATCC13032_sample_Cgl2279,ATCC13032
cg9768,Cgl9768,cg9768,Dual,cg3233,Cgl2923,nan,,,A,no,ChIP-seq (Internal Fused Prior),,Lab_Internal_ChIPseq,0.95,HIGH,ATCC13032_sample_Cgl9768,ATCC13032
cg0492,Cgl0411,nan,Dual,cg3235,Cgl2925,nan,,,R,no,ChIP-seq (Internal Fused Prior),,Lab_Internal_ChIPseq,0.95,HIGH,ATCC13032_sample_Cgl0411,ATCC13032
cg0787,Cgl0685,nan,Dual,cg3239,Cgl2928,nan,,,R,no,ChIP-seq (Internal Fused Prior),,Lab_Internal_ChIPseq,0.95,HIGH,ATCC13032_sample_Cgl0685,ATCC13032
cg1053,Cgl0923,nan,Dual,cg3239,Cgl2928,nan,,,R,no,ChIP-seq (Internal Fused Prior),,Lab_Internal_ChIPseq,0.95,HIGH,ATCC13032_sample_Cgl0923,ATCC13032
cg2200,Cgl2009,cgtR8,Dual,cg3239,Cgl2928,nan,,,R,no,ChIP-seq (Internal Fused Prior),,Lab_Internal_ChIPseq,0.95,HIGH,ATCC13032_sample_Cgl2009,ATCC13032
cg2378,Cgl2167,mraZ,Dual,cg3239,Cgl2928,nan,,,R,no,ChIP-seq (Internal Fused Prior),,Lab_Internal_ChIPseq,0.95,HIGH,ATCC13032_sample_Cgl2167,ATCC13032
cg1324,Cgl1171,rosR,Dual,cg3244,Cgl2932,nan,,,R,no,ChIP-seq (Internal Fused Prior),,Lab_Internal_ChIPseq,0.95,HIGH,ATCC13032_sample_Cgl1171,ATCC13032
cg2109,Cgl1925,oxyR,Dual,cg3244,Cgl2932,nan,,,R,no,ChIP-seq (Internal Fused Prior),,Lab_Internal_ChIPseq,0.95,HIGH,ATCC13032_sample_Cgl1925,ATCC13032
A4b,,A4b,Dual,cg3252,Cgl2940,nan,,,R,no,ChIP-seq (Internal Fused Prior),,Lab_Internal_ChIPseq,0.95,HIGH,ATCC13032_sample_A4b,ATCC13032
cg3253,Cgl2941,mcbR,Dual,cg3253,Cgl2941,mcbR,,,R,no,ChIP-seq (Internal Fused Prior),,Lab_Internal_ChIPseq,0.95,HIGH,ATCC13032_sample_Cgl2941,ATCC13032
cg2651,Cgl2418,nan,Dual,cg3261,Cgl2947,nan,,,R,no,ChIP-seq (Internal Fused Prior),,Lab_Internal_ChIPseq,0.95,HIGH,ATCC13032_sample_Cgl2418,ATCC13032
cg2556,Cgl2326,nan,Dual,cg3266,Cgl2951,tnp5c(ISCg5c),,,R,no,ChIP-seq (Internal Fused Prior),,Lab_Internal_ChIPseq,0.95,HIGH,ATCC13032_sample_Cgl2326,ATCC13032
cg3384,Cgl3055,nan,Dual,cg3269,Cgl2953,nan,,,R,no,ChIP-seq (Internal Fused Prior),,Lab_Internal_ChIPseq,0.95,HIGH,ATCC13032_sample_Cgl3055,ATCC13032
cg2686,Cgl2445,nan,Dual,cg3280,Cgl2961,nan,,,R,no,ChIP-seq (Internal Fused Prior),,Lab_Internal_ChIPseq,0.95,HIGH,ATCC13032_sample_Cgl2445,ATCC13032
cg2737,Cgl2490,nan,Dual,cg3280,Cgl2961,nan,,,R,no,ChIP-seq (Internal Fused Prior),,Lab_Internal_ChIPseq,0.95,HIGH,ATCC13032_sample_Cgl2490,ATCC13032
cg2888,Cgl2607,cgtR3(phoR),Dual,cg3280,Cgl2961,nan,,,R,no,ChIP-seq (Internal Fused Prior),,Lab_Internal_ChIPseq,0.95,HIGH,ATCC13032_sample_Cgl2607,ATCC13032
cg2910,Cgl2627,ipsA,Dual,cg3280,Cgl2961,nan,,,R,no,ChIP-seq (Internal Fused Prior),,Lab_Internal_ChIPseq,0.95,HIGH,ATCC13032_sample_Cgl2627,ATCC13032
cg0492,Cgl0411,nan,Dual,cg3293,Cgl2972,nan,,,A,no,ChIP-seq (Internal Fused Prior),,Lab_Internal_ChIPseq,0.95,HIGH,ATCC13032_sample_Cgl0411,ATCC13032
cg0069,Cgl0069,cg0069,Dual,cg3294,Cgl2973,nan,,,R,no,ChIP-seq (Internal Fused Prior),,Lab_Internal_ChIPseq,0.95,HIGH,ATCC13032_sample_Cgl0069,ATCC13032
cg0850,Cgl0743,whiB2(whcD),Dual,cg3294,Cgl2973,nan,,,R,no,ChIP-seq (Internal Fused Prior),,Lab_Internal_ChIPseq,0.95,HIGH,ATCC13032_sample_Cgl0743,ATCC13032
cg2946,Cgl2661,nan,Dual,cg3294,Cgl2973,nan,,,R,no,ChIP-seq (Internal Fused Prior),,Lab_Internal_ChIPseq,0.95,HIGH,ATCC13032_sample_Cgl2661,ATCC13032
cg0069,Cgl0069,cg0069,Dual,cg3295,Cgl2974,nan,,,A,no,ChIP-seq (Internal Fused Prior),,Lab_Internal_ChIPseq,0.95,HIGH,ATCC13032_sample_Cgl0069,ATCC13032
cg0313,Cgl0257,lrp,Dual,cg3295,Cgl2974,nan,,,R,no,ChIP-seq (Internal Fused Prior),,Lab_Internal_ChIPseq,0.95,HIGH,ATCC13032_sample_Cgl0257,ATCC13032
cg0492,Cgl0411,nan,Dual,cg3295,Cgl2974,nan,,,A,no,ChIP-seq (Internal Fused Prior),,Lab_Internal_ChIPseq,0.95,HIGH,ATCC13032_sample_Cgl0411,ATCC13032
cg0850,Cgl0743,whiB2(whcD),Dual,cg3295,Cgl2974,nan,,,A,no,ChIP-seq (Internal Fused Prior),,Lab_Internal_ChIPseq,0.95,HIGH,ATCC13032_sample_Cgl0743,ATCC13032
cg1053,Cgl0923,nan,Dual,cg3295,Cgl2974,nan,,,A,no,ChIP-seq (Internal Fused Prior),,Lab_Internal_ChIPseq,0.95,HIGH,ATCC13032_sample_Cgl0923,ATCC13032
cg2109,Cgl1925,oxyR,Dual,cg3295,Cgl2974,nan,,,R,no,ChIP-seq (Internal Fused Prior),,Lab_Internal_ChIPseq,0.95,HIGH,ATCC13032_sample_Cgl1925,ATCC13032
cg2946,Cgl2661,nan,Dual,cg3295,Cgl2974,nan,,,A,no,ChIP-seq (Internal Fused Prior),,Lab_Internal_ChIPseq,0.95,HIGH,ATCC13032_sample_Cgl2661,ATCC13032
nan,Cgl1930,nan,Dual,cg3304,Cgl2980,dnaB,,,A,no,ChIP-seq (Internal Fused Prior),,Lab_Internal_ChIPseq,0.95,HIGH,ATCC13032_sample_Cgl1930,ATCC13032
cg3384,Cgl3055,nan,Dual,cg3304,Cgl2980,dnaB,,,R,no,ChIP-seq (Internal Fused Prior),,Lab_Internal_ChIPseq,0.95,HIGH,ATCC13032_sample_Cgl3055,ATCC13032
A2b,,A2b,Dual,cg3314,Cgl2987,nan,,,R,no,ChIP-seq (Internal Fused Prior),,Lab_Internal_ChIPseq,0.95,HIGH,ATCC13032_sample_A2b,ATCC13032
cg3261,Cgl2947,nan,Dual,cg3315,Cgl2988,malR,,,R,no,ChIP-seq (Internal Fused Prior),,Lab_Internal_ChIPseq,0.95,HIGH,ATCC13032_sample_Cgl2947,ATCC13032
cg3315,Cgl2988,malR,Dual,cg3315,Cgl2988,malR,,,R,no,ChIP-seq (Internal Fused Prior),,Lab_Internal_ChIPseq,0.95,HIGH,ATCC13032_sample_Cgl2988,ATCC13032
cg3261,Cgl2947,nan,Dual,cg3316,Cgl2989,nan,,,R,no,ChIP-seq (Internal Fused Prior),,Lab_Internal_ChIPseq,0.95,HIGH,ATCC13032_sample_Cgl2947,ATCC13032
cg3315,Cgl2988,malR,Dual,cg3316,Cgl2989,nan,,,R,no,ChIP-seq (Internal Fused Prior),,Lab_Internal_ChIPseq,0.95,HIGH,ATCC13032_sample_Cgl2988,ATCC13032
cg3261,Cgl2947,nan,Dual,cg3317,Cgl2990,nan,,,R,no,ChIP-seq (Internal Fused Prior),,Lab_Internal_ChIPseq,0.95,HIGH,ATCC13032_sample_Cgl2947,ATCC13032
cg2109,Cgl1925,oxyR,Dual,cg3318,Cgl2991,nan,,,R,no,ChIP-seq (Internal Fused Prior),,Lab_Internal_ChIPseq,0.95,HIGH,ATCC13032_sample_Cgl1925,ATCC13032
nan,Cgl1930,nan,Dual,cg3318,Cgl2991,nan,,,R,no,ChIP-seq (Internal Fused Prior),,Lab_Internal_ChIPseq,0.95,HIGH,ATCC13032_sample_Cgl1930,ATCC13032
cg2627,Cgl2394,nan,Dual,cg3318,Cgl2991,nan,,,R,no,ChIP-seq (Internal Fused Prior),,Lab_Internal_ChIPseq,0.95,HIGH,ATCC13032_sample_Cgl2394,ATCC13032
cg2109,Cgl1925,oxyR,Dual,cg3327,Cgl2999,dps,,,R,no,ChIP-seq (Internal Fused Prior),,Lab_Internal_ChIPseq,0.95,HIGH,ATCC13032_sample_Cgl1925,ATCC13032
cg3315,Cgl2988,malR,Dual,cg3335,Cgl3007,mez,,,R,no,ChIP-seq (Internal Fused Prior),,Lab_Internal_ChIPseq,0.95,HIGH,ATCC13032_sample_Cgl2988,ATCC13032
cg0725,Cgl0627,crtR,Dual,cg3340,Cgl3012,dadA,,,R,no,ChIP-seq (Internal Fused Prior),,Lab_Internal_ChIPseq,0.95,HIGH,ATCC13032_sample_Cgl0627,ATCC13032
cg3261,Cgl2947,nan,Dual,cg3345,Cgl3017,nan,,,R,no,ChIP-seq (Internal Fused Prior),,Lab_Internal_ChIPseq,0.95,HIGH,ATCC13032_sample_Cgl2947,ATCC13032
cg0484,Cgl0404,cgtR4,Dual,cg3346,Cgl3018,leuS,,,A,no,ChIP-seq (Internal Fused Prior),,Lab_Internal_ChIPseq,0.95,HIGH,ATCC13032_sample_Cgl0404,ATCC13032
cg3373,Cgl3044,nan,Dual,cg3346,Cgl3018,leuS,,,R,no,ChIP-seq (Internal Fused Prior),,Lab_Internal_ChIPseq,0.95,HIGH,ATCC13032_sample_Cgl3044,ATCC13032
cg0527,Cgl0445,glyR,Dual,cg3347,Cgl3019,nan,,,R,no,ChIP-seq (Internal Fused Prior),,Lab_Internal_ChIPseq,0.95,HIGH,ATCC13032_sample_Cgl0445,ATCC13032
cg2910,Cgl2627,ipsA,Dual,cg3358,Cgl3030,nan,,,A,no,ChIP-seq (Internal Fused Prior),,Lab_Internal_ChIPseq,0.95,HIGH,ATCC13032_sample_Cgl2627,ATCC13032
cg3087,Cgl2787,nan,Dual,cg3358,Cgl3030,nan,,,A,no,ChIP-seq (Internal Fused Prior),,Lab_Internal_ChIPseq,0.95,HIGH,ATCC13032_sample_Cgl2787,ATCC13032
cg3384,Cgl3055,nan,Dual,cg3358,Cgl3030,nan,,,A,no,ChIP-seq (Internal Fused Prior),,Lab_Internal_ChIPseq,0.95,HIGH,ATCC13032_sample_Cgl3055,ATCC13032
cg0725,Cgl0627,crtR,Dual,cg3373,Cgl3044,nan,,,R,no,ChIP-seq (Internal Fused Prior),,Lab_Internal_ChIPseq,0.95,HIGH,ATCC13032_sample_Cgl0627,ATCC13032
A2b,,A2b,Dual,cg3377,Cgl3048,nan,,,R,no,ChIP-seq (Internal Fused Prior),,Lab_Internal_ChIPseq,0.95,HIGH,ATCC13032_sample_A2b,ATCC13032
cg0787,Cgl0685,nan,Dual,cg3377,Cgl3048,nan,,,A,no,ChIP-seq (Internal Fused Prior),,Lab_Internal_ChIPseq,0.95,HIGH,ATCC13032_sample_Cgl0685,ATCC13032
cg2314,Cgl2111,nan,Dual,cg3377,Cgl3048,nan,,,R,no,ChIP-seq (Internal Fused Prior),,Lab_Internal_ChIPseq,0.95,HIGH,ATCC13032_sample_Cgl2111,ATCC13032
cg2910,Cgl2627,ipsA,Dual,cg3384,Cgl3055,nan,,,R,no,ChIP-seq (Internal Fused Prior),,Lab_Internal_ChIPseq,0.95,HIGH,ATCC13032_sample_Cgl2627,ATCC13032
cg3247,Cgl2935,cgtR11(hrrA),Dual,cg3384,Cgl3055,nan,,,R,no,ChIP-seq (Internal Fused Prior),,Lab_Internal_ChIPseq,0.95,HIGH,ATCC13032_sample_Cgl2935,ATCC13032
cg2651,Cgl2418,nan,Dual,cg3398,Cgl3069,nan,,,R,no,ChIP-seq (Internal Fused Prior),,Lab_Internal_ChIPseq,0.95,HIGH,ATCC13032_sample_Cgl2418,ATCC13032
cg3384,Cgl3055,nan,Dual,cg3399,Cgl3070,nan,,,A,no,ChIP-seq (Internal Fused Prior),,Lab_Internal_ChIPseq,0.95,HIGH,ATCC13032_sample_Cgl3055,ATCC13032
