TF_locusTag,TF_altLocusTag,TF_name,TF_role,TG_locusTag,TG_altLocusTag,TG_name,Operon,Binding_site,Role,Is_sigma_factor,Evidence,PMID,Source,evidence_score,confidence_label,strain_note,evidence_level,source_accession
cg230,,BioQ,Dual,cg0095,,bioB,,CTTGAACACTGTTCAAG,Dual,no,predicted,,RegPrecise_Cglutamicum,0.6,MEDIUM,ATCC13032,PREDICTED,RegPrecise_3.2_ATCC13032
cg230,,BioQ,Dual,cg2885,,bioA,,ATTGAACACTGTTCAAT,Dual,no,predicted,,RegPrecise_Cglutamicum,0.6,MEDIUM,ATCC13032,PREDICTED,RegPrecise_3.2_ATCC13032
cg230,,BioQ,Dual,cg2886,,bioD,,,Dual,no,predicted,,RegPrecise_Cglutamicum,0.6,MEDIUM,ATCC13032,PREDICTED,RegPrecise_3.2_ATCC13032
cg230,,BioQ,Dual,cg2147,,bioY,,GTTGAACACTGTTCAGG,Dual,no,predicted,,RegPrecise_Cglutamicum,0.6,MEDIUM,ATCC13032,PREDICTED,RegPrecise_3.2_ATCC13032
cg230,,BioQ,Dual,cg2148,,bioM,,,Dual,no,predicted,,RegPrecise_Cglutamicum,0.6,MEDIUM,ATCC13032,PREDICTED,RegPrecise_3.2_ATCC13032
cg230,,BioQ,Dual,cg2149,,bioN,,,Dual,no,predicted,,RegPrecise_Cglutamicum,0.6,MEDIUM,ATCC13032,PREDICTED,RegPrecise_3.2_ATCC13032
cg2103,,DtxR,Dual,cg3119,,cysJ,,TTAGGTTAGGTTCACCGTG,Dual,no,predicted,,RegPrecise_Cglutamicum,0.6,MEDIUM,ATCC13032,PREDICTED,RegPrecise_3.2_ATCC13032
cg2103,,DtxR,Dual,cg2796,,cg2796,,GAAGGCAAGCCAAACTTAA,Dual,no,predicted,,RegPrecise_Cglutamicum,0.6,MEDIUM,ATCC13032,PREDICTED,RegPrecise_3.2_ATCC13032
cg2103,,DtxR,Dual,cg2797,,cg2797,,,Dual,no,predicted,,RegPrecise_Cglutamicum,0.6,MEDIUM,ATCC13032,PREDICTED,RegPrecise_3.2_ATCC13032
cg2103,,DtxR,Dual,cg2311,,cg2311,,TCAAGTAAGGTTTACCTTA,Dual,no,predicted,,RegPrecise_Cglutamicum,0.6,MEDIUM,ATCC13032,PREDICTED,RegPrecise_3.2_ATCC13032
cg2103,,DtxR,Dual,cg0527,,glyR,,TTAGGCTTGCCATACCTAT,Dual,no,predicted,,RegPrecise_Cglutamicum,0.6,MEDIUM,ATCC13032,PREDICTED,RegPrecise_3.2_ATCC13032
cg2103,,DtxR,Dual,cg3156,,cg3156,,TAAGGCAAGCCTAAATTAG,Dual,no,predicted,,RegPrecise_Cglutamicum,0.6,MEDIUM,ATCC13032,PREDICTED,RegPrecise_3.2_ATCC13032
cg2103,,DtxR,Dual,cg1642,,cg1642,,TTAGGTTAGGCAAGCCATA,Dual,no,predicted,,RegPrecise_Cglutamicum,0.6,MEDIUM,ATCC13032,PREDICTED,RegPrecise_3.2_ATCC13032
cg2103,,DtxR,Dual,cg1405,,cg1405,,TTTTGTTAGGCTTGCCTAG,Dual,no,predicted,,RegPrecise_Cglutamicum,0.6,MEDIUM,ATCC13032,PREDICTED,RegPrecise_3.2_ATCC13032
cg2103,,DtxR,Dual,cg0955,,cg0955,,TTACGTGAGCGTAGCCGAA,Dual,no,predicted,,RegPrecise_Cglutamicum,0.6,MEDIUM,ATCC13032,PREDICTED,RegPrecise_3.2_ATCC13032
cg2103,,DtxR,Dual,cg1088,,cg1088,,TTAAGTCAGTGTTACCTAA,Dual,no,predicted,,RegPrecise_Cglutamicum,0.6,MEDIUM,ATCC13032,PREDICTED,RegPrecise_3.2_ATCC13032
cg2103,,DtxR,Dual,cg1089,,cg1089,,,Dual,no,predicted,,RegPrecise_Cglutamicum,0.6,MEDIUM,ATCC13032,PREDICTED,RegPrecise_3.2_ATCC13032
cg2103,,DtxR,Dual,cg3247,,cgtR11(hrrA),,ATGAGTAAGGCTAGACTAA,Dual,no,predicted,,RegPrecise_Cglutamicum,0.6,MEDIUM,ATCC13032,PREDICTED,RegPrecise_3.2_ATCC13032
cg2103,,DtxR,Dual,cg0591,,frgC,,TTAGTAAAGGCTCACCTAA,Dual,no,predicted,,RegPrecise_Cglutamicum,0.6,MEDIUM,ATCC13032,PREDICTED,RegPrecise_3.2_ATCC13032
cg2103,,DtxR,Dual,cg0590,,frgB,,,Dual,no,predicted,,RegPrecise_Cglutamicum,0.6,MEDIUM,ATCC13032,PREDICTED,RegPrecise_3.2_ATCC13032
cg2103,,DtxR,Dual,cg0589,,frgA,,,Dual,no,predicted,,RegPrecise_Cglutamicum,0.6,MEDIUM,ATCC13032,PREDICTED,RegPrecise_3.2_ATCC13032
cg2103,,DtxR,Dual,cg3394,,cg3394,,TTAAGGTAAGTTCAGCTAA,Dual,no,predicted,,RegPrecise_Cglutamicum,0.6,MEDIUM,ATCC13032,PREDICTED,RegPrecise_3.2_ATCC13032
cg2103,,DtxR,Dual,cg3118,,cysI,,CACGGTGAACCTAACCTAA,Dual,no,predicted,,RegPrecise_Cglutamicum,0.6,MEDIUM,ATCC13032,PREDICTED,RegPrecise_3.2_ATCC13032
cg2103,,DtxR,Dual,cg3117,,cysX,,,Dual,no,predicted,,RegPrecise_Cglutamicum,0.6,MEDIUM,ATCC13032,PREDICTED,RegPrecise_3.2_ATCC13032
cg2103,,DtxR,Dual,cg3116,,cysH,,,Dual,no,predicted,,RegPrecise_Cglutamicum,0.6,MEDIUM,ATCC13032,PREDICTED,RegPrecise_3.2_ATCC13032
cg2103,,DtxR,Dual,cg3115,,cysD,,,Dual,no,predicted,,RegPrecise_Cglutamicum,0.6,MEDIUM,ATCC13032,PREDICTED,RegPrecise_3.2_ATCC13032
cg2103,,DtxR,Dual,cg3114,,cysN,,,Dual,no,predicted,,RegPrecise_Cglutamicum,0.6,MEDIUM,ATCC13032,PREDICTED,RegPrecise_3.2_ATCC13032
cg2103,,DtxR,Dual,cg3113,,cysY,,,Dual,no,predicted,,RegPrecise_Cglutamicum,0.6,MEDIUM,ATCC13032,PREDICTED,RegPrecise_3.2_ATCC13032
cg2103,,DtxR,Dual,cg3112,,cysZ,,,Dual,no,predicted,,RegPrecise_Cglutamicum,0.6,MEDIUM,ATCC13032,PREDICTED,RegPrecise_3.2_ATCC13032
cg2103,,DtxR,Dual,cg0405,,fepB1,,TAAGGATAACCTTGCCTTA,Dual,no,predicted,,RegPrecise_Cglutamicum,0.6,MEDIUM,ATCC13032,PREDICTED,RegPrecise_3.2_ATCC13032
cg2103,,DtxR,Dual,cg1120,,ripA,,TGAGGTTAGCGTAACCTAC,Dual,no,predicted,,RegPrecise_Cglutamicum,0.6,MEDIUM,ATCC13032,EXPERIMENTAL_ATCC13032,RegPrecise_3.2_ATCC13032
cg2103,,DtxR,Dual,cg0748,,fepB1,,ATAGGATAGGTTAACCTGA,Dual,no,predicted,,RegPrecise_Cglutamicum,0.6,MEDIUM,ATCC13032,PREDICTED,RegPrecise_3.2_ATCC13032
cg2103,,DtxR,Dual,cg0470,,cg0470,,TTAGGTTAAGCTAATCTAG,Dual,no,predicted,,RegPrecise_Cglutamicum,0.6,MEDIUM,ATCC13032,PREDICTED,RegPrecise_3.2_ATCC13032
cg2103,,DtxR,Dual,cg0471,,cg0471,,,Dual,no,predicted,,RegPrecise_Cglutamicum,0.6,MEDIUM,ATCC13032,PREDICTED,RegPrecise_3.2_ATCC13032
cg2103,,DtxR,Dual,cg1930,,cg1520,,TTAGGTAAAGCTTGCCTAT,Dual,no,predicted,,RegPrecise_Cglutamicum,0.6,MEDIUM,ATCC13032,PREDICTED,RegPrecise_3.2_ATCC13032
cg2103,,DtxR,Dual,cg1931,,cg1931,,,Dual,no,predicted,,RegPrecise_Cglutamicum,0.6,MEDIUM,ATCC13032,PREDICTED,RegPrecise_3.2_ATCC13032
cg2103,,DtxR,Dual,cg2234,,cbrA,,TTAGGCAAGGCTACCTTTT,Dual,no,predicted,,RegPrecise_Cglutamicum,0.6,MEDIUM,ATCC13032,PREDICTED,RegPrecise_3.2_ATCC13032
cg2103,,DtxR,Dual,cg0922,,cg0922,,TAAGGTTTGCCTAATCTTT,Dual,no,predicted,,RegPrecise_Cglutamicum,0.6,MEDIUM,ATCC13032,PREDICTED,RegPrecise_3.2_ATCC13032
cg2103,,DtxR,Dual,cg0921,,cg0921,,,Dual,no,predicted,,RegPrecise_Cglutamicum,0.6,MEDIUM,ATCC13032,PREDICTED,RegPrecise_3.2_ATCC13032
cg2103,,DtxR,Dual,cg2782,,ftn,,TTATGCTGCGCTAACCTAT,Dual,no,predicted,,RegPrecise_Cglutamicum,0.6,MEDIUM,ATCC13032,EXPERIMENTAL_ATCC13032,RegPrecise_3.2_ATCC13032
cg2103,,DtxR,Dual,cg1765,,sufR,,TTAGGGTTCGCTTAGTTTT,Dual,no,predicted,,RegPrecise_Cglutamicum,0.6,MEDIUM,ATCC13032,PREDICTED,RegPrecise_3.2_ATCC13032
cg2103,,DtxR,Dual,cg1764,,sufB,,,Dual,no,predicted,,RegPrecise_Cglutamicum,0.6,MEDIUM,ATCC13032,PREDICTED,RegPrecise_3.2_ATCC13032
cg2103,,DtxR,Dual,cg1763,,sufD,,,Dual,no,predicted,,RegPrecise_Cglutamicum,0.6,MEDIUM,ATCC13032,PREDICTED,RegPrecise_3.2_ATCC13032
cg2103,,DtxR,Dual,cg1762,,sufC,,,Dual,no,predicted,,RegPrecise_Cglutamicum,0.6,MEDIUM,ATCC13032,PREDICTED,RegPrecise_3.2_ATCC13032
cg2103,,DtxR,Dual,cg1761,,nifS2,,,Dual,no,predicted,,RegPrecise_Cglutamicum,0.6,MEDIUM,ATCC13032,PREDICTED,RegPrecise_3.2_ATCC13032
cg2103,,DtxR,Dual,cg1760,,sufU,,,Dual,no,predicted,,RegPrecise_Cglutamicum,0.6,MEDIUM,ATCC13032,PREDICTED,RegPrecise_3.2_ATCC13032
cg2103,,DtxR,Dual,cg1759,,sufT,,,Dual,no,predicted,,RegPrecise_Cglutamicum,0.6,MEDIUM,ATCC13032,PREDICTED,RegPrecise_3.2_ATCC13032
cg2103,,DtxR,Dual,cg1070,,cg1070,,ATAGGTTATCCAAGCCTAA,Dual,no,predicted,,RegPrecise_Cglutamicum,0.6,MEDIUM,ATCC13032,PREDICTED,RegPrecise_3.2_ATCC13032
cg2103,,DtxR,Dual,cg0771,,irp1,,GTCGGGCAGCCTAACCTAA,Dual,no,predicted,,RegPrecise_Cglutamicum,0.6,MEDIUM,ATCC13032,PREDICTED,RegPrecise_3.2_ATCC13032
cg2103,,DtxR,Dual,cg0770,,irp1B,,,Dual,no,predicted,,RegPrecise_Cglutamicum,0.6,MEDIUM,ATCC13032,PREDICTED,RegPrecise_3.2_ATCC13032
cg2103,,DtxR,Dual,cg0769,,irp1C,,,Dual,no,predicted,,RegPrecise_Cglutamicum,0.6,MEDIUM,ATCC13032,PREDICTED,RegPrecise_3.2_ATCC13032
cg2103,,DtxR,Dual,cg0768,,irp1D,,,Dual,no,predicted,,RegPrecise_Cglutamicum,0.6,MEDIUM,ATCC13032,PREDICTED,RegPrecise_3.2_ATCC13032
cg2103,,DtxR,Dual,cg0767,,irp1E,,,Dual,no,predicted,,RegPrecise_Cglutamicum,0.6,MEDIUM,ATCC13032,PREDICTED,RegPrecise_3.2_ATCC13032
cg2103,,DtxR,Dual,cg2224,,xerC,,GTGTGTGAGGCAAGCCTAA,Dual,no,predicted,,RegPrecise_Cglutamicum,0.6,MEDIUM,ATCC13032,PREDICTED,RegPrecise_3.2_ATCC13032
cg2103,,DtxR,Dual,cg1418,,fepB2,,TTAGGTAAGGTTTGCATAC,Dual,no,predicted,,RegPrecise_Cglutamicum,0.6,MEDIUM,ATCC13032,PREDICTED,RegPrecise_3.2_ATCC13032
cg2103,,DtxR,Dual,cg0160,,cg0160,,AATGGTTAGGCTAACCTTA,Dual,no,predicted,,RegPrecise_Cglutamicum,0.6,MEDIUM,ATCC13032,PREDICTED,RegPrecise_3.2_ATCC13032
cg2103,,DtxR,Dual,cg0159,,cg0160,,,Dual,no,predicted,,RegPrecise_Cglutamicum,0.6,MEDIUM,ATCC13032,PREDICTED,RegPrecise_3.2_ATCC13032
cg2103,,DtxR,Dual,cg0926,,feuB,,TTAGGTTAGGCTCTAATAT,Dual,no,predicted,,RegPrecise_Cglutamicum,0.6,MEDIUM,ATCC13032,PREDICTED,RegPrecise_3.2_ATCC13032
cg2103,,DtxR,Dual,cg0927,,feuC,,,Dual,no,predicted,,RegPrecise_Cglutamicum,0.6,MEDIUM,ATCC13032,PREDICTED,RegPrecise_3.2_ATCC13032
cg2103,,DtxR,Dual,cg0928,,feuA,,,Dual,no,predicted,,RegPrecise_Cglutamicum,0.6,MEDIUM,ATCC13032,PREDICTED,RegPrecise_3.2_ATCC13032
cg2103,,DtxR,Dual,cg0924,,feuS,,AAAGGTTTGGCTTGGTTAA,Dual,no,predicted,,RegPrecise_Cglutamicum,0.6,MEDIUM,ATCC13032,PREDICTED,RegPrecise_3.2_ATCC13032
cg2103,,DtxR,Dual,cg3404,,frgD,,TTGCGTTAGGATAGCCTAA,Dual,no,predicted,,RegPrecise_Cglutamicum,0.6,MEDIUM,ATCC13032,PREDICTED,RegPrecise_3.2_ATCC13032
cg2103,,DtxR,Dual,cg0466,,htaA,,TTAAGTTAGCATAGCCTTA,Dual,no,predicted,,RegPrecise_Cglutamicum,0.6,MEDIUM,ATCC13032,PREDICTED,RegPrecise_3.2_ATCC13032
cg2103,,DtxR,Dual,cg0467,,hmuT,,,Dual,no,predicted,,RegPrecise_Cglutamicum,0.6,MEDIUM,ATCC13032,PREDICTED,RegPrecise_3.2_ATCC13032
cg2103,,DtxR,Dual,cg0468,,hmuU,,,Dual,no,predicted,,RegPrecise_Cglutamicum,0.6,MEDIUM,ATCC13032,PREDICTED,RegPrecise_3.2_ATCC13032
cg2103,,DtxR,Dual,cg0469,,hmuV,,,Dual,no,predicted,,RegPrecise_Cglutamicum,0.6,MEDIUM,ATCC13032,PREDICTED,RegPrecise_3.2_ATCC13032
cg2103,,DtxR,Dual,cg2445,,hmuO,,GTAGGTGTGGGTAACCTAA,Dual,no,predicted,,RegPrecise_Cglutamicum,0.6,MEDIUM,ATCC13032,EXPERIMENTAL_ATCC13032,RegPrecise_3.2_ATCC13032
cg2103,,DtxR,Dual,cg0445,,sdhCD,,TAAAGTAAGGCTATCCTAA,Dual,no,predicted,,RegPrecise_Cglutamicum,0.6,MEDIUM,ATCC13032,PREDICTED,RegPrecise_3.2_ATCC13032
cg2103,,DtxR,Dual,cg0446,,sdhA,,,Dual,no,predicted,,RegPrecise_Cglutamicum,0.6,MEDIUM,ATCC13032,PREDICTED,RegPrecise_3.2_ATCC13032
cg2103,,DtxR,Dual,cg0447,,sdhB,,,Dual,no,predicted,,RegPrecise_Cglutamicum,0.6,MEDIUM,ATCC13032,PREDICTED,RegPrecise_3.2_ATCC13032
cg2103,,DtxR,Dual,cg0448,,cg0448,,,Dual,no,predicted,,RegPrecise_Cglutamicum,0.6,MEDIUM,ATCC13032,PREDICTED,RegPrecise_3.2_ATCC13032
cg2103,,DtxR,Dual,cg3082,,cg3082,,TTCTGTGAGGTTAACTTTT,Dual,no,predicted,,RegPrecise_Cglutamicum,0.6,MEDIUM,ATCC13032,PREDICTED,RegPrecise_3.2_ATCC13032
cg2103,,DtxR,Dual,cg3083,,cg3083,,,Dual,no,predicted,,RegPrecise_Cglutamicum,0.6,MEDIUM,ATCC13032,PREDICTED,RegPrecise_3.2_ATCC13032
cg2103,,DtxR,Dual,cg3327,,dps,,TCAGGATAGGACAACCTAA,Dual,no,predicted,,RegPrecise_Cglutamicum,0.6,MEDIUM,ATCC13032,PREDICTED,RegPrecise_3.2_ATCC13032
cg2103,,DtxR,Dual,cg1996,,cglIM,,TTAGGATTCTCTCAACTAA,Dual,no,predicted,,RegPrecise_Cglutamicum,0.6,MEDIUM,ATCC13032,PREDICTED,RegPrecise_3.2_ATCC13032
cg2103,,DtxR,Dual,cg1997,,cglIR,,,Dual,no,predicted,,RegPrecise_Cglutamicum,0.6,MEDIUM,ATCC13032,PREDICTED,RegPrecise_3.2_ATCC13032
cg2103,,DtxR,Dual,cg1998,,cglIIR,,,Dual,no,predicted,,RegPrecise_Cglutamicum,0.6,MEDIUM,ATCC13032,PREDICTED,RegPrecise_3.2_ATCC13032
cg2309,,BioQ,Dual,cg2885,,bioA,,ATTGAACACTGTTCAAT,Dual,no,predicted,,RegPrecise_Cglutamicum,0.6,MEDIUM,ATCC13032,PREDICTED,RegPrecise_3.2_ATCC13032
cg2309,,BioQ,Dual,cg2886,,bioD,,,Dual,no,predicted,,RegPrecise_Cglutamicum,0.6,MEDIUM,ATCC13032,PREDICTED,RegPrecise_3.2_ATCC13032
cg2309,,BioQ,Dual,cg2147,,bioY,,GTTGAACACTGTTCAGG,Dual,no,predicted,,RegPrecise_Cglutamicum,0.6,MEDIUM,ATCC13032,PREDICTED,RegPrecise_3.2_ATCC13032
cg2309,,BioQ,Dual,cg2148,,bioM,,,Dual,no,predicted,,RegPrecise_Cglutamicum,0.6,MEDIUM,ATCC13032,PREDICTED,RegPrecise_3.2_ATCC13032
cg2309,,BioQ,Dual,cg2149,,bioN,,,Dual,no,predicted,,RegPrecise_Cglutamicum,0.6,MEDIUM,ATCC13032,PREDICTED,RegPrecise_3.2_ATCC13032
cg2309,,BioQ,Dual,cg0095,,bioB,,CTTGAACACTGTTCAAG,Dual,no,predicted,,RegPrecise_Cglutamicum,0.6,MEDIUM,ATCC13032,PREDICTED,RegPrecise_3.2_ATCC13032
cg2309,,BioQ,Dual,cg0096,,cg0096,,,Dual,no,predicted,,RegPrecise_Cglutamicum,0.6,MEDIUM,ATCC13032,PREDICTED,RegPrecise_3.2_ATCC13032
cg1032,,CadR,Dual,cg1032,,cadR,,TTCAGCGCATGCTGAC,Dual,no,predicted,,RegPrecise_Cglutamicum,0.6,MEDIUM,ATCC13032,PREDICTED,RegPrecise_3.2_ATCC13032
cg1032,,CadR,Dual,cg1033,,cadD,,,Dual,no,predicted,,RegPrecise_Cglutamicum,0.6,MEDIUM,ATCC13032,PREDICTED,RegPrecise_3.2_ATCC13032
cg1552,,QorR,Dual,cg1552,,qorR,,GCACTATCAAAAAGTAAGTGC,Dual,no,predicted,,RegPrecise_Cglutamicum,0.6,MEDIUM,ATCC13032,PREDICTED,RegPrecise_3.2_ATCC13032
cg1552,,QorR,Dual,cg1553,,qorB,,GCACTTACTTTTTGATAGTGC,Dual,no,predicted,,RegPrecise_Cglutamicum,0.6,MEDIUM,ATCC13032,PREDICTED,RegPrecise_3.2_ATCC13032
cg0350,,GlxR,Dual,cg0337,,whiB4(whcA),,TGTGATGCATTCGACA,Dual,no,predicted,,RegPrecise_Cglutamicum,0.6,MEDIUM,ATCC13032,PREDICTED,RegPrecise_3.2_ATCC13032
cg0350,,GlxR,Dual,cg2361,,cg2361,,TGTGACAAGGATAACA,Dual,no,predicted,,RegPrecise_Cglutamicum,0.6,MEDIUM,ATCC13032,PREDICTED,RegPrecise_3.2_ATCC13032
cg0350,,GlxR,Dual,cg2831,,ramA,,GGTGTTCTATGACACT,Dual,no,predicted,,RegPrecise_Cglutamicum,0.6,MEDIUM,ATCC13032,PREDICTED,RegPrecise_3.2_ATCC13032
cg0350,,GlxR,Dual,cg2965,,cg2965,,TGTGATCTAAGACTCT,Dual,no,predicted,,RegPrecise_Cglutamicum,0.6,MEDIUM,ATCC13032,PREDICTED,RegPrecise_3.2_ATCC13032
cg0350,,GlxR,Dual,cg0952,,cg0952,,TGTGATCGACAACATA,Dual,no,predicted,,RegPrecise_Cglutamicum,0.6,MEDIUM,ATCC13032,PREDICTED,RegPrecise_3.2_ATCC13032
cg0350,,GlxR,Dual,cg0953,,mctC,,,Dual,no,predicted,,RegPrecise_Cglutamicum,0.6,MEDIUM,ATCC13032,PREDICTED,RegPrecise_3.2_ATCC13032
cg0350,,GlxR,Dual,cg0350,,glxR,,AGTGGTCTTTGCCACA,Dual,no,predicted,,RegPrecise_Cglutamicum,0.6,MEDIUM,ATCC13032,EXPERIMENTAL_ATCC13032,RegPrecise_3.2_ATCC13032
cg0350,,GlxR,Dual,cg2781,,nrdF,,AGTGACTAAGATCACG,Dual,no,predicted,,RegPrecise_Cglutamicum,0.6,MEDIUM,ATCC13032,PREDICTED,RegPrecise_3.2_ATCC13032
cg0350,,GlxR,Dual,cg2642,,benK1,,TGTGAATCACATCACC,Dual,no,predicted,,RegPrecise_Cglutamicum,0.6,MEDIUM,ATCC13032,PREDICTED,RegPrecise_3.2_ATCC13032
cg0350,,GlxR,Dual,cg2643,,benE,,,Dual,no,predicted,,RegPrecise_Cglutamicum,0.6,MEDIUM,ATCC13032,PREDICTED,RegPrecise_3.2_ATCC13032
cg0350,,GlxR,Dual,cg2610,,cg2610,,GGTGTGGTGAGTCACT,Dual,no,predicted,,RegPrecise_Cglutamicum,0.6,MEDIUM,ATCC13032,PREDICTED,RegPrecise_3.2_ATCC13032
cg0350,,GlxR,Dual,cg0229,,gltB,,TGTGATGTGTAACACA,Dual,no,predicted,,RegPrecise_Cglutamicum,0.6,MEDIUM,ATCC13032,EXPERIMENTAL_ATCC13032,RegPrecise_3.2_ATCC13032
cg0350,,GlxR,Dual,cg0230,,gltD,,,Dual,no,predicted,,RegPrecise_Cglutamicum,0.6,MEDIUM,ATCC13032,PREDICTED,RegPrecise_3.2_ATCC13032
cg0350,,GlxR,Dual,cg0444,,ramB,,GGTGAGCTTCCTCACA,Dual,no,predicted,,RegPrecise_Cglutamicum,0.6,MEDIUM,ATCC13032,PREDICTED,RegPrecise_3.2_ATCC13032
cg0350,,GlxR,Dual,cg0445,,sdhCD,,TGTGAGGAAGCTCACC,Dual,no,predicted,,RegPrecise_Cglutamicum,0.6,MEDIUM,ATCC13032,PREDICTED,RegPrecise_3.2_ATCC13032
cg0350,,GlxR,Dual,cg0446,,sdhA,,,Dual,no,predicted,,RegPrecise_Cglutamicum,0.6,MEDIUM,ATCC13032,PREDICTED,RegPrecise_3.2_ATCC13032
cg0350,,GlxR,Dual,cg0447,,sdhB,,,Dual,no,predicted,,RegPrecise_Cglutamicum,0.6,MEDIUM,ATCC13032,PREDICTED,RegPrecise_3.2_ATCC13032
cg0350,,GlxR,Dual,cg0448,,cg0448,,,Dual,no,predicted,,RegPrecise_Cglutamicum,0.6,MEDIUM,ATCC13032,PREDICTED,RegPrecise_3.2_ATCC13032
cg0350,,GlxR,Dual,cg2637,,benA,,TGTGATTCACTTCATT,Dual,no,predicted,,RegPrecise_Cglutamicum,0.6,MEDIUM,ATCC13032,PREDICTED,RegPrecise_3.2_ATCC13032
cg0350,,GlxR,Dual,cg2638,,benB,,,Dual,no,predicted,,RegPrecise_Cglutamicum,0.6,MEDIUM,ATCC13032,PREDICTED,RegPrecise_3.2_ATCC13032
cg0350,,GlxR,Dual,cg2639,,benC,,,Dual,no,predicted,,RegPrecise_Cglutamicum,0.6,MEDIUM,ATCC13032,PREDICTED,RegPrecise_3.2_ATCC13032
cg0350,,GlxR,Dual,cg2640,,benD,,,Dual,no,predicted,,RegPrecise_Cglutamicum,0.6,MEDIUM,ATCC13032,PREDICTED,RegPrecise_3.2_ATCC13032
cg0350,,GlxR,Dual,cg2953,,xylC,,TGTGGAAACTATCACA,Dual,no,predicted,,RegPrecise_Cglutamicum,0.6,MEDIUM,ATCC13032,PREDICTED,RegPrecise_3.2_ATCC13032
cg0350,,GlxR,Dual,cg2952,,cg2952,,,Dual,no,predicted,,RegPrecise_Cglutamicum,0.6,MEDIUM,ATCC13032,PREDICTED,RegPrecise_3.2_ATCC13032
cg0350,,GlxR,Dual,cg2636,,catA1,,AATGAAGTGAATCACA,Dual,no,predicted,,RegPrecise_Cglutamicum,0.6,MEDIUM,ATCC13032,PREDICTED,RegPrecise_3.2_ATCC13032
cg0350,,GlxR,Dual,cg2635,,catB,,,Dual,no,predicted,,RegPrecise_Cglutamicum,0.6,MEDIUM,ATCC13032,PREDICTED,RegPrecise_3.2_ATCC13032
cg0350,,GlxR,Dual,cg2634,,catC,,,Dual,no,predicted,,RegPrecise_Cglutamicum,0.6,MEDIUM,ATCC13032,PREDICTED,RegPrecise_3.2_ATCC13032
cg0350,,GlxR,Dual,cg0878,,whiB1(whcE),,TGTGAATTACCTCACA,Dual,no,predicted,,RegPrecise_Cglutamicum,0.6,MEDIUM,ATCC13032,PREDICTED,RegPrecise_3.2_ATCC13032
cg0350,,GlxR,Dual,cg0879,,cg0879,,TGTGAGGTAATTCACA,Dual,no,predicted,,RegPrecise_Cglutamicum,0.6,MEDIUM,ATCC13032,PREDICTED,RegPrecise_3.2_ATCC13032
cg0350,,GlxR,Dual,cg2402,,nlpC,,GGTGATTAATGTCACA,Dual,no,predicted,,RegPrecise_Cglutamicum,0.6,MEDIUM,ATCC13032,PREDICTED,RegPrecise_3.2_ATCC13032
cg0350,,GlxR,Dual,cg0948,,serC,,TGTGATGCACGCGACA,Dual,no,predicted,,RegPrecise_Cglutamicum,0.6,MEDIUM,ATCC13032,PREDICTED,RegPrecise_3.2_ATCC13032
cg0350,,GlxR,Dual,cg0961,,metX,,TGTGACCTACACCCCA,Dual,no,predicted,,RegPrecise_Cglutamicum,0.6,MEDIUM,ATCC13032,PREDICTED,RegPrecise_3.2_ATCC13032
cg0350,,GlxR,Dual,cg0957,,fas-IB,,TGTGATGTTGCTCACG,Dual,no,predicted,,RegPrecise_Cglutamicum,0.6,MEDIUM,ATCC13032,PREDICTED,RegPrecise_3.2_ATCC13032
cg0350,,GlxR,Dual,cg0951,,accDA,,TGTGAGATGAAACGCA,Dual,no,predicted,,RegPrecise_Cglutamicum,0.6,MEDIUM,ATCC13032,PREDICTED,RegPrecise_3.2_ATCC13032
cg0350,,GlxR,Dual,cg1037,,rpf2,,CGTGAGGTAGCTCACA,Dual,no,predicted,,RegPrecise_Cglutamicum,0.6,MEDIUM,ATCC13032,PREDICTED,RegPrecise_3.2_ATCC13032
cg0350,,GlxR,Dual,cg1038,,ksgA,,,Dual,no,predicted,,RegPrecise_Cglutamicum,0.6,MEDIUM,ATCC13032,PREDICTED,RegPrecise_3.2_ATCC13032
cg0350,,GlxR,Dual,cg1039,,ispE,,,Dual,no,predicted,,RegPrecise_Cglutamicum,0.6,MEDIUM,ATCC13032,PREDICTED,RegPrecise_3.2_ATCC13032
cg0350,,GlxR,Dual,cg1040,,cg1040,,,Dual,no,predicted,,RegPrecise_Cglutamicum,0.6,MEDIUM,ATCC13032,PREDICTED,RegPrecise_3.2_ATCC13032
cg0350,,GlxR,Dual,cg1041,,pdxK,,,Dual,no,predicted,,RegPrecise_Cglutamicum,0.6,MEDIUM,ATCC13032,PREDICTED,RegPrecise_3.2_ATCC13032
cg0350,,GlxR,Dual,cg1061,,utrA,,TGTAAGACACGTCACT,Dual,no,predicted,,RegPrecise_Cglutamicum,0.6,MEDIUM,ATCC13032,PREDICTED,RegPrecise_3.2_ATCC13032
cg0350,,GlxR,Dual,cg1062,,utrB,,,Dual,no,predicted,,RegPrecise_Cglutamicum,0.6,MEDIUM,ATCC13032,PREDICTED,RegPrecise_3.2_ATCC13032
cg0350,,GlxR,Dual,cg1064,,utrB,,,Dual,no,predicted,,RegPrecise_Cglutamicum,0.6,MEDIUM,ATCC13032,PREDICTED,RegPrecise_3.2_ATCC13032
cg0350,,GlxR,Dual,cg1065,,utrD,,,Dual,no,predicted,,RegPrecise_Cglutamicum,0.6,MEDIUM,ATCC13032,PREDICTED,RegPrecise_3.2_ATCC13032
cg0350,,GlxR,Dual,cg1066,,utrE,,,Dual,no,predicted,,RegPrecise_Cglutamicum,0.6,MEDIUM,ATCC13032,PREDICTED,RegPrecise_3.2_ATCC13032
cg0350,,GlxR,Dual,cg1086,,cg1086,,AGTGCTTCACATCACA,Dual,no,predicted,,RegPrecise_Cglutamicum,0.6,MEDIUM,ATCC13032,PREDICTED,RegPrecise_3.2_ATCC13032
cg0350,,GlxR,Dual,cg1142,,cg1142,,TGTGCTATAGGACACA,Dual,no,predicted,,RegPrecise_Cglutamicum,0.6,MEDIUM,ATCC13032,PREDICTED,RegPrecise_3.2_ATCC13032
cg0350,,GlxR,Dual,cg1141,,cg1141,,,Dual,no,predicted,,RegPrecise_Cglutamicum,0.6,MEDIUM,ATCC13032,PREDICTED,RegPrecise_3.2_ATCC13032
cg0350,,GlxR,Dual,cg1140,,cg1140,,,Dual,no,predicted,,RegPrecise_Cglutamicum,0.6,MEDIUM,ATCC13032,PREDICTED,RegPrecise_3.2_ATCC13032
cg0350,,GlxR,Dual,cg1139,,cg1139,,,Dual,no,predicted,,RegPrecise_Cglutamicum,0.6,MEDIUM,ATCC13032,PREDICTED,RegPrecise_3.2_ATCC13032
cg0350,,GlxR,Dual,cg1143,,cg1143,,TGTGTCCTATAGCACA,Dual,no,predicted,,RegPrecise_Cglutamicum,0.6,MEDIUM,ATCC13032,PREDICTED,RegPrecise_3.2_ATCC13032
cg0350,,GlxR,Dual,cg1144,,cg1144,,,Dual,no,predicted,,RegPrecise_Cglutamicum,0.6,MEDIUM,ATCC13032,PREDICTED,RegPrecise_3.2_ATCC13032
cg0350,,GlxR,Dual,cg1145,,fum,,TGTGCCTTATTTCTCA,Dual,no,predicted,,RegPrecise_Cglutamicum,0.6,MEDIUM,ATCC13032,EXPERIMENTAL_ATCC13032,RegPrecise_3.2_ATCC13032
cg0350,,GlxR,Dual,cg1226,,pobB,,TGTGACTTCAACCTCA,Dual,no,predicted,,RegPrecise_Cglutamicum,0.6,MEDIUM,ATCC13032,PREDICTED,RegPrecise_3.2_ATCC13032
cg0350,,GlxR,Dual,cg1225,,benK3,,,Dual,no,predicted,,RegPrecise_Cglutamicum,0.6,MEDIUM,ATCC13032,PREDICTED,RegPrecise_3.2_ATCC13032
cg0350,,GlxR,Dual,cg1309,,rolH,,TGTTGTTCAGTTCACT,Dual,no,predicted,,RegPrecise_Cglutamicum,0.6,MEDIUM,ATCC13032,PREDICTED,RegPrecise_3.2_ATCC13032
cg0350,,GlxR,Dual,cg1310,,tfdF,,,Dual,no,predicted,,RegPrecise_Cglutamicum,0.6,MEDIUM,ATCC13032,PREDICTED,RegPrecise_3.2_ATCC13032
cg0350,,GlxR,Dual,cg1311,,catA2,,,Dual,no,predicted,,RegPrecise_Cglutamicum,0.6,MEDIUM,ATCC13032,PREDICTED,RegPrecise_3.2_ATCC13032
cg0350,,GlxR,Dual,cg1307,,deaD,,TGTGAGCAATGTCCCA,Dual,no,predicted,,RegPrecise_Cglutamicum,0.6,MEDIUM,ATCC13032,PREDICTED,RegPrecise_3.2_ATCC13032
cg0350,,GlxR,Dual,cg0360,,cg0360,,TGTGGCAAATGACACT,Dual,no,predicted,,RegPrecise_Cglutamicum,0.6,MEDIUM,ATCC13032,PREDICTED,RegPrecise_3.2_ATCC13032
cg0350,,GlxR,Dual,cg1345,,narK,,AGTGAATTACGACACA,Dual,no,predicted,,RegPrecise_Cglutamicum,0.6,MEDIUM,ATCC13032,PREDICTED,RegPrecise_3.2_ATCC13032
cg0350,,GlxR,Dual,cg1344,,narG,,,Dual,no,predicted,,RegPrecise_Cglutamicum,0.6,MEDIUM,ATCC13032,PREDICTED,RegPrecise_3.2_ATCC13032
cg0350,,GlxR,Dual,cg1343,,narH,,,Dual,no,predicted,,RegPrecise_Cglutamicum,0.6,MEDIUM,ATCC13032,PREDICTED,RegPrecise_3.2_ATCC13032
cg0350,,GlxR,Dual,cg1342,,narJ,,,Dual,no,predicted,,RegPrecise_Cglutamicum,0.6,MEDIUM,ATCC13032,PREDICTED,RegPrecise_3.2_ATCC13032
cg0350,,GlxR,Dual,cg1341,,narI,,,Dual,no,predicted,,RegPrecise_Cglutamicum,0.6,MEDIUM,ATCC13032,PREDICTED,RegPrecise_3.2_ATCC13032
cg0350,,GlxR,Dual,cg2893,,qacA,,CGTGGTCTAAAACACC,Dual,no,predicted,,RegPrecise_Cglutamicum,0.6,MEDIUM,ATCC13032,PREDICTED,RegPrecise_3.2_ATCC13032
cg0350,,GlxR,Dual,cg2894,,qacR,,,Dual,no,predicted,,RegPrecise_Cglutamicum,0.6,MEDIUM,ATCC13032,PREDICTED,RegPrecise_3.2_ATCC13032
cg0350,,GlxR,Dual,cg2895,,qacX,,,Dual,no,predicted,,RegPrecise_Cglutamicum,0.6,MEDIUM,ATCC13032,PREDICTED,RegPrecise_3.2_ATCC13032
cg0350,,GlxR,Dual,cg1409,,pfkA,,TGTGCAGCACACCACA,Dual,no,predicted,,RegPrecise_Cglutamicum,0.6,MEDIUM,ATCC13032,PREDICTED,RegPrecise_3.2_ATCC13032
cg0350,,GlxR,Dual,cg3304,,dnaB,,TGAGTTGGAAATCACA,Dual,no,predicted,,RegPrecise_Cglutamicum,0.6,MEDIUM,ATCC13032,PREDICTED,RegPrecise_3.2_ATCC13032
cg0350,,GlxR,Dual,cg1537,,ptsG,,TGTGATCCACCACAAA,Dual,no,predicted,,RegPrecise_Cglutamicum,0.6,MEDIUM,ATCC13032,PREDICTED,RegPrecise_3.2_ATCC13032
cg0350,,GlxR,Dual,cg0938,,cspB,,TGTGATTTATGTTACA,Dual,no,predicted,,RegPrecise_Cglutamicum,0.6,MEDIUM,ATCC13032,PREDICTED,RegPrecise_3.2_ATCC13032
cg0350,,GlxR,Dual,cg1656,,ndh,,CGTGACATATGCCATA,Dual,no,predicted,,RegPrecise_Cglutamicum,0.6,MEDIUM,ATCC13032,PREDICTED,RegPrecise_3.2_ATCC13032
cg0350,,GlxR,Dual,cg1595,,uspA2,,TGTGAGCTGAAACTCA,Dual,no,predicted,,RegPrecise_Cglutamicum,0.6,MEDIUM,ATCC13032,PREDICTED,RegPrecise_3.2_ATCC13032
cg0350,,GlxR,Dual,cg2406,,ctaE,,TGTGATTTGGGGCAGA,Dual,no,predicted,,RegPrecise_Cglutamicum,0.6,MEDIUM,ATCC13032,PREDICTED,RegPrecise_3.2_ATCC13032
cg0350,,GlxR,Dual,cg2405,,qcrC,,,Dual,no,predicted,,RegPrecise_Cglutamicum,0.6,MEDIUM,ATCC13032,PREDICTED,RegPrecise_3.2_ATCC13032
cg0350,,GlxR,Dual,cg2404,,qcrA1,,,Dual,no,predicted,,RegPrecise_Cglutamicum,0.6,MEDIUM,ATCC13032,PREDICTED,RegPrecise_3.2_ATCC13032
cg0350,,GlxR,Dual,cg2403,,qcrB,,,Dual,no,predicted,,RegPrecise_Cglutamicum,0.6,MEDIUM,ATCC13032,PREDICTED,RegPrecise_3.2_ATCC13032
cg0350,,GlxR,Dual,cg1766,,mptB,,TGAGATTTAGCTCACA,Dual,no,predicted,,RegPrecise_Cglutamicum,0.6,MEDIUM,ATCC13032,PREDICTED,RegPrecise_3.2_ATCC13032
cg0350,,GlxR,Dual,cg1767,,CORAM0001_0942,,,Dual,no,predicted,,RegPrecise_Cglutamicum,0.6,MEDIUM,ATCC13032,PREDICTED,RegPrecise_3.2_ATCC13032
cg0350,,GlxR,Dual,cg1768,,CORAM0001_0941,,,Dual,no,predicted,,RegPrecise_Cglutamicum,0.6,MEDIUM,ATCC13032,PREDICTED,RegPrecise_3.2_ATCC13032
cg0350,,GlxR,Dual,cg1769,,ctaA,,,Dual,no,predicted,,RegPrecise_Cglutamicum,0.6,MEDIUM,ATCC13032,PREDICTED,RegPrecise_3.2_ATCC13032
cg0350,,GlxR,Dual,cg2118,,fruR,,TGAGACCATCGTCACA,Dual,no,predicted,,RegPrecise_Cglutamicum,0.6,MEDIUM,ATCC13032,PREDICTED,RegPrecise_3.2_ATCC13032
cg0350,,GlxR,Dual,cg2119,,pfkB,,,Dual,no,predicted,,RegPrecise_Cglutamicum,0.6,MEDIUM,ATCC13032,PREDICTED,RegPrecise_3.2_ATCC13032
cg0350,,GlxR,Dual,cg2120,,ptsF,,,Dual,no,predicted,,RegPrecise_Cglutamicum,0.6,MEDIUM,ATCC13032,PREDICTED,RegPrecise_3.2_ATCC13032
cg0350,,GlxR,Dual,cg2121,,ptsH,,,Dual,no,predicted,,RegPrecise_Cglutamicum,0.6,MEDIUM,ATCC13032,PREDICTED,RegPrecise_3.2_ATCC13032
cg0350,,GlxR,Dual,cg2117,,ptsI,,TGTGACGATGGTCTCA,Dual,no,predicted,,RegPrecise_Cglutamicum,0.6,MEDIUM,ATCC13032,PREDICTED,RegPrecise_3.2_ATCC13032
cg0350,,GlxR,Dual,cg2280,,gdh,,AGTGAGTTAAGTCTCA,Dual,no,predicted,,RegPrecise_Cglutamicum,0.6,MEDIUM,ATCC13032,PREDICTED,RegPrecise_3.2_ATCC13032
cg0350,,GlxR,Dual,cg2136,,gluA,,TATGACGCAGACCACA,Dual,no,predicted,,RegPrecise_Cglutamicum,0.6,MEDIUM,ATCC13032,EXPERIMENTAL_ATCC13032,RegPrecise_3.2_ATCC13032
cg0350,,GlxR,Dual,cg2137,,gluB,,,Dual,no,predicted,,RegPrecise_Cglutamicum,0.6,MEDIUM,ATCC13032,PREDICTED,RegPrecise_3.2_ATCC13032
cg0350,,GlxR,Dual,cg2138,,gluC,,,Dual,no,predicted,,RegPrecise_Cglutamicum,0.6,MEDIUM,ATCC13032,PREDICTED,RegPrecise_3.2_ATCC13032
cg0350,,GlxR,Dual,cg2139,,gluD,,,Dual,no,predicted,,RegPrecise_Cglutamicum,0.6,MEDIUM,ATCC13032,PREDICTED,RegPrecise_3.2_ATCC13032
cg0350,,GlxR,Dual,cg2261,,amtB,,TGTGATGCACTTAACA,Dual,no,predicted,,RegPrecise_Cglutamicum,0.6,MEDIUM,ATCC13032,EXPERIMENTAL_ATCC13032,RegPrecise_3.2_ATCC13032
cg0350,,GlxR,Dual,cg2260,,glnK,,,Dual,no,predicted,,RegPrecise_Cglutamicum,0.6,MEDIUM,ATCC13032,PREDICTED,RegPrecise_3.2_ATCC13032
cg0350,,GlxR,Dual,cg2258,,glnD,,,Dual,no,predicted,,RegPrecise_Cglutamicum,0.6,MEDIUM,ATCC13032,PREDICTED,RegPrecise_3.2_ATCC13032
cg0350,,GlxR,Dual,cg1840,,cg1840,,TGTTATCTAACTCACC,Dual,no,predicted,,RegPrecise_Cglutamicum,0.6,MEDIUM,ATCC13032,PREDICTED,RegPrecise_3.2_ATCC13032
cg0350,,GlxR,Dual,cg1839,,cg1839,,,Dual,no,predicted,,RegPrecise_Cglutamicum,0.6,MEDIUM,ATCC13032,PREDICTED,RegPrecise_3.2_ATCC13032
cg0350,,GlxR,Dual,cg0836,,PF09900,,TGTGACCGTTGCCATG,Dual,no,predicted,,RegPrecise_Cglutamicum,0.6,MEDIUM,ATCC13032,PREDICTED,RegPrecise_3.2_ATCC13032
cg0350,,GlxR,Dual,cg0837,,PF09900,,,Dual,no,predicted,,RegPrecise_Cglutamicum,0.6,MEDIUM,ATCC13032,PREDICTED,RegPrecise_3.2_ATCC13032
cg0350,,GlxR,Dual,cg0197,,iolC,,CGTGAGGGTCGCCACA,Dual,no,predicted,,RegPrecise_Cglutamicum,0.6,MEDIUM,ATCC13032,PREDICTED,RegPrecise_3.2_ATCC13032
cg0350,,GlxR,Dual,cg0198,,iolX,,,Dual,no,predicted,,RegPrecise_Cglutamicum,0.6,MEDIUM,ATCC13032,PREDICTED,RegPrecise_3.2_ATCC13032
cg0350,,GlxR,Dual,cg0199,,msmA,,,Dual,no,predicted,,RegPrecise_Cglutamicum,0.6,MEDIUM,ATCC13032,PREDICTED,RegPrecise_3.2_ATCC13032
cg0350,,GlxR,Dual,cg0201,,iolB,,,Dual,no,predicted,,RegPrecise_Cglutamicum,0.6,MEDIUM,ATCC13032,PREDICTED,RegPrecise_3.2_ATCC13032
cg0350,,GlxR,Dual,cg0202,,iolD,,,Dual,no,predicted,,RegPrecise_Cglutamicum,0.6,MEDIUM,ATCC13032,PREDICTED,RegPrecise_3.2_ATCC13032
cg0350,,GlxR,Dual,cg0203,,iolE,,,Dual,no,predicted,,RegPrecise_Cglutamicum,0.6,MEDIUM,ATCC13032,PREDICTED,RegPrecise_3.2_ATCC13032
cg0350,,GlxR,Dual,cg0204,,iolG,,,Dual,no,predicted,,RegPrecise_Cglutamicum,0.6,MEDIUM,ATCC13032,PREDICTED,RegPrecise_3.2_ATCC13032
cg0350,,GlxR,Dual,cg0205,,iolH,,,Dual,no,predicted,,RegPrecise_Cglutamicum,0.6,MEDIUM,ATCC13032,PREDICTED,RegPrecise_3.2_ATCC13032
cg0350,,GlxR,Dual,cg3388,,cg3388,,TGTGTTGTGGGTTACT,Dual,no,predicted,,RegPrecise_Cglutamicum,0.6,MEDIUM,ATCC13032,PREDICTED,RegPrecise_3.2_ATCC13032
cg0350,,GlxR,Dual,cg3353,,benK2(genK),,TGTAACTTGGCTCACC,Dual,no,predicted,,RegPrecise_Cglutamicum,0.6,MEDIUM,ATCC13032,PREDICTED,RegPrecise_3.2_ATCC13032
cg0350,,GlxR,Dual,cg3354,,genH,,,Dual,no,predicted,,RegPrecise_Cglutamicum,0.6,MEDIUM,ATCC13032,PREDICTED,RegPrecise_3.2_ATCC13032
cg0350,,GlxR,Dual,cg3352,,genR(nagR),,GGTGAGCCAAGTTACA,Dual,no,predicted,,RegPrecise_Cglutamicum,0.6,MEDIUM,ATCC13032,PREDICTED,RegPrecise_3.2_ATCC13032
cg0350,,GlxR,Dual,cg3382,,dtpT,,TGTGAATTATTTCAAA,Dual,no,predicted,,RegPrecise_Cglutamicum,0.6,MEDIUM,ATCC13032,PREDICTED,RegPrecise_3.2_ATCC13032
cg0350,,GlxR,Dual,cg3351,,nagI,,TATGTTCGAAGTCACA,Dual,no,predicted,,RegPrecise_Cglutamicum,0.6,MEDIUM,ATCC13032,PREDICTED,RegPrecise_3.2_ATCC13032
cg0350,,GlxR,Dual,cg3350,,hpaG,,,Dual,no,predicted,,RegPrecise_Cglutamicum,0.6,MEDIUM,ATCC13032,PREDICTED,RegPrecise_3.2_ATCC13032
cg0350,,GlxR,Dual,cg3349,,genM,,,Dual,no,predicted,,RegPrecise_Cglutamicum,0.6,MEDIUM,ATCC13032,PREDICTED,RegPrecise_3.2_ATCC13032
cg0350,,GlxR,Dual,cg2824,,cg2824,,AGTAACTCAACTCTCA,Dual,no,predicted,,RegPrecise_Cglutamicum,0.6,MEDIUM,ATCC13032,PREDICTED,RegPrecise_3.2_ATCC13032
cg0350,,GlxR,Dual,cg0875,,cg0875,,AATGTTCTACTTCACC,Dual,no,predicted,,RegPrecise_Cglutamicum,0.6,MEDIUM,ATCC13032,PREDICTED,RegPrecise_3.2_ATCC13032
cg0350,,GlxR,Dual,cg3389,,cg3389,,AGTGATGCGTGTCATG,Dual,no,predicted,,RegPrecise_Cglutamicum,0.6,MEDIUM,ATCC13032,PREDICTED,RegPrecise_3.2_ATCC13032
cg0350,,GlxR,Dual,cg3390,,cg3390,,,Dual,no,predicted,,RegPrecise_Cglutamicum,0.6,MEDIUM,ATCC13032,PREDICTED,RegPrecise_3.2_ATCC13032
cg0350,,GlxR,Dual,cg3391,,idhA1,,,Dual,no,predicted,,RegPrecise_Cglutamicum,0.6,MEDIUM,ATCC13032,PREDICTED,RegPrecise_3.2_ATCC13032
cg0350,,GlxR,Dual,cg3392,,idhA2,,,Dual,no,predicted,,RegPrecise_Cglutamicum,0.6,MEDIUM,ATCC13032,PREDICTED,RegPrecise_3.2_ATCC13032
cg0350,,GlxR,Dual,cg3251,,srtB,,TGAGATTCGCCTAACA,Dual,no,predicted,,RegPrecise_Cglutamicum,0.6,MEDIUM,ATCC13032,PREDICTED,RegPrecise_3.2_ATCC13032
cg0350,,GlxR,Dual,cg3250,,cg3250,,,Dual,no,predicted,,RegPrecise_Cglutamicum,0.6,MEDIUM,ATCC13032,PREDICTED,RegPrecise_3.2_ATCC13032
cg0350,,GlxR,Dual,cg0936,,rpf1,,TGTAACATAAATCACA,Dual,no,predicted,,RegPrecise_Cglutamicum,0.6,MEDIUM,ATCC13032,PREDICTED,RegPrecise_3.2_ATCC13032
cg0350,,GlxR,Dual,cg3220,,cg3220,,TGTTGAAAAAATCACA,Dual,no,predicted,,RegPrecise_Cglutamicum,0.6,MEDIUM,ATCC13032,PREDICTED,RegPrecise_3.2_ATCC13032
cg0350,,GlxR,Dual,cg3221,,cg3221,,,Dual,no,predicted,,RegPrecise_Cglutamicum,0.6,MEDIUM,ATCC13032,PREDICTED,RegPrecise_3.2_ATCC13032
cg0350,,GlxR,Dual,cg3223,,cg3223,,,Dual,no,predicted,,RegPrecise_Cglutamicum,0.6,MEDIUM,ATCC13032,PREDICTED,RegPrecise_3.2_ATCC13032
cg0350,,GlxR,Dual,cg3226,,cg3226,,GGTGACACGCCTTACA,Dual,no,predicted,,RegPrecise_Cglutamicum,0.6,MEDIUM,ATCC13032,PREDICTED,RegPrecise_3.2_ATCC13032
cg0350,,GlxR,Dual,cg3227,,lldA,,,Dual,no,predicted,,RegPrecise_Cglutamicum,0.6,MEDIUM,ATCC13032,PREDICTED,RegPrecise_3.2_ATCC13032
cg0350,,GlxR,Dual,cg3219,,ldh,,TGTGATTTTTTCAACA,Dual,no,predicted,,RegPrecise_Cglutamicum,0.6,MEDIUM,ATCC13032,PREDICTED,RegPrecise_3.2_ATCC13032
cg0350,,GlxR,Dual,cg3218,,pkp,,,Dual,no,predicted,,RegPrecise_Cglutamicum,0.6,MEDIUM,ATCC13032,PREDICTED,RegPrecise_3.2_ATCC13032
cg0350,,GlxR,Dual,cg3215,,glpQ1,,TGAGATCTAAGCCACA,Dual,no,predicted,,RegPrecise_Cglutamicum,0.6,MEDIUM,ATCC13032,PREDICTED,RegPrecise_3.2_ATCC13032
cg0350,,GlxR,Dual,cg3214,,cg3214,,,Dual,no,predicted,,RegPrecise_Cglutamicum,0.6,MEDIUM,ATCC13032,PREDICTED,RegPrecise_3.2_ATCC13032
cg0350,,GlxR,Dual,cg2559,,aceB,,GGTGACGGTGATCACT,Dual,no,predicted,,RegPrecise_Cglutamicum,0.6,MEDIUM,ATCC13032,EXPERIMENTAL_ATCC13032,RegPrecise_3.2_ATCC13032
cg0350,,GlxR,Dual,cg2782,,ftn,,CGTGATCTTAGTCACT,Dual,no,predicted,,RegPrecise_Cglutamicum,0.6,MEDIUM,ATCC13032,EXPERIMENTAL_ATCC13032,RegPrecise_3.2_ATCC13032
cg0350,,GlxR,Dual,cg2780,,ctaD,,TGTGAACCCCTTCACA,Dual,no,predicted,,RegPrecise_Cglutamicum,0.6,MEDIUM,ATCC13032,PREDICTED,RegPrecise_3.2_ATCC13032
cg0350,,GlxR,Dual,cg2779,,serB,,,Dual,no,predicted,,RegPrecise_Cglutamicum,0.6,MEDIUM,ATCC13032,PREDICTED,RegPrecise_3.2_ATCC13032
cg0350,,GlxR,Dual,cg2778,,cg2778,,,Dual,no,predicted,,RegPrecise_Cglutamicum,0.6,MEDIUM,ATCC13032,PREDICTED,RegPrecise_3.2_ATCC13032
cg0350,,GlxR,Dual,cg3285,,cgtR9(copR),,GGTGGGCTGGGTCACC,Dual,no,predicted,,RegPrecise_Cglutamicum,0.6,MEDIUM,ATCC13032,PREDICTED,RegPrecise_3.2_ATCC13032
cg0350,,GlxR,Dual,cg3284,,cgtS9,,,Dual,no,predicted,,RegPrecise_Cglutamicum,0.6,MEDIUM,ATCC13032,PREDICTED,RegPrecise_3.2_ATCC13032
cg0350,,GlxR,Dual,cg3283,,copZ,,,Dual,no,predicted,,RegPrecise_Cglutamicum,0.6,MEDIUM,ATCC13032,PREDICTED,RegPrecise_3.2_ATCC13032
cg0350,,GlxR,Dual,cg3282,,copZ,,,Dual,no,predicted,,RegPrecise_Cglutamicum,0.6,MEDIUM,ATCC13032,PREDICTED,RegPrecise_3.2_ATCC13032
cg0350,,GlxR,Dual,cg3281,,copB,,,Dual,no,predicted,,RegPrecise_Cglutamicum,0.6,MEDIUM,ATCC13032,PREDICTED,RegPrecise_3.2_ATCC13032
cg0350,,GlxR,Dual,cg3170,,cg3170,,AGTGATCGAGCGCACA,Dual,no,predicted,,RegPrecise_Cglutamicum,0.6,MEDIUM,ATCC13032,PREDICTED,RegPrecise_3.2_ATCC13032
cg0350,,GlxR,Dual,cg1290,,metE,,TATGAGGTTGCACACC,Dual,no,predicted,,RegPrecise_Cglutamicum,0.6,MEDIUM,ATCC13032,PREDICTED,RegPrecise_3.2_ATCC13032
cg0350,,GlxR,Dual,cg3169,,pck,,TGTGTCCGTTGTCTCA,Dual,no,predicted,,RegPrecise_Cglutamicum,0.6,MEDIUM,ATCC13032,EXPERIMENTAL_ATCC13032,RegPrecise_3.2_ATCC13032
cg0350,,GlxR,Dual,cg3127,,tctC,,GGTGACGTGAATCACC,Dual,no,predicted,,RegPrecise_Cglutamicum,0.6,MEDIUM,ATCC13032,PREDICTED,RegPrecise_3.2_ATCC13032
cg0350,,GlxR,Dual,cg3126,,tctB,,,Dual,no,predicted,,RegPrecise_Cglutamicum,0.6,MEDIUM,ATCC13032,PREDICTED,RegPrecise_3.2_ATCC13032
cg0350,,GlxR,Dual,cg3125,,tctA,,,Dual,no,predicted,,RegPrecise_Cglutamicum,0.6,MEDIUM,ATCC13032,PREDICTED,RegPrecise_3.2_ATCC13032
cg0350,,GlxR,Dual,cg3107,,adhA,,AATGTTGTAAATCACA,Dual,no,predicted,,RegPrecise_Cglutamicum,0.6,MEDIUM,ATCC13032,PREDICTED,RegPrecise_3.2_ATCC13032
cg0350,,GlxR,Dual,cg3096,,aldA,,TGTGCGCGTTGTCACA,Dual,no,predicted,,RegPrecise_Cglutamicum,0.6,MEDIUM,ATCC13032,PREDICTED,RegPrecise_3.2_ATCC13032
cg0350,,GlxR,Dual,cg3048,,pta,,TATGTAAGAAATCACA,Dual,no,predicted,,RegPrecise_Cglutamicum,0.6,MEDIUM,ATCC13032,EXPERIMENTAL_ATCC13032,RegPrecise_3.2_ATCC13032
cg0350,,GlxR,Dual,cg3047,,ackA,,,Dual,no,predicted,,RegPrecise_Cglutamicum,0.6,MEDIUM,ATCC13032,PREDICTED,RegPrecise_3.2_ATCC13032
cg0350,,GlxR,Dual,cg2840,,actA,,AGTGGGGTACATCATA,Dual,no,predicted,,RegPrecise_Cglutamicum,0.6,MEDIUM,ATCC13032,PREDICTED,RegPrecise_3.2_ATCC13032
cg0350,,GlxR,Dual,cg2837,,sucC,,AGTGTTAGACTTCACA,Dual,no,predicted,,RegPrecise_Cglutamicum,0.6,MEDIUM,ATCC13032,PREDICTED,RegPrecise_3.2_ATCC13032
cg0350,,GlxR,Dual,cg2836,,sucD,,,Dual,no,predicted,,RegPrecise_Cglutamicum,0.6,MEDIUM,ATCC13032,PREDICTED,RegPrecise_3.2_ATCC13032
cg0350,,GlxR,Dual,cg2429,,glnA,,TGTGAACAAAGCTACA,Dual,no,predicted,,RegPrecise_Cglutamicum,0.6,MEDIUM,ATCC13032,EXPERIMENTAL_ATCC13032,RegPrecise_3.2_ATCC13032
cg0350,,GlxR,Dual,cg2409,,ctaC,,TGTGACGTGGCATACA,Dual,no,predicted,,RegPrecise_Cglutamicum,0.6,MEDIUM,ATCC13032,PREDICTED,RegPrecise_3.2_ATCC13032
cg0350,,GlxR,Dual,cg2408,,ctaF,,,Dual,no,predicted,,RegPrecise_Cglutamicum,0.6,MEDIUM,ATCC13032,PREDICTED,RegPrecise_3.2_ATCC13032
cg0350,,GlxR,Dual,cg2732,,gntK,,TGTGGCGTAGGTCTTA,Dual,no,predicted,,RegPrecise_Cglutamicum,0.6,MEDIUM,ATCC13032,PREDICTED,RegPrecise_3.2_ATCC13032
cg0350,,GlxR,Dual,cg3216,,gntP,,TGTGGCTTAGATCTCA,Dual,no,predicted,,RegPrecise_Cglutamicum,0.6,MEDIUM,ATCC13032,PREDICTED,RegPrecise_3.2_ATCC13032
cg0350,,GlxR,Dual,cg3195,,cg3195,,AGTGAGTCACGACACT,Dual,no,predicted,,RegPrecise_Cglutamicum,0.6,MEDIUM,ATCC13032,PREDICTED,RegPrecise_3.2_ATCC13032
cg0350,,GlxR,Dual,cg1765,,sufR,,TGTGAGCTAAATCTCA,Dual,no,predicted,,RegPrecise_Cglutamicum,0.6,MEDIUM,ATCC13032,PREDICTED,RegPrecise_3.2_ATCC13032
cg0350,,GlxR,Dual,cg1764,,sufB,,,Dual,no,predicted,,RegPrecise_Cglutamicum,0.6,MEDIUM,ATCC13032,PREDICTED,RegPrecise_3.2_ATCC13032
cg0350,,GlxR,Dual,cg1763,,sufD,,,Dual,no,predicted,,RegPrecise_Cglutamicum,0.6,MEDIUM,ATCC13032,PREDICTED,RegPrecise_3.2_ATCC13032
cg0350,,GlxR,Dual,cg1762,,sufC,,,Dual,no,predicted,,RegPrecise_Cglutamicum,0.6,MEDIUM,ATCC13032,PREDICTED,RegPrecise_3.2_ATCC13032
cg0350,,GlxR,Dual,cg1761,,nifS2,,,Dual,no,predicted,,RegPrecise_Cglutamicum,0.6,MEDIUM,ATCC13032,PREDICTED,RegPrecise_3.2_ATCC13032
cg0350,,GlxR,Dual,cg1760,,sufU,,,Dual,no,predicted,,RegPrecise_Cglutamicum,0.6,MEDIUM,ATCC13032,PREDICTED,RegPrecise_3.2_ATCC13032
cg0350,,GlxR,Dual,cg1759,,sufT,,,Dual,no,predicted,,RegPrecise_Cglutamicum,0.6,MEDIUM,ATCC13032,PREDICTED,RegPrecise_3.2_ATCC13032
cg0350,,GlxR,Dual,cg2410,,ltsA,,TGTATGCCACGTCACA,Dual,no,predicted,,RegPrecise_Cglutamicum,0.6,MEDIUM,ATCC13032,PREDICTED,RegPrecise_3.2_ATCC13032
cg0350,,GlxR,Dual,cg2708,,msiK1,,AGTGACTCACTTCACT,Dual,no,predicted,,RegPrecise_Cglutamicum,0.6,MEDIUM,ATCC13032,PREDICTED,RegPrecise_3.2_ATCC13032
cg0350,,GlxR,Dual,cg2707,,cg2707,,,Dual,no,predicted,,RegPrecise_Cglutamicum,0.6,MEDIUM,ATCC13032,PREDICTED,RegPrecise_3.2_ATCC13032
cg0350,,GlxR,Dual,cg2631,,pcaH,,TGAGATCTATATCACT,Dual,no,predicted,,RegPrecise_Cglutamicum,0.6,MEDIUM,ATCC13032,PREDICTED,RegPrecise_3.2_ATCC13032
cg0350,,GlxR,Dual,cg2630,,pcaG,,,Dual,no,predicted,,RegPrecise_Cglutamicum,0.6,MEDIUM,ATCC13032,PREDICTED,RegPrecise_3.2_ATCC13032
cg0350,,GlxR,Dual,cg2629,,pcaB1,,,Dual,no,predicted,,RegPrecise_Cglutamicum,0.6,MEDIUM,ATCC13032,PREDICTED,RegPrecise_3.2_ATCC13032
cg0350,,GlxR,Dual,cg2628,,pcaI,,,Dual,no,predicted,,RegPrecise_Cglutamicum,0.6,MEDIUM,ATCC13032,PREDICTED,RegPrecise_3.2_ATCC13032
cg0350,,GlxR,Dual,cg2616,,vanA,,AGTGATTTGAAGCACA,Dual,no,predicted,,RegPrecise_Cglutamicum,0.6,MEDIUM,ATCC13032,PREDICTED,RegPrecise_3.2_ATCC13032
cg0350,,GlxR,Dual,cg2617,,vanB,,,Dual,no,predicted,,RegPrecise_Cglutamicum,0.6,MEDIUM,ATCC13032,PREDICTED,RegPrecise_3.2_ATCC13032
cg0350,,GlxR,Dual,cg2618,,vanK,,,Dual,no,predicted,,RegPrecise_Cglutamicum,0.6,MEDIUM,ATCC13032,PREDICTED,RegPrecise_3.2_ATCC13032
cg0350,,GlxR,Dual,cg2560,,aceA,,TGTGAACCACGCCACC,Dual,no,predicted,,RegPrecise_Cglutamicum,0.6,MEDIUM,ATCC13032,EXPERIMENTAL_ATCC13032,RegPrecise_3.2_ATCC13032
cg0350,,GlxR,Dual,cg0814,,birA,,GGTGATTTACATCACT,Dual,no,predicted,,RegPrecise_Cglutamicum,0.6,MEDIUM,ATCC13032,PREDICTED,RegPrecise_3.2_ATCC13032
cg0350,,GlxR,Dual,cg0815,,cg0815,,,Dual,no,predicted,,RegPrecise_Cglutamicum,0.6,MEDIUM,ATCC13032,PREDICTED,RegPrecise_3.2_ATCC13032
cg0350,,GlxR,Dual,cg0816,,purK,,,Dual,no,predicted,,RegPrecise_Cglutamicum,0.6,MEDIUM,ATCC13032,PREDICTED,RegPrecise_3.2_ATCC13032
cg0350,,GlxR,Dual,cg0817,,kup,,,Dual,no,predicted,,RegPrecise_Cglutamicum,0.6,MEDIUM,ATCC13032,PREDICTED,RegPrecise_3.2_ATCC13032
cg0350,,GlxR,Dual,cg0819,,cg0819,,,Dual,no,predicted,,RegPrecise_Cglutamicum,0.6,MEDIUM,ATCC13032,PREDICTED,RegPrecise_3.2_ATCC13032
cg0350,,GlxR,Dual,cg0820,,purE,,,Dual,no,predicted,,RegPrecise_Cglutamicum,0.6,MEDIUM,ATCC13032,PREDICTED,RegPrecise_3.2_ATCC13032
cg0350,,GlxR,Dual,cg0821,,cg0821,,,Dual,no,predicted,,RegPrecise_Cglutamicum,0.6,MEDIUM,ATCC13032,PREDICTED,RegPrecise_3.2_ATCC13032
cg0350,,GlxR,Dual,cg2739,,cg2739,,AGTGAAATCACACACA,Dual,no,predicted,,RegPrecise_Cglutamicum,0.6,MEDIUM,ATCC13032,PREDICTED,RegPrecise_3.2_ATCC13032
cg0350,,GlxR,Dual,cg2738,,ppt1,,,Dual,no,predicted,,RegPrecise_Cglutamicum,0.6,MEDIUM,ATCC13032,PREDICTED,RegPrecise_3.2_ATCC13032
cg0350,,GlxR,Dual,cg0791,,pyc,,AGTGACTGCTATCACC,Dual,no,predicted,,RegPrecise_Cglutamicum,0.6,MEDIUM,ATCC13032,PREDICTED,RegPrecise_3.2_ATCC13032
cg0350,,GlxR,Dual,cg0796,,prpD1,,TGTGGCCTGTCACACA,Dual,no,predicted,,RegPrecise_Cglutamicum,0.6,MEDIUM,ATCC13032,PREDICTED,RegPrecise_3.2_ATCC13032
cg0350,,GlxR,Dual,cg0797,,prpB1,,,Dual,no,predicted,,RegPrecise_Cglutamicum,0.6,MEDIUM,ATCC13032,PREDICTED,RegPrecise_3.2_ATCC13032
cg0350,,GlxR,Dual,cg0798,,prpC1,,,Dual,no,predicted,,RegPrecise_Cglutamicum,0.6,MEDIUM,ATCC13032,PREDICTED,RegPrecise_3.2_ATCC13032
cg0350,,GlxR,Dual,cg0759,,prpD2,,TGTGGTGTGCAACATT,Dual,no,predicted,,RegPrecise_Cglutamicum,0.6,MEDIUM,ATCC13032,PREDICTED,RegPrecise_3.2_ATCC13032
cg0350,,GlxR,Dual,cg0760,,prpB2,,,Dual,no,predicted,,RegPrecise_Cglutamicum,0.6,MEDIUM,ATCC13032,PREDICTED,RegPrecise_3.2_ATCC13032
cg0350,,GlxR,Dual,cg0762,,prpC2,,,Dual,no,predicted,,RegPrecise_Cglutamicum,0.6,MEDIUM,ATCC13032,PREDICTED,RegPrecise_3.2_ATCC13032
cg0350,,GlxR,Dual,cg0812,,dtsR1,,AGTGATGTAAATCACC,Dual,no,predicted,,RegPrecise_Cglutamicum,0.6,MEDIUM,ATCC13032,PREDICTED,RegPrecise_3.2_ATCC13032
cg0350,,GlxR,Dual,cg0566,,gabT,,TGTATCTCACCTCACA,Dual,no,predicted,,RegPrecise_Cglutamicum,0.6,MEDIUM,ATCC13032,PREDICTED,RegPrecise_3.2_ATCC13032
cg0350,,GlxR,Dual,cg0567,,gabD2,,,Dual,no,predicted,,RegPrecise_Cglutamicum,0.6,MEDIUM,ATCC13032,PREDICTED,RegPrecise_3.2_ATCC13032
cg0350,,GlxR,Dual,cg0568,,gabP,,,Dual,no,predicted,,RegPrecise_Cglutamicum,0.6,MEDIUM,ATCC13032,PREDICTED,RegPrecise_3.2_ATCC13032
cg0350,,GlxR,Dual,cg2743,,fas-IA,,GGTGAACAAGGCCACA,Dual,no,predicted,,RegPrecise_Cglutamicum,0.6,MEDIUM,ATCC13032,PREDICTED,RegPrecise_3.2_ATCC13032
cg0350,,GlxR,Dual,cg2437,,thrC,,AGTGATCAGCAACACT,Dual,no,predicted,,RegPrecise_Cglutamicum,0.6,MEDIUM,ATCC13032,PREDICTED,RegPrecise_3.2_ATCC13032
cg0350,,GlxR,Dual,cg1956,,recJ,,TATGACCGTTACCTCA,Dual,no,predicted,,RegPrecise_Cglutamicum,0.6,MEDIUM,ATCC13032,PREDICTED,RegPrecise_3.2_ATCC13032
cg0350,,GlxR,Dual,cg0088,,citP,,CGTGACACGCGCCACC,Dual,no,predicted,,RegPrecise_Cglutamicum,0.6,MEDIUM,ATCC13032,PREDICTED,RegPrecise_3.2_ATCC13032
cg0350,,GlxR,Dual,cg2891,,poxB,,GGTGTTTTAGACCACG,Dual,no,predicted,,RegPrecise_Cglutamicum,0.6,MEDIUM,ATCC13032,PREDICTED,RegPrecise_3.2_ATCC13032
cg0350,,GlxR,Dual,cg3286,,cg3286,,GGTGACCCAGCCCACC,Dual,no,predicted,,RegPrecise_Cglutamicum,0.6,MEDIUM,ATCC13032,PREDICTED,RegPrecise_3.2_ATCC13032
cg0350,,GlxR,Dual,cg3287,,copO,,,Dual,no,predicted,,RegPrecise_Cglutamicum,0.6,MEDIUM,ATCC13032,PREDICTED,RegPrecise_3.2_ATCC13032
cg0350,,GlxR,Dual,cg1568,,ugpA,,GGACATTTAGGTCACA,Dual,no,predicted,,RegPrecise_Cglutamicum,0.6,MEDIUM,ATCC13032,PREDICTED,RegPrecise_3.2_ATCC13032
cg0350,,GlxR,Dual,cg1569,,ugpE,,,Dual,no,predicted,,RegPrecise_Cglutamicum,0.6,MEDIUM,ATCC13032,PREDICTED,RegPrecise_3.2_ATCC13032
cg0350,,GlxR,Dual,cg1570,,ugpB,,,Dual,no,predicted,,RegPrecise_Cglutamicum,0.6,MEDIUM,ATCC13032,PREDICTED,RegPrecise_3.2_ATCC13032
cg0350,,GlxR,Dual,cg1571,,ugpC,,,Dual,no,predicted,,RegPrecise_Cglutamicum,0.6,MEDIUM,ATCC13032,PREDICTED,RegPrecise_3.2_ATCC13032
cg0350,,GlxR,Dual,cg2846,,pstS,,TGTGATTAGAGTCTCC,Dual,no,predicted,,RegPrecise_Cglutamicum,0.6,MEDIUM,ATCC13032,PREDICTED,RegPrecise_3.2_ATCC13032
cg0350,,GlxR,Dual,cg2845,,pstC,,,Dual,no,predicted,,RegPrecise_Cglutamicum,0.6,MEDIUM,ATCC13032,PREDICTED,RegPrecise_3.2_ATCC13032
cg0350,,GlxR,Dual,cg2844,,pstA,,,Dual,no,predicted,,RegPrecise_Cglutamicum,0.6,MEDIUM,ATCC13032,PREDICTED,RegPrecise_3.2_ATCC13032
cg0350,,GlxR,Dual,cg2843,,pstB,,,Dual,no,predicted,,RegPrecise_Cglutamicum,0.6,MEDIUM,ATCC13032,PREDICTED,RegPrecise_3.2_ATCC13032
cg0350,,GlxR,Dual,cg0344,,phdB(fabG1),,AGTGTCTGGGATCACA,Dual,no,predicted,,RegPrecise_Cglutamicum,0.6,MEDIUM,ATCC13032,PREDICTED,RegPrecise_3.2_ATCC13032
cg0350,,GlxR,Dual,cg0345,,phdC,,,Dual,no,predicted,,RegPrecise_Cglutamicum,0.6,MEDIUM,ATCC13032,PREDICTED,RegPrecise_3.2_ATCC13032
cg0350,,GlxR,Dual,cg0346,,phdD(fadE),,,Dual,no,predicted,,RegPrecise_Cglutamicum,0.6,MEDIUM,ATCC13032,PREDICTED,RegPrecise_3.2_ATCC13032
cg0350,,GlxR,Dual,cg0347,,phdE (hdtZ),,,Dual,no,predicted,,RegPrecise_Cglutamicum,0.6,MEDIUM,ATCC13032,PREDICTED,RegPrecise_3.2_ATCC13032
cg0350,,GlxR,Dual,cg0247,,cg0247,,TGTGCCCGCCGCCACA,Dual,no,predicted,,RegPrecise_Cglutamicum,0.6,MEDIUM,ATCC13032,PREDICTED,RegPrecise_3.2_ATCC13032
cg0350,,GlxR,Dual,cg0246,,glfT,,,Dual,no,predicted,,RegPrecise_Cglutamicum,0.6,MEDIUM,ATCC13032,PREDICTED,RegPrecise_3.2_ATCC13032
cg0350,,GlxR,Dual,cg1735,,cg1735,,AGTGATAAACATCACA,Dual,no,predicted,,RegPrecise_Cglutamicum,0.6,MEDIUM,ATCC13032,PREDICTED,RegPrecise_3.2_ATCC13032
cg0350,,GlxR,Dual,cg1787,,ppc,,AGAGCTTTAAAGCACA,Dual,no,predicted,,RegPrecise_Cglutamicum,0.6,MEDIUM,ATCC13032,PREDICTED,RegPrecise_3.2_ATCC13032
cg0350,,GlxR,Dual,cg1790,,pgk,,TGTGTCTTTAATCAAT,Dual,no,predicted,,RegPrecise_Cglutamicum,0.6,MEDIUM,ATCC13032,PREDICTED,RegPrecise_3.2_ATCC13032
cg0350,,GlxR,Dual,cg1789,,tpi,,,Dual,no,predicted,,RegPrecise_Cglutamicum,0.6,MEDIUM,ATCC13032,PREDICTED,RegPrecise_3.2_ATCC13032
cg0350,,GlxR,Dual,cg1791,,gap,,TGTGAGTTGCATCACA,Dual,no,predicted,,RegPrecise_Cglutamicum,0.6,MEDIUM,ATCC13032,PREDICTED,RegPrecise_3.2_ATCC13032
cg0350,,GlxR,Dual,cg0949,,gltA,,TGTGCACCAGTCCACT,Dual,no,predicted,,RegPrecise_Cglutamicum,0.6,MEDIUM,ATCC13032,PREDICTED,RegPrecise_3.2_ATCC13032
cg0350,,GlxR,Dual,cg1435,,ilvB,,TGTGTAGCATGACACA,Dual,no,predicted,,RegPrecise_Cglutamicum,0.6,MEDIUM,ATCC13032,PREDICTED,RegPrecise_3.2_ATCC13032
cg0350,,GlxR,Dual,cg1436,,ilvN,,,Dual,no,predicted,,RegPrecise_Cglutamicum,0.6,MEDIUM,ATCC13032,PREDICTED,RegPrecise_3.2_ATCC13032
cg0350,,GlxR,Dual,cg1437,,ilvC,,,Dual,no,predicted,,RegPrecise_Cglutamicum,0.6,MEDIUM,ATCC13032,PREDICTED,RegPrecise_3.2_ATCC13032
cg0350,,GlxR,Dual,cg1049,,echA3,,TGTGATGTGCCACACT,Dual,no,predicted,,RegPrecise_Cglutamicum,0.6,MEDIUM,ATCC13032,PREDICTED,RegPrecise_3.2_ATCC13032
cg0350,,GlxR,Dual,cg1050,,cg1050,,,Dual,no,predicted,,RegPrecise_Cglutamicum,0.6,MEDIUM,ATCC13032,PREDICTED,RegPrecise_3.2_ATCC13032
cg0350,,GlxR,Dual,cg1314,,putP,,AGTGTTGTAGTTCACA,Dual,no,predicted,,RegPrecise_Cglutamicum,0.6,MEDIUM,ATCC13032,PREDICTED,RegPrecise_3.2_ATCC13032
cg0350,,GlxR,Dual,cg1313,,cg1313,,,Dual,no,predicted,,RegPrecise_Cglutamicum,0.6,MEDIUM,ATCC13032,PREDICTED,RegPrecise_3.2_ATCC13032
cg0350,,GlxR,Dual,cg1312,,cg1314,,,Dual,no,predicted,,RegPrecise_Cglutamicum,0.6,MEDIUM,ATCC13032,PREDICTED,RegPrecise_3.2_ATCC13032
cg0350,,GlxR,Dual,cg1737,,acn,,AGAAAGTCACATCACG,Dual,no,predicted,,RegPrecise_Cglutamicum,0.6,MEDIUM,ATCC13032,EXPERIMENTAL_ATCC13032,RegPrecise_3.2_ATCC13032
cg0350,,GlxR,Dual,cg1738,,acnR,,,Dual,no,predicted,,RegPrecise_Cglutamicum,0.6,MEDIUM,ATCC13032,PREDICTED,RegPrecise_3.2_ATCC13032
cg0350,,GlxR,Dual,cg1739,,gat,,,Dual,no,predicted,,RegPrecise_Cglutamicum,0.6,MEDIUM,ATCC13032,PREDICTED,RegPrecise_3.2_ATCC13032
cg2502,,Zur,Dual,cg0043,,znuC2,,AAATGATAACCGTTATCATTA,Dual,no,predicted,,RegPrecise_Cglutamicum,0.6,MEDIUM,ATCC13032,PREDICTED,RegPrecise_3.2_ATCC13032
cg2502,,Zur,Dual,cg0795,,null,,TAATGGAAATTGTTTTCAATA,Dual,no,predicted,,RegPrecise_Cglutamicum,0.6,MEDIUM,ATCC13032,PREDICTED,RegPrecise_3.2_ATCC13032
cg2502,,Zur,Dual,cg0041,,mntA,,TATTGACAAAGAGTGCCATTA,Dual,no,predicted,,RegPrecise_Cglutamicum,0.6,MEDIUM,ATCC13032,PREDICTED,RegPrecise_3.2_ATCC13032
cg2502,,Zur,Dual,cg0040,,cg0040,,,Dual,no,predicted,,RegPrecise_Cglutamicum,0.6,MEDIUM,ATCC13032,PREDICTED,RegPrecise_3.2_ATCC13032
cg2502,,Zur,Dual,cg3107,,adhA,,AATTGAAAAACATTTCCATTA,Dual,no,predicted,,RegPrecise_Cglutamicum,0.6,MEDIUM,ATCC13032,PREDICTED,RegPrecise_3.2_ATCC13032
cg2502,,Zur,Dual,cg0042,,DIP0441,,TAATGATAACGGTTATCATTT,Dual,no,predicted,,RegPrecise_Cglutamicum,0.6,MEDIUM,ATCC13032,PREDICTED,RegPrecise_3.2_ATCC13032
cg2502,,Zur,Dual,cg2911,,znuA,,TGTTGACATCCTTTTTCAATA,Dual,no,predicted,,RegPrecise_Cglutamicum,0.6,MEDIUM,ATCC13032,PREDICTED,RegPrecise_3.2_ATCC13032
cg2502,,Zur,Dual,cg2912,,znuC,,,Dual,no,predicted,,RegPrecise_Cglutamicum,0.6,MEDIUM,ATCC13032,PREDICTED,RegPrecise_3.2_ATCC13032
cg2502,,Zur,Dual,cg2913,,znuB,,,Dual,no,predicted,,RegPrecise_Cglutamicum,0.6,MEDIUM,ATCC13032,PREDICTED,RegPrecise_3.2_ATCC13032
cg2502,,Zur,Dual,cg0794,,yciC,,TATTGAAAACAATTTCCATTA,Dual,no,predicted,,RegPrecise_Cglutamicum,0.6,MEDIUM,ATCC13032,PREDICTED,RegPrecise_3.2_ATCC13032
cg2112,,NrdR,Dual,cg2789,,nrdH,,CTACTATATGTAGTGC,Dual,no,predicted,,RegPrecise_Cglutamicum,0.6,MEDIUM,ATCC13032,PREDICTED,RegPrecise_3.2_ATCC13032
cg2112,,NrdR,Dual,cg2787,,nrdI,,,Dual,no,predicted,,RegPrecise_Cglutamicum,0.6,MEDIUM,ATCC13032,PREDICTED,RegPrecise_3.2_ATCC13032
cg2112,,NrdR,Dual,cg2786,,nrdE,,,Dual,no,predicted,,RegPrecise_Cglutamicum,0.6,MEDIUM,ATCC13032,PREDICTED,RegPrecise_3.2_ATCC13032
cg1218,,NrtR,Dual,cg1218,,nrtR,,TTAGAGTCAAAGTGACTGTAA,Dual,no,predicted,,RegPrecise_Cglutamicum,0.6,MEDIUM,ATCC13032,PREDICTED,RegPrecise_3.2_ATCC13032
cg1218,,NrtR,Dual,cg1216,,nadA,,,Dual,no,predicted,,RegPrecise_Cglutamicum,0.6,MEDIUM,ATCC13032,PREDICTED,RegPrecise_3.2_ATCC13032
cg1218,,NrtR,Dual,cg1215,,nadC,,,Dual,no,predicted,,RegPrecise_Cglutamicum,0.6,MEDIUM,ATCC13032,PREDICTED,RegPrecise_3.2_ATCC13032
cg1218,,NrtR,Dual,cg1214,,sufS,,,Dual,no,predicted,,RegPrecise_Cglutamicum,0.6,MEDIUM,ATCC13032,PREDICTED,RegPrecise_3.2_ATCC13032
cg1218,,NrtR,Dual,cg2236,,thiE,,ACTTACCCCACGGGTGCCCAATGCATTGGGCTGAGATTGCGCGCTGTTGCTGCGCGGGACCGTTCGAACCTGTCTGGTTAACACCAGCGAAGGAAGCGAGGATTGATTGTCCCG,Dual,no,predicted,,RegPrecise_Cglutamicum,0.6,MEDIUM,ATCC13032,PREDICTED,RegPrecise_3.2_ATCC13032
cg1218,,NrtR,Dual,cg2237,,thiO,,,Dual,no,predicted,,RegPrecise_Cglutamicum,0.6,MEDIUM,ATCC13032,PREDICTED,RegPrecise_3.2_ATCC13032
cg1218,,NrtR,Dual,cg2238,,thiS,,,Dual,no,predicted,,RegPrecise_Cglutamicum,0.6,MEDIUM,ATCC13032,PREDICTED,RegPrecise_3.2_ATCC13032
cg1218,,NrtR,Dual,cg2239,,thiG,,,Dual,no,predicted,,RegPrecise_Cglutamicum,0.6,MEDIUM,ATCC13032,PREDICTED,RegPrecise_3.2_ATCC13032
cg1218,,NrtR,Dual,cg2240,,thiF,,,Dual,no,predicted,,RegPrecise_Cglutamicum,0.6,MEDIUM,ATCC13032,PREDICTED,RegPrecise_3.2_ATCC13032
cg1218,,NrtR,Dual,cg1476,,thiC,,AGGCAGTCCCCACGGGCGCCCGAGCACGGGCTGAGATCGCGCTGATTGCTGCGCGAGCACCGTTTGAACCTGTCCGGTTAGCACCGGCGAAGGAAGAGAGGAATGGTGCAAT,Dual,no,predicted,,RegPrecise_Cglutamicum,0.6,MEDIUM,ATCC13032,PREDICTED,RegPrecise_3.2_ATCC13032
cg1218,,NrtR,Dual,cg1655,,thiM,,AATACTAGGCACGGGGTGCCAACCGGATGGAAAAATTCCGGAGGCTGAGAAAACACCCGTTGAACCTGCTCTAGCTCGTACTAGCGAAGGGATGGCCTTAACGTGGCTA,Dual,no,predicted,,RegPrecise_Cglutamicum,0.6,MEDIUM,ATCC13032,PREDICTED,RegPrecise_3.2_ATCC13032
cg1218,,NrtR,Dual,cg1654,,thiD1,,,Dual,no,predicted,,RegPrecise_Cglutamicum,0.6,MEDIUM,ATCC13032,PREDICTED,RegPrecise_3.2_ATCC13032
cg1218,,NrtR,Dual,cg0825,,oarX,,TACTAGTGACACGGGGTGCAAAAGCACTTTAAAAAAGCTTTCGCTGAGATTACACCCGTCGAACCTGATCCAGTTAGTACTGGCGAAGGGACTGTCGCATTGGACCCAT,Dual,no,predicted,,RegPrecise_Cglutamicum,0.6,MEDIUM,ATCC13032,PREDICTED,RegPrecise_3.2_ATCC13032
cg1218,,NrtR,Dual,cg1227,,ykoE,,TTCATAGACACGGGTGCTCGGTGAAAATCCGGGCTGAGATCTGGCATAGCCACGACCGTCGAACCTGATCCGGATAATGCCGGCGATAGGGAGGAAAAATATGGCTAGTCC,Dual,no,predicted,,RegPrecise_Cglutamicum,0.6,MEDIUM,ATCC13032,PREDICTED,RegPrecise_3.2_ATCC13032
cg1218,,NrtR,Dual,cg1228,,ykoD,,,Dual,no,predicted,,RegPrecise_Cglutamicum,0.6,MEDIUM,ATCC13032,PREDICTED,RegPrecise_3.2_ATCC13032
cg1218,,NrtR,Dual,cg1229,,ykoC,,,Dual,no,predicted,,RegPrecise_Cglutamicum,0.6,MEDIUM,ATCC13032,PREDICTED,RegPrecise_3.2_ATCC13032
cg1218,,NrtR,Dual,cg1230,,hmpK,,,Dual,no,predicted,,RegPrecise_Cglutamicum,0.6,MEDIUM,ATCC13032,PREDICTED,RegPrecise_3.2_ATCC13032
cg1218,,NrtR,Dual,cg0083,,pnuX,,GTTTTGTTCTCAGGGCGGGGCGAAATTCCCCACCGGCGGTAAGACGAATCATCAGATATGACTAGTTGAGCCCGCGAGCGCCACCAACTAGCAATGGTTTGTGGGTCAGCAGATCCGGTTAAATTCCGGAGCCGACGGTCATAGTCCGGATGCAAGAGAACCGTG,Dual,no,predicted,,RegPrecise_Cglutamicum,0.6,MEDIUM,ATCC13032,PREDICTED,RegPrecise_3.2_ATCC13032
cg1218,,NrtR,Dual,cg0625,,null,,CAGGGGAATTTCGGTGAGAACCCGAAGCTGACCCGCAACCCGTATTATGCAATCGCTTTCACCAGGTATTGCATTAAGCCGGATCACCC,Dual,no,predicted,,RegPrecise_Cglutamicum,0.6,MEDIUM,ATCC13032,PREDICTED,RegPrecise_3.2_ATCC13032
cg1218,,NrtR,Dual,cg0624,,null,,,Dual,no,predicted,,RegPrecise_Cglutamicum,0.6,MEDIUM,ATCC13032,PREDICTED,RegPrecise_3.2_ATCC13032
cg1218,,NrtR,Dual,cg0623,,cbrV,,,Dual,no,predicted,,RegPrecise_Cglutamicum,0.6,MEDIUM,ATCC13032,PREDICTED,RegPrecise_3.2_ATCC13032
cg1218,,NrtR,Dual,cg0622,,cbrU,,,Dual,no,predicted,,RegPrecise_Cglutamicum,0.6,MEDIUM,ATCC13032,PREDICTED,RegPrecise_3.2_ATCC13032
cg1218,,NrtR,Dual,cg0621,,cbrT,,,Dual,no,predicted,,RegPrecise_Cglutamicum,0.6,MEDIUM,ATCC13032,PREDICTED,RegPrecise_3.2_ATCC13032
cg1218,,NrtR,Dual,cg1817,,pyrR,,GACATCCTTTAACGGACCGCACAGAGAGGCGGGGAAGGAGGTCACGATGAGCGAACGTAATAGTGCTGTACTAGAACTCCTTAATGAGGACGACGTCAGCCGTACCATCGCACGCATCGCGCACCAGATTATTGAGAAAACCGCGCTTGATTCCAAAGACGCGGATCGGGTCATGTTGTT,Dual,no,predicted,,RegPrecise_Cglutamicum,0.6,MEDIUM,ATCC13032,PREDICTED,RegPrecise_3.2_ATCC13032
cg1218,,NrtR,Dual,cg1816,,pyrB,,,Dual,no,predicted,,RegPrecise_Cglutamicum,0.6,MEDIUM,ATCC13032,PREDICTED,RegPrecise_3.2_ATCC13032
cg1218,,NrtR,Dual,cg1815,,pyrC,,,Dual,no,predicted,,RegPrecise_Cglutamicum,0.6,MEDIUM,ATCC13032,PREDICTED,RegPrecise_3.2_ATCC13032
cg1218,,NrtR,Dual,cg1814,,carA,,,Dual,no,predicted,,RegPrecise_Cglutamicum,0.6,MEDIUM,ATCC13032,PREDICTED,RegPrecise_3.2_ATCC13032
cg1218,,NrtR,Dual,cg1813,,carB,,,Dual,no,predicted,,RegPrecise_Cglutamicum,0.6,MEDIUM,ATCC13032,PREDICTED,RegPrecise_3.2_ATCC13032
cg1218,,NrtR,Dual,cg1812,,pyrF,,,Dual,no,predicted,,RegPrecise_Cglutamicum,0.6,MEDIUM,ATCC13032,PREDICTED,RegPrecise_3.2_ATCC13032
cg1218,,NrtR,Dual,cg1660,,COG1971,,TCCATTTCGAAGGGGAGTAGTTCCACACAAAGGCGATCTGACTCGTTTTTGTTTGAGGTATGTTCGACATACTGGAGCAAGTTCACCTTGCACCCGGCATACCACCTGAACAAGGCCTTAAAAAGGGGCTTTATCGGTTCAGGCGAGCGAGACCTTCGGCGTTCACAC,Dual,no,predicted,,RegPrecise_Cglutamicum,0.6,MEDIUM,ATCC13032,PREDICTED,RegPrecise_3.2_ATCC13032
cg1218,,NrtR,Dual,cg2785,,COG0530,,GTCTGTTGCTGAAGGGGAGTAGCTCGACAAACGCGGTTGTCGACATACTGGCACGCAAGATCTGTGTACCCGGCCCACGTGCCTAAAACTAGGTGAGCGAGACCTTCGAGCAGTTC,Dual,no,predicted,,RegPrecise_Cglutamicum,0.6,MEDIUM,ATCC13032,PREDICTED,RegPrecise_3.2_ATCC13032
cg1218,,NrtR,Dual,cg2784,,COG1321,,,Dual,no,predicted,,RegPrecise_Cglutamicum,0.6,MEDIUM,ATCC13032,PREDICTED,RegPrecise_3.2_ATCC13032
cg1218,,NrtR,Dual,cg2157,,terC,,TTCCCGTATTGGAGGGGAGTACCCCACAAGCAGCGTTGATTCGTCAACACGGAAATCAAACTTTAAAGAATTTTAGGTTGTGAATTCCCGGTCACACTGGCCCATTTTGTTTTTCAGATGCATGTTAGATGCGTTGAGGGACAAGGGTGGGGGAGACCTCCGGTTCTTAA,Dual,no,predicted,,RegPrecise_Cglutamicum,0.6,MEDIUM,ATCC13032,PREDICTED,RegPrecise_3.2_ATCC13032
cg1218,,NrtR,Dual,cg0936,,rpfA,,GCATTCATGTGGGCCATATTGCAGACAGGGACGGGGAAACCACCCACCATCTTTTCACAAAAGAAGGCATGGAGGCCAACTCCTTGGGGTGAAGCCAGACATCCACTGGCAGAGCAACTCCTCCGCTCTAACCCGACAGCTAACCTCGACGGCGACAAATGAGAGGAAAA,Dual,no,predicted,,RegPrecise_Cglutamicum,0.6,MEDIUM,ATCC13032,PREDICTED,RegPrecise_3.2_ATCC13032
cg1218,,NrtR,Dual,cg2402,,COG0791,,AAACAAATAGACGCTTAATCGCAAGCATAGTTTAGAGAAATTCTTTAAATCGTGCGGCGAGCCGGGGAACCAAACGTGTTCCTGGGGTGAGTTTCCCACAAGGGTTCTCTCGCAGAGAGAGAAGGAGTGGGGATAGGGGCCTTCCGCTCCGAACCCGACAGCTAACTCGGTCAGCAAACAGGAAGAATTT,Dual,no,predicted,,RegPrecise_Cglutamicum,0.6,MEDIUM,ATCC13032,PREDICTED,RegPrecise_3.2_ATCC13032
cg1218,,NrtR,Dual,cg0572,,rplJ,,ATCGAGCTCAAGGTTCACCGAAGACCGTAGGTCATCCGCATGACGGATCGAAGGTTTCCTACCCTTAGGAACGGCCCACGCAGGAGACACTTGAACGCCTTAGATTCCTTATGTGGAATGTATAGCGCCCTGTGCTCTTGCACGGGGCTTTTCTCATTGGTTTAT,Dual,no,predicted,,RegPrecise_Cglutamicum,0.6,MEDIUM,ATCC13032,PREDICTED,RegPrecise_3.2_ATCC13032
cg1218,,NrtR,Dual,cg0573,,rplL,,,Dual,no,predicted,,RegPrecise_Cglutamicum,0.6,MEDIUM,ATCC13032,PREDICTED,RegPrecise_3.2_ATCC13032
cg1218,,NrtR,Dual,cg2167,,rpsO,,GGGTTTATCTTGGATGAATGAGTGAAAATTTTTCATGCGGACTGAAATAACTTTTAGGAGACACCATGGCTCTTACTTCTGAGCAGAAGAAGTCCATCCTTTCCGAGTTCGGCCTCCACGAG,Dual,no,predicted,,RegPrecise_Cglutamicum,0.6,MEDIUM,ATCC13032,PREDICTED,RegPrecise_3.2_ATCC13032
cg1218,,NrtR,Dual,cg2359,,ileS,,GGCGGAGGTTATGATCCGGCAATCACCGGGGAGCTTTTCGGAAGAACGGCACCTTCCCTTAGTGGGAAATGCCTAGTAGAACCGAACGGGTGGGACCGTGAAAGACCTTTTGTGTCAACGAAGGGAAGCTAGTTAATTTAGCTCAAGCTGGGTGGTACCGCGTCCGTTTTTTAGGGCGTCCCCGCA,Dual,no,predicted,,RegPrecise_Cglutamicum,0.6,MEDIUM,ATCC13032,PREDICTED,RegPrecise_3.2_ATCC13032
cg0565,,GabR,Dual,cg0566,,gabT,,ATGGGCGAAATATTGTCTACAAC,Dual,no,predicted,,RegPrecise_Cglutamicum,0.6,MEDIUM,ATCC13032,PREDICTED,RegPrecise_3.2_ATCC13032
cg0565,,GabR,Dual,cg0567,,gabD2,,,Dual,no,predicted,,RegPrecise_Cglutamicum,0.6,MEDIUM,ATCC13032,PREDICTED,RegPrecise_3.2_ATCC13032
cg0565,,GabR,Dual,cg0568,,gabP,,,Dual,no,predicted,,RegPrecise_Cglutamicum,0.6,MEDIUM,ATCC13032,PREDICTED,RegPrecise_3.2_ATCC13032
cg0565,,GabR,Dual,cg0565,,gabR,,GTTGTAGACAATATTTCGCCCAT,Dual,no,predicted,,RegPrecise_Cglutamicum,0.6,MEDIUM,ATCC13032,PREDICTED,RegPrecise_3.2_ATCC13032
cg0463,,CsoR,Dual,cg3282,,copY,,ATACCCCATAGGGGTAT,Dual,no,predicted,,RegPrecise_Cglutamicum,0.6,MEDIUM,ATCC13032,PREDICTED,RegPrecise_3.2_ATCC13032
cg0463,,CsoR,Dual,cg3281,,copB,,,Dual,no,predicted,,RegPrecise_Cglutamicum,0.6,MEDIUM,ATCC13032,PREDICTED,RegPrecise_3.2_ATCC13032
cg0463,,CsoR,Dual,cg0464,,ctpA,,ATACCCCTAGGGGGTAT,Dual,no,predicted,,RegPrecise_Cglutamicum,0.6,MEDIUM,ATCC13032,PREDICTED,RegPrecise_3.2_ATCC13032
cg0463,,CsoR,Dual,cg0463,,csoR,,,Dual,no,predicted,,RegPrecise_Cglutamicum,0.6,MEDIUM,ATCC13032,PREDICTED,RegPrecise_3.2_ATCC13032
"cg0317,",,ArsR,Dual,cg1705,,arsC2,,ATATCGACAGGTATCAATAT,Dual,no,predicted,,RegPrecise_Cglutamicum,0.6,MEDIUM,ATCC13032,PREDICTED,RegPrecise_3.2_ATCC13032
"cg0317,",,ArsR,Dual,cg1706,,arsC,,,Dual,no,predicted,,RegPrecise_Cglutamicum,0.6,MEDIUM,ATCC13032,PREDICTED,RegPrecise_3.2_ATCC13032
"cg0317,",,ArsR,Dual,cg0318,,arsC1,,ATATAGACGCACATCGATAT,Dual,no,predicted,,RegPrecise_Cglutamicum,0.6,MEDIUM,ATCC13032,PREDICTED,RegPrecise_3.2_ATCC13032
"cg0317,",,ArsR,Dual,cg0319,,arsX,,,Dual,no,predicted,,RegPrecise_Cglutamicum,0.6,MEDIUM,ATCC13032,PREDICTED,RegPrecise_3.2_ATCC13032
"cg0317,",,ArsR,Dual,cg0317,,arsR2,,ATATCGATGTGCGTCTATAT,Dual,no,predicted,,RegPrecise_Cglutamicum,0.6,MEDIUM,ATCC13032,PREDICTED,RegPrecise_3.2_ATCC13032
"cg0317,",,ArsR,Dual,cg1704,,arsR,,ATATTGATACCTGTCGATAT,Dual,no,predicted,,RegPrecise_Cglutamicum,0.6,MEDIUM,ATCC13032,PREDICTED,RegPrecise_3.2_ATCC13032
cg2516,,HrcA,Dual,cg3011,,groEL,,CTTGCACTCACACCCCTTGAGTGCTAG,Dual,no,predicted,,RegPrecise_Cglutamicum,0.6,MEDIUM,ATCC13032,PREDICTED,RegPrecise_3.2_ATCC13032
cg2516,,HrcA,Dual,cg0690,,groES,,TTAGCACCCTCAACAGTTGAGTGCTGG,Dual,no,predicted,,RegPrecise_Cglutamicum,0.6,MEDIUM,ATCC13032,PREDICTED,RegPrecise_3.2_ATCC13032
cg2516,,HrcA,Dual,cg0691,,groEL',,,Dual,no,predicted,,RegPrecise_Cglutamicum,0.6,MEDIUM,ATCC13032,PREDICTED,RegPrecise_3.2_ATCC13032
cg2516,,HrcA,Dual,cg0692,,tnp1a,,,Dual,no,predicted,,RegPrecise_Cglutamicum,0.6,MEDIUM,ATCC13032,PREDICTED,RegPrecise_3.2_ATCC13032
cg2516,,HrcA,Dual,cg0693,,groEL,,,Dual,no,predicted,,RegPrecise_Cglutamicum,0.6,MEDIUM,ATCC13032,PREDICTED,RegPrecise_3.2_ATCC13032
cg3224,,LldR,Dual,cg2118,,fruR,,TACGGTTCTTCCACA,Dual,no,predicted,,RegPrecise_Cglutamicum,0.6,MEDIUM,ATCC13032,PREDICTED,RegPrecise_3.2_ATCC13032
cg3224,,LldR,Dual,cg2119,,pfkB,,,Dual,no,predicted,,RegPrecise_Cglutamicum,0.6,MEDIUM,ATCC13032,PREDICTED,RegPrecise_3.2_ATCC13032
cg3224,,LldR,Dual,cg2120,,ptsF,,,Dual,no,predicted,,RegPrecise_Cglutamicum,0.6,MEDIUM,ATCC13032,PREDICTED,RegPrecise_3.2_ATCC13032
cg3224,,LldR,Dual,cg2121,,ptsH,,,Dual,no,predicted,,RegPrecise_Cglutamicum,0.6,MEDIUM,ATCC13032,PREDICTED,RegPrecise_3.2_ATCC13032
cg3224,,LldR,Dual,cg3226,,cg3226,,TGTGGTCTGACCATG,Dual,no,predicted,,RegPrecise_Cglutamicum,0.6,MEDIUM,ATCC13032,PREDICTED,RegPrecise_3.2_ATCC13032
cg3224,,LldR,Dual,cg3227,,lldA,,,Dual,no,predicted,,RegPrecise_Cglutamicum,0.6,MEDIUM,ATCC13032,PREDICTED,RegPrecise_3.2_ATCC13032
cg3224,,LldR,Dual,cg3219,,ldh,,CTTGGTCTGACCACA,Dual,no,predicted,,RegPrecise_Cglutamicum,0.6,MEDIUM,ATCC13032,PREDICTED,RegPrecise_3.2_ATCC13032
cg3224,,LldR,Dual,cg3220,,CE2754,,TGTGGTCAGACCAAG,Dual,no,predicted,,RegPrecise_Cglutamicum,0.6,MEDIUM,ATCC13032,PREDICTED,RegPrecise_3.2_ATCC13032
cg3224,,LldR,Dual,cg3221,,CE2755,,,Dual,no,predicted,,RegPrecise_Cglutamicum,0.6,MEDIUM,ATCC13032,PREDICTED,RegPrecise_3.2_ATCC13032
cg3224,,LldR,Dual,cg3223,,CE2756,,,Dual,no,predicted,,RegPrecise_Cglutamicum,0.6,MEDIUM,ATCC13032,PREDICTED,RegPrecise_3.2_ATCC13032
cg3224,,LldR,Dual,cg3224,,lldR,,,Dual,no,predicted,,RegPrecise_Cglutamicum,0.6,MEDIUM,ATCC13032,PREDICTED,RegPrecise_3.2_ATCC13032
cg3224,,LldR,Dual,cg3225,,CE2758,,,Dual,no,predicted,,RegPrecise_Cglutamicum,0.6,MEDIUM,ATCC13032,PREDICTED,RegPrecise_3.2_ATCC13032
cg0090,,CitB,Dual,cg0088,,citP,,GATCATAATGCACAAAAGTC,Dual,no,predicted,,RegPrecise_Cglutamicum,0.6,MEDIUM,ATCC13032,PREDICTED,RegPrecise_3.2_ATCC13032
cg0090,,CitB,Dual,cg0089,,citA,,GACTTTTGTGCATTATGATC,Dual,no,predicted,,RegPrecise_Cglutamicum,0.6,MEDIUM,ATCC13032,PREDICTED,RegPrecise_3.2_ATCC13032
cg0090,,CitB,Dual,cg0090,,citB,,,Dual,no,predicted,,RegPrecise_Cglutamicum,0.6,MEDIUM,ATCC13032,PREDICTED,RegPrecise_3.2_ATCC13032
cg0090,,CitB,Dual,cg3127,,tctC,,GAGCTTGTTGTCCAAAAGTC,Dual,no,predicted,,RegPrecise_Cglutamicum,0.6,MEDIUM,ATCC13032,PREDICTED,RegPrecise_3.2_ATCC13032
cg0090,,CitB,Dual,cg3126,,tctB,,,Dual,no,predicted,,RegPrecise_Cglutamicum,0.6,MEDIUM,ATCC13032,PREDICTED,RegPrecise_3.2_ATCC13032
cg0090,,CitB,Dual,cg3125,,tctA,,,Dual,no,predicted,,RegPrecise_Cglutamicum,0.6,MEDIUM,ATCC13032,PREDICTED,RegPrecise_3.2_ATCC13032
cg1738,,AcnR,Dual,cg1737,,acn,,CAGAACGCTTGTACTG,Dual,no,predicted,,RegPrecise_Cglutamicum,0.6,MEDIUM,ATCC13032,PREDICTED,RegPrecise_3.2_ATCC13032
cg1738,,AcnR,Dual,cg1738,,acnR,,,Dual,no,predicted,,RegPrecise_Cglutamicum,0.6,MEDIUM,ATCC13032,PREDICTED,RegPrecise_3.2_ATCC13032
cg2114,,LexA,Dual,cg0713,,cg0713,,TGGAACAGGTGTTCGA,Dual,no,predicted,,RegPrecise_Cglutamicum,0.6,MEDIUM,ATCC13032,PREDICTED,RegPrecise_3.2_ATCC13032
cg2114,,LexA,Dual,cg0714,,dtxR,,,Dual,no,predicted,,RegPrecise_Cglutamicum,0.6,MEDIUM,ATCC13032,PREDICTED,RegPrecise_3.2_ATCC13032
cg2114,,LexA,Dual,cg2733,,cg2733,,TCGAATAACTGTTCGA,Dual,no,predicted,,RegPrecise_Cglutamicum,0.6,MEDIUM,ATCC13032,PREDICTED,RegPrecise_3.2_ATCC13032
cg2114,,LexA,Dual,cg2950,,radA,,TCGAACACCGTTTCTC,Dual,no,predicted,,RegPrecise_Cglutamicum,0.6,MEDIUM,ATCC13032,PREDICTED,RegPrecise_3.2_ATCC13032
cg2114,,LexA,Dual,cg2683,,cg2683,,TCGAACACGTGAGCGG,Dual,no,predicted,,RegPrecise_Cglutamicum,0.6,MEDIUM,ATCC13032,PREDICTED,RegPrecise_3.2_ATCC13032
cg2114,,LexA,Dual,cg2504,,cg2683,,TCGAAAATTTGATCGG,Dual,no,predicted,,RegPrecise_Cglutamicum,0.6,MEDIUM,ATCC13032,PREDICTED,RegPrecise_3.2_ATCC13032
cg2114,,LexA,Dual,cg1059,,cg2683,,TTGAATAAGTGTTTGA,Dual,no,predicted,,RegPrecise_Cglutamicum,0.6,MEDIUM,ATCC13032,PREDICTED,RegPrecise_3.2_ATCC13032
cg2114,,LexA,Dual,cg0841,,cg0841,,TCGAAAGTATTTCCGA,Dual,no,predicted,,RegPrecise_Cglutamicum,0.6,MEDIUM,ATCC13032,PREDICTED,RegPrecise_3.2_ATCC13032
cg2114,,LexA,Dual,cg0898,,pdxS,,TCAAAAAAGTGGTCTA,Dual,no,predicted,,RegPrecise_Cglutamicum,0.6,MEDIUM,ATCC13032,PREDICTED,RegPrecise_3.2_ATCC13032
cg2114,,LexA,Dual,cg0899,,pdxT,,,Dual,no,predicted,,RegPrecise_Cglutamicum,0.6,MEDIUM,ATCC13032,PREDICTED,RegPrecise_3.2_ATCC13032
cg2114,,LexA,Dual,cg0470,,cg0470,,TGGAAAATATGTTCGA,Dual,no,predicted,,RegPrecise_Cglutamicum,0.6,MEDIUM,ATCC13032,PREDICTED,RegPrecise_3.2_ATCC13032
cg2114,,LexA,Dual,cg0471,,cg0471,,,Dual,no,predicted,,RegPrecise_Cglutamicum,0.6,MEDIUM,ATCC13032,PREDICTED,RegPrecise_3.2_ATCC13032
cg2114,,LexA,Dual,cg1080,,cg1080,,ATGAAAATTTGTTTGA,Dual,no,predicted,,RegPrecise_Cglutamicum,0.6,MEDIUM,ATCC13032,PREDICTED,RegPrecise_3.2_ATCC13032
cg2114,,LexA,Dual,cg2026,,cg2026,,TAGCACATATTTTCTA,Dual,no,predicted,,RegPrecise_Cglutamicum,0.6,MEDIUM,ATCC13032,PREDICTED,RegPrecise_3.2_ATCC13032
cg2114,,LexA,Dual,cg0875,,cg0875,,TAGAACATATGTACCA,Dual,no,predicted,,RegPrecise_Cglutamicum,0.6,MEDIUM,ATCC13032,PREDICTED,RegPrecise_3.2_ATCC13032
cg2114,,LexA,Dual,cg2141,,recA,,TCGAACAGTTGTGCGT,Dual,no,predicted,,RegPrecise_Cglutamicum,0.6,MEDIUM,ATCC13032,PREDICTED,RegPrecise_3.2_ATCC13032
cg2114,,LexA,Dual,cg2140,,recX,,,Dual,no,predicted,,RegPrecise_Cglutamicum,0.6,MEDIUM,ATCC13032,PREDICTED,RegPrecise_3.2_ATCC13032
cg2114,,LexA,Dual,cg1288,,blt,,TCGATAATATGTTCTA,Dual,no,predicted,,RegPrecise_Cglutamicum,0.6,MEDIUM,ATCC13032,PREDICTED,RegPrecise_3.2_ATCC13032
cg2114,,LexA,Dual,cg1289,,cg1289,,,Dual,no,predicted,,RegPrecise_Cglutamicum,0.6,MEDIUM,ATCC13032,PREDICTED,RegPrecise_3.2_ATCC13032
cg2114,,LexA,Dual,cg0738,,dnaE2,,TGGAAAATTTGTTCTA,Dual,no,predicted,,RegPrecise_Cglutamicum,0.6,MEDIUM,ATCC13032,PREDICTED,RegPrecise_3.2_ATCC13032
cg2114,,LexA,Dual,cg1884,,cg1884,,TCGCACATTTTTTCTA,Dual,no,predicted,,RegPrecise_Cglutamicum,0.6,MEDIUM,ATCC13032,PREDICTED,RegPrecise_3.2_ATCC13032
cg2114,,LexA,Dual,cg2113,,divS,,TGGTACGAGTGTTCGA,Dual,no,predicted,,RegPrecise_Cglutamicum,0.6,MEDIUM,ATCC13032,PREDICTED,RegPrecise_3.2_ATCC13032
cg2114,,LexA,Dual,cg0742,,cg0742,,TCAAGCACCCGTTCGA,Dual,no,predicted,,RegPrecise_Cglutamicum,0.6,MEDIUM,ATCC13032,PREDICTED,RegPrecise_3.2_ATCC13032
cg2114,,LexA,Dual,cg2381,,cg2381,,TCAAATATGTGTTCGA,Dual,no,predicted,,RegPrecise_Cglutamicum,0.6,MEDIUM,ATCC13032,PREDICTED,RegPrecise_3.2_ATCC13032
cg2114,,LexA,Dual,cg2034,,cg2034,,CCGATCAAATGTTTGA,Dual,no,predicted,,RegPrecise_Cglutamicum,0.6,MEDIUM,ATCC13032,PREDICTED,RegPrecise_3.2_ATCC13032
cg2114,,LexA,Dual,cg0834,,cg0834,,ACACAAACGTGTTCGA,Dual,no,predicted,,RegPrecise_Cglutamicum,0.6,MEDIUM,ATCC13032,PREDICTED,RegPrecise_3.2_ATCC13032
cg2114,,LexA,Dual,cg1314,,putP,,TCGTAACCTTGTGCGA,Dual,no,predicted,,RegPrecise_Cglutamicum,0.6,MEDIUM,ATCC13032,PREDICTED,RegPrecise_3.2_ATCC13032
cg2114,,LexA,Dual,cg1427,,null,,TTGAACAAATGTTCGG,Dual,no,predicted,,RegPrecise_Cglutamicum,0.6,MEDIUM,ATCC13032,PREDICTED,RegPrecise_3.2_ATCC13032
cg2114,,LexA,Dual,cg1429,,Cg1429,,,Dual,no,predicted,,RegPrecise_Cglutamicum,0.6,MEDIUM,ATCC13032,PREDICTED,RegPrecise_3.2_ATCC13032
cg2114,,LexA,Dual,cg2158,,ftsK,,TAGAAAACTTGGACGA,Dual,no,predicted,,RegPrecise_Cglutamicum,0.6,MEDIUM,ATCC13032,PREDICTED,RegPrecise_3.2_ATCC13032
cg2114,,LexA,Dual,cg1318,,sbcD,,TTGAAGATATGTACGA,Dual,no,predicted,,RegPrecise_Cglutamicum,0.6,MEDIUM,ATCC13032,PREDICTED,RegPrecise_3.2_ATCC13032
cg2114,,LexA,Dual,cg1319,,sbcC,,,Dual,no,predicted,,RegPrecise_Cglutamicum,0.6,MEDIUM,ATCC13032,PREDICTED,RegPrecise_3.2_ATCC13032
cg2114,,LexA,Dual,cg2114,,lexA,,TCGAACACTCGTACCA,Dual,no,predicted,,RegPrecise_Cglutamicum,0.6,MEDIUM,ATCC13032,PREDICTED,RegPrecise_3.2_ATCC13032
cg2114,,LexA,Dual,cg1560,,uvrA,,TCGATGCTATGTTCGA,Dual,no,predicted,,RegPrecise_Cglutamicum,0.6,MEDIUM,ATCC13032,PREDICTED,RegPrecise_3.2_ATCC13032
cg2114,,LexA,Dual,cg1255,,cg1255,,TCGAATAAATGTTCGA,Dual,no,predicted,,RegPrecise_Cglutamicum,0.6,MEDIUM,ATCC13032,PREDICTED,RegPrecise_3.2_ATCC13032
cg2114,,LexA,Dual,cg1602,,recN,,TAGAAAAAACGTTCGC,Dual,no,predicted,,RegPrecise_Cglutamicum,0.6,MEDIUM,ATCC13032,PREDICTED,RegPrecise_3.2_ATCC13032
cg2114,,LexA,Dual,cg1871,,ruvC,,TCGCAATTGTGTGCTA,Dual,no,predicted,,RegPrecise_Cglutamicum,0.6,MEDIUM,ATCC13032,PREDICTED,RegPrecise_3.2_ATCC13032
cg2114,,LexA,Dual,cg1870,,ruvA,,,Dual,no,predicted,,RegPrecise_Cglutamicum,0.6,MEDIUM,ATCC13032,PREDICTED,RegPrecise_3.2_ATCC13032
cg2114,,LexA,Dual,cg1869,,ruvB,,,Dual,no,predicted,,RegPrecise_Cglutamicum,0.6,MEDIUM,ATCC13032,PREDICTED,RegPrecise_3.2_ATCC13032
cg0979,,Cg0979,Dual,cg0979,,cg0979,,GTTACTGGGTATC,Dual,no,predicted,,RegPrecise_Cglutamicum,0.6,MEDIUM,ATCC13032,PREDICTED,RegPrecise_3.2_ATCC13032
cg0979,,Cg0979,Dual,cg0978,,cg0978,,,Dual,no,predicted,,RegPrecise_Cglutamicum,0.6,MEDIUM,ATCC13032,PREDICTED,RegPrecise_3.2_ATCC13032
cg0979,,Cg0979,Dual,cg0977,,cg0977,,,Dual,no,predicted,,RegPrecise_Cglutamicum,0.6,MEDIUM,ATCC13032,PREDICTED,RegPrecise_3.2_ATCC13032
cg2152,,ClgR,Dual,cg2645,,clpP1,,AAACGCTGATAGCGAAC,Dual,no,predicted,,RegPrecise_Cglutamicum,0.6,MEDIUM,ATCC13032,PREDICTED,RegPrecise_3.2_ATCC13032
cg2152,,ClgR,Dual,cg2644,,clpP2,,,Dual,no,predicted,,RegPrecise_Cglutamicum,0.6,MEDIUM,ATCC13032,PREDICTED,RegPrecise_3.2_ATCC13032
cg2152,,ClgR,Dual,cg2963,,clpC,,GTTCGCTACAGGCGTAC,Dual,no,predicted,,RegPrecise_Cglutamicum,0.6,MEDIUM,ATCC13032,PREDICTED,RegPrecise_3.2_ATCC13032
cg2152,,ClgR,Dual,cg0893,,ylbL,,CAACGCTGTAAGCGAAC,Dual,no,predicted,,RegPrecise_Cglutamicum,0.6,MEDIUM,ATCC13032,PREDICTED,RegPrecise_3.2_ATCC13032
cg2152,,ClgR,Dual,cg2873,,ptrB,,TGTCGCCAATGGCGAAC,Dual,no,predicted,,RegPrecise_Cglutamicum,0.6,MEDIUM,ATCC13032,PREDICTED,RegPrecise_3.2_ATCC13032
cg2152,,ClgR,Dual,cg0297,,cg0297,,GTAAGCCGAGAGCGAAC,Dual,no,predicted,,RegPrecise_Cglutamicum,0.6,MEDIUM,ATCC13032,PREDICTED,RegPrecise_3.2_ATCC13032
cg2152,,ClgR,Dual,cg0298,,recR,,,Dual,no,predicted,,RegPrecise_Cglutamicum,0.6,MEDIUM,ATCC13032,PREDICTED,RegPrecise_3.2_ATCC13032
cg2152,,ClgR,Dual,cg0892,,cg0892,,GTTCGCTTACAGCGTTG,Dual,no,predicted,,RegPrecise_Cglutamicum,0.6,MEDIUM,ATCC13032,PREDICTED,RegPrecise_3.2_ATCC13032
cg2152,,ClgR,Dual,cg2126,,hflX,,GATCGCTCACGGCGTTG,Dual,no,predicted,,RegPrecise_Cglutamicum,0.6,MEDIUM,ATCC13032,PREDICTED,RegPrecise_3.2_ATCC13032
cg2627,,PcaO,Dual,cg2631,,pcaH,,AACCCCTGACCTTCGGGGTT,Dual,no,predicted,,RegPrecise_Cglutamicum,0.6,MEDIUM,ATCC13032,PREDICTED,RegPrecise_3.2_ATCC13032
cg2627,,PcaO,Dual,cg2630,,pcaG,,,Dual,no,predicted,,RegPrecise_Cglutamicum,0.6,MEDIUM,ATCC13032,PREDICTED,RegPrecise_3.2_ATCC13032
cg2627,,PcaO,Dual,cg2629,,pcaB1,,,Dual,no,predicted,,RegPrecise_Cglutamicum,0.6,MEDIUM,ATCC13032,PREDICTED,RegPrecise_3.2_ATCC13032
cg2627,,PcaO,Dual,cg2628,,pcaI,,,Dual,no,predicted,,RegPrecise_Cglutamicum,0.6,MEDIUM,ATCC13032,PREDICTED,RegPrecise_3.2_ATCC13032
cg3253,,McbR,Dual,cg3372,,cg3372,,TAGACAGCATGGTCTA,Dual,no,predicted,,RegPrecise_Cglutamicum,0.6,MEDIUM,ATCC13032,PREDICTED,RegPrecise_3.2_ATCC13032
cg3253,,McbR,Dual,cg1290,,metE,,CAGACCGAGCAGTCTA,Dual,no,predicted,,RegPrecise_Cglutamicum,0.6,MEDIUM,ATCC13032,PREDICTED,RegPrecise_3.2_ATCC13032
cg3253,,McbR,Dual,cg1701,,metH,,CGTACTAAGCTGTCTA,Dual,no,predicted,,RegPrecise_Cglutamicum,0.6,MEDIUM,ATCC13032,PREDICTED,RegPrecise_3.2_ATCC13032
cg3253,,McbR,Dual,cg2679,,cg2679,,TAGACTGATCGGTATA,Dual,no,predicted,,RegPrecise_Cglutamicum,0.6,MEDIUM,ATCC13032,PREDICTED,RegPrecise_3.2_ATCC13032
cg3253,,McbR,Dual,cg2678,,cg2678,,TATACCGATCAGTCTA,Dual,no,predicted,,RegPrecise_Cglutamicum,0.6,MEDIUM,ATCC13032,PREDICTED,RegPrecise_3.2_ATCC13032
cg3253,,McbR,Dual,cg2677,,cg2677,,,Dual,no,predicted,,RegPrecise_Cglutamicum,0.6,MEDIUM,ATCC13032,PREDICTED,RegPrecise_3.2_ATCC13032
cg3253,,McbR,Dual,cg2676,,cg2676,,,Dual,no,predicted,,RegPrecise_Cglutamicum,0.6,MEDIUM,ATCC13032,PREDICTED,RegPrecise_3.2_ATCC13032
cg3253,,McbR,Dual,cg2675,,cg2675,,,Dual,no,predicted,,RegPrecise_Cglutamicum,0.6,MEDIUM,ATCC13032,PREDICTED,RegPrecise_3.2_ATCC13032
cg3253,,McbR,Dual,cg2674,,cg2674,,,Dual,no,predicted,,RegPrecise_Cglutamicum,0.6,MEDIUM,ATCC13032,PREDICTED,RegPrecise_3.2_ATCC13032
cg3253,,McbR,Dual,cg1739,,cg1739,,TAGACTAAGCGGTATG,Dual,no,predicted,,RegPrecise_Cglutamicum,0.6,MEDIUM,ATCC13032,PREDICTED,RegPrecise_3.2_ATCC13032
cg3253,,McbR,Dual,cg2810,,gltT,,TAGACAGATCTGTTTA,Dual,no,predicted,,RegPrecise_Cglutamicum,0.6,MEDIUM,ATCC13032,PREDICTED,RegPrecise_3.2_ATCC13032
cg3253,,McbR,Dual,cg0754,,metX,,TAGACAGAGCTGTCCA,Dual,no,predicted,,RegPrecise_Cglutamicum,0.6,MEDIUM,ATCC13032,PREDICTED,RegPrecise_3.2_ATCC13032
cg3253,,McbR,Dual,cg0755,,metY,,TAGACCAAGCTGTTCA,Dual,no,predicted,,RegPrecise_Cglutamicum,0.6,MEDIUM,ATCC13032,PREDICTED,RegPrecise_3.2_ATCC13032
cg3253,,McbR,Dual,cg3118,,cysI,,TAGACAGATCGGTCTA,Dual,no,predicted,,RegPrecise_Cglutamicum,0.6,MEDIUM,ATCC13032,PREDICTED,RegPrecise_3.2_ATCC13032
cg3253,,McbR,Dual,cg3117,,cysX,,,Dual,no,predicted,,RegPrecise_Cglutamicum,0.6,MEDIUM,ATCC13032,PREDICTED,RegPrecise_3.2_ATCC13032
cg3253,,McbR,Dual,cg3116,,cysH,,,Dual,no,predicted,,RegPrecise_Cglutamicum,0.6,MEDIUM,ATCC13032,PREDICTED,RegPrecise_3.2_ATCC13032
cg3253,,McbR,Dual,cg3115,,cysD,,,Dual,no,predicted,,RegPrecise_Cglutamicum,0.6,MEDIUM,ATCC13032,PREDICTED,RegPrecise_3.2_ATCC13032
cg3253,,McbR,Dual,cg3114,,cysN,,,Dual,no,predicted,,RegPrecise_Cglutamicum,0.6,MEDIUM,ATCC13032,PREDICTED,RegPrecise_3.2_ATCC13032
cg3253,,McbR,Dual,cg3113,,cysY,,,Dual,no,predicted,,RegPrecise_Cglutamicum,0.6,MEDIUM,ATCC13032,PREDICTED,RegPrecise_3.2_ATCC13032
cg3253,,McbR,Dual,cg3112,,cysZ,,,Dual,no,predicted,,RegPrecise_Cglutamicum,0.6,MEDIUM,ATCC13032,PREDICTED,RegPrecise_3.2_ATCC13032
cg3253,,McbR,Dual,cg0156,,cysR,,TAGACAGCGTTGTCTA,Dual,no,predicted,,RegPrecise_Cglutamicum,0.6,MEDIUM,ATCC13032,PREDICTED,RegPrecise_3.2_ATCC13032
cg3253,,McbR,Dual,cg0012,,ssuR,,TAGACTGAACGGTCTA,Dual,no,predicted,,RegPrecise_Cglutamicum,0.6,MEDIUM,ATCC13032,PREDICTED,RegPrecise_3.2_ATCC13032
cg3253,,McbR,Dual,cg1147,,ssuI,,TAGACTGAATTGTCTA,Dual,no,predicted,,RegPrecise_Cglutamicum,0.6,MEDIUM,ATCC13032,PREDICTED,RegPrecise_3.2_ATCC13032
cg3253,,McbR,Dual,cg1376,,ssuD1,,TAGACATCTCGGTCTA,Dual,no,predicted,,RegPrecise_Cglutamicum,0.6,MEDIUM,ATCC13032,PREDICTED,RegPrecise_3.2_ATCC13032
cg3253,,McbR,Dual,cg1377,,ssuC,,,Dual,no,predicted,,RegPrecise_Cglutamicum,0.6,MEDIUM,ATCC13032,PREDICTED,RegPrecise_3.2_ATCC13032
cg3253,,McbR,Dual,cg1379,,ssuB,,,Dual,no,predicted,,RegPrecise_Cglutamicum,0.6,MEDIUM,ATCC13032,PREDICTED,RegPrecise_3.2_ATCC13032
cg3253,,McbR,Dual,cg1380,,ssuA,,,Dual,no,predicted,,RegPrecise_Cglutamicum,0.6,MEDIUM,ATCC13032,PREDICTED,RegPrecise_3.2_ATCC13032
cg3253,,McbR,Dual,cg1806,,metK,,TAGACAGCTTGGTCTA,Dual,no,predicted,,RegPrecise_Cglutamicum,0.6,MEDIUM,ATCC13032,PREDICTED,RegPrecise_3.2_ATCC13032
cg3253,,McbR,Dual,cg1805,,priA,,,Dual,no,predicted,,RegPrecise_Cglutamicum,0.6,MEDIUM,ATCC13032,PREDICTED,RegPrecise_3.2_ATCC13032
cg3253,,McbR,Dual,cg1156,,ssuD2,,TAGACCGTGTGGTCTA,Dual,no,predicted,,RegPrecise_Cglutamicum,0.6,MEDIUM,ATCC13032,PREDICTED,RegPrecise_3.2_ATCC13032
cg3253,,McbR,Dual,cg3119,,cysJ,,TAGACCGATCTGTCTA,Dual,no,predicted,,RegPrecise_Cglutamicum,0.6,MEDIUM,ATCC13032,PREDICTED,RegPrecise_3.2_ATCC13032
cg3253,,McbR,Dual,cg3253,,mcbR,,CGAACCGGTTTGTCTA,Dual,no,predicted,,RegPrecise_Cglutamicum,0.6,MEDIUM,ATCC13032,PREDICTED,RegPrecise_3.2_ATCC13032
cg3253,,McbR,Dual,cg1337,,hom,,TGAACAGCTTGGTCTA,Dual,no,predicted,,RegPrecise_Cglutamicum,0.6,MEDIUM,ATCC13032,PREDICTED,RegPrecise_3.2_ATCC13032
cg3253,,McbR,Dual,cg1338,,thrB,,,Dual,no,predicted,,RegPrecise_Cglutamicum,0.6,MEDIUM,ATCC13032,PREDICTED,RegPrecise_3.2_ATCC13032
cg3253,,McbR,Dual,cg0737,,metQ,,TAGACCAAGCTGTACA,Dual,no,predicted,,RegPrecise_Cglutamicum,0.6,MEDIUM,ATCC13032,PREDICTED,RegPrecise_3.2_ATCC13032
cg3253,,McbR,Dual,cg0736,,metN,,,Dual,no,predicted,,RegPrecise_Cglutamicum,0.6,MEDIUM,ATCC13032,PREDICTED,RegPrecise_3.2_ATCC13032
cg3253,,McbR,Dual,cg0735,,metI,,,Dual,no,predicted,,RegPrecise_Cglutamicum,0.6,MEDIUM,ATCC13032,PREDICTED,RegPrecise_3.2_ATCC13032
cg3253,,McbR,Dual,cg2833,,cysK,,TGAACAGAACTGTCTA,Dual,no,predicted,,RegPrecise_Cglutamicum,0.6,MEDIUM,ATCC13032,PREDICTED,RegPrecise_3.2_ATCC13032
cg3253,,McbR,Dual,cg2834,,cysE,,,Dual,no,predicted,,RegPrecise_Cglutamicum,0.6,MEDIUM,ATCC13032,PREDICTED,RegPrecise_3.2_ATCC13032
cg3253,,McbR,Dual,cg1151,,ssiE,,TAGACAAAGATGTCTA,Dual,no,predicted,,RegPrecise_Cglutamicum,0.6,MEDIUM,ATCC13032,PREDICTED,RegPrecise_3.2_ATCC13032
cg3253,,McbR,Dual,cg1152,,ssiF,,,Dual,no,predicted,,RegPrecise_Cglutamicum,0.6,MEDIUM,ATCC13032,PREDICTED,RegPrecise_3.2_ATCC13032
cg3253,,McbR,Dual,cg1153,,ssiG,,,Dual,no,predicted,,RegPrecise_Cglutamicum,0.6,MEDIUM,ATCC13032,PREDICTED,RegPrecise_3.2_ATCC13032
cg3253,,McbR,Dual,cg3132,,cg3132,,TAGACTATGCAGTCTA,Dual,no,predicted,,RegPrecise_Cglutamicum,0.6,MEDIUM,ATCC13032,PREDICTED,RegPrecise_3.2_ATCC13032
cg3253,,McbR,Dual,cg2687,,metB,,TGGACAGCTTGGTCTA,Dual,no,predicted,,RegPrecise_Cglutamicum,0.6,MEDIUM,ATCC13032,PREDICTED,RegPrecise_3.2_ATCC13032
cg3253,,McbR,Dual,cg1386,,fixA,,TAGACTGGTTTGTCTG,Dual,no,predicted,,RegPrecise_Cglutamicum,0.6,MEDIUM,ATCC13032,PREDICTED,RegPrecise_3.2_ATCC13032
cg3253,,McbR,Dual,cg1387,,fixB,,,Dual,no,predicted,,RegPrecise_Cglutamicum,0.6,MEDIUM,ATCC13032,PREDICTED,RegPrecise_3.2_ATCC13032
cg3253,,McbR,Dual,cg1388,,nifS1,,,Dual,no,predicted,,RegPrecise_Cglutamicum,0.6,MEDIUM,ATCC13032,PREDICTED,RegPrecise_3.2_ATCC13032
cg0500,,QsuR,Dual,cg0501,,qsuA,,TTTGTACTATAGATCACA,Dual,no,predicted,,RegPrecise_Cglutamicum,0.6,MEDIUM,ATCC13032,PREDICTED,RegPrecise_3.2_ATCC13032
cg0500,,QsuR,Dual,cg0502,,qsuB,,,Dual,no,predicted,,RegPrecise_Cglutamicum,0.6,MEDIUM,ATCC13032,PREDICTED,RegPrecise_3.2_ATCC13032
cg0500,,QsuR,Dual,cg0503,,aroD,,,Dual,no,predicted,,RegPrecise_Cglutamicum,0.6,MEDIUM,ATCC13032,PREDICTED,RegPrecise_3.2_ATCC13032
cg0500,,QsuR,Dual,cg0504,,aroE,,,Dual,no,predicted,,RegPrecise_Cglutamicum,0.6,MEDIUM,ATCC13032,PREDICTED,RegPrecise_3.2_ATCC13032
cg0500,,QsuR,Dual,cg0500,,qsuR,,TGTGATCTATAGTACAAA,Dual,no,predicted,,RegPrecise_Cglutamicum,0.6,MEDIUM,ATCC13032,PREDICTED,RegPrecise_3.2_ATCC13032
cg2737,,FasR,Dual,cg0957,,fas-IB,,ACATGAGGGTTTAGTCATCT,Dual,no,predicted,,RegPrecise_Cglutamicum,0.6,MEDIUM,ATCC13032,PREDICTED,RegPrecise_3.2_ATCC13032
cg2737,,FasR,Dual,cg0812,,dtsR1,,ACATGACCATTTCCTCACCT,Dual,no,predicted,,RegPrecise_Cglutamicum,0.6,MEDIUM,ATCC13032,PREDICTED,RegPrecise_3.2_ATCC13032
cg2737,,FasR,Dual,cg0802,,accBC,,ATATGAGTAAGTCCTCATAT,Dual,no,predicted,,RegPrecise_Cglutamicum,0.6,MEDIUM,ATCC13032,PREDICTED,RegPrecise_3.2_ATCC13032
cg2737,,FasR,Dual,cg2743,,fas-IA,,AGATGACGTTTTCCTCATGA,Dual,no,predicted,,RegPrecise_Cglutamicum,0.6,MEDIUM,ATCC13032,PREDICTED,RegPrecise_3.2_ATCC13032
cg2615,,VanR,Dual,cg2616,,vanA,,TAAACTAACTAAGAGTTTA,Dual,no,predicted,,RegPrecise_Cglutamicum,0.6,MEDIUM,ATCC13032,PREDICTED,RegPrecise_3.2_ATCC13032
cg2615,,VanR,Dual,cg2617,,vanB,,,Dual,no,predicted,,RegPrecise_Cglutamicum,0.6,MEDIUM,ATCC13032,PREDICTED,RegPrecise_3.2_ATCC13032
cg2615,,VanR,Dual,cg2618,,vanK,,,Dual,no,predicted,,RegPrecise_Cglutamicum,0.6,MEDIUM,ATCC13032,PREDICTED,RegPrecise_3.2_ATCC13032
cg2615,,VanR,Dual,cg2615,,vanR,,TAAACTCTTAGTTAGTTTA,Dual,no,predicted,,RegPrecise_Cglutamicum,0.6,MEDIUM,ATCC13032,PREDICTED,RegPrecise_3.2_ATCC13032
cg3352,,GenR,Dual,cg3352,,genR(nagR),,GATTCCGCTATCTGGAAAG,Dual,no,predicted,,RegPrecise_Cglutamicum,0.6,MEDIUM,ATCC13032,PREDICTED,RegPrecise_3.2_ATCC13032
cg3352,,GenR,Dual,cg3353,,benK2(genK),,CTTTCCAGATAGCGGAATC,Dual,no,predicted,,RegPrecise_Cglutamicum,0.6,MEDIUM,ATCC13032,PREDICTED,RegPrecise_3.2_ATCC13032
cg3352,,GenR,Dual,cg3354,,genH,,,Dual,no,predicted,,RegPrecise_Cglutamicum,0.6,MEDIUM,ATCC13032,PREDICTED,RegPrecise_3.2_ATCC13032
cg3352,,GenR,Dual,cg3351,,nagI,,GATTCCACATAGCGGAATT,Dual,no,predicted,,RegPrecise_Cglutamicum,0.6,MEDIUM,ATCC13032,PREDICTED,RegPrecise_3.2_ATCC13032
cg3352,,GenR,Dual,cg3350,,hpaG,,,Dual,no,predicted,,RegPrecise_Cglutamicum,0.6,MEDIUM,ATCC13032,PREDICTED,RegPrecise_3.2_ATCC13032
cg3352,,GenR,Dual,cg3349,,genM,,,Dual,no,predicted,,RegPrecise_Cglutamicum,0.6,MEDIUM,ATCC13032,PREDICTED,RegPrecise_3.2_ATCC13032
cg2624,,PcaR,Dual,cg2623,,scoA,,GTTCGCATTGCGAAC,Dual,no,predicted,,RegPrecise_Cglutamicum,0.6,MEDIUM,ATCC13032,PREDICTED,RegPrecise_3.2_ATCC13032
cg2624,,PcaR,Dual,cg2622,,scoB,,,Dual,no,predicted,,RegPrecise_Cglutamicum,0.6,MEDIUM,ATCC13032,PREDICTED,RegPrecise_3.2_ATCC13032
cg2624,,PcaR,Dual,cg2631,,pcaH,,GTTCGCCCCGCGAAC,Dual,no,predicted,,RegPrecise_Cglutamicum,0.6,MEDIUM,ATCC13032,PREDICTED,RegPrecise_3.2_ATCC13032
cg2624,,PcaR,Dual,cg2630,,pcaG,,,Dual,no,predicted,,RegPrecise_Cglutamicum,0.6,MEDIUM,ATCC13032,PREDICTED,RegPrecise_3.2_ATCC13032
cg2624,,PcaR,Dual,cg2629,,pcaB1,,,Dual,no,predicted,,RegPrecise_Cglutamicum,0.6,MEDIUM,ATCC13032,PREDICTED,RegPrecise_3.2_ATCC13032
cg2624,,PcaR,Dual,cg2628,,pcaI,,,Dual,no,predicted,,RegPrecise_Cglutamicum,0.6,MEDIUM,ATCC13032,PREDICTED,RegPrecise_3.2_ATCC13032
cg2624,,PcaR,Dual,cg2624,,pcaR,,GTTCGCAATGCGAAC,Dual,no,predicted,,RegPrecise_Cglutamicum,0.6,MEDIUM,ATCC13032,PREDICTED,RegPrecise_3.2_ATCC13032
cg2624,,PcaR,Dual,cg2625,,pcaF,,,Dual,no,predicted,,RegPrecise_Cglutamicum,0.6,MEDIUM,ATCC13032,PREDICTED,RegPrecise_3.2_ATCC13032
cg2624,,PcaR,Dual,cg2626,,pcaL,,,Dual,no,predicted,,RegPrecise_Cglutamicum,0.6,MEDIUM,ATCC13032,PREDICTED,RegPrecise_3.2_ATCC13032
cg2624,,PcaR,Dual,cg2627,,pcaO,,,Dual,no,predicted,,RegPrecise_Cglutamicum,0.6,MEDIUM,ATCC13032,PREDICTED,RegPrecise_3.2_ATCC13032
cg2624,,PcaR,Dual,cg1226,,pobB,,GTTCGCAAGGCGAAC,Dual,no,predicted,,RegPrecise_Cglutamicum,0.6,MEDIUM,ATCC13032,PREDICTED,RegPrecise_3.2_ATCC13032
cg2624,,PcaR,Dual,cg1225,,benK3,,,Dual,no,predicted,,RegPrecise_Cglutamicum,0.6,MEDIUM,ATCC13032,PREDICTED,RegPrecise_3.2_ATCC13032
cg1324,,RosR,Dual,cg3237,,sod,,TCGTTGCAATATCAACAA,Dual,no,predicted,,RegPrecise_Cglutamicum,0.6,MEDIUM,ATCC13032,PREDICTED,RegPrecise_3.2_ATCC13032
cg1324,,RosR,Dual,cg3236,,msrA,,TTGTTGATATTGCAACGA,Dual,no,predicted,,RegPrecise_Cglutamicum,0.6,MEDIUM,ATCC13032,PREDICTED,RegPrecise_3.2_ATCC13032
cg1324,,RosR,Dual,cg1324,,rosR,,TTGATGATGTGTCAACAA,Dual,no,predicted,,RegPrecise_Cglutamicum,0.6,MEDIUM,ATCC13032,PREDICTED,RegPrecise_3.2_ATCC13032
cg1324,,RosR,Dual,cg2329,,cg2329,,TTGTTGATATATCTACAA,Dual,no,predicted,,RegPrecise_Cglutamicum,0.6,MEDIUM,ATCC13032,PREDICTED,RegPrecise_3.2_ATCC13032
cg1324,,RosR,Dual,cg3084,,cg3084,,TTGTTGATATGTCAACAA,Dual,no,predicted,,RegPrecise_Cglutamicum,0.6,MEDIUM,ATCC13032,PREDICTED,RegPrecise_3.2_ATCC13032
cg1324,,RosR,Dual,cg3085,,cg3085,,,Dual,no,predicted,,RegPrecise_Cglutamicum,0.6,MEDIUM,ATCC13032,PREDICTED,RegPrecise_3.2_ATCC13032
cg1324,,RosR,Dual,cg1322,,cg1322,,TTGTTGACACATCATCAA,Dual,no,predicted,,RegPrecise_Cglutamicum,0.6,MEDIUM,ATCC13032,PREDICTED,RegPrecise_3.2_ATCC13032
cg1324,,RosR,Dual,cg1848,,ywcH,,TTGGTGACATATCAACAA,Dual,no,predicted,,RegPrecise_Cglutamicum,0.6,MEDIUM,ATCC13032,PREDICTED,RegPrecise_3.2_ATCC13032
cg1324,,RosR,Dual,cg1849,,cg1849,,,Dual,no,predicted,,RegPrecise_Cglutamicum,0.6,MEDIUM,ATCC13032,PREDICTED,RegPrecise_3.2_ATCC13032
cg1324,,RosR,Dual,cg1850,,msuE,,,Dual,no,predicted,,RegPrecise_Cglutamicum,0.6,MEDIUM,ATCC13032,PREDICTED,RegPrecise_3.2_ATCC13032
cg1324,,RosR,Dual,cg1345,,narK,,ATGTTGATATAAGCACAA,Dual,no,predicted,,RegPrecise_Cglutamicum,0.6,MEDIUM,ATCC13032,PREDICTED,RegPrecise_3.2_ATCC13032
cg1324,,RosR,Dual,cg1344,,narG,,,Dual,no,predicted,,RegPrecise_Cglutamicum,0.6,MEDIUM,ATCC13032,PREDICTED,RegPrecise_3.2_ATCC13032
cg1324,,RosR,Dual,cg1343,,narH,,,Dual,no,predicted,,RegPrecise_Cglutamicum,0.6,MEDIUM,ATCC13032,PREDICTED,RegPrecise_3.2_ATCC13032
cg1324,,RosR,Dual,cg1342,,narJ,,,Dual,no,predicted,,RegPrecise_Cglutamicum,0.6,MEDIUM,ATCC13032,PREDICTED,RegPrecise_3.2_ATCC13032
cg1324,,RosR,Dual,cg1341,,narI,,,Dual,no,predicted,,RegPrecise_Cglutamicum,0.6,MEDIUM,ATCC13032,PREDICTED,RegPrecise_3.2_ATCC13032
cg1324,,RosR,Dual,cg1150,,cg1150,,TTGTTGATACATCAACTT,Dual,no,predicted,,RegPrecise_Cglutamicum,0.6,MEDIUM,ATCC13032,PREDICTED,RegPrecise_3.2_ATCC13032
cg1324,,RosR,Dual,cg1426,,yqjG,,TTGTTGACATATCATCTA,Dual,no,predicted,,RegPrecise_Cglutamicum,0.6,MEDIUM,ATCC13032,PREDICTED,RegPrecise_3.2_ATCC13032
cg2894,,QacR,Dual,cg2893,,qacA,,GTAACTGTACCGACCATTCGTTACAGTTAC,Dual,no,predicted,,RegPrecise_Cglutamicum,0.6,MEDIUM,ATCC13032,PREDICTED,RegPrecise_3.2_ATCC13032
cg2894,,QacR,Dual,cg2894,,qacR,,,Dual,no,predicted,,RegPrecise_Cglutamicum,0.6,MEDIUM,ATCC13032,PREDICTED,RegPrecise_3.2_ATCC13032
cg2894,,QacR,Dual,cg2895,,qacX,,,Dual,no,predicted,,RegPrecise_Cglutamicum,0.6,MEDIUM,ATCC13032,PREDICTED,RegPrecise_3.2_ATCC13032
"cg1935,",,GntR,Dual,cg2783,,gntR,,AATGGTAATCACATT,Dual,no,predicted,,RegPrecise_Cglutamicum,0.6,MEDIUM,ATCC13032,PREDICTED,RegPrecise_3.2_ATCC13032
"cg1935,",,GntR,Dual,cg2925,,ptsS,,AAAGGTGACACTATT,Dual,no,predicted,,RegPrecise_Cglutamicum,0.6,MEDIUM,ATCC13032,PREDICTED,RegPrecise_3.2_ATCC13032
"cg1935,",,GntR,Dual,cg1537,,ptsG,,AAAAGTATTACCTTT,Dual,no,predicted,,RegPrecise_Cglutamicum,0.6,MEDIUM,ATCC13032,PREDICTED,RegPrecise_3.2_ATCC13032
"cg1935,",,GntR,Dual,cg1774,,tkt,,ATTGATCACACCTTT,Dual,no,predicted,,RegPrecise_Cglutamicum,0.6,MEDIUM,ATCC13032,PREDICTED,RegPrecise_3.2_ATCC13032
"cg1935,",,GntR,Dual,cg1776,,tal,,,Dual,no,predicted,,RegPrecise_Cglutamicum,0.6,MEDIUM,ATCC13032,PREDICTED,RegPrecise_3.2_ATCC13032
"cg1935,",,GntR,Dual,cg1778,,zwf,,,Dual,no,predicted,,RegPrecise_Cglutamicum,0.6,MEDIUM,ATCC13032,PREDICTED,RegPrecise_3.2_ATCC13032
"cg1935,",,GntR,Dual,cg1779,,opcA,,,Dual,no,predicted,,RegPrecise_Cglutamicum,0.6,MEDIUM,ATCC13032,PREDICTED,RegPrecise_3.2_ATCC13032
"cg1935,",,GntR,Dual,cg1780,,devB,,,Dual,no,predicted,,RegPrecise_Cglutamicum,0.6,MEDIUM,ATCC13032,PREDICTED,RegPrecise_3.2_ATCC13032
"cg1935,",,GntR,Dual,cg2732,,gntK,,TATGATAGTACCAAT,Dual,no,predicted,,RegPrecise_Cglutamicum,0.6,MEDIUM,ATCC13032,PREDICTED,RegPrecise_3.2_ATCC13032
"cg1935,",,GntR,Dual,cg3216,,gntP,,TTTGATCATACTAAT,Dual,no,predicted,,RegPrecise_Cglutamicum,0.6,MEDIUM,ATCC13032,PREDICTED,RegPrecise_3.2_ATCC13032
"cg1935,",,GntR,Dual,cg1643,,gnd,,AATGGTCACACCTTT,Dual,no,predicted,,RegPrecise_Cglutamicum,0.6,MEDIUM,ATCC13032,PREDICTED,RegPrecise_3.2_ATCC13032
cg1765,,SufR,Dual,cg1765,,sufR,,TTAGGGAACACTTGTGTTGTCTAA,Dual,no,predicted,,RegPrecise_Cglutamicum,0.6,MEDIUM,ATCC13032,PREDICTED,RegPrecise_3.2_ATCC13032
cg1765,,SufR,Dual,cg1764,,sufB,,,Dual,no,predicted,,RegPrecise_Cglutamicum,0.6,MEDIUM,ATCC13032,PREDICTED,RegPrecise_3.2_ATCC13032
cg1765,,SufR,Dual,cg1763,,sufD,,,Dual,no,predicted,,RegPrecise_Cglutamicum,0.6,MEDIUM,ATCC13032,PREDICTED,RegPrecise_3.2_ATCC13032
cg1765,,SufR,Dual,cg1762,,sufC,,,Dual,no,predicted,,RegPrecise_Cglutamicum,0.6,MEDIUM,ATCC13032,PREDICTED,RegPrecise_3.2_ATCC13032
cg1765,,SufR,Dual,cg1761,,nifS2,,,Dual,no,predicted,,RegPrecise_Cglutamicum,0.6,MEDIUM,ATCC13032,PREDICTED,RegPrecise_3.2_ATCC13032
cg1765,,SufR,Dual,cg1760,,sufU,,,Dual,no,predicted,,RegPrecise_Cglutamicum,0.6,MEDIUM,ATCC13032,PREDICTED,RegPrecise_3.2_ATCC13032
cg1765,,SufR,Dual,cg1759,,sufT,,,Dual,no,predicted,,RegPrecise_Cglutamicum,0.6,MEDIUM,ATCC13032,PREDICTED,RegPrecise_3.2_ATCC13032
cg1547,,UriR,Dual,cg1547,,ccpA1(uriR),,ATGTAATCGTTTGCAG,Dual,no,predicted,,RegPrecise_Cglutamicum,0.6,MEDIUM,ATCC13032,PREDICTED,RegPrecise_3.2_ATCC13032
cg1547,,UriR,Dual,cg1546,,rbsK1,,,Dual,no,predicted,,RegPrecise_Cglutamicum,0.6,MEDIUM,ATCC13032,PREDICTED,RegPrecise_3.2_ATCC13032
cg1547,,UriR,Dual,cg1545,,uriT,,,Dual,no,predicted,,RegPrecise_Cglutamicum,0.6,MEDIUM,ATCC13032,PREDICTED,RegPrecise_3.2_ATCC13032
cg1547,,UriR,Dual,cg1543,,iunH3,,,Dual,no,predicted,,RegPrecise_Cglutamicum,0.6,MEDIUM,ATCC13032,PREDICTED,RegPrecise_3.2_ATCC13032
cg1547,,UriR,Dual,cg2554,,rbsK2,,ATGAAAACGTTTGCAT,Dual,no,predicted,,RegPrecise_Cglutamicum,0.6,MEDIUM,ATCC13032,PREDICTED,RegPrecise_3.2_ATCC13032
cg2118,,FruR,Dual,cg2118,,fruR,,TTCCACAATCGGAA,Dual,no,predicted,,RegPrecise_Cglutamicum,0.6,MEDIUM,ATCC13032,PREDICTED,RegPrecise_3.2_ATCC13032
cg2118,,FruR,Dual,cg2119,,pfkB,,,Dual,no,predicted,,RegPrecise_Cglutamicum,0.6,MEDIUM,ATCC13032,PREDICTED,RegPrecise_3.2_ATCC13032
cg2118,,FruR,Dual,cg2120,,ptsF,,,Dual,no,predicted,,RegPrecise_Cglutamicum,0.6,MEDIUM,ATCC13032,PREDICTED,RegPrecise_3.2_ATCC13032
cg2118,,FruR,Dual,cg2121,,ptsH,,,Dual,no,predicted,,RegPrecise_Cglutamicum,0.6,MEDIUM,ATCC13032,PREDICTED,RegPrecise_3.2_ATCC13032
cg2118,,FruR,Dual,cg2117,,ptsI,,TTCCGATTGTGGAA,Dual,no,predicted,,RegPrecise_Cglutamicum,0.6,MEDIUM,ATCC13032,PREDICTED,RegPrecise_3.2_ATCC13032
cg0993,,SutR,Dual,cg0993,,sutR,,ATGATGGATCCGTCAT,Dual,no,predicted,,RegPrecise_Cglutamicum,0.6,MEDIUM,ATCC13032,PREDICTED,RegPrecise_3.2_ATCC13032
cg0993,,SutR,Dual,cg0992,,sufP,,,Dual,no,predicted,,RegPrecise_Cglutamicum,0.6,MEDIUM,ATCC13032,PREDICTED,RegPrecise_3.2_ATCC13032
cg0986,,AmtR,Dual,cg1785,,amt,,TTTATCTATAGCGGAATAGAAAAT,Dual,no,predicted,,RegPrecise_Cglutamicum,0.6,MEDIUM,ATCC13032,EXPERIMENTAL_OTHER_STRAIN,RegPrecise_3.2_ATCC13032
cg0986,,AmtR,Dual,cg1784,,ocd,,,Dual,no,predicted,,RegPrecise_Cglutamicum,0.6,MEDIUM,ATCC13032,PREDICTED,RegPrecise_3.2_ATCC13032
cg0986,,AmtR,Dual,cg1783,,soxA',,,Dual,no,predicted,,RegPrecise_Cglutamicum,0.6,MEDIUM,ATCC13032,PREDICTED,RegPrecise_3.2_ATCC13032
cg0986,,AmtR,Dual,cg0228,,hkm,,ACTTTCGATCAACCTATAGGAAAA,Dual,no,predicted,,RegPrecise_Cglutamicum,0.6,MEDIUM,ATCC13032,PREDICTED,RegPrecise_3.2_ATCC13032
cg0986,,AmtR,Dual,cg2429,,glnA,,AGTTTTGATAGATCGACAGGTAAT,Dual,no,predicted,,RegPrecise_Cglutamicum,0.6,MEDIUM,ATCC13032,EXPERIMENTAL_OTHER_STRAIN,RegPrecise_3.2_ATCC13032
cg0986,,AmtR,Dual,cg0104,,codA,,AATACCTGTCAAGCAATAGAATAG,Dual,no,predicted,,RegPrecise_Cglutamicum,0.6,MEDIUM,ATCC13032,PREDICTED,RegPrecise_3.2_ATCC13032
cg0986,,AmtR,Dual,cg0103,,crnT,,AGTTTCTATAGATTGATAGAAAAG,Dual,no,predicted,,RegPrecise_Cglutamicum,0.6,MEDIUM,ATCC13032,PREDICTED,RegPrecise_3.2_ATCC13032
cg0986,,AmtR,Dual,cg0113,,ureA,,AATTTCTGTTACCTGACAGAAAGG,Dual,no,predicted,,RegPrecise_Cglutamicum,0.6,MEDIUM,ATCC13032,PREDICTED,RegPrecise_3.2_ATCC13032
cg0986,,AmtR,Dual,cg0114,,ureB,,,Dual,no,predicted,,RegPrecise_Cglutamicum,0.6,MEDIUM,ATCC13032,PREDICTED,RegPrecise_3.2_ATCC13032
cg0986,,AmtR,Dual,cg0115,,ureC,,,Dual,no,predicted,,RegPrecise_Cglutamicum,0.6,MEDIUM,ATCC13032,PREDICTED,RegPrecise_3.2_ATCC13032
cg0986,,AmtR,Dual,cg0116,,ureE,,,Dual,no,predicted,,RegPrecise_Cglutamicum,0.6,MEDIUM,ATCC13032,PREDICTED,RegPrecise_3.2_ATCC13032
cg0986,,AmtR,Dual,cg0117,,ureF,,,Dual,no,predicted,,RegPrecise_Cglutamicum,0.6,MEDIUM,ATCC13032,PREDICTED,RegPrecise_3.2_ATCC13032
cg0986,,AmtR,Dual,cg0118,,ureG,,,Dual,no,predicted,,RegPrecise_Cglutamicum,0.6,MEDIUM,ATCC13032,PREDICTED,RegPrecise_3.2_ATCC13032
cg0986,,AmtR,Dual,cg0119,,ureD,,,Dual,no,predicted,,RegPrecise_Cglutamicum,0.6,MEDIUM,ATCC13032,PREDICTED,RegPrecise_3.2_ATCC13032
cg0986,,AmtR,Dual,cg2181,,cg2181,,AATTTCTATCAAACTATAGAAAGA,Dual,no,predicted,,RegPrecise_Cglutamicum,0.6,MEDIUM,ATCC13032,PREDICTED,RegPrecise_3.2_ATCC13032
cg0986,,AmtR,Dual,cg2182,,cg2182,,,Dual,no,predicted,,RegPrecise_Cglutamicum,0.6,MEDIUM,ATCC13032,PREDICTED,RegPrecise_3.2_ATCC13032
cg0986,,AmtR,Dual,cg2183,,cg2183,,,Dual,no,predicted,,RegPrecise_Cglutamicum,0.6,MEDIUM,ATCC13032,PREDICTED,RegPrecise_3.2_ATCC13032
cg0986,,AmtR,Dual,cg2184,,cg2184,,,Dual,no,predicted,,RegPrecise_Cglutamicum,0.6,MEDIUM,ATCC13032,PREDICTED,RegPrecise_3.2_ATCC13032
cg0986,,AmtR,Dual,cg2136,,gluA,,AATATCTATCATGTGATAGGTAAA,Dual,no,predicted,,RegPrecise_Cglutamicum,0.6,MEDIUM,ATCC13032,PREDICTED,RegPrecise_3.2_ATCC13032
cg0986,,AmtR,Dual,cg2137,,gluB,,,Dual,no,predicted,,RegPrecise_Cglutamicum,0.6,MEDIUM,ATCC13032,PREDICTED,RegPrecise_3.2_ATCC13032
cg0986,,AmtR,Dual,cg2138,,gluC,,,Dual,no,predicted,,RegPrecise_Cglutamicum,0.6,MEDIUM,ATCC13032,PREDICTED,RegPrecise_3.2_ATCC13032
cg0986,,AmtR,Dual,cg2139,,gluD,,,Dual,no,predicted,,RegPrecise_Cglutamicum,0.6,MEDIUM,ATCC13032,PREDICTED,RegPrecise_3.2_ATCC13032
cg0986,,AmtR,Dual,cg2261,,amtB,,ATTACCTGTTAAACTATAGAAAAT,Dual,no,predicted,,RegPrecise_Cglutamicum,0.6,MEDIUM,ATCC13032,EXPERIMENTAL_OTHER_STRAIN,RegPrecise_3.2_ATCC13032
cg0986,,AmtR,Dual,cg2260,,glnK,,,Dual,no,predicted,,RegPrecise_Cglutamicum,0.6,MEDIUM,ATCC13032,PREDICTED,RegPrecise_3.2_ATCC13032
cg0986,,AmtR,Dual,cg2258,,glnD,,,Dual,no,predicted,,RegPrecise_Cglutamicum,0.6,MEDIUM,ATCC13032,PREDICTED,RegPrecise_3.2_ATCC13032
cg0986,,AmtR,Dual,cg0229,,gltB,,ATTATCGAACGATTGATAGAAACA,Dual,no,predicted,,RegPrecise_Cglutamicum,0.6,MEDIUM,ATCC13032,EXPERIMENTAL_OTHER_STRAIN,RegPrecise_3.2_ATCC13032
cg0986,,AmtR,Dual,cg0230,,gltD,,,Dual,no,predicted,,RegPrecise_Cglutamicum,0.6,MEDIUM,ATCC13032,PREDICTED,RegPrecise_3.2_ATCC13032
cg0986,,AmtR,Dual,cg2280,,gdh,,AAAATTGATAAACCTAAAGAAATT,Dual,no,predicted,,RegPrecise_Cglutamicum,0.6,MEDIUM,ATCC13032,PREDICTED,RegPrecise_3.2_ATCC13032
cg0986,,AmtR,Dual,cg1296,,cg1296,,ATTTTCTATCAATCTATAGATACT,Dual,no,predicted,,RegPrecise_Cglutamicum,0.6,MEDIUM,ATCC13032,PREDICTED,RegPrecise_3.2_ATCC13032
cg0986,,AmtR,Dual,cg1295,,cg1295,,AGTATCTATAGATTGATAGAAAAT,Dual,no,predicted,,RegPrecise_Cglutamicum,0.6,MEDIUM,ATCC13032,PREDICTED,RegPrecise_3.2_ATCC13032
cg0986,,AmtR,Dual,cg1061,,urtA,,AAAAACTATAGAGCTATAGAAACT,Dual,no,predicted,,RegPrecise_Cglutamicum,0.6,MEDIUM,ATCC13032,PREDICTED,RegPrecise_3.2_ATCC13032
cg0986,,AmtR,Dual,cg1062,,urtB,,,Dual,no,predicted,,RegPrecise_Cglutamicum,0.6,MEDIUM,ATCC13032,PREDICTED,RegPrecise_3.2_ATCC13032
cg0986,,AmtR,Dual,cg1064,,urtC,,,Dual,no,predicted,,RegPrecise_Cglutamicum,0.6,MEDIUM,ATCC13032,PREDICTED,RegPrecise_3.2_ATCC13032
cg0986,,AmtR,Dual,cg1065,,urtD,,,Dual,no,predicted,,RegPrecise_Cglutamicum,0.6,MEDIUM,ATCC13032,PREDICTED,RegPrecise_3.2_ATCC13032
cg0986,,AmtR,Dual,cg1066,,urtE,,,Dual,no,predicted,,RegPrecise_Cglutamicum,0.6,MEDIUM,ATCC13032,PREDICTED,RegPrecise_3.2_ATCC13032
cg1410,,RbsR,Dual,cg2554,,rbsK2,,TATGAAAACGTTTGCATA,Dual,no,predicted,,RegPrecise_Cglutamicum,0.6,MEDIUM,ATCC13032,PREDICTED,RegPrecise_3.2_ATCC13032
cg1410,,RbsR,Dual,cg1410,,rbsR,,AATGCAATCGATTGCATT,Dual,no,predicted,,RegPrecise_Cglutamicum,0.6,MEDIUM,ATCC13032,PREDICTED,RegPrecise_3.2_ATCC13032
cg1410,,RbsR,Dual,cg1411,,rbsA,,,Dual,no,predicted,,RegPrecise_Cglutamicum,0.6,MEDIUM,ATCC13032,PREDICTED,RegPrecise_3.2_ATCC13032
cg1410,,RbsR,Dual,cg1412,,rbsC,,,Dual,no,predicted,,RegPrecise_Cglutamicum,0.6,MEDIUM,ATCC13032,PREDICTED,RegPrecise_3.2_ATCC13032
cg1410,,RbsR,Dual,cg1413,,rbsB,,,Dual,no,predicted,,RegPrecise_Cglutamicum,0.6,MEDIUM,ATCC13032,PREDICTED,RegPrecise_3.2_ATCC13032
cg1410,,RbsR,Dual,cg1414,,rbsD,,,Dual,no,predicted,,RegPrecise_Cglutamicum,0.6,MEDIUM,ATCC13032,PREDICTED,RegPrecise_3.2_ATCC13032
cg1410,,RbsR,Dual,cg1547,,ccpA1(uriR),,AATGTAATCGTTTGCAGC,Dual,no,predicted,,RegPrecise_Cglutamicum,0.6,MEDIUM,ATCC13032,PREDICTED,RegPrecise_3.2_ATCC13032
cg1410,,RbsR,Dual,cg1546,,rbsK1,,,Dual,no,predicted,,RegPrecise_Cglutamicum,0.6,MEDIUM,ATCC13032,PREDICTED,RegPrecise_3.2_ATCC13032
cg1410,,RbsR,Dual,cg1545,,uriT,,,Dual,no,predicted,,RegPrecise_Cglutamicum,0.6,MEDIUM,ATCC13032,PREDICTED,RegPrecise_3.2_ATCC13032
cg1410,,RbsR,Dual,cg1543,,iunH3,,,Dual,no,predicted,,RegPrecise_Cglutamicum,0.6,MEDIUM,ATCC13032,PREDICTED,RegPrecise_3.2_ATCC13032
cg0454,,Cg0454,Dual,cg0454,,cg0454,,TTGCACTGAGTGCAA,Dual,no,predicted,,RegPrecise_Cglutamicum,0.6,MEDIUM,ATCC13032,PREDICTED,RegPrecise_3.2_ATCC13032
cg0454,,Cg0454,Dual,cg0455,,cg0455,,,Dual,no,predicted,,RegPrecise_Cglutamicum,0.6,MEDIUM,ATCC13032,PREDICTED,RegPrecise_3.2_ATCC13032
cg0454,,Cg0454,Dual,cg0456,,cg0455,,,Dual,no,predicted,,RegPrecise_Cglutamicum,0.6,MEDIUM,ATCC13032,PREDICTED,RegPrecise_3.2_ATCC13032
cg3097,,HspR,Dual,cg3100,,dnaK,,TTGAGTCAGGCAGGCTCAA,Dual,no,predicted,,RegPrecise_Cglutamicum,0.6,MEDIUM,ATCC13032,PREDICTED,RegPrecise_3.2_ATCC13032
cg3097,,HspR,Dual,cg3099,,grpE,,,Dual,no,predicted,,RegPrecise_Cglutamicum,0.6,MEDIUM,ATCC13032,PREDICTED,RegPrecise_3.2_ATCC13032
cg3097,,HspR,Dual,cg3098,,dnaJ,,,Dual,no,predicted,,RegPrecise_Cglutamicum,0.6,MEDIUM,ATCC13032,PREDICTED,RegPrecise_3.2_ATCC13032
cg3097,,HspR,Dual,cg3097,,hspR,,,Dual,no,predicted,,RegPrecise_Cglutamicum,0.6,MEDIUM,ATCC13032,PREDICTED,RegPrecise_3.2_ATCC13032
cg3097,,HspR,Dual,cg3079,,clpB,,TTGAGTGGAACATACTCAA,Dual,no,predicted,,RegPrecise_Cglutamicum,0.6,MEDIUM,ATCC13032,PREDICTED,RegPrecise_3.2_ATCC13032
cg1053,,Cg1053,Dual,cg1054,,mmpL2,,TTGCGCTCGTTGTGCAA,Dual,no,predicted,,RegPrecise_Cglutamicum,0.6,MEDIUM,ATCC13032,PREDICTED,RegPrecise_3.2_ATCC13032
cg1053,,Cg1053,Dual,cg1053,,cg1053,,,Dual,no,predicted,,RegPrecise_Cglutamicum,0.6,MEDIUM,ATCC13032,PREDICTED,RegPrecise_3.2_ATCC13032
cg1585,,ArgR,Dual,cg1814,,carA,,TGCATATAATGCA,Dual,no,predicted,,RegPrecise_Cglutamicum,0.6,MEDIUM,ATCC13032,PREDICTED,RegPrecise_3.2_ATCC13032
cg1585,,ArgR,Dual,cg1813,,carB,,,Dual,no,predicted,,RegPrecise_Cglutamicum,0.6,MEDIUM,ATCC13032,PREDICTED,RegPrecise_3.2_ATCC13032
cg1585,,ArgR,Dual,cg1812,,pyrF,,,Dual,no,predicted,,RegPrecise_Cglutamicum,0.6,MEDIUM,ATCC13032,PREDICTED,RegPrecise_3.2_ATCC13032
cg1585,,ArgR,Dual,cg1580,,argC,,TGAATAATTTGCA,Dual,no,predicted,,RegPrecise_Cglutamicum,0.6,MEDIUM,ATCC13032,PREDICTED,RegPrecise_3.2_ATCC13032
cg1585,,ArgR,Dual,cg1581,,argJ,,,Dual,no,predicted,,RegPrecise_Cglutamicum,0.6,MEDIUM,ATCC13032,PREDICTED,RegPrecise_3.2_ATCC13032
cg1585,,ArgR,Dual,cg1582,,argB,,,Dual,no,predicted,,RegPrecise_Cglutamicum,0.6,MEDIUM,ATCC13032,PREDICTED,RegPrecise_3.2_ATCC13032
cg1585,,ArgR,Dual,cg1583,,argD,,,Dual,no,predicted,,RegPrecise_Cglutamicum,0.6,MEDIUM,ATCC13032,PREDICTED,RegPrecise_3.2_ATCC13032
cg1585,,ArgR,Dual,cg1584,,argF,,,Dual,no,predicted,,RegPrecise_Cglutamicum,0.6,MEDIUM,ATCC13032,PREDICTED,RegPrecise_3.2_ATCC13032
cg1585,,ArgR,Dual,cg1585,,argR,,,Dual,no,predicted,,RegPrecise_Cglutamicum,0.6,MEDIUM,ATCC13032,PREDICTED,RegPrecise_3.2_ATCC13032
cg1585,,ArgR,Dual,cg1586,,argG,,,Dual,no,predicted,,RegPrecise_Cglutamicum,0.6,MEDIUM,ATCC13032,PREDICTED,RegPrecise_3.2_ATCC13032
cg1585,,ArgR,Dual,cg1588,,argH,,,Dual,no,predicted,,RegPrecise_Cglutamicum,0.6,MEDIUM,ATCC13032,PREDICTED,RegPrecise_3.2_ATCC13032
cg1211,,Cg1211,Dual,cg1212,,cg1212,,AATTGCATGATGCAATA,Dual,no,predicted,,RegPrecise_Cglutamicum,0.6,MEDIUM,ATCC13032,PREDICTED,RegPrecise_3.2_ATCC13032
cg1211,,Cg1211,Dual,cg1211,,oasR,,TATTGCATCATGCAATT,Dual,no,predicted,,RegPrecise_Cglutamicum,0.6,MEDIUM,ATCC13032,PREDICTED,RegPrecise_3.2_ATCC13032
cg1425,,LysG,Dual,cg1425,,lysG,,TGAACCCCATTCA,Dual,no,predicted,,RegPrecise_Cglutamicum,0.6,MEDIUM,ATCC13032,PREDICTED,RegPrecise_3.2_ATCC13032
cg1425,,LysG,Dual,cg1424,,lysE,,TGAATGGGGTTCA,Dual,no,predicted,,RegPrecise_Cglutamicum,0.6,MEDIUM,ATCC13032,PREDICTED,RegPrecise_3.2_ATCC13032
cg1831,,Cg1831,Dual,cg1832,,cg1832,,AGTCAAATGATCATTTGAGT,Dual,no,predicted,,RegPrecise_Cglutamicum,0.6,MEDIUM,ATCC13032,PREDICTED,RegPrecise_3.2_ATCC13032
cg1831,,Cg1831,Dual,cg1833,,cg1833,,,Dual,no,predicted,,RegPrecise_Cglutamicum,0.6,MEDIUM,ATCC13032,PREDICTED,RegPrecise_3.2_ATCC13032
cg1831,,Cg1831,Dual,cg1834,,cg1834,,,Dual,no,predicted,,RegPrecise_Cglutamicum,0.6,MEDIUM,ATCC13032,PREDICTED,RegPrecise_3.2_ATCC13032
cg1831,,Cg1831,Dual,cg1831,,cg1831,,ACTCAAATGATCATTTGACT,Dual,no,predicted,,RegPrecise_Cglutamicum,0.6,MEDIUM,ATCC13032,PREDICTED,RegPrecise_3.2_ATCC13032
cg0741,,MntR,Dual,cg1623,,mntT,,CTGTTCAATGCGTTGAACAT,Dual,no,predicted,,RegPrecise_Cglutamicum,0.6,MEDIUM,ATCC13032,PREDICTED,RegPrecise_3.2_ATCC13032
cg3239,,Cg3239,Dual,cg3240,,cg3240,,ATGCACAAAGTGAAT,Dual,no,predicted,,RegPrecise_Cglutamicum,0.6,MEDIUM,ATCC13032,PREDICTED,RegPrecise_3.2_ATCC13032
cg3239,,Cg3239,Dual,cg3239,,cg3239,,ATTCACTTTGTGCAT,Dual,no,predicted,,RegPrecise_Cglutamicum,0.6,MEDIUM,ATCC13032,PREDICTED,RegPrecise_3.2_ATCC13032
cg0210,,IolR2,Dual,cg0210,,iolR2,,CAATTGGAGCGCTCCAACAC,Dual,no,predicted,,RegPrecise_Cglutamicum,0.6,MEDIUM,ATCC13032,PREDICTED,RegPrecise_3.2_ATCC13032
cg0210,,IolR2,Dual,cg0211,,iolG2,,GTGTTGGAGCGCTCCAATTG,Dual,no,predicted,,RegPrecise_Cglutamicum,0.6,MEDIUM,ATCC13032,PREDICTED,RegPrecise_3.2_ATCC13032
cg0210,,IolR2,Dual,cg0212,,iolE2,,,Dual,no,predicted,,RegPrecise_Cglutamicum,0.6,MEDIUM,ATCC13032,PREDICTED,RegPrecise_3.2_ATCC13032
cg3261,,Cg3261,Dual,cg3261,,lp_2742,,TAGGGTTAGTTATATGAGTAACCAACCATC,Dual,no,predicted,,RegPrecise_Cglutamicum,0.6,MEDIUM,ATCC13032,PREDICTED,RegPrecise_3.2_ATCC13032
cg0646,,Cg0646,Dual,cg0645,,cytP,,GATTCCACTGAGTGGAATC,Dual,no,predicted,,RegPrecise_Cglutamicum,0.6,MEDIUM,ATCC13032,PREDICTED,RegPrecise_3.2_ATCC13032
cg0646,,Cg0646,Dual,cg0644,,ppsB,,,Dual,no,predicted,,RegPrecise_Cglutamicum,0.6,MEDIUM,ATCC13032,PREDICTED,RegPrecise_3.2_ATCC13032
cg0646,,Cg0646,Dual,cg0642,,ppsA,,,Dual,no,predicted,,RegPrecise_Cglutamicum,0.6,MEDIUM,ATCC13032,PREDICTED,RegPrecise_3.2_ATCC13032
cg0646,,Cg0646,Dual,cg0641,,fabG2,,,Dual,no,predicted,,RegPrecise_Cglutamicum,0.6,MEDIUM,ATCC13032,PREDICTED,RegPrecise_3.2_ATCC13032
cg0646,,Cg0646,Dual,cg0640,,fdxB,,,Dual,no,predicted,,RegPrecise_Cglutamicum,0.6,MEDIUM,ATCC13032,PREDICTED,RegPrecise_3.2_ATCC13032
cg0646,,Cg0646,Dual,cg0639,,thcD,,,Dual,no,predicted,,RegPrecise_Cglutamicum,0.6,MEDIUM,ATCC13032,PREDICTED,RegPrecise_3.2_ATCC13032
cg0646,,Cg0646,Dual,cg0638,,cg0638,,,Dual,no,predicted,,RegPrecise_Cglutamicum,0.6,MEDIUM,ATCC13032,PREDICTED,RegPrecise_3.2_ATCC13032
cg0646,,Cg0646,Dual,cg0637,,betB,,,Dual,no,predicted,,RegPrecise_Cglutamicum,0.6,MEDIUM,ATCC13032,PREDICTED,RegPrecise_3.2_ATCC13032
cg2500,,Znr,Dual,cg2500,,znR,,AATAGCAAGCGTGCTAGA,Dual,no,predicted,,RegPrecise_Cglutamicum,0.6,MEDIUM,ATCC13032,PREDICTED,RegPrecise_3.2_ATCC13032
cg2500,,Znr,Dual,cg2502,,fur,,,Dual,no,predicted,,RegPrecise_Cglutamicum,0.6,MEDIUM,ATCC13032,PREDICTED,RegPrecise_3.2_ATCC13032
cg1648,,PctR,Dual,cg1653,,pgp1,,ATGAACGCATCGTCCAT,Dual,no,predicted,,RegPrecise_Cglutamicum,0.6,MEDIUM,ATCC13032,PREDICTED,RegPrecise_3.2_ATCC13032
cg1648,,PctR,Dual,cg1652,,pctA,,,Dual,no,predicted,,RegPrecise_Cglutamicum,0.6,MEDIUM,ATCC13032,PREDICTED,RegPrecise_3.2_ATCC13032
cg1648,,PctR,Dual,cg1651,,pctB,,,Dual,no,predicted,,RegPrecise_Cglutamicum,0.6,MEDIUM,ATCC13032,PREDICTED,RegPrecise_3.2_ATCC13032
cg1648,,PctR,Dual,cg1650,,pctC,,,Dual,no,predicted,,RegPrecise_Cglutamicum,0.6,MEDIUM,ATCC13032,PREDICTED,RegPrecise_3.2_ATCC13032
cg1648,,PctR,Dual,cg1649,,pctD,,,Dual,no,predicted,,RegPrecise_Cglutamicum,0.6,MEDIUM,ATCC13032,PREDICTED,RegPrecise_3.2_ATCC13032
cg1648,,PctR,Dual,cg1648,,pctR,,,Dual,no,predicted,,RegPrecise_Cglutamicum,0.6,MEDIUM,ATCC13032,PREDICTED,RegPrecise_3.2_ATCC13032
cg2641,,BenR,Dual,cg2637,,benA,,CCTAGGAATTCCCCTAAT,Dual,no,predicted,,RegPrecise_Cglutamicum,0.6,MEDIUM,ATCC13032,PREDICTED,RegPrecise_3.2_ATCC13032
cg2641,,BenR,Dual,cg2638,,benB,,,Dual,no,predicted,,RegPrecise_Cglutamicum,0.6,MEDIUM,ATCC13032,PREDICTED,RegPrecise_3.2_ATCC13032
cg2641,,BenR,Dual,cg2639,,benC,,,Dual,no,predicted,,RegPrecise_Cglutamicum,0.6,MEDIUM,ATCC13032,PREDICTED,RegPrecise_3.2_ATCC13032
cg2641,,BenR,Dual,cg2640,,benD,,,Dual,no,predicted,,RegPrecise_Cglutamicum,0.6,MEDIUM,ATCC13032,PREDICTED,RegPrecise_3.2_ATCC13032
cg2641,,BenR,Dual,cg2642,,benK1,,TTTAGGGCTATCCCTAGT,Dual,no,predicted,,RegPrecise_Cglutamicum,0.6,MEDIUM,ATCC13032,PREDICTED,RegPrecise_3.2_ATCC13032
cg2641,,BenR,Dual,cg2643,,benE,,,Dual,no,predicted,,RegPrecise_Cglutamicum,0.6,MEDIUM,ATCC13032,PREDICTED,RegPrecise_3.2_ATCC13032
cg2641,,BenR,Dual,cg2636,,catA1,,ATTAGGGGAATTCCTAGG,Dual,no,predicted,,RegPrecise_Cglutamicum,0.6,MEDIUM,ATCC13032,PREDICTED,RegPrecise_3.2_ATCC13032
cg2641,,BenR,Dual,cg2635,,catB,,,Dual,no,predicted,,RegPrecise_Cglutamicum,0.6,MEDIUM,ATCC13032,PREDICTED,RegPrecise_3.2_ATCC13032
cg2641,,BenR,Dual,cg2634,,catC,,,Dual,no,predicted,,RegPrecise_Cglutamicum,0.6,MEDIUM,ATCC13032,PREDICTED,RegPrecise_3.2_ATCC13032
cg0012,,SsuR,Dual,cg1376,,ssuD1,,ATATCCAGCCCGAAAAT,Dual,no,predicted,,RegPrecise_Cglutamicum,0.6,MEDIUM,ATCC13032,PREDICTED,RegPrecise_3.2_ATCC13032
cg0012,,SsuR,Dual,cg1377,,ssuC,,,Dual,no,predicted,,RegPrecise_Cglutamicum,0.6,MEDIUM,ATCC13032,PREDICTED,RegPrecise_3.2_ATCC13032
cg0012,,SsuR,Dual,cg1379,,ssuB,,,Dual,no,predicted,,RegPrecise_Cglutamicum,0.6,MEDIUM,ATCC13032,PREDICTED,RegPrecise_3.2_ATCC13032
cg0012,,SsuR,Dual,cg1380,,ssuA,,,Dual,no,predicted,,RegPrecise_Cglutamicum,0.6,MEDIUM,ATCC13032,PREDICTED,RegPrecise_3.2_ATCC13032
cg0012,,SsuR,Dual,cg1147,,ssuI,,ATATCCAATATGGAAGA,Dual,no,predicted,,RegPrecise_Cglutamicum,0.6,MEDIUM,ATCC13032,PREDICTED,RegPrecise_3.2_ATCC13032
cg0012,,SsuR,Dual,cg1151,,ssiE,,TCATTCAGGGTGAATGC,Dual,no,predicted,,RegPrecise_Cglutamicum,0.6,MEDIUM,ATCC13032,PREDICTED,RegPrecise_3.2_ATCC13032
cg0012,,SsuR,Dual,cg1152,,ssiF,,,Dual,no,predicted,,RegPrecise_Cglutamicum,0.6,MEDIUM,ATCC13032,PREDICTED,RegPrecise_3.2_ATCC13032
cg0012,,SsuR,Dual,cg1153,,ssiG,,,Dual,no,predicted,,RegPrecise_Cglutamicum,0.6,MEDIUM,ATCC13032,PREDICTED,RegPrecise_3.2_ATCC13032
cg0012,,SsuR,Dual,cg1156,,ssuD2,,AGTTTCACGCTGGTTGA,Dual,no,predicted,,RegPrecise_Cglutamicum,0.6,MEDIUM,ATCC13032,PREDICTED,RegPrecise_3.2_ATCC13032
cg0196,,IolR,Dual,cg1268,,glgA,,AAATTGTCTAAACATCGT,Dual,no,predicted,,RegPrecise_Cglutamicum,0.6,MEDIUM,ATCC13032,PREDICTED,RegPrecise_3.2_ATCC13032
cg0196,,IolR,Dual,cg0223,,iolT1,,CGATTGACGGGACATATC,Dual,no,predicted,,RegPrecise_Cglutamicum,0.6,MEDIUM,ATCC13032,PREDICTED,RegPrecise_3.2_ATCC13032
cg0196,,IolR,Dual,cg0211,,iolG2,,CTATTGACAGGACATTTA,Dual,no,predicted,,RegPrecise_Cglutamicum,0.6,MEDIUM,ATCC13032,PREDICTED,RegPrecise_3.2_ATCC13032
cg0196,,IolR,Dual,cg0212,,iolE2,,,Dual,no,predicted,,RegPrecise_Cglutamicum,0.6,MEDIUM,ATCC13032,PREDICTED,RegPrecise_3.2_ATCC13032
cg0196,,IolR,Dual,cg0210,,iolR2,,TAAATGTCCTGTCAATAG,Dual,no,predicted,,RegPrecise_Cglutamicum,0.6,MEDIUM,ATCC13032,PREDICTED,RegPrecise_3.2_ATCC13032
cg0196,,IolR,Dual,cg0196,,iolR,,ATAATGTCAGATCAATAA,Dual,no,predicted,,RegPrecise_Cglutamicum,0.6,MEDIUM,ATCC13032,PREDICTED,RegPrecise_3.2_ATCC13032
cg0196,,IolR,Dual,cg0197,,iolC,,GCTTTGTCAGGACAATGT,Dual,no,predicted,,RegPrecise_Cglutamicum,0.6,MEDIUM,ATCC13032,PREDICTED,RegPrecise_3.2_ATCC13032
cg0196,,IolR,Dual,cg0198,,iolJ,,,Dual,no,predicted,,RegPrecise_Cglutamicum,0.6,MEDIUM,ATCC13032,PREDICTED,RegPrecise_3.2_ATCC13032
cg0196,,IolR,Dual,cg0199,,msmA,,,Dual,no,predicted,,RegPrecise_Cglutamicum,0.6,MEDIUM,ATCC13032,PREDICTED,RegPrecise_3.2_ATCC13032
cg0196,,IolR,Dual,cg0201,,iolB,,,Dual,no,predicted,,RegPrecise_Cglutamicum,0.6,MEDIUM,ATCC13032,PREDICTED,RegPrecise_3.2_ATCC13032
cg0196,,IolR,Dual,cg0202,,iolD,,,Dual,no,predicted,,RegPrecise_Cglutamicum,0.6,MEDIUM,ATCC13032,PREDICTED,RegPrecise_3.2_ATCC13032
cg0196,,IolR,Dual,cg0203,,iolE,,,Dual,no,predicted,,RegPrecise_Cglutamicum,0.6,MEDIUM,ATCC13032,PREDICTED,RegPrecise_3.2_ATCC13032
cg0196,,IolR,Dual,cg0204,,iolG,,,Dual,no,predicted,,RegPrecise_Cglutamicum,0.6,MEDIUM,ATCC13032,PREDICTED,RegPrecise_3.2_ATCC13032
cg0196,,IolR,Dual,cg0205,,iolH,,,Dual,no,predicted,,RegPrecise_Cglutamicum,0.6,MEDIUM,ATCC13032,PREDICTED,RegPrecise_3.2_ATCC13032
cg0196,,IolR,Dual,cg0206,,iolP,,,Dual,no,predicted,,RegPrecise_Cglutamicum,0.6,MEDIUM,ATCC13032,PREDICTED,RegPrecise_3.2_ATCC13032
cg0196,,IolR,Dual,cg0207,,oxiA,,,Dual,no,predicted,,RegPrecise_Cglutamicum,0.6,MEDIUM,ATCC13032,PREDICTED,RegPrecise_3.2_ATCC13032
cg1486,,LtbR,Dual,cg3359,,trpE,,AGTCCCATTTTGTGAATAA,Dual,no,predicted,,RegPrecise_Cglutamicum,0.6,MEDIUM,ATCC13032,PREDICTED,RegPrecise_3.2_ATCC13032
cg1486,,LtbR,Dual,cg1453,,leuB,,AATCCCACAACATGAAACT,Dual,no,predicted,,RegPrecise_Cglutamicum,0.6,MEDIUM,ATCC13032,PREDICTED,RegPrecise_3.2_ATCC13032
cg1486,,LtbR,Dual,cg1487,,leuC,,AATCTCATATAGTGAGATT,Dual,no,predicted,,RegPrecise_Cglutamicum,0.6,MEDIUM,ATCC13032,PREDICTED,RegPrecise_3.2_ATCC13032
cg1486,,LtbR,Dual,cg1488,,leuD,,,Dual,no,predicted,,RegPrecise_Cglutamicum,0.6,MEDIUM,ATCC13032,PREDICTED,RegPrecise_3.2_ATCC13032
cg1486,,LtbR,Dual,cg1658,,cg1658,,CATCTCATTGTATGGGATT,Dual,no,predicted,,RegPrecise_Cglutamicum,0.6,MEDIUM,ATCC13032,PREDICTED,RegPrecise_3.2_ATCC13032
cg1486,,LtbR,Dual,cg1486,,ltbR,,AATCTCACTATATGAGATT,Dual,no,predicted,,RegPrecise_Cglutamicum,0.6,MEDIUM,ATCC13032,PREDICTED,RegPrecise_3.2_ATCC13032
cg1143,,Cg1143,Dual,cg1142,,COG1914,,AGATTGTTCAACAATCT,Dual,no,predicted,,RegPrecise_Cglutamicum,0.6,MEDIUM,ATCC13032,PREDICTED,RegPrecise_3.2_ATCC13032
cg1143,,Cg1143,Dual,cg1141,,COG1540,,,Dual,no,predicted,,RegPrecise_Cglutamicum,0.6,MEDIUM,ATCC13032,PREDICTED,RegPrecise_3.2_ATCC13032
cg1143,,Cg1143,Dual,cg1140,,alhA,,,Dual,no,predicted,,RegPrecise_Cglutamicum,0.6,MEDIUM,ATCC13032,PREDICTED,RegPrecise_3.2_ATCC13032
cg1143,,Cg1143,Dual,cg1139,,alhB,,,Dual,no,predicted,,RegPrecise_Cglutamicum,0.6,MEDIUM,ATCC13032,PREDICTED,RegPrecise_3.2_ATCC13032
cg1143,,Cg1143,Dual,cg1143,,Cg1143,,AGATTGTTGAACAATCT,Dual,no,predicted,,RegPrecise_Cglutamicum,0.6,MEDIUM,ATCC13032,PREDICTED,RegPrecise_3.2_ATCC13032
cg1143,,Cg1143,Dual,cg2803,,COG4336,,GAATCGTTCAACAATTT,Dual,no,predicted,,RegPrecise_Cglutamicum,0.6,MEDIUM,ATCC13032,PREDICTED,RegPrecise_3.2_ATCC13032
cg2544,,Cg2544,Dual,cg2544,,gntR3,,GAGTAACATGTTACCG,Dual,no,predicted,,RegPrecise_Cglutamicum,0.6,MEDIUM,ATCC13032,PREDICTED,RegPrecise_3.2_ATCC13032
cg2544,,Cg2544,Dual,cg2543,,glcD,,CGGTAACATGTTACTC,Dual,no,predicted,,RegPrecise_Cglutamicum,0.6,MEDIUM,ATCC13032,PREDICTED,RegPrecise_3.2_ATCC13032
cg2544,,Cg2544,Dual,cg2542,,cg2542,,,Dual,no,predicted,,RegPrecise_Cglutamicum,0.6,MEDIUM,ATCC13032,PREDICTED,RegPrecise_3.2_ATCC13032
cg2544,,Cg2544,Dual,cg2540,,cg2541,,,Dual,no,predicted,,RegPrecise_Cglutamicum,0.6,MEDIUM,ATCC13032,PREDICTED,RegPrecise_3.2_ATCC13032
cg2936,,NanR,Dual,cg2936,,nanR,,ATCAGACATCAGACGTTTAGG,Dual,no,predicted,,RegPrecise_Cglutamicum,0.6,MEDIUM,ATCC13032,PREDICTED,RegPrecise_3.2_ATCC13032
cg2936,,NanR,Dual,cg2935,,nanP,,,Dual,no,predicted,,RegPrecise_Cglutamicum,0.6,MEDIUM,ATCC13032,PREDICTED,RegPrecise_3.2_ATCC13032
cg2936,,NanR,Dual,cg2929,,nagA1,,ATAAGACATCATACGTCCTAT,Dual,no,predicted,,RegPrecise_Cglutamicum,0.6,MEDIUM,ATCC13032,PREDICTED,RegPrecise_3.2_ATCC13032
cg2936,,NanR,Dual,cg2928,,nagB,,,Dual,no,predicted,,RegPrecise_Cglutamicum,0.6,MEDIUM,ATCC13032,PREDICTED,RegPrecise_3.2_ATCC13032
cg2936,,NanR,Dual,cg2927,,scrB,,,Dual,no,predicted,,RegPrecise_Cglutamicum,0.6,MEDIUM,ATCC13032,PREDICTED,RegPrecise_3.2_ATCC13032
cg2936,,NanR,Dual,cg2931,,nanA,,ATAGGACGTATGATGTCTTAT,Dual,no,predicted,,RegPrecise_Cglutamicum,0.6,MEDIUM,ATCC13032,PREDICTED,RegPrecise_3.2_ATCC13032
cg2936,,NanR,Dual,cg2932,,nanK,,,Dual,no,predicted,,RegPrecise_Cglutamicum,0.6,MEDIUM,ATCC13032,PREDICTED,RegPrecise_3.2_ATCC13032
cg2936,,NanR,Dual,cg2933,,nanE,,,Dual,no,predicted,,RegPrecise_Cglutamicum,0.6,MEDIUM,ATCC13032,PREDICTED,RegPrecise_3.2_ATCC13032
cg2314,,Cg2314,Dual,cg2313,,idhA3,,CTACTAGAACGTTATAGTAG,Dual,no,predicted,,RegPrecise_Cglutamicum,0.6,MEDIUM,ATCC13032,PREDICTED,RegPrecise_3.2_ATCC13032
cg2314,,Cg2314,Dual,cg2312,,gip,,,Dual,no,predicted,,RegPrecise_Cglutamicum,0.6,MEDIUM,ATCC13032,PREDICTED,RegPrecise_3.2_ATCC13032
cg2314,,Cg2314,Dual,cg2314,,cg2314,,CTACTATAACGTTCTAGTAG,Dual,no,predicted,,RegPrecise_Cglutamicum,0.6,MEDIUM,ATCC13032,PREDICTED,RegPrecise_3.2_ATCC13032
cg0897,,PdxR,Dual,cg0898,,pdxS,,,Dual,no,predicted,,RegPrecise_Cglutamicum,0.6,MEDIUM,ATCC13032,PREDICTED,RegPrecise_3.2_ATCC13032
cg0897,,PdxR,Dual,cg0899,,pdxT,,,Dual,no,predicted,,RegPrecise_Cglutamicum,0.6,MEDIUM,ATCC13032,PREDICTED,RegPrecise_3.2_ATCC13032
