chip_prefix	input_prefix	chip_R1	chip_R2	input_R1	input_R2
A2a-1-i7	A2a-1-i7-Input	/hpcfs/fhome/xujy/YY_DATA/metadata/cg1_CHIP_seq_data/2025-May/A2a-1-i7_S1_R1_001.fastq.gz	/hpcfs/fhome/xujy/YY_DATA/metadata/cg1_CHIP_seq_data/2025-May/A2a-1-i7_S1_R2_001.fastq.gz	/hpcfs/fhome/xujy/YY_DATA/metadata/cg1_CHIP_seq_data/2025-May/A2a-1-i7-Input_S45_R1_001.fastq.gz	/hpcfs/fhome/xujy/YY_DATA/metadata/cg1_CHIP_seq_data/2025-May/A2a-1-i7-Input_S45_R2_001.fastq.gz
A2a-2-i7	A2a-2-i7-Input	/hpcfs/fhome/xujy/YY_DATA/metadata/cg1_CHIP_seq_data/2025-May/A2a-2-i7_S2_R1_001.fastq.gz	/hpcfs/fhome/xujy/YY_DATA/metadata/cg1_CHIP_seq_data/2025-May/A2a-2-i7_S2_R2_001.fastq.gz	/hpcfs/fhome/xujy/YY_DATA/metadata/cg1_CHIP_seq_data/2025-May/A2a-2-i7-Input_S46_R1_001.fastq.gz	/hpcfs/fhome/xujy/YY_DATA/metadata/cg1_CHIP_seq_data/2025-May/A2a-2-i7-Input_S46_R2_001.fastq.gz
A2b-1-i7	A2b-1-i7-Input	/hpcfs/fhome/xujy/YY_DATA/metadata/cg1_CHIP_seq_data/2025-May/A2b-1-i7_S3_R1_001.fastq.gz	/hpcfs/fhome/xujy/YY_DATA/metadata/cg1_CHIP_seq_data/2025-May/A2b-1-i7_S3_R2_001.fastq.gz	/hpcfs/fhome/xujy/YY_DATA/metadata/cg1_CHIP_seq_data/2025-May/A2b-1-i7-Input_S47_R1_001.fastq.gz	/hpcfs/fhome/xujy/YY_DATA/metadata/cg1_CHIP_seq_data/2025-May/A2b-1-i7-Input_S47_R2_001.fastq.gz
A2b-2-i7	A2b-2-i7-Input	/hpcfs/fhome/xujy/YY_DATA/metadata/cg1_CHIP_seq_data/2025-May/A2b-2-i7_S4_R1_001.fastq.gz	/hpcfs/fhome/xujy/YY_DATA/metadata/cg1_CHIP_seq_data/2025-May/A2b-2-i7_S4_R2_001.fastq.gz	/hpcfs/fhome/xujy/YY_DATA/metadata/cg1_CHIP_seq_data/2025-May/A2b-2-i7-Input_S48_R1_001.fastq.gz	/hpcfs/fhome/xujy/YY_DATA/metadata/cg1_CHIP_seq_data/2025-May/A2b-2-i7-Input_S48_R2_001.fastq.gz
A3a-1-i7	A3a-1-i7-Input	/hpcfs/fhome/xujy/YY_DATA/metadata/cg1_CHIP_seq_data/2025-May/A3a-1-i7_S5_R1_001.fastq.gz	/hpcfs/fhome/xujy/YY_DATA/metadata/cg1_CHIP_seq_data/2025-May/A3a-1-i7_S5_R2_001.fastq.gz	/hpcfs/fhome/xujy/YY_DATA/metadata/cg1_CHIP_seq_data/2025-May/A3a-1-i7-Input_S49_R1_001.fastq.gz	/hpcfs/fhome/xujy/YY_DATA/metadata/cg1_CHIP_seq_data/2025-May/A3a-1-i7-Input_S49_R2_001.fastq.gz
A3a-2-i7	A3a-2-i7-Input	/hpcfs/fhome/xujy/YY_DATA/metadata/cg1_CHIP_seq_data/2025-May/A3a-2-i7_S6_R1_001.fastq.gz	/hpcfs/fhome/xujy/YY_DATA/metadata/cg1_CHIP_seq_data/2025-May/A3a-2-i7_S6_R2_001.fastq.gz	/hpcfs/fhome/xujy/YY_DATA/metadata/cg1_CHIP_seq_data/2025-May/A3a-2-i7-Input_S50_R1_001.fastq.gz	/hpcfs/fhome/xujy/YY_DATA/metadata/cg1_CHIP_seq_data/2025-May/A3a-2-i7-Input_S50_R2_001.fastq.gz
A3b-1-i7	A3b-1-i7-Input	/hpcfs/fhome/xujy/YY_DATA/metadata/cg1_CHIP_seq_data/2025-May/A3b-1-i7_S7_R1_001.fastq.gz	/hpcfs/fhome/xujy/YY_DATA/metadata/cg1_CHIP_seq_data/2025-May/A3b-1-i7_S7_R2_001.fastq.gz	/hpcfs/fhome/xujy/YY_DATA/metadata/cg1_CHIP_seq_data/2025-May/A3b-1-i7-Input_S51_R1_001.fastq.gz	/hpcfs/fhome/xujy/YY_DATA/metadata/cg1_CHIP_seq_data/2025-May/A3b-1-i7-Input_S51_R2_001.fastq.gz
A3b-2-i7	A3b-2-i7-Input	/hpcfs/fhome/xujy/YY_DATA/metadata/cg1_CHIP_seq_data/2025-May/A3b-2-i7_S8_R1_001.fastq.gz	/hpcfs/fhome/xujy/YY_DATA/metadata/cg1_CHIP_seq_data/2025-May/A3b-2-i7_S8_R2_001.fastq.gz	/hpcfs/fhome/xujy/YY_DATA/metadata/cg1_CHIP_seq_data/2025-May/A3b-2-i7-Input_S52_R1_001.fastq.gz	/hpcfs/fhome/xujy/YY_DATA/metadata/cg1_CHIP_seq_data/2025-May/A3b-2-i7-Input_S52_R2_001.fastq.gz
A4a-1-i7	A4a-1-i7-Input	/hpcfs/fhome/xujy/YY_DATA/metadata/cg1_CHIP_seq_data/2025-May/A4a-1-i7_S9_R1_001.fastq.gz	/hpcfs/fhome/xujy/YY_DATA/metadata/cg1_CHIP_seq_data/2025-May/A4a-1-i7_S9_R2_001.fastq.gz	/hpcfs/fhome/xujy/YY_DATA/metadata/cg1_CHIP_seq_data/2025-May/A4a-1-i7-Input_S53_R1_001.fastq.gz	/hpcfs/fhome/xujy/YY_DATA/metadata/cg1_CHIP_seq_data/2025-May/A4a-1-i7-Input_S53_R2_001.fastq.gz
A4a-2-i7	A4a-2-i7-Input	/hpcfs/fhome/xujy/YY_DATA/metadata/cg1_CHIP_seq_data/2025-May/A4a-2-i7_S10_R1_001.fastq.gz	/hpcfs/fhome/xujy/YY_DATA/metadata/cg1_CHIP_seq_data/2025-May/A4a-2-i7_S10_R2_001.fastq.gz	/hpcfs/fhome/xujy/YY_DATA/metadata/cg1_CHIP_seq_data/2025-May/A4a-2-i7-Input_S54_R1_001.fastq.gz	/hpcfs/fhome/xujy/YY_DATA/metadata/cg1_CHIP_seq_data/2025-May/A4a-2-i7-Input_S54_R2_001.fastq.gz
A4b-1-i7	A4b-1-i7-Input	/hpcfs/fhome/xujy/YY_DATA/metadata/cg1_CHIP_seq_data/2025-May/A4b-1-i7_S11_R1_001.fastq.gz	/hpcfs/fhome/xujy/YY_DATA/metadata/cg1_CHIP_seq_data/2025-May/A4b-1-i7_S11_R2_001.fastq.gz	/hpcfs/fhome/xujy/YY_DATA/metadata/cg1_CHIP_seq_data/2025-May/A4b-1-i7-Input_S55_R1_001.fastq.gz	/hpcfs/fhome/xujy/YY_DATA/metadata/cg1_CHIP_seq_data/2025-May/A4b-1-i7-Input_S55_R2_001.fastq.gz
A4b-2-i7	A4b-2-i7-Input	/hpcfs/fhome/xujy/YY_DATA/metadata/cg1_CHIP_seq_data/2025-May/A4b-2-i7_S12_R1_001.fastq.gz	/hpcfs/fhome/xujy/YY_DATA/metadata/cg1_CHIP_seq_data/2025-May/A4b-2-i7_S12_R2_001.fastq.gz	/hpcfs/fhome/xujy/YY_DATA/metadata/cg1_CHIP_seq_data/2025-May/A4b-2-i7-Input_S56_R1_001.fastq.gz	/hpcfs/fhome/xujy/YY_DATA/metadata/cg1_CHIP_seq_data/2025-May/A4b-2-i7-Input_S56_R2_001.fastq.gz
AmTR-1-i7	AmTR-1-i7-Input	/hpcfs/fhome/xujy/YY_DATA/metadata/cg1_CHIP_seq_data/2025-May/AmTR-1-i7_S3_R1_001.fastq.gz	/hpcfs/fhome/xujy/YY_DATA/metadata/cg1_CHIP_seq_data/2025-May/AmTR-1-i7_S47_R2_001.fastq.gz	/hpcfs/fhome/xujy/YY_DATA/metadata/cg1_CHIP_seq_data/2025-May/AmTR-1-i7-Input_S95_R1_001.fastq.gz	/hpcfs/fhome/xujy/YY_DATA/metadata/cg1_CHIP_seq_data/2025-May/AmTR-1-i7-Input_S95_R2_001.fastq.gz
AmTR-1-plate3	AmTR-1-Input-plate3	/hpcfs/fhome/xujy/YY_DATA/metadata/cg1_CHIP_seq_data/2025-Jun/AmTR-1-plate3_S47_R1_001.fastq.gz	/hpcfs/fhome/xujy/YY_DATA/metadata/cg1_CHIP_seq_data/2025-Jun/AmTR-1-plate3_S47_R2_001.fastq.gz	/hpcfs/fhome/xujy/YY_DATA/metadata/cg1_CHIP_seq_data/2025-Jun/AmTR-1-Input-plate3_S95_R1_001.fastq.gz	/hpcfs/fhome/xujy/YY_DATA/metadata/cg1_CHIP_seq_data/2025-Jun/AmTR-1-Input-plate3_S95_R2_001.fastq.gz
AmTR-2-i7	AmTR-2-i7-Input	/hpcfs/fhome/xujy/YY_DATA/metadata/cg1_CHIP_seq_data/2025-May/AmTR-2-i7_S48_R1_001.fastq.gz	/hpcfs/fhome/xujy/YY_DATA/metadata/cg1_CHIP_seq_data/2025-May/AmTR-2-i7_S4_R2_001.fastq.gz	/hpcfs/fhome/xujy/YY_DATA/metadata/cg1_CHIP_seq_data/2025-May/AmTR-2-i7-Input_S8_R1_001.fastq.gz	/hpcfs/fhome/xujy/YY_DATA/metadata/cg1_CHIP_seq_data/2025-May/AmTR-2-i7-Input_S96_R2_001.fastq.gz
AmTR-2-plate3	AmTR-2-Input-plate3	/hpcfs/fhome/xujy/YY_DATA/metadata/cg1_CHIP_seq_data/2025-Jun/AmTR-2-plate3_S48_R1_001.fastq.gz	/hpcfs/fhome/xujy/YY_DATA/metadata/cg1_CHIP_seq_data/2025-Jun/AmTR-2-plate3_S48_R2_001.fastq.gz	/hpcfs/fhome/xujy/YY_DATA/metadata/cg1_CHIP_seq_data/2025-Jun/AmTR-2-Input-plate3_S96_R1_001.fastq.gz	/hpcfs/fhome/xujy/YY_DATA/metadata/cg1_CHIP_seq_data/2025-Jun/AmTR-2-Input-plate3_S96_R2_001.fastq.gz
AmtRH-1-plate4	AmtRH-1-Input-plate4	/hpcfs/fhome/xujy/YY_DATA/metadata/cg1_CHIP_seq_data/2025-Jun/AmtRH-1-plate4_S143_R1_001.fastq.gz	/hpcfs/fhome/xujy/YY_DATA/metadata/cg1_CHIP_seq_data/2025-Jun/AmtRH-1-plate4_S143_R2_001.fastq.gz	/hpcfs/fhome/xujy/YY_DATA/metadata/cg1_CHIP_seq_data/2025-Jun/AmtRH-1-Input-plate4_S191_R1_001.fastq.gz	/hpcfs/fhome/xujy/YY_DATA/metadata/cg1_CHIP_seq_data/2025-Jun/AmtRH-1-Input-plate4_S191_R2_001.fastq.gz
AmtRH-2-plate4	AmtRH-2-Input-plate4	/hpcfs/fhome/xujy/YY_DATA/metadata/cg1_CHIP_seq_data/2025-Jun/AmtRH-2-plate4_S144_R1_001.fastq.gz	/hpcfs/fhome/xujy/YY_DATA/metadata/cg1_CHIP_seq_data/2025-Jun/AmtRH-2-plate4_S144_R2_001.fastq.gz	/hpcfs/fhome/xujy/YY_DATA/metadata/cg1_CHIP_seq_data/2025-Jun/AmtRH-2-Input-plate4_S192_R1_001.fastq.gz	/hpcfs/fhome/xujy/YY_DATA/metadata/cg1_CHIP_seq_data/2025-Jun/AmtRH-2-Input-plate4_S192_R2_001.fastq.gz
AmtRpl5-1	AmtRpl5-1-Input	/hpcfs/fhome/xujy/YY_DATA/metadata/cg1_CHIP_seq_data/2025-Jul/AmtRpl5-1_S47_R1_001.fastq.gz	/hpcfs/fhome/xujy/YY_DATA/metadata/cg1_CHIP_seq_data/2025-Jul/AmtRpl5-1_S47_R2_001.fastq.gz	/hpcfs/fhome/xujy/YY_DATA/metadata/cg1_CHIP_seq_data/2025-Jul/AmtRpl5-1-Input_S95_R1_001.fastq.gz	/hpcfs/fhome/xujy/YY_DATA/metadata/cg1_CHIP_seq_data/2025-Jul/AmtRpl5-1-Input_S95_R2_001.fastq.gz
AmtRpl5-2	AmtRpl5-2-Input	/hpcfs/fhome/xujy/YY_DATA/metadata/cg1_CHIP_seq_data/2025-Jul/AmtRpl5-2_S48_R1_001.fastq.gz	/hpcfs/fhome/xujy/YY_DATA/metadata/cg1_CHIP_seq_data/2025-Jul/AmtRpl5-2_S48_R2_001.fastq.gz	/hpcfs/fhome/xujy/YY_DATA/metadata/cg1_CHIP_seq_data/2025-Jul/AmtRpl5-2-Input_S96_R1_001.fastq.gz	/hpcfs/fhome/xujy/YY_DATA/metadata/cg1_CHIP_seq_data/2025-Jul/AmtRpl5-2-Input_S96_R2_001.fastq.gz
AmtRpl6-1	AmtRpl6-1-Input	/hpcfs/fhome/xujy/YY_DATA/metadata/cg1_CHIP_seq_data/2025-Jul/AmtRpl6-1_S143_R1_001.fastq.gz	/hpcfs/fhome/xujy/YY_DATA/metadata/cg1_CHIP_seq_data/2025-Jul/AmtRpl6-1_S143_R2_001.fastq.gz	/hpcfs/fhome/xujy/YY_DATA/metadata/cg1_CHIP_seq_data/2025-Jul/AmtRpl6-1-Input_S191_R1_001.fastq.gz	/hpcfs/fhome/xujy/YY_DATA/metadata/cg1_CHIP_seq_data/2025-Jul/AmtRpl6-1-Input_S191_R2_001.fastq.gz
AmtRpl6-2	AmtRpl6-2-Input	/hpcfs/fhome/xujy/YY_DATA/metadata/cg1_CHIP_seq_data/2025-Jul/AmtRpl6-2_S144_R1_001.fastq.gz	/hpcfs/fhome/xujy/YY_DATA/metadata/cg1_CHIP_seq_data/2025-Jul/AmtRpl6-2_S144_R2_001.fastq.gz	/hpcfs/fhome/xujy/YY_DATA/metadata/cg1_CHIP_seq_data/2025-Jul/AmtRpl6-2-Input_S192_R1_001.fastq.gz	/hpcfs/fhome/xujy/YY_DATA/metadata/cg1_CHIP_seq_data/2025-Jul/AmtRpl6-2-Input_S192_R2_001.fastq.gz
AmtRpl7-1	AmtRpl7-1-Input	/hpcfs/fhome/xujy/YY_DATA/metadata/cg1_CHIP_seq_data/2025-Jul/AmtRpl7-1_S47_R1_001.fastq.gz	/hpcfs/fhome/xujy/YY_DATA/metadata/cg1_CHIP_seq_data/2025-Jul/AmtRpl7-1_S47_R2_001.fastq.gz	/hpcfs/fhome/xujy/YY_DATA/metadata/cg1_CHIP_seq_data/2025-Jul/AmtRpl7-1-Input_S95_R1_001.fastq.gz	/hpcfs/fhome/xujy/YY_DATA/metadata/cg1_CHIP_seq_data/2025-Jul/AmtRpl7-1-Input_S95_R2_001.fastq.gz
AmtRpl7-2	AmtRpl7-2-Input	/hpcfs/fhome/xujy/YY_DATA/metadata/cg1_CHIP_seq_data/2025-Jul/AmtRpl7-2_S48_R1_001.fastq.gz	/hpcfs/fhome/xujy/YY_DATA/metadata/cg1_CHIP_seq_data/2025-Jul/AmtRpl7-2_S48_R2_001.fastq.gz	/hpcfs/fhome/xujy/YY_DATA/metadata/cg1_CHIP_seq_data/2025-Jul/AmtRpl7-2-Input_S96_R1_001.fastq.gz	/hpcfs/fhome/xujy/YY_DATA/metadata/cg1_CHIP_seq_data/2025-Jul/AmtRpl7-2-Input_S96_R2_001.fastq.gz
AmtRpl8-1	AmtRpl8-1-Input	/hpcfs/fhome/xujy/YY_DATA/metadata/cg1_CHIP_seq_data/2025-Jul/AmtRpl8-1_S143_R1_001.fastq.gz	/hpcfs/fhome/xujy/YY_DATA/metadata/cg1_CHIP_seq_data/2025-Jul/AmtRpl8-1_S143_R2_001.fastq.gz	/hpcfs/fhome/xujy/YY_DATA/metadata/cg1_CHIP_seq_data/2025-Jul/AmtRpl8-1-Input_S191_R1_001.fastq.gz	/hpcfs/fhome/xujy/YY_DATA/metadata/cg1_CHIP_seq_data/2025-Jul/AmtRpl8-1-Input_S191_R2_001.fastq.gz
AmtRpl8-2	AmtRpl8-2-Input	/hpcfs/fhome/xujy/YY_DATA/metadata/cg1_CHIP_seq_data/2025-Jul/AmtRpl8-2_S144_R1_001.fastq.gz	/hpcfs/fhome/xujy/YY_DATA/metadata/cg1_CHIP_seq_data/2025-Jul/AmtRpl8-2_S144_R2_001.fastq.gz	/hpcfs/fhome/xujy/YY_DATA/metadata/cg1_CHIP_seq_data/2025-Jul/AmtRpl8-2-Input_S192_R1_001.fastq.gz	/hpcfs/fhome/xujy/YY_DATA/metadata/cg1_CHIP_seq_data/2025-Jul/AmtRpl8-2-Input_S192_R2_001.fastq.gz
Cg0877-1-i7	Cg0877-1-i7-Input	/hpcfs/fhome/xujy/YY_DATA/metadata/cg1_CHIP_seq_data/2025-May/Cg0877-1-i7_S29_R1_001.fastq.gz	/hpcfs/fhome/xujy/YY_DATA/metadata/cg1_CHIP_seq_data/2025-May/Cg0877-1-i7_S29_R2_001.fastq.gz	/hpcfs/fhome/xujy/YY_DATA/metadata/cg1_CHIP_seq_data/2025-May/Cg0877-1-i7-Input_S77_R1_001.fastq.gz	/hpcfs/fhome/xujy/YY_DATA/metadata/cg1_CHIP_seq_data/2025-May/Cg0877-1-i7-Input_S77_R2_001.fastq.gz
Cg0877-2-i7	Cg0877-2-i7-Input	/hpcfs/fhome/xujy/YY_DATA/metadata/cg1_CHIP_seq_data/2025-May/Cg0877-2-i7_S30_R1_001.fastq.gz	/hpcfs/fhome/xujy/YY_DATA/metadata/cg1_CHIP_seq_data/2025-May/Cg0877-2-i7_S30_R2_001.fastq.gz	/hpcfs/fhome/xujy/YY_DATA/metadata/cg1_CHIP_seq_data/2025-May/Cg0877-2-i7-Input_S78_R1_001.fastq.gz	/hpcfs/fhome/xujy/YY_DATA/metadata/cg1_CHIP_seq_data/2025-May/Cg0877-2-i7-Input_S78_R2_001.fastq.gz
Cgl0001-1	Cgl0001-1-Input	/hpcfs/fhome/xujy/YY_DATA/metadata/cg1_CHIP_seq_data/2025-Jun/Cgl0001-1_S131_R1_001.fastq.gz	/hpcfs/fhome/xujy/YY_DATA/metadata/cg1_CHIP_seq_data/2025-Jun/Cgl0001-1_S131_R2_001.fastq.gz	/hpcfs/fhome/xujy/YY_DATA/metadata/cg1_CHIP_seq_data/2025-Jun/Cgl0001-1-Input_S179_R1_001.fastq.gz	/hpcfs/fhome/xujy/YY_DATA/metadata/cg1_CHIP_seq_data/2025-Jun/Cgl0001-1-Input_S179_R2_001.fastq.gz
Cgl0001-2	Cgl0001-2-Input	/hpcfs/fhome/xujy/YY_DATA/metadata/cg1_CHIP_seq_data/2025-Jun/Cgl0001-2_S132_R1_001.fastq.gz	/hpcfs/fhome/xujy/YY_DATA/metadata/cg1_CHIP_seq_data/2025-Jun/Cgl0001-2_S132_R2_001.fastq.gz	/hpcfs/fhome/xujy/YY_DATA/metadata/cg1_CHIP_seq_data/2025-Jun/Cgl0001-2-Input_S180_R1_001.fastq.gz	/hpcfs/fhome/xujy/YY_DATA/metadata/cg1_CHIP_seq_data/2025-Jun/Cgl0001-2-Input_S180_R2_001.fastq.gz
Cgl0010-1	Cgl0010-1-Input	/hpcfs/fhome/xujy/YY_DATA/metadata/cg1_CHIP_seq_data/2025-Nov/Cgl0010-1_S1_R1_001.fastq.gz	/hpcfs/fhome/xujy/YY_DATA/metadata/cg1_CHIP_seq_data/2025-Nov/Cgl0010-1_S1_R2_001.fastq.gz	/hpcfs/fhome/xujy/YY_DATA/metadata/cg1_CHIP_seq_data/2025-Nov/Cgl0010-1-Input_S49_R1_001.fastq.gz	/hpcfs/fhome/xujy/YY_DATA/metadata/cg1_CHIP_seq_data/2025-Nov/Cgl0010-1-Input_S49_R2_001.fastq.gz
Cgl0010-2	Cgl0010-2-Input	/hpcfs/fhome/xujy/YY_DATA/metadata/cg1_CHIP_seq_data/2025-Nov/Cgl0010-2_S2_R1_001.fastq.gz	/hpcfs/fhome/xujy/YY_DATA/metadata/cg1_CHIP_seq_data/2025-Nov/Cgl0010-2_S2_R2_001.fastq.gz	/hpcfs/fhome/xujy/YY_DATA/metadata/cg1_CHIP_seq_data/2025-Nov/Cgl0010-2-Input_S50_R1_001.fastq.gz	/hpcfs/fhome/xujy/YY_DATA/metadata/cg1_CHIP_seq_data/2025-Nov/Cgl0010-2-Input_S50_R2_001.fastq.gz
Cgl0016	Cgl0016-Input	/hpcfs/fhome/xujy/YY_DATA/metadata/cg1_CHIP_seq_data/2025-Nov/Cgl0016_S14_R1_001.fastq.gz	/hpcfs/fhome/xujy/YY_DATA/metadata/cg1_CHIP_seq_data/2025-Nov/Cgl0016_S14_R2_001.fastq.gz	/hpcfs/fhome/xujy/YY_DATA/metadata/cg1_CHIP_seq_data/2025-Nov/Cgl0016-Input_S16_R1_001.fastq.gz	/hpcfs/fhome/xujy/YY_DATA/metadata/cg1_CHIP_seq_data/2025-Nov/Cgl0016-Input_S16_R2_001.fastq.gz
Cgl0016-1	Cgl0016-1-Input	/hpcfs/fhome/xujy/YY_DATA/metadata/cg1_CHIP_seq_data/2025-Jul/Cgl0016-1_S3_R1_001.fastq.gz	/hpcfs/fhome/xujy/YY_DATA/metadata/cg1_CHIP_seq_data/2025-Jul/Cgl0016-1_S3_R2_001.fastq.gz	/hpcfs/fhome/xujy/YY_DATA/metadata/cg1_CHIP_seq_data/2025-Jul/Cgl0016-1-Input_S51_R1_001.fastq.gz	/hpcfs/fhome/xujy/YY_DATA/metadata/cg1_CHIP_seq_data/2025-Jul/Cgl0016-1-Input_S51_R2_001.fastq.gz
Cgl0016-2	Cgl0016-2-Input	/hpcfs/fhome/xujy/YY_DATA/metadata/cg1_CHIP_seq_data/2025-Jul/Cgl0016-2_S4_R1_001.fastq.gz	/hpcfs/fhome/xujy/YY_DATA/metadata/cg1_CHIP_seq_data/2025-Jul/Cgl0016-2_S4_R2_001.fastq.gz	/hpcfs/fhome/xujy/YY_DATA/metadata/cg1_CHIP_seq_data/2025-Jul/Cgl0016-2-Input_S52_R1_001.fastq.gz	/hpcfs/fhome/xujy/YY_DATA/metadata/cg1_CHIP_seq_data/2025-Jul/Cgl0016-2-Input_S52_R2_001.fastq.gz
Cgl0037-1	Cgl0037-1-Input	/hpcfs/fhome/xujy/YY_DATA/metadata/cg1_CHIP_seq_data/2025-Nov/Cgl0037-1_S3_R1_001.fastq.gz	/hpcfs/fhome/xujy/YY_DATA/metadata/cg1_CHIP_seq_data/2025-Nov/Cgl0037-1_S3_R2_001.fastq.gz	/hpcfs/fhome/xujy/YY_DATA/metadata/cg1_CHIP_seq_data/2025-Nov/Cgl0037-1-Input_S51_R1_001.fastq.gz	/hpcfs/fhome/xujy/YY_DATA/metadata/cg1_CHIP_seq_data/2025-Nov/Cgl0037-1-Input_S51_R2_001.fastq.gz
Cgl0037-2	Cgl0037-2-Input	/hpcfs/fhome/xujy/YY_DATA/metadata/cg1_CHIP_seq_data/2025-Nov/Cgl0037-2_S4_R1_001.fastq.gz	/hpcfs/fhome/xujy/YY_DATA/metadata/cg1_CHIP_seq_data/2025-Nov/Cgl0037-2_S4_R2_001.fastq.gz	/hpcfs/fhome/xujy/YY_DATA/metadata/cg1_CHIP_seq_data/2025-Nov/Cgl0037-2-Input_S52_R1_001.fastq.gz	/hpcfs/fhome/xujy/YY_DATA/metadata/cg1_CHIP_seq_data/2025-Nov/Cgl0037-2-Input_S52_R2_001.fastq.gz
Cgl0069-1	Cgl0069-1-Input	/hpcfs/fhome/xujy/YY_DATA/metadata/cg1_CHIP_seq_data/2025-Jul/Cgl0069-1_S7_R1_001.fastq.gz	/hpcfs/fhome/xujy/YY_DATA/metadata/cg1_CHIP_seq_data/2025-Jul/Cgl0069-1_S7_R2_001.fastq.gz	/hpcfs/fhome/xujy/YY_DATA/metadata/cg1_CHIP_seq_data/2025-Jul/Cgl0069-1-Input_S55_R1_001.fastq.gz	/hpcfs/fhome/xujy/YY_DATA/metadata/cg1_CHIP_seq_data/2025-Jul/Cgl0069-1-Input_S55_R2_001.fastq.gz
Cgl0069-2	Cgl0069-2-Input	/hpcfs/fhome/xujy/YY_DATA/metadata/cg1_CHIP_seq_data/2025-Jul/Cgl0069-2_S8_R1_001.fastq.gz	/hpcfs/fhome/xujy/YY_DATA/metadata/cg1_CHIP_seq_data/2025-Jul/Cgl0069-2_S8_R2_001.fastq.gz	/hpcfs/fhome/xujy/YY_DATA/metadata/cg1_CHIP_seq_data/2025-Jul/Cgl0069-2-Input_S56_R1_001.fastq.gz	/hpcfs/fhome/xujy/YY_DATA/metadata/cg1_CHIP_seq_data/2025-Jul/Cgl0069-2-Input_S56_R2_001.fastq.gz
Cgl0111-1-i7	Cgl0111-1-i7-Input	/hpcfs/fhome/xujy/YY_DATA/metadata/cg1_CHIP_seq_data/2025-May/Cgl0111-1-i7_S13_R1_001.fastq.gz	/hpcfs/fhome/xujy/YY_DATA/metadata/cg1_CHIP_seq_data/2025-May/Cgl0111-1-i7_S13_R2_001.fastq.gz	/hpcfs/fhome/xujy/YY_DATA/metadata/cg1_CHIP_seq_data/2025-May/Cgl0111-1-i7-Input_S57_R1_001.fastq.gz	/hpcfs/fhome/xujy/YY_DATA/metadata/cg1_CHIP_seq_data/2025-May/Cgl0111-1-i7-Input_S57_R2_001.fastq.gz
Cgl0111-2-i7	Cgl0111-2-i7-Input	/hpcfs/fhome/xujy/YY_DATA/metadata/cg1_CHIP_seq_data/2025-May/Cgl0111-2-i7_S14_R1_001.fastq.gz	/hpcfs/fhome/xujy/YY_DATA/metadata/cg1_CHIP_seq_data/2025-May/Cgl0111-2-i7_S14_R2_001.fastq.gz	/hpcfs/fhome/xujy/YY_DATA/metadata/cg1_CHIP_seq_data/2025-May/Cgl0111-2-i7-Input_S58_R1_001.fastq.gz	/hpcfs/fhome/xujy/YY_DATA/metadata/cg1_CHIP_seq_data/2025-May/Cgl0111-2-i7-Input_S58_R2_001.fastq.gz
Cgl0121-1-i7	Cgl0121-1-i7-Input	/hpcfs/fhome/xujy/YY_DATA/metadata/cg1_CHIP_seq_data/2025-May/Cgl0121-1-i7_S15_R1_001.fastq.gz	/hpcfs/fhome/xujy/YY_DATA/metadata/cg1_CHIP_seq_data/2025-May/Cgl0121-1-i7_S15_R2_001.fastq.gz	/hpcfs/fhome/xujy/YY_DATA/metadata/cg1_CHIP_seq_data/2025-May/Cgl0121-1-i7-Input_S59_R1_001.fastq.gz	/hpcfs/fhome/xujy/YY_DATA/metadata/cg1_CHIP_seq_data/2025-May/Cgl0121-1-i7-Input_S59_R2_001.fastq.gz
Cgl0121-2-i7	Cgl0121-2-i7-Input	/hpcfs/fhome/xujy/YY_DATA/metadata/cg1_CHIP_seq_data/2025-May/Cgl0121-2-i7_S16_R1_001.fastq.gz	/hpcfs/fhome/xujy/YY_DATA/metadata/cg1_CHIP_seq_data/2025-May/Cgl0121-2-i7_S16_R2_001.fastq.gz	/hpcfs/fhome/xujy/YY_DATA/metadata/cg1_CHIP_seq_data/2025-May/Cgl0121-2-i7-Input_S60_R1_001.fastq.gz	/hpcfs/fhome/xujy/YY_DATA/metadata/cg1_CHIP_seq_data/2025-May/Cgl0121-2-i7-Input_S60_R2_001.fastq.gz
Cgl0157-1	Cgl0157-1-Input	/hpcfs/fhome/xujy/YY_DATA/metadata/cg1_CHIP_seq_data/2025-Jul/Cgl0157-1_S9_R1_001.fastq.gz	/hpcfs/fhome/xujy/YY_DATA/metadata/cg1_CHIP_seq_data/2025-Jul/Cgl0157-1_S9_R2_001.fastq.gz	/hpcfs/fhome/xujy/YY_DATA/metadata/cg1_CHIP_seq_data/2025-Jul/Cgl0157-1-Input_S57_R1_001.fastq.gz	/hpcfs/fhome/xujy/YY_DATA/metadata/cg1_CHIP_seq_data/2025-Jul/Cgl0157-1-Input_S57_R2_001.fastq.gz
Cgl0157-2	Cgl0157-2-Input	/hpcfs/fhome/xujy/YY_DATA/metadata/cg1_CHIP_seq_data/2025-Jul/Cgl0157-2_S10_R1_001.fastq.gz	/hpcfs/fhome/xujy/YY_DATA/metadata/cg1_CHIP_seq_data/2025-Jul/Cgl0157-2_S10_R2_001.fastq.gz	/hpcfs/fhome/xujy/YY_DATA/metadata/cg1_CHIP_seq_data/2025-Jul/Cgl0157-2-Input_S58_R1_001.fastq.gz	/hpcfs/fhome/xujy/YY_DATA/metadata/cg1_CHIP_seq_data/2025-Jul/Cgl0157-2-Input_S58_R2_001.fastq.gz
Cgl0170-1-i7	Cgl0170-1-i7-Input	/hpcfs/fhome/xujy/YY_DATA/metadata/cg1_CHIP_seq_data/2025-May/Cgl0170-1-i7_S17_R1_001.fastq.gz	/hpcfs/fhome/xujy/YY_DATA/metadata/cg1_CHIP_seq_data/2025-May/Cgl0170-1-i7_S17_R2_001.fastq.gz	/hpcfs/fhome/xujy/YY_DATA/metadata/cg1_CHIP_seq_data/2025-May/Cgl0170-1-i7-Input_S61_R1_001.fastq.gz	/hpcfs/fhome/xujy/YY_DATA/metadata/cg1_CHIP_seq_data/2025-May/Cgl0170-1-i7-Input_S61_R2_001.fastq.gz
Cgl0170-2-i7	Cgl0170-2-i7-Input	/hpcfs/fhome/xujy/YY_DATA/metadata/cg1_CHIP_seq_data/2025-May/Cgl0170-2-i7_S18_R1_001.fastq.gz	/hpcfs/fhome/xujy/YY_DATA/metadata/cg1_CHIP_seq_data/2025-May/Cgl0170-2-i7_S18_R2_001.fastq.gz	/hpcfs/fhome/xujy/YY_DATA/metadata/cg1_CHIP_seq_data/2025-May/Cgl0170-2-i7-Input_S62_R1_001.fastq.gz	/hpcfs/fhome/xujy/YY_DATA/metadata/cg1_CHIP_seq_data/2025-May/Cgl0170-2-i7-Input_S62_R2_001.fastq.gz
Cgl0176	Cgl0176-Input	/hpcfs/fhome/xujy/YY_DATA/metadata/cg1_CHIP_seq_data/2025-Nov/Cgl0176_S33_R1_001.fastq.gz	/hpcfs/fhome/xujy/YY_DATA/metadata/cg1_CHIP_seq_data/2025-Nov/Cgl0176_S33_R2_001.fastq.gz	/hpcfs/fhome/xujy/YY_DATA/metadata/cg1_CHIP_seq_data/2025-Nov/Cgl0176-Input_S81_R1_001.fastq.gz	/hpcfs/fhome/xujy/YY_DATA/metadata/cg1_CHIP_seq_data/2025-Nov/Cgl0176-Input_S81_R2_001.fastq.gz
Cgl0176-1-i7	Cgl0176-1-i7-Input	/hpcfs/fhome/xujy/YY_DATA/metadata/cg1_CHIP_seq_data/2025-May/Cgl0176-1-i7_S19_R1_001.fastq.gz	/hpcfs/fhome/xujy/YY_DATA/metadata/cg1_CHIP_seq_data/2025-May/Cgl0176-1-i7_S19_R2_001.fastq.gz	/hpcfs/fhome/xujy/YY_DATA/metadata/cg1_CHIP_seq_data/2025-May/Cgl0176-1-i7-Input_S63_R1_001.fastq.gz	/hpcfs/fhome/xujy/YY_DATA/metadata/cg1_CHIP_seq_data/2025-May/Cgl0176-1-i7-Input_S63_R2_001.fastq.gz
Cgl0176-2-i7	Cgl0176-2-i7-Input	/hpcfs/fhome/xujy/YY_DATA/metadata/cg1_CHIP_seq_data/2025-May/Cgl0176-2-i7_S20_R1_001.fastq.gz	/hpcfs/fhome/xujy/YY_DATA/metadata/cg1_CHIP_seq_data/2025-May/Cgl0176-2-i7_S20_R2_001.fastq.gz	/hpcfs/fhome/xujy/YY_DATA/metadata/cg1_CHIP_seq_data/2025-May/Cgl0176-2-i7-Input_S64_R1_001.fastq.gz	/hpcfs/fhome/xujy/YY_DATA/metadata/cg1_CHIP_seq_data/2025-May/Cgl0176-2-i7-Input_S64_R2_001.fastq.gz
Cgl0179-1	Cgl0179-1-Input	/hpcfs/fhome/xujy/YY_DATA/metadata/cg1_CHIP_seq_data/2025-Nov/Cgl0179-1_S5_R1_001.fastq.gz	/hpcfs/fhome/xujy/YY_DATA/metadata/cg1_CHIP_seq_data/2025-Nov/Cgl0179-1_S5_R2_001.fastq.gz	/hpcfs/fhome/xujy/YY_DATA/metadata/cg1_CHIP_seq_data/2025-Nov/Cgl0179-1-Input_S53_R1_001.fastq.gz	/hpcfs/fhome/xujy/YY_DATA/metadata/cg1_CHIP_seq_data/2025-Nov/Cgl0179-1-Input_S53_R2_001.fastq.gz
Cgl0179-1-i7	Cgl0179-1-i7-Input	/hpcfs/fhome/xujy/YY_DATA/metadata/cg1_CHIP_seq_data/2025-May/Cgl0179-1-i7_S21_R1_001.fastq.gz	/hpcfs/fhome/xujy/YY_DATA/metadata/cg1_CHIP_seq_data/2025-May/Cgl0179-1-i7_S21_R2_001.fastq.gz	/hpcfs/fhome/xujy/YY_DATA/metadata/cg1_CHIP_seq_data/2025-May/Cgl0179-1-i7-Input_S65_R1_001.fastq.gz	/hpcfs/fhome/xujy/YY_DATA/metadata/cg1_CHIP_seq_data/2025-May/Cgl0179-1-i7-Input_S65_R2_001.fastq.gz
Cgl0179-2	Cgl0179-2-Input	/hpcfs/fhome/xujy/YY_DATA/metadata/cg1_CHIP_seq_data/2025-Nov/Cgl0179-2_S6_R1_001.fastq.gz	/hpcfs/fhome/xujy/YY_DATA/metadata/cg1_CHIP_seq_data/2025-Nov/Cgl0179-2_S6_R2_001.fastq.gz	/hpcfs/fhome/xujy/YY_DATA/metadata/cg1_CHIP_seq_data/2025-Nov/Cgl0179-2-Input_S54_R1_001.fastq.gz	/hpcfs/fhome/xujy/YY_DATA/metadata/cg1_CHIP_seq_data/2025-Nov/Cgl0179-2-Input_S54_R2_001.fastq.gz
Cgl0179-2-i7	Cgl0179-2-i7-Input	/hpcfs/fhome/xujy/YY_DATA/metadata/cg1_CHIP_seq_data/2025-May/Cgl0179-2-i7_S22_R1_001.fastq.gz	/hpcfs/fhome/xujy/YY_DATA/metadata/cg1_CHIP_seq_data/2025-May/Cgl0179-2-i7_S22_R2_001.fastq.gz	/hpcfs/fhome/xujy/YY_DATA/metadata/cg1_CHIP_seq_data/2025-May/Cgl0179-2-i7-Input_S66_R1_001.fastq.gz	/hpcfs/fhome/xujy/YY_DATA/metadata/cg1_CHIP_seq_data/2025-May/Cgl0179-2-i7-Input_S66_R2_001.fastq.gz
Cgl0221-1-i7	Cgl0221-1-i7-Input	/hpcfs/fhome/xujy/YY_DATA/metadata/cg1_CHIP_seq_data/2025-May/Cgl0221-1-i7_S1_R1_001.fastq.gz	/hpcfs/fhome/xujy/YY_DATA/metadata/cg1_CHIP_seq_data/2025-May/Cgl0221-1-i7_S1_R2_001.fastq.gz	/hpcfs/fhome/xujy/YY_DATA/metadata/cg1_CHIP_seq_data/2025-May/Cgl0221-1-i7-Input_S5_R1_001.fastq.gz	/hpcfs/fhome/xujy/YY_DATA/metadata/cg1_CHIP_seq_data/2025-May/Cgl0221-1-i7-Input_S5_R2_001.fastq.gz
Cgl0221-2-i7	Cgl0221-2-i7-Input	/hpcfs/fhome/xujy/YY_DATA/metadata/cg1_CHIP_seq_data/2025-May/Cgl0221-2-i7_S2_R1_001.fastq.gz	/hpcfs/fhome/xujy/YY_DATA/metadata/cg1_CHIP_seq_data/2025-May/Cgl0221-2-i7_S2_R2_001.fastq.gz	/hpcfs/fhome/xujy/YY_DATA/metadata/cg1_CHIP_seq_data/2025-May/Cgl0221-2-i7-Input_S6_R1_001.fastq.gz	/hpcfs/fhome/xujy/YY_DATA/metadata/cg1_CHIP_seq_data/2025-May/Cgl0221-2-i7-Input_S6_R2_001.fastq.gz
Cgl0254-1	Cgl0254-1-Input	/hpcfs/fhome/xujy/YY_DATA/metadata/cg1_CHIP_seq_data/2025-Jul/Cgl0254-1_S11_R1_001.fastq.gz	/hpcfs/fhome/xujy/YY_DATA/metadata/cg1_CHIP_seq_data/2025-Jul/Cgl0254-1_S11_R2_001.fastq.gz	/hpcfs/fhome/xujy/YY_DATA/metadata/cg1_CHIP_seq_data/2025-Jul/Cgl0254-1-Input_S59_R1_001.fastq.gz	/hpcfs/fhome/xujy/YY_DATA/metadata/cg1_CHIP_seq_data/2025-Jul/Cgl0254-1-Input_S59_R2_001.fastq.gz
Cgl0254-2	Cgl0254-2-Input	/hpcfs/fhome/xujy/YY_DATA/metadata/cg1_CHIP_seq_data/2025-Jul/Cgl0254-2_S12_R1_001.fastq.gz	/hpcfs/fhome/xujy/YY_DATA/metadata/cg1_CHIP_seq_data/2025-Jul/Cgl0254-2_S12_R2_001.fastq.gz	/hpcfs/fhome/xujy/YY_DATA/metadata/cg1_CHIP_seq_data/2025-Jul/Cgl0254-2-Input_S60_R1_001.fastq.gz	/hpcfs/fhome/xujy/YY_DATA/metadata/cg1_CHIP_seq_data/2025-Jul/Cgl0254-2-Input_S60_R2_001.fastq.gz
Cgl0257-1	Cgl0257-1-Input	/hpcfs/fhome/xujy/YY_DATA/metadata/cg1_CHIP_seq_data/2025-Nov/Cgl0257-1_S13_R1_001.fastq.gz	/hpcfs/fhome/xujy/YY_DATA/metadata/cg1_CHIP_seq_data/2025-Nov/Cgl0257-1_S13_R2_001.fastq.gz	/hpcfs/fhome/xujy/YY_DATA/metadata/cg1_CHIP_seq_data/2025-Nov/Cgl0257-1-Input_S61_R1_001.fastq.gz	/hpcfs/fhome/xujy/YY_DATA/metadata/cg1_CHIP_seq_data/2025-Nov/Cgl0257-1-Input_S61_R2_001.fastq.gz
Cgl0257-2	Cgl0257-2-Input	/hpcfs/fhome/xujy/YY_DATA/metadata/cg1_CHIP_seq_data/2025-Nov/Cgl0257-2_S14_R1_001.fastq.gz	/hpcfs/fhome/xujy/YY_DATA/metadata/cg1_CHIP_seq_data/2025-Nov/Cgl0257-2_S14_R2_001.fastq.gz	/hpcfs/fhome/xujy/YY_DATA/metadata/cg1_CHIP_seq_data/2025-Nov/Cgl0257-2-Input_S62_R1_001.fastq.gz	/hpcfs/fhome/xujy/YY_DATA/metadata/cg1_CHIP_seq_data/2025-Nov/Cgl0257-2-Input_S62_R2_001.fastq.gz
Cgl0261-1-i7	Cgl0261-1-i7-Input	/hpcfs/fhome/xujy/YY_DATA/metadata/cg1_CHIP_seq_data/2025-May/Cgl0261-1-i7_S23_R1_001.fastq.gz	/hpcfs/fhome/xujy/YY_DATA/metadata/cg1_CHIP_seq_data/2025-May/Cgl0261-1-i7_S23_R2_001.fastq.gz	/hpcfs/fhome/xujy/YY_DATA/metadata/cg1_CHIP_seq_data/2025-May/Cgl0261-1-i7-Input_S67_R1_001.fastq.gz	/hpcfs/fhome/xujy/YY_DATA/metadata/cg1_CHIP_seq_data/2025-May/Cgl0261-1-i7-Input_S67_R2_001.fastq.gz
Cgl0261-2-i7	Cgl0261-2-i7-Input	/hpcfs/fhome/xujy/YY_DATA/metadata/cg1_CHIP_seq_data/2025-May/Cgl0261-2-i7_S24_R1_001.fastq.gz	/hpcfs/fhome/xujy/YY_DATA/metadata/cg1_CHIP_seq_data/2025-May/Cgl0261-2-i7_S24_R2_001.fastq.gz	/hpcfs/fhome/xujy/YY_DATA/metadata/cg1_CHIP_seq_data/2025-May/Cgl0261-2-i7-Input_S68_R1_001.fastq.gz	/hpcfs/fhome/xujy/YY_DATA/metadata/cg1_CHIP_seq_data/2025-May/Cgl0261-2-i7-Input_S68_R2_001.fastq.gz
Cgl0272-1-i7	Cgl0272-1-i7-Input	/hpcfs/fhome/xujy/YY_DATA/metadata/cg1_CHIP_seq_data/2025-May/Cgl0272-1-i7_S25_R1_001.fastq.gz	/hpcfs/fhome/xujy/YY_DATA/metadata/cg1_CHIP_seq_data/2025-May/Cgl0272-1-i7_S25_R2_001.fastq.gz	/hpcfs/fhome/xujy/YY_DATA/metadata/cg1_CHIP_seq_data/2025-May/Cgl0272-1-i7-Input_S69_R1_001.fastq.gz	/hpcfs/fhome/xujy/YY_DATA/metadata/cg1_CHIP_seq_data/2025-May/Cgl0272-1-i7-Input_S69_R2_001.fastq.gz
Cgl0272-2-i7	Cgl0272-2-i7-Input	/hpcfs/fhome/xujy/YY_DATA/metadata/cg1_CHIP_seq_data/2025-May/Cgl0272-2-i7_S26_R1_001.fastq.gz	/hpcfs/fhome/xujy/YY_DATA/metadata/cg1_CHIP_seq_data/2025-May/Cgl0272-2-i7_S26_R2_001.fastq.gz	/hpcfs/fhome/xujy/YY_DATA/metadata/cg1_CHIP_seq_data/2025-May/Cgl0272-2-i7-Input_S70_R1_001.fastq.gz	/hpcfs/fhome/xujy/YY_DATA/metadata/cg1_CHIP_seq_data/2025-May/Cgl0272-2-i7-Input_S70_R2_001.fastq.gz
Cgl0279-1-i7	Cgl0279-1-i7-Input	/hpcfs/fhome/xujy/YY_DATA/metadata/cg1_CHIP_seq_data/2025-May/Cgl0279-1-i7_S27_R1_001.fastq.gz	/hpcfs/fhome/xujy/YY_DATA/metadata/cg1_CHIP_seq_data/2025-May/Cgl0279-1-i7_S27_R2_001.fastq.gz	/hpcfs/fhome/xujy/YY_DATA/metadata/cg1_CHIP_seq_data/2025-May/Cgl0279-1-i7-Input_S71_R1_001.fastq.gz	/hpcfs/fhome/xujy/YY_DATA/metadata/cg1_CHIP_seq_data/2025-May/Cgl0279-1-i7-Input_S71_R2_001.fastq.gz
Cgl0279-2-i7	Cgl0279-2-i7-Input	/hpcfs/fhome/xujy/YY_DATA/metadata/cg1_CHIP_seq_data/2025-May/Cgl0279-2-i7_S28_R1_001.fastq.gz	/hpcfs/fhome/xujy/YY_DATA/metadata/cg1_CHIP_seq_data/2025-May/Cgl0279-2-i7_S28_R2_001.fastq.gz	/hpcfs/fhome/xujy/YY_DATA/metadata/cg1_CHIP_seq_data/2025-May/Cgl0279-2-i7-Input_S72_R1_001.fastq.gz	/hpcfs/fhome/xujy/YY_DATA/metadata/cg1_CHIP_seq_data/2025-May/Cgl0279-2-i7-Input_S72_R2_001.fastq.gz
Cgl0291	Cgl0291-Input	/hpcfs/fhome/xujy/YY_DATA/metadata/cg1_CHIP_seq_data/2025-Nov/Cgl0291_S34_R1_001.fastq.gz	/hpcfs/fhome/xujy/YY_DATA/metadata/cg1_CHIP_seq_data/2025-Nov/Cgl0291_S34_R2_001.fastq.gz	/hpcfs/fhome/xujy/YY_DATA/metadata/cg1_CHIP_seq_data/2025-Nov/Cgl0291-Input_S82_R1_001.fastq.gz	/hpcfs/fhome/xujy/YY_DATA/metadata/cg1_CHIP_seq_data/2025-Nov/Cgl0291-Input_S82_R2_001.fastq.gz
Cgl0291-1-i7	Cgl0291-1-i7-Input	/hpcfs/fhome/xujy/YY_DATA/metadata/cg1_CHIP_seq_data/2025-May/Cgl0291-1-i7_S29_R1_001.fastq.gz	/hpcfs/fhome/xujy/YY_DATA/metadata/cg1_CHIP_seq_data/2025-May/Cgl0291-1-i7_S29_R2_001.fastq.gz	/hpcfs/fhome/xujy/YY_DATA/metadata/cg1_CHIP_seq_data/2025-May/Cgl0291-1-i7-Input_S73_R1_001.fastq.gz	/hpcfs/fhome/xujy/YY_DATA/metadata/cg1_CHIP_seq_data/2025-May/Cgl0291-1-i7-Input_S73_R2_001.fastq.gz
Cgl0291-2-i7	Cgl0291-2-i7-Input	/hpcfs/fhome/xujy/YY_DATA/metadata/cg1_CHIP_seq_data/2025-May/Cgl0291-2-i7_S30_R1_001.fastq.gz	/hpcfs/fhome/xujy/YY_DATA/metadata/cg1_CHIP_seq_data/2025-May/Cgl0291-2-i7_S30_R2_001.fastq.gz	/hpcfs/fhome/xujy/YY_DATA/metadata/cg1_CHIP_seq_data/2025-May/Cgl0291-2-i7-Input_S74_R1_001.fastq.gz	/hpcfs/fhome/xujy/YY_DATA/metadata/cg1_CHIP_seq_data/2025-May/Cgl0291-2-i7-Input_S74_R2_001.fastq.gz
Cgl0308-1-i7	Cgl0308-1-i7-Input	/hpcfs/fhome/xujy/YY_DATA/metadata/cg1_CHIP_seq_data/2025-May/Cgl0308-1-i7_S31_R1_001.fastq.gz	/hpcfs/fhome/xujy/YY_DATA/metadata/cg1_CHIP_seq_data/2025-May/Cgl0308-1-i7_S31_R2_001.fastq.gz	/hpcfs/fhome/xujy/YY_DATA/metadata/cg1_CHIP_seq_data/2025-May/Cgl0308-1-i7-Input_S75_R1_001.fastq.gz	/hpcfs/fhome/xujy/YY_DATA/metadata/cg1_CHIP_seq_data/2025-May/Cgl0308-1-i7-Input_S75_R2_001.fastq.gz
Cgl0308-2-i7	Cgl0308-2-i7-Input	/hpcfs/fhome/xujy/YY_DATA/metadata/cg1_CHIP_seq_data/2025-May/Cgl0308-2-i7_S32_R1_001.fastq.gz	/hpcfs/fhome/xujy/YY_DATA/metadata/cg1_CHIP_seq_data/2025-May/Cgl0308-2-i7_S32_R2_001.fastq.gz	/hpcfs/fhome/xujy/YY_DATA/metadata/cg1_CHIP_seq_data/2025-May/Cgl0308-2-i7-Input_S76_R1_001.fastq.gz	/hpcfs/fhome/xujy/YY_DATA/metadata/cg1_CHIP_seq_data/2025-May/Cgl0308-2-i7-Input_S76_R2_001.fastq.gz
Cgl0348-1-i7	Cgl0348-1-i7-Input	/hpcfs/fhome/xujy/YY_DATA/metadata/cg1_CHIP_seq_data/2025-May/Cgl0348-1-i7_S33_R1_001.fastq.gz	/hpcfs/fhome/xujy/YY_DATA/metadata/cg1_CHIP_seq_data/2025-May/Cgl0348-1-i7_S33_R2_001.fastq.gz	/hpcfs/fhome/xujy/YY_DATA/metadata/cg1_CHIP_seq_data/2025-May/Cgl0348-1-i7-Input_S77_R1_001.fastq.gz	/hpcfs/fhome/xujy/YY_DATA/metadata/cg1_CHIP_seq_data/2025-May/Cgl0348-1-i7-Input_S77_R2_001.fastq.gz
Cgl0348-2-i7	Cgl0348-2-i7-Input	/hpcfs/fhome/xujy/YY_DATA/metadata/cg1_CHIP_seq_data/2025-May/Cgl0348-2-i7_S34_R1_001.fastq.gz	/hpcfs/fhome/xujy/YY_DATA/metadata/cg1_CHIP_seq_data/2025-May/Cgl0348-2-i7_S34_R2_001.fastq.gz	/hpcfs/fhome/xujy/YY_DATA/metadata/cg1_CHIP_seq_data/2025-May/Cgl0348-2-i7-Input_S78_R1_001.fastq.gz	/hpcfs/fhome/xujy/YY_DATA/metadata/cg1_CHIP_seq_data/2025-May/Cgl0348-2-i7-Input_S78_R2_001.fastq.gz
Cgl0369-1-i7	Cgl0369-1-i7-Input	/hpcfs/fhome/xujy/YY_DATA/metadata/cg1_CHIP_seq_data/2025-May/Cgl0369-1-i7_S35_R1_001.fastq.gz	/hpcfs/fhome/xujy/YY_DATA/metadata/cg1_CHIP_seq_data/2025-May/Cgl0369-1-i7_S35_R2_001.fastq.gz	/hpcfs/fhome/xujy/YY_DATA/metadata/cg1_CHIP_seq_data/2025-May/Cgl0369-1-i7-Input_S79_R1_001.fastq.gz	/hpcfs/fhome/xujy/YY_DATA/metadata/cg1_CHIP_seq_data/2025-May/Cgl0369-1-i7-Input_S79_R2_001.fastq.gz
Cgl0369-2-i7	Cgl0369-2-i7-Input	/hpcfs/fhome/xujy/YY_DATA/metadata/cg1_CHIP_seq_data/2025-May/Cgl0369-2-i7_S36_R1_001.fastq.gz	/hpcfs/fhome/xujy/YY_DATA/metadata/cg1_CHIP_seq_data/2025-May/Cgl0369-2-i7_S36_R2_001.fastq.gz	/hpcfs/fhome/xujy/YY_DATA/metadata/cg1_CHIP_seq_data/2025-May/Cgl0369-2-i7-Input_S80_R1_001.fastq.gz	/hpcfs/fhome/xujy/YY_DATA/metadata/cg1_CHIP_seq_data/2025-May/Cgl0369-2-i7-Input_S80_R2_001.fastq.gz
Cgl0379	Cgl0379-Input	/hpcfs/fhome/xujy/YY_DATA/metadata/cg1_CHIP_seq_data/2025-Nov/Cgl0379_S35_R1_001.fastq.gz	/hpcfs/fhome/xujy/YY_DATA/metadata/cg1_CHIP_seq_data/2025-Nov/Cgl0379_S35_R2_001.fastq.gz	/hpcfs/fhome/xujy/YY_DATA/metadata/cg1_CHIP_seq_data/2025-Nov/Cgl0379-Input_S83_R1_001.fastq.gz	/hpcfs/fhome/xujy/YY_DATA/metadata/cg1_CHIP_seq_data/2025-Nov/Cgl0379-Input_S83_R2_001.fastq.gz
Cgl0379-1-i7	Cgl0379-1-i7-Input	/hpcfs/fhome/xujy/YY_DATA/metadata/cg1_CHIP_seq_data/2025-May/Cgl0379-1-i7_S37_R1_001.fastq.gz	/hpcfs/fhome/xujy/YY_DATA/metadata/cg1_CHIP_seq_data/2025-May/Cgl0379-1-i7_S37_R2_001.fastq.gz	/hpcfs/fhome/xujy/YY_DATA/metadata/cg1_CHIP_seq_data/2025-May/Cgl0379-1-i7-Input_S81_R1_001.fastq.gz	/hpcfs/fhome/xujy/YY_DATA/metadata/cg1_CHIP_seq_data/2025-May/Cgl0379-1-i7-Input_S81_R2_001.fastq.gz
Cgl0379-2-i7	Cgl0379-2-i7-Input	/hpcfs/fhome/xujy/YY_DATA/metadata/cg1_CHIP_seq_data/2025-May/Cgl0379-2-i7_S38_R1_001.fastq.gz	/hpcfs/fhome/xujy/YY_DATA/metadata/cg1_CHIP_seq_data/2025-May/Cgl0379-2-i7_S38_R2_001.fastq.gz	/hpcfs/fhome/xujy/YY_DATA/metadata/cg1_CHIP_seq_data/2025-May/Cgl0379-2-i7-Input_S82_R1_001.fastq.gz	/hpcfs/fhome/xujy/YY_DATA/metadata/cg1_CHIP_seq_data/2025-May/Cgl0379-2-i7-Input_S82_R2_001.fastq.gz
Cgl0385-1-i7	Cgl0385-1-i7-Input	/hpcfs/fhome/xujy/YY_DATA/metadata/cg1_CHIP_seq_data/2025-May/Cgl0385-1-i7_S39_R1_001.fastq.gz	/hpcfs/fhome/xujy/YY_DATA/metadata/cg1_CHIP_seq_data/2025-May/Cgl0385-1-i7_S39_R2_001.fastq.gz	/hpcfs/fhome/xujy/YY_DATA/metadata/cg1_CHIP_seq_data/2025-May/Cgl0385-1-i7-Input_S83_R1_001.fastq.gz	/hpcfs/fhome/xujy/YY_DATA/metadata/cg1_CHIP_seq_data/2025-May/Cgl0385-1-i7-Input_S83_R2_001.fastq.gz
Cgl0385-2-i7	Cgl0385-2-i7-Input	/hpcfs/fhome/xujy/YY_DATA/metadata/cg1_CHIP_seq_data/2025-May/Cgl0385-2-i7_S40_R1_001.fastq.gz	/hpcfs/fhome/xujy/YY_DATA/metadata/cg1_CHIP_seq_data/2025-May/Cgl0385-2-i7_S40_R2_001.fastq.gz	/hpcfs/fhome/xujy/YY_DATA/metadata/cg1_CHIP_seq_data/2025-May/Cgl0385-2-i7-Input_S84_R1_001.fastq.gz	/hpcfs/fhome/xujy/YY_DATA/metadata/cg1_CHIP_seq_data/2025-May/Cgl0385-2-i7-Input_S84_R2_001.fastq.gz
Cgl0404-1	Cgl0404-1-Input	/hpcfs/fhome/xujy/YY_DATA/metadata/cg1_CHIP_seq_data/2025-Jul/Cgl0404-1_S13_R1_001.fastq.gz	/hpcfs/fhome/xujy/YY_DATA/metadata/cg1_CHIP_seq_data/2025-Jul/Cgl0404-1_S13_R2_001.fastq.gz	/hpcfs/fhome/xujy/YY_DATA/metadata/cg1_CHIP_seq_data/2025-Jul/Cgl0404-1-Input_S61_R1_001.fastq.gz	/hpcfs/fhome/xujy/YY_DATA/metadata/cg1_CHIP_seq_data/2025-Jul/Cgl0404-1-Input_S61_R2_001.fastq.gz
Cgl0404-2	Cgl0404-2-Input	/hpcfs/fhome/xujy/YY_DATA/metadata/cg1_CHIP_seq_data/2025-Jul/Cgl0404-2_S14_R1_001.fastq.gz	/hpcfs/fhome/xujy/YY_DATA/metadata/cg1_CHIP_seq_data/2025-Jul/Cgl0404-2_S14_R2_001.fastq.gz	/hpcfs/fhome/xujy/YY_DATA/metadata/cg1_CHIP_seq_data/2025-Jul/Cgl0404-2-Input_S62_R1_001.fastq.gz	/hpcfs/fhome/xujy/YY_DATA/metadata/cg1_CHIP_seq_data/2025-Jul/Cgl0404-2-Input_S62_R2_001.fastq.gz
Cgl0411-1	Cgl0411-1-Input	/hpcfs/fhome/xujy/YY_DATA/metadata/cg1_CHIP_seq_data/2025-Nov/Cgl0411-1_S39_R1_001.fastq.gz	/hpcfs/fhome/xujy/YY_DATA/metadata/cg1_CHIP_seq_data/2025-Nov/Cgl0411-1_S39_R2_001.fastq.gz	/hpcfs/fhome/xujy/YY_DATA/metadata/cg1_CHIP_seq_data/2025-Nov/Cgl0411-1-Input_S87_R1_001.fastq.gz	/hpcfs/fhome/xujy/YY_DATA/metadata/cg1_CHIP_seq_data/2025-Nov/Cgl0411-1-Input_S87_R2_001.fastq.gz
Cgl0411-2	Cgl0411-2-Input	/hpcfs/fhome/xujy/YY_DATA/metadata/cg1_CHIP_seq_data/2025-Nov/Cgl0411-2_S40_R1_001.fastq.gz	/hpcfs/fhome/xujy/YY_DATA/metadata/cg1_CHIP_seq_data/2025-Nov/Cgl0411-2_S40_R2_001.fastq.gz	/hpcfs/fhome/xujy/YY_DATA/metadata/cg1_CHIP_seq_data/2025-Nov/Cgl0411-2-Input_S88_R1_001.fastq.gz	/hpcfs/fhome/xujy/YY_DATA/metadata/cg1_CHIP_seq_data/2025-Nov/Cgl0411-2-Input_S88_R2_001.fastq.gz
Cgl0420	Cgl0420-Input	/hpcfs/fhome/xujy/YY_DATA/metadata/cg1_CHIP_seq_data/2025-Nov/Cgl0420_S36_R1_001.fastq.gz	/hpcfs/fhome/xujy/YY_DATA/metadata/cg1_CHIP_seq_data/2025-Nov/Cgl0420_S36_R2_001.fastq.gz	/hpcfs/fhome/xujy/YY_DATA/metadata/cg1_CHIP_seq_data/2025-Nov/Cgl0420-Input_S84_R1_001.fastq.gz	/hpcfs/fhome/xujy/YY_DATA/metadata/cg1_CHIP_seq_data/2025-Nov/Cgl0420-Input_S84_R2_001.fastq.gz
Cgl0445-1	Cgl0445-1-Input	/hpcfs/fhome/xujy/YY_DATA/metadata/cg1_CHIP_seq_data/2025-Jul/Cgl0445-1_S15_R1_001.fastq.gz	/hpcfs/fhome/xujy/YY_DATA/metadata/cg1_CHIP_seq_data/2025-Jul/Cgl0445-1_S15_R2_001.fastq.gz	/hpcfs/fhome/xujy/YY_DATA/metadata/cg1_CHIP_seq_data/2025-Jul/Cgl0445-1-Input_S63_R1_001.fastq.gz	/hpcfs/fhome/xujy/YY_DATA/metadata/cg1_CHIP_seq_data/2025-Jul/Cgl0445-1-Input_S63_R2_001.fastq.gz
Cgl0445-2	Cgl0445-2-Input	/hpcfs/fhome/xujy/YY_DATA/metadata/cg1_CHIP_seq_data/2025-Jul/Cgl0445-2_S16_R1_001.fastq.gz	/hpcfs/fhome/xujy/YY_DATA/metadata/cg1_CHIP_seq_data/2025-Jul/Cgl0445-2_S16_R2_001.fastq.gz	/hpcfs/fhome/xujy/YY_DATA/metadata/cg1_CHIP_seq_data/2025-Jul/Cgl0445-2-Input_S64_R1_001.fastq.gz	/hpcfs/fhome/xujy/YY_DATA/metadata/cg1_CHIP_seq_data/2025-Jul/Cgl0445-2-Input_S64_R2_001.fastq.gz
Cgl0454-1	Cgl0454-1-Input	/hpcfs/fhome/xujy/YY_DATA/metadata/cg1_CHIP_seq_data/2025-Jun/Cgl0454-1_S133_R1_001.fastq.gz	/hpcfs/fhome/xujy/YY_DATA/metadata/cg1_CHIP_seq_data/2025-Jun/Cgl0454-1_S133_R2_001.fastq.gz	/hpcfs/fhome/xujy/YY_DATA/metadata/cg1_CHIP_seq_data/2025-Jun/Cgl0454-1-Input_S181_R1_001.fastq.gz	/hpcfs/fhome/xujy/YY_DATA/metadata/cg1_CHIP_seq_data/2025-Jun/Cgl0454-1-Input_S181_R2_001.fastq.gz
Cgl0454-1-i7	Cgl0454-1-i7-Input	/hpcfs/fhome/xujy/YY_DATA/metadata/cg1_CHIP_seq_data/2025-May/Cgl0454-1-i7_S1_R1_001.fastq.gz	/hpcfs/fhome/xujy/YY_DATA/metadata/cg1_CHIP_seq_data/2025-May/Cgl0454-1-i7_S1_R2_001.fastq.gz	/hpcfs/fhome/xujy/YY_DATA/metadata/cg1_CHIP_seq_data/2025-May/Cgl0454-1-i7-Input_S49_R1_001.fastq.gz	/hpcfs/fhome/xujy/YY_DATA/metadata/cg1_CHIP_seq_data/2025-May/Cgl0454-1-i7-Input_S49_R2_001.fastq.gz
Cgl0454-2	Cgl0454-2-Input	/hpcfs/fhome/xujy/YY_DATA/metadata/cg1_CHIP_seq_data/2025-Jun/Cgl0454-2_S134_R1_001.fastq.gz	/hpcfs/fhome/xujy/YY_DATA/metadata/cg1_CHIP_seq_data/2025-Jun/Cgl0454-2_S134_R2_001.fastq.gz	/hpcfs/fhome/xujy/YY_DATA/metadata/cg1_CHIP_seq_data/2025-Jun/Cgl0454-2-Input_S182_R1_001.fastq.gz	/hpcfs/fhome/xujy/YY_DATA/metadata/cg1_CHIP_seq_data/2025-Jun/Cgl0454-2-Input_S182_R2_001.fastq.gz
Cgl0454-2-i7	Cgl0454-2-i7-Input	/hpcfs/fhome/xujy/YY_DATA/metadata/cg1_CHIP_seq_data/2025-May/Cgl0454-2-i7_S2_R1_001.fastq.gz	/hpcfs/fhome/xujy/YY_DATA/metadata/cg1_CHIP_seq_data/2025-May/Cgl0454-2-i7_S2_R2_001.fastq.gz	/hpcfs/fhome/xujy/YY_DATA/metadata/cg1_CHIP_seq_data/2025-May/Cgl0454-2-i7-Input_S50_R1_001.fastq.gz	/hpcfs/fhome/xujy/YY_DATA/metadata/cg1_CHIP_seq_data/2025-May/Cgl0454-2-i7-Input_S50_R2_001.fastq.gz
Cgl0478-1	Cgl0478-1-Input	/hpcfs/fhome/xujy/YY_DATA/metadata/cg1_CHIP_seq_data/2025-Nov/Cgl0478-1_S15_R1_001.fastq.gz	/hpcfs/fhome/xujy/YY_DATA/metadata/cg1_CHIP_seq_data/2025-Nov/Cgl0478-1_S15_R2_001.fastq.gz	/hpcfs/fhome/xujy/YY_DATA/metadata/cg1_CHIP_seq_data/2025-Nov/Cgl0478-1-Input_S63_R1_001.fastq.gz	/hpcfs/fhome/xujy/YY_DATA/metadata/cg1_CHIP_seq_data/2025-Nov/Cgl0478-1-Input_S63_R2_001.fastq.gz
Cgl0478-2	Cgl0478-2-Input	/hpcfs/fhome/xujy/YY_DATA/metadata/cg1_CHIP_seq_data/2025-Nov/Cgl0478-2_S16_R1_001.fastq.gz	/hpcfs/fhome/xujy/YY_DATA/metadata/cg1_CHIP_seq_data/2025-Nov/Cgl0478-2_S16_R2_001.fastq.gz	/hpcfs/fhome/xujy/YY_DATA/metadata/cg1_CHIP_seq_data/2025-Nov/Cgl0478-2-Input_S64_R1_001.fastq.gz	/hpcfs/fhome/xujy/YY_DATA/metadata/cg1_CHIP_seq_data/2025-Nov/Cgl0478-2-Input_S64_R2_001.fastq.gz
Cgl0491-1	Cgl0491-1-Input	/hpcfs/fhome/xujy/YY_DATA/metadata/cg1_CHIP_seq_data/2025-Nov/Cgl0491-1_S7_R1_001.fastq.gz	/hpcfs/fhome/xujy/YY_DATA/metadata/cg1_CHIP_seq_data/2025-Nov/Cgl0491-1_S7_R2_001.fastq.gz	/hpcfs/fhome/xujy/YY_DATA/metadata/cg1_CHIP_seq_data/2025-Nov/Cgl0491-1-Input_S55_R1_001.fastq.gz	/hpcfs/fhome/xujy/YY_DATA/metadata/cg1_CHIP_seq_data/2025-Nov/Cgl0491-1-Input_S55_R2_001.fastq.gz
Cgl0491-2	Cgl0491-2-Input	/hpcfs/fhome/xujy/YY_DATA/metadata/cg1_CHIP_seq_data/2025-Nov/Cgl0491-2_S8_R1_001.fastq.gz	/hpcfs/fhome/xujy/YY_DATA/metadata/cg1_CHIP_seq_data/2025-Nov/Cgl0491-2_S8_R2_001.fastq.gz	/hpcfs/fhome/xujy/YY_DATA/metadata/cg1_CHIP_seq_data/2025-Nov/Cgl0491-2-Input_S56_R1_001.fastq.gz	/hpcfs/fhome/xujy/YY_DATA/metadata/cg1_CHIP_seq_data/2025-Nov/Cgl0491-2-Input_S56_R2_001.fastq.gz
Cgl0554-1	Cgl0554-1-Input	/hpcfs/fhome/xujy/YY_DATA/metadata/cg1_CHIP_seq_data/2025-Nov/Cgl0554-1_S17_R1_001.fastq.gz	/hpcfs/fhome/xujy/YY_DATA/metadata/cg1_CHIP_seq_data/2025-Nov/Cgl0554-1_S17_R2_001.fastq.gz	/hpcfs/fhome/xujy/YY_DATA/metadata/cg1_CHIP_seq_data/2025-Nov/Cgl0554-1-Input_S65_R1_001.fastq.gz	/hpcfs/fhome/xujy/YY_DATA/metadata/cg1_CHIP_seq_data/2025-Nov/Cgl0554-1-Input_S65_R2_001.fastq.gz
Cgl0554-2	Cgl0554-2-Input	/hpcfs/fhome/xujy/YY_DATA/metadata/cg1_CHIP_seq_data/2025-Nov/Cgl0554-2_S18_R1_001.fastq.gz	/hpcfs/fhome/xujy/YY_DATA/metadata/cg1_CHIP_seq_data/2025-Nov/Cgl0554-2_S18_R2_001.fastq.gz	/hpcfs/fhome/xujy/YY_DATA/metadata/cg1_CHIP_seq_data/2025-Nov/Cgl0554-2-Input_S66_R1_001.fastq.gz	/hpcfs/fhome/xujy/YY_DATA/metadata/cg1_CHIP_seq_data/2025-Nov/Cgl0554-2-Input_S66_R2_001.fastq.gz
Cgl0599-1-i7	Cgl0599-1-i7-Input	/hpcfs/fhome/xujy/YY_DATA/metadata/cg1_CHIP_seq_data/2025-May/Cgl0599-1-i7_S3_R1_001.fastq.gz	/hpcfs/fhome/xujy/YY_DATA/metadata/cg1_CHIP_seq_data/2025-May/Cgl0599-1-i7_S3_R2_001.fastq.gz	/hpcfs/fhome/xujy/YY_DATA/metadata/cg1_CHIP_seq_data/2025-May/Cgl0599-1-i7-Input_S51_R1_001.fastq.gz	/hpcfs/fhome/xujy/YY_DATA/metadata/cg1_CHIP_seq_data/2025-May/Cgl0599-1-i7-Input_S51_R2_001.fastq.gz
Cgl0599-2-i7	Cgl0599-2-i7-Input	/hpcfs/fhome/xujy/YY_DATA/metadata/cg1_CHIP_seq_data/2025-May/Cgl0599-2-i7_S4_R1_001.fastq.gz	/hpcfs/fhome/xujy/YY_DATA/metadata/cg1_CHIP_seq_data/2025-May/Cgl0599-2-i7_S4_R2_001.fastq.gz	/hpcfs/fhome/xujy/YY_DATA/metadata/cg1_CHIP_seq_data/2025-May/Cgl0599-2-i7-Input_S52_R1_001.fastq.gz	/hpcfs/fhome/xujy/YY_DATA/metadata/cg1_CHIP_seq_data/2025-May/Cgl0599-2-i7-Input_S52_R2_001.fastq.gz
Cgl0600-1-i7	Cgl0600-1-i7-Input	/hpcfs/fhome/xujy/YY_DATA/metadata/cg1_CHIP_seq_data/2025-May/Cgl0600-1-i7_S5_R1_001.fastq.gz	/hpcfs/fhome/xujy/YY_DATA/metadata/cg1_CHIP_seq_data/2025-May/Cgl0600-1-i7_S5_R2_001.fastq.gz	/hpcfs/fhome/xujy/YY_DATA/metadata/cg1_CHIP_seq_data/2025-May/Cgl0600-1-i7-Input_S53_R1_001.fastq.gz	/hpcfs/fhome/xujy/YY_DATA/metadata/cg1_CHIP_seq_data/2025-May/Cgl0600-1-i7-Input_S53_R2_001.fastq.gz
Cgl0600-2-i7	Cgl0600-2-i7-Input	/hpcfs/fhome/xujy/YY_DATA/metadata/cg1_CHIP_seq_data/2025-May/Cgl0600-2-i7_S6_R1_001.fastq.gz	/hpcfs/fhome/xujy/YY_DATA/metadata/cg1_CHIP_seq_data/2025-May/Cgl0600-2-i7_S6_R2_001.fastq.gz	/hpcfs/fhome/xujy/YY_DATA/metadata/cg1_CHIP_seq_data/2025-May/Cgl0600-2-i7-Input_S54_R1_001.fastq.gz	/hpcfs/fhome/xujy/YY_DATA/metadata/cg1_CHIP_seq_data/2025-May/Cgl0600-2-i7-Input_S54_R2_001.fastq.gz
Cgl0601-1-i7	Cgl0601-1-i7-Input	/hpcfs/fhome/xujy/YY_DATA/metadata/cg1_CHIP_seq_data/2025-May/Cgl0601-1-i7_S7_R1_001.fastq.gz	/hpcfs/fhome/xujy/YY_DATA/metadata/cg1_CHIP_seq_data/2025-May/Cgl0601-1-i7_S7_R2_001.fastq.gz	/hpcfs/fhome/xujy/YY_DATA/metadata/cg1_CHIP_seq_data/2025-May/Cgl0601-1-i7-Input_S55_R1_001.fastq.gz	/hpcfs/fhome/xujy/YY_DATA/metadata/cg1_CHIP_seq_data/2025-May/Cgl0601-1-i7-Input_S55_R2_001.fastq.gz
Cgl0601-2-i7	Cgl0601-2-i7-Input	/hpcfs/fhome/xujy/YY_DATA/metadata/cg1_CHIP_seq_data/2025-May/Cgl0601-2-i7_S8_R1_001.fastq.gz	/hpcfs/fhome/xujy/YY_DATA/metadata/cg1_CHIP_seq_data/2025-May/Cgl0601-2-i7_S8_R2_001.fastq.gz	/hpcfs/fhome/xujy/YY_DATA/metadata/cg1_CHIP_seq_data/2025-May/Cgl0601-2-i7-Input_S56_R1_001.fastq.gz	/hpcfs/fhome/xujy/YY_DATA/metadata/cg1_CHIP_seq_data/2025-May/Cgl0601-2-i7-Input_S56_R2_001.fastq.gz
Cgl0606-1-i7	Cgl0606-1-i7-Input	/hpcfs/fhome/xujy/YY_DATA/metadata/cg1_CHIP_seq_data/2025-May/Cgl0606-1-i7_S9_R1_001.fastq.gz	/hpcfs/fhome/xujy/YY_DATA/metadata/cg1_CHIP_seq_data/2025-May/Cgl0606-1-i7_S9_R2_001.fastq.gz	/hpcfs/fhome/xujy/YY_DATA/metadata/cg1_CHIP_seq_data/2025-May/Cgl0606-1-i7-Input_S57_R1_001.fastq.gz	/hpcfs/fhome/xujy/YY_DATA/metadata/cg1_CHIP_seq_data/2025-May/Cgl0606-1-i7-Input_S57_R2_001.fastq.gz
Cgl0606-2-i7	Cgl0606-2-i7-Input	/hpcfs/fhome/xujy/YY_DATA/metadata/cg1_CHIP_seq_data/2025-May/Cgl0606-2-i7_S10_R1_001.fastq.gz	/hpcfs/fhome/xujy/YY_DATA/metadata/cg1_CHIP_seq_data/2025-May/Cgl0606-2-i7_S10_R2_001.fastq.gz	/hpcfs/fhome/xujy/YY_DATA/metadata/cg1_CHIP_seq_data/2025-May/Cgl0606-2-i7-Input_S58_R1_001.fastq.gz	/hpcfs/fhome/xujy/YY_DATA/metadata/cg1_CHIP_seq_data/2025-May/Cgl0606-2-i7-Input_S58_R2_001.fastq.gz
Cgl0612-1	Cgl0612-1-Input	/hpcfs/fhome/xujy/YY_DATA/metadata/cg1_CHIP_seq_data/2025-Jul/Cgl0612-1_S17_R1_001.fastq.gz	/hpcfs/fhome/xujy/YY_DATA/metadata/cg1_CHIP_seq_data/2025-Jul/Cgl0612-1_S17_R2_001.fastq.gz	/hpcfs/fhome/xujy/YY_DATA/metadata/cg1_CHIP_seq_data/2025-Jul/Cgl0612-1-Input_S65_R1_001.fastq.gz	/hpcfs/fhome/xujy/YY_DATA/metadata/cg1_CHIP_seq_data/2025-Jul/Cgl0612-1-Input_S65_R2_001.fastq.gz
Cgl0612-2	Cgl0612-2-Input	/hpcfs/fhome/xujy/YY_DATA/metadata/cg1_CHIP_seq_data/2025-Jul/Cgl0612-2_S18_R1_001.fastq.gz	/hpcfs/fhome/xujy/YY_DATA/metadata/cg1_CHIP_seq_data/2025-Jul/Cgl0612-2_S18_R2_001.fastq.gz	/hpcfs/fhome/xujy/YY_DATA/metadata/cg1_CHIP_seq_data/2025-Jul/Cgl0612-2-Input_S66_R1_001.fastq.gz	/hpcfs/fhome/xujy/YY_DATA/metadata/cg1_CHIP_seq_data/2025-Jul/Cgl0612-2-Input_S66_R2_001.fastq.gz
Cgl0617-1	Cgl0617-1-Input	/hpcfs/fhome/xujy/YY_DATA/metadata/cg1_CHIP_seq_data/2025-Nov/Cgl0617-1_S9_R1_001.fastq.gz	/hpcfs/fhome/xujy/YY_DATA/metadata/cg1_CHIP_seq_data/2025-Nov/Cgl0617-1_S9_R2_001.fastq.gz	/hpcfs/fhome/xujy/YY_DATA/metadata/cg1_CHIP_seq_data/2025-Nov/Cgl0617-1-Input_S57_R1_001.fastq.gz	/hpcfs/fhome/xujy/YY_DATA/metadata/cg1_CHIP_seq_data/2025-Nov/Cgl0617-1-Input_S57_R2_001.fastq.gz
Cgl0617-2	Cgl0617-2-Input	/hpcfs/fhome/xujy/YY_DATA/metadata/cg1_CHIP_seq_data/2025-Nov/Cgl0617-2_S10_R1_001.fastq.gz	/hpcfs/fhome/xujy/YY_DATA/metadata/cg1_CHIP_seq_data/2025-Nov/Cgl0617-2_S10_R2_001.fastq.gz	/hpcfs/fhome/xujy/YY_DATA/metadata/cg1_CHIP_seq_data/2025-Nov/Cgl0617-2-Input_S58_R1_001.fastq.gz	/hpcfs/fhome/xujy/YY_DATA/metadata/cg1_CHIP_seq_data/2025-Nov/Cgl0617-2-Input_S58_R2_001.fastq.gz
Cgl0622-1-i7	Cgl0622-1-i7-Input	/hpcfs/fhome/xujy/YY_DATA/metadata/cg1_CHIP_seq_data/2025-May/Cgl0622-1-i7_S15_R1_001.fastq.gz	/hpcfs/fhome/xujy/YY_DATA/metadata/cg1_CHIP_seq_data/2025-May/Cgl0622-1-i7_S15_R2_001.fastq.gz	/hpcfs/fhome/xujy/YY_DATA/metadata/cg1_CHIP_seq_data/2025-May/Cgl0622-1-i7-Input_S63_R1_001.fastq.gz	/hpcfs/fhome/xujy/YY_DATA/metadata/cg1_CHIP_seq_data/2025-May/Cgl0622-1-i7-Input_S63_R2_001.fastq.gz
Cgl0622-2-i7	Cgl0622-2-i7-Input	/hpcfs/fhome/xujy/YY_DATA/metadata/cg1_CHIP_seq_data/2025-May/Cgl0622-2-i7_S16_R1_001.fastq.gz	/hpcfs/fhome/xujy/YY_DATA/metadata/cg1_CHIP_seq_data/2025-May/Cgl0622-2-i7_S16_R2_001.fastq.gz	/hpcfs/fhome/xujy/YY_DATA/metadata/cg1_CHIP_seq_data/2025-May/Cgl0622-2-i7-Input_S64_R1_001.fastq.gz	/hpcfs/fhome/xujy/YY_DATA/metadata/cg1_CHIP_seq_data/2025-May/Cgl0622-2-i7-Input_S64_R2_001.fastq.gz
Cgl0627-1	Cgl0627-1-Input	/hpcfs/fhome/xujy/YY_DATA/metadata/cg1_CHIP_seq_data/2025-Jul/Cgl0627-1_S21_R1_001.fastq.gz	/hpcfs/fhome/xujy/YY_DATA/metadata/cg1_CHIP_seq_data/2025-Jul/Cgl0627-1_S21_R2_001.fastq.gz	/hpcfs/fhome/xujy/YY_DATA/metadata/cg1_CHIP_seq_data/2025-Jul/Cgl0627-1-Input_S69_R1_001.fastq.gz	/hpcfs/fhome/xujy/YY_DATA/metadata/cg1_CHIP_seq_data/2025-Jul/Cgl0627-1-Input_S69_R2_001.fastq.gz
Cgl0627-1-i7	Cgl0627-1-i7-Input	/hpcfs/fhome/xujy/YY_DATA/metadata/cg1_CHIP_seq_data/2025-May/Cgl0627-1-i7_S11_R1_001.fastq.gz	/hpcfs/fhome/xujy/YY_DATA/metadata/cg1_CHIP_seq_data/2025-May/Cgl0627-1-i7_S11_R2_001.fastq.gz	/hpcfs/fhome/xujy/YY_DATA/metadata/cg1_CHIP_seq_data/2025-May/Cgl0627-1-i7-Input_S59_R1_001.fastq.gz	/hpcfs/fhome/xujy/YY_DATA/metadata/cg1_CHIP_seq_data/2025-May/Cgl0627-1-i7-Input_S59_R2_001.fastq.gz
Cgl0627-2	Cgl0627-2-Input	/hpcfs/fhome/xujy/YY_DATA/metadata/cg1_CHIP_seq_data/2025-Jul/Cgl0627-2_S22_R1_001.fastq.gz	/hpcfs/fhome/xujy/YY_DATA/metadata/cg1_CHIP_seq_data/2025-Jul/Cgl0627-2_S22_R2_001.fastq.gz	/hpcfs/fhome/xujy/YY_DATA/metadata/cg1_CHIP_seq_data/2025-Jul/Cgl0627-2-Input_S70_R1_001.fastq.gz	/hpcfs/fhome/xujy/YY_DATA/metadata/cg1_CHIP_seq_data/2025-Jul/Cgl0627-2-Input_S70_R2_001.fastq.gz
Cgl0627-2-i7	Cgl0627-2-i7-Input	/hpcfs/fhome/xujy/YY_DATA/metadata/cg1_CHIP_seq_data/2025-May/Cgl0627-2-i7_S12_R1_001.fastq.gz	/hpcfs/fhome/xujy/YY_DATA/metadata/cg1_CHIP_seq_data/2025-May/Cgl0627-2-i7_S12_R2_001.fastq.gz	/hpcfs/fhome/xujy/YY_DATA/metadata/cg1_CHIP_seq_data/2025-May/Cgl0627-2-i7-Input_S60_R1_001.fastq.gz	/hpcfs/fhome/xujy/YY_DATA/metadata/cg1_CHIP_seq_data/2025-May/Cgl0627-2-i7-Input_S60_R2_001.fastq.gz
Cgl0637-1	Cgl0637-1-Input	/hpcfs/fhome/xujy/YY_DATA/metadata/cg1_CHIP_seq_data/2025-Jul/Cgl0637-1_S23_R1_001.fastq.gz	/hpcfs/fhome/xujy/YY_DATA/metadata/cg1_CHIP_seq_data/2025-Jul/Cgl0637-1_S23_R2_001.fastq.gz	/hpcfs/fhome/xujy/YY_DATA/metadata/cg1_CHIP_seq_data/2025-Jul/Cgl0637-1-Input_S71_R1_001.fastq.gz	/hpcfs/fhome/xujy/YY_DATA/metadata/cg1_CHIP_seq_data/2025-Jul/Cgl0637-1-Input_S71_R2_001.fastq.gz
Cgl0637-2	Cgl0637-2-Input	/hpcfs/fhome/xujy/YY_DATA/metadata/cg1_CHIP_seq_data/2025-Jul/Cgl0637-2_S24_R1_001.fastq.gz	/hpcfs/fhome/xujy/YY_DATA/metadata/cg1_CHIP_seq_data/2025-Jul/Cgl0637-2_S24_R2_001.fastq.gz	/hpcfs/fhome/xujy/YY_DATA/metadata/cg1_CHIP_seq_data/2025-Jul/Cgl0637-2-Input_S72_R1_001.fastq.gz	/hpcfs/fhome/xujy/YY_DATA/metadata/cg1_CHIP_seq_data/2025-Jul/Cgl0637-2-Input_S72_R2_001.fastq.gz
Cgl0641-1-i7	Cgl0641-1-i7-Input	/hpcfs/fhome/xujy/YY_DATA/metadata/cg1_CHIP_seq_data/2025-May/Cgl0641-1-i7_S13_R1_001.fastq.gz	/hpcfs/fhome/xujy/YY_DATA/metadata/cg1_CHIP_seq_data/2025-May/Cgl0641-1-i7_S13_R2_001.fastq.gz	/hpcfs/fhome/xujy/YY_DATA/metadata/cg1_CHIP_seq_data/2025-May/Cgl0641-1-i7-Input_S61_R1_001.fastq.gz	/hpcfs/fhome/xujy/YY_DATA/metadata/cg1_CHIP_seq_data/2025-May/Cgl0641-1-i7-Input_S61_R2_001.fastq.gz
Cgl0641-2-i7	Cgl0641-2-i7-Input	/hpcfs/fhome/xujy/YY_DATA/metadata/cg1_CHIP_seq_data/2025-May/Cgl0641-2-i7_S14_R1_001.fastq.gz	/hpcfs/fhome/xujy/YY_DATA/metadata/cg1_CHIP_seq_data/2025-May/Cgl0641-2-i7_S14_R2_001.fastq.gz	/hpcfs/fhome/xujy/YY_DATA/metadata/cg1_CHIP_seq_data/2025-May/Cgl0641-2-i7-Input_S62_R1_001.fastq.gz	/hpcfs/fhome/xujy/YY_DATA/metadata/cg1_CHIP_seq_data/2025-May/Cgl0641-2-i7-Input_S62_R2_001.fastq.gz
Cgl0685-1-i7	Cgl0685-1-i7-Input	/hpcfs/fhome/xujy/YY_DATA/metadata/cg1_CHIP_seq_data/2025-May/Cgl0685-1-i7_S17_R1_001.fastq.gz	/hpcfs/fhome/xujy/YY_DATA/metadata/cg1_CHIP_seq_data/2025-May/Cgl0685-1-i7_S17_R2_001.fastq.gz	/hpcfs/fhome/xujy/YY_DATA/metadata/cg1_CHIP_seq_data/2025-May/Cgl0685-1-i7-Input_S65_R1_001.fastq.gz	/hpcfs/fhome/xujy/YY_DATA/metadata/cg1_CHIP_seq_data/2025-May/Cgl0685-1-i7-Input_S65_R2_001.fastq.gz
Cgl0685-2-i7	Cgl0685-2-i7-Input	/hpcfs/fhome/xujy/YY_DATA/metadata/cg1_CHIP_seq_data/2025-May/Cgl0685-2-i7_S18_R1_001.fastq.gz	/hpcfs/fhome/xujy/YY_DATA/metadata/cg1_CHIP_seq_data/2025-May/Cgl0685-2-i7_S18_R2_001.fastq.gz	/hpcfs/fhome/xujy/YY_DATA/metadata/cg1_CHIP_seq_data/2025-May/Cgl0685-2-i7-Input_S66_R1_001.fastq.gz	/hpcfs/fhome/xujy/YY_DATA/metadata/cg1_CHIP_seq_data/2025-May/Cgl0685-2-i7-Input_S66_R2_001.fastq.gz
Cgl0698-1-i7	Cgl0698-1-i7-Input	/hpcfs/fhome/xujy/YY_DATA/metadata/cg1_CHIP_seq_data/2025-May/Cgl0698-1-i7_S19_R1_001.fastq.gz	/hpcfs/fhome/xujy/YY_DATA/metadata/cg1_CHIP_seq_data/2025-May/Cgl0698-1-i7_S19_R2_001.fastq.gz	/hpcfs/fhome/xujy/YY_DATA/metadata/cg1_CHIP_seq_data/2025-May/Cgl0698-1-i7-Input_S67_R1_001.fastq.gz	/hpcfs/fhome/xujy/YY_DATA/metadata/cg1_CHIP_seq_data/2025-May/Cgl0698-1-i7-Input_S67_R2_001.fastq.gz
Cgl0698-2-i7	Cgl0698-2-i7-Input	/hpcfs/fhome/xujy/YY_DATA/metadata/cg1_CHIP_seq_data/2025-May/Cgl0698-2-i7_S20_R1_001.fastq.gz	/hpcfs/fhome/xujy/YY_DATA/metadata/cg1_CHIP_seq_data/2025-May/Cgl0698-2-i7_S20_R2_001.fastq.gz	/hpcfs/fhome/xujy/YY_DATA/metadata/cg1_CHIP_seq_data/2025-May/Cgl0698-2-i7-Input_S68_R1_001.fastq.gz	/hpcfs/fhome/xujy/YY_DATA/metadata/cg1_CHIP_seq_data/2025-May/Cgl0698-2-i7-Input_S68_R2_001.fastq.gz
Cgl0740-1-i7	Cgl0740-1-i7-Input	/hpcfs/fhome/xujy/YY_DATA/metadata/cg1_CHIP_seq_data/2025-May/Cgl0740-1-i7_S21_R1_001.fastq.gz	/hpcfs/fhome/xujy/YY_DATA/metadata/cg1_CHIP_seq_data/2025-May/Cgl0740-1-i7_S21_R2_001.fastq.gz	/hpcfs/fhome/xujy/YY_DATA/metadata/cg1_CHIP_seq_data/2025-May/Cgl0740-1-i7-Input_S69_R1_001.fastq.gz	/hpcfs/fhome/xujy/YY_DATA/metadata/cg1_CHIP_seq_data/2025-May/Cgl0740-1-i7-Input_S69_R2_001.fastq.gz
Cgl0740-2-i7	Cgl0740-2-i7-Input	/hpcfs/fhome/xujy/YY_DATA/metadata/cg1_CHIP_seq_data/2025-May/Cgl0740-2-i7_S22_R1_001.fastq.gz	/hpcfs/fhome/xujy/YY_DATA/metadata/cg1_CHIP_seq_data/2025-May/Cgl0740-2-i7_S22_R2_001.fastq.gz	/hpcfs/fhome/xujy/YY_DATA/metadata/cg1_CHIP_seq_data/2025-May/Cgl0740-2-i7-Input_S70_R1_001.fastq.gz	/hpcfs/fhome/xujy/YY_DATA/metadata/cg1_CHIP_seq_data/2025-May/Cgl0740-2-i7-Input_S70_R2_001.fastq.gz
Cgl0743	Cgl0743-Input	/hpcfs/fhome/xujy/YY_DATA/metadata/cg1_CHIP_seq_data/2025-Nov/Cgl0743_S37_R1_001.fastq.gz	/hpcfs/fhome/xujy/YY_DATA/metadata/cg1_CHIP_seq_data/2025-Nov/Cgl0743_S37_R2_001.fastq.gz	/hpcfs/fhome/xujy/YY_DATA/metadata/cg1_CHIP_seq_data/2025-Nov/Cgl0743-Input_S85_R1_001.fastq.gz	/hpcfs/fhome/xujy/YY_DATA/metadata/cg1_CHIP_seq_data/2025-Nov/Cgl0743-Input_S85_R2_001.fastq.gz
Cgl0743-1-i7	Cgl0743-1-i7-Input	/hpcfs/fhome/xujy/YY_DATA/metadata/cg1_CHIP_seq_data/2025-May/Cgl0743-1-i7_S23_R1_001.fastq.gz	/hpcfs/fhome/xujy/YY_DATA/metadata/cg1_CHIP_seq_data/2025-May/Cgl0743-1-i7_S23_R2_001.fastq.gz	/hpcfs/fhome/xujy/YY_DATA/metadata/cg1_CHIP_seq_data/2025-May/Cgl0743-1-i7-Input_S71_R1_001.fastq.gz	/hpcfs/fhome/xujy/YY_DATA/metadata/cg1_CHIP_seq_data/2025-May/Cgl0743-1-i7-Input_S71_R2_001.fastq.gz
Cgl0743-2-i7	Cgl0743-2-i7-Input	/hpcfs/fhome/xujy/YY_DATA/metadata/cg1_CHIP_seq_data/2025-May/Cgl0743-2-i7_S24_R1_001.fastq.gz	/hpcfs/fhome/xujy/YY_DATA/metadata/cg1_CHIP_seq_data/2025-May/Cgl0743-2-i7_S24_R2_001.fastq.gz	/hpcfs/fhome/xujy/YY_DATA/metadata/cg1_CHIP_seq_data/2025-May/Cgl0743-2-i7-Input_S72_R1_001.fastq.gz	/hpcfs/fhome/xujy/YY_DATA/metadata/cg1_CHIP_seq_data/2025-May/Cgl0743-2-i7-Input_S72_R2_001.fastq.gz
Cgl0754-1-i7	Cgl0754-1-i7-Input	/hpcfs/fhome/xujy/YY_DATA/metadata/cg1_CHIP_seq_data/2025-May/Cgl0754-1-i7_S25_R1_001.fastq.gz	/hpcfs/fhome/xujy/YY_DATA/metadata/cg1_CHIP_seq_data/2025-May/Cgl0754-1-i7_S25_R2_001.fastq.gz	/hpcfs/fhome/xujy/YY_DATA/metadata/cg1_CHIP_seq_data/2025-May/Cgl0754-1-i7-Input_S73_R1_001.fastq.gz	/hpcfs/fhome/xujy/YY_DATA/metadata/cg1_CHIP_seq_data/2025-May/Cgl0754-1-i7-Input_S73_R2_001.fastq.gz
Cgl0754-2-i7	Cgl0754-2-i7-Input	/hpcfs/fhome/xujy/YY_DATA/metadata/cg1_CHIP_seq_data/2025-May/Cgl0754-2-i7_S26_R1_001.fastq.gz	/hpcfs/fhome/xujy/YY_DATA/metadata/cg1_CHIP_seq_data/2025-May/Cgl0754-2-i7_S26_R2_001.fastq.gz	/hpcfs/fhome/xujy/YY_DATA/metadata/cg1_CHIP_seq_data/2025-May/Cgl0754-2-i7-Input_S74_R1_001.fastq.gz	/hpcfs/fhome/xujy/YY_DATA/metadata/cg1_CHIP_seq_data/2025-May/Cgl0754-2-i7-Input_S74_R2_001.fastq.gz
Cgl0767-1-i7	Cgl0767-1-i7-Input	/hpcfs/fhome/xujy/YY_DATA/metadata/cg1_CHIP_seq_data/2025-May/Cgl0767-1-i7_S27_R1_001.fastq.gz	/hpcfs/fhome/xujy/YY_DATA/metadata/cg1_CHIP_seq_data/2025-May/Cgl0767-1-i7_S27_R2_001.fastq.gz	/hpcfs/fhome/xujy/YY_DATA/metadata/cg1_CHIP_seq_data/2025-May/Cgl0767-1-i7-Input_S75_R1_001.fastq.gz	/hpcfs/fhome/xujy/YY_DATA/metadata/cg1_CHIP_seq_data/2025-May/Cgl0767-1-i7-Input_S75_R2_001.fastq.gz
Cgl0767-2-i7	Cgl0767-2-i7-Input	/hpcfs/fhome/xujy/YY_DATA/metadata/cg1_CHIP_seq_data/2025-May/Cgl0767-2-i7_S28_R1_001.fastq.gz	/hpcfs/fhome/xujy/YY_DATA/metadata/cg1_CHIP_seq_data/2025-May/Cgl0767-2-i7_S28_R2_001.fastq.gz	/hpcfs/fhome/xujy/YY_DATA/metadata/cg1_CHIP_seq_data/2025-May/Cgl0767-2-i7-Input_S76_R1_001.fastq.gz	/hpcfs/fhome/xujy/YY_DATA/metadata/cg1_CHIP_seq_data/2025-May/Cgl0767-2-i7-Input_S76_R2_001.fastq.gz
Cgl0768-1-i7	Cgl0768-1-i7-Input	/hpcfs/fhome/xujy/YY_DATA/metadata/cg1_CHIP_seq_data/2025-May/Cgl0768-1-i7_S31_R1_001.fastq.gz	/hpcfs/fhome/xujy/YY_DATA/metadata/cg1_CHIP_seq_data/2025-May/Cgl0768-1-i7_S31_R2_001.fastq.gz	/hpcfs/fhome/xujy/YY_DATA/metadata/cg1_CHIP_seq_data/2025-May/Cgl0768-1-i7-Input_S79_R1_001.fastq.gz	/hpcfs/fhome/xujy/YY_DATA/metadata/cg1_CHIP_seq_data/2025-May/Cgl0768-1-i7-Input_S79_R2_001.fastq.gz
Cgl0787-1-i7	Cgl0787-1-i7-Input	/hpcfs/fhome/xujy/YY_DATA/metadata/cg1_CHIP_seq_data/2025-May/Cgl0787-1-i7_S33_R1_001.fastq.gz	/hpcfs/fhome/xujy/YY_DATA/metadata/cg1_CHIP_seq_data/2025-May/Cgl0787-1-i7_S33_R2_001.fastq.gz	/hpcfs/fhome/xujy/YY_DATA/metadata/cg1_CHIP_seq_data/2025-May/Cgl0787-1-i7-Input_S81_R1_001.fastq.gz	/hpcfs/fhome/xujy/YY_DATA/metadata/cg1_CHIP_seq_data/2025-May/Cgl0787-1-i7-Input_S81_R2_001.fastq.gz
Cgl0787-2-i7	Cgl0787-2-i7-Input	/hpcfs/fhome/xujy/YY_DATA/metadata/cg1_CHIP_seq_data/2025-May/Cgl0787-2-i7_S34_R1_001.fastq.gz	/hpcfs/fhome/xujy/YY_DATA/metadata/cg1_CHIP_seq_data/2025-May/Cgl0787-2-i7_S34_R2_001.fastq.gz	/hpcfs/fhome/xujy/YY_DATA/metadata/cg1_CHIP_seq_data/2025-May/Cgl0787-2-i7-Input_S82_R1_001.fastq.gz	/hpcfs/fhome/xujy/YY_DATA/metadata/cg1_CHIP_seq_data/2025-May/Cgl0787-2-i7-Input_S82_R2_001.fastq.gz
Cgl0857-1-i7	Cgl0857-1-i7-Input	/hpcfs/fhome/xujy/YY_DATA/metadata/cg1_CHIP_seq_data/2025-May/Cgl0857-1-i7_S35_R1_001.fastq.gz	/hpcfs/fhome/xujy/YY_DATA/metadata/cg1_CHIP_seq_data/2025-May/Cgl0857-1-i7_S35_R2_001.fastq.gz	/hpcfs/fhome/xujy/YY_DATA/metadata/cg1_CHIP_seq_data/2025-May/Cgl0857-1-i7-Input_S83_R1_001.fastq.gz	/hpcfs/fhome/xujy/YY_DATA/metadata/cg1_CHIP_seq_data/2025-May/Cgl0857-1-i7-Input_S83_R2_001.fastq.gz
Cgl0857-2-i7	Cgl0857-2-i7-Input	/hpcfs/fhome/xujy/YY_DATA/metadata/cg1_CHIP_seq_data/2025-May/Cgl0857-2-i7_S36_R1_001.fastq.gz	/hpcfs/fhome/xujy/YY_DATA/metadata/cg1_CHIP_seq_data/2025-May/Cgl0857-2-i7_S36_R2_001.fastq.gz	/hpcfs/fhome/xujy/YY_DATA/metadata/cg1_CHIP_seq_data/2025-May/Cgl0857-2-i7-Input_S84_R1_001.fastq.gz	/hpcfs/fhome/xujy/YY_DATA/metadata/cg1_CHIP_seq_data/2025-May/Cgl0857-2-i7-Input_S84_R2_001.fastq.gz
Cgl0863-1-i7	Cgl0863-1-i7-Input	/hpcfs/fhome/xujy/YY_DATA/metadata/cg1_CHIP_seq_data/2025-May/Cgl0863-1-i7_S37_R1_001.fastq.gz	/hpcfs/fhome/xujy/YY_DATA/metadata/cg1_CHIP_seq_data/2025-May/Cgl0863-1-i7_S37_R2_001.fastq.gz	/hpcfs/fhome/xujy/YY_DATA/metadata/cg1_CHIP_seq_data/2025-May/Cgl0863-1-i7-Input_S85_R1_001.fastq.gz	/hpcfs/fhome/xujy/YY_DATA/metadata/cg1_CHIP_seq_data/2025-May/Cgl0863-1-i7-Input_S85_R2_001.fastq.gz
Cgl0863-2-i7	Cgl0863-2-i7-Input	/hpcfs/fhome/xujy/YY_DATA/metadata/cg1_CHIP_seq_data/2025-May/Cgl0863-2-i7_S38_R1_001.fastq.gz	/hpcfs/fhome/xujy/YY_DATA/metadata/cg1_CHIP_seq_data/2025-May/Cgl0863-2-i7_S38_R2_001.fastq.gz	/hpcfs/fhome/xujy/YY_DATA/metadata/cg1_CHIP_seq_data/2025-May/Cgl0863-2-i7-Input_S86_R1_001.fastq.gz	/hpcfs/fhome/xujy/YY_DATA/metadata/cg1_CHIP_seq_data/2025-May/Cgl0863-2-i7-Input_S86_R2_001.fastq.gz
Cgl0871-1-i7	Cgl0871-1-i7-Input	/hpcfs/fhome/xujy/YY_DATA/metadata/cg1_CHIP_seq_data/2025-May/Cgl0871-1-i7_S39_R1_001.fastq.gz	/hpcfs/fhome/xujy/YY_DATA/metadata/cg1_CHIP_seq_data/2025-May/Cgl0871-1-i7_S39_R2_001.fastq.gz	/hpcfs/fhome/xujy/YY_DATA/metadata/cg1_CHIP_seq_data/2025-May/Cgl0871-1-i7-Input_S87_R1_001.fastq.gz	/hpcfs/fhome/xujy/YY_DATA/metadata/cg1_CHIP_seq_data/2025-May/Cgl0871-1-i7-Input_S87_R2_001.fastq.gz
Cgl0871-2-i7	Cgl0871-2-i7-Input	/hpcfs/fhome/xujy/YY_DATA/metadata/cg1_CHIP_seq_data/2025-May/Cgl0871-2-i7_S40_R1_001.fastq.gz	/hpcfs/fhome/xujy/YY_DATA/metadata/cg1_CHIP_seq_data/2025-May/Cgl0871-2-i7_S40_R2_001.fastq.gz	/hpcfs/fhome/xujy/YY_DATA/metadata/cg1_CHIP_seq_data/2025-May/Cgl0871-2-i7-Input_S88_R1_001.fastq.gz	/hpcfs/fhome/xujy/YY_DATA/metadata/cg1_CHIP_seq_data/2025-May/Cgl0871-2-i7-Input_S88_R2_001.fastq.gz
Cgl0874-1	Cgl0874-1-Input	/hpcfs/fhome/xujy/YY_DATA/metadata/cg1_CHIP_seq_data/2025-Nov/Cgl0874-1_S19_R1_001.fastq.gz	/hpcfs/fhome/xujy/YY_DATA/metadata/cg1_CHIP_seq_data/2025-Nov/Cgl0874-1_S19_R2_001.fastq.gz	/hpcfs/fhome/xujy/YY_DATA/metadata/cg1_CHIP_seq_data/2025-Nov/Cgl0874-1-Input_S67_R1_001.fastq.gz	/hpcfs/fhome/xujy/YY_DATA/metadata/cg1_CHIP_seq_data/2025-Nov/Cgl0874-1-Input_S67_R2_001.fastq.gz
Cgl0874-2	Cgl0874-2-Input	/hpcfs/fhome/xujy/YY_DATA/metadata/cg1_CHIP_seq_data/2025-Nov/Cgl0874-2_S20_R1_001.fastq.gz	/hpcfs/fhome/xujy/YY_DATA/metadata/cg1_CHIP_seq_data/2025-Nov/Cgl0874-2_S20_R2_001.fastq.gz	/hpcfs/fhome/xujy/YY_DATA/metadata/cg1_CHIP_seq_data/2025-Nov/Cgl0874-2-Input_S68_R1_001.fastq.gz	/hpcfs/fhome/xujy/YY_DATA/metadata/cg1_CHIP_seq_data/2025-Nov/Cgl0874-2-Input_S68_R2_001.fastq.gz
Cgl0906-1-i7	Cgl0906-1-i7-Input	/hpcfs/fhome/xujy/YY_DATA/metadata/cg1_CHIP_seq_data/2025-May/Cgl0906-1-i7_S41_R1_001.fastq.gz	/hpcfs/fhome/xujy/YY_DATA/metadata/cg1_CHIP_seq_data/2025-May/Cgl0906-1-i7_S41_R2_001.fastq.gz	/hpcfs/fhome/xujy/YY_DATA/metadata/cg1_CHIP_seq_data/2025-May/Cgl0906-1-i7-Input_S89_R1_001.fastq.gz	/hpcfs/fhome/xujy/YY_DATA/metadata/cg1_CHIP_seq_data/2025-May/Cgl0906-1-i7-Input_S89_R2_001.fastq.gz
Cgl0906-2-i7	Cgl0906-2-i7-Input	/hpcfs/fhome/xujy/YY_DATA/metadata/cg1_CHIP_seq_data/2025-May/Cgl0906-2-i7_S42_R1_001.fastq.gz	/hpcfs/fhome/xujy/YY_DATA/metadata/cg1_CHIP_seq_data/2025-May/Cgl0906-2-i7_S42_R2_001.fastq.gz	/hpcfs/fhome/xujy/YY_DATA/metadata/cg1_CHIP_seq_data/2025-May/Cgl0906-2-i7-Input_S90_R1_001.fastq.gz	/hpcfs/fhome/xujy/YY_DATA/metadata/cg1_CHIP_seq_data/2025-May/Cgl0906-2-i7-Input_S90_R2_001.fastq.gz
Cgl0923-1-i7	Cgl0923-1-i7-Input	/hpcfs/fhome/xujy/YY_DATA/metadata/cg1_CHIP_seq_data/2025-May/Cgl0923-1-i7_S43_R1_001.fastq.gz	/hpcfs/fhome/xujy/YY_DATA/metadata/cg1_CHIP_seq_data/2025-May/Cgl0923-1-i7_S43_R2_001.fastq.gz	/hpcfs/fhome/xujy/YY_DATA/metadata/cg1_CHIP_seq_data/2025-May/Cgl0923-1-i7-Input_S91_R1_001.fastq.gz	/hpcfs/fhome/xujy/YY_DATA/metadata/cg1_CHIP_seq_data/2025-May/Cgl0923-1-i7-Input_S91_R2_001.fastq.gz
Cgl0923-2-i7	Cgl0923-2-i7-Input	/hpcfs/fhome/xujy/YY_DATA/metadata/cg1_CHIP_seq_data/2025-May/Cgl0923-2-i7_S44_R1_001.fastq.gz	/hpcfs/fhome/xujy/YY_DATA/metadata/cg1_CHIP_seq_data/2025-May/Cgl0923-2-i7_S44_R2_001.fastq.gz	/hpcfs/fhome/xujy/YY_DATA/metadata/cg1_CHIP_seq_data/2025-May/Cgl0923-2-i7-Input_S92_R1_001.fastq.gz	/hpcfs/fhome/xujy/YY_DATA/metadata/cg1_CHIP_seq_data/2025-May/Cgl0923-2-i7-Input_S92_R2_001.fastq.gz
Cgl0949-1	Cgl0949-1-Input	/hpcfs/fhome/xujy/YY_DATA/metadata/cg1_CHIP_seq_data/2025-Nov/Cgl0949-1_S21_R1_001.fastq.gz	/hpcfs/fhome/xujy/YY_DATA/metadata/cg1_CHIP_seq_data/2025-Nov/Cgl0949-1_S21_R2_001.fastq.gz	/hpcfs/fhome/xujy/YY_DATA/metadata/cg1_CHIP_seq_data/2025-Nov/Cgl0949-1-Input_S69_R1_001.fastq.gz	/hpcfs/fhome/xujy/YY_DATA/metadata/cg1_CHIP_seq_data/2025-Nov/Cgl0949-1-Input_S69_R2_001.fastq.gz
Cgl0949-2	Cgl0949-2-Input	/hpcfs/fhome/xujy/YY_DATA/metadata/cg1_CHIP_seq_data/2025-Nov/Cgl0949-2_S22_R1_001.fastq.gz	/hpcfs/fhome/xujy/YY_DATA/metadata/cg1_CHIP_seq_data/2025-Nov/Cgl0949-2_S22_R2_001.fastq.gz	/hpcfs/fhome/xujy/YY_DATA/metadata/cg1_CHIP_seq_data/2025-Nov/Cgl0949-2-Input_S70_R1_001.fastq.gz	/hpcfs/fhome/xujy/YY_DATA/metadata/cg1_CHIP_seq_data/2025-Nov/Cgl0949-2-Input_S70_R2_001.fastq.gz
Cgl0962-1	Cgl0962-1-Input	/hpcfs/fhome/xujy/YY_DATA/metadata/cg1_CHIP_seq_data/2025-Jul/Cgl0962-1_S25_R1_001.fastq.gz	/hpcfs/fhome/xujy/YY_DATA/metadata/cg1_CHIP_seq_data/2025-Jul/Cgl0962-1_S25_R2_001.fastq.gz	/hpcfs/fhome/xujy/YY_DATA/metadata/cg1_CHIP_seq_data/2025-Jul/Cgl0962-1-Input_S73_R1_001.fastq.gz	/hpcfs/fhome/xujy/YY_DATA/metadata/cg1_CHIP_seq_data/2025-Jul/Cgl0962-1-Input_S73_R2_001.fastq.gz
Cgl0962-2	Cgl0962-2-Input	/hpcfs/fhome/xujy/YY_DATA/metadata/cg1_CHIP_seq_data/2025-Jul/Cgl0962-2_S26_R1_001.fastq.gz	/hpcfs/fhome/xujy/YY_DATA/metadata/cg1_CHIP_seq_data/2025-Jul/Cgl0962-2_S26_R2_001.fastq.gz	/hpcfs/fhome/xujy/YY_DATA/metadata/cg1_CHIP_seq_data/2025-Jul/Cgl0962-2-Input_S74_R1_001.fastq.gz	/hpcfs/fhome/xujy/YY_DATA/metadata/cg1_CHIP_seq_data/2025-Jul/Cgl0962-2-Input_S74_R2_001.fastq.gz
Cgl0981-1	Cgl0981-1-Input	/hpcfs/fhome/xujy/YY_DATA/metadata/cg1_CHIP_seq_data/2025-Nov/Cgl0981-1_S11_R1_001.fastq.gz	/hpcfs/fhome/xujy/YY_DATA/metadata/cg1_CHIP_seq_data/2025-Nov/Cgl0981-1_S11_R2_001.fastq.gz	/hpcfs/fhome/xujy/YY_DATA/metadata/cg1_CHIP_seq_data/2025-Nov/Cgl0981-1-Input_S59_R1_001.fastq.gz	/hpcfs/fhome/xujy/YY_DATA/metadata/cg1_CHIP_seq_data/2025-Nov/Cgl0981-1-Input_S59_R2_001.fastq.gz
Cgl0981-2	Cgl0981-2-Input	/hpcfs/fhome/xujy/YY_DATA/metadata/cg1_CHIP_seq_data/2025-Nov/Cgl0981-2_S12_R1_001.fastq.gz	/hpcfs/fhome/xujy/YY_DATA/metadata/cg1_CHIP_seq_data/2025-Nov/Cgl0981-2_S12_R2_001.fastq.gz	/hpcfs/fhome/xujy/YY_DATA/metadata/cg1_CHIP_seq_data/2025-Nov/Cgl0981-2-Input_S60_R1_001.fastq.gz	/hpcfs/fhome/xujy/YY_DATA/metadata/cg1_CHIP_seq_data/2025-Nov/Cgl0981-2-Input_S60_R2_001.fastq.gz
Cgl0982-1	Cgl0982-1-Input	/hpcfs/fhome/xujy/YY_DATA/metadata/cg1_CHIP_seq_data/2025-Jul/Cgl0982-1_S131_R1_001.fastq.gz	/hpcfs/fhome/xujy/YY_DATA/metadata/cg1_CHIP_seq_data/2025-Jul/Cgl0982-1_S131_R2_001.fastq.gz	/hpcfs/fhome/xujy/YY_DATA/metadata/cg1_CHIP_seq_data/2025-Jul/Cgl0982-1-Input_S179_R1_001.fastq.gz	/hpcfs/fhome/xujy/YY_DATA/metadata/cg1_CHIP_seq_data/2025-Jul/Cgl0982-1-Input_S179_R2_001.fastq.gz
Cgl0982-2	Cgl0982-2-Input	/hpcfs/fhome/xujy/YY_DATA/metadata/cg1_CHIP_seq_data/2025-Jul/Cgl0982-2_S132_R1_001.fastq.gz	/hpcfs/fhome/xujy/YY_DATA/metadata/cg1_CHIP_seq_data/2025-Jul/Cgl0982-2_S132_R2_001.fastq.gz	/hpcfs/fhome/xujy/YY_DATA/metadata/cg1_CHIP_seq_data/2025-Jul/Cgl0982-2-Input_S180_R1_001.fastq.gz	/hpcfs/fhome/xujy/YY_DATA/metadata/cg1_CHIP_seq_data/2025-Jul/Cgl0982-2-Input_S180_R2_001.fastq.gz
Cgl1008-1	Cgl1008-1-Input	/hpcfs/fhome/xujy/YY_DATA/metadata/cg1_CHIP_seq_data/2025-Jul/Cgl1008-1_S133_R1_001.fastq.gz	/hpcfs/fhome/xujy/YY_DATA/metadata/cg1_CHIP_seq_data/2025-Jul/Cgl1008-1_S133_R2_001.fastq.gz	/hpcfs/fhome/xujy/YY_DATA/metadata/cg1_CHIP_seq_data/2025-Jul/Cgl1008-1-Input_S181_R1_001.fastq.gz	/hpcfs/fhome/xujy/YY_DATA/metadata/cg1_CHIP_seq_data/2025-Jul/Cgl1008-1-Input_S181_R2_001.fastq.gz
Cgl1008-2	Cgl1008-2-Input	/hpcfs/fhome/xujy/YY_DATA/metadata/cg1_CHIP_seq_data/2025-Jul/Cgl1008-2_S134_R1_001.fastq.gz	/hpcfs/fhome/xujy/YY_DATA/metadata/cg1_CHIP_seq_data/2025-Jul/Cgl1008-2_S134_R2_001.fastq.gz	/hpcfs/fhome/xujy/YY_DATA/metadata/cg1_CHIP_seq_data/2025-Jul/Cgl1008-2-Input_S182_R1_001.fastq.gz	/hpcfs/fhome/xujy/YY_DATA/metadata/cg1_CHIP_seq_data/2025-Jul/Cgl1008-2-Input_S182_R2_001.fastq.gz
Cgl1064-1	Cgl1064-1-Input	/hpcfs/fhome/xujy/YY_DATA/metadata/cg1_CHIP_seq_data/2025-Jul/Cgl1064-1_S135_R1_001.fastq.gz	/hpcfs/fhome/xujy/YY_DATA/metadata/cg1_CHIP_seq_data/2025-Jul/Cgl1064-1_S135_R2_001.fastq.gz	/hpcfs/fhome/xujy/YY_DATA/metadata/cg1_CHIP_seq_data/2025-Jul/Cgl1064-1-Input_S183_R1_001.fastq.gz	/hpcfs/fhome/xujy/YY_DATA/metadata/cg1_CHIP_seq_data/2025-Jul/Cgl1064-1-Input_S183_R2_001.fastq.gz
Cgl1064-2	Cgl1064-2-Input	/hpcfs/fhome/xujy/YY_DATA/metadata/cg1_CHIP_seq_data/2025-Jul/Cgl1064-2_S136_R1_001.fastq.gz	/hpcfs/fhome/xujy/YY_DATA/metadata/cg1_CHIP_seq_data/2025-Jul/Cgl1064-2_S136_R2_001.fastq.gz	/hpcfs/fhome/xujy/YY_DATA/metadata/cg1_CHIP_seq_data/2025-Jul/Cgl1064-2-Input_S184_R1_001.fastq.gz	/hpcfs/fhome/xujy/YY_DATA/metadata/cg1_CHIP_seq_data/2025-Jul/Cgl1064-2-Input_S184_R2_001.fastq.gz
Cgl1070-1	Cgl1070-1-Input	/hpcfs/fhome/xujy/YY_DATA/metadata/cg1_CHIP_seq_data/2025-Jul/Cgl1070-1_S137_R1_001.fastq.gz	/hpcfs/fhome/xujy/YY_DATA/metadata/cg1_CHIP_seq_data/2025-Jul/Cgl1070-1_S137_R2_001.fastq.gz	/hpcfs/fhome/xujy/YY_DATA/metadata/cg1_CHIP_seq_data/2025-Jul/Cgl1070-1-Input_S185_R1_001.fastq.gz	/hpcfs/fhome/xujy/YY_DATA/metadata/cg1_CHIP_seq_data/2025-Jul/Cgl1070-1-Input_S185_R2_001.fastq.gz
Cgl1070-2	Cgl1070-2-Input	/hpcfs/fhome/xujy/YY_DATA/metadata/cg1_CHIP_seq_data/2025-Jul/Cgl1070-2_S138_R1_001.fastq.gz	/hpcfs/fhome/xujy/YY_DATA/metadata/cg1_CHIP_seq_data/2025-Jul/Cgl1070-2_S138_R2_001.fastq.gz	/hpcfs/fhome/xujy/YY_DATA/metadata/cg1_CHIP_seq_data/2025-Jul/Cgl1070-2-Input_S186_R1_001.fastq.gz	/hpcfs/fhome/xujy/YY_DATA/metadata/cg1_CHIP_seq_data/2025-Jul/Cgl1070-2-Input_S186_R2_001.fastq.gz
Cgl1120-1	Cgl1120-1-Input	/hpcfs/fhome/xujy/YY_DATA/metadata/cg1_CHIP_seq_data/2025-Nov/Cgl1120-1_S23_R1_001.fastq.gz	/hpcfs/fhome/xujy/YY_DATA/metadata/cg1_CHIP_seq_data/2025-Nov/Cgl1120-1_S23_R2_001.fastq.gz	/hpcfs/fhome/xujy/YY_DATA/metadata/cg1_CHIP_seq_data/2025-Nov/Cgl1120-1-Input_S71_R1_001.fastq.gz	/hpcfs/fhome/xujy/YY_DATA/metadata/cg1_CHIP_seq_data/2025-Nov/Cgl1120-1-Input_S71_R2_001.fastq.gz
Cgl1120-2	Cgl1120-2-Input	/hpcfs/fhome/xujy/YY_DATA/metadata/cg1_CHIP_seq_data/2025-Nov/Cgl1120-2_S24_R1_001.fastq.gz	/hpcfs/fhome/xujy/YY_DATA/metadata/cg1_CHIP_seq_data/2025-Nov/Cgl1120-2_S24_R2_001.fastq.gz	/hpcfs/fhome/xujy/YY_DATA/metadata/cg1_CHIP_seq_data/2025-Nov/Cgl1120-2-Input_S72_R1_001.fastq.gz	/hpcfs/fhome/xujy/YY_DATA/metadata/cg1_CHIP_seq_data/2025-Nov/Cgl1120-2-Input_S72_R2_001.fastq.gz
Cgl1157-1	Cgl1157-1-Input	/hpcfs/fhome/xujy/YY_DATA/metadata/cg1_CHIP_seq_data/2025-Jul/Cgl1157-1_S1_R1_001.fastq.gz	/hpcfs/fhome/xujy/YY_DATA/metadata/cg1_CHIP_seq_data/2025-Jul/Cgl1157-1_S1_R2_001.fastq.gz	/hpcfs/fhome/xujy/YY_DATA/metadata/cg1_CHIP_seq_data/2025-Jul/Cgl1157-1-Input_S49_R1_001.fastq.gz	/hpcfs/fhome/xujy/YY_DATA/metadata/cg1_CHIP_seq_data/2025-Jul/Cgl1157-1-Input_S49_R2_001.fastq.gz
Cgl1157-2	Cgl1157-2-Input	/hpcfs/fhome/xujy/YY_DATA/metadata/cg1_CHIP_seq_data/2025-Jul/Cgl1157-2_S2_R1_001.fastq.gz	/hpcfs/fhome/xujy/YY_DATA/metadata/cg1_CHIP_seq_data/2025-Jul/Cgl1157-2_S2_R2_001.fastq.gz	/hpcfs/fhome/xujy/YY_DATA/metadata/cg1_CHIP_seq_data/2025-Jul/Cgl1157-2-Input_S50_R1_001.fastq.gz	/hpcfs/fhome/xujy/YY_DATA/metadata/cg1_CHIP_seq_data/2025-Jul/Cgl1157-2-Input_S50_R2_001.fastq.gz
Cgl1171-1	Cgl1171-1-Input	/hpcfs/fhome/xujy/YY_DATA/metadata/cg1_CHIP_seq_data/2025-Jul/Cgl1171-1_S27_R1_001.fastq.gz	/hpcfs/fhome/xujy/YY_DATA/metadata/cg1_CHIP_seq_data/2025-Jul/Cgl1171-1_S27_R2_001.fastq.gz	/hpcfs/fhome/xujy/YY_DATA/metadata/cg1_CHIP_seq_data/2025-Jul/Cgl1171-1-Input_S75_R1_001.fastq.gz	/hpcfs/fhome/xujy/YY_DATA/metadata/cg1_CHIP_seq_data/2025-Jul/Cgl1171-1-Input_S75_R2_001.fastq.gz
Cgl1171-2	Cgl1171-2-Input	/hpcfs/fhome/xujy/YY_DATA/metadata/cg1_CHIP_seq_data/2025-Jul/Cgl1171-2_S28_R1_001.fastq.gz	/hpcfs/fhome/xujy/YY_DATA/metadata/cg1_CHIP_seq_data/2025-Jul/Cgl1171-2_S28_R2_001.fastq.gz	/hpcfs/fhome/xujy/YY_DATA/metadata/cg1_CHIP_seq_data/2025-Jul/Cgl1171-2-Input_S76_R1_001.fastq.gz	/hpcfs/fhome/xujy/YY_DATA/metadata/cg1_CHIP_seq_data/2025-Jul/Cgl1171-2-Input_S76_R2_001.fastq.gz
Cgl1174-1	Cgl1174-1-Input	/hpcfs/fhome/xujy/YY_DATA/metadata/cg1_CHIP_seq_data/2025-Jul/Cgl1174-1_S3_R1_001.fastq.gz	/hpcfs/fhome/xujy/YY_DATA/metadata/cg1_CHIP_seq_data/2025-Jul/Cgl1174-1_S3_R2_001.fastq.gz	/hpcfs/fhome/xujy/YY_DATA/metadata/cg1_CHIP_seq_data/2025-Jul/Cgl1174-1-Input_S51_R1_001.fastq.gz	/hpcfs/fhome/xujy/YY_DATA/metadata/cg1_CHIP_seq_data/2025-Jul/Cgl1174-1-Input_S51_R2_001.fastq.gz
Cgl1174-2	Cgl1174-2-Input	/hpcfs/fhome/xujy/YY_DATA/metadata/cg1_CHIP_seq_data/2025-Jul/Cgl1174-2_S4_R1_001.fastq.gz	/hpcfs/fhome/xujy/YY_DATA/metadata/cg1_CHIP_seq_data/2025-Jul/Cgl1174-2_S4_R2_001.fastq.gz	/hpcfs/fhome/xujy/YY_DATA/metadata/cg1_CHIP_seq_data/2025-Jul/Cgl1174-2-Input_S52_R1_001.fastq.gz	/hpcfs/fhome/xujy/YY_DATA/metadata/cg1_CHIP_seq_data/2025-Jul/Cgl1174-2-Input_S52_R2_001.fastq.gz
Cgl1185-1	Cgl1185-1-Input	/hpcfs/fhome/xujy/YY_DATA/metadata/cg1_CHIP_seq_data/2025-Jul/Cgl1185-1_S5_R1_001.fastq.gz	/hpcfs/fhome/xujy/YY_DATA/metadata/cg1_CHIP_seq_data/2025-Jul/Cgl1185-1_S5_R2_001.fastq.gz	/hpcfs/fhome/xujy/YY_DATA/metadata/cg1_CHIP_seq_data/2025-Jul/Cgl1185-1-Input_S53_R1_001.fastq.gz	/hpcfs/fhome/xujy/YY_DATA/metadata/cg1_CHIP_seq_data/2025-Jul/Cgl1185-1-Input_S53_R2_001.fastq.gz
Cgl1185-2	Cgl1185-2-Input	/hpcfs/fhome/xujy/YY_DATA/metadata/cg1_CHIP_seq_data/2025-Jul/Cgl1185-2_S6_R1_001.fastq.gz	/hpcfs/fhome/xujy/YY_DATA/metadata/cg1_CHIP_seq_data/2025-Jul/Cgl1185-2_S6_R2_001.fastq.gz	/hpcfs/fhome/xujy/YY_DATA/metadata/cg1_CHIP_seq_data/2025-Jul/Cgl1185-2-Input_S54_R1_001.fastq.gz	/hpcfs/fhome/xujy/YY_DATA/metadata/cg1_CHIP_seq_data/2025-Jul/Cgl1185-2-Input_S54_R2_001.fastq.gz
Cgl1235-1	Cgl1235-1-Input	/hpcfs/fhome/xujy/YY_DATA/metadata/cg1_CHIP_seq_data/2025-Jul/Cgl1235-1_S7_R1_001.fastq.gz	/hpcfs/fhome/xujy/YY_DATA/metadata/cg1_CHIP_seq_data/2025-Jul/Cgl1235-1_S7_R2_001.fastq.gz	/hpcfs/fhome/xujy/YY_DATA/metadata/cg1_CHIP_seq_data/2025-Jul/Cgl1235-1-Input_S55_R1_001.fastq.gz	/hpcfs/fhome/xujy/YY_DATA/metadata/cg1_CHIP_seq_data/2025-Jul/Cgl1235-1-Input_S55_R2_001.fastq.gz
Cgl1235-2	Cgl1235-2-Input	/hpcfs/fhome/xujy/YY_DATA/metadata/cg1_CHIP_seq_data/2025-Jul/Cgl1235-2_S8_R1_001.fastq.gz	/hpcfs/fhome/xujy/YY_DATA/metadata/cg1_CHIP_seq_data/2025-Jul/Cgl1235-2_S8_R2_001.fastq.gz	/hpcfs/fhome/xujy/YY_DATA/metadata/cg1_CHIP_seq_data/2025-Jul/Cgl1235-2-Input_S56_R1_001.fastq.gz	/hpcfs/fhome/xujy/YY_DATA/metadata/cg1_CHIP_seq_data/2025-Jul/Cgl1235-2-Input_S56_R2_001.fastq.gz
Cgl1251-1	Cgl1251-1-Input	/hpcfs/fhome/xujy/YY_DATA/metadata/cg1_CHIP_seq_data/2025-Jul/Cgl1251-1_S29_R1_001.fastq.gz	/hpcfs/fhome/xujy/YY_DATA/metadata/cg1_CHIP_seq_data/2025-Jul/Cgl1251-1_S29_R2_001.fastq.gz	/hpcfs/fhome/xujy/YY_DATA/metadata/cg1_CHIP_seq_data/2025-Jul/Cgl1251-1-Input_S77_R1_001.fastq.gz	/hpcfs/fhome/xujy/YY_DATA/metadata/cg1_CHIP_seq_data/2025-Jul/Cgl1251-1-Input_S77_R2_001.fastq.gz
Cgl1251-2	Cgl1251-2-Input	/hpcfs/fhome/xujy/YY_DATA/metadata/cg1_CHIP_seq_data/2025-Jul/Cgl1251-2_S30_R1_001.fastq.gz	/hpcfs/fhome/xujy/YY_DATA/metadata/cg1_CHIP_seq_data/2025-Jul/Cgl1251-2_S30_R2_001.fastq.gz	/hpcfs/fhome/xujy/YY_DATA/metadata/cg1_CHIP_seq_data/2025-Jul/Cgl1251-2-Input_S78_R1_001.fastq.gz	/hpcfs/fhome/xujy/YY_DATA/metadata/cg1_CHIP_seq_data/2025-Jul/Cgl1251-2-Input_S78_R2_001.fastq.gz
Cgl1263-1	Cgl1263-1-Input	/hpcfs/fhome/xujy/YY_DATA/metadata/cg1_CHIP_seq_data/2025-Jul/Cgl1263-1_S9_R1_001.fastq.gz	/hpcfs/fhome/xujy/YY_DATA/metadata/cg1_CHIP_seq_data/2025-Jul/Cgl1263-1_S9_R2_001.fastq.gz	/hpcfs/fhome/xujy/YY_DATA/metadata/cg1_CHIP_seq_data/2025-Jul/Cgl1263-1-Input_S57_R1_001.fastq.gz	/hpcfs/fhome/xujy/YY_DATA/metadata/cg1_CHIP_seq_data/2025-Jul/Cgl1263-1-Input_S57_R2_001.fastq.gz
Cgl1263-2	Cgl1263-2-Input	/hpcfs/fhome/xujy/YY_DATA/metadata/cg1_CHIP_seq_data/2025-Jul/Cgl1263-2_S10_R1_001.fastq.gz	/hpcfs/fhome/xujy/YY_DATA/metadata/cg1_CHIP_seq_data/2025-Jul/Cgl1263-2_S10_R2_001.fastq.gz	/hpcfs/fhome/xujy/YY_DATA/metadata/cg1_CHIP_seq_data/2025-Jul/Cgl1263-2-Input_S58_R1_001.fastq.gz	/hpcfs/fhome/xujy/YY_DATA/metadata/cg1_CHIP_seq_data/2025-Jul/Cgl1263-2-Input_S58_R2_001.fastq.gz
Cgl1294-1	Cgl1294-1-Input	/hpcfs/fhome/xujy/YY_DATA/metadata/cg1_CHIP_seq_data/2025-Jul/Cgl1294-1_S11_R1_001.fastq.gz	/hpcfs/fhome/xujy/YY_DATA/metadata/cg1_CHIP_seq_data/2025-Jul/Cgl1294-1_S11_R2_001.fastq.gz	/hpcfs/fhome/xujy/YY_DATA/metadata/cg1_CHIP_seq_data/2025-Jul/Cgl1294-1-Input_S59_R1_001.fastq.gz	/hpcfs/fhome/xujy/YY_DATA/metadata/cg1_CHIP_seq_data/2025-Jul/Cgl1294-1-Input_S59_R2_001.fastq.gz
Cgl1294-2	Cgl1294-2-Input	/hpcfs/fhome/xujy/YY_DATA/metadata/cg1_CHIP_seq_data/2025-Jul/Cgl1294-2_S12_R1_001.fastq.gz	/hpcfs/fhome/xujy/YY_DATA/metadata/cg1_CHIP_seq_data/2025-Jul/Cgl1294-2_S12_R2_001.fastq.gz	/hpcfs/fhome/xujy/YY_DATA/metadata/cg1_CHIP_seq_data/2025-Jul/Cgl1294-2-Input_S60_R1_001.fastq.gz	/hpcfs/fhome/xujy/YY_DATA/metadata/cg1_CHIP_seq_data/2025-Jul/Cgl1294-2-Input_S60_R2_001.fastq.gz
Cgl1297-1	Cgl1297-1-Input	/hpcfs/fhome/xujy/YY_DATA/metadata/cg1_CHIP_seq_data/2025-Jul/Cgl1297-1_S13_R1_001.fastq.gz	/hpcfs/fhome/xujy/YY_DATA/metadata/cg1_CHIP_seq_data/2025-Jul/Cgl1297-1_S13_R2_001.fastq.gz	/hpcfs/fhome/xujy/YY_DATA/metadata/cg1_CHIP_seq_data/2025-Jul/Cgl1297-1-Input_S61_R1_001.fastq.gz	/hpcfs/fhome/xujy/YY_DATA/metadata/cg1_CHIP_seq_data/2025-Jul/Cgl1297-1-Input_S61_R2_001.fastq.gz
Cgl1297-2	Cgl1297-2-Input	/hpcfs/fhome/xujy/YY_DATA/metadata/cg1_CHIP_seq_data/2025-Jul/Cgl1297-2_S14_R1_001.fastq.gz	/hpcfs/fhome/xujy/YY_DATA/metadata/cg1_CHIP_seq_data/2025-Jul/Cgl1297-2_S14_R2_001.fastq.gz	/hpcfs/fhome/xujy/YY_DATA/metadata/cg1_CHIP_seq_data/2025-Jul/Cgl1297-2-Input_S62_R1_001.fastq.gz	/hpcfs/fhome/xujy/YY_DATA/metadata/cg1_CHIP_seq_data/2025-Jul/Cgl1297-2-Input_S62_R2_001.fastq.gz
Cgl1314-1	Cgl1314-1-Input	/hpcfs/fhome/xujy/YY_DATA/metadata/cg1_CHIP_seq_data/2025-Jul/Cgl1314-1_S15_R1_001.fastq.gz	/hpcfs/fhome/xujy/YY_DATA/metadata/cg1_CHIP_seq_data/2025-Jul/Cgl1314-1_S15_R2_001.fastq.gz	/hpcfs/fhome/xujy/YY_DATA/metadata/cg1_CHIP_seq_data/2025-Jul/Cgl1314-1-Input_S63_R1_001.fastq.gz	/hpcfs/fhome/xujy/YY_DATA/metadata/cg1_CHIP_seq_data/2025-Jul/Cgl1314-1-Input_S63_R2_001.fastq.gz
Cgl1314-2	Cgl1314-2-Input	/hpcfs/fhome/xujy/YY_DATA/metadata/cg1_CHIP_seq_data/2025-Jul/Cgl1314-2_S16_R1_001.fastq.gz	/hpcfs/fhome/xujy/YY_DATA/metadata/cg1_CHIP_seq_data/2025-Jul/Cgl1314-2_S16_R2_001.fastq.gz	/hpcfs/fhome/xujy/YY_DATA/metadata/cg1_CHIP_seq_data/2025-Jul/Cgl1314-2-Input_S64_R1_001.fastq.gz	/hpcfs/fhome/xujy/YY_DATA/metadata/cg1_CHIP_seq_data/2025-Jul/Cgl1314-2-Input_S64_R2_001.fastq.gz
Cgl1355-1	Cgl1355-1-Input	/hpcfs/fhome/xujy/YY_DATA/metadata/cg1_CHIP_seq_data/2025-Jul/Cgl1355-1_S31_R1_001.fastq.gz	/hpcfs/fhome/xujy/YY_DATA/metadata/cg1_CHIP_seq_data/2025-Jul/Cgl1355-1_S31_R2_001.fastq.gz	/hpcfs/fhome/xujy/YY_DATA/metadata/cg1_CHIP_seq_data/2025-Jul/Cgl1355-1-Input_S79_R1_001.fastq.gz	/hpcfs/fhome/xujy/YY_DATA/metadata/cg1_CHIP_seq_data/2025-Jul/Cgl1355-1-Input_S79_R2_001.fastq.gz
Cgl1355-2	Cgl1355-2-Input	/hpcfs/fhome/xujy/YY_DATA/metadata/cg1_CHIP_seq_data/2025-Jul/Cgl1355-2_S32_R1_001.fastq.gz	/hpcfs/fhome/xujy/YY_DATA/metadata/cg1_CHIP_seq_data/2025-Jul/Cgl1355-2_S32_R2_001.fastq.gz	/hpcfs/fhome/xujy/YY_DATA/metadata/cg1_CHIP_seq_data/2025-Jul/Cgl1355-2-Input_S80_R1_001.fastq.gz	/hpcfs/fhome/xujy/YY_DATA/metadata/cg1_CHIP_seq_data/2025-Jul/Cgl1355-2-Input_S80_R2_001.fastq.gz
Cgl1367-1	Cgl1367-1-Input	/hpcfs/fhome/xujy/YY_DATA/metadata/cg1_CHIP_seq_data/2025-Jul/Cgl1367-1_S33_R1_001.fastq.gz	/hpcfs/fhome/xujy/YY_DATA/metadata/cg1_CHIP_seq_data/2025-Jul/Cgl1367-1_S33_R2_001.fastq.gz	/hpcfs/fhome/xujy/YY_DATA/metadata/cg1_CHIP_seq_data/2025-Jul/Cgl1367-1-Input_S81_R1_001.fastq.gz	/hpcfs/fhome/xujy/YY_DATA/metadata/cg1_CHIP_seq_data/2025-Jul/Cgl1367-1-Input_S81_R2_001.fastq.gz
Cgl1367-2	Cgl1367-2-Input	/hpcfs/fhome/xujy/YY_DATA/metadata/cg1_CHIP_seq_data/2025-Jul/Cgl1367-2_S34_R1_001.fastq.gz	/hpcfs/fhome/xujy/YY_DATA/metadata/cg1_CHIP_seq_data/2025-Jul/Cgl1367-2_S34_R2_001.fastq.gz	/hpcfs/fhome/xujy/YY_DATA/metadata/cg1_CHIP_seq_data/2025-Jul/Cgl1367-2-Input_S82_R1_001.fastq.gz	/hpcfs/fhome/xujy/YY_DATA/metadata/cg1_CHIP_seq_data/2025-Jul/Cgl1367-2-Input_S82_R2_001.fastq.gz
Cgl1371-1	Cgl1371-1-Input	/hpcfs/fhome/xujy/YY_DATA/metadata/cg1_CHIP_seq_data/2025-Jul/Cgl1371-1_S17_R1_001.fastq.gz	/hpcfs/fhome/xujy/YY_DATA/metadata/cg1_CHIP_seq_data/2025-Jul/Cgl1371-1_S17_R2_001.fastq.gz	/hpcfs/fhome/xujy/YY_DATA/metadata/cg1_CHIP_seq_data/2025-Jul/Cgl1371-1-Input_S65_R1_001.fastq.gz	/hpcfs/fhome/xujy/YY_DATA/metadata/cg1_CHIP_seq_data/2025-Jul/Cgl1371-1-Input_S65_R2_001.fastq.gz
Cgl1371-2	Cgl1371-2-Input	/hpcfs/fhome/xujy/YY_DATA/metadata/cg1_CHIP_seq_data/2025-Jul/Cgl1371-2_S18_R1_001.fastq.gz	/hpcfs/fhome/xujy/YY_DATA/metadata/cg1_CHIP_seq_data/2025-Jul/Cgl1371-2_S18_R2_001.fastq.gz	/hpcfs/fhome/xujy/YY_DATA/metadata/cg1_CHIP_seq_data/2025-Jul/Cgl1371-2-Input_S66_R1_001.fastq.gz	/hpcfs/fhome/xujy/YY_DATA/metadata/cg1_CHIP_seq_data/2025-Jul/Cgl1371-2-Input_S66_R2_001.fastq.gz
Cgl1399-1	Cgl1399-1-Input	/hpcfs/fhome/xujy/YY_DATA/metadata/cg1_CHIP_seq_data/2025-Jul/Cgl1399-1_S19_R1_001.fastq.gz	/hpcfs/fhome/xujy/YY_DATA/metadata/cg1_CHIP_seq_data/2025-Jul/Cgl1399-1_S19_R2_001.fastq.gz	/hpcfs/fhome/xujy/YY_DATA/metadata/cg1_CHIP_seq_data/2025-Jul/Cgl1399-1-Input_S67_R1_001.fastq.gz	/hpcfs/fhome/xujy/YY_DATA/metadata/cg1_CHIP_seq_data/2025-Jul/Cgl1399-1-Input_S67_R2_001.fastq.gz
Cgl1399-2	Cgl1399-2-Input	/hpcfs/fhome/xujy/YY_DATA/metadata/cg1_CHIP_seq_data/2025-Jul/Cgl1399-2_S20_R1_001.fastq.gz	/hpcfs/fhome/xujy/YY_DATA/metadata/cg1_CHIP_seq_data/2025-Jul/Cgl1399-2_S20_R2_001.fastq.gz	/hpcfs/fhome/xujy/YY_DATA/metadata/cg1_CHIP_seq_data/2025-Jul/Cgl1399-2-Input_S68_R1_001.fastq.gz	/hpcfs/fhome/xujy/YY_DATA/metadata/cg1_CHIP_seq_data/2025-Jul/Cgl1399-2-Input_S68_R2_001.fastq.gz
Cgl1425-1	Cgl1425-1-Input	/hpcfs/fhome/xujy/YY_DATA/metadata/cg1_CHIP_seq_data/2025-Nov/Cgl1425-1_S45_R1_001.fastq.gz	/hpcfs/fhome/xujy/YY_DATA/metadata/cg1_CHIP_seq_data/2025-Nov/Cgl1425-1_S45_R2_001.fastq.gz	/hpcfs/fhome/xujy/YY_DATA/metadata/cg1_CHIP_seq_data/2025-Nov/Cgl1425-1-Input_S93_R1_001.fastq.gz	/hpcfs/fhome/xujy/YY_DATA/metadata/cg1_CHIP_seq_data/2025-Nov/Cgl1425-1-Input_S93_R2_001.fastq.gz
Cgl1425-2	Cgl1425-2-Input	/hpcfs/fhome/xujy/YY_DATA/metadata/cg1_CHIP_seq_data/2025-Nov/Cgl1425-2_S46_R1_001.fastq.gz	/hpcfs/fhome/xujy/YY_DATA/metadata/cg1_CHIP_seq_data/2025-Nov/Cgl1425-2_S46_R2_001.fastq.gz	/hpcfs/fhome/xujy/YY_DATA/metadata/cg1_CHIP_seq_data/2025-Nov/Cgl1425-2-Input_S94_R1_001.fastq.gz	/hpcfs/fhome/xujy/YY_DATA/metadata/cg1_CHIP_seq_data/2025-Nov/Cgl1425-2-Input_S94_R2_001.fastq.gz
Cgl1442-1	Cgl1442-1-Input	/hpcfs/fhome/xujy/YY_DATA/metadata/cg1_CHIP_seq_data/2025-Jul/Cgl1442-1_S21_R1_001.fastq.gz	/hpcfs/fhome/xujy/YY_DATA/metadata/cg1_CHIP_seq_data/2025-Jul/Cgl1442-1_S21_R2_001.fastq.gz	/hpcfs/fhome/xujy/YY_DATA/metadata/cg1_CHIP_seq_data/2025-Jul/Cgl1442-1-Input_S69_R1_001.fastq.gz	/hpcfs/fhome/xujy/YY_DATA/metadata/cg1_CHIP_seq_data/2025-Jul/Cgl1442-1-Input_S69_R2_001.fastq.gz
Cgl1442-2	Cgl1442-2-Input	/hpcfs/fhome/xujy/YY_DATA/metadata/cg1_CHIP_seq_data/2025-Jul/Cgl1442-2_S22_R1_001.fastq.gz	/hpcfs/fhome/xujy/YY_DATA/metadata/cg1_CHIP_seq_data/2025-Jul/Cgl1442-2_S22_R2_001.fastq.gz	/hpcfs/fhome/xujy/YY_DATA/metadata/cg1_CHIP_seq_data/2025-Jul/Cgl1442-2-Input_S70_R1_001.fastq.gz	/hpcfs/fhome/xujy/YY_DATA/metadata/cg1_CHIP_seq_data/2025-Jul/Cgl1442-2-Input_S70_R2_001.fastq.gz
Cgl1444-1	Cgl1444-1-Input	/hpcfs/fhome/xujy/YY_DATA/metadata/cg1_CHIP_seq_data/2025-Jul/Cgl1444-1_S23_R1_001.fastq.gz	/hpcfs/fhome/xujy/YY_DATA/metadata/cg1_CHIP_seq_data/2025-Jul/Cgl1444-1_S23_R2_001.fastq.gz	/hpcfs/fhome/xujy/YY_DATA/metadata/cg1_CHIP_seq_data/2025-Jul/Cgl1444-1-Input_S71_R1_001.fastq.gz	/hpcfs/fhome/xujy/YY_DATA/metadata/cg1_CHIP_seq_data/2025-Jul/Cgl1444-1-Input_S71_R2_001.fastq.gz
Cgl1444-2	Cgl1444-2-Input	/hpcfs/fhome/xujy/YY_DATA/metadata/cg1_CHIP_seq_data/2025-Jul/Cgl1444-2_S24_R1_001.fastq.gz	/hpcfs/fhome/xujy/YY_DATA/metadata/cg1_CHIP_seq_data/2025-Jul/Cgl1444-2_S24_R2_001.fastq.gz	/hpcfs/fhome/xujy/YY_DATA/metadata/cg1_CHIP_seq_data/2025-Jul/Cgl1444-2-Input_S72_R1_001.fastq.gz	/hpcfs/fhome/xujy/YY_DATA/metadata/cg1_CHIP_seq_data/2025-Jul/Cgl1444-2-Input_S72_R2_001.fastq.gz
Cgl1457-1	Cgl1457-1-Input	/hpcfs/fhome/xujy/YY_DATA/metadata/cg1_CHIP_seq_data/2025-Jul/Cgl1457-1_S37_R1_001.fastq.gz	/hpcfs/fhome/xujy/YY_DATA/metadata/cg1_CHIP_seq_data/2025-Jul/Cgl1457-1_S37_R2_001.fastq.gz	/hpcfs/fhome/xujy/YY_DATA/metadata/cg1_CHIP_seq_data/2025-Jul/Cgl1457-1-Input_S85_R1_001.fastq.gz	/hpcfs/fhome/xujy/YY_DATA/metadata/cg1_CHIP_seq_data/2025-Jul/Cgl1457-1-Input_S85_R2_001.fastq.gz
Cgl1457-2	Cgl1457-2-Input	/hpcfs/fhome/xujy/YY_DATA/metadata/cg1_CHIP_seq_data/2025-Jul/Cgl1457-2_S38_R1_001.fastq.gz	/hpcfs/fhome/xujy/YY_DATA/metadata/cg1_CHIP_seq_data/2025-Jul/Cgl1457-2_S38_R2_001.fastq.gz	/hpcfs/fhome/xujy/YY_DATA/metadata/cg1_CHIP_seq_data/2025-Jul/Cgl1457-2-Input_S86_R1_001.fastq.gz	/hpcfs/fhome/xujy/YY_DATA/metadata/cg1_CHIP_seq_data/2025-Jul/Cgl1457-2-Input_S86_R2_001.fastq.gz
Cgl1492-1	Cgl1492-1-Input	/hpcfs/fhome/xujy/YY_DATA/metadata/cg1_CHIP_seq_data/2025-Jul/Cgl1492-1_S25_R1_001.fastq.gz	/hpcfs/fhome/xujy/YY_DATA/metadata/cg1_CHIP_seq_data/2025-Jul/Cgl1492-1_S25_R2_001.fastq.gz	/hpcfs/fhome/xujy/YY_DATA/metadata/cg1_CHIP_seq_data/2025-Jul/Cgl1492-1-Input_S73_R1_001.fastq.gz	/hpcfs/fhome/xujy/YY_DATA/metadata/cg1_CHIP_seq_data/2025-Jul/Cgl1492-1-Input_S73_R2_001.fastq.gz
Cgl1492-2	Cgl1492-2-Input	/hpcfs/fhome/xujy/YY_DATA/metadata/cg1_CHIP_seq_data/2025-Jul/Cgl1492-2_S26_R1_001.fastq.gz	/hpcfs/fhome/xujy/YY_DATA/metadata/cg1_CHIP_seq_data/2025-Jul/Cgl1492-2_S26_R2_001.fastq.gz	/hpcfs/fhome/xujy/YY_DATA/metadata/cg1_CHIP_seq_data/2025-Jul/Cgl1492-2-Input_S74_R1_001.fastq.gz	/hpcfs/fhome/xujy/YY_DATA/metadata/cg1_CHIP_seq_data/2025-Jul/Cgl1492-2-Input_S74_R2_001.fastq.gz
Cgl1493-1	Cgl1493-1-Input	/hpcfs/fhome/xujy/YY_DATA/metadata/cg1_CHIP_seq_data/2025-Nov/Cgl1493-1_S25_R1_001.fastq.gz	/hpcfs/fhome/xujy/YY_DATA/metadata/cg1_CHIP_seq_data/2025-Nov/Cgl1493-1_S25_R2_001.fastq.gz	/hpcfs/fhome/xujy/YY_DATA/metadata/cg1_CHIP_seq_data/2025-Nov/Cgl1493-1-Input_S73_R1_001.fastq.gz	/hpcfs/fhome/xujy/YY_DATA/metadata/cg1_CHIP_seq_data/2025-Nov/Cgl1493-1-Input_S73_R2_001.fastq.gz
Cgl1493-2	Cgl1493-2-Input	/hpcfs/fhome/xujy/YY_DATA/metadata/cg1_CHIP_seq_data/2025-Nov/Cgl1493-2_S26_R1_001.fastq.gz	/hpcfs/fhome/xujy/YY_DATA/metadata/cg1_CHIP_seq_data/2025-Nov/Cgl1493-2_S26_R2_001.fastq.gz	/hpcfs/fhome/xujy/YY_DATA/metadata/cg1_CHIP_seq_data/2025-Nov/Cgl1493-2-Input_S74_R1_001.fastq.gz	/hpcfs/fhome/xujy/YY_DATA/metadata/cg1_CHIP_seq_data/2025-Nov/Cgl1493-2-Input_S74_R2_001.fastq.gz
Cgl1534-1	Cgl1534-1-Input	/hpcfs/fhome/xujy/YY_DATA/metadata/cg1_CHIP_seq_data/2025-Jul/Cgl1534-1_S39_R1_001.fastq.gz	/hpcfs/fhome/xujy/YY_DATA/metadata/cg1_CHIP_seq_data/2025-Jul/Cgl1534-1_S39_R2_001.fastq.gz	/hpcfs/fhome/xujy/YY_DATA/metadata/cg1_CHIP_seq_data/2025-Jul/Cgl1534-1-Input_S87_R1_001.fastq.gz	/hpcfs/fhome/xujy/YY_DATA/metadata/cg1_CHIP_seq_data/2025-Jul/Cgl1534-1-Input_S87_R2_001.fastq.gz
Cgl1534-2	Cgl1534-2-Input	/hpcfs/fhome/xujy/YY_DATA/metadata/cg1_CHIP_seq_data/2025-Jul/Cgl1534-2_S40_R1_001.fastq.gz	/hpcfs/fhome/xujy/YY_DATA/metadata/cg1_CHIP_seq_data/2025-Jul/Cgl1534-2_S40_R2_001.fastq.gz	/hpcfs/fhome/xujy/YY_DATA/metadata/cg1_CHIP_seq_data/2025-Jul/Cgl1534-2-Input_S88_R1_001.fastq.gz	/hpcfs/fhome/xujy/YY_DATA/metadata/cg1_CHIP_seq_data/2025-Jul/Cgl1534-2-Input_S88_R2_001.fastq.gz
Cgl1541-1	Cgl1541-1-Input	/hpcfs/fhome/xujy/YY_DATA/metadata/cg1_CHIP_seq_data/2025-Jul/Cgl1541-1_S41_R1_001.fastq.gz	/hpcfs/fhome/xujy/YY_DATA/metadata/cg1_CHIP_seq_data/2025-Jul/Cgl1541-1_S41_R2_001.fastq.gz	/hpcfs/fhome/xujy/YY_DATA/metadata/cg1_CHIP_seq_data/2025-Jul/Cgl1541-1-Input_S89_R1_001.fastq.gz	/hpcfs/fhome/xujy/YY_DATA/metadata/cg1_CHIP_seq_data/2025-Jul/Cgl1541-1-Input_S89_R2_001.fastq.gz
Cgl1541-2	Cgl1541-2-Input	/hpcfs/fhome/xujy/YY_DATA/metadata/cg1_CHIP_seq_data/2025-Jul/Cgl1541-2_S42_R1_001.fastq.gz	/hpcfs/fhome/xujy/YY_DATA/metadata/cg1_CHIP_seq_data/2025-Jul/Cgl1541-2_S42_R2_001.fastq.gz	/hpcfs/fhome/xujy/YY_DATA/metadata/cg1_CHIP_seq_data/2025-Jul/Cgl1541-2-Input_S90_R1_001.fastq.gz	/hpcfs/fhome/xujy/YY_DATA/metadata/cg1_CHIP_seq_data/2025-Jul/Cgl1541-2-Input_S90_R2_001.fastq.gz
Cgl1563-1	Cgl1563-1-Input	/hpcfs/fhome/xujy/YY_DATA/metadata/cg1_CHIP_seq_data/2025-Jul/Cgl1563-1_S29_R1_001.fastq.gz	/hpcfs/fhome/xujy/YY_DATA/metadata/cg1_CHIP_seq_data/2025-Jul/Cgl1563-1_S29_R2_001.fastq.gz	/hpcfs/fhome/xujy/YY_DATA/metadata/cg1_CHIP_seq_data/2025-Jul/Cgl1563-1-Input_S77_R1_001.fastq.gz	/hpcfs/fhome/xujy/YY_DATA/metadata/cg1_CHIP_seq_data/2025-Jul/Cgl1563-1-Input_S77_R2_001.fastq.gz
Cgl1563-2	Cgl1563-2-Input	/hpcfs/fhome/xujy/YY_DATA/metadata/cg1_CHIP_seq_data/2025-Jul/Cgl1563-2_S30_R1_001.fastq.gz	/hpcfs/fhome/xujy/YY_DATA/metadata/cg1_CHIP_seq_data/2025-Jul/Cgl1563-2_S30_R2_001.fastq.gz	/hpcfs/fhome/xujy/YY_DATA/metadata/cg1_CHIP_seq_data/2025-Jul/Cgl1563-2-Input_S78_R1_001.fastq.gz	/hpcfs/fhome/xujy/YY_DATA/metadata/cg1_CHIP_seq_data/2025-Jul/Cgl1563-2-Input_S78_R2_001.fastq.gz
Cgl1564-1	Cgl1564-1-Input	/hpcfs/fhome/xujy/YY_DATA/metadata/cg1_CHIP_seq_data/2025-Jul/Cgl1564-1_S31_R1_001.fastq.gz	/hpcfs/fhome/xujy/YY_DATA/metadata/cg1_CHIP_seq_data/2025-Jul/Cgl1564-1_S31_R2_001.fastq.gz	/hpcfs/fhome/xujy/YY_DATA/metadata/cg1_CHIP_seq_data/2025-Jul/Cgl1564-1-Input_S79_R1_001.fastq.gz	/hpcfs/fhome/xujy/YY_DATA/metadata/cg1_CHIP_seq_data/2025-Jul/Cgl1564-1-Input_S79_R2_001.fastq.gz
Cgl1564-2	Cgl1564-2-Input	/hpcfs/fhome/xujy/YY_DATA/metadata/cg1_CHIP_seq_data/2025-Jul/Cgl1564-2_S32_R1_001.fastq.gz	/hpcfs/fhome/xujy/YY_DATA/metadata/cg1_CHIP_seq_data/2025-Jul/Cgl1564-2_S32_R2_001.fastq.gz	/hpcfs/fhome/xujy/YY_DATA/metadata/cg1_CHIP_seq_data/2025-Jul/Cgl1564-2-Input_S80_R1_001.fastq.gz	/hpcfs/fhome/xujy/YY_DATA/metadata/cg1_CHIP_seq_data/2025-Jul/Cgl1564-2-Input_S80_R2_001.fastq.gz
Cgl1565-1	Cgl1565-1-Input	/hpcfs/fhome/xujy/YY_DATA/metadata/cg1_CHIP_seq_data/2025-Jul/Cgl1565-1_S33_R1_001.fastq.gz	/hpcfs/fhome/xujy/YY_DATA/metadata/cg1_CHIP_seq_data/2025-Jul/Cgl1565-1_S33_R2_001.fastq.gz	/hpcfs/fhome/xujy/YY_DATA/metadata/cg1_CHIP_seq_data/2025-Jul/Cgl1565-1-Input_S81_R1_001.fastq.gz	/hpcfs/fhome/xujy/YY_DATA/metadata/cg1_CHIP_seq_data/2025-Jul/Cgl1565-1-Input_S81_R2_001.fastq.gz
Cgl1565-2	Cgl1565-2-Input	/hpcfs/fhome/xujy/YY_DATA/metadata/cg1_CHIP_seq_data/2025-Jul/Cgl1565-2_S34_R1_001.fastq.gz	/hpcfs/fhome/xujy/YY_DATA/metadata/cg1_CHIP_seq_data/2025-Jul/Cgl1565-2_S34_R2_001.fastq.gz	/hpcfs/fhome/xujy/YY_DATA/metadata/cg1_CHIP_seq_data/2025-Jul/Cgl1565-2-Input_S82_R1_001.fastq.gz	/hpcfs/fhome/xujy/YY_DATA/metadata/cg1_CHIP_seq_data/2025-Jul/Cgl1565-2-Input_S82_R2_001.fastq.gz
Cgl1589-1	Cgl1589-1-Input	/hpcfs/fhome/xujy/YY_DATA/metadata/cg1_CHIP_seq_data/2025-Jul/Cgl1589-1_S35_R1_001.fastq.gz	/hpcfs/fhome/xujy/YY_DATA/metadata/cg1_CHIP_seq_data/2025-Jul/Cgl1589-1_S35_R2_001.fastq.gz	/hpcfs/fhome/xujy/YY_DATA/metadata/cg1_CHIP_seq_data/2025-Jul/Cgl1589-1-Input_S83_R1_001.fastq.gz	/hpcfs/fhome/xujy/YY_DATA/metadata/cg1_CHIP_seq_data/2025-Jul/Cgl1589-1-Input_S83_R2_001.fastq.gz
Cgl1589-2	Cgl1589-2-Input	/hpcfs/fhome/xujy/YY_DATA/metadata/cg1_CHIP_seq_data/2025-Jul/Cgl1589-2_S36_R1_001.fastq.gz	/hpcfs/fhome/xujy/YY_DATA/metadata/cg1_CHIP_seq_data/2025-Jul/Cgl1589-2_S36_R2_001.fastq.gz	/hpcfs/fhome/xujy/YY_DATA/metadata/cg1_CHIP_seq_data/2025-Jul/Cgl1589-2-Input_S84_R1_001.fastq.gz	/hpcfs/fhome/xujy/YY_DATA/metadata/cg1_CHIP_seq_data/2025-Jul/Cgl1589-2-Input_S84_R2_001.fastq.gz
Cgl1613-1	Cgl1613-1-Input	/hpcfs/fhome/xujy/YY_DATA/metadata/cg1_CHIP_seq_data/2025-Jul/Cgl1613-1_S37_R1_001.fastq.gz	/hpcfs/fhome/xujy/YY_DATA/metadata/cg1_CHIP_seq_data/2025-Jul/Cgl1613-1_S37_R2_001.fastq.gz	/hpcfs/fhome/xujy/YY_DATA/metadata/cg1_CHIP_seq_data/2025-Jul/Cgl1613-1-Input_S85_R1_001.fastq.gz	/hpcfs/fhome/xujy/YY_DATA/metadata/cg1_CHIP_seq_data/2025-Jul/Cgl1613-1-Input_S85_R2_001.fastq.gz
Cgl1613-2	Cgl1613-2-Input	/hpcfs/fhome/xujy/YY_DATA/metadata/cg1_CHIP_seq_data/2025-Jul/Cgl1613-2_S38_R1_001.fastq.gz	/hpcfs/fhome/xujy/YY_DATA/metadata/cg1_CHIP_seq_data/2025-Jul/Cgl1613-2_S38_R2_001.fastq.gz	/hpcfs/fhome/xujy/YY_DATA/metadata/cg1_CHIP_seq_data/2025-Jul/Cgl1613-2-Input_S86_R1_001.fastq.gz	/hpcfs/fhome/xujy/YY_DATA/metadata/cg1_CHIP_seq_data/2025-Jul/Cgl1613-2-Input_S86_R2_001.fastq.gz
Cgl1625-1	Cgl1625-1-Input	/hpcfs/fhome/xujy/YY_DATA/metadata/cg1_CHIP_seq_data/2025-Jul/Cgl1625-1_S43_R1_001.fastq.gz	/hpcfs/fhome/xujy/YY_DATA/metadata/cg1_CHIP_seq_data/2025-Jul/Cgl1625-1_S43_R2_001.fastq.gz	/hpcfs/fhome/xujy/YY_DATA/metadata/cg1_CHIP_seq_data/2025-Jul/Cgl1625-1-Input_S91_R1_001.fastq.gz	/hpcfs/fhome/xujy/YY_DATA/metadata/cg1_CHIP_seq_data/2025-Jul/Cgl1625-1-Input_S91_R2_001.fastq.gz
Cgl1625-2	Cgl1625-2-Input	/hpcfs/fhome/xujy/YY_DATA/metadata/cg1_CHIP_seq_data/2025-Jul/Cgl1625-2_S44_R1_001.fastq.gz	/hpcfs/fhome/xujy/YY_DATA/metadata/cg1_CHIP_seq_data/2025-Jul/Cgl1625-2_S44_R2_001.fastq.gz	/hpcfs/fhome/xujy/YY_DATA/metadata/cg1_CHIP_seq_data/2025-Jul/Cgl1625-2-Input_S92_R1_001.fastq.gz	/hpcfs/fhome/xujy/YY_DATA/metadata/cg1_CHIP_seq_data/2025-Jul/Cgl1625-2-Input_S92_R2_001.fastq.gz
Cgl1640-1	Cgl1640-1-Input	/hpcfs/fhome/xujy/YY_DATA/metadata/cg1_CHIP_seq_data/2025-Jul/Cgl1640-1_S39_R1_001.fastq.gz	/hpcfs/fhome/xujy/YY_DATA/metadata/cg1_CHIP_seq_data/2025-Jul/Cgl1640-1_S39_R2_001.fastq.gz	/hpcfs/fhome/xujy/YY_DATA/metadata/cg1_CHIP_seq_data/2025-Jul/Cgl1640-1-Input_S87_R1_001.fastq.gz	/hpcfs/fhome/xujy/YY_DATA/metadata/cg1_CHIP_seq_data/2025-Jul/Cgl1640-1-Input_S87_R2_001.fastq.gz
Cgl1640-2	Cgl1640-2-Input	/hpcfs/fhome/xujy/YY_DATA/metadata/cg1_CHIP_seq_data/2025-Jul/Cgl1640-2_S40_R1_001.fastq.gz	/hpcfs/fhome/xujy/YY_DATA/metadata/cg1_CHIP_seq_data/2025-Jul/Cgl1640-2_S40_R2_001.fastq.gz	/hpcfs/fhome/xujy/YY_DATA/metadata/cg1_CHIP_seq_data/2025-Jul/Cgl1640-2-Input_S88_R1_001.fastq.gz	/hpcfs/fhome/xujy/YY_DATA/metadata/cg1_CHIP_seq_data/2025-Jul/Cgl1640-2-Input_S88_R2_001.fastq.gz
Cgl1653-1	Cgl1653-1-Input	/hpcfs/fhome/xujy/YY_DATA/metadata/cg1_CHIP_seq_data/2025-Jul/Cgl1653-1_S41_R1_001.fastq.gz	/hpcfs/fhome/xujy/YY_DATA/metadata/cg1_CHIP_seq_data/2025-Jul/Cgl1653-1_S41_R2_001.fastq.gz	/hpcfs/fhome/xujy/YY_DATA/metadata/cg1_CHIP_seq_data/2025-Jul/Cgl1653-1-Input_S89_R1_001.fastq.gz	/hpcfs/fhome/xujy/YY_DATA/metadata/cg1_CHIP_seq_data/2025-Jul/Cgl1653-1-Input_S89_R2_001.fastq.gz
Cgl1653-2	Cgl1653-2-Input	/hpcfs/fhome/xujy/YY_DATA/metadata/cg1_CHIP_seq_data/2025-Jul/Cgl1653-2_S42_R1_001.fastq.gz	/hpcfs/fhome/xujy/YY_DATA/metadata/cg1_CHIP_seq_data/2025-Jul/Cgl1653-2_S42_R2_001.fastq.gz	/hpcfs/fhome/xujy/YY_DATA/metadata/cg1_CHIP_seq_data/2025-Jul/Cgl1653-2-Input_S90_R1_001.fastq.gz	/hpcfs/fhome/xujy/YY_DATA/metadata/cg1_CHIP_seq_data/2025-Jul/Cgl1653-2-Input_S90_R2_001.fastq.gz
Cgl1663-1	Cgl1663-1-Input	/hpcfs/fhome/xujy/YY_DATA/metadata/cg1_CHIP_seq_data/2025-Jul/Cgl1663-1_S97_R1_001.fastq.gz	/hpcfs/fhome/xujy/YY_DATA/metadata/cg1_CHIP_seq_data/2025-Jul/Cgl1663-1_S97_R2_001.fastq.gz	/hpcfs/fhome/xujy/YY_DATA/metadata/cg1_CHIP_seq_data/2025-Jul/Cgl1663-1-Input_S145_R1_001.fastq.gz	/hpcfs/fhome/xujy/YY_DATA/metadata/cg1_CHIP_seq_data/2025-Jul/Cgl1663-1-Input_S145_R2_001.fastq.gz
Cgl1663-2	Cgl1663-2-Input	/hpcfs/fhome/xujy/YY_DATA/metadata/cg1_CHIP_seq_data/2025-Jul/Cgl1663-2_S98_R1_001.fastq.gz	/hpcfs/fhome/xujy/YY_DATA/metadata/cg1_CHIP_seq_data/2025-Jul/Cgl1663-2_S98_R2_001.fastq.gz	/hpcfs/fhome/xujy/YY_DATA/metadata/cg1_CHIP_seq_data/2025-Jul/Cgl1663-2-Input_S146_R1_001.fastq.gz	/hpcfs/fhome/xujy/YY_DATA/metadata/cg1_CHIP_seq_data/2025-Jul/Cgl1663-2-Input_S146_R2_001.fastq.gz
Cgl1718-1	Cgl1718-1-Input	/hpcfs/fhome/xujy/YY_DATA/metadata/cg1_CHIP_seq_data/2025-Nov/Cgl1718-1_S27_R1_001.fastq.gz	/hpcfs/fhome/xujy/YY_DATA/metadata/cg1_CHIP_seq_data/2025-Nov/Cgl1718-1_S27_R2_001.fastq.gz	/hpcfs/fhome/xujy/YY_DATA/metadata/cg1_CHIP_seq_data/2025-Nov/Cgl1718-1-Input_S75_R1_001.fastq.gz	/hpcfs/fhome/xujy/YY_DATA/metadata/cg1_CHIP_seq_data/2025-Nov/Cgl1718-1-Input_S75_R2_001.fastq.gz
Cgl1718-2	Cgl1718-2-Input	/hpcfs/fhome/xujy/YY_DATA/metadata/cg1_CHIP_seq_data/2025-Nov/Cgl1718-2_S28_R1_001.fastq.gz	/hpcfs/fhome/xujy/YY_DATA/metadata/cg1_CHIP_seq_data/2025-Nov/Cgl1718-2_S28_R2_001.fastq.gz	/hpcfs/fhome/xujy/YY_DATA/metadata/cg1_CHIP_seq_data/2025-Nov/Cgl1718-2-Input_S76_R1_001.fastq.gz	/hpcfs/fhome/xujy/YY_DATA/metadata/cg1_CHIP_seq_data/2025-Nov/Cgl1718-2-Input_S76_R2_001.fastq.gz
Cgl1820-1	Cgl1820-1-Input	/hpcfs/fhome/xujy/YY_DATA/metadata/cg1_CHIP_seq_data/2025-Jul/Cgl1820-1_S43_R1_001.fastq.gz	/hpcfs/fhome/xujy/YY_DATA/metadata/cg1_CHIP_seq_data/2025-Jul/Cgl1820-1_S43_R2_001.fastq.gz	/hpcfs/fhome/xujy/YY_DATA/metadata/cg1_CHIP_seq_data/2025-Jul/Cgl1820-1-Input_S91_R1_001.fastq.gz	/hpcfs/fhome/xujy/YY_DATA/metadata/cg1_CHIP_seq_data/2025-Jul/Cgl1820-1-Input_S91_R2_001.fastq.gz
Cgl1820-2	Cgl1820-2-Input	/hpcfs/fhome/xujy/YY_DATA/metadata/cg1_CHIP_seq_data/2025-Jul/Cgl1820-2_S44_R1_001.fastq.gz	/hpcfs/fhome/xujy/YY_DATA/metadata/cg1_CHIP_seq_data/2025-Jul/Cgl1820-2_S44_R2_001.fastq.gz	/hpcfs/fhome/xujy/YY_DATA/metadata/cg1_CHIP_seq_data/2025-Jul/Cgl1820-2-Input_S92_R1_001.fastq.gz	/hpcfs/fhome/xujy/YY_DATA/metadata/cg1_CHIP_seq_data/2025-Jul/Cgl1820-2-Input_S92_R2_001.fastq.gz
Cgl1910-1	Cgl1910-1-Input	/hpcfs/fhome/xujy/YY_DATA/metadata/cg1_CHIP_seq_data/2025-Jul/Cgl1910-1_S97_R1_001.fastq.gz	/hpcfs/fhome/xujy/YY_DATA/metadata/cg1_CHIP_seq_data/2025-Jul/Cgl1910-1_S97_R2_001.fastq.gz	/hpcfs/fhome/xujy/YY_DATA/metadata/cg1_CHIP_seq_data/2025-Jul/Cgl1910-1-Input_S145_R1_001.fastq.gz	/hpcfs/fhome/xujy/YY_DATA/metadata/cg1_CHIP_seq_data/2025-Jul/Cgl1910-1-Input_S145_R2_001.fastq.gz
Cgl1910-2	Cgl1910-2-Input	/hpcfs/fhome/xujy/YY_DATA/metadata/cg1_CHIP_seq_data/2025-Jul/Cgl1910-2_S98_R1_001.fastq.gz	/hpcfs/fhome/xujy/YY_DATA/metadata/cg1_CHIP_seq_data/2025-Jul/Cgl1910-2_S98_R2_001.fastq.gz	/hpcfs/fhome/xujy/YY_DATA/metadata/cg1_CHIP_seq_data/2025-Jul/Cgl1910-2-Input_S146_R1_001.fastq.gz	/hpcfs/fhome/xujy/YY_DATA/metadata/cg1_CHIP_seq_data/2025-Jul/Cgl1910-2-Input_S146_R2_001.fastq.gz
Cgl1911-1	Cgl1911-1-Input	/hpcfs/fhome/xujy/YY_DATA/metadata/cg1_CHIP_seq_data/2025-Jul/Cgl1911-1_S99_R1_001.fastq.gz	/hpcfs/fhome/xujy/YY_DATA/metadata/cg1_CHIP_seq_data/2025-Jul/Cgl1911-1_S99_R2_001.fastq.gz	/hpcfs/fhome/xujy/YY_DATA/metadata/cg1_CHIP_seq_data/2025-Jul/Cgl1911-1-Input_S147_R1_001.fastq.gz	/hpcfs/fhome/xujy/YY_DATA/metadata/cg1_CHIP_seq_data/2025-Jul/Cgl1911-1-Input_S147_R2_001.fastq.gz
Cgl1911-2	Cgl1911-2-Input	/hpcfs/fhome/xujy/YY_DATA/metadata/cg1_CHIP_seq_data/2025-Jul/Cgl1911-2_S100_R1_001.fastq.gz	/hpcfs/fhome/xujy/YY_DATA/metadata/cg1_CHIP_seq_data/2025-Jul/Cgl1911-2_S100_R2_001.fastq.gz	/hpcfs/fhome/xujy/YY_DATA/metadata/cg1_CHIP_seq_data/2025-Jul/Cgl1911-2-Input_S148_R1_001.fastq.gz	/hpcfs/fhome/xujy/YY_DATA/metadata/cg1_CHIP_seq_data/2025-Jul/Cgl1911-2-Input_S148_R2_001.fastq.gz
Cgl1919-1	Cgl1919-1-Input	/hpcfs/fhome/xujy/YY_DATA/metadata/cg1_CHIP_seq_data/2025-Jul/Cgl1919-1_S101_R1_001.fastq.gz	/hpcfs/fhome/xujy/YY_DATA/metadata/cg1_CHIP_seq_data/2025-Jul/Cgl1919-1_S101_R2_001.fastq.gz	/hpcfs/fhome/xujy/YY_DATA/metadata/cg1_CHIP_seq_data/2025-Jul/Cgl1919-1-Input_S149_R1_001.fastq.gz	/hpcfs/fhome/xujy/YY_DATA/metadata/cg1_CHIP_seq_data/2025-Jul/Cgl1919-1-Input_S149_R2_001.fastq.gz
Cgl1919-2	Cgl1919-2-Input	/hpcfs/fhome/xujy/YY_DATA/metadata/cg1_CHIP_seq_data/2025-Jul/Cgl1919-2_S102_R1_001.fastq.gz	/hpcfs/fhome/xujy/YY_DATA/metadata/cg1_CHIP_seq_data/2025-Jul/Cgl1919-2_S102_R2_001.fastq.gz	/hpcfs/fhome/xujy/YY_DATA/metadata/cg1_CHIP_seq_data/2025-Jul/Cgl1919-2-Input_S150_R1_001.fastq.gz	/hpcfs/fhome/xujy/YY_DATA/metadata/cg1_CHIP_seq_data/2025-Jul/Cgl1919-2-Input_S150_R2_001.fastq.gz
Cgl1920-1	Cgl1920-1-Input	/hpcfs/fhome/xujy/YY_DATA/metadata/cg1_CHIP_seq_data/2025-Jul/Cgl1920-1_S103_R1_001.fastq.gz	/hpcfs/fhome/xujy/YY_DATA/metadata/cg1_CHIP_seq_data/2025-Jul/Cgl1920-1_S103_R2_001.fastq.gz	/hpcfs/fhome/xujy/YY_DATA/metadata/cg1_CHIP_seq_data/2025-Jul/Cgl1920-1-Input_S151_R1_001.fastq.gz	/hpcfs/fhome/xujy/YY_DATA/metadata/cg1_CHIP_seq_data/2025-Jul/Cgl1920-1-Input_S151_R2_001.fastq.gz
Cgl1920-1-1	Cgl1920-1-1-Input	/hpcfs/fhome/xujy/YY_DATA/metadata/cg1_CHIP_seq_data/2025-Jul/Cgl1920-1-1_S99_R1_001.fastq.gz	/hpcfs/fhome/xujy/YY_DATA/metadata/cg1_CHIP_seq_data/2025-Jul/Cgl1920-1-1_S99_R2_001.fastq.gz	/hpcfs/fhome/xujy/YY_DATA/metadata/cg1_CHIP_seq_data/2025-Jul/Cgl1920-1-1-Input_S147_R1_001.fastq.gz	/hpcfs/fhome/xujy/YY_DATA/metadata/cg1_CHIP_seq_data/2025-Jul/Cgl1920-1-1-Input_S147_R2_001.fastq.gz
Cgl1920-1-2	Cgl1920-1-2-Input	/hpcfs/fhome/xujy/YY_DATA/metadata/cg1_CHIP_seq_data/2025-Jul/Cgl1920-1-2_S100_R1_001.fastq.gz	/hpcfs/fhome/xujy/YY_DATA/metadata/cg1_CHIP_seq_data/2025-Jul/Cgl1920-1-2_S100_R2_001.fastq.gz	/hpcfs/fhome/xujy/YY_DATA/metadata/cg1_CHIP_seq_data/2025-Jul/Cgl1920-1-2-Input_S148_R1_001.fastq.gz	/hpcfs/fhome/xujy/YY_DATA/metadata/cg1_CHIP_seq_data/2025-Jul/Cgl1920-1-2-Input_S148_R2_001.fastq.gz
Cgl1920-2	Cgl1920-2-Input	/hpcfs/fhome/xujy/YY_DATA/metadata/cg1_CHIP_seq_data/2025-Jul/Cgl1920-2_S104_R1_001.fastq.gz	/hpcfs/fhome/xujy/YY_DATA/metadata/cg1_CHIP_seq_data/2025-Jul/Cgl1920-2_S104_R2_001.fastq.gz	/hpcfs/fhome/xujy/YY_DATA/metadata/cg1_CHIP_seq_data/2025-Jul/Cgl1920-2-Input_S152_R1_001.fastq.gz	/hpcfs/fhome/xujy/YY_DATA/metadata/cg1_CHIP_seq_data/2025-Jul/Cgl1920-2-Input_S152_R2_001.fastq.gz
Cgl1925-1	Cgl1925-1-Input	/hpcfs/fhome/xujy/YY_DATA/metadata/cg1_CHIP_seq_data/2025-Jul/Cgl1925-1_S105_R1_001.fastq.gz	/hpcfs/fhome/xujy/YY_DATA/metadata/cg1_CHIP_seq_data/2025-Jul/Cgl1925-1_S105_R2_001.fastq.gz	/hpcfs/fhome/xujy/YY_DATA/metadata/cg1_CHIP_seq_data/2025-Jul/Cgl1925-1-Input_S153_R1_001.fastq.gz	/hpcfs/fhome/xujy/YY_DATA/metadata/cg1_CHIP_seq_data/2025-Jul/Cgl1925-1-Input_S153_R2_001.fastq.gz
Cgl1925-2	Cgl1925-2-Input	/hpcfs/fhome/xujy/YY_DATA/metadata/cg1_CHIP_seq_data/2025-Jul/Cgl1925-2_S106_R1_001.fastq.gz	/hpcfs/fhome/xujy/YY_DATA/metadata/cg1_CHIP_seq_data/2025-Jul/Cgl1925-2_S106_R2_001.fastq.gz	/hpcfs/fhome/xujy/YY_DATA/metadata/cg1_CHIP_seq_data/2025-Jul/Cgl1925-2-Input_S154_R1_001.fastq.gz	/hpcfs/fhome/xujy/YY_DATA/metadata/cg1_CHIP_seq_data/2025-Jul/Cgl1925-2-Input_S154_R2_001.fastq.gz
Cgl1930-1	Cgl1930-1-Input	/hpcfs/fhome/xujy/YY_DATA/metadata/cg1_CHIP_seq_data/2025-Jul/Cgl1930-1_S101_R1_001.fastq.gz	/hpcfs/fhome/xujy/YY_DATA/metadata/cg1_CHIP_seq_data/2025-Jul/Cgl1930-1_S101_R2_001.fastq.gz	/hpcfs/fhome/xujy/YY_DATA/metadata/cg1_CHIP_seq_data/2025-Jul/Cgl1930-1-Input_S149_R1_001.fastq.gz	/hpcfs/fhome/xujy/YY_DATA/metadata/cg1_CHIP_seq_data/2025-Jul/Cgl1930-1-Input_S149_R2_001.fastq.gz
Cgl1930-2	Cgl1930-2-Input	/hpcfs/fhome/xujy/YY_DATA/metadata/cg1_CHIP_seq_data/2025-Jul/Cgl1930-2_S102_R1_001.fastq.gz	/hpcfs/fhome/xujy/YY_DATA/metadata/cg1_CHIP_seq_data/2025-Jul/Cgl1930-2_S102_R2_001.fastq.gz	/hpcfs/fhome/xujy/YY_DATA/metadata/cg1_CHIP_seq_data/2025-Jul/Cgl1930-2-Input_S150_R1_001.fastq.gz	/hpcfs/fhome/xujy/YY_DATA/metadata/cg1_CHIP_seq_data/2025-Jul/Cgl1930-2-Input_S150_R2_001.fastq.gz
Cgl1931-1	Cgl1931-1-Input	/hpcfs/fhome/xujy/YY_DATA/metadata/cg1_CHIP_seq_data/2025-Jul/Cgl1931-1_S107_R1_001.fastq.gz	/hpcfs/fhome/xujy/YY_DATA/metadata/cg1_CHIP_seq_data/2025-Jul/Cgl1931-1_S107_R2_001.fastq.gz	/hpcfs/fhome/xujy/YY_DATA/metadata/cg1_CHIP_seq_data/2025-Jul/Cgl1931-1-Input_S155_R1_001.fastq.gz	/hpcfs/fhome/xujy/YY_DATA/metadata/cg1_CHIP_seq_data/2025-Jul/Cgl1931-1-Input_S155_R2_001.fastq.gz
Cgl1931-2	Cgl1931-2-Input	/hpcfs/fhome/xujy/YY_DATA/metadata/cg1_CHIP_seq_data/2025-Jul/Cgl1931-2_S108_R1_001.fastq.gz	/hpcfs/fhome/xujy/YY_DATA/metadata/cg1_CHIP_seq_data/2025-Jul/Cgl1931-2_S108_R2_001.fastq.gz	/hpcfs/fhome/xujy/YY_DATA/metadata/cg1_CHIP_seq_data/2025-Jul/Cgl1931-2-Input_S156_R1_001.fastq.gz	/hpcfs/fhome/xujy/YY_DATA/metadata/cg1_CHIP_seq_data/2025-Jul/Cgl1931-2-Input_S156_R2_001.fastq.gz
Cgl1934-1	Cgl1934-1-Input	/hpcfs/fhome/xujy/YY_DATA/metadata/cg1_CHIP_seq_data/2025-Jul/Cgl1934-1_S109_R1_001.fastq.gz	/hpcfs/fhome/xujy/YY_DATA/metadata/cg1_CHIP_seq_data/2025-Jul/Cgl1934-1_S109_R2_001.fastq.gz	/hpcfs/fhome/xujy/YY_DATA/metadata/cg1_CHIP_seq_data/2025-Jul/Cgl1934-1-Input_S157_R1_001.fastq.gz	/hpcfs/fhome/xujy/YY_DATA/metadata/cg1_CHIP_seq_data/2025-Jul/Cgl1934-1-Input_S157_R2_001.fastq.gz
Cgl1934-2	Cgl1934-2-Input	/hpcfs/fhome/xujy/YY_DATA/metadata/cg1_CHIP_seq_data/2025-Jul/Cgl1934-2_S110_R1_001.fastq.gz	/hpcfs/fhome/xujy/YY_DATA/metadata/cg1_CHIP_seq_data/2025-Jul/Cgl1934-2_S110_R2_001.fastq.gz	/hpcfs/fhome/xujy/YY_DATA/metadata/cg1_CHIP_seq_data/2025-Jul/Cgl1934-2-Input_S158_R1_001.fastq.gz	/hpcfs/fhome/xujy/YY_DATA/metadata/cg1_CHIP_seq_data/2025-Jul/Cgl1934-2-Input_S158_R2_001.fastq.gz
Cgl1954-1	Cgl1954-1-Input	/hpcfs/fhome/xujy/YY_DATA/metadata/cg1_CHIP_seq_data/2025-Jul/Cgl1954-1_S111_R1_001.fastq.gz	/hpcfs/fhome/xujy/YY_DATA/metadata/cg1_CHIP_seq_data/2025-Jul/Cgl1954-1_S111_R2_001.fastq.gz	/hpcfs/fhome/xujy/YY_DATA/metadata/cg1_CHIP_seq_data/2025-Jul/Cgl1954-1-Input_S159_R1_001.fastq.gz	/hpcfs/fhome/xujy/YY_DATA/metadata/cg1_CHIP_seq_data/2025-Jul/Cgl1954-1-Input_S159_R2_001.fastq.gz
Cgl1954-2	Cgl1954-2-Input	/hpcfs/fhome/xujy/YY_DATA/metadata/cg1_CHIP_seq_data/2025-Jul/Cgl1954-2_S112_R1_001.fastq.gz	/hpcfs/fhome/xujy/YY_DATA/metadata/cg1_CHIP_seq_data/2025-Jul/Cgl1954-2_S112_R2_001.fastq.gz	/hpcfs/fhome/xujy/YY_DATA/metadata/cg1_CHIP_seq_data/2025-Jul/Cgl1954-2-Input_S160_R1_001.fastq.gz	/hpcfs/fhome/xujy/YY_DATA/metadata/cg1_CHIP_seq_data/2025-Jul/Cgl1954-2-Input_S160_R2_001.fastq.gz
Cgl1955-1	Cgl1955-1-Input	/hpcfs/fhome/xujy/YY_DATA/metadata/cg1_CHIP_seq_data/2025-Jul/Cgl1955-1_S103_R1_001.fastq.gz	/hpcfs/fhome/xujy/YY_DATA/metadata/cg1_CHIP_seq_data/2025-Jul/Cgl1955-1_S103_R2_001.fastq.gz	/hpcfs/fhome/xujy/YY_DATA/metadata/cg1_CHIP_seq_data/2025-Jul/Cgl1955-1-Input_S151_R1_001.fastq.gz	/hpcfs/fhome/xujy/YY_DATA/metadata/cg1_CHIP_seq_data/2025-Jul/Cgl1955-1-Input_S151_R2_001.fastq.gz
Cgl1955-2	Cgl1955-2-Input	/hpcfs/fhome/xujy/YY_DATA/metadata/cg1_CHIP_seq_data/2025-Jul/Cgl1955-2_S104_R1_001.fastq.gz	/hpcfs/fhome/xujy/YY_DATA/metadata/cg1_CHIP_seq_data/2025-Jul/Cgl1955-2_S104_R2_001.fastq.gz	/hpcfs/fhome/xujy/YY_DATA/metadata/cg1_CHIP_seq_data/2025-Jul/Cgl1955-2-Input_S152_R1_001.fastq.gz	/hpcfs/fhome/xujy/YY_DATA/metadata/cg1_CHIP_seq_data/2025-Jul/Cgl1955-2-Input_S152_R2_001.fastq.gz
Cgl1962	Cgl1962-Input	/hpcfs/fhome/xujy/YY_DATA/metadata/cg1_CHIP_seq_data/2025-Nov/Cgl1962_S15_R1_001.fastq.gz	/hpcfs/fhome/xujy/YY_DATA/metadata/cg1_CHIP_seq_data/2025-Nov/Cgl1962_S15_R2_001.fastq.gz	/hpcfs/fhome/xujy/YY_DATA/metadata/cg1_CHIP_seq_data/2025-Nov/Cgl1962-Input_S89_R1_001.fastq.gz	/hpcfs/fhome/xujy/YY_DATA/metadata/cg1_CHIP_seq_data/2025-Nov/Cgl1962-Input_S89_R2_001.fastq.gz
Cgl1962-1	Cgl1962-1-Input	/hpcfs/fhome/xujy/YY_DATA/metadata/cg1_CHIP_seq_data/2025-Jul/Cgl1962-1_S113_R1_001.fastq.gz	/hpcfs/fhome/xujy/YY_DATA/metadata/cg1_CHIP_seq_data/2025-Jul/Cgl1962-1_S113_R2_001.fastq.gz	/hpcfs/fhome/xujy/YY_DATA/metadata/cg1_CHIP_seq_data/2025-Jul/Cgl1962-1-Input_S161_R1_001.fastq.gz	/hpcfs/fhome/xujy/YY_DATA/metadata/cg1_CHIP_seq_data/2025-Jul/Cgl1962-1-Input_S161_R2_001.fastq.gz
Cgl1962-2	Cgl1962-2-Input	/hpcfs/fhome/xujy/YY_DATA/metadata/cg1_CHIP_seq_data/2025-Jul/Cgl1962-2_S114_R1_001.fastq.gz	/hpcfs/fhome/xujy/YY_DATA/metadata/cg1_CHIP_seq_data/2025-Jul/Cgl1962-2_S114_R2_001.fastq.gz	/hpcfs/fhome/xujy/YY_DATA/metadata/cg1_CHIP_seq_data/2025-Jul/Cgl1962-2-Input_S162_R1_001.fastq.gz	/hpcfs/fhome/xujy/YY_DATA/metadata/cg1_CHIP_seq_data/2025-Jul/Cgl1962-2-Input_S162_R2_001.fastq.gz
Cgl2009-1	Cgl2009-1-Input	/hpcfs/fhome/xujy/YY_DATA/metadata/cg1_CHIP_seq_data/2025-Jul/Cgl2009-1_S115_R1_001.fastq.gz	/hpcfs/fhome/xujy/YY_DATA/metadata/cg1_CHIP_seq_data/2025-Jul/Cgl2009-1_S115_R2_001.fastq.gz	/hpcfs/fhome/xujy/YY_DATA/metadata/cg1_CHIP_seq_data/2025-Jul/Cgl2009-1-Input_S163_R1_001.fastq.gz	/hpcfs/fhome/xujy/YY_DATA/metadata/cg1_CHIP_seq_data/2025-Jul/Cgl2009-1-Input_S163_R2_001.fastq.gz
Cgl2009-2	Cgl2009-2-Input	/hpcfs/fhome/xujy/YY_DATA/metadata/cg1_CHIP_seq_data/2025-Jul/Cgl2009-2_S116_R1_001.fastq.gz	/hpcfs/fhome/xujy/YY_DATA/metadata/cg1_CHIP_seq_data/2025-Jul/Cgl2009-2_S116_R2_001.fastq.gz	/hpcfs/fhome/xujy/YY_DATA/metadata/cg1_CHIP_seq_data/2025-Jul/Cgl2009-2-Input_S164_R1_001.fastq.gz	/hpcfs/fhome/xujy/YY_DATA/metadata/cg1_CHIP_seq_data/2025-Jul/Cgl2009-2-Input_S164_R2_001.fastq.gz
Cgl2044-1	Cgl2044-1-Input	/hpcfs/fhome/xujy/YY_DATA/metadata/cg1_CHIP_seq_data/2025-Jul/Cgl2044-1_S117_R1_001.fastq.gz	/hpcfs/fhome/xujy/YY_DATA/metadata/cg1_CHIP_seq_data/2025-Jul/Cgl2044-1_S117_R2_001.fastq.gz	/hpcfs/fhome/xujy/YY_DATA/metadata/cg1_CHIP_seq_data/2025-Jul/Cgl2044-1-Input_S165_R1_001.fastq.gz	/hpcfs/fhome/xujy/YY_DATA/metadata/cg1_CHIP_seq_data/2025-Jul/Cgl2044-1-Input_S165_R2_001.fastq.gz
Cgl2044-2	Cgl2044-2-Input	/hpcfs/fhome/xujy/YY_DATA/metadata/cg1_CHIP_seq_data/2025-Jul/Cgl2044-2_S118_R1_001.fastq.gz	/hpcfs/fhome/xujy/YY_DATA/metadata/cg1_CHIP_seq_data/2025-Jul/Cgl2044-2_S118_R2_001.fastq.gz	/hpcfs/fhome/xujy/YY_DATA/metadata/cg1_CHIP_seq_data/2025-Jul/Cgl2044-2-Input_S166_R1_001.fastq.gz	/hpcfs/fhome/xujy/YY_DATA/metadata/cg1_CHIP_seq_data/2025-Jul/Cgl2044-2-Input_S166_R2_001.fastq.gz
Cgl2060-1	Cgl2060-1-Input	/hpcfs/fhome/xujy/YY_DATA/metadata/cg1_CHIP_seq_data/2025-Jul/Cgl2060-1_S119_R1_001.fastq.gz	/hpcfs/fhome/xujy/YY_DATA/metadata/cg1_CHIP_seq_data/2025-Jul/Cgl2060-1_S119_R2_001.fastq.gz	/hpcfs/fhome/xujy/YY_DATA/metadata/cg1_CHIP_seq_data/2025-Jul/Cgl2060-1-Input_S167_R1_001.fastq.gz	/hpcfs/fhome/xujy/YY_DATA/metadata/cg1_CHIP_seq_data/2025-Jul/Cgl2060-1-Input_S167_R2_001.fastq.gz
Cgl2060-2	Cgl2060-2-Input	/hpcfs/fhome/xujy/YY_DATA/metadata/cg1_CHIP_seq_data/2025-Jul/Cgl2060-2_S120_R1_001.fastq.gz	/hpcfs/fhome/xujy/YY_DATA/metadata/cg1_CHIP_seq_data/2025-Jul/Cgl2060-2_S120_R2_001.fastq.gz	/hpcfs/fhome/xujy/YY_DATA/metadata/cg1_CHIP_seq_data/2025-Jul/Cgl2060-2-Input_S168_R1_001.fastq.gz	/hpcfs/fhome/xujy/YY_DATA/metadata/cg1_CHIP_seq_data/2025-Jul/Cgl2060-2-Input_S168_R2_001.fastq.gz
Cgl2068	Cgl2068-Input	/hpcfs/fhome/xujy/YY_DATA/metadata/cg1_CHIP_seq_data/2025-Nov/Cgl2068_S42_R1_001.fastq.gz	/hpcfs/fhome/xujy/YY_DATA/metadata/cg1_CHIP_seq_data/2025-Nov/Cgl2068_S42_R2_001.fastq.gz	/hpcfs/fhome/xujy/YY_DATA/metadata/cg1_CHIP_seq_data/2025-Nov/Cgl2068-Input_S90_R1_001.fastq.gz	/hpcfs/fhome/xujy/YY_DATA/metadata/cg1_CHIP_seq_data/2025-Nov/Cgl2068-Input_S90_R2_001.fastq.gz
Cgl2068-1	Cgl2068-1-Input	/hpcfs/fhome/xujy/YY_DATA/metadata/cg1_CHIP_seq_data/2025-Jul/Cgl2068-1_S121_R1_001.fastq.gz	/hpcfs/fhome/xujy/YY_DATA/metadata/cg1_CHIP_seq_data/2025-Jul/Cgl2068-1_S121_R2_001.fastq.gz	/hpcfs/fhome/xujy/YY_DATA/metadata/cg1_CHIP_seq_data/2025-Jul/Cgl2068-1-Input_S169_R1_001.fastq.gz	/hpcfs/fhome/xujy/YY_DATA/metadata/cg1_CHIP_seq_data/2025-Jul/Cgl2068-1-Input_S169_R2_001.fastq.gz
Cgl2068-2	Cgl2068-2-Input	/hpcfs/fhome/xujy/YY_DATA/metadata/cg1_CHIP_seq_data/2025-Jul/Cgl2068-2_S122_R1_001.fastq.gz	/hpcfs/fhome/xujy/YY_DATA/metadata/cg1_CHIP_seq_data/2025-Jul/Cgl2068-2_S122_R2_001.fastq.gz	/hpcfs/fhome/xujy/YY_DATA/metadata/cg1_CHIP_seq_data/2025-Jul/Cgl2068-2-Input_S170_R1_001.fastq.gz	/hpcfs/fhome/xujy/YY_DATA/metadata/cg1_CHIP_seq_data/2025-Jul/Cgl2068-2-Input_S170_R2_001.fastq.gz
Cgl2106-1	Cgl2106-1-Input	/hpcfs/fhome/xujy/YY_DATA/metadata/cg1_CHIP_seq_data/2025-Jul/Cgl2106-1_S123_R1_001.fastq.gz	/hpcfs/fhome/xujy/YY_DATA/metadata/cg1_CHIP_seq_data/2025-Jul/Cgl2106-1_S123_R2_001.fastq.gz	/hpcfs/fhome/xujy/YY_DATA/metadata/cg1_CHIP_seq_data/2025-Jul/Cgl2106-1-Input_S171_R1_001.fastq.gz	/hpcfs/fhome/xujy/YY_DATA/metadata/cg1_CHIP_seq_data/2025-Jul/Cgl2106-1-Input_S171_R2_001.fastq.gz
Cgl2106-2	Cgl2106-2-Input	/hpcfs/fhome/xujy/YY_DATA/metadata/cg1_CHIP_seq_data/2025-Jul/Cgl2106-2_S124_R1_001.fastq.gz	/hpcfs/fhome/xujy/YY_DATA/metadata/cg1_CHIP_seq_data/2025-Jul/Cgl2106-2_S124_R2_001.fastq.gz	/hpcfs/fhome/xujy/YY_DATA/metadata/cg1_CHIP_seq_data/2025-Jul/Cgl2106-2-Input_S172_R1_001.fastq.gz	/hpcfs/fhome/xujy/YY_DATA/metadata/cg1_CHIP_seq_data/2025-Jul/Cgl2106-2-Input_S172_R2_001.fastq.gz
Cgl2111-1	Cgl2111-1-Input	/hpcfs/fhome/xujy/YY_DATA/metadata/cg1_CHIP_seq_data/2025-Jul/Cgl2111-1_S125_R1_001.fastq.gz	/hpcfs/fhome/xujy/YY_DATA/metadata/cg1_CHIP_seq_data/2025-Jul/Cgl2111-1_S125_R2_001.fastq.gz	/hpcfs/fhome/xujy/YY_DATA/metadata/cg1_CHIP_seq_data/2025-Jul/Cgl2111-1-Input_S173_R1_001.fastq.gz	/hpcfs/fhome/xujy/YY_DATA/metadata/cg1_CHIP_seq_data/2025-Jul/Cgl2111-1-Input_S173_R2_001.fastq.gz
Cgl2111-2	Cgl2111-2-Input	/hpcfs/fhome/xujy/YY_DATA/metadata/cg1_CHIP_seq_data/2025-Jul/Cgl2111-2_S126_R1_001.fastq.gz	/hpcfs/fhome/xujy/YY_DATA/metadata/cg1_CHIP_seq_data/2025-Jul/Cgl2111-2_S126_R2_001.fastq.gz	/hpcfs/fhome/xujy/YY_DATA/metadata/cg1_CHIP_seq_data/2025-Jul/Cgl2111-2-Input_S174_R1_001.fastq.gz	/hpcfs/fhome/xujy/YY_DATA/metadata/cg1_CHIP_seq_data/2025-Jul/Cgl2111-2-Input_S174_R2_001.fastq.gz
Cgl2115-1	Cgl2115-1-Input	/hpcfs/fhome/xujy/YY_DATA/metadata/cg1_CHIP_seq_data/2025-Jul/Cgl2115-1_S127_R1_001.fastq.gz	/hpcfs/fhome/xujy/YY_DATA/metadata/cg1_CHIP_seq_data/2025-Jul/Cgl2115-1_S127_R2_001.fastq.gz	/hpcfs/fhome/xujy/YY_DATA/metadata/cg1_CHIP_seq_data/2025-Jul/Cgl2115-1-Input_S175_R1_001.fastq.gz	/hpcfs/fhome/xujy/YY_DATA/metadata/cg1_CHIP_seq_data/2025-Jul/Cgl2115-1-Input_S175_R2_001.fastq.gz
Cgl2115-2	Cgl2115-2-Input	/hpcfs/fhome/xujy/YY_DATA/metadata/cg1_CHIP_seq_data/2025-Jul/Cgl2115-2_S128_R1_001.fastq.gz	/hpcfs/fhome/xujy/YY_DATA/metadata/cg1_CHIP_seq_data/2025-Jul/Cgl2115-2_S128_R2_001.fastq.gz	/hpcfs/fhome/xujy/YY_DATA/metadata/cg1_CHIP_seq_data/2025-Jul/Cgl2115-2-Input_S176_R1_001.fastq.gz	/hpcfs/fhome/xujy/YY_DATA/metadata/cg1_CHIP_seq_data/2025-Jul/Cgl2115-2-Input_S176_R2_001.fastq.gz
Cgl2146-1	Cgl2146-1-Input	/hpcfs/fhome/xujy/YY_DATA/metadata/cg1_CHIP_seq_data/2025-Jul/Cgl2146-1_S129_R1_001.fastq.gz	/hpcfs/fhome/xujy/YY_DATA/metadata/cg1_CHIP_seq_data/2025-Jul/Cgl2146-1_S129_R2_001.fastq.gz	/hpcfs/fhome/xujy/YY_DATA/metadata/cg1_CHIP_seq_data/2025-Jul/Cgl2146-1-Input_S177_R1_001.fastq.gz	/hpcfs/fhome/xujy/YY_DATA/metadata/cg1_CHIP_seq_data/2025-Jul/Cgl2146-1-Input_S177_R2_001.fastq.gz
Cgl2146-2	Cgl2146-2-Input	/hpcfs/fhome/xujy/YY_DATA/metadata/cg1_CHIP_seq_data/2025-Jul/Cgl2146-2_S130_R1_001.fastq.gz	/hpcfs/fhome/xujy/YY_DATA/metadata/cg1_CHIP_seq_data/2025-Jul/Cgl2146-2_S130_R2_001.fastq.gz	/hpcfs/fhome/xujy/YY_DATA/metadata/cg1_CHIP_seq_data/2025-Jul/Cgl2146-2-Input_S178_R1_001.fastq.gz	/hpcfs/fhome/xujy/YY_DATA/metadata/cg1_CHIP_seq_data/2025-Jul/Cgl2146-2-Input_S178_R2_001.fastq.gz
Cgl2167-1	Cgl2167-1-Input	/hpcfs/fhome/xujy/YY_DATA/metadata/cg1_CHIP_seq_data/2025-Jul/Cgl2167-1_S131_R1_001.fastq.gz	/hpcfs/fhome/xujy/YY_DATA/metadata/cg1_CHIP_seq_data/2025-Jul/Cgl2167-1_S131_R2_001.fastq.gz	/hpcfs/fhome/xujy/YY_DATA/metadata/cg1_CHIP_seq_data/2025-Jul/Cgl2167-1-Input_S179_R1_001.fastq.gz	/hpcfs/fhome/xujy/YY_DATA/metadata/cg1_CHIP_seq_data/2025-Jul/Cgl2167-1-Input_S179_R2_001.fastq.gz
Cgl2167-2	Cgl2167-2-Input	/hpcfs/fhome/xujy/YY_DATA/metadata/cg1_CHIP_seq_data/2025-Jul/Cgl2167-2_S132_R1_001.fastq.gz	/hpcfs/fhome/xujy/YY_DATA/metadata/cg1_CHIP_seq_data/2025-Jul/Cgl2167-2_S132_R2_001.fastq.gz	/hpcfs/fhome/xujy/YY_DATA/metadata/cg1_CHIP_seq_data/2025-Jul/Cgl2167-2-Input_S180_R1_001.fastq.gz	/hpcfs/fhome/xujy/YY_DATA/metadata/cg1_CHIP_seq_data/2025-Jul/Cgl2167-2-Input_S180_R2_001.fastq.gz
Cgl2244-1	Cgl2244-1-Input	/hpcfs/fhome/xujy/YY_DATA/metadata/cg1_CHIP_seq_data/2025-Jul/Cgl2244-1_S133_R1_001.fastq.gz	/hpcfs/fhome/xujy/YY_DATA/metadata/cg1_CHIP_seq_data/2025-Jul/Cgl2244-1_S133_R2_001.fastq.gz	/hpcfs/fhome/xujy/YY_DATA/metadata/cg1_CHIP_seq_data/2025-Jul/Cgl2244-1-Input_S181_R1_001.fastq.gz	/hpcfs/fhome/xujy/YY_DATA/metadata/cg1_CHIP_seq_data/2025-Jul/Cgl2244-1-Input_S181_R2_001.fastq.gz
Cgl2244-2	Cgl2244-2-Input	/hpcfs/fhome/xujy/YY_DATA/metadata/cg1_CHIP_seq_data/2025-Jul/Cgl2244-2_S134_R1_001.fastq.gz	/hpcfs/fhome/xujy/YY_DATA/metadata/cg1_CHIP_seq_data/2025-Jul/Cgl2244-2_S134_R2_001.fastq.gz	/hpcfs/fhome/xujy/YY_DATA/metadata/cg1_CHIP_seq_data/2025-Jul/Cgl2244-2-Input_S182_R1_001.fastq.gz	/hpcfs/fhome/xujy/YY_DATA/metadata/cg1_CHIP_seq_data/2025-Jul/Cgl2244-2-Input_S182_R2_001.fastq.gz
Cgl2279-1	Cgl2279-1-Input	/hpcfs/fhome/xujy/YY_DATA/metadata/cg1_CHIP_seq_data/2025-Jul/Cgl2279-1_S135_R1_001.fastq.gz	/hpcfs/fhome/xujy/YY_DATA/metadata/cg1_CHIP_seq_data/2025-Jul/Cgl2279-1_S135_R2_001.fastq.gz	/hpcfs/fhome/xujy/YY_DATA/metadata/cg1_CHIP_seq_data/2025-Jul/Cgl2279-1-Input_S183_R1_001.fastq.gz	/hpcfs/fhome/xujy/YY_DATA/metadata/cg1_CHIP_seq_data/2025-Jul/Cgl2279-1-Input_S183_R2_001.fastq.gz
Cgl2279-2	Cgl2279-2-Input	/hpcfs/fhome/xujy/YY_DATA/metadata/cg1_CHIP_seq_data/2025-Jul/Cgl2279-2_S136_R1_001.fastq.gz	/hpcfs/fhome/xujy/YY_DATA/metadata/cg1_CHIP_seq_data/2025-Jul/Cgl2279-2_S136_R2_001.fastq.gz	/hpcfs/fhome/xujy/YY_DATA/metadata/cg1_CHIP_seq_data/2025-Jul/Cgl2279-2-Input_S184_R1_001.fastq.gz	/hpcfs/fhome/xujy/YY_DATA/metadata/cg1_CHIP_seq_data/2025-Jul/Cgl2279-2-Input_S184_R2_001.fastq.gz
Cgl2280-1	Cgl2280-1-Input	/hpcfs/fhome/xujy/YY_DATA/metadata/cg1_CHIP_seq_data/2025-Jul/Cgl2280-1_S137_R1_001.fastq.gz	/hpcfs/fhome/xujy/YY_DATA/metadata/cg1_CHIP_seq_data/2025-Jul/Cgl2280-1_S137_R2_001.fastq.gz	/hpcfs/fhome/xujy/YY_DATA/metadata/cg1_CHIP_seq_data/2025-Jul/Cgl2280-1-Input_S185_R1_001.fastq.gz	/hpcfs/fhome/xujy/YY_DATA/metadata/cg1_CHIP_seq_data/2025-Jul/Cgl2280-1-Input_S185_R2_001.fastq.gz
Cgl2280-2	Cgl2280-2-Input	/hpcfs/fhome/xujy/YY_DATA/metadata/cg1_CHIP_seq_data/2025-Jul/Cgl2280-2_S138_R1_001.fastq.gz	/hpcfs/fhome/xujy/YY_DATA/metadata/cg1_CHIP_seq_data/2025-Jul/Cgl2280-2_S138_R2_001.fastq.gz	/hpcfs/fhome/xujy/YY_DATA/metadata/cg1_CHIP_seq_data/2025-Jul/Cgl2280-2-Input_S186_R1_001.fastq.gz	/hpcfs/fhome/xujy/YY_DATA/metadata/cg1_CHIP_seq_data/2025-Jul/Cgl2280-2-Input_S186_R2_001.fastq.gz
Cgl2291-1	Cgl2291-1-Input	/hpcfs/fhome/xujy/YY_DATA/metadata/cg1_CHIP_seq_data/2025-Jul/Cgl2291-1_S105_R1_001.fastq.gz	/hpcfs/fhome/xujy/YY_DATA/metadata/cg1_CHIP_seq_data/2025-Jul/Cgl2291-1_S105_R2_001.fastq.gz	/hpcfs/fhome/xujy/YY_DATA/metadata/cg1_CHIP_seq_data/2025-Jul/Cgl2291-1-Input_S153_R1_001.fastq.gz	/hpcfs/fhome/xujy/YY_DATA/metadata/cg1_CHIP_seq_data/2025-Jul/Cgl2291-1-Input_S153_R2_001.fastq.gz
Cgl2291-2	Cgl2291-2-Input	/hpcfs/fhome/xujy/YY_DATA/metadata/cg1_CHIP_seq_data/2025-Jul/Cgl2291-2_S106_R1_001.fastq.gz	/hpcfs/fhome/xujy/YY_DATA/metadata/cg1_CHIP_seq_data/2025-Jul/Cgl2291-2_S106_R2_001.fastq.gz	/hpcfs/fhome/xujy/YY_DATA/metadata/cg1_CHIP_seq_data/2025-Jul/Cgl2291-2-Input_S154_R1_001.fastq.gz	/hpcfs/fhome/xujy/YY_DATA/metadata/cg1_CHIP_seq_data/2025-Jul/Cgl2291-2-Input_S154_R2_001.fastq.gz
Cgl2316-1	Cgl2316-1-Input	/hpcfs/fhome/xujy/YY_DATA/metadata/cg1_CHIP_seq_data/2025-Jul/Cgl2316-1_S139_R1_001.fastq.gz	/hpcfs/fhome/xujy/YY_DATA/metadata/cg1_CHIP_seq_data/2025-Jul/Cgl2316-1_S139_R2_001.fastq.gz	/hpcfs/fhome/xujy/YY_DATA/metadata/cg1_CHIP_seq_data/2025-Jul/Cgl2316-1-Input_S187_R1_001.fastq.gz	/hpcfs/fhome/xujy/YY_DATA/metadata/cg1_CHIP_seq_data/2025-Jul/Cgl2316-1-Input_S187_R2_001.fastq.gz
Cgl2316-2	Cgl2316-2-Input	/hpcfs/fhome/xujy/YY_DATA/metadata/cg1_CHIP_seq_data/2025-Jul/Cgl2316-2_S140_R1_001.fastq.gz	/hpcfs/fhome/xujy/YY_DATA/metadata/cg1_CHIP_seq_data/2025-Jul/Cgl2316-2_S140_R2_001.fastq.gz	/hpcfs/fhome/xujy/YY_DATA/metadata/cg1_CHIP_seq_data/2025-Jul/Cgl2316-2-Input_S188_R1_001.fastq.gz	/hpcfs/fhome/xujy/YY_DATA/metadata/cg1_CHIP_seq_data/2025-Jul/Cgl2316-2-Input_S188_R2_001.fastq.gz
Cgl2326-1	Cgl2326-1-Input	/hpcfs/fhome/xujy/YY_DATA/metadata/cg1_CHIP_seq_data/2025-Nov/Cgl2326-1_S29_R1_001.fastq.gz	/hpcfs/fhome/xujy/YY_DATA/metadata/cg1_CHIP_seq_data/2025-Nov/Cgl2326-1_S29_R2_001.fastq.gz	/hpcfs/fhome/xujy/YY_DATA/metadata/cg1_CHIP_seq_data/2025-Nov/Cgl2326-1-Input_S77_R1_001.fastq.gz	/hpcfs/fhome/xujy/YY_DATA/metadata/cg1_CHIP_seq_data/2025-Nov/Cgl2326-1-Input_S77_R2_001.fastq.gz
Cgl2326-2	Cgl2326-2-Input	/hpcfs/fhome/xujy/YY_DATA/metadata/cg1_CHIP_seq_data/2025-Nov/Cgl2326-2_S30_R1_001.fastq.gz	/hpcfs/fhome/xujy/YY_DATA/metadata/cg1_CHIP_seq_data/2025-Nov/Cgl2326-2_S30_R2_001.fastq.gz	/hpcfs/fhome/xujy/YY_DATA/metadata/cg1_CHIP_seq_data/2025-Nov/Cgl2326-2-Input_S78_R1_001.fastq.gz	/hpcfs/fhome/xujy/YY_DATA/metadata/cg1_CHIP_seq_data/2025-Nov/Cgl2326-2-Input_S78_R2_001.fastq.gz
Cgl2381-1	Cgl2381-1-Input	/hpcfs/fhome/xujy/YY_DATA/metadata/cg1_CHIP_seq_data/2025-Nov/Cgl2381-1_S31_R1_001.fastq.gz	/hpcfs/fhome/xujy/YY_DATA/metadata/cg1_CHIP_seq_data/2025-Nov/Cgl2381-1_S31_R2_001.fastq.gz	/hpcfs/fhome/xujy/YY_DATA/metadata/cg1_CHIP_seq_data/2025-Nov/Cgl2381-1-Input_S79_R1_001.fastq.gz	/hpcfs/fhome/xujy/YY_DATA/metadata/cg1_CHIP_seq_data/2025-Nov/Cgl2381-1-Input_S79_R2_001.fastq.gz
Cgl2381-2	Cgl2381-2-Input	/hpcfs/fhome/xujy/YY_DATA/metadata/cg1_CHIP_seq_data/2025-Nov/Cgl2381-2_S32_R1_001.fastq.gz	/hpcfs/fhome/xujy/YY_DATA/metadata/cg1_CHIP_seq_data/2025-Nov/Cgl2381-2_S32_R2_001.fastq.gz	/hpcfs/fhome/xujy/YY_DATA/metadata/cg1_CHIP_seq_data/2025-Nov/Cgl2381-2-Input_S80_R1_001.fastq.gz	/hpcfs/fhome/xujy/YY_DATA/metadata/cg1_CHIP_seq_data/2025-Nov/Cgl2381-2-Input_S80_R2_001.fastq.gz
Cgl2382-1	Cgl2382-1-Input	/hpcfs/fhome/xujy/YY_DATA/metadata/cg1_CHIP_seq_data/2025-Jun/Cgl2382-1_S1_R1_001.fastq.gz	/hpcfs/fhome/xujy/YY_DATA/metadata/cg1_CHIP_seq_data/2025-Jun/Cgl2382-1_S1_R2_001.fastq.gz	/hpcfs/fhome/xujy/YY_DATA/metadata/cg1_CHIP_seq_data/2025-Jun/Cgl2382-1-Input_S49_R1_001.fastq.gz	/hpcfs/fhome/xujy/YY_DATA/metadata/cg1_CHIP_seq_data/2025-Jun/Cgl2382-1-Input_S49_R2_001.fastq.gz
Cgl2382-2	Cgl2382-2-Input	/hpcfs/fhome/xujy/YY_DATA/metadata/cg1_CHIP_seq_data/2025-Jun/Cgl2382-2_S2_R1_001.fastq.gz	/hpcfs/fhome/xujy/YY_DATA/metadata/cg1_CHIP_seq_data/2025-Jun/Cgl2382-2_S2_R2_001.fastq.gz	/hpcfs/fhome/xujy/YY_DATA/metadata/cg1_CHIP_seq_data/2025-Jun/Cgl2382-2-Input_S50_R1_001.fastq.gz	/hpcfs/fhome/xujy/YY_DATA/metadata/cg1_CHIP_seq_data/2025-Jun/Cgl2382-2-Input_S50_R2_001.fastq.gz
Cgl2391	Cgl2391-Input	/hpcfs/fhome/xujy/YY_DATA/metadata/cg1_CHIP_seq_data/2025-Nov/Cgl2391_S43_R1_001.fastq.gz	/hpcfs/fhome/xujy/YY_DATA/metadata/cg1_CHIP_seq_data/2025-Nov/Cgl2391_S43_R2_001.fastq.gz	/hpcfs/fhome/xujy/YY_DATA/metadata/cg1_CHIP_seq_data/2025-Nov/Cgl2391-Input_S91_R1_001.fastq.gz	/hpcfs/fhome/xujy/YY_DATA/metadata/cg1_CHIP_seq_data/2025-Nov/Cgl2391-Input_S91_R2_001.fastq.gz
Cgl2391-1	Cgl2391-1-Input	/hpcfs/fhome/xujy/YY_DATA/metadata/cg1_CHIP_seq_data/2025-Jun/Cgl2391-1_S3_R1_001.fastq.gz	/hpcfs/fhome/xujy/YY_DATA/metadata/cg1_CHIP_seq_data/2025-Jun/Cgl2391-1_S3_R2_001.fastq.gz	/hpcfs/fhome/xujy/YY_DATA/metadata/cg1_CHIP_seq_data/2025-Jun/Cgl2391-1-Input_S51_R1_001.fastq.gz	/hpcfs/fhome/xujy/YY_DATA/metadata/cg1_CHIP_seq_data/2025-Jun/Cgl2391-1-Input_S51_R2_001.fastq.gz
Cgl2391-2	Cgl2391-2-Input	/hpcfs/fhome/xujy/YY_DATA/metadata/cg1_CHIP_seq_data/2025-Jun/Cgl2391-2_S4_R1_001.fastq.gz	/hpcfs/fhome/xujy/YY_DATA/metadata/cg1_CHIP_seq_data/2025-Jun/Cgl2391-2_S4_R2_001.fastq.gz	/hpcfs/fhome/xujy/YY_DATA/metadata/cg1_CHIP_seq_data/2025-Jun/Cgl2391-2-Input_S52_R1_001.fastq.gz	/hpcfs/fhome/xujy/YY_DATA/metadata/cg1_CHIP_seq_data/2025-Jun/Cgl2391-2-Input_S52_R2_001.fastq.gz
Cgl2394-1	Cgl2394-1-Input	/hpcfs/fhome/xujy/YY_DATA/metadata/cg1_CHIP_seq_data/2025-Jul/Cgl2394-1_S107_R1_001.fastq.gz	/hpcfs/fhome/xujy/YY_DATA/metadata/cg1_CHIP_seq_data/2025-Jul/Cgl2394-1_S107_R2_001.fastq.gz	/hpcfs/fhome/xujy/YY_DATA/metadata/cg1_CHIP_seq_data/2025-Jul/Cgl2394-1-Input_S155_R1_001.fastq.gz	/hpcfs/fhome/xujy/YY_DATA/metadata/cg1_CHIP_seq_data/2025-Jul/Cgl2394-1-Input_S155_R2_001.fastq.gz
Cgl2394-2	Cgl2394-2-Input	/hpcfs/fhome/xujy/YY_DATA/metadata/cg1_CHIP_seq_data/2025-Jul/Cgl2394-2_S108_R1_001.fastq.gz	/hpcfs/fhome/xujy/YY_DATA/metadata/cg1_CHIP_seq_data/2025-Jul/Cgl2394-2_S108_R2_001.fastq.gz	/hpcfs/fhome/xujy/YY_DATA/metadata/cg1_CHIP_seq_data/2025-Jul/Cgl2394-2-Input_S156_R1_001.fastq.gz	/hpcfs/fhome/xujy/YY_DATA/metadata/cg1_CHIP_seq_data/2025-Jul/Cgl2394-2-Input_S156_R2_001.fastq.gz
Cgl2408-1	Cgl2408-1-Input	/hpcfs/fhome/xujy/YY_DATA/metadata/cg1_CHIP_seq_data/2025-Jun/Cgl2408-1_S5_R1_001.fastq.gz	/hpcfs/fhome/xujy/YY_DATA/metadata/cg1_CHIP_seq_data/2025-Jun/Cgl2408-1_S5_R2_001.fastq.gz	/hpcfs/fhome/xujy/YY_DATA/metadata/cg1_CHIP_seq_data/2025-Jun/Cgl2408-1-Input_S53_R1_001.fastq.gz	/hpcfs/fhome/xujy/YY_DATA/metadata/cg1_CHIP_seq_data/2025-Jun/Cgl2408-1-Input_S53_R2_001.fastq.gz
Cgl2408-2	Cgl2408-2-Input	/hpcfs/fhome/xujy/YY_DATA/metadata/cg1_CHIP_seq_data/2025-Jun/Cgl2408-2_S6_R1_001.fastq.gz	/hpcfs/fhome/xujy/YY_DATA/metadata/cg1_CHIP_seq_data/2025-Jun/Cgl2408-2_S6_R2_001.fastq.gz	/hpcfs/fhome/xujy/YY_DATA/metadata/cg1_CHIP_seq_data/2025-Jun/Cgl2408-2-Input_S54_R1_001.fastq.gz	/hpcfs/fhome/xujy/YY_DATA/metadata/cg1_CHIP_seq_data/2025-Jun/Cgl2408-2-Input_S54_R2_001.fastq.gz
Cgl2415-1	Cgl2415-1-Input	/hpcfs/fhome/xujy/YY_DATA/metadata/cg1_CHIP_seq_data/2025-Jun/Cgl2415-1_S7_R1_001.fastq.gz	/hpcfs/fhome/xujy/YY_DATA/metadata/cg1_CHIP_seq_data/2025-Jun/Cgl2415-1_S7_R2_001.fastq.gz	/hpcfs/fhome/xujy/YY_DATA/metadata/cg1_CHIP_seq_data/2025-Jun/Cgl2415-1-Input_S55_R1_001.fastq.gz	/hpcfs/fhome/xujy/YY_DATA/metadata/cg1_CHIP_seq_data/2025-Jun/Cgl2415-1-Input_S55_R2_001.fastq.gz
Cgl2415-2	Cgl2415-2-Input	/hpcfs/fhome/xujy/YY_DATA/metadata/cg1_CHIP_seq_data/2025-Jun/Cgl2415-2_S8_R1_001.fastq.gz	/hpcfs/fhome/xujy/YY_DATA/metadata/cg1_CHIP_seq_data/2025-Jun/Cgl2415-2_S8_R2_001.fastq.gz	/hpcfs/fhome/xujy/YY_DATA/metadata/cg1_CHIP_seq_data/2025-Jun/Cgl2415-2-Input_S56_R1_001.fastq.gz	/hpcfs/fhome/xujy/YY_DATA/metadata/cg1_CHIP_seq_data/2025-Jun/Cgl2415-2-Input_S56_R2_001.fastq.gz
Cgl2418-1	Cgl2418-1-Input	/hpcfs/fhome/xujy/YY_DATA/metadata/cg1_CHIP_seq_data/2025-Nov/Cgl2418-1_S43_R1_001.fastq.gz	/hpcfs/fhome/xujy/YY_DATA/metadata/cg1_CHIP_seq_data/2025-Nov/Cgl2418-1_S43_R2_001.fastq.gz	/hpcfs/fhome/xujy/YY_DATA/metadata/cg1_CHIP_seq_data/2025-Nov/Cgl2418-1-Input_S91_R1_001.fastq.gz	/hpcfs/fhome/xujy/YY_DATA/metadata/cg1_CHIP_seq_data/2025-Nov/Cgl2418-1-Input_S91_R2_001.fastq.gz
Cgl2418-2	Cgl2418-2-Input	/hpcfs/fhome/xujy/YY_DATA/metadata/cg1_CHIP_seq_data/2025-Nov/Cgl2418-2_S44_R1_001.fastq.gz	/hpcfs/fhome/xujy/YY_DATA/metadata/cg1_CHIP_seq_data/2025-Nov/Cgl2418-2_S44_R2_001.fastq.gz	/hpcfs/fhome/xujy/YY_DATA/metadata/cg1_CHIP_seq_data/2025-Nov/Cgl2418-2-Input_S92_R1_001.fastq.gz	/hpcfs/fhome/xujy/YY_DATA/metadata/cg1_CHIP_seq_data/2025-Nov/Cgl2418-2-Input_S92_R2_001.fastq.gz
Cgl2445-1	Cgl2445-1-Input	/hpcfs/fhome/xujy/YY_DATA/metadata/cg1_CHIP_seq_data/2025-Jul/Cgl2445-1_S109_R1_001.fastq.gz	/hpcfs/fhome/xujy/YY_DATA/metadata/cg1_CHIP_seq_data/2025-Jul/Cgl2445-1_S109_R2_001.fastq.gz	/hpcfs/fhome/xujy/YY_DATA/metadata/cg1_CHIP_seq_data/2025-Jul/Cgl2445-1-Input_S157_R1_001.fastq.gz	/hpcfs/fhome/xujy/YY_DATA/metadata/cg1_CHIP_seq_data/2025-Jul/Cgl2445-1-Input_S157_R2_001.fastq.gz
Cgl2445-2	Cgl2445-2-Input	/hpcfs/fhome/xujy/YY_DATA/metadata/cg1_CHIP_seq_data/2025-Jul/Cgl2445-2_S110_R1_001.fastq.gz	/hpcfs/fhome/xujy/YY_DATA/metadata/cg1_CHIP_seq_data/2025-Jul/Cgl2445-2_S110_R2_001.fastq.gz	/hpcfs/fhome/xujy/YY_DATA/metadata/cg1_CHIP_seq_data/2025-Jul/Cgl2445-2-Input_S158_R1_001.fastq.gz	/hpcfs/fhome/xujy/YY_DATA/metadata/cg1_CHIP_seq_data/2025-Jul/Cgl2445-2-Input_S158_R2_001.fastq.gz
Cgl2490	Cgl2490-Input	/hpcfs/fhome/xujy/YY_DATA/metadata/cg1_CHIP_seq_data/2025-Nov/Cgl2490_S44_R1_001.fastq.gz	/hpcfs/fhome/xujy/YY_DATA/metadata/cg1_CHIP_seq_data/2025-Nov/Cgl2490_S44_R2_001.fastq.gz	/hpcfs/fhome/xujy/YY_DATA/metadata/cg1_CHIP_seq_data/2025-Nov/Cgl2490-Input_S92_R1_001.fastq.gz	/hpcfs/fhome/xujy/YY_DATA/metadata/cg1_CHIP_seq_data/2025-Nov/Cgl2490-Input_S92_R2_001.fastq.gz
Cgl2490-1	Cgl2490-1-Input	/hpcfs/fhome/xujy/YY_DATA/metadata/cg1_CHIP_seq_data/2025-Jun/Cgl2490-1_S9_R1_001.fastq.gz	/hpcfs/fhome/xujy/YY_DATA/metadata/cg1_CHIP_seq_data/2025-Jun/Cgl2490-1_S9_R2_001.fastq.gz	/hpcfs/fhome/xujy/YY_DATA/metadata/cg1_CHIP_seq_data/2025-Jun/Cgl2490-1-Input_S57_R1_001.fastq.gz	/hpcfs/fhome/xujy/YY_DATA/metadata/cg1_CHIP_seq_data/2025-Jun/Cgl2490-1-Input_S57_R2_001.fastq.gz
Cgl2490-2	Cgl2490-2-Input	/hpcfs/fhome/xujy/YY_DATA/metadata/cg1_CHIP_seq_data/2025-Jun/Cgl2490-2_S10_R1_001.fastq.gz	/hpcfs/fhome/xujy/YY_DATA/metadata/cg1_CHIP_seq_data/2025-Jun/Cgl2490-2_S10_R2_001.fastq.gz	/hpcfs/fhome/xujy/YY_DATA/metadata/cg1_CHIP_seq_data/2025-Jun/Cgl2490-2-Input_S58_R1_001.fastq.gz	/hpcfs/fhome/xujy/YY_DATA/metadata/cg1_CHIP_seq_data/2025-Jun/Cgl2490-2-Input_S58_R2_001.fastq.gz
Cgl2496-1	Cgl2496-1-Input	/hpcfs/fhome/xujy/YY_DATA/metadata/cg1_CHIP_seq_data/2025-Jun/Cgl2496-1_S11_R1_001.fastq.gz	/hpcfs/fhome/xujy/YY_DATA/metadata/cg1_CHIP_seq_data/2025-Jun/Cgl2496-1_S11_R2_001.fastq.gz	/hpcfs/fhome/xujy/YY_DATA/metadata/cg1_CHIP_seq_data/2025-Jun/Cgl2496-1-Input_S59_R1_001.fastq.gz	/hpcfs/fhome/xujy/YY_DATA/metadata/cg1_CHIP_seq_data/2025-Jun/Cgl2496-1-Input_S59_R2_001.fastq.gz
Cgl2496-2	Cgl2496-2-Input	/hpcfs/fhome/xujy/YY_DATA/metadata/cg1_CHIP_seq_data/2025-Jun/Cgl2496-2_S12_R1_001.fastq.gz	/hpcfs/fhome/xujy/YY_DATA/metadata/cg1_CHIP_seq_data/2025-Jun/Cgl2496-2_S12_R2_001.fastq.gz	/hpcfs/fhome/xujy/YY_DATA/metadata/cg1_CHIP_seq_data/2025-Jun/Cgl2496-2-Input_S60_R1_001.fastq.gz	/hpcfs/fhome/xujy/YY_DATA/metadata/cg1_CHIP_seq_data/2025-Jun/Cgl2496-2-Input_S60_R2_001.fastq.gz
Cgl2511-1	Cgl2511-1-Input	/hpcfs/fhome/xujy/YY_DATA/metadata/cg1_CHIP_seq_data/2025-Jun/Cgl2511-1_S13_R1_001.fastq.gz	/hpcfs/fhome/xujy/YY_DATA/metadata/cg1_CHIP_seq_data/2025-Jun/Cgl2511-1_S13_R2_001.fastq.gz	/hpcfs/fhome/xujy/YY_DATA/metadata/cg1_CHIP_seq_data/2025-Jun/Cgl2511-1-Input_S61_R1_001.fastq.gz	/hpcfs/fhome/xujy/YY_DATA/metadata/cg1_CHIP_seq_data/2025-Jun/Cgl2511-1-Input_S61_R2_001.fastq.gz
Cgl2511-2	Cgl2511-2-Input	/hpcfs/fhome/xujy/YY_DATA/metadata/cg1_CHIP_seq_data/2025-Jun/Cgl2511-2_S14_R1_001.fastq.gz	/hpcfs/fhome/xujy/YY_DATA/metadata/cg1_CHIP_seq_data/2025-Jun/Cgl2511-2_S14_R2_001.fastq.gz	/hpcfs/fhome/xujy/YY_DATA/metadata/cg1_CHIP_seq_data/2025-Jun/Cgl2511-2-Input_S62_R1_001.fastq.gz	/hpcfs/fhome/xujy/YY_DATA/metadata/cg1_CHIP_seq_data/2025-Jun/Cgl2511-2-Input_S62_R2_001.fastq.gz
Cgl2527-1	Cgl2527-1-Input	/hpcfs/fhome/xujy/YY_DATA/metadata/cg1_CHIP_seq_data/2025-Jul/Cgl2527-1_S111_R1_001.fastq.gz	/hpcfs/fhome/xujy/YY_DATA/metadata/cg1_CHIP_seq_data/2025-Jul/Cgl2527-1_S111_R2_001.fastq.gz	/hpcfs/fhome/xujy/YY_DATA/metadata/cg1_CHIP_seq_data/2025-Jul/Cgl2527-1-Input_S159_R1_001.fastq.gz	/hpcfs/fhome/xujy/YY_DATA/metadata/cg1_CHIP_seq_data/2025-Jul/Cgl2527-1-Input_S159_R2_001.fastq.gz
Cgl2527-2	Cgl2527-2-Input	/hpcfs/fhome/xujy/YY_DATA/metadata/cg1_CHIP_seq_data/2025-Jul/Cgl2527-2_S112_R1_001.fastq.gz	/hpcfs/fhome/xujy/YY_DATA/metadata/cg1_CHIP_seq_data/2025-Jul/Cgl2527-2_S112_R2_001.fastq.gz	/hpcfs/fhome/xujy/YY_DATA/metadata/cg1_CHIP_seq_data/2025-Jul/Cgl2527-2-Input_S160_R1_001.fastq.gz	/hpcfs/fhome/xujy/YY_DATA/metadata/cg1_CHIP_seq_data/2025-Jul/Cgl2527-2-Input_S160_R2_001.fastq.gz
Cgl2528-1	Cgl2528-1-Input	/hpcfs/fhome/xujy/YY_DATA/metadata/cg1_CHIP_seq_data/2025-Jul/Cgl2528-1_S113_R1_001.fastq.gz	/hpcfs/fhome/xujy/YY_DATA/metadata/cg1_CHIP_seq_data/2025-Jul/Cgl2528-1_S113_R2_001.fastq.gz	/hpcfs/fhome/xujy/YY_DATA/metadata/cg1_CHIP_seq_data/2025-Jul/Cgl2528-1-Input_S161_R1_001.fastq.gz	/hpcfs/fhome/xujy/YY_DATA/metadata/cg1_CHIP_seq_data/2025-Jul/Cgl2528-1-Input_S161_R2_001.fastq.gz
Cgl2528-2	Cgl2528-2-Input	/hpcfs/fhome/xujy/YY_DATA/metadata/cg1_CHIP_seq_data/2025-Jul/Cgl2528-2_S114_R1_001.fastq.gz	/hpcfs/fhome/xujy/YY_DATA/metadata/cg1_CHIP_seq_data/2025-Jul/Cgl2528-2_S114_R2_001.fastq.gz	/hpcfs/fhome/xujy/YY_DATA/metadata/cg1_CHIP_seq_data/2025-Jul/Cgl2528-2-Input_S162_R1_001.fastq.gz	/hpcfs/fhome/xujy/YY_DATA/metadata/cg1_CHIP_seq_data/2025-Jul/Cgl2528-2-Input_S162_R2_001.fastq.gz
Cgl2560-1	Cgl2560-1-Input	/hpcfs/fhome/xujy/YY_DATA/metadata/cg1_CHIP_seq_data/2025-Nov/Cgl2560-1_S33_R1_001.fastq.gz	/hpcfs/fhome/xujy/YY_DATA/metadata/cg1_CHIP_seq_data/2025-Nov/Cgl2560-1_S33_R2_001.fastq.gz	/hpcfs/fhome/xujy/YY_DATA/metadata/cg1_CHIP_seq_data/2025-Nov/Cgl2560-1-Input_S81_R1_001.fastq.gz	/hpcfs/fhome/xujy/YY_DATA/metadata/cg1_CHIP_seq_data/2025-Nov/Cgl2560-1-Input_S81_R2_001.fastq.gz
Cgl2560-2	Cgl2560-2-Input	/hpcfs/fhome/xujy/YY_DATA/metadata/cg1_CHIP_seq_data/2025-Nov/Cgl2560-2_S34_R1_001.fastq.gz	/hpcfs/fhome/xujy/YY_DATA/metadata/cg1_CHIP_seq_data/2025-Nov/Cgl2560-2_S34_R2_001.fastq.gz	/hpcfs/fhome/xujy/YY_DATA/metadata/cg1_CHIP_seq_data/2025-Nov/Cgl2560-2-Input_S82_R1_001.fastq.gz	/hpcfs/fhome/xujy/YY_DATA/metadata/cg1_CHIP_seq_data/2025-Nov/Cgl2560-2-Input_S82_R2_001.fastq.gz
Cgl2571-1	Cgl2571-1-Input	/hpcfs/fhome/xujy/YY_DATA/metadata/cg1_CHIP_seq_data/2025-Jun/Cgl2571-1_S15_R1_001.fastq.gz	/hpcfs/fhome/xujy/YY_DATA/metadata/cg1_CHIP_seq_data/2025-Jun/Cgl2571-1_S15_R2_001.fastq.gz	/hpcfs/fhome/xujy/YY_DATA/metadata/cg1_CHIP_seq_data/2025-Jun/Cgl2571-1-Input_S63_R1_001.fastq.gz	/hpcfs/fhome/xujy/YY_DATA/metadata/cg1_CHIP_seq_data/2025-Jun/Cgl2571-1-Input_S63_R2_001.fastq.gz
Cgl2571-2	Cgl2571-2-Input	/hpcfs/fhome/xujy/YY_DATA/metadata/cg1_CHIP_seq_data/2025-Jun/Cgl2571-2_S16_R1_001.fastq.gz	/hpcfs/fhome/xujy/YY_DATA/metadata/cg1_CHIP_seq_data/2025-Jun/Cgl2571-2_S16_R2_001.fastq.gz	/hpcfs/fhome/xujy/YY_DATA/metadata/cg1_CHIP_seq_data/2025-Jun/Cgl2571-2-Input_S64_R1_001.fastq.gz	/hpcfs/fhome/xujy/YY_DATA/metadata/cg1_CHIP_seq_data/2025-Jun/Cgl2571-2-Input_S64_R2_001.fastq.gz
Cgl2607-1	Cgl2607-1-Input	/hpcfs/fhome/xujy/YY_DATA/metadata/cg1_CHIP_seq_data/2025-Jun/Cgl2607-1_S17_R1_001.fastq.gz	/hpcfs/fhome/xujy/YY_DATA/metadata/cg1_CHIP_seq_data/2025-Jun/Cgl2607-1_S17_R2_001.fastq.gz	/hpcfs/fhome/xujy/YY_DATA/metadata/cg1_CHIP_seq_data/2025-Jun/Cgl2607-1-Input_S65_R1_001.fastq.gz	/hpcfs/fhome/xujy/YY_DATA/metadata/cg1_CHIP_seq_data/2025-Jun/Cgl2607-1-Input_S65_R2_001.fastq.gz
Cgl2607-2	Cgl2607-2-Input	/hpcfs/fhome/xujy/YY_DATA/metadata/cg1_CHIP_seq_data/2025-Jun/Cgl2607-2_S18_R1_001.fastq.gz	/hpcfs/fhome/xujy/YY_DATA/metadata/cg1_CHIP_seq_data/2025-Jun/Cgl2607-2_S18_R2_001.fastq.gz	/hpcfs/fhome/xujy/YY_DATA/metadata/cg1_CHIP_seq_data/2025-Jun/Cgl2607-2-Input_S66_R1_001.fastq.gz	/hpcfs/fhome/xujy/YY_DATA/metadata/cg1_CHIP_seq_data/2025-Jun/Cgl2607-2-Input_S66_R2_001.fastq.gz
Cgl2608-1	Cgl2608-1-Input	/hpcfs/fhome/xujy/YY_DATA/metadata/cg1_CHIP_seq_data/2025-Jun/Cgl2608-1_S19_R1_001.fastq.gz	/hpcfs/fhome/xujy/YY_DATA/metadata/cg1_CHIP_seq_data/2025-Jun/Cgl2608-1_S19_R2_001.fastq.gz	/hpcfs/fhome/xujy/YY_DATA/metadata/cg1_CHIP_seq_data/2025-Jun/Cgl2608-1-Input_S67_R1_001.fastq.gz	/hpcfs/fhome/xujy/YY_DATA/metadata/cg1_CHIP_seq_data/2025-Jun/Cgl2608-1-Input_S67_R2_001.fastq.gz
Cgl2608-2	Cgl2608-2-Input	/hpcfs/fhome/xujy/YY_DATA/metadata/cg1_CHIP_seq_data/2025-Jun/Cgl2608-2_S20_R1_001.fastq.gz	/hpcfs/fhome/xujy/YY_DATA/metadata/cg1_CHIP_seq_data/2025-Jun/Cgl2608-2_S20_R2_001.fastq.gz	/hpcfs/fhome/xujy/YY_DATA/metadata/cg1_CHIP_seq_data/2025-Jun/Cgl2608-2-Input_S68_R1_001.fastq.gz	/hpcfs/fhome/xujy/YY_DATA/metadata/cg1_CHIP_seq_data/2025-Jun/Cgl2608-2-Input_S68_R2_001.fastq.gz
Cgl2612-1	Cgl2612-1-Input	/hpcfs/fhome/xujy/YY_DATA/metadata/cg1_CHIP_seq_data/2025-Jul/Cgl2612-1_S115_R1_001.fastq.gz	/hpcfs/fhome/xujy/YY_DATA/metadata/cg1_CHIP_seq_data/2025-Jul/Cgl2612-1_S115_R2_001.fastq.gz	/hpcfs/fhome/xujy/YY_DATA/metadata/cg1_CHIP_seq_data/2025-Jul/Cgl2612-1-Input_S163_R1_001.fastq.gz	/hpcfs/fhome/xujy/YY_DATA/metadata/cg1_CHIP_seq_data/2025-Jul/Cgl2612-1-Input_S163_R2_001.fastq.gz
Cgl2612-2	Cgl2612-2-Input	/hpcfs/fhome/xujy/YY_DATA/metadata/cg1_CHIP_seq_data/2025-Jul/Cgl2612-2_S116_R1_001.fastq.gz	/hpcfs/fhome/xujy/YY_DATA/metadata/cg1_CHIP_seq_data/2025-Jul/Cgl2612-2_S116_R2_001.fastq.gz	/hpcfs/fhome/xujy/YY_DATA/metadata/cg1_CHIP_seq_data/2025-Jul/Cgl2612-2-Input_S164_R1_001.fastq.gz	/hpcfs/fhome/xujy/YY_DATA/metadata/cg1_CHIP_seq_data/2025-Jul/Cgl2612-2-Input_S164_R2_001.fastq.gz
Cgl2616-1	Cgl2616-1-Input	/hpcfs/fhome/xujy/YY_DATA/metadata/cg1_CHIP_seq_data/2025-Jun/Cgl2616-1_S21_R1_001.fastq.gz	/hpcfs/fhome/xujy/YY_DATA/metadata/cg1_CHIP_seq_data/2025-Jun/Cgl2616-1_S21_R2_001.fastq.gz	/hpcfs/fhome/xujy/YY_DATA/metadata/cg1_CHIP_seq_data/2025-Jun/Cgl2616-1-Input_S69_R1_001.fastq.gz	/hpcfs/fhome/xujy/YY_DATA/metadata/cg1_CHIP_seq_data/2025-Jun/Cgl2616-1-Input_S69_R2_001.fastq.gz
Cgl2616-2	Cgl2616-2-Input	/hpcfs/fhome/xujy/YY_DATA/metadata/cg1_CHIP_seq_data/2025-Jun/Cgl2616-2_S22_R1_001.fastq.gz	/hpcfs/fhome/xujy/YY_DATA/metadata/cg1_CHIP_seq_data/2025-Jun/Cgl2616-2_S22_R2_001.fastq.gz	/hpcfs/fhome/xujy/YY_DATA/metadata/cg1_CHIP_seq_data/2025-Jun/Cgl2616-2-Input_S70_R1_001.fastq.gz	/hpcfs/fhome/xujy/YY_DATA/metadata/cg1_CHIP_seq_data/2025-Jun/Cgl2616-2-Input_S70_R2_001.fastq.gz
Cgl2621-1	Cgl2621-1-Input	/hpcfs/fhome/xujy/YY_DATA/metadata/cg1_CHIP_seq_data/2025-Nov/Cgl2621-1_S41_R1_001.fastq.gz	/hpcfs/fhome/xujy/YY_DATA/metadata/cg1_CHIP_seq_data/2025-Nov/Cgl2621-1_S41_R2_001.fastq.gz	/hpcfs/fhome/xujy/YY_DATA/metadata/cg1_CHIP_seq_data/2025-Nov/Cgl2621-1-Input_S89_R1_001.fastq.gz	/hpcfs/fhome/xujy/YY_DATA/metadata/cg1_CHIP_seq_data/2025-Nov/Cgl2621-1-Input_S89_R2_001.fastq.gz
Cgl2621-2	Cgl2621-2-Input	/hpcfs/fhome/xujy/YY_DATA/metadata/cg1_CHIP_seq_data/2025-Nov/Cgl2621-2_S42_R1_001.fastq.gz	/hpcfs/fhome/xujy/YY_DATA/metadata/cg1_CHIP_seq_data/2025-Nov/Cgl2621-2_S42_R2_001.fastq.gz	/hpcfs/fhome/xujy/YY_DATA/metadata/cg1_CHIP_seq_data/2025-Nov/Cgl2621-2-Input_S90_R1_001.fastq.gz	/hpcfs/fhome/xujy/YY_DATA/metadata/cg1_CHIP_seq_data/2025-Nov/Cgl2621-2-Input_S90_R2_001.fastq.gz
Cgl2627-1	Cgl2627-1-Input	/hpcfs/fhome/xujy/YY_DATA/metadata/cg1_CHIP_seq_data/2025-Jun/Cgl2627-1_S23_R1_001.fastq.gz	/hpcfs/fhome/xujy/YY_DATA/metadata/cg1_CHIP_seq_data/2025-Jun/Cgl2627-1_S23_R2_001.fastq.gz	/hpcfs/fhome/xujy/YY_DATA/metadata/cg1_CHIP_seq_data/2025-Jun/Cgl2627-1-Input_S71_R1_001.fastq.gz	/hpcfs/fhome/xujy/YY_DATA/metadata/cg1_CHIP_seq_data/2025-Jun/Cgl2627-1-Input_S71_R2_001.fastq.gz
Cgl2627-2	Cgl2627-2-Input	/hpcfs/fhome/xujy/YY_DATA/metadata/cg1_CHIP_seq_data/2025-Jun/Cgl2627-2_S24_R1_001.fastq.gz	/hpcfs/fhome/xujy/YY_DATA/metadata/cg1_CHIP_seq_data/2025-Jun/Cgl2627-2_S24_R2_001.fastq.gz	/hpcfs/fhome/xujy/YY_DATA/metadata/cg1_CHIP_seq_data/2025-Jun/Cgl2627-2-Input_S72_R1_001.fastq.gz	/hpcfs/fhome/xujy/YY_DATA/metadata/cg1_CHIP_seq_data/2025-Jun/Cgl2627-2-Input_S72_R2_001.fastq.gz
Cgl2639-1	Cgl2639-1-Input	/hpcfs/fhome/xujy/YY_DATA/metadata/cg1_CHIP_seq_data/2025-Nov/Cgl2639-1_S35_R1_001.fastq.gz	/hpcfs/fhome/xujy/YY_DATA/metadata/cg1_CHIP_seq_data/2025-Nov/Cgl2639-1_S35_R2_001.fastq.gz	/hpcfs/fhome/xujy/YY_DATA/metadata/cg1_CHIP_seq_data/2025-Nov/Cgl2639-1-Input_S83_R1_001.fastq.gz	/hpcfs/fhome/xujy/YY_DATA/metadata/cg1_CHIP_seq_data/2025-Nov/Cgl2639-1-Input_S83_R2_001.fastq.gz
Cgl2639-2	Cgl2639-2-Input	/hpcfs/fhome/xujy/YY_DATA/metadata/cg1_CHIP_seq_data/2025-Nov/Cgl2639-2_S36_R1_001.fastq.gz	/hpcfs/fhome/xujy/YY_DATA/metadata/cg1_CHIP_seq_data/2025-Nov/Cgl2639-2_S36_R2_001.fastq.gz	/hpcfs/fhome/xujy/YY_DATA/metadata/cg1_CHIP_seq_data/2025-Nov/Cgl2639-2-Input_S84_R1_001.fastq.gz	/hpcfs/fhome/xujy/YY_DATA/metadata/cg1_CHIP_seq_data/2025-Nov/Cgl2639-2-Input_S84_R2_001.fastq.gz
Cgl2647-1	Cgl2647-1-Input	/hpcfs/fhome/xujy/YY_DATA/metadata/cg1_CHIP_seq_data/2025-Jul/Cgl2647-1_S117_R1_001.fastq.gz	/hpcfs/fhome/xujy/YY_DATA/metadata/cg1_CHIP_seq_data/2025-Jul/Cgl2647-1_S117_R2_001.fastq.gz	/hpcfs/fhome/xujy/YY_DATA/metadata/cg1_CHIP_seq_data/2025-Jul/Cgl2647-1-Input_S165_R1_001.fastq.gz	/hpcfs/fhome/xujy/YY_DATA/metadata/cg1_CHIP_seq_data/2025-Jul/Cgl2647-1-Input_S165_R2_001.fastq.gz
Cgl2647-2	Cgl2647-2-Input	/hpcfs/fhome/xujy/YY_DATA/metadata/cg1_CHIP_seq_data/2025-Jul/Cgl2647-2_S118_R1_001.fastq.gz	/hpcfs/fhome/xujy/YY_DATA/metadata/cg1_CHIP_seq_data/2025-Jul/Cgl2647-2_S118_R2_001.fastq.gz	/hpcfs/fhome/xujy/YY_DATA/metadata/cg1_CHIP_seq_data/2025-Jul/Cgl2647-2-Input_S166_R1_001.fastq.gz	/hpcfs/fhome/xujy/YY_DATA/metadata/cg1_CHIP_seq_data/2025-Jul/Cgl2647-2-Input_S166_R2_001.fastq.gz
Cgl2651-1	Cgl2651-1-Input	/hpcfs/fhome/xujy/YY_DATA/metadata/cg1_CHIP_seq_data/2025-Jun/Cgl2651-1_S25_R1_001.fastq.gz	/hpcfs/fhome/xujy/YY_DATA/metadata/cg1_CHIP_seq_data/2025-Jun/Cgl2651-1_S25_R2_001.fastq.gz	/hpcfs/fhome/xujy/YY_DATA/metadata/cg1_CHIP_seq_data/2025-Jun/Cgl2651-1-Input_S73_R1_001.fastq.gz	/hpcfs/fhome/xujy/YY_DATA/metadata/cg1_CHIP_seq_data/2025-Jun/Cgl2651-1-Input_S73_R2_001.fastq.gz
Cgl2651-2	Cgl2651-2-Input	/hpcfs/fhome/xujy/YY_DATA/metadata/cg1_CHIP_seq_data/2025-Jun/Cgl2651-2_S26_R1_001.fastq.gz	/hpcfs/fhome/xujy/YY_DATA/metadata/cg1_CHIP_seq_data/2025-Jun/Cgl2651-2_S26_R2_001.fastq.gz	/hpcfs/fhome/xujy/YY_DATA/metadata/cg1_CHIP_seq_data/2025-Jun/Cgl2651-2-Input_S74_R1_001.fastq.gz	/hpcfs/fhome/xujy/YY_DATA/metadata/cg1_CHIP_seq_data/2025-Jun/Cgl2651-2-Input_S74_R2_001.fastq.gz
Cgl2657-1	Cgl2657-1-Input	/hpcfs/fhome/xujy/YY_DATA/metadata/cg1_CHIP_seq_data/2025-Jun/Cgl2657-1_S27_R1_001.fastq.gz	/hpcfs/fhome/xujy/YY_DATA/metadata/cg1_CHIP_seq_data/2025-Jun/Cgl2657-1_S27_R2_001.fastq.gz	/hpcfs/fhome/xujy/YY_DATA/metadata/cg1_CHIP_seq_data/2025-Jun/Cgl2657-1-Input_S75_R1_001.fastq.gz	/hpcfs/fhome/xujy/YY_DATA/metadata/cg1_CHIP_seq_data/2025-Jun/Cgl2657-1-Input_S75_R2_001.fastq.gz
Cgl2657-2	Cgl2657-2-Input	/hpcfs/fhome/xujy/YY_DATA/metadata/cg1_CHIP_seq_data/2025-Jun/Cgl2657-2_S28_R1_001.fastq.gz	/hpcfs/fhome/xujy/YY_DATA/metadata/cg1_CHIP_seq_data/2025-Jun/Cgl2657-2_S28_R2_001.fastq.gz	/hpcfs/fhome/xujy/YY_DATA/metadata/cg1_CHIP_seq_data/2025-Jun/Cgl2657-2-Input_S76_R1_001.fastq.gz	/hpcfs/fhome/xujy/YY_DATA/metadata/cg1_CHIP_seq_data/2025-Jun/Cgl2657-2-Input_S76_R2_001.fastq.gz
Cgl2661-1	Cgl2661-1-Input	/hpcfs/fhome/xujy/YY_DATA/metadata/cg1_CHIP_seq_data/2025-Jun/Cgl2661-1_S29_R1_001.fastq.gz	/hpcfs/fhome/xujy/YY_DATA/metadata/cg1_CHIP_seq_data/2025-Jun/Cgl2661-1_S29_R2_001.fastq.gz	/hpcfs/fhome/xujy/YY_DATA/metadata/cg1_CHIP_seq_data/2025-Jun/Cgl2661-1-Input_S77_R1_001.fastq.gz	/hpcfs/fhome/xujy/YY_DATA/metadata/cg1_CHIP_seq_data/2025-Jun/Cgl2661-1-Input_S77_R2_001.fastq.gz
Cgl2661-2	Cgl2661-2-Input	/hpcfs/fhome/xujy/YY_DATA/metadata/cg1_CHIP_seq_data/2025-Jun/Cgl2661-2_S30_R1_001.fastq.gz	/hpcfs/fhome/xujy/YY_DATA/metadata/cg1_CHIP_seq_data/2025-Jun/Cgl2661-2_S30_R2_001.fastq.gz	/hpcfs/fhome/xujy/YY_DATA/metadata/cg1_CHIP_seq_data/2025-Jun/Cgl2661-2-Input_S78_R1_001.fastq.gz	/hpcfs/fhome/xujy/YY_DATA/metadata/cg1_CHIP_seq_data/2025-Jun/Cgl2661-2-Input_S78_R2_001.fastq.gz
Cgl2662-1	Cgl2662-1-Input	/hpcfs/fhome/xujy/YY_DATA/metadata/cg1_CHIP_seq_data/2025-Jun/Cgl2662-1_S31_R1_001.fastq.gz	/hpcfs/fhome/xujy/YY_DATA/metadata/cg1_CHIP_seq_data/2025-Jun/Cgl2662-1_S31_R2_001.fastq.gz	/hpcfs/fhome/xujy/YY_DATA/metadata/cg1_CHIP_seq_data/2025-Jun/Cgl2662-1-Input_S79_R1_001.fastq.gz	/hpcfs/fhome/xujy/YY_DATA/metadata/cg1_CHIP_seq_data/2025-Jun/Cgl2662-1-Input_S79_R2_001.fastq.gz
Cgl2662-2	Cgl2662-2-Input	/hpcfs/fhome/xujy/YY_DATA/metadata/cg1_CHIP_seq_data/2025-Jun/Cgl2662-2_S32_R1_001.fastq.gz	/hpcfs/fhome/xujy/YY_DATA/metadata/cg1_CHIP_seq_data/2025-Jun/Cgl2662-2_S32_R2_001.fastq.gz	/hpcfs/fhome/xujy/YY_DATA/metadata/cg1_CHIP_seq_data/2025-Jun/Cgl2662-2-Input_S80_R1_001.fastq.gz	/hpcfs/fhome/xujy/YY_DATA/metadata/cg1_CHIP_seq_data/2025-Jun/Cgl2662-2-Input_S80_R2_001.fastq.gz
Cgl2676-1	Cgl2676-1-Input	/hpcfs/fhome/xujy/YY_DATA/metadata/cg1_CHIP_seq_data/2025-Jun/Cgl2676-1_S33_R1_001.fastq.gz	/hpcfs/fhome/xujy/YY_DATA/metadata/cg1_CHIP_seq_data/2025-Jun/Cgl2676-1_S33_R2_001.fastq.gz	/hpcfs/fhome/xujy/YY_DATA/metadata/cg1_CHIP_seq_data/2025-Jun/Cgl2676-1-Input_S81_R1_001.fastq.gz	/hpcfs/fhome/xujy/YY_DATA/metadata/cg1_CHIP_seq_data/2025-Jun/Cgl2676-1-Input_S81_R2_001.fastq.gz
Cgl2676-2	Cgl2676-2-Input	/hpcfs/fhome/xujy/YY_DATA/metadata/cg1_CHIP_seq_data/2025-Jun/Cgl2676-2_S34_R1_001.fastq.gz	/hpcfs/fhome/xujy/YY_DATA/metadata/cg1_CHIP_seq_data/2025-Jun/Cgl2676-2_S34_R2_001.fastq.gz	/hpcfs/fhome/xujy/YY_DATA/metadata/cg1_CHIP_seq_data/2025-Jun/Cgl2676-2-Input_S82_R1_001.fastq.gz	/hpcfs/fhome/xujy/YY_DATA/metadata/cg1_CHIP_seq_data/2025-Jun/Cgl2676-2-Input_S82_R2_001.fastq.gz
Cgl2677-1	Cgl2677-1-Input	/hpcfs/fhome/xujy/YY_DATA/metadata/cg1_CHIP_seq_data/2025-Jun/Cgl2677-1_S35_R1_001.fastq.gz	/hpcfs/fhome/xujy/YY_DATA/metadata/cg1_CHIP_seq_data/2025-Jun/Cgl2677-1_S35_R2_001.fastq.gz	/hpcfs/fhome/xujy/YY_DATA/metadata/cg1_CHIP_seq_data/2025-Jun/Cgl2677-1-Input_S83_R1_001.fastq.gz	/hpcfs/fhome/xujy/YY_DATA/metadata/cg1_CHIP_seq_data/2025-Jun/Cgl2677-1-Input_S83_R2_001.fastq.gz
Cgl2677-2	Cgl2677-2-Input	/hpcfs/fhome/xujy/YY_DATA/metadata/cg1_CHIP_seq_data/2025-Jun/Cgl2677-2_S36_R1_001.fastq.gz	/hpcfs/fhome/xujy/YY_DATA/metadata/cg1_CHIP_seq_data/2025-Jun/Cgl2677-2_S36_R2_001.fastq.gz	/hpcfs/fhome/xujy/YY_DATA/metadata/cg1_CHIP_seq_data/2025-Jun/Cgl2677-2-Input_S84_R1_001.fastq.gz	/hpcfs/fhome/xujy/YY_DATA/metadata/cg1_CHIP_seq_data/2025-Jun/Cgl2677-2-Input_S84_R2_001.fastq.gz
Cgl2678-1	Cgl2678-1-Input	/hpcfs/fhome/xujy/YY_DATA/metadata/cg1_CHIP_seq_data/2025-Jun/Cgl2678-1_S37_R1_001.fastq.gz	/hpcfs/fhome/xujy/YY_DATA/metadata/cg1_CHIP_seq_data/2025-Jun/Cgl2678-1_S37_R2_001.fastq.gz	/hpcfs/fhome/xujy/YY_DATA/metadata/cg1_CHIP_seq_data/2025-Jun/Cgl2678-1-Input_S85_R1_001.fastq.gz	/hpcfs/fhome/xujy/YY_DATA/metadata/cg1_CHIP_seq_data/2025-Jun/Cgl2678-1-Input_S85_R2_001.fastq.gz
Cgl2678-2	Cgl2678-2-Input	/hpcfs/fhome/xujy/YY_DATA/metadata/cg1_CHIP_seq_data/2025-Jun/Cgl2678-2_S38_R1_001.fastq.gz	/hpcfs/fhome/xujy/YY_DATA/metadata/cg1_CHIP_seq_data/2025-Jun/Cgl2678-2_S38_R2_001.fastq.gz	/hpcfs/fhome/xujy/YY_DATA/metadata/cg1_CHIP_seq_data/2025-Jun/Cgl2678-2-Input_S86_R1_001.fastq.gz	/hpcfs/fhome/xujy/YY_DATA/metadata/cg1_CHIP_seq_data/2025-Jun/Cgl2678-2-Input_S86_R2_001.fastq.gz
Cgl2680-1	Cgl2680-1-Input	/hpcfs/fhome/xujy/YY_DATA/metadata/cg1_CHIP_seq_data/2025-Jul/Cgl2680-1_S119_R1_001.fastq.gz	/hpcfs/fhome/xujy/YY_DATA/metadata/cg1_CHIP_seq_data/2025-Jul/Cgl2680-1_S119_R2_001.fastq.gz	/hpcfs/fhome/xujy/YY_DATA/metadata/cg1_CHIP_seq_data/2025-Jul/Cgl2680-1-Input_S167_R1_001.fastq.gz	/hpcfs/fhome/xujy/YY_DATA/metadata/cg1_CHIP_seq_data/2025-Jul/Cgl2680-1-Input_S167_R2_001.fastq.gz
Cgl2680-2	Cgl2680-2-Input	/hpcfs/fhome/xujy/YY_DATA/metadata/cg1_CHIP_seq_data/2025-Jul/Cgl2680-2_S120_R1_001.fastq.gz	/hpcfs/fhome/xujy/YY_DATA/metadata/cg1_CHIP_seq_data/2025-Jul/Cgl2680-2_S120_R2_001.fastq.gz	/hpcfs/fhome/xujy/YY_DATA/metadata/cg1_CHIP_seq_data/2025-Jul/Cgl2680-2-Input_S168_R1_001.fastq.gz	/hpcfs/fhome/xujy/YY_DATA/metadata/cg1_CHIP_seq_data/2025-Jul/Cgl2680-2-Input_S168_R2_001.fastq.gz
Cgl2711-1	Cgl2711-1-Input	/hpcfs/fhome/xujy/YY_DATA/metadata/cg1_CHIP_seq_data/2025-Jul/Cgl2711-1_S121_R1_001.fastq.gz	/hpcfs/fhome/xujy/YY_DATA/metadata/cg1_CHIP_seq_data/2025-Jul/Cgl2711-1_S121_R2_001.fastq.gz	/hpcfs/fhome/xujy/YY_DATA/metadata/cg1_CHIP_seq_data/2025-Jul/Cgl2711-1-Input_S169_R1_001.fastq.gz	/hpcfs/fhome/xujy/YY_DATA/metadata/cg1_CHIP_seq_data/2025-Jul/Cgl2711-1-Input_S169_R2_001.fastq.gz
Cgl2711-2	Cgl2711-2-Input	/hpcfs/fhome/xujy/YY_DATA/metadata/cg1_CHIP_seq_data/2025-Jul/Cgl2711-2_S122_R1_001.fastq.gz	/hpcfs/fhome/xujy/YY_DATA/metadata/cg1_CHIP_seq_data/2025-Jul/Cgl2711-2_S122_R2_001.fastq.gz	/hpcfs/fhome/xujy/YY_DATA/metadata/cg1_CHIP_seq_data/2025-Jul/Cgl2711-2-Input_S170_R1_001.fastq.gz	/hpcfs/fhome/xujy/YY_DATA/metadata/cg1_CHIP_seq_data/2025-Jul/Cgl2711-2-Input_S170_R2_001.fastq.gz
Cgl2764-1	Cgl2764-1-Input	/hpcfs/fhome/xujy/YY_DATA/metadata/cg1_CHIP_seq_data/2025-Jun/Cgl2764-1_S39_R1_001.fastq.gz	/hpcfs/fhome/xujy/YY_DATA/metadata/cg1_CHIP_seq_data/2025-Jun/Cgl2764-1_S39_R2_001.fastq.gz	/hpcfs/fhome/xujy/YY_DATA/metadata/cg1_CHIP_seq_data/2025-Jun/Cgl2764-1-Input_S87_R1_001.fastq.gz	/hpcfs/fhome/xujy/YY_DATA/metadata/cg1_CHIP_seq_data/2025-Jun/Cgl2764-1-Input_S87_R2_001.fastq.gz
Cgl2764-2	Cgl2764-2-Input	/hpcfs/fhome/xujy/YY_DATA/metadata/cg1_CHIP_seq_data/2025-Jun/Cgl2764-2_S40_R1_001.fastq.gz	/hpcfs/fhome/xujy/YY_DATA/metadata/cg1_CHIP_seq_data/2025-Jun/Cgl2764-2_S40_R2_001.fastq.gz	/hpcfs/fhome/xujy/YY_DATA/metadata/cg1_CHIP_seq_data/2025-Jun/Cgl2764-2-Input_S88_R1_001.fastq.gz	/hpcfs/fhome/xujy/YY_DATA/metadata/cg1_CHIP_seq_data/2025-Jun/Cgl2764-2-Input_S88_R2_001.fastq.gz
Cgl2776	Cgl2776-Input	/hpcfs/fhome/xujy/YY_DATA/metadata/cg1_CHIP_seq_data/2025-Nov/Cgl2776_S46_R1_001.fastq.gz	/hpcfs/fhome/xujy/YY_DATA/metadata/cg1_CHIP_seq_data/2025-Nov/Cgl2776_S46_R2_001.fastq.gz	/hpcfs/fhome/xujy/YY_DATA/metadata/cg1_CHIP_seq_data/2025-Nov/Cgl2776-Input_S18_R1_001.fastq.gz	/hpcfs/fhome/xujy/YY_DATA/metadata/cg1_CHIP_seq_data/2025-Nov/Cgl2776-Input_S18_R2_001.fastq.gz
Cgl2776-1	Cgl2776-1-Input	/hpcfs/fhome/xujy/YY_DATA/metadata/cg1_CHIP_seq_data/2025-Jul/Cgl2776-1_S123_R1_001.fastq.gz	/hpcfs/fhome/xujy/YY_DATA/metadata/cg1_CHIP_seq_data/2025-Jul/Cgl2776-1_S123_R2_001.fastq.gz	/hpcfs/fhome/xujy/YY_DATA/metadata/cg1_CHIP_seq_data/2025-Jul/Cgl2776-1-Input_S171_R1_001.fastq.gz	/hpcfs/fhome/xujy/YY_DATA/metadata/cg1_CHIP_seq_data/2025-Jul/Cgl2776-1-Input_S171_R2_001.fastq.gz
Cgl2776-2	Cgl2776-2-Input	/hpcfs/fhome/xujy/YY_DATA/metadata/cg1_CHIP_seq_data/2025-Jul/Cgl2776-2_S124_R1_001.fastq.gz	/hpcfs/fhome/xujy/YY_DATA/metadata/cg1_CHIP_seq_data/2025-Jul/Cgl2776-2_S124_R2_001.fastq.gz	/hpcfs/fhome/xujy/YY_DATA/metadata/cg1_CHIP_seq_data/2025-Jul/Cgl2776-2-Input_S172_R1_001.fastq.gz	/hpcfs/fhome/xujy/YY_DATA/metadata/cg1_CHIP_seq_data/2025-Jul/Cgl2776-2-Input_S172_R2_001.fastq.gz
Cgl2782	Cgl2782-Input	/hpcfs/fhome/xujy/YY_DATA/metadata/cg1_CHIP_seq_data/2025-Nov/Cgl2782_S47_R1_001.fastq.gz	/hpcfs/fhome/xujy/YY_DATA/metadata/cg1_CHIP_seq_data/2025-Nov/Cgl2782_S47_R2_001.fastq.gz	/hpcfs/fhome/xujy/YY_DATA/metadata/cg1_CHIP_seq_data/2025-Nov/Cgl2782-Input_S95_R1_001.fastq.gz	/hpcfs/fhome/xujy/YY_DATA/metadata/cg1_CHIP_seq_data/2025-Nov/Cgl2782-Input_S95_R2_001.fastq.gz
Cgl2782-1	Cgl2782-1-Input	/hpcfs/fhome/xujy/YY_DATA/metadata/cg1_CHIP_seq_data/2025-Jun/Cgl2782-1_S41_R1_001.fastq.gz	/hpcfs/fhome/xujy/YY_DATA/metadata/cg1_CHIP_seq_data/2025-Jun/Cgl2782-1_S41_R2_001.fastq.gz	/hpcfs/fhome/xujy/YY_DATA/metadata/cg1_CHIP_seq_data/2025-Jun/Cgl2782-1-Input_S89_R1_001.fastq.gz	/hpcfs/fhome/xujy/YY_DATA/metadata/cg1_CHIP_seq_data/2025-Jun/Cgl2782-1-Input_S89_R2_001.fastq.gz
Cgl2782-2	Cgl2782-2-Input	/hpcfs/fhome/xujy/YY_DATA/metadata/cg1_CHIP_seq_data/2025-Jun/Cgl2782-2_S42_R1_001.fastq.gz	/hpcfs/fhome/xujy/YY_DATA/metadata/cg1_CHIP_seq_data/2025-Jun/Cgl2782-2_S42_R2_001.fastq.gz	/hpcfs/fhome/xujy/YY_DATA/metadata/cg1_CHIP_seq_data/2025-Jun/Cgl2782-2-Input_S90_R1_001.fastq.gz	/hpcfs/fhome/xujy/YY_DATA/metadata/cg1_CHIP_seq_data/2025-Jun/Cgl2782-2-Input_S90_R2_001.fastq.gz
Cgl2787	Cgl2787-Input	/hpcfs/fhome/xujy/YY_DATA/metadata/cg1_CHIP_seq_data/2025-Nov/Cgl2787_S48_R1_001.fastq.gz	/hpcfs/fhome/xujy/YY_DATA/metadata/cg1_CHIP_seq_data/2025-Nov/Cgl2787_S48_R2_001.fastq.gz	/hpcfs/fhome/xujy/YY_DATA/metadata/cg1_CHIP_seq_data/2025-Nov/Cgl2787-Input_S96_R1_001.fastq.gz	/hpcfs/fhome/xujy/YY_DATA/metadata/cg1_CHIP_seq_data/2025-Nov/Cgl2787-Input_S96_R2_001.fastq.gz
Cgl2787-1	Cgl2787-1-Input	/hpcfs/fhome/xujy/YY_DATA/metadata/cg1_CHIP_seq_data/2025-Jun/Cgl2787-1_S43_R1_001.fastq.gz	/hpcfs/fhome/xujy/YY_DATA/metadata/cg1_CHIP_seq_data/2025-Jun/Cgl2787-1_S43_R2_001.fastq.gz	/hpcfs/fhome/xujy/YY_DATA/metadata/cg1_CHIP_seq_data/2025-Jun/Cgl2787-1-Input_S91_R1_001.fastq.gz	/hpcfs/fhome/xujy/YY_DATA/metadata/cg1_CHIP_seq_data/2025-Jun/Cgl2787-1-Input_S91_R2_001.fastq.gz
Cgl2787-2	Cgl2787-2-Input	/hpcfs/fhome/xujy/YY_DATA/metadata/cg1_CHIP_seq_data/2025-Jun/Cgl2787-2_S44_R1_001.fastq.gz	/hpcfs/fhome/xujy/YY_DATA/metadata/cg1_CHIP_seq_data/2025-Jun/Cgl2787-2_S44_R2_001.fastq.gz	/hpcfs/fhome/xujy/YY_DATA/metadata/cg1_CHIP_seq_data/2025-Jun/Cgl2787-2-Input_S92_R1_001.fastq.gz	/hpcfs/fhome/xujy/YY_DATA/metadata/cg1_CHIP_seq_data/2025-Jun/Cgl2787-2-Input_S92_R2_001.fastq.gz
Cgl2797-1	Cgl2797-1-Input	/hpcfs/fhome/xujy/YY_DATA/metadata/cg1_CHIP_seq_data/2025-Jul/Cgl2797-1_S125_R1_001.fastq.gz	/hpcfs/fhome/xujy/YY_DATA/metadata/cg1_CHIP_seq_data/2025-Jul/Cgl2797-1_S125_R2_001.fastq.gz	/hpcfs/fhome/xujy/YY_DATA/metadata/cg1_CHIP_seq_data/2025-Jul/Cgl2797-1-Input_S173_R1_001.fastq.gz	/hpcfs/fhome/xujy/YY_DATA/metadata/cg1_CHIP_seq_data/2025-Jul/Cgl2797-1-Input_S173_R2_001.fastq.gz
Cgl2797-2	Cgl2797-2-Input	/hpcfs/fhome/xujy/YY_DATA/metadata/cg1_CHIP_seq_data/2025-Jul/Cgl2797-2_S126_R1_001.fastq.gz	/hpcfs/fhome/xujy/YY_DATA/metadata/cg1_CHIP_seq_data/2025-Jul/Cgl2797-2_S126_R2_001.fastq.gz	/hpcfs/fhome/xujy/YY_DATA/metadata/cg1_CHIP_seq_data/2025-Jul/Cgl2797-2-Input_S174_R1_001.fastq.gz	/hpcfs/fhome/xujy/YY_DATA/metadata/cg1_CHIP_seq_data/2025-Jul/Cgl2797-2-Input_S174_R2_001.fastq.gz
Cgl2894-1	Cgl2894-1-Input	/hpcfs/fhome/xujy/YY_DATA/metadata/cg1_CHIP_seq_data/2025-Jun/Cgl2894-1_S97_R1_001.fastq.gz	/hpcfs/fhome/xujy/YY_DATA/metadata/cg1_CHIP_seq_data/2025-Jun/Cgl2894-1_S97_R2_001.fastq.gz	/hpcfs/fhome/xujy/YY_DATA/metadata/cg1_CHIP_seq_data/2025-Jun/Cgl2894-1-Input_S145_R1_001.fastq.gz	/hpcfs/fhome/xujy/YY_DATA/metadata/cg1_CHIP_seq_data/2025-Jun/Cgl2894-1-Input_S145_R2_001.fastq.gz
Cgl2894-2	Cgl2894-2-Input	/hpcfs/fhome/xujy/YY_DATA/metadata/cg1_CHIP_seq_data/2025-Jun/Cgl2894-2_S98_R1_001.fastq.gz	/hpcfs/fhome/xujy/YY_DATA/metadata/cg1_CHIP_seq_data/2025-Jun/Cgl2894-2_S98_R2_001.fastq.gz	/hpcfs/fhome/xujy/YY_DATA/metadata/cg1_CHIP_seq_data/2025-Jun/Cgl2894-2-Input_S146_R1_001.fastq.gz	/hpcfs/fhome/xujy/YY_DATA/metadata/cg1_CHIP_seq_data/2025-Jun/Cgl2894-2-Input_S146_R2_001.fastq.gz
Cgl2902-1	Cgl2902-1-Input	/hpcfs/fhome/xujy/YY_DATA/metadata/cg1_CHIP_seq_data/2025-Jun/Cgl2902-1_S99_R1_001.fastq.gz	/hpcfs/fhome/xujy/YY_DATA/metadata/cg1_CHIP_seq_data/2025-Jun/Cgl2902-1_S99_R2_001.fastq.gz	/hpcfs/fhome/xujy/YY_DATA/metadata/cg1_CHIP_seq_data/2025-Jun/Cgl2902-1-Input_S147_R1_001.fastq.gz	/hpcfs/fhome/xujy/YY_DATA/metadata/cg1_CHIP_seq_data/2025-Jun/Cgl2902-1-Input_S147_R2_001.fastq.gz
Cgl2902-2	Cgl2902-2-Input	/hpcfs/fhome/xujy/YY_DATA/metadata/cg1_CHIP_seq_data/2025-Jun/Cgl2902-2_S100_R1_001.fastq.gz	/hpcfs/fhome/xujy/YY_DATA/metadata/cg1_CHIP_seq_data/2025-Jun/Cgl2902-2_S100_R2_001.fastq.gz	/hpcfs/fhome/xujy/YY_DATA/metadata/cg1_CHIP_seq_data/2025-Jun/Cgl2902-2-Input_S148_R1_001.fastq.gz	/hpcfs/fhome/xujy/YY_DATA/metadata/cg1_CHIP_seq_data/2025-Jun/Cgl2902-2-Input_S148_R2_001.fastq.gz
Cgl2915-1	Cgl2915-1-Input	/hpcfs/fhome/xujy/YY_DATA/metadata/cg1_CHIP_seq_data/2025-Jun/Cgl2915-1_S101_R1_001.fastq.gz	/hpcfs/fhome/xujy/YY_DATA/metadata/cg1_CHIP_seq_data/2025-Jun/Cgl2915-1_S101_R2_001.fastq.gz	/hpcfs/fhome/xujy/YY_DATA/metadata/cg1_CHIP_seq_data/2025-Jun/Cgl2915-1-Input_S149_R1_001.fastq.gz	/hpcfs/fhome/xujy/YY_DATA/metadata/cg1_CHIP_seq_data/2025-Jun/Cgl2915-1-Input_S149_R2_001.fastq.gz
Cgl2915-2	Cgl2915-2-Input	/hpcfs/fhome/xujy/YY_DATA/metadata/cg1_CHIP_seq_data/2025-Jun/Cgl2915-2_S102_R1_001.fastq.gz	/hpcfs/fhome/xujy/YY_DATA/metadata/cg1_CHIP_seq_data/2025-Jun/Cgl2915-2_S102_R2_001.fastq.gz	/hpcfs/fhome/xujy/YY_DATA/metadata/cg1_CHIP_seq_data/2025-Jun/Cgl2915-2-Input_S150_R1_001.fastq.gz	/hpcfs/fhome/xujy/YY_DATA/metadata/cg1_CHIP_seq_data/2025-Jun/Cgl2915-2-Input_S150_R2_001.fastq.gz
Cgl2920-1	Cgl2920-1-Input	/hpcfs/fhome/xujy/YY_DATA/metadata/cg1_CHIP_seq_data/2025-Jul/Cgl2920-1_S127_R1_001.fastq.gz	/hpcfs/fhome/xujy/YY_DATA/metadata/cg1_CHIP_seq_data/2025-Jul/Cgl2920-1_S127_R2_001.fastq.gz	/hpcfs/fhome/xujy/YY_DATA/metadata/cg1_CHIP_seq_data/2025-Jul/Cgl2920-1-Input_S175_R1_001.fastq.gz	/hpcfs/fhome/xujy/YY_DATA/metadata/cg1_CHIP_seq_data/2025-Jul/Cgl2920-1-Input_S175_R2_001.fastq.gz
Cgl2920-2	Cgl2920-2-Input	/hpcfs/fhome/xujy/YY_DATA/metadata/cg1_CHIP_seq_data/2025-Jul/Cgl2920-2_S128_R1_001.fastq.gz	/hpcfs/fhome/xujy/YY_DATA/metadata/cg1_CHIP_seq_data/2025-Jul/Cgl2920-2_S128_R2_001.fastq.gz	/hpcfs/fhome/xujy/YY_DATA/metadata/cg1_CHIP_seq_data/2025-Jul/Cgl2920-2-Input_S176_R1_001.fastq.gz	/hpcfs/fhome/xujy/YY_DATA/metadata/cg1_CHIP_seq_data/2025-Jul/Cgl2920-2-Input_S176_R2_001.fastq.gz
Cgl2928-1	Cgl2928-1-Input	/hpcfs/fhome/xujy/YY_DATA/metadata/cg1_CHIP_seq_data/2025-Jun/Cgl2928-1_S103_R1_001.fastq.gz	/hpcfs/fhome/xujy/YY_DATA/metadata/cg1_CHIP_seq_data/2025-Jun/Cgl2928-1_S103_R2_001.fastq.gz	/hpcfs/fhome/xujy/YY_DATA/metadata/cg1_CHIP_seq_data/2025-Jun/Cgl2928-1-Input_S151_R1_001.fastq.gz	/hpcfs/fhome/xujy/YY_DATA/metadata/cg1_CHIP_seq_data/2025-Jun/Cgl2928-1-Input_S151_R2_001.fastq.gz
Cgl2928-2	Cgl2928-2-Input	/hpcfs/fhome/xujy/YY_DATA/metadata/cg1_CHIP_seq_data/2025-Jun/Cgl2928-2_S104_R1_001.fastq.gz	/hpcfs/fhome/xujy/YY_DATA/metadata/cg1_CHIP_seq_data/2025-Jun/Cgl2928-2_S104_R2_001.fastq.gz	/hpcfs/fhome/xujy/YY_DATA/metadata/cg1_CHIP_seq_data/2025-Jun/Cgl2928-2-Input_S152_R1_001.fastq.gz	/hpcfs/fhome/xujy/YY_DATA/metadata/cg1_CHIP_seq_data/2025-Jun/Cgl2928-2-Input_S152_R2_001.fastq.gz
Cgl2934-1	Cgl2934-1-Input	/hpcfs/fhome/xujy/YY_DATA/metadata/cg1_CHIP_seq_data/2025-Jun/Cgl2934-1_S105_R1_001.fastq.gz	/hpcfs/fhome/xujy/YY_DATA/metadata/cg1_CHIP_seq_data/2025-Jun/Cgl2934-1_S105_R2_001.fastq.gz	/hpcfs/fhome/xujy/YY_DATA/metadata/cg1_CHIP_seq_data/2025-Jun/Cgl2934-1-Input_S153_R1_001.fastq.gz	/hpcfs/fhome/xujy/YY_DATA/metadata/cg1_CHIP_seq_data/2025-Jun/Cgl2934-1-Input_S153_R2_001.fastq.gz
Cgl2934-2	Cgl2934-2-Input	/hpcfs/fhome/xujy/YY_DATA/metadata/cg1_CHIP_seq_data/2025-Jun/Cgl2934-2_S106_R1_001.fastq.gz	/hpcfs/fhome/xujy/YY_DATA/metadata/cg1_CHIP_seq_data/2025-Jun/Cgl2934-2_S106_R2_001.fastq.gz	/hpcfs/fhome/xujy/YY_DATA/metadata/cg1_CHIP_seq_data/2025-Jun/Cgl2934-2-Input_S154_R1_001.fastq.gz	/hpcfs/fhome/xujy/YY_DATA/metadata/cg1_CHIP_seq_data/2025-Jun/Cgl2934-2-Input_S154_R2_001.fastq.gz
Cgl2935-1	Cgl2935-1-Input	/hpcfs/fhome/xujy/YY_DATA/metadata/cg1_CHIP_seq_data/2025-Jun/Cgl2935-1_S107_R1_001.fastq.gz	/hpcfs/fhome/xujy/YY_DATA/metadata/cg1_CHIP_seq_data/2025-Jun/Cgl2935-1_S107_R2_001.fastq.gz	/hpcfs/fhome/xujy/YY_DATA/metadata/cg1_CHIP_seq_data/2025-Jun/Cgl2935-1-Input_S155_R1_001.fastq.gz	/hpcfs/fhome/xujy/YY_DATA/metadata/cg1_CHIP_seq_data/2025-Jun/Cgl2935-1-Input_S155_R2_001.fastq.gz
Cgl2935-2	Cgl2935-2-Input	/hpcfs/fhome/xujy/YY_DATA/metadata/cg1_CHIP_seq_data/2025-Jun/Cgl2935-2_S108_R1_001.fastq.gz	/hpcfs/fhome/xujy/YY_DATA/metadata/cg1_CHIP_seq_data/2025-Jun/Cgl2935-2_S108_R2_001.fastq.gz	/hpcfs/fhome/xujy/YY_DATA/metadata/cg1_CHIP_seq_data/2025-Jun/Cgl2935-2-Input_S156_R1_001.fastq.gz	/hpcfs/fhome/xujy/YY_DATA/metadata/cg1_CHIP_seq_data/2025-Jun/Cgl2935-2-Input_S156_R2_001.fastq.gz
Cgl2941-1	Cgl2941-1-Input	/hpcfs/fhome/xujy/YY_DATA/metadata/cg1_CHIP_seq_data/2025-Jun/Cgl2941-1_S109_R1_001.fastq.gz	/hpcfs/fhome/xujy/YY_DATA/metadata/cg1_CHIP_seq_data/2025-Jun/Cgl2941-1_S109_R2_001.fastq.gz	/hpcfs/fhome/xujy/YY_DATA/metadata/cg1_CHIP_seq_data/2025-Jun/Cgl2941-1-Input_S157_R1_001.fastq.gz	/hpcfs/fhome/xujy/YY_DATA/metadata/cg1_CHIP_seq_data/2025-Jun/Cgl2941-1-Input_S157_R2_001.fastq.gz
Cgl2941-2	Cgl2941-2-Input	/hpcfs/fhome/xujy/YY_DATA/metadata/cg1_CHIP_seq_data/2025-Jun/Cgl2941-2_S110_R1_001.fastq.gz	/hpcfs/fhome/xujy/YY_DATA/metadata/cg1_CHIP_seq_data/2025-Jun/Cgl2941-2_S110_R2_001.fastq.gz	/hpcfs/fhome/xujy/YY_DATA/metadata/cg1_CHIP_seq_data/2025-Jun/Cgl2941-2-Input_S158_R1_001.fastq.gz	/hpcfs/fhome/xujy/YY_DATA/metadata/cg1_CHIP_seq_data/2025-Jun/Cgl2941-2-Input_S158_R2_001.fastq.gz
Cgl2941-3	Cgl2941-3-Input	/hpcfs/fhome/xujy/YY_DATA/metadata/cg1_CHIP_seq_data/2025-Jun/Cgl2941-3_S139_R1_001.fastq.gz	/hpcfs/fhome/xujy/YY_DATA/metadata/cg1_CHIP_seq_data/2025-Jun/Cgl2941-3_S139_R2_001.fastq.gz	/hpcfs/fhome/xujy/YY_DATA/metadata/cg1_CHIP_seq_data/2025-Jun/Cgl2941-3-Input_S187_R1_001.fastq.gz	/hpcfs/fhome/xujy/YY_DATA/metadata/cg1_CHIP_seq_data/2025-Jun/Cgl2941-3-Input_S187_R2_001.fastq.gz
Cgl2941-4	Cgl2941-4-Input	/hpcfs/fhome/xujy/YY_DATA/metadata/cg1_CHIP_seq_data/2025-Jun/Cgl2941-4_S140_R1_001.fastq.gz	/hpcfs/fhome/xujy/YY_DATA/metadata/cg1_CHIP_seq_data/2025-Jun/Cgl2941-4_S140_R2_001.fastq.gz	/hpcfs/fhome/xujy/YY_DATA/metadata/cg1_CHIP_seq_data/2025-Jun/Cgl2941-4-Input_S188_R1_001.fastq.gz	/hpcfs/fhome/xujy/YY_DATA/metadata/cg1_CHIP_seq_data/2025-Jun/Cgl2941-4-Input_S188_R2_001.fastq.gz
Cgl2947-1	Cgl2947-1-Input	/hpcfs/fhome/xujy/YY_DATA/metadata/cg1_CHIP_seq_data/2025-Jun/Cgl2947-1_S111_R1_001.fastq.gz	/hpcfs/fhome/xujy/YY_DATA/metadata/cg1_CHIP_seq_data/2025-Jun/Cgl2947-1_S111_R2_001.fastq.gz	/hpcfs/fhome/xujy/YY_DATA/metadata/cg1_CHIP_seq_data/2025-Jun/Cgl2947-1-Input_S159_R1_001.fastq.gz	/hpcfs/fhome/xujy/YY_DATA/metadata/cg1_CHIP_seq_data/2025-Jun/Cgl2947-1-Input_S159_R2_001.fastq.gz
Cgl2947-2	Cgl2947-2-Input	/hpcfs/fhome/xujy/YY_DATA/metadata/cg1_CHIP_seq_data/2025-Jun/Cgl2947-2_S112_R1_001.fastq.gz	/hpcfs/fhome/xujy/YY_DATA/metadata/cg1_CHIP_seq_data/2025-Jun/Cgl2947-2_S112_R2_001.fastq.gz	/hpcfs/fhome/xujy/YY_DATA/metadata/cg1_CHIP_seq_data/2025-Jun/Cgl2947-2-Input_S160_R1_001.fastq.gz	/hpcfs/fhome/xujy/YY_DATA/metadata/cg1_CHIP_seq_data/2025-Jun/Cgl2947-2-Input_S160_R2_001.fastq.gz
Cgl2965-1	Cgl2965-1-Input	/hpcfs/fhome/xujy/YY_DATA/metadata/cg1_CHIP_seq_data/2025-Jun/Cgl2965-1_S113_R1_001.fastq.gz	/hpcfs/fhome/xujy/YY_DATA/metadata/cg1_CHIP_seq_data/2025-Jun/Cgl2965-1_S113_R2_001.fastq.gz	/hpcfs/fhome/xujy/YY_DATA/metadata/cg1_CHIP_seq_data/2025-Jun/Cgl2965-1-Input_S161_R1_001.fastq.gz	/hpcfs/fhome/xujy/YY_DATA/metadata/cg1_CHIP_seq_data/2025-Jun/Cgl2965-1-Input_S161_R2_001.fastq.gz
Cgl2965-2	Cgl2965-2-Input	/hpcfs/fhome/xujy/YY_DATA/metadata/cg1_CHIP_seq_data/2025-Jun/Cgl2965-2_S114_R1_001.fastq.gz	/hpcfs/fhome/xujy/YY_DATA/metadata/cg1_CHIP_seq_data/2025-Jun/Cgl2965-2_S114_R2_001.fastq.gz	/hpcfs/fhome/xujy/YY_DATA/metadata/cg1_CHIP_seq_data/2025-Jun/Cgl2965-2-Input_S162_R1_001.fastq.gz	/hpcfs/fhome/xujy/YY_DATA/metadata/cg1_CHIP_seq_data/2025-Jun/Cgl2965-2-Input_S162_R2_001.fastq.gz
Cgl2970-1	Cgl2970-1-Input	/hpcfs/fhome/xujy/YY_DATA/metadata/cg1_CHIP_seq_data/2025-Jun/Cgl2970-1_S115_R1_001.fastq.gz	/hpcfs/fhome/xujy/YY_DATA/metadata/cg1_CHIP_seq_data/2025-Jun/Cgl2970-1_S115_R2_001.fastq.gz	/hpcfs/fhome/xujy/YY_DATA/metadata/cg1_CHIP_seq_data/2025-Jun/Cgl2970-1-Input_S163_R1_001.fastq.gz	/hpcfs/fhome/xujy/YY_DATA/metadata/cg1_CHIP_seq_data/2025-Jun/Cgl2970-1-Input_S163_R2_001.fastq.gz
Cgl2970-2	Cgl2970-2-Input	/hpcfs/fhome/xujy/YY_DATA/metadata/cg1_CHIP_seq_data/2025-Jun/Cgl2970-2_S116_R1_001.fastq.gz	/hpcfs/fhome/xujy/YY_DATA/metadata/cg1_CHIP_seq_data/2025-Jun/Cgl2970-2_S116_R2_001.fastq.gz	/hpcfs/fhome/xujy/YY_DATA/metadata/cg1_CHIP_seq_data/2025-Jun/Cgl2970-2-Input_S164_R1_001.fastq.gz	/hpcfs/fhome/xujy/YY_DATA/metadata/cg1_CHIP_seq_data/2025-Jun/Cgl2970-2-Input_S164_R2_001.fastq.gz
Cgl2979-1	Cgl2979-1-Input	/hpcfs/fhome/xujy/YY_DATA/metadata/cg1_CHIP_seq_data/2025-Nov/Cgl2979-1_S37_R1_001.fastq.gz	/hpcfs/fhome/xujy/YY_DATA/metadata/cg1_CHIP_seq_data/2025-Nov/Cgl2979-1_S37_R2_001.fastq.gz	/hpcfs/fhome/xujy/YY_DATA/metadata/cg1_CHIP_seq_data/2025-Nov/Cgl2979-1-Input_S85_R1_001.fastq.gz	/hpcfs/fhome/xujy/YY_DATA/metadata/cg1_CHIP_seq_data/2025-Nov/Cgl2979-1-Input_S85_R2_001.fastq.gz
Cgl2979-2	Cgl2979-2-Input	/hpcfs/fhome/xujy/YY_DATA/metadata/cg1_CHIP_seq_data/2025-Nov/Cgl2979-2_S38_R1_001.fastq.gz	/hpcfs/fhome/xujy/YY_DATA/metadata/cg1_CHIP_seq_data/2025-Nov/Cgl2979-2_S38_R2_001.fastq.gz	/hpcfs/fhome/xujy/YY_DATA/metadata/cg1_CHIP_seq_data/2025-Nov/Cgl2979-2-Input_S86_R1_001.fastq.gz	/hpcfs/fhome/xujy/YY_DATA/metadata/cg1_CHIP_seq_data/2025-Nov/Cgl2979-2-Input_S86_R2_001.fastq.gz
Cgl2988-1	Cgl2988-1-Input	/hpcfs/fhome/xujy/YY_DATA/metadata/cg1_CHIP_seq_data/2025-Jun/Cgl2988-1_S117_R1_001.fastq.gz	/hpcfs/fhome/xujy/YY_DATA/metadata/cg1_CHIP_seq_data/2025-Jun/Cgl2988-1_S117_R2_001.fastq.gz	/hpcfs/fhome/xujy/YY_DATA/metadata/cg1_CHIP_seq_data/2025-Jun/Cgl2988-1-Input_S165_R1_001.fastq.gz	/hpcfs/fhome/xujy/YY_DATA/metadata/cg1_CHIP_seq_data/2025-Jun/Cgl2988-1-Input_S165_R2_001.fastq.gz
Cgl2988-2	Cgl2988-2-Input	/hpcfs/fhome/xujy/YY_DATA/metadata/cg1_CHIP_seq_data/2025-Jun/Cgl2988-2_S118_R1_001.fastq.gz	/hpcfs/fhome/xujy/YY_DATA/metadata/cg1_CHIP_seq_data/2025-Jun/Cgl2988-2_S118_R2_001.fastq.gz	/hpcfs/fhome/xujy/YY_DATA/metadata/cg1_CHIP_seq_data/2025-Jun/Cgl2988-2-Input_S166_R1_001.fastq.gz	/hpcfs/fhome/xujy/YY_DATA/metadata/cg1_CHIP_seq_data/2025-Jun/Cgl2988-2-Input_S166_R2_001.fastq.gz
Cgl3024-1	Cgl3024-1-Input	/hpcfs/fhome/xujy/YY_DATA/metadata/cg1_CHIP_seq_data/2025-Jun/Cgl3024-1_S119_R1_001.fastq.gz	/hpcfs/fhome/xujy/YY_DATA/metadata/cg1_CHIP_seq_data/2025-Jun/Cgl3024-1_S119_R2_001.fastq.gz	/hpcfs/fhome/xujy/YY_DATA/metadata/cg1_CHIP_seq_data/2025-Jun/Cgl3024-1-Input_S167_R1_001.fastq.gz	/hpcfs/fhome/xujy/YY_DATA/metadata/cg1_CHIP_seq_data/2025-Jun/Cgl3024-1-Input_S167_R2_001.fastq.gz
Cgl3024-2	Cgl3024-2-Input	/hpcfs/fhome/xujy/YY_DATA/metadata/cg1_CHIP_seq_data/2025-Jun/Cgl3024-2_S120_R1_001.fastq.gz	/hpcfs/fhome/xujy/YY_DATA/metadata/cg1_CHIP_seq_data/2025-Jun/Cgl3024-2_S120_R2_001.fastq.gz	/hpcfs/fhome/xujy/YY_DATA/metadata/cg1_CHIP_seq_data/2025-Jun/Cgl3024-2-Input_S168_R1_001.fastq.gz	/hpcfs/fhome/xujy/YY_DATA/metadata/cg1_CHIP_seq_data/2025-Jun/Cgl3024-2-Input_S168_R2_001.fastq.gz
Cgl3044-1	Cgl3044-1-Input	/hpcfs/fhome/xujy/YY_DATA/metadata/cg1_CHIP_seq_data/2025-Jun/Cgl3044-1_S121_R1_001.fastq.gz	/hpcfs/fhome/xujy/YY_DATA/metadata/cg1_CHIP_seq_data/2025-Jun/Cgl3044-1_S121_R2_001.fastq.gz	/hpcfs/fhome/xujy/YY_DATA/metadata/cg1_CHIP_seq_data/2025-Jun/Cgl3044-1-Input_S169_R1_001.fastq.gz	/hpcfs/fhome/xujy/YY_DATA/metadata/cg1_CHIP_seq_data/2025-Jun/Cgl3044-1-Input_S169_R2_001.fastq.gz
Cgl3044-2	Cgl3044-2-Input	/hpcfs/fhome/xujy/YY_DATA/metadata/cg1_CHIP_seq_data/2025-Jun/Cgl3044-2_S122_R1_001.fastq.gz	/hpcfs/fhome/xujy/YY_DATA/metadata/cg1_CHIP_seq_data/2025-Jun/Cgl3044-2_S122_R2_001.fastq.gz	/hpcfs/fhome/xujy/YY_DATA/metadata/cg1_CHIP_seq_data/2025-Jun/Cgl3044-2-Input_S170_R1_001.fastq.gz	/hpcfs/fhome/xujy/YY_DATA/metadata/cg1_CHIP_seq_data/2025-Jun/Cgl3044-2-Input_S170_R2_001.fastq.gz
Cgl3055-1	Cgl3055-1-Input	/hpcfs/fhome/xujy/YY_DATA/metadata/cg1_CHIP_seq_data/2025-Jun/Cgl3055-1_S123_R1_001.fastq.gz	/hpcfs/fhome/xujy/YY_DATA/metadata/cg1_CHIP_seq_data/2025-Jun/Cgl3055-1_S123_R2_001.fastq.gz	/hpcfs/fhome/xujy/YY_DATA/metadata/cg1_CHIP_seq_data/2025-Jun/Cgl3055-1-Input_S171_R1_001.fastq.gz	/hpcfs/fhome/xujy/YY_DATA/metadata/cg1_CHIP_seq_data/2025-Jun/Cgl3055-1-Input_S171_R2_001.fastq.gz
Cgl3055-2	Cgl3055-2-Input	/hpcfs/fhome/xujy/YY_DATA/metadata/cg1_CHIP_seq_data/2025-Jun/Cgl3055-2_S124_R1_001.fastq.gz	/hpcfs/fhome/xujy/YY_DATA/metadata/cg1_CHIP_seq_data/2025-Jun/Cgl3055-2_S124_R2_001.fastq.gz	/hpcfs/fhome/xujy/YY_DATA/metadata/cg1_CHIP_seq_data/2025-Jun/Cgl3055-2-Input_S172_R1_001.fastq.gz	/hpcfs/fhome/xujy/YY_DATA/metadata/cg1_CHIP_seq_data/2025-Jun/Cgl3055-2-Input_S172_R2_001.fastq.gz
Cgl3059-1	Cgl3059-1-Input	/hpcfs/fhome/xujy/YY_DATA/metadata/cg1_CHIP_seq_data/2025-Jun/Cgl3059-1_S125_R1_001.fastq.gz	/hpcfs/fhome/xujy/YY_DATA/metadata/cg1_CHIP_seq_data/2025-Jun/Cgl3059-1_S125_R2_001.fastq.gz	/hpcfs/fhome/xujy/YY_DATA/metadata/cg1_CHIP_seq_data/2025-Jun/Cgl3059-1-Input_S173_R1_001.fastq.gz	/hpcfs/fhome/xujy/YY_DATA/metadata/cg1_CHIP_seq_data/2025-Jun/Cgl3059-1-Input_S173_R2_001.fastq.gz
Cgl3059-2	Cgl3059-2-Input	/hpcfs/fhome/xujy/YY_DATA/metadata/cg1_CHIP_seq_data/2025-Jun/Cgl3059-2_S126_R1_001.fastq.gz	/hpcfs/fhome/xujy/YY_DATA/metadata/cg1_CHIP_seq_data/2025-Jun/Cgl3059-2_S126_R2_001.fastq.gz	/hpcfs/fhome/xujy/YY_DATA/metadata/cg1_CHIP_seq_data/2025-Jun/Cgl3059-2-Input_S174_R1_001.fastq.gz	/hpcfs/fhome/xujy/YY_DATA/metadata/cg1_CHIP_seq_data/2025-Jun/Cgl3059-2-Input_S174_R2_001.fastq.gz
Cgl3084-1	Cgl3084-1-Input	/hpcfs/fhome/xujy/YY_DATA/metadata/cg1_CHIP_seq_data/2025-Jun/Cgl3084-1_S127_R1_001.fastq.gz	/hpcfs/fhome/xujy/YY_DATA/metadata/cg1_CHIP_seq_data/2025-Jun/Cgl3084-1_S127_R2_001.fastq.gz	/hpcfs/fhome/xujy/YY_DATA/metadata/cg1_CHIP_seq_data/2025-Jun/Cgl3084-1-Input_S175_R1_001.fastq.gz	/hpcfs/fhome/xujy/YY_DATA/metadata/cg1_CHIP_seq_data/2025-Jun/Cgl3084-1-Input_S175_R2_001.fastq.gz
Cgl3084-2	Cgl3084-2-Input	/hpcfs/fhome/xujy/YY_DATA/metadata/cg1_CHIP_seq_data/2025-Jun/Cgl3084-2_S128_R1_001.fastq.gz	/hpcfs/fhome/xujy/YY_DATA/metadata/cg1_CHIP_seq_data/2025-Jun/Cgl3084-2_S128_R2_001.fastq.gz	/hpcfs/fhome/xujy/YY_DATA/metadata/cg1_CHIP_seq_data/2025-Jun/Cgl3084-2-Input_S176_R1_001.fastq.gz	/hpcfs/fhome/xujy/YY_DATA/metadata/cg1_CHIP_seq_data/2025-Jun/Cgl3084-2-Input_S176_R2_001.fastq.gz
Cgl3089-1	Cgl3089-1-Input	/hpcfs/fhome/xujy/YY_DATA/metadata/cg1_CHIP_seq_data/2025-Jun/Cgl3089-1_S129_R1_001.fastq.gz	/hpcfs/fhome/xujy/YY_DATA/metadata/cg1_CHIP_seq_data/2025-Jun/Cgl3089-1_S129_R2_001.fastq.gz	/hpcfs/fhome/xujy/YY_DATA/metadata/cg1_CHIP_seq_data/2025-Jun/Cgl3089-1-Input_S177_R1_001.fastq.gz	/hpcfs/fhome/xujy/YY_DATA/metadata/cg1_CHIP_seq_data/2025-Jun/Cgl3089-1-Input_S177_R2_001.fastq.gz
Cgl3089-2	Cgl3089-2-Input	/hpcfs/fhome/xujy/YY_DATA/metadata/cg1_CHIP_seq_data/2025-Jun/Cgl3089-2_S130_R1_001.fastq.gz	/hpcfs/fhome/xujy/YY_DATA/metadata/cg1_CHIP_seq_data/2025-Jun/Cgl3089-2_S130_R2_001.fastq.gz	/hpcfs/fhome/xujy/YY_DATA/metadata/cg1_CHIP_seq_data/2025-Jun/Cgl3089-2-Input_S178_R1_001.fastq.gz	/hpcfs/fhome/xujy/YY_DATA/metadata/cg1_CHIP_seq_data/2025-Jun/Cgl3089-2-Input_S178_R2_001.fastq.gz
Cgl3094-1	Cgl3094-1-Input	/hpcfs/fhome/xujy/YY_DATA/metadata/cg1_CHIP_seq_data/2025-Jul/Cgl3094-1_S129_R1_001.fastq.gz	/hpcfs/fhome/xujy/YY_DATA/metadata/cg1_CHIP_seq_data/2025-Jul/Cgl3094-1_S129_R2_001.fastq.gz	/hpcfs/fhome/xujy/YY_DATA/metadata/cg1_CHIP_seq_data/2025-Jul/Cgl3094-1-Input_S177_R1_001.fastq.gz	/hpcfs/fhome/xujy/YY_DATA/metadata/cg1_CHIP_seq_data/2025-Jul/Cgl3094-1-Input_S177_R2_001.fastq.gz
Cgl3094-2	Cgl3094-2-Input	/hpcfs/fhome/xujy/YY_DATA/metadata/cg1_CHIP_seq_data/2025-Jul/Cgl3094-2_S130_R1_001.fastq.gz	/hpcfs/fhome/xujy/YY_DATA/metadata/cg1_CHIP_seq_data/2025-Jul/Cgl3094-2_S130_R2_001.fastq.gz	/hpcfs/fhome/xujy/YY_DATA/metadata/cg1_CHIP_seq_data/2025-Jul/Cgl3094-2-Input_S178_R1_001.fastq.gz	/hpcfs/fhome/xujy/YY_DATA/metadata/cg1_CHIP_seq_data/2025-Jul/Cgl3094-2-Input_S178_R2_001.fastq.gz
Cgl420-1-i7	Cgl420-1-i7-Input	/hpcfs/fhome/xujy/YY_DATA/metadata/cg1_CHIP_seq_data/2025-May/Cgl420-1-i7_S41_R1_001.fastq.gz	/hpcfs/fhome/xujy/YY_DATA/metadata/cg1_CHIP_seq_data/2025-May/Cgl420-1-i7_S41_R2_001.fastq.gz	/hpcfs/fhome/xujy/YY_DATA/metadata/cg1_CHIP_seq_data/2025-May/Cgl420-1-i7-Input_S85_R1_001.fastq.gz	/hpcfs/fhome/xujy/YY_DATA/metadata/cg1_CHIP_seq_data/2025-May/Cgl420-1-i7-Input_S85_R2_001.fastq.gz
Cgl420-2-i7	Cgl420-2-i7-Input	/hpcfs/fhome/xujy/YY_DATA/metadata/cg1_CHIP_seq_data/2025-May/Cgl420-2-i7_S42_R1_001.fastq.gz	/hpcfs/fhome/xujy/YY_DATA/metadata/cg1_CHIP_seq_data/2025-May/Cgl420-2-i7_S42_R2_001.fastq.gz	/hpcfs/fhome/xujy/YY_DATA/metadata/cg1_CHIP_seq_data/2025-May/Cgl420-2-i7-Input_S86_R1_001.fastq.gz	/hpcfs/fhome/xujy/YY_DATA/metadata/cg1_CHIP_seq_data/2025-May/Cgl420-2-i7-Input_S86_R2_001.fastq.gz
Cgl9768-2-i7	Cgl9768-2-i7-Input	/hpcfs/fhome/xujy/YY_DATA/metadata/cg1_CHIP_seq_data/2025-May/Cgl9768-2-i7_S32_R1_001.fastq.gz	/hpcfs/fhome/xujy/YY_DATA/metadata/cg1_CHIP_seq_data/2025-May/Cgl9768-2-i7_S32_R2_001.fastq.gz	/hpcfs/fhome/xujy/YY_DATA/metadata/cg1_CHIP_seq_data/2025-May/Cgl9768-2-i7-Input_S80_R1_001.fastq.gz	/hpcfs/fhome/xujy/YY_DATA/metadata/cg1_CHIP_seq_data/2025-May/Cgl9768-2-i7-Input_S80_R2_001.fastq.gz
FurH-1-i7	FurH-1-i7-Input	/hpcfs/fhome/xujy/YY_DATA/metadata/cg1_CHIP_seq_data/2025-May/FurH-1-i7_S45_R1_001.fastq.gz	/hpcfs/fhome/xujy/YY_DATA/metadata/cg1_CHIP_seq_data/2025-May/FurH-1-i7_S43_R2_001.fastq.gz	/hpcfs/fhome/xujy/YY_DATA/metadata/cg1_CHIP_seq_data/2025-May/FurH-1-i7-Input_S93_R1_001.fastq.gz	/hpcfs/fhome/xujy/YY_DATA/metadata/cg1_CHIP_seq_data/2025-May/FurH-1-i7-Input_S87_R2_001.fastq.gz
FurH-1-plate3	FurH-1-Input-plate3	/hpcfs/fhome/xujy/YY_DATA/metadata/cg1_CHIP_seq_data/2025-Jun/FurH-1-plate3_S45_R1_001.fastq.gz	/hpcfs/fhome/xujy/YY_DATA/metadata/cg1_CHIP_seq_data/2025-Jun/FurH-1-plate3_S45_R2_001.fastq.gz	/hpcfs/fhome/xujy/YY_DATA/metadata/cg1_CHIP_seq_data/2025-Jun/FurH-1-Input-plate3_S93_R1_001.fastq.gz	/hpcfs/fhome/xujy/YY_DATA/metadata/cg1_CHIP_seq_data/2025-Jun/FurH-1-Input-plate3_S93_R2_001.fastq.gz
FurH-1-plate4	FurH-1-Input-plate4	/hpcfs/fhome/xujy/YY_DATA/metadata/cg1_CHIP_seq_data/2025-Jun/FurH-1-plate4_S141_R1_001.fastq.gz	/hpcfs/fhome/xujy/YY_DATA/metadata/cg1_CHIP_seq_data/2025-Jun/FurH-1-plate4_S141_R2_001.fastq.gz	/hpcfs/fhome/xujy/YY_DATA/metadata/cg1_CHIP_seq_data/2025-Jun/FurH-1-Input-plate4_S189_R1_001.fastq.gz	/hpcfs/fhome/xujy/YY_DATA/metadata/cg1_CHIP_seq_data/2025-Jun/FurH-1-Input-plate4_S189_R2_001.fastq.gz
FurH-2-i7	FurH-2-i7-Input	/hpcfs/fhome/xujy/YY_DATA/metadata/cg1_CHIP_seq_data/2025-May/FurH-2-i7_S44_R1_001.fastq.gz	/hpcfs/fhome/xujy/YY_DATA/metadata/cg1_CHIP_seq_data/2025-May/FurH-2-i7_S44_R2_001.fastq.gz	/hpcfs/fhome/xujy/YY_DATA/metadata/cg1_CHIP_seq_data/2025-May/FurH-2-i7-Input_S88_R1_001.fastq.gz	/hpcfs/fhome/xujy/YY_DATA/metadata/cg1_CHIP_seq_data/2025-May/FurH-2-i7-Input_S88_R2_001.fastq.gz
FurH-2-plate3	FurH-2-Input-plate3	/hpcfs/fhome/xujy/YY_DATA/metadata/cg1_CHIP_seq_data/2025-Jun/FurH-2-plate3_S46_R1_001.fastq.gz	/hpcfs/fhome/xujy/YY_DATA/metadata/cg1_CHIP_seq_data/2025-Jun/FurH-2-plate3_S46_R2_001.fastq.gz	/hpcfs/fhome/xujy/YY_DATA/metadata/cg1_CHIP_seq_data/2025-Jun/FurH-2-Input-plate3_S94_R1_001.fastq.gz	/hpcfs/fhome/xujy/YY_DATA/metadata/cg1_CHIP_seq_data/2025-Jun/FurH-2-Input-plate3_S94_R2_001.fastq.gz
FurH-2-plate4	FurH-2-Input-plate4	/hpcfs/fhome/xujy/YY_DATA/metadata/cg1_CHIP_seq_data/2025-Jun/FurH-2-plate4_S142_R1_001.fastq.gz	/hpcfs/fhome/xujy/YY_DATA/metadata/cg1_CHIP_seq_data/2025-Jun/FurH-2-plate4_S142_R2_001.fastq.gz	/hpcfs/fhome/xujy/YY_DATA/metadata/cg1_CHIP_seq_data/2025-Jun/FurH-2-Input-plate4_S190_R1_001.fastq.gz	/hpcfs/fhome/xujy/YY_DATA/metadata/cg1_CHIP_seq_data/2025-Jun/FurH-2-Input-plate4_S190_R2_001.fastq.gz
FurHpl5-1	FurHpl5-1-Input	/hpcfs/fhome/xujy/YY_DATA/metadata/cg1_CHIP_seq_data/2025-Jul/FurHpl5-1_S45_R1_001.fastq.gz	/hpcfs/fhome/xujy/YY_DATA/metadata/cg1_CHIP_seq_data/2025-Jul/FurHpl5-1_S45_R2_001.fastq.gz	/hpcfs/fhome/xujy/YY_DATA/metadata/cg1_CHIP_seq_data/2025-Jul/FurHpl5-1-Input_S93_R1_001.fastq.gz	/hpcfs/fhome/xujy/YY_DATA/metadata/cg1_CHIP_seq_data/2025-Jul/FurHpl5-1-Input_S93_R2_001.fastq.gz
FurHpl5-2	FurHpl5-2-Input	/hpcfs/fhome/xujy/YY_DATA/metadata/cg1_CHIP_seq_data/2025-Jul/FurHpl5-2_S46_R1_001.fastq.gz	/hpcfs/fhome/xujy/YY_DATA/metadata/cg1_CHIP_seq_data/2025-Jul/FurHpl5-2_S46_R2_001.fastq.gz	/hpcfs/fhome/xujy/YY_DATA/metadata/cg1_CHIP_seq_data/2025-Jul/FurHpl5-2-Input_S94_R1_001.fastq.gz	/hpcfs/fhome/xujy/YY_DATA/metadata/cg1_CHIP_seq_data/2025-Jul/FurHpl5-2-Input_S94_R2_001.fastq.gz
FurHpl6-1	FurHpl6-1-Input	/hpcfs/fhome/xujy/YY_DATA/metadata/cg1_CHIP_seq_data/2025-Jul/FurHpl6-1_S141_R1_001.fastq.gz	/hpcfs/fhome/xujy/YY_DATA/metadata/cg1_CHIP_seq_data/2025-Jul/FurHpl6-1_S141_R2_001.fastq.gz	/hpcfs/fhome/xujy/YY_DATA/metadata/cg1_CHIP_seq_data/2025-Jul/FurHpl6-1-Input_S189_R1_001.fastq.gz	/hpcfs/fhome/xujy/YY_DATA/metadata/cg1_CHIP_seq_data/2025-Jul/FurHpl6-1-Input_S189_R2_001.fastq.gz
FurHpl6-2	FurHpl6-2-Input	/hpcfs/fhome/xujy/YY_DATA/metadata/cg1_CHIP_seq_data/2025-Jul/FurHpl6-2_S142_R1_001.fastq.gz	/hpcfs/fhome/xujy/YY_DATA/metadata/cg1_CHIP_seq_data/2025-Jul/FurHpl6-2_S142_R2_001.fastq.gz	/hpcfs/fhome/xujy/YY_DATA/metadata/cg1_CHIP_seq_data/2025-Jul/FurHpl6-2-Input_S190_R1_001.fastq.gz	/hpcfs/fhome/xujy/YY_DATA/metadata/cg1_CHIP_seq_data/2025-Jul/FurHpl6-2-Input_S190_R2_001.fastq.gz
FurHpl7-1	FurHpl7-1-Input	/hpcfs/fhome/xujy/YY_DATA/metadata/cg1_CHIP_seq_data/2025-Jul/FurHpl7-1_S45_R1_001.fastq.gz	/hpcfs/fhome/xujy/YY_DATA/metadata/cg1_CHIP_seq_data/2025-Jul/FurHpl7-1_S45_R2_001.fastq.gz	/hpcfs/fhome/xujy/YY_DATA/metadata/cg1_CHIP_seq_data/2025-Jul/FurHpl7-1-Input_S93_R1_001.fastq.gz	/hpcfs/fhome/xujy/YY_DATA/metadata/cg1_CHIP_seq_data/2025-Jul/FurHpl7-1-Input_S93_R2_001.fastq.gz
FurHpl7-2	FurHpl7-2-Input	/hpcfs/fhome/xujy/YY_DATA/metadata/cg1_CHIP_seq_data/2025-Jul/FurHpl7-2_S46_R1_001.fastq.gz	/hpcfs/fhome/xujy/YY_DATA/metadata/cg1_CHIP_seq_data/2025-Jul/FurHpl7-2_S46_R2_001.fastq.gz	/hpcfs/fhome/xujy/YY_DATA/metadata/cg1_CHIP_seq_data/2025-Jul/FurHpl7-2-Input_S94_R1_001.fastq.gz	/hpcfs/fhome/xujy/YY_DATA/metadata/cg1_CHIP_seq_data/2025-Jul/FurHpl7-2-Input_S94_R2_001.fastq.gz
FurHpl8-1	FurHpl8-1-Input	/hpcfs/fhome/xujy/YY_DATA/metadata/cg1_CHIP_seq_data/2025-Jul/FurHpl8-1_S141_R1_001.fastq.gz	/hpcfs/fhome/xujy/YY_DATA/metadata/cg1_CHIP_seq_data/2025-Jul/FurHpl8-1_S141_R2_001.fastq.gz	/hpcfs/fhome/xujy/YY_DATA/metadata/cg1_CHIP_seq_data/2025-Jul/FurHpl8-1-Input_S189_R1_001.fastq.gz	/hpcfs/fhome/xujy/YY_DATA/metadata/cg1_CHIP_seq_data/2025-Jul/FurHpl8-1-Input_S189_R2_001.fastq.gz
FurHpl8-2	FurHpl8-2-Input	/hpcfs/fhome/xujy/YY_DATA/metadata/cg1_CHIP_seq_data/2025-Jul/FurHpl8-2_S142_R1_001.fastq.gz	/hpcfs/fhome/xujy/YY_DATA/metadata/cg1_CHIP_seq_data/2025-Jul/FurHpl8-2_S142_R2_001.fastq.gz	/hpcfs/fhome/xujy/YY_DATA/metadata/cg1_CHIP_seq_data/2025-Jul/FurHpl8-2-Input_S190_R1_001.fastq.gz	/hpcfs/fhome/xujy/YY_DATA/metadata/cg1_CHIP_seq_data/2025-Jul/FurHpl8-2-Input_S190_R2_001.fastq.gz
Furpl10-1	Furpl10-1-Input	/hpcfs/fhome/xujy/YY_DATA/metadata/cg1_CHIP_seq_data/2025-Nov/Furpl10-1_S47_R1_001.fastq.gz	/hpcfs/fhome/xujy/YY_DATA/metadata/cg1_CHIP_seq_data/2025-Nov/Furpl10-1_S47_R2_001.fastq.gz	/hpcfs/fhome/xujy/YY_DATA/metadata/cg1_CHIP_seq_data/2025-Nov/Furpl10-1-Input_S95_R1_001.fastq.gz	/hpcfs/fhome/xujy/YY_DATA/metadata/cg1_CHIP_seq_data/2025-Nov/Furpl10-1-Input_S95_R2_001.fastq.gz
Furpl10-2	Furpl10-2-Input	/hpcfs/fhome/xujy/YY_DATA/metadata/cg1_CHIP_seq_data/2025-Nov/Furpl10-2_S48_R1_001.fastq.gz	/hpcfs/fhome/xujy/YY_DATA/metadata/cg1_CHIP_seq_data/2025-Nov/Furpl10-2_S48_R2_001.fastq.gz	/hpcfs/fhome/xujy/YY_DATA/metadata/cg1_CHIP_seq_data/2025-Nov/Furpl10-2-Input_S96_R1_001.fastq.gz	/hpcfs/fhome/xujy/YY_DATA/metadata/cg1_CHIP_seq_data/2025-Nov/Furpl10-2-Input_S96_R2_001.fastq.gz
ccg1272-1	ccg1272-1-Input	/hpcfs/fhome/xujy/YY_DATA/metadata/cg1_CHIP_seq_data/2025-Jul/ccg1272-1_S139_R1_001.fastq.gz	/hpcfs/fhome/xujy/YY_DATA/metadata/cg1_CHIP_seq_data/2025-Jul/ccg1272-1_S139_R2_001.fastq.gz	/hpcfs/fhome/xujy/YY_DATA/metadata/cg1_CHIP_seq_data/2025-Jul/ccg1272-1-Input_S187_R1_001.fastq.gz	/hpcfs/fhome/xujy/YY_DATA/metadata/cg1_CHIP_seq_data/2025-Jul/ccg1272-1-Input_S187_R2_001.fastq.gz
ccg1272-2	ccg1272-2-Input	/hpcfs/fhome/xujy/YY_DATA/metadata/cg1_CHIP_seq_data/2025-Jul/ccg1272-2_S140_R1_001.fastq.gz	/hpcfs/fhome/xujy/YY_DATA/metadata/cg1_CHIP_seq_data/2025-Jul/ccg1272-2_S140_R2_001.fastq.gz	/hpcfs/fhome/xujy/YY_DATA/metadata/cg1_CHIP_seq_data/2025-Jul/ccg1272-2-Input_S188_R1_001.fastq.gz	/hpcfs/fhome/xujy/YY_DATA/metadata/cg1_CHIP_seq_data/2025-Jul/ccg1272-2-Input_S188_R2_001.fastq.gz
ccg1704-1	ccg1704-1-Input	/hpcfs/fhome/xujy/YY_DATA/metadata/cg1_CHIP_seq_data/2025-Jul/ccg1704-1_S27_R1_001.fastq.gz	/hpcfs/fhome/xujy/YY_DATA/metadata/cg1_CHIP_seq_data/2025-Jul/ccg1704-1_S27_R2_001.fastq.gz	/hpcfs/fhome/xujy/YY_DATA/metadata/cg1_CHIP_seq_data/2025-Jul/ccg1704-1-Input_S75_R1_001.fastq.gz	/hpcfs/fhome/xujy/YY_DATA/metadata/cg1_CHIP_seq_data/2025-Jul/ccg1704-1-Input_S75_R2_001.fastq.gz
ccg1704-2	ccg1704-2-Input	/hpcfs/fhome/xujy/YY_DATA/metadata/cg1_CHIP_seq_data/2025-Jul/ccg1704-2_S28_R1_001.fastq.gz	/hpcfs/fhome/xujy/YY_DATA/metadata/cg1_CHIP_seq_data/2025-Jul/ccg1704-2_S28_R2_001.fastq.gz	/hpcfs/fhome/xujy/YY_DATA/metadata/cg1_CHIP_seq_data/2025-Jul/ccg1704-2-Input_S76_R1_001.fastq.gz	/hpcfs/fhome/xujy/YY_DATA/metadata/cg1_CHIP_seq_data/2025-Jul/ccg1704-2-Input_S76_R2_001.fastq.gz
cg1068-1	cg1068-1-Input	/hpcfs/fhome/xujy/YY_DATA/metadata/cg1_CHIP_seq_data/2025-Jun/cg1068-1_S135_R1_001.fastq.gz	/hpcfs/fhome/xujy/YY_DATA/metadata/cg1_CHIP_seq_data/2025-Jun/cg1068-1_S135_R2_001.fastq.gz	/hpcfs/fhome/xujy/YY_DATA/metadata/cg1_CHIP_seq_data/2025-Jun/cg1068-1-Input_S183_R1_001.fastq.gz	/hpcfs/fhome/xujy/YY_DATA/metadata/cg1_CHIP_seq_data/2025-Jun/cg1068-1-Input_S183_R2_001.fastq.gz
cg1068-2	cg1068-2-Input	/hpcfs/fhome/xujy/YY_DATA/metadata/cg1_CHIP_seq_data/2025-Jun/cg1068-2_S136_R1_001.fastq.gz	/hpcfs/fhome/xujy/YY_DATA/metadata/cg1_CHIP_seq_data/2025-Jun/cg1068-2_S136_R2_001.fastq.gz	/hpcfs/fhome/xujy/YY_DATA/metadata/cg1_CHIP_seq_data/2025-Jun/cg1068-2-Input_S184_R1_001.fastq.gz	/hpcfs/fhome/xujy/YY_DATA/metadata/cg1_CHIP_seq_data/2025-Jun/cg1068-2-Input_S184_R2_001.fastq.gz
